ISO-10303-21;
HEADER;
/* Generated by software containing ST-Developer
 * from STEP Tools, Inc. (www.steptools.com) 
 */

FILE_DESCRIPTION(
/* description */ (''),
/* implementation_level */ '2;1');

FILE_NAME(
/* name */ 'dc jack with legs.step',
/* time_stamp */ '2026-06-11T21:38:53+05:30',
/* author */ (''),
/* organization */ (''),
/* preprocessor_version */ 'ST-DEVELOPER v20.1',
/* originating_system */ 'Autodesk Translation Framework v15.8.0.0',
/* authorisation */ '');

FILE_SCHEMA (('AUTOMOTIVE_DESIGN { 1 0 10303 214 3 1 1 }'));
ENDSEC;

DATA;
#10=MECHANICAL_DESIGN_GEOMETRIC_PRESENTATION_REPRESENTATION('',(#31,#32,
#33,#34,#35,#36,#37,#38,#39,#40),#2362);
#11=SHAPE_REPRESENTATION_RELATIONSHIP('SRR','None',#2369,#12);
#12=ADVANCED_BREP_SHAPE_REPRESENTATION('',(#41,#42,#43,#44,#45,#46,#47,
#48),#2361);
#13=SPHERICAL_SURFACE('',#1468,0.6);
#14=TOROIDAL_SURFACE('',#1463,1.2,0.45);
#15=B_SPLINE_CURVE_WITH_KNOTS('',3,(#2032,#2033,#2034,#2035,#2036,#2037,
#2038,#2039),.UNSPECIFIED.,.F.,.F.,(4,2,2,4),(0.173686628298454,0.179096930778066,
0.193191925105789,0.193241023777838),.UNSPECIFIED.);
#16=B_SPLINE_CURVE_WITH_KNOTS('',3,(#2047,#2048,#2049,#2050,#2051,#2052,
#2053,#2054),.UNSPECIFIED.,.F.,.F.,(4,2,2,4),(0.107436295551811,0.10748539422386,
0.121580388551583,0.126990691031195),.UNSPECIFIED.);
#17=B_SPLINE_CURVE_WITH_KNOTS('',3,(#2200,#2201,#2202,#2203,#2204,#2205,
#2206,#2207),.UNSPECIFIED.,.F.,.F.,(4,2,2,4),(0.173686628298454,0.179096930778066,
0.193191925105789,0.193241023777838),.UNSPECIFIED.);
#18=B_SPLINE_CURVE_WITH_KNOTS('',3,(#2211,#2212,#2213,#2214,#2215,#2216,
#2217,#2218),.UNSPECIFIED.,.F.,.F.,(4,2,2,4),(0.107436295551811,0.10748539422386,
0.121580388551583,0.126990691031195),.UNSPECIFIED.);
#19=ELLIPSE('',#1423,15.7823824832204,1.25);
#20=ELLIPSE('',#1426,15.7823824832204,1.25);
#21=ELLIPSE('',#1441,1.05743276973054,1.);
#22=ELLIPSE('',#1442,1.05743276973054,1.);
#23=ELLIPSE('',#1444,1.05743276973054,1.);
#24=ELLIPSE('',#1445,1.05743276973054,1.);
#25=ELLIPSE('',#1481,15.7823824832204,1.25);
#26=ELLIPSE('',#1483,15.7823824832204,1.25);
#27=ELLIPSE('',#1498,1.05743276973054,1.);
#28=ELLIPSE('',#1499,1.05743276973054,1.);
#29=ELLIPSE('',#1501,1.05743276973054,1.);
#30=ELLIPSE('',#1502,1.05743276973054,1.);
#31=STYLED_ITEM('',(#2379),#41);
#32=STYLED_ITEM('',(#2380),#42);
#33=STYLED_ITEM('',(#2380),#43);
#34=STYLED_ITEM('',(#2380),#44);
#35=STYLED_ITEM('',(#2380),#45);
#36=STYLED_ITEM('',(#2380),#46);
#37=STYLED_ITEM('',(#2380),#1368);
#38=STYLED_ITEM('',(#2380),#1369);
#39=STYLED_ITEM('',(#2378),#47);
#40=STYLED_ITEM('',(#2380),#48);
#41=MANIFOLD_SOLID_BREP('Body1',#1379);
#42=MANIFOLD_SOLID_BREP('Body3',#1380);
#43=MANIFOLD_SOLID_BREP('Body2',#1381);
#44=MANIFOLD_SOLID_BREP('Body4',#1382);
#45=MANIFOLD_SOLID_BREP('Body6',#1383);
#46=MANIFOLD_SOLID_BREP('Body7',#1384);
#47=MANIFOLD_SOLID_BREP('Body8',#1385);
#48=MANIFOLD_SOLID_BREP('Body9',#1386);
#49=FACE_BOUND('',#202,.T.);
#50=FACE_BOUND('',#225,.T.);
#51=FACE_BOUND('',#227,.T.);
#52=FACE_BOUND('',#230,.T.);
#53=FACE_BOUND('',#254,.T.);
#54=FACE_BOUND('',#259,.T.);
#55=PLANE('',#1403);
#56=PLANE('',#1404);
#57=PLANE('',#1405);
#58=PLANE('',#1406);
#59=PLANE('',#1408);
#60=PLANE('',#1409);
#61=PLANE('',#1412);
#62=PLANE('',#1413);
#63=PLANE('',#1414);
#64=PLANE('',#1415);
#65=PLANE('',#1416);
#66=PLANE('',#1417);
#67=PLANE('',#1432);
#68=PLANE('',#1433);
#69=PLANE('',#1436);
#70=PLANE('',#1439);
#71=PLANE('',#1446);
#72=PLANE('',#1448);
#73=PLANE('',#1449);
#74=PLANE('',#1451);
#75=PLANE('',#1452);
#76=PLANE('',#1453);
#77=PLANE('',#1457);
#78=PLANE('',#1461);
#79=PLANE('',#1462);
#80=PLANE('',#1467);
#81=PLANE('',#1474);
#82=PLANE('',#1475);
#83=PLANE('',#1476);
#84=PLANE('',#1477);
#85=PLANE('',#1489);
#86=PLANE('',#1490);
#87=PLANE('',#1493);
#88=PLANE('',#1496);
#89=PLANE('',#1503);
#90=PLANE('',#1505);
#91=PLANE('',#1506);
#92=PLANE('',#1508);
#93=PLANE('',#1512);
#94=PLANE('',#1515);
#95=PLANE('',#1520);
#96=PLANE('',#1521);
#97=PLANE('',#1522);
#98=PLANE('',#1523);
#99=PLANE('',#1524);
#100=PLANE('',#1525);
#101=PLANE('',#1526);
#102=PLANE('',#1527);
#103=PLANE('',#1528);
#104=PLANE('',#1529);
#105=PLANE('',#1530);
#106=PLANE('',#1531);
#107=PLANE('',#1532);
#108=PLANE('',#1533);
#109=FACE_OUTER_BOUND('',#188,.T.);
#110=FACE_OUTER_BOUND('',#189,.T.);
#111=FACE_OUTER_BOUND('',#190,.T.);
#112=FACE_OUTER_BOUND('',#191,.T.);
#113=FACE_OUTER_BOUND('',#192,.T.);
#114=FACE_OUTER_BOUND('',#193,.T.);
#115=FACE_OUTER_BOUND('',#194,.T.);
#116=FACE_OUTER_BOUND('',#195,.T.);
#117=FACE_OUTER_BOUND('',#196,.T.);
#118=FACE_OUTER_BOUND('',#197,.T.);
#119=FACE_OUTER_BOUND('',#198,.T.);
#120=FACE_OUTER_BOUND('',#199,.T.);
#121=FACE_OUTER_BOUND('',#200,.T.);
#122=FACE_OUTER_BOUND('',#201,.T.);
#123=FACE_OUTER_BOUND('',#203,.T.);
#124=FACE_OUTER_BOUND('',#204,.T.);
#125=FACE_OUTER_BOUND('',#205,.T.);
#126=FACE_OUTER_BOUND('',#206,.T.);
#127=FACE_OUTER_BOUND('',#207,.T.);
#128=FACE_OUTER_BOUND('',#208,.T.);
#129=FACE_OUTER_BOUND('',#209,.T.);
#130=FACE_OUTER_BOUND('',#210,.T.);
#131=FACE_OUTER_BOUND('',#211,.T.);
#132=FACE_OUTER_BOUND('',#212,.T.);
#133=FACE_OUTER_BOUND('',#213,.T.);
#134=FACE_OUTER_BOUND('',#214,.T.);
#135=FACE_OUTER_BOUND('',#215,.T.);
#136=FACE_OUTER_BOUND('',#216,.T.);
#137=FACE_OUTER_BOUND('',#217,.T.);
#138=FACE_OUTER_BOUND('',#218,.T.);
#139=FACE_OUTER_BOUND('',#219,.T.);
#140=FACE_OUTER_BOUND('',#220,.T.);
#141=FACE_OUTER_BOUND('',#221,.T.);
#142=FACE_OUTER_BOUND('',#222,.T.);
#143=FACE_OUTER_BOUND('',#223,.T.);
#144=FACE_OUTER_BOUND('',#224,.T.);
#145=FACE_OUTER_BOUND('',#226,.T.);
#146=FACE_OUTER_BOUND('',#228,.T.);
#147=FACE_OUTER_BOUND('',#229,.T.);
#148=FACE_OUTER_BOUND('',#231,.T.);
#149=FACE_OUTER_BOUND('',#232,.T.);
#150=FACE_OUTER_BOUND('',#233,.T.);
#151=FACE_OUTER_BOUND('',#234,.T.);
#152=FACE_OUTER_BOUND('',#235,.T.);
#153=FACE_OUTER_BOUND('',#236,.T.);
#154=FACE_OUTER_BOUND('',#237,.T.);
#155=FACE_OUTER_BOUND('',#238,.T.);
#156=FACE_OUTER_BOUND('',#239,.T.);
#157=FACE_OUTER_BOUND('',#240,.T.);
#158=FACE_OUTER_BOUND('',#241,.T.);
#159=FACE_OUTER_BOUND('',#242,.T.);
#160=FACE_OUTER_BOUND('',#243,.T.);
#161=FACE_OUTER_BOUND('',#244,.T.);
#162=FACE_OUTER_BOUND('',#245,.T.);
#163=FACE_OUTER_BOUND('',#246,.T.);
#164=FACE_OUTER_BOUND('',#247,.T.);
#165=FACE_OUTER_BOUND('',#248,.T.);
#166=FACE_OUTER_BOUND('',#249,.T.);
#167=FACE_OUTER_BOUND('',#250,.T.);
#168=FACE_OUTER_BOUND('',#251,.T.);
#169=FACE_OUTER_BOUND('',#252,.T.);
#170=FACE_OUTER_BOUND('',#253,.T.);
#171=FACE_OUTER_BOUND('',#255,.T.);
#172=FACE_OUTER_BOUND('',#256,.T.);
#173=FACE_OUTER_BOUND('',#257,.T.);
#174=FACE_OUTER_BOUND('',#258,.T.);
#175=FACE_OUTER_BOUND('',#260,.T.);
#176=FACE_OUTER_BOUND('',#261,.T.);
#177=FACE_OUTER_BOUND('',#262,.T.);
#178=FACE_OUTER_BOUND('',#263,.T.);
#179=FACE_OUTER_BOUND('',#264,.T.);
#180=FACE_OUTER_BOUND('',#265,.T.);
#181=FACE_OUTER_BOUND('',#266,.T.);
#182=FACE_OUTER_BOUND('',#267,.T.);
#183=FACE_OUTER_BOUND('',#268,.T.);
#184=FACE_OUTER_BOUND('',#269,.T.);
#185=FACE_OUTER_BOUND('',#270,.T.);
#186=FACE_OUTER_BOUND('',#271,.T.);
#187=FACE_OUTER_BOUND('',#272,.T.);
#188=EDGE_LOOP('',(#895,#896,#897,#898));
#189=EDGE_LOOP('',(#899));
#190=EDGE_LOOP('',(#900,#901,#902,#903));
#191=EDGE_LOOP('',(#904,#905,#906,#907));
#192=EDGE_LOOP('',(#908,#909,#910,#911,#912,#913,#914,#915,#916,#917));
#193=EDGE_LOOP('',(#918,#919,#920,#921));
#194=EDGE_LOOP('',(#922,#923,#924,#925));
#195=EDGE_LOOP('',(#926,#927,#928,#929));
#196=EDGE_LOOP('',(#930,#931,#932,#933,#934,#935));
#197=EDGE_LOOP('',(#936,#937,#938,#939));
#198=EDGE_LOOP('',(#940,#941,#942,#943));
#199=EDGE_LOOP('',(#944,#945,#946,#947));
#200=EDGE_LOOP('',(#948,#949,#950,#951,#952,#953,#954,#955));
#201=EDGE_LOOP('',(#956,#957,#958,#959));
#202=EDGE_LOOP('',(#960));
#203=EDGE_LOOP('',(#961,#962,#963,#964));
#204=EDGE_LOOP('',(#965,#966,#967,#968));
#205=EDGE_LOOP('',(#969,#970,#971,#972));
#206=EDGE_LOOP('',(#973,#974,#975,#976,#977,#978));
#207=EDGE_LOOP('',(#979,#980,#981,#982));
#208=EDGE_LOOP('',(#983,#984,#985,#986,#987,#988,#989,#990));
#209=EDGE_LOOP('',(#991,#992,#993,#994,#995,#996,#997,#998));
#210=EDGE_LOOP('',(#999,#1000,#1001,#1002,#1003,#1004,#1005));
#211=EDGE_LOOP('',(#1006,#1007,#1008,#1009));
#212=EDGE_LOOP('',(#1010,#1011,#1012,#1013));
#213=EDGE_LOOP('',(#1014,#1015,#1016));
#214=EDGE_LOOP('',(#1017,#1018,#1019,#1020,#1021,#1022));
#215=EDGE_LOOP('',(#1023,#1024,#1025,#1026,#1027,#1028));
#216=EDGE_LOOP('',(#1029,#1030,#1031,#1032,#1033,#1034));
#217=EDGE_LOOP('',(#1035,#1036,#1037,#1038,#1039,#1040,#1041,#1042));
#218=EDGE_LOOP('',(#1043,#1044,#1045,#1046,#1047,#1048,#1049,#1050));
#219=EDGE_LOOP('',(#1051,#1052,#1053,#1054));
#220=EDGE_LOOP('',(#1055,#1056,#1057,#1058));
#221=EDGE_LOOP('',(#1059,#1060,#1061,#1062));
#222=EDGE_LOOP('',(#1063,#1064,#1065,#1066));
#223=EDGE_LOOP('',(#1067,#1068,#1069,#1070));
#224=EDGE_LOOP('',(#1071,#1072,#1073,#1074,#1075,#1076));
#225=EDGE_LOOP('',(#1077));
#226=EDGE_LOOP('',(#1078,#1079,#1080,#1081,#1082,#1083));
#227=EDGE_LOOP('',(#1084));
#228=EDGE_LOOP('',(#1085,#1086,#1087,#1088));
#229=EDGE_LOOP('',(#1089));
#230=EDGE_LOOP('',(#1090));
#231=EDGE_LOOP('',(#1091,#1092,#1093,#1094));
#232=EDGE_LOOP('',(#1095,#1096,#1097,#1098,#1099));
#233=EDGE_LOOP('',(#1100));
#234=EDGE_LOOP('',(#1101,#1102,#1103));
#235=EDGE_LOOP('',(#1104,#1105,#1106));
#236=EDGE_LOOP('',(#1107,#1108,#1109,#1110));
#237=EDGE_LOOP('',(#1111,#1112,#1113,#1114));
#238=EDGE_LOOP('',(#1115,#1116,#1117,#1118));
#239=EDGE_LOOP('',(#1119,#1120,#1121,#1122,#1123,#1124));
#240=EDGE_LOOP('',(#1125,#1126,#1127,#1128));
#241=EDGE_LOOP('',(#1129,#1130,#1131,#1132,#1133,#1134,#1135,#1136));
#242=EDGE_LOOP('',(#1137,#1138,#1139,#1140,#1141,#1142,#1143,#1144));
#243=EDGE_LOOP('',(#1145,#1146,#1147,#1148,#1149,#1150,#1151));
#244=EDGE_LOOP('',(#1152,#1153,#1154,#1155));
#245=EDGE_LOOP('',(#1156,#1157,#1158,#1159));
#246=EDGE_LOOP('',(#1160,#1161,#1162));
#247=EDGE_LOOP('',(#1163,#1164,#1165,#1166,#1167,#1168));
#248=EDGE_LOOP('',(#1169,#1170,#1171,#1172,#1173,#1174,#1175,#1176));
#249=EDGE_LOOP('',(#1177,#1178,#1179,#1180,#1181,#1182));
#250=EDGE_LOOP('',(#1183,#1184,#1185,#1186,#1187,#1188,#1189,#1190));
#251=EDGE_LOOP('',(#1191,#1192,#1193,#1194,#1195,#1196,#1197,#1198));
#252=EDGE_LOOP('',(#1199,#1200,#1201,#1202));
#253=EDGE_LOOP('',(#1203,#1204,#1205,#1206));
#254=EDGE_LOOP('',(#1207));
#255=EDGE_LOOP('',(#1208,#1209,#1210,#1211));
#256=EDGE_LOOP('',(#1212,#1213,#1214,#1215));
#257=EDGE_LOOP('',(#1216,#1217,#1218,#1219));
#258=EDGE_LOOP('',(#1220,#1221,#1222,#1223));
#259=EDGE_LOOP('',(#1224));
#260=EDGE_LOOP('',(#1225,#1226,#1227,#1228));
#261=EDGE_LOOP('',(#1229,#1230,#1231,#1232));
#262=EDGE_LOOP('',(#1233,#1234,#1235,#1236));
#263=EDGE_LOOP('',(#1237,#1238,#1239,#1240));
#264=EDGE_LOOP('',(#1241,#1242,#1243,#1244));
#265=EDGE_LOOP('',(#1245,#1246,#1247,#1248));
#266=EDGE_LOOP('',(#1249,#1250,#1251,#1252));
#267=EDGE_LOOP('',(#1253,#1254,#1255,#1256));
#268=EDGE_LOOP('',(#1257,#1258,#1259,#1260));
#269=EDGE_LOOP('',(#1261,#1262,#1263,#1264));
#270=EDGE_LOOP('',(#1265,#1266,#1267,#1268));
#271=EDGE_LOOP('',(#1269,#1270,#1271,#1272));
#272=EDGE_LOOP('',(#1273,#1274,#1275,#1276));
#273=LINE('',#1941,#405);
#274=LINE('',#1947,#406);
#275=LINE('',#1949,#407);
#276=LINE('',#1951,#408);
#277=LINE('',#1952,#409);
#278=LINE('',#1955,#410);
#279=LINE('',#1957,#411);
#280=LINE('',#1958,#412);
#281=LINE('',#1963,#413);
#282=LINE('',#1965,#414);
#283=LINE('',#1967,#415);
#284=LINE('',#1969,#416);
#285=LINE('',#1971,#417);
#286=LINE('',#1973,#418);
#287=LINE('',#1974,#419);
#288=LINE('',#1977,#420);
#289=LINE('',#1979,#421);
#290=LINE('',#1980,#422);
#291=LINE('',#1983,#423);
#292=LINE('',#1984,#424);
#293=LINE('',#1988,#425);
#294=LINE('',#1991,#426);
#295=LINE('',#1993,#427);
#296=LINE('',#1994,#428);
#297=LINE('',#1997,#429);
#298=LINE('',#1998,#430);
#299=LINE('',#2001,#431);
#300=LINE('',#2002,#432);
#301=LINE('',#2004,#433);
#302=LINE('',#2010,#434);
#303=LINE('',#2020,#435);
#304=LINE('',#2027,#436);
#305=LINE('',#2041,#437);
#306=LINE('',#2045,#438);
#307=LINE('',#2057,#439);
#308=LINE('',#2058,#440);
#309=LINE('',#2061,#441);
#310=LINE('',#2065,#442);
#311=LINE('',#2067,#443);
#312=LINE('',#2069,#444);
#313=LINE('',#2072,#445);
#314=LINE('',#2075,#446);
#315=LINE('',#2079,#447);
#316=LINE('',#2081,#448);
#317=LINE('',#2083,#449);
#318=LINE('',#2086,#450);
#319=LINE('',#2088,#451);
#320=LINE('',#2089,#452);
#321=LINE('',#2095,#453);
#322=LINE('',#2101,#454);
#323=LINE('',#2103,#455);
#324=LINE('',#2105,#456);
#325=LINE('',#2107,#457);
#326=LINE('',#2109,#458);
#327=LINE('',#2110,#459);
#328=LINE('',#2112,#460);
#329=LINE('',#2113,#461);
#330=LINE('',#2117,#462);
#331=LINE('',#2119,#463);
#332=LINE('',#2120,#464);
#333=LINE('',#2123,#465);
#334=LINE('',#2125,#466);
#335=LINE('',#2126,#467);
#336=LINE('',#2132,#468);
#337=LINE('',#2135,#469);
#338=LINE('',#2137,#470);
#339=LINE('',#2138,#471);
#340=LINE('',#2161,#472);
#341=LINE('',#2166,#473);
#342=LINE('',#2168,#474);
#343=LINE('',#2169,#475);
#344=LINE('',#2173,#476);
#345=LINE('',#2175,#477);
#346=LINE('',#2176,#478);
#347=LINE('',#2178,#479);
#348=LINE('',#2179,#480);
#349=LINE('',#2185,#481);
#350=LINE('',#2195,#482);
#351=LINE('',#2220,#483);
#352=LINE('',#2223,#484);
#353=LINE('',#2225,#485);
#354=LINE('',#2226,#486);
#355=LINE('',#2229,#487);
#356=LINE('',#2233,#488);
#357=LINE('',#2235,#489);
#358=LINE('',#2237,#490);
#359=LINE('',#2240,#491);
#360=LINE('',#2243,#492);
#361=LINE('',#2247,#493);
#362=LINE('',#2249,#494);
#363=LINE('',#2251,#495);
#364=LINE('',#2254,#496);
#365=LINE('',#2256,#497);
#366=LINE('',#2257,#498);
#367=LINE('',#2265,#499);
#368=LINE('',#2267,#500);
#369=LINE('',#2270,#501);
#370=LINE('',#2272,#502);
#371=LINE('',#2273,#503);
#372=LINE('',#2280,#504);
#373=LINE('',#2283,#505);
#374=LINE('',#2286,#506);
#375=LINE('',#2289,#507);
#376=LINE('',#2294,#508);
#377=LINE('',#2295,#509);
#378=LINE('',#2299,#510);
#379=LINE('',#2302,#511);
#380=LINE('',#2305,#512);
#381=LINE('',#2310,#513);
#382=LINE('',#2312,#514);
#383=LINE('',#2314,#515);
#384=LINE('',#2315,#516);
#385=LINE('',#2318,#517);
#386=LINE('',#2320,#518);
#387=LINE('',#2321,#519);
#388=LINE('',#2324,#520);
#389=LINE('',#2326,#521);
#390=LINE('',#2327,#522);
#391=LINE('',#2329,#523);
#392=LINE('',#2330,#524);
#393=LINE('',#2336,#525);
#394=LINE('',#2338,#526);
#395=LINE('',#2340,#527);
#396=LINE('',#2341,#528);
#397=LINE('',#2344,#529);
#398=LINE('',#2346,#530);
#399=LINE('',#2347,#531);
#400=LINE('',#2350,#532);
#401=LINE('',#2352,#533);
#402=LINE('',#2353,#534);
#403=LINE('',#2355,#535);
#404=LINE('',#2356,#536);
#405=VECTOR('',#1540,3.15);
#406=VECTOR('',#1547,10.);
#407=VECTOR('',#1548,10.);
#408=VECTOR('',#1549,10.);
#409=VECTOR('',#1550,10.);
#410=VECTOR('',#1553,10.);
#411=VECTOR('',#1554,10.);
#412=VECTOR('',#1555,10.);
#413=VECTOR('',#1560,10.);
#414=VECTOR('',#1561,10.);
#415=VECTOR('',#1562,10.);
#416=VECTOR('',#1563,10.);
#417=VECTOR('',#1564,10.);
#418=VECTOR('',#1565,10.);
#419=VECTOR('',#1566,10.);
#420=VECTOR('',#1569,10.);
#421=VECTOR('',#1570,10.);
#422=VECTOR('',#1571,10.);
#423=VECTOR('',#1574,10.);
#424=VECTOR('',#1575,10.);
#425=VECTOR('',#1582,10.);
#426=VECTOR('',#1585,10.);
#427=VECTOR('',#1586,10.);
#428=VECTOR('',#1587,10.);
#429=VECTOR('',#1590,10.);
#430=VECTOR('',#1591,10.);
#431=VECTOR('',#1594,10.);
#432=VECTOR('',#1595,10.);
#433=VECTOR('',#1598,10.);
#434=VECTOR('',#1605,0.4);
#435=VECTOR('',#1616,10.);
#436=VECTOR('',#1623,10.);
#437=VECTOR('',#1628,10.);
#438=VECTOR('',#1631,10.);
#439=VECTOR('',#1636,10.);
#440=VECTOR('',#1637,10.);
#441=VECTOR('',#1640,10.);
#442=VECTOR('',#1643,10.);
#443=VECTOR('',#1644,1.);
#444=VECTOR('',#1645,10.);
#445=VECTOR('',#1648,10.);
#446=VECTOR('',#1651,10.);
#447=VECTOR('',#1654,10.);
#448=VECTOR('',#1655,1.);
#449=VECTOR('',#1656,10.);
#450=VECTOR('',#1659,10.);
#451=VECTOR('',#1662,10.);
#452=VECTOR('',#1663,10.);
#453=VECTOR('',#1670,10.);
#454=VECTOR('',#1677,10.);
#455=VECTOR('',#1680,10.);
#456=VECTOR('',#1683,10.);
#457=VECTOR('',#1686,10.);
#458=VECTOR('',#1689,10.);
#459=VECTOR('',#1690,10.);
#460=VECTOR('',#1693,10.);
#461=VECTOR('',#1694,10.);
#462=VECTOR('',#1699,10.);
#463=VECTOR('',#1700,10.);
#464=VECTOR('',#1701,10.);
#465=VECTOR('',#1704,10.);
#466=VECTOR('',#1705,10.);
#467=VECTOR('',#1706,10.);
#468=VECTOR('',#1713,10.);
#469=VECTOR('',#1716,10.);
#470=VECTOR('',#1717,10.);
#471=VECTOR('',#1718,10.);
#472=VECTOR('',#1751,0.6);
#473=VECTOR('',#1756,10.);
#474=VECTOR('',#1757,10.);
#475=VECTOR('',#1758,10.);
#476=VECTOR('',#1761,10.);
#477=VECTOR('',#1762,10.);
#478=VECTOR('',#1763,10.);
#479=VECTOR('',#1766,10.);
#480=VECTOR('',#1767,10.);
#481=VECTOR('',#1772,10.);
#482=VECTOR('',#1783,10.);
#483=VECTOR('',#1790,10.);
#484=VECTOR('',#1793,10.);
#485=VECTOR('',#1796,10.);
#486=VECTOR('',#1797,10.);
#487=VECTOR('',#1800,10.);
#488=VECTOR('',#1803,10.);
#489=VECTOR('',#1804,1.);
#490=VECTOR('',#1805,10.);
#491=VECTOR('',#1808,10.);
#492=VECTOR('',#1811,10.);
#493=VECTOR('',#1814,10.);
#494=VECTOR('',#1815,1.);
#495=VECTOR('',#1816,10.);
#496=VECTOR('',#1819,10.);
#497=VECTOR('',#1822,10.);
#498=VECTOR('',#1823,10.);
#499=VECTOR('',#1838,10.);
#500=VECTOR('',#1841,10.);
#501=VECTOR('',#1846,10.);
#502=VECTOR('',#1849,10.);
#503=VECTOR('',#1850,10.);
#504=VECTOR('',#1857,1.);
#505=VECTOR('',#1860,10.);
#506=VECTOR('',#1863,10.);
#507=VECTOR('',#1866,10.);
#508=VECTOR('',#1871,10.);
#509=VECTOR('',#1872,10.);
#510=VECTOR('',#1877,10.);
#511=VECTOR('',#1880,0.25);
#512=VECTOR('',#1885,10.);
#513=VECTOR('',#1890,10.);
#514=VECTOR('',#1891,10.);
#515=VECTOR('',#1892,10.);
#516=VECTOR('',#1893,10.);
#517=VECTOR('',#1896,10.);
#518=VECTOR('',#1897,10.);
#519=VECTOR('',#1898,10.);
#520=VECTOR('',#1901,10.);
#521=VECTOR('',#1902,10.);
#522=VECTOR('',#1903,10.);
#523=VECTOR('',#1906,10.);
#524=VECTOR('',#1907,10.);
#525=VECTOR('',#1914,10.);
#526=VECTOR('',#1915,10.);
#527=VECTOR('',#1916,10.);
#528=VECTOR('',#1917,10.);
#529=VECTOR('',#1920,10.);
#530=VECTOR('',#1921,10.);
#531=VECTOR('',#1922,10.);
#532=VECTOR('',#1925,10.);
#533=VECTOR('',#1926,10.);
#534=VECTOR('',#1927,10.);
#535=VECTOR('',#1930,10.);
#536=VECTOR('',#1931,10.);
#537=CIRCLE('',#1401,3.15);
#538=CIRCLE('',#1402,3.15);
#539=CIRCLE('',#1407,4.);
#540=CIRCLE('',#1411,4.);
#541=CIRCLE('',#1419,0.4);
#542=CIRCLE('',#1420,0.4);
#543=CIRCLE('',#1422,1.25);
#544=CIRCLE('',#1424,1.25);
#545=CIRCLE('',#1427,1.25);
#546=CIRCLE('',#1428,1.25);
#547=CIRCLE('',#1430,0.5);
#548=CIRCLE('',#1431,0.5);
#549=CIRCLE('',#1434,0.675000000000004);
#550=CIRCLE('',#1435,0.674999999999996);
#551=CIRCLE('',#1437,0.674999999999996);
#552=CIRCLE('',#1438,0.675000000000004);
#553=CIRCLE('',#1455,2.);
#554=CIRCLE('',#1456,2.);
#555=CIRCLE('',#1459,2.);
#556=CIRCLE('',#1460,2.);
#557=CIRCLE('',#1464,1.5);
#558=CIRCLE('',#1465,0.45);
#559=CIRCLE('',#1466,0.9);
#560=CIRCLE('',#1469,0.6);
#561=CIRCLE('',#1470,0.6);
#562=CIRCLE('',#1471,0.6);
#563=CIRCLE('',#1473,0.6);
#564=CIRCLE('',#1479,1.25);
#565=CIRCLE('',#1480,1.25);
#566=CIRCLE('',#1484,1.25);
#567=CIRCLE('',#1485,1.25);
#568=CIRCLE('',#1487,0.5);
#569=CIRCLE('',#1488,0.5);
#570=CIRCLE('',#1491,0.674999999999996);
#571=CIRCLE('',#1492,0.675000000000004);
#572=CIRCLE('',#1494,0.675000000000004);
#573=CIRCLE('',#1495,0.674999999999996);
#574=CIRCLE('',#1510,1.);
#575=CIRCLE('',#1511,1.);
#576=CIRCLE('',#1513,1.3);
#577=CIRCLE('',#1514,0.25);
#578=CIRCLE('',#1517,1.3);
#579=CIRCLE('',#1519,0.25);
#580=VERTEX_POINT('',#1938);
#581=VERTEX_POINT('',#1940);
#582=VERTEX_POINT('',#1945);
#583=VERTEX_POINT('',#1946);
#584=VERTEX_POINT('',#1948);
#585=VERTEX_POINT('',#1950);
#586=VERTEX_POINT('',#1954);
#587=VERTEX_POINT('',#1956);
#588=VERTEX_POINT('',#1960);
#589=VERTEX_POINT('',#1962);
#590=VERTEX_POINT('',#1964);
#591=VERTEX_POINT('',#1966);
#592=VERTEX_POINT('',#1968);
#593=VERTEX_POINT('',#1970);
#594=VERTEX_POINT('',#1972);
#595=VERTEX_POINT('',#1976);
#596=VERTEX_POINT('',#1978);
#597=VERTEX_POINT('',#1982);
#598=VERTEX_POINT('',#1990);
#599=VERTEX_POINT('',#1992);
#600=VERTEX_POINT('',#1996);
#601=VERTEX_POINT('',#2000);
#602=VERTEX_POINT('',#2007);
#603=VERTEX_POINT('',#2009);
#604=VERTEX_POINT('',#2013);
#605=VERTEX_POINT('',#2014);
#606=VERTEX_POINT('',#2016);
#607=VERTEX_POINT('',#2018);
#608=VERTEX_POINT('',#2022);
#609=VERTEX_POINT('',#2024);
#610=VERTEX_POINT('',#2026);
#611=VERTEX_POINT('',#2030);
#612=VERTEX_POINT('',#2031);
#613=VERTEX_POINT('',#2040);
#614=VERTEX_POINT('',#2042);
#615=VERTEX_POINT('',#2044);
#616=VERTEX_POINT('',#2046);
#617=VERTEX_POINT('',#2060);
#618=VERTEX_POINT('',#2062);
#619=VERTEX_POINT('',#2064);
#620=VERTEX_POINT('',#2066);
#621=VERTEX_POINT('',#2068);
#622=VERTEX_POINT('',#2070);
#623=VERTEX_POINT('',#2074);
#624=VERTEX_POINT('',#2076);
#625=VERTEX_POINT('',#2078);
#626=VERTEX_POINT('',#2080);
#627=VERTEX_POINT('',#2082);
#628=VERTEX_POINT('',#2084);
#629=VERTEX_POINT('',#2091);
#630=VERTEX_POINT('',#2093);
#631=VERTEX_POINT('',#2097);
#632=VERTEX_POINT('',#2099);
#633=VERTEX_POINT('',#2116);
#634=VERTEX_POINT('',#2118);
#635=VERTEX_POINT('',#2122);
#636=VERTEX_POINT('',#2124);
#637=VERTEX_POINT('',#2128);
#638=VERTEX_POINT('',#2130);
#639=VERTEX_POINT('',#2134);
#640=VERTEX_POINT('',#2136);
#641=VERTEX_POINT('',#2145);
#642=VERTEX_POINT('',#2147);
#643=VERTEX_POINT('',#2152);
#644=VERTEX_POINT('',#2153);
#645=VERTEX_POINT('',#2155);
#646=VERTEX_POINT('',#2159);
#647=VERTEX_POINT('',#2164);
#648=VERTEX_POINT('',#2165);
#649=VERTEX_POINT('',#2167);
#650=VERTEX_POINT('',#2171);
#651=VERTEX_POINT('',#2172);
#652=VERTEX_POINT('',#2174);
#653=VERTEX_POINT('',#2181);
#654=VERTEX_POINT('',#2182);
#655=VERTEX_POINT('',#2184);
#656=VERTEX_POINT('',#2186);
#657=VERTEX_POINT('',#2190);
#658=VERTEX_POINT('',#2192);
#659=VERTEX_POINT('',#2194);
#660=VERTEX_POINT('',#2198);
#661=VERTEX_POINT('',#2199);
#662=VERTEX_POINT('',#2208);
#663=VERTEX_POINT('',#2210);
#664=VERTEX_POINT('',#2219);
#665=VERTEX_POINT('',#2221);
#666=VERTEX_POINT('',#2228);
#667=VERTEX_POINT('',#2230);
#668=VERTEX_POINT('',#2232);
#669=VERTEX_POINT('',#2234);
#670=VERTEX_POINT('',#2236);
#671=VERTEX_POINT('',#2238);
#672=VERTEX_POINT('',#2242);
#673=VERTEX_POINT('',#2244);
#674=VERTEX_POINT('',#2246);
#675=VERTEX_POINT('',#2248);
#676=VERTEX_POINT('',#2250);
#677=VERTEX_POINT('',#2252);
#678=VERTEX_POINT('',#2276);
#679=VERTEX_POINT('',#2277);
#680=VERTEX_POINT('',#2279);
#681=VERTEX_POINT('',#2281);
#682=VERTEX_POINT('',#2285);
#683=VERTEX_POINT('',#2287);
#684=VERTEX_POINT('',#2290);
#685=VERTEX_POINT('',#2293);
#686=VERTEX_POINT('',#2297);
#687=VERTEX_POINT('',#2301);
#688=VERTEX_POINT('',#2308);
#689=VERTEX_POINT('',#2309);
#690=VERTEX_POINT('',#2311);
#691=VERTEX_POINT('',#2313);
#692=VERTEX_POINT('',#2317);
#693=VERTEX_POINT('',#2319);
#694=VERTEX_POINT('',#2323);
#695=VERTEX_POINT('',#2325);
#696=VERTEX_POINT('',#2334);
#697=VERTEX_POINT('',#2335);
#698=VERTEX_POINT('',#2337);
#699=VERTEX_POINT('',#2339);
#700=VERTEX_POINT('',#2343);
#701=VERTEX_POINT('',#2345);
#702=VERTEX_POINT('',#2349);
#703=VERTEX_POINT('',#2351);
#704=EDGE_CURVE('',#580,#580,#537,.T.);
#705=EDGE_CURVE('',#580,#581,#273,.T.);
#706=EDGE_CURVE('',#581,#581,#538,.T.);
#707=EDGE_CURVE('',#582,#583,#274,.T.);
#708=EDGE_CURVE('',#584,#582,#275,.T.);
#709=EDGE_CURVE('',#585,#584,#276,.T.);
#710=EDGE_CURVE('',#583,#585,#277,.T.);
#711=EDGE_CURVE('',#586,#584,#278,.T.);
#712=EDGE_CURVE('',#586,#587,#279,.T.);
#713=EDGE_CURVE('',#587,#585,#280,.T.);
#714=EDGE_CURVE('',#582,#588,#539,.T.);
#715=EDGE_CURVE('',#588,#589,#281,.T.);
#716=EDGE_CURVE('',#589,#590,#282,.T.);
#717=EDGE_CURVE('',#591,#590,#283,.T.);
#718=EDGE_CURVE('',#591,#592,#284,.T.);
#719=EDGE_CURVE('',#592,#593,#285,.T.);
#720=EDGE_CURVE('',#594,#593,#286,.T.);
#721=EDGE_CURVE('',#586,#594,#287,.T.);
#722=EDGE_CURVE('',#588,#595,#288,.T.);
#723=EDGE_CURVE('',#595,#596,#289,.T.);
#724=EDGE_CURVE('',#589,#596,#290,.T.);
#725=EDGE_CURVE('',#596,#597,#291,.T.);
#726=EDGE_CURVE('',#597,#590,#292,.T.);
#727=EDGE_CURVE('',#595,#583,#540,.T.);
#728=EDGE_CURVE('',#597,#587,#293,.T.);
#729=EDGE_CURVE('',#591,#598,#294,.T.);
#730=EDGE_CURVE('',#599,#598,#295,.T.);
#731=EDGE_CURVE('',#592,#599,#296,.T.);
#732=EDGE_CURVE('',#600,#599,#297,.T.);
#733=EDGE_CURVE('',#593,#600,#298,.T.);
#734=EDGE_CURVE('',#601,#600,#299,.T.);
#735=EDGE_CURVE('',#594,#601,#300,.T.);
#736=EDGE_CURVE('',#598,#601,#301,.T.);
#737=EDGE_CURVE('',#602,#602,#541,.T.);
#738=EDGE_CURVE('',#602,#603,#302,.T.);
#739=EDGE_CURVE('',#603,#603,#542,.T.);
#740=EDGE_CURVE('',#604,#605,#543,.T.);
#741=EDGE_CURVE('',#606,#604,#19,.T.);
#742=EDGE_CURVE('',#607,#606,#544,.T.);
#743=EDGE_CURVE('',#605,#607,#303,.T.);
#744=EDGE_CURVE('',#608,#606,#20,.T.);
#745=EDGE_CURVE('',#609,#608,#545,.T.);
#746=EDGE_CURVE('',#609,#610,#304,.T.);
#747=EDGE_CURVE('',#606,#610,#546,.T.);
#748=EDGE_CURVE('',#611,#612,#15,.T.);
#749=EDGE_CURVE('',#613,#611,#305,.T.);
#750=EDGE_CURVE('',#614,#613,#547,.T.);
#751=EDGE_CURVE('',#614,#615,#306,.T.);
#752=EDGE_CURVE('',#616,#615,#16,.T.);
#753=EDGE_CURVE('',#612,#616,#548,.T.);
#754=EDGE_CURVE('',#615,#611,#307,.T.);
#755=EDGE_CURVE('',#613,#614,#308,.T.);
#756=EDGE_CURVE('',#617,#607,#309,.T.);
#757=EDGE_CURVE('',#617,#618,#549,.T.);
#758=EDGE_CURVE('',#619,#618,#310,.T.);
#759=EDGE_CURVE('',#620,#619,#311,.T.);
#760=EDGE_CURVE('',#620,#621,#312,.T.);
#761=EDGE_CURVE('',#622,#621,#550,.T.);
#762=EDGE_CURVE('',#622,#605,#313,.T.);
#763=EDGE_CURVE('',#609,#623,#314,.T.);
#764=EDGE_CURVE('',#623,#624,#551,.T.);
#765=EDGE_CURVE('',#624,#625,#315,.T.);
#766=EDGE_CURVE('',#626,#625,#316,.T.);
#767=EDGE_CURVE('',#626,#627,#317,.T.);
#768=EDGE_CURVE('',#627,#628,#552,.T.);
#769=EDGE_CURVE('',#628,#610,#318,.T.);
#770=EDGE_CURVE('',#614,#628,#319,.T.);
#771=EDGE_CURVE('',#617,#613,#320,.T.);
#772=EDGE_CURVE('',#626,#629,#21,.F.);
#773=EDGE_CURVE('',#630,#625,#22,.F.);
#774=EDGE_CURVE('',#630,#629,#321,.T.);
#775=EDGE_CURVE('',#631,#620,#23,.T.);
#776=EDGE_CURVE('',#619,#632,#24,.T.);
#777=EDGE_CURVE('',#631,#632,#322,.T.);
#778=EDGE_CURVE('',#604,#608,#323,.T.);
#779=EDGE_CURVE('',#618,#627,#324,.T.);
#780=EDGE_CURVE('',#632,#629,#325,.T.);
#781=EDGE_CURVE('',#630,#631,#326,.T.);
#782=EDGE_CURVE('',#621,#624,#327,.T.);
#783=EDGE_CURVE('',#622,#612,#328,.T.);
#784=EDGE_CURVE('',#616,#623,#329,.T.);
#785=EDGE_CURVE('',#633,#630,#330,.T.);
#786=EDGE_CURVE('',#633,#634,#331,.T.);
#787=EDGE_CURVE('',#629,#634,#332,.T.);
#788=EDGE_CURVE('',#635,#631,#333,.T.);
#789=EDGE_CURVE('',#636,#632,#334,.T.);
#790=EDGE_CURVE('',#635,#636,#335,.T.);
#791=EDGE_CURVE('',#637,#635,#553,.T.);
#792=EDGE_CURVE('',#638,#636,#554,.T.);
#793=EDGE_CURVE('',#637,#638,#336,.T.);
#794=EDGE_CURVE('',#639,#637,#337,.T.);
#795=EDGE_CURVE('',#640,#638,#338,.T.);
#796=EDGE_CURVE('',#639,#640,#339,.T.);
#797=EDGE_CURVE('',#633,#639,#555,.T.);
#798=EDGE_CURVE('',#634,#640,#556,.T.);
#799=EDGE_CURVE('',#641,#641,#557,.T.);
#800=EDGE_CURVE('',#641,#642,#558,.T.);
#801=EDGE_CURVE('',#642,#642,#559,.T.);
#802=EDGE_CURVE('',#643,#644,#560,.T.);
#803=EDGE_CURVE('',#645,#644,#561,.T.);
#804=EDGE_CURVE('',#644,#643,#562,.T.);
#805=EDGE_CURVE('',#646,#646,#563,.T.);
#806=EDGE_CURVE('',#646,#643,#340,.T.);
#807=EDGE_CURVE('',#647,#648,#341,.T.);
#808=EDGE_CURVE('',#649,#647,#342,.T.);
#809=EDGE_CURVE('',#648,#649,#343,.T.);
#810=EDGE_CURVE('',#650,#651,#344,.T.);
#811=EDGE_CURVE('',#651,#652,#345,.T.);
#812=EDGE_CURVE('',#652,#650,#346,.T.);
#813=EDGE_CURVE('',#648,#651,#347,.T.);
#814=EDGE_CURVE('',#652,#649,#348,.T.);
#815=EDGE_CURVE('',#653,#654,#564,.T.);
#816=EDGE_CURVE('',#654,#655,#349,.T.);
#817=EDGE_CURVE('',#655,#656,#565,.T.);
#818=EDGE_CURVE('',#656,#653,#25,.T.);
#819=EDGE_CURVE('',#657,#656,#26,.T.);
#820=EDGE_CURVE('',#656,#658,#566,.T.);
#821=EDGE_CURVE('',#659,#658,#350,.T.);
#822=EDGE_CURVE('',#659,#657,#567,.T.);
#823=EDGE_CURVE('',#660,#661,#17,.T.);
#824=EDGE_CURVE('',#661,#662,#568,.T.);
#825=EDGE_CURVE('',#662,#663,#18,.T.);
#826=EDGE_CURVE('',#664,#663,#351,.T.);
#827=EDGE_CURVE('',#664,#665,#569,.T.);
#828=EDGE_CURVE('',#665,#660,#352,.T.);
#829=EDGE_CURVE('',#663,#660,#353,.T.);
#830=EDGE_CURVE('',#665,#664,#354,.T.);
#831=EDGE_CURVE('',#666,#654,#355,.T.);
#832=EDGE_CURVE('',#666,#667,#570,.T.);
#833=EDGE_CURVE('',#668,#667,#356,.T.);
#834=EDGE_CURVE('',#668,#669,#357,.T.);
#835=EDGE_CURVE('',#669,#670,#358,.T.);
#836=EDGE_CURVE('',#671,#670,#571,.T.);
#837=EDGE_CURVE('',#671,#655,#359,.T.);
#838=EDGE_CURVE('',#672,#658,#360,.T.);
#839=EDGE_CURVE('',#673,#672,#572,.T.);
#840=EDGE_CURVE('',#674,#673,#361,.T.);
#841=EDGE_CURVE('',#674,#675,#362,.T.);
#842=EDGE_CURVE('',#676,#675,#363,.T.);
#843=EDGE_CURVE('',#677,#676,#573,.T.);
#844=EDGE_CURVE('',#659,#677,#364,.T.);
#845=EDGE_CURVE('',#671,#665,#365,.T.);
#846=EDGE_CURVE('',#664,#672,#366,.T.);
#847=EDGE_CURVE('',#674,#650,#27,.F.);
#848=EDGE_CURVE('',#652,#675,#28,.F.);
#849=EDGE_CURVE('',#649,#668,#29,.T.);
#850=EDGE_CURVE('',#669,#647,#30,.T.);
#851=EDGE_CURVE('',#653,#657,#367,.T.);
#852=EDGE_CURVE('',#670,#673,#368,.T.);
#853=EDGE_CURVE('',#667,#676,#369,.T.);
#854=EDGE_CURVE('',#662,#677,#370,.T.);
#855=EDGE_CURVE('',#666,#661,#371,.T.);
#856=EDGE_CURVE('',#678,#679,#574,.T.);
#857=EDGE_CURVE('',#679,#680,#372,.T.);
#858=EDGE_CURVE('',#680,#681,#575,.T.);
#859=EDGE_CURVE('',#681,#678,#373,.T.);
#860=EDGE_CURVE('',#682,#679,#374,.T.);
#861=EDGE_CURVE('',#682,#683,#576,.T.);
#862=EDGE_CURVE('',#680,#683,#375,.T.);
#863=EDGE_CURVE('',#684,#684,#577,.T.);
#864=EDGE_CURVE('',#678,#685,#376,.T.);
#865=EDGE_CURVE('',#685,#682,#377,.T.);
#866=EDGE_CURVE('',#686,#685,#578,.T.);
#867=EDGE_CURVE('',#686,#683,#378,.T.);
#868=EDGE_CURVE('',#684,#687,#379,.T.);
#869=EDGE_CURVE('',#687,#687,#579,.T.);
#870=EDGE_CURVE('',#686,#681,#380,.T.);
#871=EDGE_CURVE('',#688,#689,#381,.T.);
#872=EDGE_CURVE('',#688,#690,#382,.T.);
#873=EDGE_CURVE('',#691,#690,#383,.T.);
#874=EDGE_CURVE('',#689,#691,#384,.T.);
#875=EDGE_CURVE('',#689,#692,#385,.T.);
#876=EDGE_CURVE('',#693,#691,#386,.T.);
#877=EDGE_CURVE('',#692,#693,#387,.T.);
#878=EDGE_CURVE('',#692,#694,#388,.T.);
#879=EDGE_CURVE('',#695,#693,#389,.T.);
#880=EDGE_CURVE('',#694,#695,#390,.T.);
#881=EDGE_CURVE('',#694,#688,#391,.T.);
#882=EDGE_CURVE('',#690,#695,#392,.T.);
#883=EDGE_CURVE('',#696,#697,#393,.T.);
#884=EDGE_CURVE('',#697,#698,#394,.T.);
#885=EDGE_CURVE('',#699,#698,#395,.T.);
#886=EDGE_CURVE('',#696,#699,#396,.T.);
#887=EDGE_CURVE('',#700,#696,#397,.T.);
#888=EDGE_CURVE('',#701,#699,#398,.T.);
#889=EDGE_CURVE('',#700,#701,#399,.T.);
#890=EDGE_CURVE('',#702,#700,#400,.T.);
#891=EDGE_CURVE('',#703,#701,#401,.T.);
#892=EDGE_CURVE('',#702,#703,#402,.T.);
#893=EDGE_CURVE('',#702,#697,#403,.T.);
#894=EDGE_CURVE('',#698,#703,#404,.T.);
#895=ORIENTED_EDGE('',*,*,#704,.F.);
#896=ORIENTED_EDGE('',*,*,#705,.T.);
#897=ORIENTED_EDGE('',*,*,#706,.T.);
#898=ORIENTED_EDGE('',*,*,#705,.F.);
#899=ORIENTED_EDGE('',*,*,#706,.F.);
#900=ORIENTED_EDGE('',*,*,#707,.F.);
#901=ORIENTED_EDGE('',*,*,#708,.F.);
#902=ORIENTED_EDGE('',*,*,#709,.F.);
#903=ORIENTED_EDGE('',*,*,#710,.F.);
#904=ORIENTED_EDGE('',*,*,#711,.F.);
#905=ORIENTED_EDGE('',*,*,#712,.T.);
#906=ORIENTED_EDGE('',*,*,#713,.T.);
#907=ORIENTED_EDGE('',*,*,#709,.T.);
#908=ORIENTED_EDGE('',*,*,#711,.T.);
#909=ORIENTED_EDGE('',*,*,#708,.T.);
#910=ORIENTED_EDGE('',*,*,#714,.T.);
#911=ORIENTED_EDGE('',*,*,#715,.T.);
#912=ORIENTED_EDGE('',*,*,#716,.T.);
#913=ORIENTED_EDGE('',*,*,#717,.F.);
#914=ORIENTED_EDGE('',*,*,#718,.T.);
#915=ORIENTED_EDGE('',*,*,#719,.T.);
#916=ORIENTED_EDGE('',*,*,#720,.F.);
#917=ORIENTED_EDGE('',*,*,#721,.F.);
#918=ORIENTED_EDGE('',*,*,#722,.T.);
#919=ORIENTED_EDGE('',*,*,#723,.T.);
#920=ORIENTED_EDGE('',*,*,#724,.F.);
#921=ORIENTED_EDGE('',*,*,#715,.F.);
#922=ORIENTED_EDGE('',*,*,#716,.F.);
#923=ORIENTED_EDGE('',*,*,#724,.T.);
#924=ORIENTED_EDGE('',*,*,#725,.T.);
#925=ORIENTED_EDGE('',*,*,#726,.T.);
#926=ORIENTED_EDGE('',*,*,#714,.F.);
#927=ORIENTED_EDGE('',*,*,#707,.T.);
#928=ORIENTED_EDGE('',*,*,#727,.F.);
#929=ORIENTED_EDGE('',*,*,#722,.F.);
#930=ORIENTED_EDGE('',*,*,#727,.T.);
#931=ORIENTED_EDGE('',*,*,#710,.T.);
#932=ORIENTED_EDGE('',*,*,#713,.F.);
#933=ORIENTED_EDGE('',*,*,#728,.F.);
#934=ORIENTED_EDGE('',*,*,#725,.F.);
#935=ORIENTED_EDGE('',*,*,#723,.F.);
#936=ORIENTED_EDGE('',*,*,#718,.F.);
#937=ORIENTED_EDGE('',*,*,#729,.T.);
#938=ORIENTED_EDGE('',*,*,#730,.F.);
#939=ORIENTED_EDGE('',*,*,#731,.F.);
#940=ORIENTED_EDGE('',*,*,#719,.F.);
#941=ORIENTED_EDGE('',*,*,#731,.T.);
#942=ORIENTED_EDGE('',*,*,#732,.F.);
#943=ORIENTED_EDGE('',*,*,#733,.F.);
#944=ORIENTED_EDGE('',*,*,#720,.T.);
#945=ORIENTED_EDGE('',*,*,#733,.T.);
#946=ORIENTED_EDGE('',*,*,#734,.F.);
#947=ORIENTED_EDGE('',*,*,#735,.F.);
#948=ORIENTED_EDGE('',*,*,#717,.T.);
#949=ORIENTED_EDGE('',*,*,#726,.F.);
#950=ORIENTED_EDGE('',*,*,#728,.T.);
#951=ORIENTED_EDGE('',*,*,#712,.F.);
#952=ORIENTED_EDGE('',*,*,#721,.T.);
#953=ORIENTED_EDGE('',*,*,#735,.T.);
#954=ORIENTED_EDGE('',*,*,#736,.F.);
#955=ORIENTED_EDGE('',*,*,#729,.F.);
#956=ORIENTED_EDGE('',*,*,#736,.T.);
#957=ORIENTED_EDGE('',*,*,#734,.T.);
#958=ORIENTED_EDGE('',*,*,#732,.T.);
#959=ORIENTED_EDGE('',*,*,#730,.T.);
#960=ORIENTED_EDGE('',*,*,#704,.T.);
#961=ORIENTED_EDGE('',*,*,#737,.F.);
#962=ORIENTED_EDGE('',*,*,#738,.T.);
#963=ORIENTED_EDGE('',*,*,#739,.F.);
#964=ORIENTED_EDGE('',*,*,#738,.F.);
#965=ORIENTED_EDGE('',*,*,#740,.F.);
#966=ORIENTED_EDGE('',*,*,#741,.F.);
#967=ORIENTED_EDGE('',*,*,#742,.F.);
#968=ORIENTED_EDGE('',*,*,#743,.F.);
#969=ORIENTED_EDGE('',*,*,#744,.F.);
#970=ORIENTED_EDGE('',*,*,#745,.F.);
#971=ORIENTED_EDGE('',*,*,#746,.T.);
#972=ORIENTED_EDGE('',*,*,#747,.F.);
#973=ORIENTED_EDGE('',*,*,#748,.F.);
#974=ORIENTED_EDGE('',*,*,#749,.F.);
#975=ORIENTED_EDGE('',*,*,#750,.F.);
#976=ORIENTED_EDGE('',*,*,#751,.T.);
#977=ORIENTED_EDGE('',*,*,#752,.F.);
#978=ORIENTED_EDGE('',*,*,#753,.F.);
#979=ORIENTED_EDGE('',*,*,#754,.F.);
#980=ORIENTED_EDGE('',*,*,#751,.F.);
#981=ORIENTED_EDGE('',*,*,#755,.F.);
#982=ORIENTED_EDGE('',*,*,#749,.T.);
#983=ORIENTED_EDGE('',*,*,#743,.T.);
#984=ORIENTED_EDGE('',*,*,#756,.F.);
#985=ORIENTED_EDGE('',*,*,#757,.T.);
#986=ORIENTED_EDGE('',*,*,#758,.F.);
#987=ORIENTED_EDGE('',*,*,#759,.F.);
#988=ORIENTED_EDGE('',*,*,#760,.T.);
#989=ORIENTED_EDGE('',*,*,#761,.F.);
#990=ORIENTED_EDGE('',*,*,#762,.T.);
#991=ORIENTED_EDGE('',*,*,#746,.F.);
#992=ORIENTED_EDGE('',*,*,#763,.T.);
#993=ORIENTED_EDGE('',*,*,#764,.T.);
#994=ORIENTED_EDGE('',*,*,#765,.T.);
#995=ORIENTED_EDGE('',*,*,#766,.F.);
#996=ORIENTED_EDGE('',*,*,#767,.T.);
#997=ORIENTED_EDGE('',*,*,#768,.T.);
#998=ORIENTED_EDGE('',*,*,#769,.T.);
#999=ORIENTED_EDGE('',*,*,#742,.T.);
#1000=ORIENTED_EDGE('',*,*,#747,.T.);
#1001=ORIENTED_EDGE('',*,*,#769,.F.);
#1002=ORIENTED_EDGE('',*,*,#770,.F.);
#1003=ORIENTED_EDGE('',*,*,#750,.T.);
#1004=ORIENTED_EDGE('',*,*,#771,.F.);
#1005=ORIENTED_EDGE('',*,*,#756,.T.);
#1006=ORIENTED_EDGE('',*,*,#772,.F.);
#1007=ORIENTED_EDGE('',*,*,#766,.T.);
#1008=ORIENTED_EDGE('',*,*,#773,.F.);
#1009=ORIENTED_EDGE('',*,*,#774,.T.);
#1010=ORIENTED_EDGE('',*,*,#775,.T.);
#1011=ORIENTED_EDGE('',*,*,#759,.T.);
#1012=ORIENTED_EDGE('',*,*,#776,.T.);
#1013=ORIENTED_EDGE('',*,*,#777,.F.);
#1014=ORIENTED_EDGE('',*,*,#741,.T.);
#1015=ORIENTED_EDGE('',*,*,#778,.T.);
#1016=ORIENTED_EDGE('',*,*,#744,.T.);
#1017=ORIENTED_EDGE('',*,*,#757,.F.);
#1018=ORIENTED_EDGE('',*,*,#771,.T.);
#1019=ORIENTED_EDGE('',*,*,#755,.T.);
#1020=ORIENTED_EDGE('',*,*,#770,.T.);
#1021=ORIENTED_EDGE('',*,*,#768,.F.);
#1022=ORIENTED_EDGE('',*,*,#779,.F.);
#1023=ORIENTED_EDGE('',*,*,#758,.T.);
#1024=ORIENTED_EDGE('',*,*,#779,.T.);
#1025=ORIENTED_EDGE('',*,*,#767,.F.);
#1026=ORIENTED_EDGE('',*,*,#772,.T.);
#1027=ORIENTED_EDGE('',*,*,#780,.F.);
#1028=ORIENTED_EDGE('',*,*,#776,.F.);
#1029=ORIENTED_EDGE('',*,*,#781,.F.);
#1030=ORIENTED_EDGE('',*,*,#773,.T.);
#1031=ORIENTED_EDGE('',*,*,#765,.F.);
#1032=ORIENTED_EDGE('',*,*,#782,.F.);
#1033=ORIENTED_EDGE('',*,*,#760,.F.);
#1034=ORIENTED_EDGE('',*,*,#775,.F.);
#1035=ORIENTED_EDGE('',*,*,#748,.T.);
#1036=ORIENTED_EDGE('',*,*,#783,.F.);
#1037=ORIENTED_EDGE('',*,*,#761,.T.);
#1038=ORIENTED_EDGE('',*,*,#782,.T.);
#1039=ORIENTED_EDGE('',*,*,#764,.F.);
#1040=ORIENTED_EDGE('',*,*,#784,.F.);
#1041=ORIENTED_EDGE('',*,*,#752,.T.);
#1042=ORIENTED_EDGE('',*,*,#754,.T.);
#1043=ORIENTED_EDGE('',*,*,#740,.T.);
#1044=ORIENTED_EDGE('',*,*,#762,.F.);
#1045=ORIENTED_EDGE('',*,*,#783,.T.);
#1046=ORIENTED_EDGE('',*,*,#753,.T.);
#1047=ORIENTED_EDGE('',*,*,#784,.T.);
#1048=ORIENTED_EDGE('',*,*,#763,.F.);
#1049=ORIENTED_EDGE('',*,*,#745,.T.);
#1050=ORIENTED_EDGE('',*,*,#778,.F.);
#1051=ORIENTED_EDGE('',*,*,#785,.F.);
#1052=ORIENTED_EDGE('',*,*,#786,.T.);
#1053=ORIENTED_EDGE('',*,*,#787,.F.);
#1054=ORIENTED_EDGE('',*,*,#774,.F.);
#1055=ORIENTED_EDGE('',*,*,#788,.T.);
#1056=ORIENTED_EDGE('',*,*,#777,.T.);
#1057=ORIENTED_EDGE('',*,*,#789,.F.);
#1058=ORIENTED_EDGE('',*,*,#790,.F.);
#1059=ORIENTED_EDGE('',*,*,#791,.T.);
#1060=ORIENTED_EDGE('',*,*,#790,.T.);
#1061=ORIENTED_EDGE('',*,*,#792,.F.);
#1062=ORIENTED_EDGE('',*,*,#793,.F.);
#1063=ORIENTED_EDGE('',*,*,#794,.T.);
#1064=ORIENTED_EDGE('',*,*,#793,.T.);
#1065=ORIENTED_EDGE('',*,*,#795,.F.);
#1066=ORIENTED_EDGE('',*,*,#796,.F.);
#1067=ORIENTED_EDGE('',*,*,#797,.T.);
#1068=ORIENTED_EDGE('',*,*,#796,.T.);
#1069=ORIENTED_EDGE('',*,*,#798,.F.);
#1070=ORIENTED_EDGE('',*,*,#786,.F.);
#1071=ORIENTED_EDGE('',*,*,#798,.T.);
#1072=ORIENTED_EDGE('',*,*,#795,.T.);
#1073=ORIENTED_EDGE('',*,*,#792,.T.);
#1074=ORIENTED_EDGE('',*,*,#789,.T.);
#1075=ORIENTED_EDGE('',*,*,#780,.T.);
#1076=ORIENTED_EDGE('',*,*,#787,.T.);
#1077=ORIENTED_EDGE('',*,*,#739,.T.);
#1078=ORIENTED_EDGE('',*,*,#797,.F.);
#1079=ORIENTED_EDGE('',*,*,#785,.T.);
#1080=ORIENTED_EDGE('',*,*,#781,.T.);
#1081=ORIENTED_EDGE('',*,*,#788,.F.);
#1082=ORIENTED_EDGE('',*,*,#791,.F.);
#1083=ORIENTED_EDGE('',*,*,#794,.F.);
#1084=ORIENTED_EDGE('',*,*,#737,.T.);
#1085=ORIENTED_EDGE('',*,*,#799,.T.);
#1086=ORIENTED_EDGE('',*,*,#800,.T.);
#1087=ORIENTED_EDGE('',*,*,#801,.T.);
#1088=ORIENTED_EDGE('',*,*,#800,.F.);
#1089=ORIENTED_EDGE('',*,*,#799,.F.);
#1090=ORIENTED_EDGE('',*,*,#801,.F.);
#1091=ORIENTED_EDGE('',*,*,#802,.T.);
#1092=ORIENTED_EDGE('',*,*,#803,.F.);
#1093=ORIENTED_EDGE('',*,*,#803,.T.);
#1094=ORIENTED_EDGE('',*,*,#804,.T.);
#1095=ORIENTED_EDGE('',*,*,#805,.F.);
#1096=ORIENTED_EDGE('',*,*,#806,.T.);
#1097=ORIENTED_EDGE('',*,*,#804,.F.);
#1098=ORIENTED_EDGE('',*,*,#802,.F.);
#1099=ORIENTED_EDGE('',*,*,#806,.F.);
#1100=ORIENTED_EDGE('',*,*,#805,.T.);
#1101=ORIENTED_EDGE('',*,*,#807,.F.);
#1102=ORIENTED_EDGE('',*,*,#808,.F.);
#1103=ORIENTED_EDGE('',*,*,#809,.F.);
#1104=ORIENTED_EDGE('',*,*,#810,.T.);
#1105=ORIENTED_EDGE('',*,*,#811,.T.);
#1106=ORIENTED_EDGE('',*,*,#812,.T.);
#1107=ORIENTED_EDGE('',*,*,#813,.F.);
#1108=ORIENTED_EDGE('',*,*,#809,.T.);
#1109=ORIENTED_EDGE('',*,*,#814,.F.);
#1110=ORIENTED_EDGE('',*,*,#811,.F.);
#1111=ORIENTED_EDGE('',*,*,#815,.T.);
#1112=ORIENTED_EDGE('',*,*,#816,.T.);
#1113=ORIENTED_EDGE('',*,*,#817,.T.);
#1114=ORIENTED_EDGE('',*,*,#818,.T.);
#1115=ORIENTED_EDGE('',*,*,#819,.T.);
#1116=ORIENTED_EDGE('',*,*,#820,.T.);
#1117=ORIENTED_EDGE('',*,*,#821,.F.);
#1118=ORIENTED_EDGE('',*,*,#822,.T.);
#1119=ORIENTED_EDGE('',*,*,#823,.T.);
#1120=ORIENTED_EDGE('',*,*,#824,.T.);
#1121=ORIENTED_EDGE('',*,*,#825,.T.);
#1122=ORIENTED_EDGE('',*,*,#826,.F.);
#1123=ORIENTED_EDGE('',*,*,#827,.T.);
#1124=ORIENTED_EDGE('',*,*,#828,.T.);
#1125=ORIENTED_EDGE('',*,*,#829,.T.);
#1126=ORIENTED_EDGE('',*,*,#828,.F.);
#1127=ORIENTED_EDGE('',*,*,#830,.T.);
#1128=ORIENTED_EDGE('',*,*,#826,.T.);
#1129=ORIENTED_EDGE('',*,*,#816,.F.);
#1130=ORIENTED_EDGE('',*,*,#831,.F.);
#1131=ORIENTED_EDGE('',*,*,#832,.T.);
#1132=ORIENTED_EDGE('',*,*,#833,.F.);
#1133=ORIENTED_EDGE('',*,*,#834,.T.);
#1134=ORIENTED_EDGE('',*,*,#835,.T.);
#1135=ORIENTED_EDGE('',*,*,#836,.F.);
#1136=ORIENTED_EDGE('',*,*,#837,.T.);
#1137=ORIENTED_EDGE('',*,*,#821,.T.);
#1138=ORIENTED_EDGE('',*,*,#838,.F.);
#1139=ORIENTED_EDGE('',*,*,#839,.F.);
#1140=ORIENTED_EDGE('',*,*,#840,.F.);
#1141=ORIENTED_EDGE('',*,*,#841,.T.);
#1142=ORIENTED_EDGE('',*,*,#842,.F.);
#1143=ORIENTED_EDGE('',*,*,#843,.F.);
#1144=ORIENTED_EDGE('',*,*,#844,.F.);
#1145=ORIENTED_EDGE('',*,*,#817,.F.);
#1146=ORIENTED_EDGE('',*,*,#837,.F.);
#1147=ORIENTED_EDGE('',*,*,#845,.T.);
#1148=ORIENTED_EDGE('',*,*,#827,.F.);
#1149=ORIENTED_EDGE('',*,*,#846,.T.);
#1150=ORIENTED_EDGE('',*,*,#838,.T.);
#1151=ORIENTED_EDGE('',*,*,#820,.F.);
#1152=ORIENTED_EDGE('',*,*,#847,.T.);
#1153=ORIENTED_EDGE('',*,*,#812,.F.);
#1154=ORIENTED_EDGE('',*,*,#848,.T.);
#1155=ORIENTED_EDGE('',*,*,#841,.F.);
#1156=ORIENTED_EDGE('',*,*,#849,.F.);
#1157=ORIENTED_EDGE('',*,*,#808,.T.);
#1158=ORIENTED_EDGE('',*,*,#850,.F.);
#1159=ORIENTED_EDGE('',*,*,#834,.F.);
#1160=ORIENTED_EDGE('',*,*,#818,.F.);
#1161=ORIENTED_EDGE('',*,*,#819,.F.);
#1162=ORIENTED_EDGE('',*,*,#851,.F.);
#1163=ORIENTED_EDGE('',*,*,#836,.T.);
#1164=ORIENTED_EDGE('',*,*,#852,.T.);
#1165=ORIENTED_EDGE('',*,*,#839,.T.);
#1166=ORIENTED_EDGE('',*,*,#846,.F.);
#1167=ORIENTED_EDGE('',*,*,#830,.F.);
#1168=ORIENTED_EDGE('',*,*,#845,.F.);
#1169=ORIENTED_EDGE('',*,*,#807,.T.);
#1170=ORIENTED_EDGE('',*,*,#813,.T.);
#1171=ORIENTED_EDGE('',*,*,#810,.F.);
#1172=ORIENTED_EDGE('',*,*,#847,.F.);
#1173=ORIENTED_EDGE('',*,*,#840,.T.);
#1174=ORIENTED_EDGE('',*,*,#852,.F.);
#1175=ORIENTED_EDGE('',*,*,#835,.F.);
#1176=ORIENTED_EDGE('',*,*,#850,.T.);
#1177=ORIENTED_EDGE('',*,*,#814,.T.);
#1178=ORIENTED_EDGE('',*,*,#849,.T.);
#1179=ORIENTED_EDGE('',*,*,#833,.T.);
#1180=ORIENTED_EDGE('',*,*,#853,.T.);
#1181=ORIENTED_EDGE('',*,*,#842,.T.);
#1182=ORIENTED_EDGE('',*,*,#848,.F.);
#1183=ORIENTED_EDGE('',*,*,#823,.F.);
#1184=ORIENTED_EDGE('',*,*,#829,.F.);
#1185=ORIENTED_EDGE('',*,*,#825,.F.);
#1186=ORIENTED_EDGE('',*,*,#854,.T.);
#1187=ORIENTED_EDGE('',*,*,#843,.T.);
#1188=ORIENTED_EDGE('',*,*,#853,.F.);
#1189=ORIENTED_EDGE('',*,*,#832,.F.);
#1190=ORIENTED_EDGE('',*,*,#855,.T.);
#1191=ORIENTED_EDGE('',*,*,#815,.F.);
#1192=ORIENTED_EDGE('',*,*,#851,.T.);
#1193=ORIENTED_EDGE('',*,*,#822,.F.);
#1194=ORIENTED_EDGE('',*,*,#844,.T.);
#1195=ORIENTED_EDGE('',*,*,#854,.F.);
#1196=ORIENTED_EDGE('',*,*,#824,.F.);
#1197=ORIENTED_EDGE('',*,*,#855,.F.);
#1198=ORIENTED_EDGE('',*,*,#831,.T.);
#1199=ORIENTED_EDGE('',*,*,#856,.T.);
#1200=ORIENTED_EDGE('',*,*,#857,.T.);
#1201=ORIENTED_EDGE('',*,*,#858,.T.);
#1202=ORIENTED_EDGE('',*,*,#859,.T.);
#1203=ORIENTED_EDGE('',*,*,#857,.F.);
#1204=ORIENTED_EDGE('',*,*,#860,.F.);
#1205=ORIENTED_EDGE('',*,*,#861,.T.);
#1206=ORIENTED_EDGE('',*,*,#862,.F.);
#1207=ORIENTED_EDGE('',*,*,#863,.T.);
#1208=ORIENTED_EDGE('',*,*,#856,.F.);
#1209=ORIENTED_EDGE('',*,*,#864,.T.);
#1210=ORIENTED_EDGE('',*,*,#865,.T.);
#1211=ORIENTED_EDGE('',*,*,#860,.T.);
#1212=ORIENTED_EDGE('',*,*,#866,.F.);
#1213=ORIENTED_EDGE('',*,*,#867,.T.);
#1214=ORIENTED_EDGE('',*,*,#861,.F.);
#1215=ORIENTED_EDGE('',*,*,#865,.F.);
#1216=ORIENTED_EDGE('',*,*,#863,.F.);
#1217=ORIENTED_EDGE('',*,*,#868,.T.);
#1218=ORIENTED_EDGE('',*,*,#869,.F.);
#1219=ORIENTED_EDGE('',*,*,#868,.F.);
#1220=ORIENTED_EDGE('',*,*,#866,.T.);
#1221=ORIENTED_EDGE('',*,*,#864,.F.);
#1222=ORIENTED_EDGE('',*,*,#859,.F.);
#1223=ORIENTED_EDGE('',*,*,#870,.F.);
#1224=ORIENTED_EDGE('',*,*,#869,.T.);
#1225=ORIENTED_EDGE('',*,*,#858,.F.);
#1226=ORIENTED_EDGE('',*,*,#862,.T.);
#1227=ORIENTED_EDGE('',*,*,#867,.F.);
#1228=ORIENTED_EDGE('',*,*,#870,.T.);
#1229=ORIENTED_EDGE('',*,*,#871,.F.);
#1230=ORIENTED_EDGE('',*,*,#872,.T.);
#1231=ORIENTED_EDGE('',*,*,#873,.F.);
#1232=ORIENTED_EDGE('',*,*,#874,.F.);
#1233=ORIENTED_EDGE('',*,*,#875,.F.);
#1234=ORIENTED_EDGE('',*,*,#874,.T.);
#1235=ORIENTED_EDGE('',*,*,#876,.F.);
#1236=ORIENTED_EDGE('',*,*,#877,.F.);
#1237=ORIENTED_EDGE('',*,*,#878,.F.);
#1238=ORIENTED_EDGE('',*,*,#877,.T.);
#1239=ORIENTED_EDGE('',*,*,#879,.F.);
#1240=ORIENTED_EDGE('',*,*,#880,.F.);
#1241=ORIENTED_EDGE('',*,*,#881,.F.);
#1242=ORIENTED_EDGE('',*,*,#880,.T.);
#1243=ORIENTED_EDGE('',*,*,#882,.F.);
#1244=ORIENTED_EDGE('',*,*,#872,.F.);
#1245=ORIENTED_EDGE('',*,*,#882,.T.);
#1246=ORIENTED_EDGE('',*,*,#879,.T.);
#1247=ORIENTED_EDGE('',*,*,#876,.T.);
#1248=ORIENTED_EDGE('',*,*,#873,.T.);
#1249=ORIENTED_EDGE('',*,*,#881,.T.);
#1250=ORIENTED_EDGE('',*,*,#871,.T.);
#1251=ORIENTED_EDGE('',*,*,#875,.T.);
#1252=ORIENTED_EDGE('',*,*,#878,.T.);
#1253=ORIENTED_EDGE('',*,*,#883,.T.);
#1254=ORIENTED_EDGE('',*,*,#884,.T.);
#1255=ORIENTED_EDGE('',*,*,#885,.F.);
#1256=ORIENTED_EDGE('',*,*,#886,.F.);
#1257=ORIENTED_EDGE('',*,*,#887,.T.);
#1258=ORIENTED_EDGE('',*,*,#886,.T.);
#1259=ORIENTED_EDGE('',*,*,#888,.F.);
#1260=ORIENTED_EDGE('',*,*,#889,.F.);
#1261=ORIENTED_EDGE('',*,*,#890,.T.);
#1262=ORIENTED_EDGE('',*,*,#889,.T.);
#1263=ORIENTED_EDGE('',*,*,#891,.F.);
#1264=ORIENTED_EDGE('',*,*,#892,.F.);
#1265=ORIENTED_EDGE('',*,*,#893,.F.);
#1266=ORIENTED_EDGE('',*,*,#892,.T.);
#1267=ORIENTED_EDGE('',*,*,#894,.F.);
#1268=ORIENTED_EDGE('',*,*,#884,.F.);
#1269=ORIENTED_EDGE('',*,*,#893,.T.);
#1270=ORIENTED_EDGE('',*,*,#883,.F.);
#1271=ORIENTED_EDGE('',*,*,#887,.F.);
#1272=ORIENTED_EDGE('',*,*,#890,.F.);
#1273=ORIENTED_EDGE('',*,*,#894,.T.);
#1274=ORIENTED_EDGE('',*,*,#891,.T.);
#1275=ORIENTED_EDGE('',*,*,#888,.T.);
#1276=ORIENTED_EDGE('',*,*,#885,.T.);
#1277=CYLINDRICAL_SURFACE('',#1400,3.15);
#1278=CYLINDRICAL_SURFACE('',#1410,4.);
#1279=CYLINDRICAL_SURFACE('',#1418,0.4);
#1280=CYLINDRICAL_SURFACE('',#1421,1.25);
#1281=CYLINDRICAL_SURFACE('',#1425,1.25);
#1282=CYLINDRICAL_SURFACE('',#1429,0.5);
#1283=CYLINDRICAL_SURFACE('',#1440,1.);
#1284=CYLINDRICAL_SURFACE('',#1443,1.);
#1285=CYLINDRICAL_SURFACE('',#1447,0.675000000000004);
#1286=CYLINDRICAL_SURFACE('',#1450,0.674999999999996);
#1287=CYLINDRICAL_SURFACE('',#1454,2.);
#1288=CYLINDRICAL_SURFACE('',#1458,2.);
#1289=CYLINDRICAL_SURFACE('',#1472,0.6);
#1290=CYLINDRICAL_SURFACE('',#1478,1.25);
#1291=CYLINDRICAL_SURFACE('',#1482,1.25);
#1292=CYLINDRICAL_SURFACE('',#1486,0.5);
#1293=CYLINDRICAL_SURFACE('',#1497,1.);
#1294=CYLINDRICAL_SURFACE('',#1500,1.);
#1295=CYLINDRICAL_SURFACE('',#1504,0.675000000000004);
#1296=CYLINDRICAL_SURFACE('',#1507,0.674999999999996);
#1297=CYLINDRICAL_SURFACE('',#1509,1.);
#1298=CYLINDRICAL_SURFACE('',#1516,1.3);
#1299=CYLINDRICAL_SURFACE('',#1518,0.25);
#1300=ADVANCED_FACE('',(#109),#1277,.F.);
#1301=ADVANCED_FACE('',(#110),#55,.T.);
#1302=ADVANCED_FACE('',(#111),#56,.T.);
#1303=ADVANCED_FACE('',(#112),#57,.T.);
#1304=ADVANCED_FACE('',(#113),#58,.T.);
#1305=ADVANCED_FACE('',(#114),#59,.T.);
#1306=ADVANCED_FACE('',(#115),#60,.T.);
#1307=ADVANCED_FACE('',(#116),#1278,.T.);
#1308=ADVANCED_FACE('',(#117),#61,.T.);
#1309=ADVANCED_FACE('',(#118),#62,.T.);
#1310=ADVANCED_FACE('',(#119),#63,.T.);
#1311=ADVANCED_FACE('',(#120),#64,.T.);
#1312=ADVANCED_FACE('',(#121),#65,.T.);
#1313=ADVANCED_FACE('',(#122,#49),#66,.T.);
#1314=ADVANCED_FACE('',(#123),#1279,.F.);
#1315=ADVANCED_FACE('',(#124),#1280,.T.);
#1316=ADVANCED_FACE('',(#125),#1281,.T.);
#1317=ADVANCED_FACE('',(#126),#1282,.F.);
#1318=ADVANCED_FACE('',(#127),#67,.F.);
#1319=ADVANCED_FACE('',(#128),#68,.T.);
#1320=ADVANCED_FACE('',(#129),#69,.F.);
#1321=ADVANCED_FACE('',(#130),#70,.T.);
#1322=ADVANCED_FACE('',(#131),#1283,.F.);
#1323=ADVANCED_FACE('',(#132),#1284,.F.);
#1324=ADVANCED_FACE('',(#133),#71,.T.);
#1325=ADVANCED_FACE('',(#134),#1285,.T.);
#1326=ADVANCED_FACE('',(#135),#72,.T.);
#1327=ADVANCED_FACE('',(#136),#73,.T.);
#1328=ADVANCED_FACE('',(#137),#1286,.F.);
#1329=ADVANCED_FACE('',(#138),#74,.T.);
#1330=ADVANCED_FACE('',(#139),#75,.T.);
#1331=ADVANCED_FACE('',(#140),#76,.T.);
#1332=ADVANCED_FACE('',(#141),#1287,.T.);
#1333=ADVANCED_FACE('',(#142),#77,.T.);
#1334=ADVANCED_FACE('',(#143),#1288,.T.);
#1335=ADVANCED_FACE('',(#144,#50),#78,.T.);
#1336=ADVANCED_FACE('',(#145,#51),#79,.F.);
#1337=ADVANCED_FACE('',(#146),#14,.T.);
#1338=ADVANCED_FACE('',(#147,#52),#80,.F.);
#1339=ADVANCED_FACE('',(#148),#13,.T.);
#1340=ADVANCED_FACE('',(#149),#1289,.T.);
#1341=ADVANCED_FACE('',(#150),#81,.F.);
#1342=ADVANCED_FACE('',(#151),#82,.F.);
#1343=ADVANCED_FACE('',(#152),#83,.F.);
#1344=ADVANCED_FACE('',(#153),#84,.T.);
#1345=ADVANCED_FACE('',(#154),#1290,.T.);
#1346=ADVANCED_FACE('',(#155),#1291,.T.);
#1347=ADVANCED_FACE('',(#156),#1292,.F.);
#1348=ADVANCED_FACE('',(#157),#85,.T.);
#1349=ADVANCED_FACE('',(#158),#86,.F.);
#1350=ADVANCED_FACE('',(#159),#87,.T.);
#1351=ADVANCED_FACE('',(#160),#88,.F.);
#1352=ADVANCED_FACE('',(#161),#1293,.F.);
#1353=ADVANCED_FACE('',(#162),#1294,.F.);
#1354=ADVANCED_FACE('',(#163),#89,.F.);
#1355=ADVANCED_FACE('',(#164),#1295,.T.);
#1356=ADVANCED_FACE('',(#165),#90,.F.);
#1357=ADVANCED_FACE('',(#166),#91,.F.);
#1358=ADVANCED_FACE('',(#167),#1296,.F.);
#1359=ADVANCED_FACE('',(#168),#92,.F.);
#1360=ADVANCED_FACE('',(#169),#1297,.T.);
#1361=ADVANCED_FACE('',(#170,#53),#93,.T.);
#1362=ADVANCED_FACE('',(#171),#94,.T.);
#1363=ADVANCED_FACE('',(#172),#1298,.T.);
#1364=ADVANCED_FACE('',(#173),#1299,.F.);
#1365=ADVANCED_FACE('',(#174,#54),#95,.T.);
#1366=ADVANCED_FACE('',(#175),#96,.T.);
#1367=ADVANCED_FACE('',(#176),#97,.T.);
#1368=ADVANCED_FACE('',(#177),#98,.T.);
#1369=ADVANCED_FACE('',(#178),#99,.T.);
#1370=ADVANCED_FACE('',(#179),#100,.T.);
#1371=ADVANCED_FACE('',(#180),#101,.T.);
#1372=ADVANCED_FACE('',(#181),#102,.F.);
#1373=ADVANCED_FACE('',(#182),#103,.T.);
#1374=ADVANCED_FACE('',(#183),#104,.T.);
#1375=ADVANCED_FACE('',(#184),#105,.T.);
#1376=ADVANCED_FACE('',(#185),#106,.T.);
#1377=ADVANCED_FACE('',(#186),#107,.T.);
#1378=ADVANCED_FACE('',(#187),#108,.T.);
#1379=CLOSED_SHELL('',(#1300,#1301,#1302,#1303,#1304,#1305,#1306,#1307,
#1308,#1309,#1310,#1311,#1312,#1313));
#1380=CLOSED_SHELL('',(#1314,#1315,#1316,#1317,#1318,#1319,#1320,#1321,
#1322,#1323,#1324,#1325,#1326,#1327,#1328,#1329,#1330,#1331,#1332,#1333,
#1334,#1335,#1336));
#1381=CLOSED_SHELL('',(#1337,#1338));
#1382=CLOSED_SHELL('',(#1339,#1340,#1341));
#1383=CLOSED_SHELL('',(#1342,#1343,#1344,#1345,#1346,#1347,#1348,#1349,
#1350,#1351,#1352,#1353,#1354,#1355,#1356,#1357,#1358,#1359));
#1384=CLOSED_SHELL('',(#1360,#1361,#1362,#1363,#1364,#1365,#1366));
#1385=CLOSED_SHELL('',(#1367,#1368,#1369,#1370,#1371,#1372));
#1386=CLOSED_SHELL('',(#1373,#1374,#1375,#1376,#1377,#1378));
#1387=DERIVED_UNIT_ELEMENT(#1389,1.);
#1388=DERIVED_UNIT_ELEMENT(#2364,-3.);
#1389=(
MASS_UNIT()
NAMED_UNIT(*)
SI_UNIT(.KILO.,.GRAM.)
);
#1390=DERIVED_UNIT((#1387,#1388));
#1391=MEASURE_REPRESENTATION_ITEM('density measure',
POSITIVE_RATIO_MEASURE(7850.),#1390);
#1392=PROPERTY_DEFINITION_REPRESENTATION(#1397,#1394);
#1393=PROPERTY_DEFINITION_REPRESENTATION(#1398,#1395);
#1394=REPRESENTATION('material name',(#1396),#2361);
#1395=REPRESENTATION('density',(#1391),#2361);
#1396=DESCRIPTIVE_REPRESENTATION_ITEM('Steel','Steel');
#1397=PROPERTY_DEFINITION('material property','material name',#2371);
#1398=PROPERTY_DEFINITION('material property','density of part',#2371);
#1399=AXIS2_PLACEMENT_3D('',#1936,#1534,#1535);
#1400=AXIS2_PLACEMENT_3D('',#1937,#1536,#1537);
#1401=AXIS2_PLACEMENT_3D('',#1939,#1538,#1539);
#1402=AXIS2_PLACEMENT_3D('',#1942,#1541,#1542);
#1403=AXIS2_PLACEMENT_3D('',#1943,#1543,#1544);
#1404=AXIS2_PLACEMENT_3D('',#1944,#1545,#1546);
#1405=AXIS2_PLACEMENT_3D('',#1953,#1551,#1552);
#1406=AXIS2_PLACEMENT_3D('',#1959,#1556,#1557);
#1407=AXIS2_PLACEMENT_3D('',#1961,#1558,#1559);
#1408=AXIS2_PLACEMENT_3D('',#1975,#1567,#1568);
#1409=AXIS2_PLACEMENT_3D('',#1981,#1572,#1573);
#1410=AXIS2_PLACEMENT_3D('',#1985,#1576,#1577);
#1411=AXIS2_PLACEMENT_3D('',#1986,#1578,#1579);
#1412=AXIS2_PLACEMENT_3D('',#1987,#1580,#1581);
#1413=AXIS2_PLACEMENT_3D('',#1989,#1583,#1584);
#1414=AXIS2_PLACEMENT_3D('',#1995,#1588,#1589);
#1415=AXIS2_PLACEMENT_3D('',#1999,#1592,#1593);
#1416=AXIS2_PLACEMENT_3D('',#2003,#1596,#1597);
#1417=AXIS2_PLACEMENT_3D('',#2005,#1599,#1600);
#1418=AXIS2_PLACEMENT_3D('',#2006,#1601,#1602);
#1419=AXIS2_PLACEMENT_3D('',#2008,#1603,#1604);
#1420=AXIS2_PLACEMENT_3D('',#2011,#1606,#1607);
#1421=AXIS2_PLACEMENT_3D('',#2012,#1608,#1609);
#1422=AXIS2_PLACEMENT_3D('',#2015,#1610,#1611);
#1423=AXIS2_PLACEMENT_3D('',#2017,#1612,#1613);
#1424=AXIS2_PLACEMENT_3D('',#2019,#1614,#1615);
#1425=AXIS2_PLACEMENT_3D('',#2021,#1617,#1618);
#1426=AXIS2_PLACEMENT_3D('',#2023,#1619,#1620);
#1427=AXIS2_PLACEMENT_3D('',#2025,#1621,#1622);
#1428=AXIS2_PLACEMENT_3D('',#2028,#1624,#1625);
#1429=AXIS2_PLACEMENT_3D('',#2029,#1626,#1627);
#1430=AXIS2_PLACEMENT_3D('',#2043,#1629,#1630);
#1431=AXIS2_PLACEMENT_3D('',#2055,#1632,#1633);
#1432=AXIS2_PLACEMENT_3D('',#2056,#1634,#1635);
#1433=AXIS2_PLACEMENT_3D('',#2059,#1638,#1639);
#1434=AXIS2_PLACEMENT_3D('',#2063,#1641,#1642);
#1435=AXIS2_PLACEMENT_3D('',#2071,#1646,#1647);
#1436=AXIS2_PLACEMENT_3D('',#2073,#1649,#1650);
#1437=AXIS2_PLACEMENT_3D('',#2077,#1652,#1653);
#1438=AXIS2_PLACEMENT_3D('',#2085,#1657,#1658);
#1439=AXIS2_PLACEMENT_3D('',#2087,#1660,#1661);
#1440=AXIS2_PLACEMENT_3D('',#2090,#1664,#1665);
#1441=AXIS2_PLACEMENT_3D('',#2092,#1666,#1667);
#1442=AXIS2_PLACEMENT_3D('',#2094,#1668,#1669);
#1443=AXIS2_PLACEMENT_3D('',#2096,#1671,#1672);
#1444=AXIS2_PLACEMENT_3D('',#2098,#1673,#1674);
#1445=AXIS2_PLACEMENT_3D('',#2100,#1675,#1676);
#1446=AXIS2_PLACEMENT_3D('',#2102,#1678,#1679);
#1447=AXIS2_PLACEMENT_3D('',#2104,#1681,#1682);
#1448=AXIS2_PLACEMENT_3D('',#2106,#1684,#1685);
#1449=AXIS2_PLACEMENT_3D('',#2108,#1687,#1688);
#1450=AXIS2_PLACEMENT_3D('',#2111,#1691,#1692);
#1451=AXIS2_PLACEMENT_3D('',#2114,#1695,#1696);
#1452=AXIS2_PLACEMENT_3D('',#2115,#1697,#1698);
#1453=AXIS2_PLACEMENT_3D('',#2121,#1702,#1703);
#1454=AXIS2_PLACEMENT_3D('',#2127,#1707,#1708);
#1455=AXIS2_PLACEMENT_3D('',#2129,#1709,#1710);
#1456=AXIS2_PLACEMENT_3D('',#2131,#1711,#1712);
#1457=AXIS2_PLACEMENT_3D('',#2133,#1714,#1715);
#1458=AXIS2_PLACEMENT_3D('',#2139,#1719,#1720);
#1459=AXIS2_PLACEMENT_3D('',#2140,#1721,#1722);
#1460=AXIS2_PLACEMENT_3D('',#2141,#1723,#1724);
#1461=AXIS2_PLACEMENT_3D('',#2142,#1725,#1726);
#1462=AXIS2_PLACEMENT_3D('',#2143,#1727,#1728);
#1463=AXIS2_PLACEMENT_3D('',#2144,#1729,#1730);
#1464=AXIS2_PLACEMENT_3D('',#2146,#1731,#1732);
#1465=AXIS2_PLACEMENT_3D('',#2148,#1733,#1734);
#1466=AXIS2_PLACEMENT_3D('',#2149,#1735,#1736);
#1467=AXIS2_PLACEMENT_3D('',#2150,#1737,#1738);
#1468=AXIS2_PLACEMENT_3D('',#2151,#1739,#1740);
#1469=AXIS2_PLACEMENT_3D('',#2154,#1741,#1742);
#1470=AXIS2_PLACEMENT_3D('',#2156,#1743,#1744);
#1471=AXIS2_PLACEMENT_3D('',#2157,#1745,#1746);
#1472=AXIS2_PLACEMENT_3D('',#2158,#1747,#1748);
#1473=AXIS2_PLACEMENT_3D('',#2160,#1749,#1750);
#1474=AXIS2_PLACEMENT_3D('',#2162,#1752,#1753);
#1475=AXIS2_PLACEMENT_3D('',#2163,#1754,#1755);
#1476=AXIS2_PLACEMENT_3D('',#2170,#1759,#1760);
#1477=AXIS2_PLACEMENT_3D('',#2177,#1764,#1765);
#1478=AXIS2_PLACEMENT_3D('',#2180,#1768,#1769);
#1479=AXIS2_PLACEMENT_3D('',#2183,#1770,#1771);
#1480=AXIS2_PLACEMENT_3D('',#2187,#1773,#1774);
#1481=AXIS2_PLACEMENT_3D('',#2188,#1775,#1776);
#1482=AXIS2_PLACEMENT_3D('',#2189,#1777,#1778);
#1483=AXIS2_PLACEMENT_3D('',#2191,#1779,#1780);
#1484=AXIS2_PLACEMENT_3D('',#2193,#1781,#1782);
#1485=AXIS2_PLACEMENT_3D('',#2196,#1784,#1785);
#1486=AXIS2_PLACEMENT_3D('',#2197,#1786,#1787);
#1487=AXIS2_PLACEMENT_3D('',#2209,#1788,#1789);
#1488=AXIS2_PLACEMENT_3D('',#2222,#1791,#1792);
#1489=AXIS2_PLACEMENT_3D('',#2224,#1794,#1795);
#1490=AXIS2_PLACEMENT_3D('',#2227,#1798,#1799);
#1491=AXIS2_PLACEMENT_3D('',#2231,#1801,#1802);
#1492=AXIS2_PLACEMENT_3D('',#2239,#1806,#1807);
#1493=AXIS2_PLACEMENT_3D('',#2241,#1809,#1810);
#1494=AXIS2_PLACEMENT_3D('',#2245,#1812,#1813);
#1495=AXIS2_PLACEMENT_3D('',#2253,#1817,#1818);
#1496=AXIS2_PLACEMENT_3D('',#2255,#1820,#1821);
#1497=AXIS2_PLACEMENT_3D('',#2258,#1824,#1825);
#1498=AXIS2_PLACEMENT_3D('',#2259,#1826,#1827);
#1499=AXIS2_PLACEMENT_3D('',#2260,#1828,#1829);
#1500=AXIS2_PLACEMENT_3D('',#2261,#1830,#1831);
#1501=AXIS2_PLACEMENT_3D('',#2262,#1832,#1833);
#1502=AXIS2_PLACEMENT_3D('',#2263,#1834,#1835);
#1503=AXIS2_PLACEMENT_3D('',#2264,#1836,#1837);
#1504=AXIS2_PLACEMENT_3D('',#2266,#1839,#1840);
#1505=AXIS2_PLACEMENT_3D('',#2268,#1842,#1843);
#1506=AXIS2_PLACEMENT_3D('',#2269,#1844,#1845);
#1507=AXIS2_PLACEMENT_3D('',#2271,#1847,#1848);
#1508=AXIS2_PLACEMENT_3D('',#2274,#1851,#1852);
#1509=AXIS2_PLACEMENT_3D('',#2275,#1853,#1854);
#1510=AXIS2_PLACEMENT_3D('',#2278,#1855,#1856);
#1511=AXIS2_PLACEMENT_3D('',#2282,#1858,#1859);
#1512=AXIS2_PLACEMENT_3D('',#2284,#1861,#1862);
#1513=AXIS2_PLACEMENT_3D('',#2288,#1864,#1865);
#1514=AXIS2_PLACEMENT_3D('',#2291,#1867,#1868);
#1515=AXIS2_PLACEMENT_3D('',#2292,#1869,#1870);
#1516=AXIS2_PLACEMENT_3D('',#2296,#1873,#1874);
#1517=AXIS2_PLACEMENT_3D('',#2298,#1875,#1876);
#1518=AXIS2_PLACEMENT_3D('',#2300,#1878,#1879);
#1519=AXIS2_PLACEMENT_3D('',#2303,#1881,#1882);
#1520=AXIS2_PLACEMENT_3D('',#2304,#1883,#1884);
#1521=AXIS2_PLACEMENT_3D('',#2306,#1886,#1887);
#1522=AXIS2_PLACEMENT_3D('',#2307,#1888,#1889);
#1523=AXIS2_PLACEMENT_3D('',#2316,#1894,#1895);
#1524=AXIS2_PLACEMENT_3D('',#2322,#1899,#1900);
#1525=AXIS2_PLACEMENT_3D('',#2328,#1904,#1905);
#1526=AXIS2_PLACEMENT_3D('',#2331,#1908,#1909);
#1527=AXIS2_PLACEMENT_3D('',#2332,#1910,#1911);
#1528=AXIS2_PLACEMENT_3D('',#2333,#1912,#1913);
#1529=AXIS2_PLACEMENT_3D('',#2342,#1918,#1919);
#1530=AXIS2_PLACEMENT_3D('',#2348,#1923,#1924);
#1531=AXIS2_PLACEMENT_3D('',#2354,#1928,#1929);
#1532=AXIS2_PLACEMENT_3D('',#2357,#1932,#1933);
#1533=AXIS2_PLACEMENT_3D('',#2358,#1934,#1935);
#1534=DIRECTION('axis',(0.,0.,1.));
#1535=DIRECTION('refdir',(1.,0.,0.));
#1536=DIRECTION('center_axis',(1.,0.,0.));
#1537=DIRECTION('ref_axis',(0.,-1.,0.));
#1538=DIRECTION('center_axis',(1.,0.,0.));
#1539=DIRECTION('ref_axis',(0.,-1.,0.));
#1540=DIRECTION('',(1.,0.,0.));
#1541=DIRECTION('center_axis',(1.,0.,0.));
#1542=DIRECTION('ref_axis',(0.,-1.,0.));
#1543=DIRECTION('center_axis',(-1.,0.,0.));
#1544=DIRECTION('ref_axis',(0.,-1.,0.));
#1545=DIRECTION('center_axis',(0.,0.,1.));
#1546=DIRECTION('ref_axis',(-1.,0.,0.));
#1547=DIRECTION('',(1.,0.,0.));
#1548=DIRECTION('',(0.,1.,0.));
#1549=DIRECTION('',(-1.,0.,0.));
#1550=DIRECTION('',(0.,-1.,0.));
#1551=DIRECTION('center_axis',(0.,-1.,0.));
#1552=DIRECTION('ref_axis',(0.,0.,-1.));
#1553=DIRECTION('',(0.,0.,1.));
#1554=DIRECTION('',(1.,0.,0.));
#1555=DIRECTION('',(0.,0.,1.));
#1556=DIRECTION('center_axis',(1.,0.,0.));
#1557=DIRECTION('ref_axis',(0.,1.,0.));
#1558=DIRECTION('center_axis',(-1.,0.,0.));
#1559=DIRECTION('ref_axis',(0.,1.,0.));
#1560=DIRECTION('',(0.,1.,0.));
#1561=DIRECTION('',(0.,0.,-1.));
#1562=DIRECTION('',(0.,-1.,0.));
#1563=DIRECTION('',(0.,0.,1.));
#1564=DIRECTION('',(0.,-1.,0.));
#1565=DIRECTION('',(0.,0.,1.));
#1566=DIRECTION('',(0.,-1.,0.));
#1567=DIRECTION('center_axis',(0.,0.,1.));
#1568=DIRECTION('ref_axis',(1.,0.,0.));
#1569=DIRECTION('',(1.,0.,0.));
#1570=DIRECTION('',(0.,1.,0.));
#1571=DIRECTION('',(1.,0.,0.));
#1572=DIRECTION('center_axis',(0.,1.,0.));
#1573=DIRECTION('ref_axis',(0.,0.,1.));
#1574=DIRECTION('',(0.,0.,-1.));
#1575=DIRECTION('',(-1.,0.,0.));
#1576=DIRECTION('center_axis',(1.,0.,0.));
#1577=DIRECTION('ref_axis',(0.,1.,0.));
#1578=DIRECTION('center_axis',(1.,0.,0.));
#1579=DIRECTION('ref_axis',(0.,1.,0.));
#1580=DIRECTION('center_axis',(1.,0.,0.));
#1581=DIRECTION('ref_axis',(0.,1.,0.));
#1582=DIRECTION('',(0.,-1.,0.));
#1583=DIRECTION('center_axis',(0.,1.,0.));
#1584=DIRECTION('ref_axis',(0.,0.,-1.));
#1585=DIRECTION('',(-1.,0.,0.));
#1586=DIRECTION('',(0.,0.,-1.));
#1587=DIRECTION('',(-1.,0.,0.));
#1588=DIRECTION('center_axis',(0.,0.,1.));
#1589=DIRECTION('ref_axis',(0.,1.,0.));
#1590=DIRECTION('',(0.,1.,0.));
#1591=DIRECTION('',(-1.,0.,0.));
#1592=DIRECTION('center_axis',(0.,-1.,0.));
#1593=DIRECTION('ref_axis',(0.,0.,1.));
#1594=DIRECTION('',(0.,0.,1.));
#1595=DIRECTION('',(-1.,0.,0.));
#1596=DIRECTION('center_axis',(0.,0.,-1.));
#1597=DIRECTION('ref_axis',(0.,-1.,0.));
#1598=DIRECTION('',(0.,-1.,0.));
#1599=DIRECTION('center_axis',(-1.,0.,0.));
#1600=DIRECTION('ref_axis',(0.,0.,1.));
#1601=DIRECTION('center_axis',(1.,0.,0.));
#1602=DIRECTION('ref_axis',(0.,1.,0.));
#1603=DIRECTION('center_axis',(1.,0.,0.));
#1604=DIRECTION('ref_axis',(0.,1.,0.));
#1605=DIRECTION('',(1.,0.,0.));
#1606=DIRECTION('center_axis',(-1.,0.,0.));
#1607=DIRECTION('ref_axis',(0.,1.,0.));
#1608=DIRECTION('center_axis',(-0.863423465740759,0.,0.504479849754395));
#1609=DIRECTION('ref_axis',(0.248990086277094,-0.869712860859026,0.426149594147564));
#1610=DIRECTION('center_axis',(-0.86342346574076,0.,0.504479849754393));
#1611=DIRECTION('ref_axis',(0.248990086277094,-0.869712860859026,0.426149594147564));
#1612=DIRECTION('center_axis',(-0.571280130955598,0.,-0.82075514739498));
#1613=DIRECTION('ref_axis',(-0.82075514739498,4.39660736348556E-18,0.571280130955598));
#1614=DIRECTION('center_axis',(0.863423465740759,0.,-0.504479849754395));
#1615=DIRECTION('ref_axis',(0.248990086277094,-0.869712860859026,0.426149594147564));
#1616=DIRECTION('',(0.863423465740759,0.,-0.504479849754395));
#1617=DIRECTION('center_axis',(-0.863423465740759,5.51957469628983E-17,
0.504479849754395));
#1618=DIRECTION('ref_axis',(-0.356721122733303,0.707106781186547,-0.610532587660881));
#1619=DIRECTION('center_axis',(-0.571280130955598,0.,-0.82075514739498));
#1620=DIRECTION('ref_axis',(-0.820755147394979,3.956946627137E-17,0.571280130955598));
#1621=DIRECTION('center_axis',(-0.86342346574076,0.,0.504479849754393));
#1622=DIRECTION('ref_axis',(0.248990086277094,-0.869712860859026,0.426149594147564));
#1623=DIRECTION('',(0.863423465740759,-5.51957469628983E-17,-0.504479849754395));
#1624=DIRECTION('center_axis',(0.863423465740759,0.,-0.504479849754395));
#1625=DIRECTION('ref_axis',(0.248990086277094,-0.869712860859026,0.426149594147564));
#1626=DIRECTION('center_axis',(-0.863423465740759,6.30808536718839E-17,
0.504479849754394));
#1627=DIRECTION('ref_axis',(-0.504479849754394,-1.07187543957223E-15,-0.863423465740759));
#1628=DIRECTION('',(-0.863423465740759,6.30808536718839E-17,0.504479849754394));
#1629=DIRECTION('center_axis',(-0.863423465740759,0.,0.504479849754395));
#1630=DIRECTION('ref_axis',(5.44654892992637E-17,1.,-3.18230195827709E-17));
#1631=DIRECTION('',(-0.863423465740759,6.30808536718839E-17,0.504479849754394));
#1632=DIRECTION('center_axis',(0.86342346574076,0.,-0.504479849754393));
#1633=DIRECTION('ref_axis',(5.44654892992637E-17,1.,-3.18230195827709E-17));
#1634=DIRECTION('center_axis',(0.504479849754394,2.77333911991762E-32,0.863423465740759));
#1635=DIRECTION('ref_axis',(4.7929630583352E-17,1.,-2.80042572328384E-17));
#1636=DIRECTION('',(0.,-1.,0.));
#1637=DIRECTION('',(0.,1.,0.));
#1638=DIRECTION('center_axis',(0.,-1.,0.));
#1639=DIRECTION('ref_axis',(1.,0.,0.));
#1640=DIRECTION('',(-0.504479849754395,0.,-0.863423465740759));
#1641=DIRECTION('center_axis',(0.,-1.,0.));
#1642=DIRECTION('ref_axis',(0.86342346574076,0.,-0.504479849754392));
#1643=DIRECTION('',(0.325079768511048,0.,-0.945686599304867));
#1644=DIRECTION('',(1.,0.,0.));
#1645=DIRECTION('',(0.325079768511048,0.,-0.945686599304867));
#1646=DIRECTION('center_axis',(0.,-1.,0.));
#1647=DIRECTION('ref_axis',(0.863423465740757,0.,-0.504479849754398));
#1648=DIRECTION('',(-0.504479849754393,0.,-0.86342346574076));
#1649=DIRECTION('center_axis',(0.,-1.,0.));
#1650=DIRECTION('ref_axis',(1.,0.,0.));
#1651=DIRECTION('',(0.504479849754393,0.,0.86342346574076));
#1652=DIRECTION('center_axis',(0.,-1.,0.));
#1653=DIRECTION('ref_axis',(0.863423465740757,0.,-0.504479849754398));
#1654=DIRECTION('',(-0.325079768511048,0.,0.945686599304867));
#1655=DIRECTION('',(-1.,0.,0.));
#1656=DIRECTION('',(0.325079768511048,0.,-0.945686599304867));
#1657=DIRECTION('center_axis',(0.,1.,0.));
#1658=DIRECTION('ref_axis',(0.86342346574076,0.,-0.504479849754392));
#1659=DIRECTION('',(-0.504479849754395,0.,-0.863423465740759));
#1660=DIRECTION('center_axis',(0.863423465740759,0.,-0.504479849754395));
#1661=DIRECTION('ref_axis',(-0.504479849754395,0.,-0.863423465740759));
#1662=DIRECTION('',(0.,1.,0.));
#1663=DIRECTION('',(0.,1.,0.));
#1664=DIRECTION('center_axis',(1.,0.,0.));
#1665=DIRECTION('ref_axis',(0.,-0.799999977648259,0.60000002980232));
#1666=DIRECTION('center_axis',(0.945686599304867,0.,0.325079768511048));
#1667=DIRECTION('ref_axis',(-0.325079768511048,1.96860569367699E-16,0.945686599304867));
#1668=DIRECTION('center_axis',(-0.945686599304867,0.,-0.325079768511048));
#1669=DIRECTION('ref_axis',(-0.325079768511048,6.5620189789233E-17,0.945686599304867));
#1670=DIRECTION('',(1.,0.,0.));
#1671=DIRECTION('center_axis',(-1.,0.,0.));
#1672=DIRECTION('ref_axis',(0.,0.8,0.6));
#1673=DIRECTION('center_axis',(-0.945686599304867,0.,-0.325079768511048));
#1674=DIRECTION('ref_axis',(-0.325079768511048,-1.31240379578466E-16,0.945686599304867));
#1675=DIRECTION('center_axis',(0.945686599304867,0.,0.325079768511048));
#1676=DIRECTION('ref_axis',(-0.325079768511048,-2.62480759156932E-16,0.945686599304867));
#1677=DIRECTION('',(1.,0.,0.));
#1678=DIRECTION('center_axis',(-0.571280130955598,0.,-0.82075514739498));
#1679=DIRECTION('ref_axis',(-0.82075514739498,0.,0.571280130955598));
#1680=DIRECTION('',(0.,1.,0.));
#1681=DIRECTION('center_axis',(0.,1.,0.));
#1682=DIRECTION('ref_axis',(0.86342346574076,0.,-0.504479849754392));
#1683=DIRECTION('',(0.,1.,0.));
#1684=DIRECTION('center_axis',(0.945686599304867,0.,0.325079768511048));
#1685=DIRECTION('ref_axis',(0.325079768511048,0.,-0.945686599304867));
#1686=DIRECTION('',(0.,1.,0.));
#1687=DIRECTION('center_axis',(-0.945686599304867,0.,-0.325079768511048));
#1688=DIRECTION('ref_axis',(-0.325079768511048,0.,0.945686599304867));
#1689=DIRECTION('',(0.,-1.,0.));
#1690=DIRECTION('',(0.,1.,0.));
#1691=DIRECTION('center_axis',(0.,1.,0.));
#1692=DIRECTION('ref_axis',(0.863423465740757,0.,-0.504479849754398));
#1693=DIRECTION('',(0.,1.,0.));
#1694=DIRECTION('',(0.,1.,0.));
#1695=DIRECTION('center_axis',(-0.86342346574076,0.,0.504479849754393));
#1696=DIRECTION('ref_axis',(0.504479849754393,0.,0.86342346574076));
#1697=DIRECTION('center_axis',(0.,0.99976085780817,0.0218684063130313));
#1698=DIRECTION('ref_axis',(0.,-0.0218684063130313,0.99976085780817));
#1699=DIRECTION('',(0.,0.0218684063130313,-0.99976085780817));
#1700=DIRECTION('',(1.,0.,0.));
#1701=DIRECTION('',(0.,-0.0218684063130313,0.99976085780817));
#1702=DIRECTION('center_axis',(0.,-1.,0.));
#1703=DIRECTION('ref_axis',(0.,0.,-1.));
#1704=DIRECTION('',(0.,0.,-1.));
#1705=DIRECTION('',(0.,0.,-1.));
#1706=DIRECTION('',(1.,0.,0.));
#1707=DIRECTION('center_axis',(1.,0.,0.));
#1708=DIRECTION('ref_axis',(0.,-0.661437815093901,0.750000011175871));
#1709=DIRECTION('center_axis',(1.,0.,0.));
#1710=DIRECTION('ref_axis',(0.,-0.661437815093901,0.750000011175871));
#1711=DIRECTION('center_axis',(1.,0.,0.));
#1712=DIRECTION('ref_axis',(0.,-0.661437815093901,0.750000011175871));
#1713=DIRECTION('',(1.,0.,0.));
#1714=DIRECTION('center_axis',(0.,0.,1.));
#1715=DIRECTION('ref_axis',(0.,-1.,0.));
#1716=DIRECTION('',(0.,-1.,0.));
#1717=DIRECTION('',(0.,-1.,0.));
#1718=DIRECTION('',(1.,0.,0.));
#1719=DIRECTION('center_axis',(1.,0.,0.));
#1720=DIRECTION('ref_axis',(0.,-0.661437815093901,0.750000011175871));
#1721=DIRECTION('center_axis',(1.,0.,0.));
#1722=DIRECTION('ref_axis',(0.,-0.661437815093901,0.750000011175871));
#1723=DIRECTION('center_axis',(1.,0.,0.));
#1724=DIRECTION('ref_axis',(0.,-0.661437815093901,0.750000011175871));
#1725=DIRECTION('center_axis',(1.,0.,0.));
#1726=DIRECTION('ref_axis',(0.,1.,0.));
#1727=DIRECTION('center_axis',(1.,0.,0.));
#1728=DIRECTION('ref_axis',(0.,1.,0.));
#1729=DIRECTION('center_axis',(-1.,0.,0.));
#1730=DIRECTION('ref_axis',(0.,-1.,-2.70153985713489E-17));
#1731=DIRECTION('center_axis',(1.,0.,0.));
#1732=DIRECTION('ref_axis',(0.,1.,0.));
#1733=DIRECTION('center_axis',(0.,1.49480078486084E-16,-1.));
#1734=DIRECTION('ref_axis',(0.,1.,1.49480078486084E-16));
#1735=DIRECTION('center_axis',(-1.,0.,0.));
#1736=DIRECTION('ref_axis',(0.,1.,0.));
#1737=DIRECTION('center_axis',(1.,0.,0.));
#1738=DIRECTION('ref_axis',(0.,1.,0.));
#1739=DIRECTION('center_axis',(-1.,6.12323399573678E-17,0.));
#1740=DIRECTION('ref_axis',(0.,1.,-1.85037170770859E-16));
#1741=DIRECTION('center_axis',(-1.,0.,0.));
#1742=DIRECTION('ref_axis',(0.,-1.,0.));
#1743=DIRECTION('center_axis',(0.,2.31296463463574E-16,1.));
#1744=DIRECTION('ref_axis',(0.,-1.,2.31296463463574E-16));
#1745=DIRECTION('center_axis',(-1.,0.,0.));
#1746=DIRECTION('ref_axis',(0.,-1.,0.));
#1747=DIRECTION('center_axis',(1.,0.,0.));
#1748=DIRECTION('ref_axis',(0.,-1.,0.));
#1749=DIRECTION('center_axis',(1.,0.,0.));
#1750=DIRECTION('ref_axis',(0.,-1.,0.));
#1751=DIRECTION('',(-1.,0.,0.));
#1752=DIRECTION('center_axis',(-1.,0.,0.));
#1753=DIRECTION('ref_axis',(0.,-1.,0.));
#1754=DIRECTION('center_axis',(0.,1.,0.));
#1755=DIRECTION('ref_axis',(0.,0.,-1.));
#1756=DIRECTION('',(0.325079768511048,0.,0.945686599304867));
#1757=DIRECTION('',(-1.,0.,0.));
#1758=DIRECTION('',(0.,0.,-1.));
#1759=DIRECTION('center_axis',(0.,-0.99976085780817,-0.0218684063130313));
#1760=DIRECTION('ref_axis',(0.,-0.0218684063130313,0.99976085780817));
#1761=DIRECTION('',(0.325010240936506,-0.0206811813930718,0.945484337269836));
#1762=DIRECTION('',(0.,0.0218684063130313,-0.99976085780817));
#1763=DIRECTION('',(-1.,0.,0.));
#1764=DIRECTION('center_axis',(1.,0.,0.));
#1765=DIRECTION('ref_axis',(0.,1.,0.));
#1766=DIRECTION('',(0.,1.,0.));
#1767=DIRECTION('',(0.,-1.,0.));
#1768=DIRECTION('center_axis',(-0.863423465740759,0.,-0.504479849754395));
#1769=DIRECTION('ref_axis',(-0.248990086277094,-0.869712860859026,0.426149594147564));
#1770=DIRECTION('center_axis',(-0.86342346574076,0.,-0.504479849754393));
#1771=DIRECTION('ref_axis',(-0.248990086277094,-0.869712860859026,0.426149594147564));
#1772=DIRECTION('',(-0.863423465740759,0.,-0.504479849754395));
#1773=DIRECTION('center_axis',(0.863423465740759,0.,0.504479849754395));
#1774=DIRECTION('ref_axis',(-0.248990086277094,-0.869712860859026,0.426149594147564));
#1775=DIRECTION('center_axis',(-0.571280130955598,0.,0.82075514739498));
#1776=DIRECTION('ref_axis',(0.82075514739498,4.39660736348556E-18,0.571280130955598));
#1777=DIRECTION('center_axis',(-0.863423465740759,-5.51957469628983E-17,
-0.504479849754395));
#1778=DIRECTION('ref_axis',(0.356721122733303,0.707106781186547,-0.610532587660881));
#1779=DIRECTION('center_axis',(-0.571280130955598,0.,0.82075514739498));
#1780=DIRECTION('ref_axis',(0.820755147394979,3.956946627137E-17,0.571280130955598));
#1781=DIRECTION('center_axis',(0.863423465740759,0.,0.504479849754395));
#1782=DIRECTION('ref_axis',(-0.248990086277094,-0.869712860859026,0.426149594147564));
#1783=DIRECTION('',(-0.863423465740759,-5.51957469628983E-17,-0.504479849754395));
#1784=DIRECTION('center_axis',(-0.86342346574076,0.,-0.504479849754393));
#1785=DIRECTION('ref_axis',(-0.248990086277094,-0.869712860859026,0.426149594147564));
#1786=DIRECTION('center_axis',(-0.863423465740759,-6.30808536718839E-17,
-0.504479849754394));
#1787=DIRECTION('ref_axis',(0.504479849754394,-1.07187543957223E-15,-0.863423465740759));
#1788=DIRECTION('center_axis',(0.86342346574076,0.,0.504479849754393));
#1789=DIRECTION('ref_axis',(-5.44654892992637E-17,1.,-3.18230195827709E-17));
#1790=DIRECTION('',(0.863423465740759,6.30808536718839E-17,0.504479849754394));
#1791=DIRECTION('center_axis',(-0.863423465740759,0.,-0.504479849754395));
#1792=DIRECTION('ref_axis',(-5.44654892992637E-17,1.,-3.18230195827709E-17));
#1793=DIRECTION('',(0.863423465740759,6.30808536718839E-17,0.504479849754394));
#1794=DIRECTION('center_axis',(0.504479849754394,-2.77333911991762E-32,
-0.863423465740759));
#1795=DIRECTION('ref_axis',(-4.7929630583352E-17,1.,-2.80042572328384E-17));
#1796=DIRECTION('',(0.,-1.,0.));
#1797=DIRECTION('',(0.,1.,0.));
#1798=DIRECTION('center_axis',(0.,1.,0.));
#1799=DIRECTION('ref_axis',(-1.,0.,0.));
#1800=DIRECTION('',(0.504479849754393,0.,-0.86342346574076));
#1801=DIRECTION('center_axis',(0.,1.,0.));
#1802=DIRECTION('ref_axis',(-0.863423465740757,0.,-0.504479849754398));
#1803=DIRECTION('',(-0.325079768511048,0.,-0.945686599304867));
#1804=DIRECTION('',(-1.,0.,0.));
#1805=DIRECTION('',(-0.325079768511048,0.,-0.945686599304867));
#1806=DIRECTION('center_axis',(0.,1.,0.));
#1807=DIRECTION('ref_axis',(-0.86342346574076,0.,-0.504479849754392));
#1808=DIRECTION('',(0.504479849754395,0.,-0.863423465740759));
#1809=DIRECTION('center_axis',(0.,1.,0.));
#1810=DIRECTION('ref_axis',(-1.,0.,0.));
#1811=DIRECTION('',(0.504479849754395,0.,-0.863423465740759));
#1812=DIRECTION('center_axis',(0.,-1.,0.));
#1813=DIRECTION('ref_axis',(-0.86342346574076,0.,-0.504479849754392));
#1814=DIRECTION('',(-0.325079768511048,0.,-0.945686599304867));
#1815=DIRECTION('',(1.,0.,0.));
#1816=DIRECTION('',(0.325079768511048,0.,0.945686599304867));
#1817=DIRECTION('center_axis',(0.,1.,0.));
#1818=DIRECTION('ref_axis',(-0.863423465740757,0.,-0.504479849754398));
#1819=DIRECTION('',(-0.504479849754393,0.,0.86342346574076));
#1820=DIRECTION('center_axis',(0.863423465740759,0.,0.504479849754395));
#1821=DIRECTION('ref_axis',(0.504479849754395,0.,-0.863423465740759));
#1822=DIRECTION('',(0.,1.,0.));
#1823=DIRECTION('',(0.,1.,0.));
#1824=DIRECTION('center_axis',(1.,0.,0.));
#1825=DIRECTION('ref_axis',(0.,-0.799999977648259,0.60000002980232));
#1826=DIRECTION('center_axis',(0.945686599304867,0.,-0.325079768511048));
#1827=DIRECTION('ref_axis',(0.325079768511048,1.96860569367699E-16,0.945686599304867));
#1828=DIRECTION('center_axis',(-0.945686599304867,0.,0.325079768511048));
#1829=DIRECTION('ref_axis',(0.325079768511048,6.5620189789233E-17,0.945686599304867));
#1830=DIRECTION('center_axis',(-1.,0.,0.));
#1831=DIRECTION('ref_axis',(0.,0.8,0.6));
#1832=DIRECTION('center_axis',(-0.945686599304867,0.,0.325079768511048));
#1833=DIRECTION('ref_axis',(0.325079768511048,-1.31240379578466E-16,0.945686599304867));
#1834=DIRECTION('center_axis',(0.945686599304867,0.,-0.325079768511048));
#1835=DIRECTION('ref_axis',(0.325079768511048,-2.62480759156932E-16,0.945686599304867));
#1836=DIRECTION('center_axis',(-0.571280130955598,0.,0.82075514739498));
#1837=DIRECTION('ref_axis',(0.82075514739498,0.,0.571280130955598));
#1838=DIRECTION('',(0.,1.,0.));
#1839=DIRECTION('center_axis',(0.,-1.,0.));
#1840=DIRECTION('ref_axis',(-0.86342346574076,0.,-0.504479849754392));
#1841=DIRECTION('',(0.,1.,0.));
#1842=DIRECTION('center_axis',(0.945686599304867,0.,-0.325079768511048));
#1843=DIRECTION('ref_axis',(-0.325079768511048,0.,-0.945686599304867));
#1844=DIRECTION('center_axis',(-0.945686599304867,0.,0.325079768511048));
#1845=DIRECTION('ref_axis',(0.325079768511048,0.,0.945686599304867));
#1846=DIRECTION('',(0.,1.,0.));
#1847=DIRECTION('center_axis',(0.,-1.,0.));
#1848=DIRECTION('ref_axis',(-0.863423465740757,0.,-0.504479849754398));
#1849=DIRECTION('',(0.,1.,0.));
#1850=DIRECTION('',(0.,1.,0.));
#1851=DIRECTION('center_axis',(-0.86342346574076,0.,-0.504479849754393));
#1852=DIRECTION('ref_axis',(-0.504479849754393,0.,0.86342346574076));
#1853=DIRECTION('center_axis',(1.,0.,0.));
#1854=DIRECTION('ref_axis',(0.,-0.67,0.742361098118699));
#1855=DIRECTION('center_axis',(1.,0.,0.));
#1856=DIRECTION('ref_axis',(0.,-0.67,0.742361098118699));
#1857=DIRECTION('',(1.,0.,0.));
#1858=DIRECTION('center_axis',(-1.,0.,0.));
#1859=DIRECTION('ref_axis',(0.,-0.67,0.742361098118699));
#1860=DIRECTION('',(-1.,0.,0.));
#1861=DIRECTION('center_axis',(0.,-1.,0.));
#1862=DIRECTION('ref_axis',(0.,0.,1.));
#1863=DIRECTION('',(0.,0.,1.));
#1864=DIRECTION('center_axis',(0.,-1.,0.));
#1865=DIRECTION('ref_axis',(1.,0.,0.));
#1866=DIRECTION('',(0.,0.,-1.));
#1867=DIRECTION('center_axis',(0.,1.,0.));
#1868=DIRECTION('ref_axis',(1.,0.,0.));
#1869=DIRECTION('center_axis',(-1.,0.,0.));
#1870=DIRECTION('ref_axis',(0.,0.,1.));
#1871=DIRECTION('',(0.,0.,-1.));
#1872=DIRECTION('',(0.,-1.,0.));
#1873=DIRECTION('center_axis',(0.,1.,0.));
#1874=DIRECTION('ref_axis',(1.,0.,0.));
#1875=DIRECTION('center_axis',(0.,1.,0.));
#1876=DIRECTION('ref_axis',(1.,0.,0.));
#1877=DIRECTION('',(0.,-1.,0.));
#1878=DIRECTION('center_axis',(0.,1.,0.));
#1879=DIRECTION('ref_axis',(1.,0.,0.));
#1880=DIRECTION('',(0.,1.,0.));
#1881=DIRECTION('center_axis',(0.,-1.,0.));
#1882=DIRECTION('ref_axis',(1.,0.,0.));
#1883=DIRECTION('center_axis',(0.,1.,0.));
#1884=DIRECTION('ref_axis',(0.,0.,-1.));
#1885=DIRECTION('',(0.,0.,1.));
#1886=DIRECTION('center_axis',(1.,0.,0.));
#1887=DIRECTION('ref_axis',(0.,1.,0.));
#1888=DIRECTION('center_axis',(1.,0.,0.));
#1889=DIRECTION('ref_axis',(0.,0.,-1.));
#1890=DIRECTION('',(0.,0.,1.));
#1891=DIRECTION('',(0.,1.,0.));
#1892=DIRECTION('',(0.,0.,-1.));
#1893=DIRECTION('',(0.,1.,0.));
#1894=DIRECTION('center_axis',(0.,0.,1.));
#1895=DIRECTION('ref_axis',(1.,0.,0.));
#1896=DIRECTION('',(-1.,0.,0.));
#1897=DIRECTION('',(1.,0.,0.));
#1898=DIRECTION('',(0.,1.,0.));
#1899=DIRECTION('center_axis',(-1.,0.,0.));
#1900=DIRECTION('ref_axis',(0.,0.,1.));
#1901=DIRECTION('',(0.,0.,-1.));
#1902=DIRECTION('',(0.,0.,1.));
#1903=DIRECTION('',(0.,1.,0.));
#1904=DIRECTION('center_axis',(0.,0.,-1.));
#1905=DIRECTION('ref_axis',(-1.,0.,0.));
#1906=DIRECTION('',(1.,0.,0.));
#1907=DIRECTION('',(-1.,0.,0.));
#1908=DIRECTION('center_axis',(0.,1.,0.));
#1909=DIRECTION('ref_axis',(0.,0.,1.));
#1910=DIRECTION('center_axis',(0.,1.,0.));
#1911=DIRECTION('ref_axis',(-1.,0.,0.));
#1912=DIRECTION('center_axis',(-0.973695818342103,0.,0.227851823216545));
#1913=DIRECTION('ref_axis',(-0.227851823216545,0.,-0.973695818342102));
#1914=DIRECTION('',(-0.227851823216545,0.,-0.973695818342102));
#1915=DIRECTION('',(0.,-1.,0.));
#1916=DIRECTION('',(-0.227851823216545,0.,-0.973695818342102));
#1917=DIRECTION('',(0.,-1.,0.));
#1918=DIRECTION('center_axis',(-0.0871557427476582,0.,0.996194698091746));
#1919=DIRECTION('ref_axis',(-0.996194698091746,0.,-0.0871557427476582));
#1920=DIRECTION('',(-0.996194698091746,0.,-0.0871557427476582));
#1921=DIRECTION('',(-0.996194698091746,0.,-0.0871557427476582));
#1922=DIRECTION('',(0.,-1.,0.));
#1923=DIRECTION('center_axis',(1.,0.,0.));
#1924=DIRECTION('ref_axis',(0.,0.,1.));
#1925=DIRECTION('',(0.,0.,1.));
#1926=DIRECTION('',(0.,0.,1.));
#1927=DIRECTION('',(0.,-1.,0.));
#1928=DIRECTION('center_axis',(0.0871557427476582,0.,-0.996194698091746));
#1929=DIRECTION('ref_axis',(0.996194698091746,0.,0.0871557427476582));
#1930=DIRECTION('',(-0.996194698091746,0.,-0.0871557427476582));
#1931=DIRECTION('',(0.996194698091746,0.,0.0871557427476582));
#1932=DIRECTION('center_axis',(0.,1.,0.));
#1933=DIRECTION('ref_axis',(-1.,0.,0.));
#1934=DIRECTION('center_axis',(0.,-1.,0.));
#1935=DIRECTION('ref_axis',(0.,0.,-1.));
#1936=CARTESIAN_POINT('',(0.,0.,0.));
#1937=CARTESIAN_POINT('Origin',(-3.3,1.12283919535953E-15,0.549999910593033));
#1938=CARTESIAN_POINT('',(-3.3,3.15,0.549999910593032));
#1939=CARTESIAN_POINT('Origin',(-3.3,1.12283919535953E-15,0.549999910593033));
#1940=CARTESIAN_POINT('',(6.5,3.15,0.549999910593032));
#1941=CARTESIAN_POINT('',(-3.3,3.15,0.549999910593033));
#1942=CARTESIAN_POINT('Origin',(6.5,1.12283919535953E-15,0.549999910593033));
#1943=CARTESIAN_POINT('Origin',(6.5,1.11022302462516E-15,0.549999910593033));
#1944=CARTESIAN_POINT('Origin',(10.1,-4.,4.89858719658941E-16));
#1945=CARTESIAN_POINT('',(0.,-4.,4.89858719658941E-16));
#1946=CARTESIAN_POINT('',(10.1,-4.,0.));
#1947=CARTESIAN_POINT('',(0.,-4.,4.89858719658941E-16));
#1948=CARTESIAN_POINT('',(0.,-4.2,0.));
#1949=CARTESIAN_POINT('',(0.,-2.,4.85722573273506E-16));
#1950=CARTESIAN_POINT('',(10.1,-4.2,0.));
#1951=CARTESIAN_POINT('',(0.,-4.2,4.89858719658941E-16));
#1952=CARTESIAN_POINT('',(10.1,-4.,0.));
#1953=CARTESIAN_POINT('Origin',(0.,-4.2,0.));
#1954=CARTESIAN_POINT('',(0.,-4.2,-6.00000008940697));
#1955=CARTESIAN_POINT('',(0.,-4.2,-0.250000044703483));
#1956=CARTESIAN_POINT('',(10.1,-4.2,-6.00000008940697));
#1957=CARTESIAN_POINT('',(0.,-4.2,-6.00000008940697));
#1958=CARTESIAN_POINT('',(10.1,-4.2,-6.00000008940697));
#1959=CARTESIAN_POINT('Origin',(0.,0.,-0.500000089406967));
#1960=CARTESIAN_POINT('',(0.,4.,0.));
#1961=CARTESIAN_POINT('Origin',(0.,0.,0.));
#1962=CARTESIAN_POINT('',(0.,4.2,0.));
#1963=CARTESIAN_POINT('',(0.,2.,0.));
#1964=CARTESIAN_POINT('',(0.,4.2,-6.00000008940697));
#1965=CARTESIAN_POINT('',(0.,4.2,-3.25000008940697));
#1966=CARTESIAN_POINT('',(0.,4.4,-6.00000008940697));
#1967=CARTESIAN_POINT('',(0.,0.,-6.00000008940697));
#1968=CARTESIAN_POINT('',(0.,4.4,4.99999991059303));
#1969=CARTESIAN_POINT('',(0.,4.4,-6.00000008940697));
#1970=CARTESIAN_POINT('',(0.,-4.4,4.99999991059303));
#1971=CARTESIAN_POINT('',(0.,4.4,4.99999991059303));
#1972=CARTESIAN_POINT('',(0.,-4.4,-6.00000008940697));
#1973=CARTESIAN_POINT('',(0.,-4.4,-6.00000008940697));
#1974=CARTESIAN_POINT('',(0.,0.,-6.00000008940697));
#1975=CARTESIAN_POINT('Origin',(0.,4.,0.));
#1976=CARTESIAN_POINT('',(10.1,4.,0.));
#1977=CARTESIAN_POINT('',(0.,4.,0.));
#1978=CARTESIAN_POINT('',(10.1,4.2,0.));
#1979=CARTESIAN_POINT('',(10.1,4.,0.));
#1980=CARTESIAN_POINT('',(0.,4.2,0.));
#1981=CARTESIAN_POINT('Origin',(0.,4.2,-6.00000008940697));
#1982=CARTESIAN_POINT('',(10.1,4.2,-6.00000008940697));
#1983=CARTESIAN_POINT('',(10.1,4.2,-6.00000008940697));
#1984=CARTESIAN_POINT('',(0.,4.2,-6.00000008940697));
#1985=CARTESIAN_POINT('Origin',(0.,0.,0.));
#1986=CARTESIAN_POINT('Origin',(10.1,0.,0.));
#1987=CARTESIAN_POINT('Origin',(10.1,0.,-1.00000004470348));
#1988=CARTESIAN_POINT('',(10.1,-4.,-6.00000008940697));
#1989=CARTESIAN_POINT('Origin',(0.,4.4,4.99999991059303));
#1990=CARTESIAN_POINT('',(-3.3,4.4,-6.00000008940697));
#1991=CARTESIAN_POINT('',(0.,4.4,-6.00000008940697));
#1992=CARTESIAN_POINT('',(-3.3,4.4,4.99999991059303));
#1993=CARTESIAN_POINT('',(-3.3,4.4,-6.00000008940697));
#1994=CARTESIAN_POINT('',(0.,4.4,4.99999991059303));
#1995=CARTESIAN_POINT('Origin',(0.,-4.4,4.99999991059303));
#1996=CARTESIAN_POINT('',(-3.3,-4.4,4.99999991059303));
#1997=CARTESIAN_POINT('',(-3.3,4.4,4.99999991059303));
#1998=CARTESIAN_POINT('',(0.,-4.4,4.99999991059303));
#1999=CARTESIAN_POINT('Origin',(0.,-4.4,-6.00000008940697));
#2000=CARTESIAN_POINT('',(-3.3,-4.4,-6.00000008940697));
#2001=CARTESIAN_POINT('',(-3.3,-4.4,-6.00000008940697));
#2002=CARTESIAN_POINT('',(0.,-4.4,-6.00000008940697));
#2003=CARTESIAN_POINT('Origin',(0.,4.4,-6.00000008940697));
#2004=CARTESIAN_POINT('',(-3.3,0.,-6.00000008940697));
#2005=CARTESIAN_POINT('Origin',(-3.3,0.,-0.500000089406967));
#2006=CARTESIAN_POINT('Origin',(10.1,0.,-3.50000008940697));
#2007=CARTESIAN_POINT('',(10.1,-0.4,-3.50000008940697));
#2008=CARTESIAN_POINT('Origin',(10.1,0.,-3.50000008940697));
#2009=CARTESIAN_POINT('',(10.4,-0.4,-3.50000008940697));
#2010=CARTESIAN_POINT('',(10.1,-0.4,-3.50000008940697));
#2011=CARTESIAN_POINT('Origin',(10.4,0.,-3.50000008940697));
#2012=CARTESIAN_POINT('Origin',(10.7091401126842,0.0500000000000006,-8.64756768871254));
#2013=CARTESIAN_POINT('',(9.84471128078772,-0.186435298774549,-9.56409218051811));
#2014=CARTESIAN_POINT('',(10.4639278484138,-1.2,-8.50429541138229));
#2015=CARTESIAN_POINT('Origin',(10.4639278484138,0.0500000000000006,-8.50429541138229));
#2016=CARTESIAN_POINT('',(10.0785403004912,0.0500000000000003,-9.72684702088849));
#2017=CARTESIAN_POINT('Origin',(-2.87493136076828,0.0500000000000006,-0.710685489083005));
#2018=CARTESIAN_POINT('',(10.7091401126842,-1.2,-8.64756768871254));
#2019=CARTESIAN_POINT('Origin',(10.7091401126842,0.0500000000000006,-8.64756768871254));
#2020=CARTESIAN_POINT('',(10.7091401126842,-1.2,-8.64756768871254));
#2021=CARTESIAN_POINT('Origin',(10.7091401126842,0.0500000000000006,-8.64756768871254));
#2022=CARTESIAN_POINT('',(9.84471128078772,0.28643529877455,-9.56409218051811));
#2023=CARTESIAN_POINT('Origin',(-2.87493136076828,0.0500000000000015,-0.710685489083005));
#2024=CARTESIAN_POINT('',(10.4639278484138,1.3,-8.50429541138229));
#2025=CARTESIAN_POINT('Origin',(10.4639278484138,0.0500000000000006,-8.50429541138229));
#2026=CARTESIAN_POINT('',(10.7091401126842,1.3,-8.64756768871254));
#2027=CARTESIAN_POINT('',(10.7091401126842,1.3,-8.64756768871254));
#2028=CARTESIAN_POINT('Origin',(10.7091401126842,0.0500000000000006,-8.64756768871254));
#2029=CARTESIAN_POINT('Origin',(10.7091401126842,0.0500000000000006,-8.64756768871254));
#2030=CARTESIAN_POINT('',(10.6752583271816,-0.186592278588405,-8.11761412912639));
#2031=CARTESIAN_POINT('',(10.620640829756,-0.34179218281444,-8.23607921693394));
#2032=CARTESIAN_POINT('Ctrl Pts',(10.6752583271816,-0.186592278588404,-8.1176141291264));
#2033=CARTESIAN_POINT('Ctrl Pts',(10.6722713658949,-0.203180726364619,-8.12618831611046));
#2034=CARTESIAN_POINT('Ctrl Pts',(10.6688547205424,-0.21897721024254,-8.13542854690579));
#2035=CARTESIAN_POINT('Ctrl Pts',(10.6551128981968,-0.272312643249671,-8.16997980592015));
#2036=CARTESIAN_POINT('Ctrl Pts',(10.6407483824545,-0.310088588694211,-8.20161677357307));
#2037=CARTESIAN_POINT('Ctrl Pts',(10.6207796595822,-0.341573812731872,-8.23584152450232));
#2038=CARTESIAN_POINT('Ctrl Pts',(10.6207102770276,-0.341683034572104,-8.23596035707465));
#2039=CARTESIAN_POINT('Ctrl Pts',(10.620640829756,-0.34179218281444,-8.23607921693394));
#2040=CARTESIAN_POINT('',(10.9313542348651,-0.186592278588405,-8.26724548634234));
#2041=CARTESIAN_POINT('',(10.9313542348651,-0.186592278588405,-8.26724548634234));
#2042=CARTESIAN_POINT('',(10.9313542348651,0.286592278588406,-8.26724548634234));
#2043=CARTESIAN_POINT('Origin',(10.7091401126842,0.0500000000000006,-8.64756768871254));
#2044=CARTESIAN_POINT('',(10.6752583271816,0.286592278588406,-8.1176141291264));
#2045=CARTESIAN_POINT('',(10.9313542348651,0.286592278588406,-8.26724548634234));
#2046=CARTESIAN_POINT('',(10.620640829756,0.441792182814442,-8.23607921693394));
#2047=CARTESIAN_POINT('Ctrl Pts',(10.620640829756,0.441792182814442,-8.23607921693394));
#2048=CARTESIAN_POINT('Ctrl Pts',(10.6207102770276,0.441683034572106,-8.23596035707465));
#2049=CARTESIAN_POINT('Ctrl Pts',(10.6207796595822,0.441573812731874,-8.23584152450232));
#2050=CARTESIAN_POINT('Ctrl Pts',(10.6407483824545,0.410088588694211,-8.20161677357307));
#2051=CARTESIAN_POINT('Ctrl Pts',(10.6551128981968,0.372312643249672,-8.16997980592015));
#2052=CARTESIAN_POINT('Ctrl Pts',(10.6688547205424,0.318977210242542,-8.13542854690579));
#2053=CARTESIAN_POINT('Ctrl Pts',(10.6722713658949,0.303180726364621,-8.12618831611046));
#2054=CARTESIAN_POINT('Ctrl Pts',(10.6752583271816,0.286592278588406,-8.1176141291264));
#2055=CARTESIAN_POINT('Origin',(10.4639278484138,0.0500000000000006,-8.50429541138229));
#2056=CARTESIAN_POINT('Origin',(10.9313542348651,-0.186592278588404,-8.26724548634234));
#2057=CARTESIAN_POINT('',(10.6752583271816,-1.2,-8.1176141291264));
#2058=CARTESIAN_POINT('',(10.9313542348651,-1.2,-8.26724548634234));
#2059=CARTESIAN_POINT('Origin',(10.4341273381389,-1.2,-7.86342355514773));
#2060=CARTESIAN_POINT('',(10.9313542348651,-1.2,-8.26724548634234));
#2061=CARTESIAN_POINT('',(10.9313542348651,-1.2,-8.26724548634234));
#2062=CARTESIAN_POINT('',(10.9868818500209,-1.2,-7.70729274401317));
#2063=CARTESIAN_POINT('Origin',(10.3485433954901,-1.2,-7.92672158775812));
#2064=CARTESIAN_POINT('',(10.60625,-1.2,-6.60000008940697));
#2065=CARTESIAN_POINT('',(10.4,-1.2,-6.00000008940697));
#2066=CARTESIAN_POINT('',(10.30625,-1.2,-6.60000008940697));
#2067=CARTESIAN_POINT('',(10.1,-1.2,-6.60000008940697));
#2068=CARTESIAN_POINT('',(10.6761684449117,-1.2,-7.67612647460477));
#2069=CARTESIAN_POINT('',(10.1,-1.2,-6.00000008940697));
#2070=CARTESIAN_POINT('',(10.620640829756,-1.2,-8.23607921693394));
#2071=CARTESIAN_POINT('Origin',(10.037829990381,-1.2,-7.89555531834973));
#2072=CARTESIAN_POINT('',(10.620640829756,-1.2,-8.23607921693394));
#2073=CARTESIAN_POINT('Origin',(10.4341273381389,1.3,-7.86342355514773));
#2074=CARTESIAN_POINT('',(10.620640829756,1.3,-8.23607921693394));
#2075=CARTESIAN_POINT('',(10.620640829756,1.3,-8.23607921693394));
#2076=CARTESIAN_POINT('',(10.6761684449117,1.3,-7.67612647460477));
#2077=CARTESIAN_POINT('Origin',(10.037829990381,1.3,-7.89555531834973));
#2078=CARTESIAN_POINT('',(10.3062500102445,1.3,-6.60000011920929));
#2079=CARTESIAN_POINT('',(10.1,1.3,-6.00000008940697));
#2080=CARTESIAN_POINT('',(10.6062500102445,1.3,-6.60000011920929));
#2081=CARTESIAN_POINT('',(10.1,1.3,-6.60000011920929));
#2082=CARTESIAN_POINT('',(10.9868818500209,1.3,-7.70729274401317));
#2083=CARTESIAN_POINT('',(10.4,1.3,-6.00000008940697));
#2084=CARTESIAN_POINT('',(10.9313542348651,1.3,-8.26724548634234));
#2085=CARTESIAN_POINT('Origin',(10.3485433954901,1.3,-7.92672158775812));
#2086=CARTESIAN_POINT('',(10.9313542348651,1.3,-8.26724548634234));
#2087=CARTESIAN_POINT('Origin',(10.9313542348651,-1.2,-8.26724548634234));
#2088=CARTESIAN_POINT('',(10.9313542348651,-1.2,-8.26724548634234));
#2089=CARTESIAN_POINT('',(10.9313542348651,-1.2,-8.26724548634234));
#2090=CARTESIAN_POINT('Origin',(10.1,2.3,-6.60000011920929));
#2091=CARTESIAN_POINT('',(10.4,1.50000002235174,-6.00000008940697));
#2092=CARTESIAN_POINT('Origin',(10.6062500102445,2.3,-6.60000011920929));
#2093=CARTESIAN_POINT('',(10.1,1.50000002235174,-6.00000008940697));
#2094=CARTESIAN_POINT('Origin',(10.3062500102445,2.3,-6.60000011920929));
#2095=CARTESIAN_POINT('',(10.1,1.50000002235174,-6.00000008940697));
#2096=CARTESIAN_POINT('Origin',(10.1,-2.2,-6.60000008940697));
#2097=CARTESIAN_POINT('',(10.1,-1.4,-6.00000008940697));
#2098=CARTESIAN_POINT('Origin',(10.30625,-2.2,-6.60000008940697));
#2099=CARTESIAN_POINT('',(10.4,-1.4,-6.00000008940697));
#2100=CARTESIAN_POINT('Origin',(10.60625,-2.2,-6.60000008940697));
#2101=CARTESIAN_POINT('',(10.1,-1.4,-6.00000008940697));
#2102=CARTESIAN_POINT('Origin',(10.0785403004912,-1.2,-9.72684702088848));
#2103=CARTESIAN_POINT('',(9.84471128078772,-1.2,-9.56409218051811));
#2104=CARTESIAN_POINT('Origin',(10.3485433954901,-1.2,-7.92672158775812));
#2105=CARTESIAN_POINT('',(10.9868818500209,-1.2,-7.70729274401317));
#2106=CARTESIAN_POINT('Origin',(10.4,-1.2,-6.00000008940697));
#2107=CARTESIAN_POINT('',(10.4,0.,-6.00000008940697));
#2108=CARTESIAN_POINT('Origin',(10.6761684449117,-1.2,-7.67612647460477));
#2109=CARTESIAN_POINT('',(10.1,0.,-6.00000008940697));
#2110=CARTESIAN_POINT('',(10.6761684449117,-1.2,-7.67612647460477));
#2111=CARTESIAN_POINT('Origin',(10.037829990381,-1.2,-7.89555531834973));
#2112=CARTESIAN_POINT('',(10.620640829756,-1.2,-8.23607921693394));
#2113=CARTESIAN_POINT('',(10.620640829756,-1.2,-8.23607921693394));
#2114=CARTESIAN_POINT('Origin',(9.84471128078772,-1.2,-9.56409218051811));
#2115=CARTESIAN_POINT('Origin',(10.1,1.50000002235174,-6.00000008940697));
#2116=CARTESIAN_POINT('',(10.1,1.4,-1.42828568570857));
#2117=CARTESIAN_POINT('',(10.1,1.4,-1.42828568570857));
#2118=CARTESIAN_POINT('',(10.4,1.4,-1.42828568570857));
#2119=CARTESIAN_POINT('',(10.1,1.4,-1.42828568570857));
#2120=CARTESIAN_POINT('',(10.4,1.4,-1.42828568570857));
#2121=CARTESIAN_POINT('Origin',(10.1,-1.4,-1.42828568570857));
#2122=CARTESIAN_POINT('',(10.1,-1.4,-1.42828568570857));
#2123=CARTESIAN_POINT('',(10.1,-1.4,-1.42828568570857));
#2124=CARTESIAN_POINT('',(10.4,-1.4,-1.42828568570857));
#2125=CARTESIAN_POINT('',(10.4,-1.4,-1.42828568570857));
#2126=CARTESIAN_POINT('',(10.1,-1.4,-1.42828568570857));
#2127=CARTESIAN_POINT('Origin',(10.1,0.,0.));
#2128=CARTESIAN_POINT('',(10.1,-1.3228756301878,1.50000002235174));
#2129=CARTESIAN_POINT('Origin',(10.1,0.,0.));
#2130=CARTESIAN_POINT('',(10.4,-1.3228756301878,1.50000002235174));
#2131=CARTESIAN_POINT('Origin',(10.4,0.,0.));
#2132=CARTESIAN_POINT('',(10.1,-1.3228756301878,1.50000002235174));
#2133=CARTESIAN_POINT('Origin',(10.1,1.3228756301878,1.50000002235174));
#2134=CARTESIAN_POINT('',(10.1,1.3228756301878,1.50000002235174));
#2135=CARTESIAN_POINT('',(10.1,1.3228756301878,1.50000002235174));
#2136=CARTESIAN_POINT('',(10.4,1.3228756301878,1.50000002235174));
#2137=CARTESIAN_POINT('',(10.4,1.3228756301878,1.50000002235174));
#2138=CARTESIAN_POINT('',(10.1,1.3228756301878,1.50000002235174));
#2139=CARTESIAN_POINT('Origin',(10.1,0.,0.));
#2140=CARTESIAN_POINT('Origin',(10.1,0.,0.));
#2141=CARTESIAN_POINT('Origin',(10.4,0.,0.));
#2142=CARTESIAN_POINT('Origin',(10.4,0.,-2.25000003352761));
#2143=CARTESIAN_POINT('Origin',(10.1,0.,-2.25000003352761));
#2144=CARTESIAN_POINT('Origin',(10.064589803375,0.,0.));
#2145=CARTESIAN_POINT('',(10.4,1.5,2.24220117729126E-16));
#2146=CARTESIAN_POINT('Origin',(10.4,0.,0.));
#2147=CARTESIAN_POINT('',(10.4,0.9,-1.10218211923262E-16));
#2148=CARTESIAN_POINT('Origin',(10.064589803375,1.2,1.79376094183301E-16));
#2149=CARTESIAN_POINT('Origin',(10.4,0.,0.));
#2150=CARTESIAN_POINT('Origin',(10.4,0.,0.));
#2151=CARTESIAN_POINT('Origin',(-1.,1.12283919535953E-15,0.549999910593033));
#2152=CARTESIAN_POINT('',(-1.,0.600000000000001,0.549999910593032));
#2153=CARTESIAN_POINT('',(-1.,-0.599999999999999,0.549999910593033));
#2154=CARTESIAN_POINT('Origin',(-1.,1.12283919535953E-15,0.549999910593033));
#2155=CARTESIAN_POINT('',(-1.6,1.08609979138511E-15,0.549999910593033));
#2156=CARTESIAN_POINT('Origin',(-1.,1.12283919535953E-15,0.549999910593033));
#2157=CARTESIAN_POINT('Origin',(-1.,1.12283919535953E-15,0.549999910593033));
#2158=CARTESIAN_POINT('Origin',(-1.6,1.12283919535953E-15,0.549999910593033));
#2159=CARTESIAN_POINT('',(6.5,0.600000000000001,0.549999910593032));
#2160=CARTESIAN_POINT('Origin',(6.5,1.12283919535953E-15,0.549999910593033));
#2161=CARTESIAN_POINT('',(-1.6,0.600000000000001,0.549999910593033));
#2162=CARTESIAN_POINT('Origin',(6.5,1.11022302462516E-15,0.549999910593033));
#2163=CARTESIAN_POINT('Origin',(3.1,-1.4,-1.42828568570857));
#2164=CARTESIAN_POINT('',(2.8,-1.4,-6.00000008940697));
#2165=CARTESIAN_POINT('',(3.1,-1.4,-5.1272728166797));
#2166=CARTESIAN_POINT('',(3.51857793454228,-1.4,-3.90959155255668));
#2167=CARTESIAN_POINT('',(3.1,-1.4,-6.00000008940697));
#2168=CARTESIAN_POINT('',(3.1,-1.4,-6.00000008940697));
#2169=CARTESIAN_POINT('',(3.1,-1.4,-1.42828568570857));
#2170=CARTESIAN_POINT('Origin',(3.1,1.50000002235174,-6.00000008940697));
#2171=CARTESIAN_POINT('',(2.8,1.50000002235174,-6.00000008940697));
#2172=CARTESIAN_POINT('',(3.1,1.48091030259385,-5.1272728166797));
#2173=CARTESIAN_POINT('',(2.82491890284117,1.4984143727787,-5.9275087356872));
#2174=CARTESIAN_POINT('',(3.1,1.50000002235174,-6.00000008940697));
#2175=CARTESIAN_POINT('',(3.1,1.4,-1.42828568570857));
#2176=CARTESIAN_POINT('',(3.1,1.50000002235174,-6.00000008940697));
#2177=CARTESIAN_POINT('Origin',(3.1,0.,-2.25000003352761));
#2178=CARTESIAN_POINT('',(3.1,-0.6,-5.12727281667969));
#2179=CARTESIAN_POINT('',(3.1,0.,-6.00000008940697));
#2180=CARTESIAN_POINT('Origin',(2.49085988731579,0.0500000000000006,-8.64756768871254));
#2181=CARTESIAN_POINT('',(3.35528871921228,-0.186435298774549,-9.56409218051811));
#2182=CARTESIAN_POINT('',(2.73607215158617,-1.2,-8.50429541138229));
#2183=CARTESIAN_POINT('Origin',(2.73607215158617,0.0500000000000006,-8.50429541138229));
#2184=CARTESIAN_POINT('',(2.49085988731579,-1.2,-8.64756768871254));
#2185=CARTESIAN_POINT('',(2.49085988731579,-1.2,-8.64756768871254));
#2186=CARTESIAN_POINT('',(3.12145969950879,0.0500000000000003,-9.72684702088849));
#2187=CARTESIAN_POINT('Origin',(2.49085988731579,0.0500000000000006,-8.64756768871254));
#2188=CARTESIAN_POINT('Origin',(16.0749313607683,0.0500000000000006,-0.710685489083005));
#2189=CARTESIAN_POINT('Origin',(2.49085988731579,0.0500000000000006,-8.64756768871254));
#2190=CARTESIAN_POINT('',(3.35528871921228,0.28643529877455,-9.56409218051811));
#2191=CARTESIAN_POINT('Origin',(16.0749313607683,0.0500000000000015,-0.710685489083005));
#2192=CARTESIAN_POINT('',(2.49085988731579,1.3,-8.64756768871254));
#2193=CARTESIAN_POINT('Origin',(2.49085988731579,0.0500000000000006,-8.64756768871254));
#2194=CARTESIAN_POINT('',(2.73607215158617,1.3,-8.50429541138229));
#2195=CARTESIAN_POINT('',(2.49085988731579,1.3,-8.64756768871254));
#2196=CARTESIAN_POINT('Origin',(2.73607215158617,0.0500000000000006,-8.50429541138229));
#2197=CARTESIAN_POINT('Origin',(2.49085988731579,0.0500000000000006,-8.64756768871254));
#2198=CARTESIAN_POINT('',(2.52474167281838,-0.186592278588405,-8.11761412912639));
#2199=CARTESIAN_POINT('',(2.57935917024403,-0.34179218281444,-8.23607921693394));
#2200=CARTESIAN_POINT('Ctrl Pts',(2.52474167281839,-0.186592278588404,-8.1176141291264));
#2201=CARTESIAN_POINT('Ctrl Pts',(2.52772863410507,-0.203180726364619,-8.12618831611046));
#2202=CARTESIAN_POINT('Ctrl Pts',(2.5311452794576,-0.21897721024254,-8.13542854690579));
#2203=CARTESIAN_POINT('Ctrl Pts',(2.5448871018032,-0.272312643249671,-8.16997980592015));
#2204=CARTESIAN_POINT('Ctrl Pts',(2.55925161754549,-0.310088588694211,-8.20161677357307));
#2205=CARTESIAN_POINT('Ctrl Pts',(2.57922034041779,-0.341573812731872,-8.23584152450232));
#2206=CARTESIAN_POINT('Ctrl Pts',(2.5792897229724,-0.341683034572104,-8.23596035707465));
#2207=CARTESIAN_POINT('Ctrl Pts',(2.57935917024403,-0.34179218281444,-8.23607921693394));
#2208=CARTESIAN_POINT('',(2.57935917024403,0.441792182814442,-8.23607921693394));
#2209=CARTESIAN_POINT('Origin',(2.73607215158617,0.0500000000000006,-8.50429541138229));
#2210=CARTESIAN_POINT('',(2.52474167281838,0.286592278588406,-8.1176141291264));
#2211=CARTESIAN_POINT('Ctrl Pts',(2.57935917024403,0.441792182814441,-8.23607921693394));
#2212=CARTESIAN_POINT('Ctrl Pts',(2.5792897229724,0.441683034572106,-8.23596035707465));
#2213=CARTESIAN_POINT('Ctrl Pts',(2.5792203404178,0.441573812731874,-8.23584152450232));
#2214=CARTESIAN_POINT('Ctrl Pts',(2.55925161754549,0.410088588694211,-8.20161677357307));
#2215=CARTESIAN_POINT('Ctrl Pts',(2.5448871018032,0.372312643249672,-8.16997980592015));
#2216=CARTESIAN_POINT('Ctrl Pts',(2.5311452794576,0.318977210242542,-8.13542854690579));
#2217=CARTESIAN_POINT('Ctrl Pts',(2.52772863410507,0.303180726364621,-8.12618831611046));
#2218=CARTESIAN_POINT('Ctrl Pts',(2.52474167281839,0.286592278588406,-8.1176141291264));
#2219=CARTESIAN_POINT('',(2.26864576513489,0.286592278588406,-8.26724548634234));
#2220=CARTESIAN_POINT('',(2.26864576513489,0.286592278588406,-8.26724548634234));
#2221=CARTESIAN_POINT('',(2.26864576513489,-0.186592278588405,-8.26724548634234));
#2222=CARTESIAN_POINT('Origin',(2.49085988731579,0.0500000000000006,-8.64756768871254));
#2223=CARTESIAN_POINT('',(2.26864576513489,-0.186592278588405,-8.26724548634234));
#2224=CARTESIAN_POINT('Origin',(2.26864576513489,-0.186592278588404,-8.26724548634234));
#2225=CARTESIAN_POINT('',(2.52474167281838,-1.2,-8.1176141291264));
#2226=CARTESIAN_POINT('',(2.26864576513489,-1.2,-8.26724548634234));
#2227=CARTESIAN_POINT('Origin',(2.76587266186109,-1.2,-7.86342355514773));
#2228=CARTESIAN_POINT('',(2.57935917024403,-1.2,-8.23607921693394));
#2229=CARTESIAN_POINT('',(2.57935917024403,-1.2,-8.23607921693394));
#2230=CARTESIAN_POINT('',(2.52383155508826,-1.2,-7.67612647460477));
#2231=CARTESIAN_POINT('Origin',(3.16217000961904,-1.2,-7.89555531834973));
#2232=CARTESIAN_POINT('',(2.89375,-1.2,-6.60000008940697));
#2233=CARTESIAN_POINT('',(3.1,-1.2,-6.00000008940697));
#2234=CARTESIAN_POINT('',(2.59375,-1.2,-6.60000008940697));
#2235=CARTESIAN_POINT('',(3.1,-1.2,-6.60000008940697));
#2236=CARTESIAN_POINT('',(2.21311814997912,-1.2,-7.70729274401317));
#2237=CARTESIAN_POINT('',(2.8,-1.2,-6.00000008940697));
#2238=CARTESIAN_POINT('',(2.26864576513489,-1.2,-8.26724548634234));
#2239=CARTESIAN_POINT('Origin',(2.85145660450991,-1.2,-7.92672158775812));
#2240=CARTESIAN_POINT('',(2.26864576513489,-1.2,-8.26724548634234));
#2241=CARTESIAN_POINT('Origin',(2.76587266186109,1.3,-7.86342355514773));
#2242=CARTESIAN_POINT('',(2.26864576513489,1.3,-8.26724548634234));
#2243=CARTESIAN_POINT('',(2.26864576513489,1.3,-8.26724548634234));
#2244=CARTESIAN_POINT('',(2.21311814997912,1.3,-7.70729274401317));
#2245=CARTESIAN_POINT('Origin',(2.85145660450991,1.3,-7.92672158775812));
#2246=CARTESIAN_POINT('',(2.59374998975545,1.3,-6.60000011920929));
#2247=CARTESIAN_POINT('',(2.8,1.3,-6.00000008940697));
#2248=CARTESIAN_POINT('',(2.89374998975545,1.3,-6.60000011920929));
#2249=CARTESIAN_POINT('',(3.1,1.3,-6.60000011920929));
#2250=CARTESIAN_POINT('',(2.52383155508826,1.3,-7.67612647460477));
#2251=CARTESIAN_POINT('',(3.1,1.3,-6.00000008940697));
#2252=CARTESIAN_POINT('',(2.57935917024403,1.3,-8.23607921693394));
#2253=CARTESIAN_POINT('Origin',(3.16217000961904,1.3,-7.89555531834973));
#2254=CARTESIAN_POINT('',(2.57935917024403,1.3,-8.23607921693394));
#2255=CARTESIAN_POINT('Origin',(2.26864576513489,-1.2,-8.26724548634234));
#2256=CARTESIAN_POINT('',(2.26864576513489,-1.2,-8.26724548634234));
#2257=CARTESIAN_POINT('',(2.26864576513489,-1.2,-8.26724548634234));
#2258=CARTESIAN_POINT('Origin',(3.1,2.3,-6.60000011920929));
#2259=CARTESIAN_POINT('Origin',(2.59374998975545,2.3,-6.60000011920929));
#2260=CARTESIAN_POINT('Origin',(2.89374998975545,2.3,-6.60000011920929));
#2261=CARTESIAN_POINT('Origin',(3.1,-2.2,-6.60000008940697));
#2262=CARTESIAN_POINT('Origin',(2.89375,-2.2,-6.60000008940697));
#2263=CARTESIAN_POINT('Origin',(2.59375,-2.2,-6.60000008940697));
#2264=CARTESIAN_POINT('Origin',(3.12145969950879,-1.2,-9.72684702088848));
#2265=CARTESIAN_POINT('',(3.35528871921228,-1.2,-9.56409218051811));
#2266=CARTESIAN_POINT('Origin',(2.85145660450991,-1.2,-7.92672158775812));
#2267=CARTESIAN_POINT('',(2.21311814997912,-1.2,-7.70729274401317));
#2268=CARTESIAN_POINT('Origin',(2.8,-1.2,-6.00000008940697));
#2269=CARTESIAN_POINT('Origin',(2.52383155508825,-1.2,-7.67612647460477));
#2270=CARTESIAN_POINT('',(2.52383155508826,-1.2,-7.67612647460477));
#2271=CARTESIAN_POINT('Origin',(3.16217000961904,-1.2,-7.89555531834973));
#2272=CARTESIAN_POINT('',(2.57935917024403,-1.2,-8.23607921693394));
#2273=CARTESIAN_POINT('',(2.57935917024403,-1.2,-8.23607921693394));
#2274=CARTESIAN_POINT('Origin',(3.35528871921228,-1.2,-9.56409218051811));
#2275=CARTESIAN_POINT('Origin',(8.,-3.53,-2.34236118752567));
#2276=CARTESIAN_POINT('',(5.4,-4.2,-1.60000008940697));
#2277=CARTESIAN_POINT('',(5.4,-4.53,-2.34236118752567));
#2278=CARTESIAN_POINT('Origin',(5.4,-3.53,-2.34236118752567));
#2279=CARTESIAN_POINT('',(8.,-4.53,-2.34236118752567));
#2280=CARTESIAN_POINT('',(8.,-4.53,-2.34236118752567));
#2281=CARTESIAN_POINT('',(8.,-4.2,-1.60000008940697));
#2282=CARTESIAN_POINT('Origin',(8.,-3.53,-2.34236118752567));
#2283=CARTESIAN_POINT('',(8.,-4.2,-1.60000008940697));
#2284=CARTESIAN_POINT('Origin',(8.,-4.53,-9.80000008940697));
#2285=CARTESIAN_POINT('',(5.4,-4.53,-8.50000008940697));
#2286=CARTESIAN_POINT('',(5.4,-4.53,-1.60000008940697));
#2287=CARTESIAN_POINT('',(8.,-4.53,-8.50000008940697));
#2288=CARTESIAN_POINT('Origin',(6.7,-4.53,-8.50000008940697));
#2289=CARTESIAN_POINT('',(8.,-4.53,-1.60000008940697));
#2290=CARTESIAN_POINT('',(6.45,-4.53,-8.50000008940697));
#2291=CARTESIAN_POINT('Origin',(6.7,-4.53,-8.50000008940697));
#2292=CARTESIAN_POINT('Origin',(5.4,-4.365,-5.70000008940697));
#2293=CARTESIAN_POINT('',(5.4,-4.2,-8.50000008940697));
#2294=CARTESIAN_POINT('',(5.4,-4.2,-9.80000008940697));
#2295=CARTESIAN_POINT('',(5.4,-4.53,-8.50000008940697));
#2296=CARTESIAN_POINT('Origin',(6.7,-4.53,-8.50000008940697));
#2297=CARTESIAN_POINT('',(8.,-4.2,-8.50000008940697));
#2298=CARTESIAN_POINT('Origin',(6.7,-4.2,-8.50000008940697));
#2299=CARTESIAN_POINT('',(8.,-4.53,-8.50000008940697));
#2300=CARTESIAN_POINT('Origin',(6.7,-4.53,-8.50000008940697));
#2301=CARTESIAN_POINT('',(6.45,-4.2,-8.50000008940697));
#2302=CARTESIAN_POINT('',(6.45,-4.53,-8.50000008940697));
#2303=CARTESIAN_POINT('Origin',(6.7,-4.2,-8.50000008940697));
#2304=CARTESIAN_POINT('Origin',(8.,-4.2,-1.60000008940697));
#2305=CARTESIAN_POINT('',(8.,-4.2,-9.80000008940697));
#2306=CARTESIAN_POINT('Origin',(8.,-4.365,-5.70000008940697));
#2307=CARTESIAN_POINT('Origin',(8.,-4.2,-1.60000008940697));
#2308=CARTESIAN_POINT('',(8.,-4.2,-2.09999995306134));
#2309=CARTESIAN_POINT('',(8.,-4.2,-1.60000008940697));
#2310=CARTESIAN_POINT('',(8.,-4.2,-2.09999995306134));
#2311=CARTESIAN_POINT('',(8.,3.8,-2.09999995306134));
#2312=CARTESIAN_POINT('',(8.,-4.2,-2.09999995306134));
#2313=CARTESIAN_POINT('',(8.,3.8,-1.60000008940697));
#2314=CARTESIAN_POINT('',(8.,3.8,-2.09999995306134));
#2315=CARTESIAN_POINT('',(8.,-4.2,-1.60000008940697));
#2316=CARTESIAN_POINT('Origin',(5.39999987930059,-4.2,-1.60000008940697));
#2317=CARTESIAN_POINT('',(5.39999987930059,-4.2,-1.60000008940697));
#2318=CARTESIAN_POINT('',(8.,-4.2,-1.60000008940697));
#2319=CARTESIAN_POINT('',(5.39999987930059,3.8,-1.60000008940697));
#2320=CARTESIAN_POINT('',(8.,3.8,-1.60000008940697));
#2321=CARTESIAN_POINT('',(5.39999987930059,-4.2,-1.60000008940697));
#2322=CARTESIAN_POINT('Origin',(5.39999987930059,-4.2,-2.09999995306134));
#2323=CARTESIAN_POINT('',(5.39999987930059,-4.2,-2.09999995306134));
#2324=CARTESIAN_POINT('',(5.39999987930059,-4.2,-1.60000008940697));
#2325=CARTESIAN_POINT('',(5.39999987930059,3.8,-2.09999995306134));
#2326=CARTESIAN_POINT('',(5.39999987930059,3.8,-1.60000008940697));
#2327=CARTESIAN_POINT('',(5.39999987930059,-4.2,-2.09999995306134));
#2328=CARTESIAN_POINT('Origin',(8.,-4.2,-2.09999995306134));
#2329=CARTESIAN_POINT('',(5.39999987930059,-4.2,-2.09999995306134));
#2330=CARTESIAN_POINT('',(5.39999987930059,3.8,-2.09999995306134));
#2331=CARTESIAN_POINT('Origin',(6.6999999396503,3.8,-1.85000002123415));
#2332=CARTESIAN_POINT('Origin',(6.6999999396503,-4.2,-1.85000002123415));
#2333=CARTESIAN_POINT('Origin',(-2.45010866450786,3.8,-2.28679559443821));
#2334=CARTESIAN_POINT('',(-2.45010866450786,3.8,-2.28679559443821));
#2335=CARTESIAN_POINT('',(-2.56955770543337,3.8,-2.79724589504261));
#2336=CARTESIAN_POINT('',(-2.45010866450786,3.8,-2.28679559443821));
#2337=CARTESIAN_POINT('',(-2.56955770543337,-3.7,-2.79724589504261));
#2338=CARTESIAN_POINT('',(-2.56955770543337,3.8,-2.79724589504261));
#2339=CARTESIAN_POINT('',(-2.45010866450786,-3.7,-2.28679559443821));
#2340=CARTESIAN_POINT('',(-2.45010866450786,-3.7,-2.28679559443821));
#2341=CARTESIAN_POINT('',(-2.45010866450786,3.8,-2.28679559443821));
#2342=CARTESIAN_POINT('Origin',(5.39999987930059,3.8,-1.60000008940697));
#2343=CARTESIAN_POINT('',(5.39999987930059,3.8,-1.60000008940697));
#2344=CARTESIAN_POINT('',(5.39999987930059,3.8,-1.60000008940697));
#2345=CARTESIAN_POINT('',(5.39999987930059,-3.7,-1.60000008940697));
#2346=CARTESIAN_POINT('',(5.39999987930059,-3.7,-1.60000008940697));
#2347=CARTESIAN_POINT('',(5.39999987930059,3.8,-1.60000008940697));
#2348=CARTESIAN_POINT('Origin',(5.39999987930059,3.8,-2.09999995306134));
#2349=CARTESIAN_POINT('',(5.39999987930059,3.8,-2.09999995306134));
#2350=CARTESIAN_POINT('',(5.39999987930059,3.8,-2.09999995306134));
#2351=CARTESIAN_POINT('',(5.39999987930059,-3.7,-2.09999995306134));
#2352=CARTESIAN_POINT('',(5.39999987930059,-3.7,-2.09999995306134));
#2353=CARTESIAN_POINT('',(5.39999987930059,3.8,-2.09999995306134));
#2354=CARTESIAN_POINT('Origin',(-2.56955770543337,3.8,-2.79724589504261));
#2355=CARTESIAN_POINT('',(5.39999987930059,3.8,-2.09999995306134));
#2356=CARTESIAN_POINT('',(5.39999987930059,-3.7,-2.09999995306134));
#2357=CARTESIAN_POINT('Origin',(1.41522108693361,3.8,-2.19862299222479));
#2358=CARTESIAN_POINT('Origin',(1.41522108693361,-3.7,-2.19862299222479));
#2359=UNCERTAINTY_MEASURE_WITH_UNIT(LENGTH_MEASURE(0.01),#2363,
'DISTANCE_ACCURACY_VALUE',
'Maximum model space distance between geometric entities at asserted c
onnectivities');
#2360=UNCERTAINTY_MEASURE_WITH_UNIT(LENGTH_MEASURE(0.01),#2363,
'DISTANCE_ACCURACY_VALUE',
'Maximum model space distance between geometric entities at asserted c
onnectivities');
#2361=(
GEOMETRIC_REPRESENTATION_CONTEXT(3)
GLOBAL_UNCERTAINTY_ASSIGNED_CONTEXT((#2359))
GLOBAL_UNIT_ASSIGNED_CONTEXT((#2363,#2365,#2366))
REPRESENTATION_CONTEXT('','3D')
);
#2362=(
GEOMETRIC_REPRESENTATION_CONTEXT(3)
GLOBAL_UNCERTAINTY_ASSIGNED_CONTEXT((#2360))
GLOBAL_UNIT_ASSIGNED_CONTEXT((#2363,#2365,#2366))
REPRESENTATION_CONTEXT('','3D')
);
#2363=(
LENGTH_UNIT()
NAMED_UNIT(*)
SI_UNIT(.MILLI.,.METRE.)
);
#2364=(
LENGTH_UNIT()
NAMED_UNIT(*)
SI_UNIT($,.METRE.)
);
#2365=(
NAMED_UNIT(*)
PLANE_ANGLE_UNIT()
SI_UNIT($,.RADIAN.)
);
#2366=(
NAMED_UNIT(*)
SI_UNIT($,.STERADIAN.)
SOLID_ANGLE_UNIT()
);
#2367=SHAPE_DEFINITION_REPRESENTATION(#2368,#2369);
#2368=PRODUCT_DEFINITION_SHAPE('',$,#2371);
#2369=SHAPE_REPRESENTATION('',(#1399),#2361);
#2370=PRODUCT_DEFINITION_CONTEXT('part definition',#2375,'design');
#2371=PRODUCT_DEFINITION('dc jack with legs','dc jack with legs v0',#2372,
#2370);
#2372=PRODUCT_DEFINITION_FORMATION('',$,#2377);
#2373=PRODUCT_RELATED_PRODUCT_CATEGORY('dc jack with legs v0',
'dc jack with legs v0',(#2377));
#2374=APPLICATION_PROTOCOL_DEFINITION('international standard',
'automotive_design',2009,#2375);
#2375=APPLICATION_CONTEXT(
'Core Data for Automotive Mechanical Design Process');
#2376=PRODUCT_CONTEXT('part definition',#2375,'mechanical');
#2377=PRODUCT('dc jack with legs','dc jack with legs v0',$,(#2376));
#2378=PRESENTATION_STYLE_ASSIGNMENT((#2381));
#2379=PRESENTATION_STYLE_ASSIGNMENT((#2382));
#2380=PRESENTATION_STYLE_ASSIGNMENT((#2383));
#2381=SURFACE_STYLE_USAGE(.BOTH.,#2384);
#2382=SURFACE_STYLE_USAGE(.BOTH.,#2385);
#2383=SURFACE_STYLE_USAGE(.BOTH.,#2386);
#2384=SURFACE_SIDE_STYLE('',(#2387));
#2385=SURFACE_SIDE_STYLE('',(#2388));
#2386=SURFACE_SIDE_STYLE('',(#2389));
#2387=SURFACE_STYLE_FILL_AREA(#2390);
#2388=SURFACE_STYLE_FILL_AREA(#2391);
#2389=SURFACE_STYLE_FILL_AREA(#2392);
#2390=FILL_AREA_STYLE('Steel - Satin',(#2393));
#2391=FILL_AREA_STYLE('Plastic - Matte (Black)',(#2394));
#2392=FILL_AREA_STYLE('Silver - Polished',(#2395));
#2393=FILL_AREA_STYLE_COLOUR('Steel - Satin',#2396);
#2394=FILL_AREA_STYLE_COLOUR('Plastic - Matte (Black)',#2397);
#2395=FILL_AREA_STYLE_COLOUR('Silver - Polished',#2398);
#2396=COLOUR_RGB('Steel - Satin',0.627450980392157,0.627450980392157,0.627450980392157);
#2397=COLOUR_RGB('Plastic - Matte (Black)',0.0980392156862745,0.0980392156862745,
0.0980392156862745);
#2398=COLOUR_RGB('Silver - Polished',0.984313725490196,0.980392156862745,
0.96078431372549);
ENDSEC;
END-ISO-10303-21;
