ISO-10303-21;
HEADER;
FILE_DESCRIPTION(('KiCad electronic assembly'),'2;1');
FILE_NAME('E52-400NW30S.step','2024-10-31T14:26:54',('Pcbnew'),('Kicad')
  ,'Open CASCADE STEP processor 7.7','KiCad to STEP converter','Unknown'
  );
FILE_SCHEMA(('AUTOMOTIVE_DESIGN { 1 0 10303 214 1 1 1 1 }'));
ENDSEC;
DATA;
#1 = APPLICATION_PROTOCOL_DEFINITION('international standard',
  'automotive_design',2000,#2);
#2 = APPLICATION_CONTEXT(
  'core data for automotive mechanical design processes');
#3 = SHAPE_DEFINITION_REPRESENTATION(#4,#10);
#4 = PRODUCT_DEFINITION_SHAPE('','',#5);
#5 = PRODUCT_DEFINITION('design','',#6,#9);
#6 = PRODUCT_DEFINITION_FORMATION('','',#7);
#7 = PRODUCT('E52-400NW30S 1','E52-400NW30S 1','',(#8));
#8 = PRODUCT_CONTEXT('',#2,'mechanical');
#9 = PRODUCT_DEFINITION_CONTEXT('part definition',#2,'design');
#10 = SHAPE_REPRESENTATION('',(#11,#15,#19,#23,#27,#31,#35,#39,#43,#47,
    #51,#55,#59,#63,#67,#71,#75,#79,#83,#87,#91,#95,#99,#103,#107,#111,
    #115,#119,#123,#127,#131,#135,#139,#143,#147,#151,#155,#159,#163,
    #167,#171,#175,#179,#183,#187,#191,#195,#199,#203,#207,#211,#215,
    #219,#223,#227,#231,#235,#239,#243,#247,#251,#255,#259,#263,#267,
    #271,#275,#279,#283,#287,#291,#295,#299,#303,#307,#311,#315,#319,
    #323,#327,#331,#335,#339,#343,#347,#351,#355,#359,#363,#367,#371,
    #375,#379,#383),#387);
#11 = AXIS2_PLACEMENT_3D('',#12,#13,#14);
#12 = CARTESIAN_POINT('',(0.,0.,0.));
#13 = DIRECTION('',(0.,0.,1.));
#14 = DIRECTION('',(1.,0.,-0.));
#15 = AXIS2_PLACEMENT_3D('',#16,#17,#18);
#16 = CARTESIAN_POINT('',(-8.863379,-7.843814,1.65));
#17 = DIRECTION('',(0.,0.,1.));
#18 = DIRECTION('',(1.,0.,0.));
#19 = AXIS2_PLACEMENT_3D('',#20,#21,#22);
#20 = CARTESIAN_POINT('',(15.791281,8.700185,1.65));
#21 = DIRECTION('',(0.,0.,1.));
#22 = DIRECTION('',(1.,0.,0.));
#23 = AXIS2_PLACEMENT_3D('',#24,#25,#26);
#24 = CARTESIAN_POINT('',(5.413281,-6.593815,1.65));
#25 = DIRECTION('',(0.,0.,1.));
#26 = DIRECTION('',(1.,0.,0.));
#27 = AXIS2_PLACEMENT_3D('',#28,#29,#30);
#28 = CARTESIAN_POINT('',(-4.58872,8.310184,1.65));
#29 = DIRECTION('',(0.,0.,1.));
#30 = DIRECTION('',(-1.,1.224646799147E-16,0.));
#31 = AXIS2_PLACEMENT_3D('',#32,#33,#34);
#32 = CARTESIAN_POINT('',(-1.378719,2.030185,1.65));
#33 = DIRECTION('',(0.,0.,1.));
#34 = DIRECTION('',(-0.707106781187,0.707106781187,0.));
#35 = AXIS2_PLACEMENT_3D('',#36,#37,#38);
#36 = CARTESIAN_POINT('',(-6.466272,3.979078,1.65));
#37 = DIRECTION('',(0.,0.,1.));
#38 = DIRECTION('',(1.,0.,0.));
#39 = AXIS2_PLACEMENT_3D('',#40,#41,#42);
#40 = CARTESIAN_POINT('',(0.39128,5.310185,1.65));
#41 = DIRECTION('',(0.,0.,1.));
#42 = DIRECTION('',(-1.,1.224646799147E-16,0.));
#43 = AXIS2_PLACEMENT_3D('',#44,#45,#46);
#44 = CARTESIAN_POINT('',(15.971281,-7.199815,1.65));
#45 = DIRECTION('',(0.,0.,1.));
#46 = DIRECTION('',(-1.,1.224646799147E-16,0.));
#47 = AXIS2_PLACEMENT_3D('',#48,#49,#50);
#48 = CARTESIAN_POINT('',(7.433281,-6.603815,1.65));
#49 = DIRECTION('',(0.,0.,1.));
#50 = DIRECTION('',(1.,0.,0.));
#51 = AXIS2_PLACEMENT_3D('',#52,#53,#54);
#52 = CARTESIAN_POINT('',(-8.963719,2.260185,1.65));
#53 = DIRECTION('',(0.,0.,1.));
#54 = DIRECTION('',(1.,0.,0.));
#55 = AXIS2_PLACEMENT_3D('',#56,#57,#58);
#56 = CARTESIAN_POINT('',(-4.555378,3.970185,1.65));
#57 = DIRECTION('',(0.,0.,1.));
#58 = DIRECTION('',(1.,0.,0.));
#59 = AXIS2_PLACEMENT_3D('',#60,#61,#62);
#60 = CARTESIAN_POINT('',(-0.621826,-5.773368,1.65));
#61 = DIRECTION('',(0.,-0.,1.));
#62 = DIRECTION('',(0.258819045103,0.965925826289,0.));
#63 = AXIS2_PLACEMENT_3D('',#64,#65,#66);
#64 = CARTESIAN_POINT('',(2.648173,-3.509815,1.65));
#65 = DIRECTION('',(0.,0.,1.));
#66 = DIRECTION('',(1.,0.,0.));
#67 = AXIS2_PLACEMENT_3D('',#68,#69,#70);
#68 = CARTESIAN_POINT('',(15.790001,7.74,1.65));
#69 = DIRECTION('',(0.,0.,1.));
#70 = DIRECTION('',(1.,0.,0.));
#71 = AXIS2_PLACEMENT_3D('',#72,#73,#74);
#72 = CARTESIAN_POINT('',(9.034621,-9.149815,1.65));
#73 = DIRECTION('',(0.,-0.,1.));
#74 = DIRECTION('',(1.110223024625E-16,1.,0.));
#75 = AXIS2_PLACEMENT_3D('',#76,#77,#78);
#76 = CARTESIAN_POINT('',(-4.580719,9.214185,1.65));
#77 = DIRECTION('',(0.,0.,1.));
#78 = DIRECTION('',(-1.,1.224646799147E-16,0.));
#79 = AXIS2_PLACEMENT_3D('',#80,#81,#82);
#80 = CARTESIAN_POINT('',(6.57728,-3.401815,1.65));
#81 = DIRECTION('',(-0.,0.,1.));
#82 = DIRECTION('',(1.110223024625E-16,-1.,0.));
#83 = AXIS2_PLACEMENT_3D('',#84,#85,#86);
#84 = CARTESIAN_POINT('',(-1.428719,4.380185,1.65));
#85 = DIRECTION('',(0.,-0.,1.));
#86 = DIRECTION('',(1.110223024625E-16,1.,0.));
#87 = AXIS2_PLACEMENT_3D('',#88,#89,#90);
#88 = CARTESIAN_POINT('',(16.561281,-1.729815,1.65));
#89 = DIRECTION('',(-0.,0.,1.));
#90 = DIRECTION('',(1.110223024625E-16,-1.,0.));
#91 = AXIS2_PLACEMENT_3D('',#92,#93,#94);
#92 = CARTESIAN_POINT('',(16.291281,2.960185,1.65));
#93 = DIRECTION('',(0.,-0.,1.));
#94 = DIRECTION('',(1.110223024625E-16,1.,0.));
#95 = AXIS2_PLACEMENT_3D('',#96,#97,#98);
#96 = CARTESIAN_POINT('',(1.748174,-1.533369,1.65));
#97 = DIRECTION('',(-0.,0.,1.));
#98 = DIRECTION('',(1.110223024625E-16,-1.,0.));
#99 = AXIS2_PLACEMENT_3D('',#100,#101,#102);
#100 = CARTESIAN_POINT('',(2.548174,-1.533368,1.65));
#101 = DIRECTION('',(0.,-0.,1.));
#102 = DIRECTION('',(1.110223024625E-16,1.,0.));
#103 = AXIS2_PLACEMENT_3D('',#104,#105,#106);
#104 = CARTESIAN_POINT('',(-17.449999,9.7,1.65));
#105 = DIRECTION('',(0.,-0.,1.));
#106 = DIRECTION('',(1.144237745222E-17,1.,0.));
#107 = AXIS2_PLACEMENT_3D('',#108,#109,#110);
#108 = CARTESIAN_POINT('',(-8.85538,-7.039814,1.65));
#109 = DIRECTION('',(0.,0.,1.));
#110 = DIRECTION('',(-1.,1.224646799147E-16,0.));
#111 = AXIS2_PLACEMENT_3D('',#112,#113,#114);
#112 = CARTESIAN_POINT('',(11.460001,-7.74,1.65));
#113 = DIRECTION('',(0.,-0.,1.));
#114 = DIRECTION('',(1.110223024625E-16,1.,0.));
#115 = AXIS2_PLACEMENT_3D('',#116,#117,#118);
#116 = CARTESIAN_POINT('',(-8.847379,-6.235814,1.65));
#117 = DIRECTION('',(0.,0.,1.));
#118 = DIRECTION('',(-1.,1.224646799147E-16,0.));
#119 = AXIS2_PLACEMENT_3D('',#120,#121,#122);
#120 = CARTESIAN_POINT('',(-15.885379,1.710185,1.65));
#121 = DIRECTION('',(0.,0.,1.));
#122 = DIRECTION('',(1.,0.,0.));
#123 = AXIS2_PLACEMENT_3D('',#124,#125,#126);
#124 = CARTESIAN_POINT('',(-6.438719,1.010185,1.65));
#125 = DIRECTION('',(-0.,0.,1.));
#126 = DIRECTION('',(1.110223024625E-16,-1.,0.));
#127 = AXIS2_PLACEMENT_3D('',#128,#129,#130);
#128 = CARTESIAN_POINT('',(-2.605379,-8.569815,1.65));
#129 = DIRECTION('',(0.,-0.,1.));
#130 = DIRECTION('',(1.110223024625E-16,1.,0.));
#131 = AXIS2_PLACEMENT_3D('',#132,#133,#134);
#132 = CARTESIAN_POINT('',(-10.758273,5.453108,1.65));
#133 = DIRECTION('',(-0.,0.,1.));
#134 = DIRECTION('',(1.110223024625E-16,-1.,0.));
#135 = AXIS2_PLACEMENT_3D('',#136,#137,#138);
#136 = CARTESIAN_POINT('',(-8.963719,1.160184,1.65));
#137 = DIRECTION('',(0.,0.,1.));
#138 = DIRECTION('',(-1.,1.224646799147E-16,0.));
#139 = AXIS2_PLACEMENT_3D('',#140,#141,#142);
#140 = CARTESIAN_POINT('',(10.811281,-3.999815,1.65));
#141 = DIRECTION('',(0.,-0.,1.));
#142 = DIRECTION('',(1.110223024625E-16,1.,0.));
#143 = AXIS2_PLACEMENT_3D('',#144,#145,#146);
#144 = CARTESIAN_POINT('',(13.261281,-3.029815,1.65));
#145 = DIRECTION('',(0.,-0.,1.));
#146 = DIRECTION('',(1.110223024625E-16,1.,0.));
#147 = AXIS2_PLACEMENT_3D('',#148,#149,#150);
#148 = CARTESIAN_POINT('',(9.1281E-02,7.610185,1.65));
#149 = DIRECTION('',(-0.,0.,1.));
#150 = DIRECTION('',(1.110223024625E-16,-1.,0.));
#151 = AXIS2_PLACEMENT_3D('',#152,#153,#154);
#152 = CARTESIAN_POINT('',(9.035281,-7.107815,1.65));
#153 = DIRECTION('',(0.,-0.,1.));
#154 = DIRECTION('',(1.110223024625E-16,1.,0.));
#155 = AXIS2_PLACEMENT_3D('',#156,#157,#158);
#156 = CARTESIAN_POINT('',(-15.811826,-9.473368,1.65));
#157 = DIRECTION('',(0.,0.,1.));
#158 = DIRECTION('',(-1.,1.224646799147E-16,0.));
#159 = AXIS2_PLACEMENT_3D('',#160,#161,#162);
#160 = CARTESIAN_POINT('',(6.031282,8.420185,1.65));
#161 = DIRECTION('',(0.,0.,1.));
#162 = DIRECTION('',(-1.,1.224646799147E-16,0.));
#163 = AXIS2_PLACEMENT_3D('',#164,#165,#166);
#164 = CARTESIAN_POINT('',(15.301281,2.960186,1.65));
#165 = DIRECTION('',(0.,-0.,1.));
#166 = DIRECTION('',(1.110223024625E-16,1.,0.));
#167 = AXIS2_PLACEMENT_3D('',#168,#169,#170);
#168 = CARTESIAN_POINT('',(14.261281,-3.019815,1.65));
#169 = DIRECTION('',(-0.,0.,1.));
#170 = DIRECTION('',(1.110223024625E-16,-1.,0.));
#171 = AXIS2_PLACEMENT_3D('',#172,#173,#174);
#172 = CARTESIAN_POINT('',(1.861282,2.640186,1.65));
#173 = DIRECTION('',(0.,0.,1.));
#174 = DIRECTION('',(-1.,1.224646799147E-16,0.));
#175 = AXIS2_PLACEMENT_3D('',#176,#177,#178);
#176 = CARTESIAN_POINT('',(-12.58,6.45,1.65));
#177 = DIRECTION('',(-0.,0.,1.));
#178 = DIRECTION('',(0.906307787037,-0.422618261741,0.));
#179 = AXIS2_PLACEMENT_3D('',#180,#181,#182);
#180 = CARTESIAN_POINT('',(-15.931826,-8.403368,1.65));
#181 = DIRECTION('',(0.,0.,1.));
#182 = DIRECTION('',(-1.,1.224646799147E-16,0.));
#183 = AXIS2_PLACEMENT_3D('',#184,#185,#186);
#184 = CARTESIAN_POINT('',(4.060001,5.62,1.65));
#185 = DIRECTION('',(0.,0.,1.));
#186 = DIRECTION('',(-0.707106781187,0.707106781187,0.));
#187 = AXIS2_PLACEMENT_3D('',#188,#189,#190);
#188 = CARTESIAN_POINT('',(5.781281,-1.469815,1.65));
#189 = DIRECTION('',(0.,-0.,1.));
#190 = DIRECTION('',(1.110223024625E-16,1.,0.));
#191 = AXIS2_PLACEMENT_3D('',#192,#193,#194);
#192 = CARTESIAN_POINT('',(-6.878273,6.853108,1.65));
#193 = DIRECTION('',(0.,-0.,1.));
#194 = DIRECTION('',(1.110223024625E-16,1.,0.));
#195 = AXIS2_PLACEMENT_3D('',#196,#197,#198);
#196 = CARTESIAN_POINT('',(-2.971399,-2.715815,1.65));
#197 = DIRECTION('',(0.,0.,1.));
#198 = DIRECTION('',(-1.,1.224646799147E-16,0.));
#199 = AXIS2_PLACEMENT_3D('',#200,#201,#202);
#200 = CARTESIAN_POINT('',(-0.185379,-8.569815,1.65));
#201 = DIRECTION('',(0.,-0.,1.));
#202 = DIRECTION('',(1.110223024625E-16,1.,0.));
#203 = AXIS2_PLACEMENT_3D('',#204,#205,#206);
#204 = CARTESIAN_POINT('',(-1.003406,-4.016598,1.65));
#205 = DIRECTION('',(-0.,0.,1.));
#206 = DIRECTION('',(1.110223024625E-16,-1.,0.));
#207 = AXIS2_PLACEMENT_3D('',#208,#209,#210);
#208 = CARTESIAN_POINT('',(4.878174,-0.923367,1.65));
#209 = DIRECTION('',(0.,-0.,1.));
#210 = DIRECTION('',(1.110223024625E-16,1.,0.));
#211 = AXIS2_PLACEMENT_3D('',#212,#213,#214);
#212 = CARTESIAN_POINT('',(1.889002,3.64,1.65));
#213 = DIRECTION('',(0.,0.,1.));
#214 = DIRECTION('',(1.,0.,0.));
#215 = AXIS2_PLACEMENT_3D('',#216,#217,#218);
#216 = CARTESIAN_POINT('',(-10.621826,-2.253368,1.65));
#217 = DIRECTION('',(-0.,0.,1.));
#218 = DIRECTION('',(1.110223024625E-16,-1.,0.));
#219 = AXIS2_PLACEMENT_3D('',#220,#221,#222);
#220 = CARTESIAN_POINT('',(-14.429999,6.25,1.65));
#221 = DIRECTION('',(0.,-0.,1.));
#222 = DIRECTION('',(1.110223024625E-16,1.,0.));
#223 = AXIS2_PLACEMENT_3D('',#224,#225,#226);
#224 = CARTESIAN_POINT('',(-3.793719,1.160186,1.65));
#225 = DIRECTION('',(0.,0.,1.));
#226 = DIRECTION('',(-1.,1.224646799147E-16,0.));
#227 = AXIS2_PLACEMENT_3D('',#228,#229,#230);
#228 = CARTESIAN_POINT('',(-15.185379,-0.129815,1.65));
#229 = DIRECTION('',(0.,-0.,1.));
#230 = DIRECTION('',(1.110223024625E-16,1.,0.));
#231 = AXIS2_PLACEMENT_3D('',#232,#233,#234);
#232 = CARTESIAN_POINT('',(-11.548719,1.010184,1.65));
#233 = DIRECTION('',(-0.,0.,1.));
#234 = DIRECTION('',(1.110223024625E-16,-1.,0.));
#235 = AXIS2_PLACEMENT_3D('',#236,#237,#238);
#236 = CARTESIAN_POINT('',(3.428486281374,4.987171572875,1.65));
#237 = DIRECTION('',(0.,0.,1.));
#238 = DIRECTION('',(-0.707106781187,0.707106781187,0.));
#239 = AXIS2_PLACEMENT_3D('',#240,#241,#242);
#240 = CARTESIAN_POINT('',(-1.208719,7.110185,1.65));
#241 = DIRECTION('',(0.,0.,1.));
#242 = DIRECTION('',(-1.,1.224646799147E-16,0.));
#243 = AXIS2_PLACEMENT_3D('',#244,#245,#246);
#244 = CARTESIAN_POINT('',(14.268646,-6.257815,1.65));
#245 = DIRECTION('',(0.,-0.,1.));
#246 = DIRECTION('',(1.110223024625E-16,1.,0.));
#247 = AXIS2_PLACEMENT_3D('',#248,#249,#250);
#248 = CARTESIAN_POINT('',(-15.185379,-3.629815,1.65));
#249 = DIRECTION('',(0.,-0.,1.));
#250 = DIRECTION('',(1.110223024625E-16,1.,0.));
#251 = AXIS2_PLACEMENT_3D('',#252,#253,#254);
#252 = CARTESIAN_POINT('',(-1.395379,-8.559815,1.65));
#253 = DIRECTION('',(0.,-0.,1.));
#254 = DIRECTION('',(1.110223024625E-16,1.,0.));
#255 = AXIS2_PLACEMENT_3D('',#256,#257,#258);
#256 = CARTESIAN_POINT('',(-6.755379,-3.129816,1.65));
#257 = DIRECTION('',(0.,-0.,1.));
#258 = DIRECTION('',(1.110223024625E-16,1.,0.));
#259 = AXIS2_PLACEMENT_3D('',#260,#261,#262);
#260 = CARTESIAN_POINT('',(15.794622,4.260185,1.65));
#261 = DIRECTION('',(0.,0.,1.));
#262 = DIRECTION('',(1.,0.,0.));
#263 = AXIS2_PLACEMENT_3D('',#264,#265,#266);
#264 = CARTESIAN_POINT('',(-3.793719,2.260185,1.65));
#265 = DIRECTION('',(0.,0.,1.));
#266 = DIRECTION('',(1.,0.,0.));
#267 = AXIS2_PLACEMENT_3D('',#268,#269,#270);
#268 = CARTESIAN_POINT('',(-7.475379,-7.339815,1.65));
#269 = DIRECTION('',(-0.,0.,1.));
#270 = DIRECTION('',(1.110223024625E-16,-1.,0.));
#271 = AXIS2_PLACEMENT_3D('',#272,#273,#274);
#272 = CARTESIAN_POINT('',(6.58128,-1.469815,1.65));
#273 = DIRECTION('',(0.,-0.,1.));
#274 = DIRECTION('',(1.110223024625E-16,1.,0.));
#275 = AXIS2_PLACEMENT_3D('',#276,#277,#278);
#276 = CARTESIAN_POINT('',(-13.378719,1.710186,1.65));
#277 = DIRECTION('',(0.,0.,1.));
#278 = DIRECTION('',(1.,0.,0.));
#279 = AXIS2_PLACEMENT_3D('',#280,#281,#282);
#280 = CARTESIAN_POINT('',(3.848174,1.566633,1.65));
#281 = DIRECTION('',(0.,0.,1.));
#282 = DIRECTION('',(1.,0.,0.));
#283 = AXIS2_PLACEMENT_3D('',#284,#285,#286);
#284 = CARTESIAN_POINT('',(0.514,7.7E-02,4.45));
#285 = DIRECTION('',(0.,0.,1.));
#286 = DIRECTION('',(-1.,1.224646799147E-16,0.));
#287 = AXIS2_PLACEMENT_3D('',#288,#289,#290);
#288 = CARTESIAN_POINT('',(14.681281,-8.189815,1.65));
#289 = DIRECTION('',(0.,0.,1.));
#290 = DIRECTION('',(1.,0.,0.));
#291 = AXIS2_PLACEMENT_3D('',#292,#293,#294);
#292 = CARTESIAN_POINT('',(1.681436,0.481195,1.65));
#293 = DIRECTION('',(0.,0.,1.));
#294 = DIRECTION('',(-0.939692620786,0.342020143326,0.));
#295 = AXIS2_PLACEMENT_3D('',#296,#297,#298);
#296 = CARTESIAN_POINT('',(-15.885379,-1.879815,1.65));
#297 = DIRECTION('',(0.,0.,1.));
#298 = DIRECTION('',(-1.,1.224646799147E-16,0.));
#299 = AXIS2_PLACEMENT_3D('',#300,#301,#302);
#300 = CARTESIAN_POINT('',(-1.370623849056,-2.269168682791,1.65));
#301 = DIRECTION('',(0.,-0.,1.));
#302 = DIRECTION('',(0.258819045103,0.965925826289,0.));
#303 = AXIS2_PLACEMENT_3D('',#304,#305,#306);
#304 = CARTESIAN_POINT('',(16.561281,0.170185,1.65));
#305 = DIRECTION('',(0.,-0.,1.));
#306 = DIRECTION('',(1.110223024625E-16,1.,0.));
#307 = AXIS2_PLACEMENT_3D('',#308,#309,#310);
#308 = CARTESIAN_POINT('',(17.371281,-7.919815,1.65));
#309 = DIRECTION('',(-0.,0.,1.));
#310 = DIRECTION('',(1.110223024625E-16,-1.,0.));
#311 = AXIS2_PLACEMENT_3D('',#312,#313,#314);
#312 = CARTESIAN_POINT('',(0.848173,-5.313366,1.65));
#313 = DIRECTION('',(0.,0.,1.));
#314 = DIRECTION('',(-1.,1.224646799147E-16,0.));
#315 = AXIS2_PLACEMENT_3D('',#316,#317,#318);
#316 = CARTESIAN_POINT('',(-5.455378,-3.629815,1.65));
#317 = DIRECTION('',(0.,0.,1.));
#318 = DIRECTION('',(1.,0.,0.));
#319 = AXIS2_PLACEMENT_3D('',#320,#321,#322);
#320 = CARTESIAN_POINT('',(8.181281,-1.469814,1.65));
#321 = DIRECTION('',(-0.,0.,1.));
#322 = DIRECTION('',(1.110223024625E-16,-1.,0.));
#323 = AXIS2_PLACEMENT_3D('',#324,#325,#326);
#324 = CARTESIAN_POINT('',(-4.693558689447,-2.685208440526,1.65));
#325 = DIRECTION('',(0.,0.,1.));
#326 = DIRECTION('',(-0.656059028991,0.754709580223,0.));
#327 = AXIS2_PLACEMENT_3D('',#328,#329,#330);
#328 = CARTESIAN_POINT('',(12.830001,-7.74,1.65));
#329 = DIRECTION('',(0.,-0.,1.));
#330 = DIRECTION('',(1.110223024625E-16,1.,0.));
#331 = AXIS2_PLACEMENT_3D('',#332,#333,#334);
#332 = CARTESIAN_POINT('',(-8.818273,6.153108,1.65));
#333 = DIRECTION('',(0.,0.,1.));
#334 = DIRECTION('',(-1.,1.224646799147E-16,0.));
#335 = AXIS2_PLACEMENT_3D('',#336,#337,#338);
#336 = CARTESIAN_POINT('',(7.381281,-1.469814,1.65));
#337 = DIRECTION('',(-0.,0.,1.));
#338 = DIRECTION('',(1.110223024625E-16,-1.,0.));
#339 = AXIS2_PLACEMENT_3D('',#340,#341,#342);
#340 = CARTESIAN_POINT('',(2.148174,-4.813367,1.65));
#341 = DIRECTION('',(0.,-0.,1.));
#342 = DIRECTION('',(1.110223024625E-16,1.,0.));
#343 = AXIS2_PLACEMENT_3D('',#344,#345,#346);
#344 = CARTESIAN_POINT('',(-13.378719,2.810185,1.65));
#345 = DIRECTION('',(0.,0.,1.));
#346 = DIRECTION('',(-1.,1.224646799147E-16,0.));
#347 = AXIS2_PLACEMENT_3D('',#348,#349,#350);
#348 = CARTESIAN_POINT('',(-9.355379,-3.129815,1.65));
#349 = DIRECTION('',(0.,-0.,1.));
#350 = DIRECTION('',(1.110223024625E-16,1.,0.));
#351 = AXIS2_PLACEMENT_3D('',#352,#353,#354);
#352 = CARTESIAN_POINT('',(-9.321827,-1.753368,1.65));
#353 = DIRECTION('',(0.,0.,1.));
#354 = DIRECTION('',(1.,0.,0.));
#355 = AXIS2_PLACEMENT_3D('',#356,#357,#358);
#356 = CARTESIAN_POINT('',(4.078174,-0.923367,1.65));
#357 = DIRECTION('',(0.,-0.,1.));
#358 = DIRECTION('',(1.110223024625E-16,1.,0.));
#359 = AXIS2_PLACEMENT_3D('',#360,#361,#362);
#360 = CARTESIAN_POINT('',(15.794622,5.270185,1.65));
#361 = DIRECTION('',(0.,0.,1.));
#362 = DIRECTION('',(1.,0.,0.));
#363 = AXIS2_PLACEMENT_3D('',#364,#365,#366);
#364 = CARTESIAN_POINT('',(12.610001,-1.11,1.65));
#365 = DIRECTION('',(0.,-0.,1.));
#366 = DIRECTION('',(1.110223024625E-16,1.,0.));
#367 = AXIS2_PLACEMENT_3D('',#368,#369,#370);
#368 = CARTESIAN_POINT('',(15.794622,6.070185,1.65));
#369 = DIRECTION('',(0.,0.,1.));
#370 = DIRECTION('',(1.,0.,0.));
#371 = AXIS2_PLACEMENT_3D('',#372,#373,#374);
#372 = CARTESIAN_POINT('',(3.291281,3.140186,1.65));
#373 = DIRECTION('',(0.,-0.,1.));
#374 = DIRECTION('',(1.110223024625E-16,1.,0.));
#375 = AXIS2_PLACEMENT_3D('',#376,#377,#378);
#376 = CARTESIAN_POINT('',(10.761281,-9.589815,1.65));
#377 = DIRECTION('',(0.,0.,1.));
#378 = DIRECTION('',(1.,0.,0.));
#379 = AXIS2_PLACEMENT_3D('',#380,#381,#382);
#380 = CARTESIAN_POINT('',(0.391282,4.470184,1.65));
#381 = DIRECTION('',(0.,0.,1.));
#382 = DIRECTION('',(-1.,1.224646799147E-16,0.));
#383 = AXIS2_PLACEMENT_3D('',#384,#385,#386);
#384 = CARTESIAN_POINT('',(0.,0.,0.));
#385 = DIRECTION('',(0.,0.,1.));
#386 = DIRECTION('',(1.,0.,-0.));
#387 = ( GEOMETRIC_REPRESENTATION_CONTEXT(3) 
GLOBAL_UNCERTAINTY_ASSIGNED_CONTEXT((#391)) GLOBAL_UNIT_ASSIGNED_CONTEXT
((#388,#389,#390)) REPRESENTATION_CONTEXT('Context #1',
  '3D Context with UNIT and UNCERTAINTY') );
#388 = ( LENGTH_UNIT() NAMED_UNIT(*) SI_UNIT(.MILLI.,.METRE.) );
#389 = ( NAMED_UNIT(*) PLANE_ANGLE_UNIT() SI_UNIT($,.RADIAN.) );
#390 = ( NAMED_UNIT(*) SI_UNIT($,.STERADIAN.) SOLID_ANGLE_UNIT() );
#391 = UNCERTAINTY_MEASURE_WITH_UNIT(LENGTH_MEASURE(2.E-06),#388,
  'distance_accuracy_value','confusion accuracy');
#392 = PRODUCT_RELATED_PRODUCT_CATEGORY('part',$,(#7));
#393 = SHAPE_DEFINITION_REPRESENTATION(#394,#400);
#394 = PRODUCT_DEFINITION_SHAPE('','',#395);
#395 = PRODUCT_DEFINITION('design','',#396,#399);
#396 = PRODUCT_DEFINITION_FORMATION('','',#397);
#397 = PRODUCT('R_0402_1005Metric','R_0402_1005Metric','',(#398));
#398 = PRODUCT_CONTEXT('',#2,'mechanical');
#399 = PRODUCT_DEFINITION_CONTEXT('part definition',#2,'design');
#400 = SHAPE_REPRESENTATION('',(#11,#401),#405);
#401 = AXIS2_PLACEMENT_3D('',#402,#403,#404);
#402 = CARTESIAN_POINT('',(0.,0.,0.));
#403 = DIRECTION('',(0.,0.,1.));
#404 = DIRECTION('',(1.,0.,-0.));
#405 = ( GEOMETRIC_REPRESENTATION_CONTEXT(3) 
GLOBAL_UNCERTAINTY_ASSIGNED_CONTEXT((#409)) GLOBAL_UNIT_ASSIGNED_CONTEXT
((#406,#407,#408)) REPRESENTATION_CONTEXT('Context #1',
  '3D Context with UNIT and UNCERTAINTY') );
#406 = ( LENGTH_UNIT() NAMED_UNIT(*) SI_UNIT(.MILLI.,.METRE.) );
#407 = ( NAMED_UNIT(*) PLANE_ANGLE_UNIT() SI_UNIT($,.RADIAN.) );
#408 = ( NAMED_UNIT(*) SI_UNIT($,.STERADIAN.) SOLID_ANGLE_UNIT() );
#409 = UNCERTAINTY_MEASURE_WITH_UNIT(LENGTH_MEASURE(1.E-07),#406,
  'distance_accuracy_value','confusion accuracy');
#410 = CONTEXT_DEPENDENT_SHAPE_REPRESENTATION(#411,#413);
#411 = ( REPRESENTATION_RELATIONSHIP('','',#400,#10) 
REPRESENTATION_RELATIONSHIP_WITH_TRANSFORMATION(#412) 
SHAPE_REPRESENTATION_RELATIONSHIP() );
#412 = ITEM_DEFINED_TRANSFORMATION('','',#11,#15);
#413 = PRODUCT_DEFINITION_SHAPE('Placement','Placement of an item',#414
  );
#414 = NEXT_ASSEMBLY_USAGE_OCCURRENCE('2','R4','',#5,#395,$);
#415 = PRODUCT_RELATED_PRODUCT_CATEGORY('part',$,(#397));
#416 = SHAPE_DEFINITION_REPRESENTATION(#417,#423);
#417 = PRODUCT_DEFINITION_SHAPE('','',#418);
#418 = PRODUCT_DEFINITION('design','',#419,#422);
#419 = PRODUCT_DEFINITION_FORMATION('','',#420);
#420 = PRODUCT('R_0402_1005Metric','R_0402_1005Metric','',(#421));
#421 = PRODUCT_CONTEXT('',#2,'mechanical');
#422 = PRODUCT_DEFINITION_CONTEXT('part definition',#2,'design');
#423 = ADVANCED_BREP_SHAPE_REPRESENTATION('',(#11,#424),#1214);
#424 = MANIFOLD_SOLID_BREP('',#425);
#425 = CLOSED_SHELL('',(#426,#466,#549,#574,#599,#666,#683,#700,#749,
    #766,#783,#832,#849,#918,#949,#973,#1042,#1066,#1083,#1100,#1117,
    #1134,#1151,#1168,#1185,#1202));
#426 = ADVANCED_FACE('',(#427),#461,.F.);
#427 = FACE_BOUND('',#428,.F.);
#428 = EDGE_LOOP('',(#429,#439,#447,#455));
#429 = ORIENTED_EDGE('',*,*,#430,.F.);
#430 = EDGE_CURVE('',#431,#433,#435,.T.);
#431 = VERTEX_POINT('',#432);
#432 = CARTESIAN_POINT('',(-0.5,-0.25,3.5E-02));
#433 = VERTEX_POINT('',#434);
#434 = CARTESIAN_POINT('',(-0.5,-0.25,0.315));
#435 = LINE('',#436,#437);
#436 = CARTESIAN_POINT('',(-0.5,-0.25,0.));
#437 = VECTOR('',#438,1.);
#438 = DIRECTION('',(0.,0.,1.));
#439 = ORIENTED_EDGE('',*,*,#440,.T.);
#440 = EDGE_CURVE('',#431,#441,#443,.T.);
#441 = VERTEX_POINT('',#442);
#442 = CARTESIAN_POINT('',(-0.5,0.25,3.5E-02));
#443 = LINE('',#444,#445);
#444 = CARTESIAN_POINT('',(-0.5,-0.25,3.5E-02));
#445 = VECTOR('',#446,1.);
#446 = DIRECTION('',(0.,1.,0.));
#447 = ORIENTED_EDGE('',*,*,#448,.T.);
#448 = EDGE_CURVE('',#441,#449,#451,.T.);
#449 = VERTEX_POINT('',#450);
#450 = CARTESIAN_POINT('',(-0.5,0.25,0.315));
#451 = LINE('',#452,#453);
#452 = CARTESIAN_POINT('',(-0.5,0.25,0.));
#453 = VECTOR('',#454,1.);
#454 = DIRECTION('',(0.,0.,1.));
#455 = ORIENTED_EDGE('',*,*,#456,.F.);
#456 = EDGE_CURVE('',#433,#449,#457,.T.);
#457 = LINE('',#458,#459);
#458 = CARTESIAN_POINT('',(-0.5,-0.25,0.315));
#459 = VECTOR('',#460,1.);
#460 = DIRECTION('',(0.,1.,0.));
#461 = PLANE('',#462);
#462 = AXIS2_PLACEMENT_3D('',#463,#464,#465);
#463 = CARTESIAN_POINT('',(-0.5,-0.25,0.));
#464 = DIRECTION('',(1.,0.,0.));
#465 = DIRECTION('',(0.,0.,1.));
#466 = ADVANCED_FACE('',(#467),#544,.F.);
#467 = FACE_BOUND('',#468,.F.);
#468 = EDGE_LOOP('',(#469,#479,#486,#487,#496,#504,#513,#521,#529,#537)
  );
#469 = ORIENTED_EDGE('',*,*,#470,.F.);
#470 = EDGE_CURVE('',#471,#473,#475,.T.);
#471 = VERTEX_POINT('',#472);
#472 = CARTESIAN_POINT('',(-0.465,-0.25,-2.775557561563E-17));
#473 = VERTEX_POINT('',#474);
#474 = CARTESIAN_POINT('',(-0.335,-0.25,-2.775557561563E-17));
#475 = LINE('',#476,#477);
#476 = CARTESIAN_POINT('',(-0.5,-0.25,0.));
#477 = VECTOR('',#478,1.);
#478 = DIRECTION('',(1.,0.,0.));
#479 = ORIENTED_EDGE('',*,*,#480,.F.);
#480 = EDGE_CURVE('',#431,#471,#481,.T.);
#481 = CIRCLE('',#482,3.5E-02);
#482 = AXIS2_PLACEMENT_3D('',#483,#484,#485);
#483 = CARTESIAN_POINT('',(-0.465,-0.25,3.5E-02));
#484 = DIRECTION('',(0.,-1.,0.));
#485 = DIRECTION('',(0.,0.,1.));
#486 = ORIENTED_EDGE('',*,*,#430,.T.);
#487 = ORIENTED_EDGE('',*,*,#488,.T.);
#488 = EDGE_CURVE('',#433,#489,#491,.T.);
#489 = VERTEX_POINT('',#490);
#490 = CARTESIAN_POINT('',(-0.465,-0.25,0.35));
#491 = CIRCLE('',#492,3.5E-02);
#492 = AXIS2_PLACEMENT_3D('',#493,#494,#495);
#493 = CARTESIAN_POINT('',(-0.465,-0.25,0.315));
#494 = DIRECTION('',(0.,1.,0.));
#495 = DIRECTION('',(0.,-0.,1.));
#496 = ORIENTED_EDGE('',*,*,#497,.T.);
#497 = EDGE_CURVE('',#489,#498,#500,.T.);
#498 = VERTEX_POINT('',#499);
#499 = CARTESIAN_POINT('',(-0.335,-0.25,0.35));
#500 = LINE('',#501,#502);
#501 = CARTESIAN_POINT('',(-0.5,-0.25,0.35));
#502 = VECTOR('',#503,1.);
#503 = DIRECTION('',(1.,0.,0.));
#504 = ORIENTED_EDGE('',*,*,#505,.F.);
#505 = EDGE_CURVE('',#506,#498,#508,.T.);
#506 = VERTEX_POINT('',#507);
#507 = CARTESIAN_POINT('',(-0.3,-0.25,0.315));
#508 = CIRCLE('',#509,3.5E-02);
#509 = AXIS2_PLACEMENT_3D('',#510,#511,#512);
#510 = CARTESIAN_POINT('',(-0.335,-0.25,0.315));
#511 = DIRECTION('',(0.,-1.,0.));
#512 = DIRECTION('',(0.,0.,1.));
#513 = ORIENTED_EDGE('',*,*,#514,.F.);
#514 = EDGE_CURVE('',#515,#506,#517,.T.);
#515 = VERTEX_POINT('',#516);
#516 = CARTESIAN_POINT('',(-0.465,-0.25,0.315));
#517 = LINE('',#518,#519);
#518 = CARTESIAN_POINT('',(-0.465,-0.25,0.315));
#519 = VECTOR('',#520,1.);
#520 = DIRECTION('',(1.,0.,0.));
#521 = ORIENTED_EDGE('',*,*,#522,.F.);
#522 = EDGE_CURVE('',#523,#515,#525,.T.);
#523 = VERTEX_POINT('',#524);
#524 = CARTESIAN_POINT('',(-0.465,-0.25,3.5E-02));
#525 = LINE('',#526,#527);
#526 = CARTESIAN_POINT('',(-0.465,-0.25,3.5E-02));
#527 = VECTOR('',#528,1.);
#528 = DIRECTION('',(0.,0.,1.));
#529 = ORIENTED_EDGE('',*,*,#530,.T.);
#530 = EDGE_CURVE('',#523,#531,#533,.T.);
#531 = VERTEX_POINT('',#532);
#532 = CARTESIAN_POINT('',(-0.3,-0.25,3.5E-02));
#533 = LINE('',#534,#535);
#534 = CARTESIAN_POINT('',(-0.465,-0.25,3.5E-02));
#535 = VECTOR('',#536,1.);
#536 = DIRECTION('',(1.,0.,0.));
#537 = ORIENTED_EDGE('',*,*,#538,.T.);
#538 = EDGE_CURVE('',#531,#473,#539,.T.);
#539 = CIRCLE('',#540,3.5E-02);
#540 = AXIS2_PLACEMENT_3D('',#541,#542,#543);
#541 = CARTESIAN_POINT('',(-0.335,-0.25,3.5E-02));
#542 = DIRECTION('',(0.,1.,0.));
#543 = DIRECTION('',(0.,-0.,1.));
#544 = PLANE('',#545);
#545 = AXIS2_PLACEMENT_3D('',#546,#547,#548);
#546 = CARTESIAN_POINT('',(-0.5,-0.25,0.));
#547 = DIRECTION('',(0.,1.,0.));
#548 = DIRECTION('',(0.,-0.,1.));
#549 = ADVANCED_FACE('',(#550),#569,.T.);
#550 = FACE_BOUND('',#551,.T.);
#551 = EDGE_LOOP('',(#552,#553,#562,#568));
#552 = ORIENTED_EDGE('',*,*,#440,.T.);
#553 = ORIENTED_EDGE('',*,*,#554,.T.);
#554 = EDGE_CURVE('',#441,#555,#557,.T.);
#555 = VERTEX_POINT('',#556);
#556 = CARTESIAN_POINT('',(-0.465,0.25,-2.775557561563E-17));
#557 = CIRCLE('',#558,3.5E-02);
#558 = AXIS2_PLACEMENT_3D('',#559,#560,#561);
#559 = CARTESIAN_POINT('',(-0.465,0.25,3.5E-02));
#560 = DIRECTION('',(0.,-1.,0.));
#561 = DIRECTION('',(0.,0.,1.));
#562 = ORIENTED_EDGE('',*,*,#563,.F.);
#563 = EDGE_CURVE('',#471,#555,#564,.T.);
#564 = LINE('',#565,#566);
#565 = CARTESIAN_POINT('',(-0.465,-0.25,-2.775557561563E-17));
#566 = VECTOR('',#567,1.);
#567 = DIRECTION('',(0.,1.,0.));
#568 = ORIENTED_EDGE('',*,*,#480,.F.);
#569 = CYLINDRICAL_SURFACE('',#570,3.5E-02);
#570 = AXIS2_PLACEMENT_3D('',#571,#572,#573);
#571 = CARTESIAN_POINT('',(-0.465,-0.25,3.5E-02));
#572 = DIRECTION('',(0.,1.,0.));
#573 = DIRECTION('',(-1.,0.,0.));
#574 = ADVANCED_FACE('',(#575),#594,.T.);
#575 = FACE_BOUND('',#576,.T.);
#576 = EDGE_LOOP('',(#577,#578,#586,#593));
#577 = ORIENTED_EDGE('',*,*,#488,.T.);
#578 = ORIENTED_EDGE('',*,*,#579,.T.);
#579 = EDGE_CURVE('',#489,#580,#582,.T.);
#580 = VERTEX_POINT('',#581);
#581 = CARTESIAN_POINT('',(-0.465,0.25,0.35));
#582 = LINE('',#583,#584);
#583 = CARTESIAN_POINT('',(-0.465,-0.25,0.35));
#584 = VECTOR('',#585,1.);
#585 = DIRECTION('',(0.,1.,0.));
#586 = ORIENTED_EDGE('',*,*,#587,.F.);
#587 = EDGE_CURVE('',#449,#580,#588,.T.);
#588 = CIRCLE('',#589,3.5E-02);
#589 = AXIS2_PLACEMENT_3D('',#590,#591,#592);
#590 = CARTESIAN_POINT('',(-0.465,0.25,0.315));
#591 = DIRECTION('',(0.,1.,0.));
#592 = DIRECTION('',(0.,-0.,1.));
#593 = ORIENTED_EDGE('',*,*,#456,.F.);
#594 = CYLINDRICAL_SURFACE('',#595,3.5E-02);
#595 = AXIS2_PLACEMENT_3D('',#596,#597,#598);
#596 = CARTESIAN_POINT('',(-0.465,-0.25,0.315));
#597 = DIRECTION('',(0.,1.,0.));
#598 = DIRECTION('',(-1.,0.,0.));
#599 = ADVANCED_FACE('',(#600),#661,.T.);
#600 = FACE_BOUND('',#601,.T.);
#601 = EDGE_LOOP('',(#602,#610,#611,#612,#613,#621,#630,#638,#646,#654)
  );
#602 = ORIENTED_EDGE('',*,*,#603,.F.);
#603 = EDGE_CURVE('',#555,#604,#606,.T.);
#604 = VERTEX_POINT('',#605);
#605 = CARTESIAN_POINT('',(-0.335,0.25,-2.775557561563E-17));
#606 = LINE('',#607,#608);
#607 = CARTESIAN_POINT('',(-0.5,0.25,0.));
#608 = VECTOR('',#609,1.);
#609 = DIRECTION('',(1.,0.,0.));
#610 = ORIENTED_EDGE('',*,*,#554,.F.);
#611 = ORIENTED_EDGE('',*,*,#448,.T.);
#612 = ORIENTED_EDGE('',*,*,#587,.T.);
#613 = ORIENTED_EDGE('',*,*,#614,.T.);
#614 = EDGE_CURVE('',#580,#615,#617,.T.);
#615 = VERTEX_POINT('',#616);
#616 = CARTESIAN_POINT('',(-0.335,0.25,0.35));
#617 = LINE('',#618,#619);
#618 = CARTESIAN_POINT('',(-0.5,0.25,0.35));
#619 = VECTOR('',#620,1.);
#620 = DIRECTION('',(1.,0.,0.));
#621 = ORIENTED_EDGE('',*,*,#622,.F.);
#622 = EDGE_CURVE('',#623,#615,#625,.T.);
#623 = VERTEX_POINT('',#624);
#624 = CARTESIAN_POINT('',(-0.3,0.25,0.315));
#625 = CIRCLE('',#626,3.5E-02);
#626 = AXIS2_PLACEMENT_3D('',#627,#628,#629);
#627 = CARTESIAN_POINT('',(-0.335,0.25,0.315));
#628 = DIRECTION('',(0.,-1.,0.));
#629 = DIRECTION('',(0.,0.,1.));
#630 = ORIENTED_EDGE('',*,*,#631,.F.);
#631 = EDGE_CURVE('',#632,#623,#634,.T.);
#632 = VERTEX_POINT('',#633);
#633 = CARTESIAN_POINT('',(-0.465,0.25,0.315));
#634 = LINE('',#635,#636);
#635 = CARTESIAN_POINT('',(-0.465,0.25,0.315));
#636 = VECTOR('',#637,1.);
#637 = DIRECTION('',(1.,0.,0.));
#638 = ORIENTED_EDGE('',*,*,#639,.F.);
#639 = EDGE_CURVE('',#640,#632,#642,.T.);
#640 = VERTEX_POINT('',#641);
#641 = CARTESIAN_POINT('',(-0.465,0.25,3.5E-02));
#642 = LINE('',#643,#644);
#643 = CARTESIAN_POINT('',(-0.465,0.25,3.5E-02));
#644 = VECTOR('',#645,1.);
#645 = DIRECTION('',(0.,0.,1.));
#646 = ORIENTED_EDGE('',*,*,#647,.T.);
#647 = EDGE_CURVE('',#640,#648,#650,.T.);
#648 = VERTEX_POINT('',#649);
#649 = CARTESIAN_POINT('',(-0.3,0.25,3.5E-02));
#650 = LINE('',#651,#652);
#651 = CARTESIAN_POINT('',(-0.465,0.25,3.5E-02));
#652 = VECTOR('',#653,1.);
#653 = DIRECTION('',(1.,0.,0.));
#654 = ORIENTED_EDGE('',*,*,#655,.T.);
#655 = EDGE_CURVE('',#648,#604,#656,.T.);
#656 = CIRCLE('',#657,3.5E-02);
#657 = AXIS2_PLACEMENT_3D('',#658,#659,#660);
#658 = CARTESIAN_POINT('',(-0.335,0.25,3.5E-02));
#659 = DIRECTION('',(0.,1.,0.));
#660 = DIRECTION('',(0.,-0.,1.));
#661 = PLANE('',#662);
#662 = AXIS2_PLACEMENT_3D('',#663,#664,#665);
#663 = CARTESIAN_POINT('',(-0.5,0.25,0.));
#664 = DIRECTION('',(0.,1.,0.));
#665 = DIRECTION('',(0.,-0.,1.));
#666 = ADVANCED_FACE('',(#667),#678,.F.);
#667 = FACE_BOUND('',#668,.F.);
#668 = EDGE_LOOP('',(#669,#670,#671,#672));
#669 = ORIENTED_EDGE('',*,*,#603,.F.);
#670 = ORIENTED_EDGE('',*,*,#563,.F.);
#671 = ORIENTED_EDGE('',*,*,#470,.T.);
#672 = ORIENTED_EDGE('',*,*,#673,.T.);
#673 = EDGE_CURVE('',#473,#604,#674,.T.);
#674 = LINE('',#675,#676);
#675 = CARTESIAN_POINT('',(-0.335,-0.25,-2.775557561563E-17));
#676 = VECTOR('',#677,1.);
#677 = DIRECTION('',(0.,1.,0.));
#678 = PLANE('',#679);
#679 = AXIS2_PLACEMENT_3D('',#680,#681,#682);
#680 = CARTESIAN_POINT('',(-0.5,-0.25,0.));
#681 = DIRECTION('',(0.,0.,1.));
#682 = DIRECTION('',(1.,0.,-0.));
#683 = ADVANCED_FACE('',(#684),#695,.T.);
#684 = FACE_BOUND('',#685,.T.);
#685 = EDGE_LOOP('',(#686,#687,#688,#689));
#686 = ORIENTED_EDGE('',*,*,#538,.T.);
#687 = ORIENTED_EDGE('',*,*,#673,.T.);
#688 = ORIENTED_EDGE('',*,*,#655,.F.);
#689 = ORIENTED_EDGE('',*,*,#690,.F.);
#690 = EDGE_CURVE('',#531,#648,#691,.T.);
#691 = LINE('',#692,#693);
#692 = CARTESIAN_POINT('',(-0.3,-0.25,3.5E-02));
#693 = VECTOR('',#694,1.);
#694 = DIRECTION('',(0.,1.,0.));
#695 = CYLINDRICAL_SURFACE('',#696,3.5E-02);
#696 = AXIS2_PLACEMENT_3D('',#697,#698,#699);
#697 = CARTESIAN_POINT('',(-0.335,-0.25,3.5E-02));
#698 = DIRECTION('',(0.,1.,0.));
#699 = DIRECTION('',(1.,0.,0.));
#700 = ADVANCED_FACE('',(#701),#744,.F.);
#701 = FACE_BOUND('',#702,.F.);
#702 = EDGE_LOOP('',(#703,#704,#705,#706,#714,#722,#730,#738));
#703 = ORIENTED_EDGE('',*,*,#530,.F.);
#704 = ORIENTED_EDGE('',*,*,#522,.T.);
#705 = ORIENTED_EDGE('',*,*,#514,.T.);
#706 = ORIENTED_EDGE('',*,*,#707,.T.);
#707 = EDGE_CURVE('',#506,#708,#710,.T.);
#708 = VERTEX_POINT('',#709);
#709 = CARTESIAN_POINT('',(0.3,-0.25,0.315));
#710 = LINE('',#711,#712);
#711 = CARTESIAN_POINT('',(-0.3,-0.25,0.315));
#712 = VECTOR('',#713,1.);
#713 = DIRECTION('',(1.,0.,0.));
#714 = ORIENTED_EDGE('',*,*,#715,.T.);
#715 = EDGE_CURVE('',#708,#716,#718,.T.);
#716 = VERTEX_POINT('',#717);
#717 = CARTESIAN_POINT('',(0.465,-0.25,0.315));
#718 = LINE('',#719,#720);
#719 = CARTESIAN_POINT('',(-0.465,-0.25,0.315));
#720 = VECTOR('',#721,1.);
#721 = DIRECTION('',(1.,0.,0.));
#722 = ORIENTED_EDGE('',*,*,#723,.F.);
#723 = EDGE_CURVE('',#724,#716,#726,.T.);
#724 = VERTEX_POINT('',#725);
#725 = CARTESIAN_POINT('',(0.465,-0.25,3.5E-02));
#726 = LINE('',#727,#728);
#727 = CARTESIAN_POINT('',(0.465,-0.25,3.5E-02));
#728 = VECTOR('',#729,1.);
#729 = DIRECTION('',(0.,0.,1.));
#730 = ORIENTED_EDGE('',*,*,#731,.F.);
#731 = EDGE_CURVE('',#732,#724,#734,.T.);
#732 = VERTEX_POINT('',#733);
#733 = CARTESIAN_POINT('',(0.3,-0.25,3.5E-02));
#734 = LINE('',#735,#736);
#735 = CARTESIAN_POINT('',(-0.465,-0.25,3.5E-02));
#736 = VECTOR('',#737,1.);
#737 = DIRECTION('',(1.,0.,0.));
#738 = ORIENTED_EDGE('',*,*,#739,.F.);
#739 = EDGE_CURVE('',#531,#732,#740,.T.);
#740 = LINE('',#741,#742);
#741 = CARTESIAN_POINT('',(-0.465,-0.25,3.5E-02));
#742 = VECTOR('',#743,1.);
#743 = DIRECTION('',(1.,0.,0.));
#744 = PLANE('',#745);
#745 = AXIS2_PLACEMENT_3D('',#746,#747,#748);
#746 = CARTESIAN_POINT('',(-0.465,-0.25,3.5E-02));
#747 = DIRECTION('',(0.,1.,0.));
#748 = DIRECTION('',(0.,-0.,1.));
#749 = ADVANCED_FACE('',(#750),#761,.T.);
#750 = FACE_BOUND('',#751,.T.);
#751 = EDGE_LOOP('',(#752,#753,#754,#755));
#752 = ORIENTED_EDGE('',*,*,#614,.F.);
#753 = ORIENTED_EDGE('',*,*,#579,.F.);
#754 = ORIENTED_EDGE('',*,*,#497,.T.);
#755 = ORIENTED_EDGE('',*,*,#756,.T.);
#756 = EDGE_CURVE('',#498,#615,#757,.T.);
#757 = LINE('',#758,#759);
#758 = CARTESIAN_POINT('',(-0.335,-0.25,0.35));
#759 = VECTOR('',#760,1.);
#760 = DIRECTION('',(0.,1.,0.));
#761 = PLANE('',#762);
#762 = AXIS2_PLACEMENT_3D('',#763,#764,#765);
#763 = CARTESIAN_POINT('',(-0.5,-0.25,0.35));
#764 = DIRECTION('',(0.,0.,1.));
#765 = DIRECTION('',(1.,0.,-0.));
#766 = ADVANCED_FACE('',(#767),#778,.T.);
#767 = FACE_BOUND('',#768,.T.);
#768 = EDGE_LOOP('',(#769,#775,#776,#777));
#769 = ORIENTED_EDGE('',*,*,#770,.T.);
#770 = EDGE_CURVE('',#506,#623,#771,.T.);
#771 = LINE('',#772,#773);
#772 = CARTESIAN_POINT('',(-0.3,-0.25,0.315));
#773 = VECTOR('',#774,1.);
#774 = DIRECTION('',(0.,1.,0.));
#775 = ORIENTED_EDGE('',*,*,#622,.T.);
#776 = ORIENTED_EDGE('',*,*,#756,.F.);
#777 = ORIENTED_EDGE('',*,*,#505,.F.);
#778 = CYLINDRICAL_SURFACE('',#779,3.5E-02);
#779 = AXIS2_PLACEMENT_3D('',#780,#781,#782);
#780 = CARTESIAN_POINT('',(-0.335,-0.25,0.315));
#781 = DIRECTION('',(0.,1.,0.));
#782 = DIRECTION('',(1.,0.,0.));
#783 = ADVANCED_FACE('',(#784),#827,.T.);
#784 = FACE_BOUND('',#785,.T.);
#785 = EDGE_LOOP('',(#786,#787,#788,#789,#797,#805,#813,#821));
#786 = ORIENTED_EDGE('',*,*,#647,.F.);
#787 = ORIENTED_EDGE('',*,*,#639,.T.);
#788 = ORIENTED_EDGE('',*,*,#631,.T.);
#789 = ORIENTED_EDGE('',*,*,#790,.T.);
#790 = EDGE_CURVE('',#623,#791,#793,.T.);
#791 = VERTEX_POINT('',#792);
#792 = CARTESIAN_POINT('',(0.3,0.25,0.315));
#793 = LINE('',#794,#795);
#794 = CARTESIAN_POINT('',(-0.3,0.25,0.315));
#795 = VECTOR('',#796,1.);
#796 = DIRECTION('',(1.,0.,0.));
#797 = ORIENTED_EDGE('',*,*,#798,.T.);
#798 = EDGE_CURVE('',#791,#799,#801,.T.);
#799 = VERTEX_POINT('',#800);
#800 = CARTESIAN_POINT('',(0.465,0.25,0.315));
#801 = LINE('',#802,#803);
#802 = CARTESIAN_POINT('',(-0.465,0.25,0.315));
#803 = VECTOR('',#804,1.);
#804 = DIRECTION('',(1.,0.,0.));
#805 = ORIENTED_EDGE('',*,*,#806,.F.);
#806 = EDGE_CURVE('',#807,#799,#809,.T.);
#807 = VERTEX_POINT('',#808);
#808 = CARTESIAN_POINT('',(0.465,0.25,3.5E-02));
#809 = LINE('',#810,#811);
#810 = CARTESIAN_POINT('',(0.465,0.25,3.5E-02));
#811 = VECTOR('',#812,1.);
#812 = DIRECTION('',(0.,0.,1.));
#813 = ORIENTED_EDGE('',*,*,#814,.F.);
#814 = EDGE_CURVE('',#815,#807,#817,.T.);
#815 = VERTEX_POINT('',#816);
#816 = CARTESIAN_POINT('',(0.3,0.25,3.5E-02));
#817 = LINE('',#818,#819);
#818 = CARTESIAN_POINT('',(-0.465,0.25,3.5E-02));
#819 = VECTOR('',#820,1.);
#820 = DIRECTION('',(1.,0.,0.));
#821 = ORIENTED_EDGE('',*,*,#822,.F.);
#822 = EDGE_CURVE('',#648,#815,#823,.T.);
#823 = LINE('',#824,#825);
#824 = CARTESIAN_POINT('',(-0.465,0.25,3.5E-02));
#825 = VECTOR('',#826,1.);
#826 = DIRECTION('',(1.,0.,0.));
#827 = PLANE('',#828);
#828 = AXIS2_PLACEMENT_3D('',#829,#830,#831);
#829 = CARTESIAN_POINT('',(-0.465,0.25,3.5E-02));
#830 = DIRECTION('',(0.,1.,0.));
#831 = DIRECTION('',(0.,-0.,1.));
#832 = ADVANCED_FACE('',(#833),#844,.F.);
#833 = FACE_BOUND('',#834,.F.);
#834 = EDGE_LOOP('',(#835,#836,#837,#843));
#835 = ORIENTED_EDGE('',*,*,#690,.F.);
#836 = ORIENTED_EDGE('',*,*,#739,.T.);
#837 = ORIENTED_EDGE('',*,*,#838,.T.);
#838 = EDGE_CURVE('',#732,#815,#839,.T.);
#839 = LINE('',#840,#841);
#840 = CARTESIAN_POINT('',(0.3,-0.25,3.5E-02));
#841 = VECTOR('',#842,1.);
#842 = DIRECTION('',(0.,1.,0.));
#843 = ORIENTED_EDGE('',*,*,#822,.F.);
#844 = PLANE('',#845);
#845 = AXIS2_PLACEMENT_3D('',#846,#847,#848);
#846 = CARTESIAN_POINT('',(-0.465,-0.25,3.5E-02));
#847 = DIRECTION('',(0.,0.,1.));
#848 = DIRECTION('',(1.,0.,-0.));
#849 = ADVANCED_FACE('',(#850),#913,.F.);
#850 = FACE_BOUND('',#851,.F.);
#851 = EDGE_LOOP('',(#852,#862,#869,#870,#871,#872,#881,#889,#898,#906)
  );
#852 = ORIENTED_EDGE('',*,*,#853,.F.);
#853 = EDGE_CURVE('',#854,#856,#858,.T.);
#854 = VERTEX_POINT('',#855);
#855 = CARTESIAN_POINT('',(0.335,-0.25,-2.775557561563E-17));
#856 = VERTEX_POINT('',#857);
#857 = CARTESIAN_POINT('',(0.465,-0.25,-2.775557561563E-17));
#858 = LINE('',#859,#860);
#859 = CARTESIAN_POINT('',(0.3,-0.25,0.));
#860 = VECTOR('',#861,1.);
#861 = DIRECTION('',(1.,0.,0.));
#862 = ORIENTED_EDGE('',*,*,#863,.F.);
#863 = EDGE_CURVE('',#732,#854,#864,.T.);
#864 = CIRCLE('',#865,3.5E-02);
#865 = AXIS2_PLACEMENT_3D('',#866,#867,#868);
#866 = CARTESIAN_POINT('',(0.335,-0.25,3.5E-02));
#867 = DIRECTION('',(0.,-1.,0.));
#868 = DIRECTION('',(0.,0.,1.));
#869 = ORIENTED_EDGE('',*,*,#731,.T.);
#870 = ORIENTED_EDGE('',*,*,#723,.T.);
#871 = ORIENTED_EDGE('',*,*,#715,.F.);
#872 = ORIENTED_EDGE('',*,*,#873,.T.);
#873 = EDGE_CURVE('',#708,#874,#876,.T.);
#874 = VERTEX_POINT('',#875);
#875 = CARTESIAN_POINT('',(0.335,-0.25,0.35));
#876 = CIRCLE('',#877,3.5E-02);
#877 = AXIS2_PLACEMENT_3D('',#878,#879,#880);
#878 = CARTESIAN_POINT('',(0.335,-0.25,0.315));
#879 = DIRECTION('',(0.,1.,0.));
#880 = DIRECTION('',(0.,-0.,1.));
#881 = ORIENTED_EDGE('',*,*,#882,.T.);
#882 = EDGE_CURVE('',#874,#883,#885,.T.);
#883 = VERTEX_POINT('',#884);
#884 = CARTESIAN_POINT('',(0.465,-0.25,0.35));
#885 = LINE('',#886,#887);
#886 = CARTESIAN_POINT('',(0.3,-0.25,0.35));
#887 = VECTOR('',#888,1.);
#888 = DIRECTION('',(1.,0.,0.));
#889 = ORIENTED_EDGE('',*,*,#890,.F.);
#890 = EDGE_CURVE('',#891,#883,#893,.T.);
#891 = VERTEX_POINT('',#892);
#892 = CARTESIAN_POINT('',(0.5,-0.25,0.315));
#893 = CIRCLE('',#894,3.5E-02);
#894 = AXIS2_PLACEMENT_3D('',#895,#896,#897);
#895 = CARTESIAN_POINT('',(0.465,-0.25,0.315));
#896 = DIRECTION('',(0.,-1.,0.));
#897 = DIRECTION('',(0.,0.,1.));
#898 = ORIENTED_EDGE('',*,*,#899,.F.);
#899 = EDGE_CURVE('',#900,#891,#902,.T.);
#900 = VERTEX_POINT('',#901);
#901 = CARTESIAN_POINT('',(0.5,-0.25,3.5E-02));
#902 = LINE('',#903,#904);
#903 = CARTESIAN_POINT('',(0.5,-0.25,0.));
#904 = VECTOR('',#905,1.);
#905 = DIRECTION('',(0.,0.,1.));
#906 = ORIENTED_EDGE('',*,*,#907,.T.);
#907 = EDGE_CURVE('',#900,#856,#908,.T.);
#908 = CIRCLE('',#909,3.5E-02);
#909 = AXIS2_PLACEMENT_3D('',#910,#911,#912);
#910 = CARTESIAN_POINT('',(0.465,-0.25,3.5E-02));
#911 = DIRECTION('',(0.,1.,0.));
#912 = DIRECTION('',(0.,-0.,1.));
#913 = PLANE('',#914);
#914 = AXIS2_PLACEMENT_3D('',#915,#916,#917);
#915 = CARTESIAN_POINT('',(0.3,-0.25,0.));
#916 = DIRECTION('',(0.,1.,0.));
#917 = DIRECTION('',(0.,-0.,1.));
#918 = ADVANCED_FACE('',(#919),#944,.F.);
#919 = FACE_BOUND('',#920,.F.);
#920 = EDGE_LOOP('',(#921,#922,#930,#938));
#921 = ORIENTED_EDGE('',*,*,#707,.F.);
#922 = ORIENTED_EDGE('',*,*,#923,.T.);
#923 = EDGE_CURVE('',#506,#924,#926,.T.);
#924 = VERTEX_POINT('',#925);
#925 = CARTESIAN_POINT('',(-0.3,-0.25,0.35));
#926 = LINE('',#927,#928);
#927 = CARTESIAN_POINT('',(-0.3,-0.25,0.315));
#928 = VECTOR('',#929,1.);
#929 = DIRECTION('',(0.,0.,1.));
#930 = ORIENTED_EDGE('',*,*,#931,.T.);
#931 = EDGE_CURVE('',#924,#932,#934,.T.);
#932 = VERTEX_POINT('',#933);
#933 = CARTESIAN_POINT('',(0.3,-0.25,0.35));
#934 = LINE('',#935,#936);
#935 = CARTESIAN_POINT('',(-0.3,-0.25,0.35));
#936 = VECTOR('',#937,1.);
#937 = DIRECTION('',(1.,0.,0.));
#938 = ORIENTED_EDGE('',*,*,#939,.F.);
#939 = EDGE_CURVE('',#708,#932,#940,.T.);
#940 = LINE('',#941,#942);
#941 = CARTESIAN_POINT('',(0.3,-0.25,0.315));
#942 = VECTOR('',#943,1.);
#943 = DIRECTION('',(0.,0.,1.));
#944 = PLANE('',#945);
#945 = AXIS2_PLACEMENT_3D('',#946,#947,#948);
#946 = CARTESIAN_POINT('',(-0.3,-0.25,0.315));
#947 = DIRECTION('',(0.,1.,0.));
#948 = DIRECTION('',(0.,-0.,1.));
#949 = ADVANCED_FACE('',(#950),#968,.F.);
#950 = FACE_BOUND('',#951,.F.);
#951 = EDGE_LOOP('',(#952,#953,#954,#962));
#952 = ORIENTED_EDGE('',*,*,#923,.F.);
#953 = ORIENTED_EDGE('',*,*,#770,.T.);
#954 = ORIENTED_EDGE('',*,*,#955,.T.);
#955 = EDGE_CURVE('',#623,#956,#958,.T.);
#956 = VERTEX_POINT('',#957);
#957 = CARTESIAN_POINT('',(-0.3,0.25,0.35));
#958 = LINE('',#959,#960);
#959 = CARTESIAN_POINT('',(-0.3,0.25,0.315));
#960 = VECTOR('',#961,1.);
#961 = DIRECTION('',(0.,0.,1.));
#962 = ORIENTED_EDGE('',*,*,#963,.F.);
#963 = EDGE_CURVE('',#924,#956,#964,.T.);
#964 = LINE('',#965,#966);
#965 = CARTESIAN_POINT('',(-0.3,-0.25,0.35));
#966 = VECTOR('',#967,1.);
#967 = DIRECTION('',(0.,1.,0.));
#968 = PLANE('',#969);
#969 = AXIS2_PLACEMENT_3D('',#970,#971,#972);
#970 = CARTESIAN_POINT('',(-0.3,-0.25,0.315));
#971 = DIRECTION('',(1.,0.,0.));
#972 = DIRECTION('',(0.,0.,1.));
#973 = ADVANCED_FACE('',(#974),#1037,.T.);
#974 = FACE_BOUND('',#975,.T.);
#975 = EDGE_LOOP('',(#976,#986,#993,#994,#995,#996,#1005,#1013,#1022,
    #1030));
#976 = ORIENTED_EDGE('',*,*,#977,.F.);
#977 = EDGE_CURVE('',#978,#980,#982,.T.);
#978 = VERTEX_POINT('',#979);
#979 = CARTESIAN_POINT('',(0.335,0.25,-2.775557561563E-17));
#980 = VERTEX_POINT('',#981);
#981 = CARTESIAN_POINT('',(0.465,0.25,-2.775557561563E-17));
#982 = LINE('',#983,#984);
#983 = CARTESIAN_POINT('',(0.3,0.25,0.));
#984 = VECTOR('',#985,1.);
#985 = DIRECTION('',(1.,0.,0.));
#986 = ORIENTED_EDGE('',*,*,#987,.F.);
#987 = EDGE_CURVE('',#815,#978,#988,.T.);
#988 = CIRCLE('',#989,3.5E-02);
#989 = AXIS2_PLACEMENT_3D('',#990,#991,#992);
#990 = CARTESIAN_POINT('',(0.335,0.25,3.5E-02));
#991 = DIRECTION('',(0.,-1.,0.));
#992 = DIRECTION('',(0.,0.,1.));
#993 = ORIENTED_EDGE('',*,*,#814,.T.);
#994 = ORIENTED_EDGE('',*,*,#806,.T.);
#995 = ORIENTED_EDGE('',*,*,#798,.F.);
#996 = ORIENTED_EDGE('',*,*,#997,.T.);
#997 = EDGE_CURVE('',#791,#998,#1000,.T.);
#998 = VERTEX_POINT('',#999);
#999 = CARTESIAN_POINT('',(0.335,0.25,0.35));
#1000 = CIRCLE('',#1001,3.5E-02);
#1001 = AXIS2_PLACEMENT_3D('',#1002,#1003,#1004);
#1002 = CARTESIAN_POINT('',(0.335,0.25,0.315));
#1003 = DIRECTION('',(0.,1.,0.));
#1004 = DIRECTION('',(0.,-0.,1.));
#1005 = ORIENTED_EDGE('',*,*,#1006,.T.);
#1006 = EDGE_CURVE('',#998,#1007,#1009,.T.);
#1007 = VERTEX_POINT('',#1008);
#1008 = CARTESIAN_POINT('',(0.465,0.25,0.35));
#1009 = LINE('',#1010,#1011);
#1010 = CARTESIAN_POINT('',(0.3,0.25,0.35));
#1011 = VECTOR('',#1012,1.);
#1012 = DIRECTION('',(1.,0.,0.));
#1013 = ORIENTED_EDGE('',*,*,#1014,.F.);
#1014 = EDGE_CURVE('',#1015,#1007,#1017,.T.);
#1015 = VERTEX_POINT('',#1016);
#1016 = CARTESIAN_POINT('',(0.5,0.25,0.315));
#1017 = CIRCLE('',#1018,3.5E-02);
#1018 = AXIS2_PLACEMENT_3D('',#1019,#1020,#1021);
#1019 = CARTESIAN_POINT('',(0.465,0.25,0.315));
#1020 = DIRECTION('',(0.,-1.,0.));
#1021 = DIRECTION('',(0.,0.,1.));
#1022 = ORIENTED_EDGE('',*,*,#1023,.F.);
#1023 = EDGE_CURVE('',#1024,#1015,#1026,.T.);
#1024 = VERTEX_POINT('',#1025);
#1025 = CARTESIAN_POINT('',(0.5,0.25,3.5E-02));
#1026 = LINE('',#1027,#1028);
#1027 = CARTESIAN_POINT('',(0.5,0.25,0.));
#1028 = VECTOR('',#1029,1.);
#1029 = DIRECTION('',(0.,0.,1.));
#1030 = ORIENTED_EDGE('',*,*,#1031,.T.);
#1031 = EDGE_CURVE('',#1024,#980,#1032,.T.);
#1032 = CIRCLE('',#1033,3.5E-02);
#1033 = AXIS2_PLACEMENT_3D('',#1034,#1035,#1036);
#1034 = CARTESIAN_POINT('',(0.465,0.25,3.5E-02));
#1035 = DIRECTION('',(0.,1.,0.));
#1036 = DIRECTION('',(0.,-0.,1.));
#1037 = PLANE('',#1038);
#1038 = AXIS2_PLACEMENT_3D('',#1039,#1040,#1041);
#1039 = CARTESIAN_POINT('',(0.3,0.25,0.));
#1040 = DIRECTION('',(0.,1.,0.));
#1041 = DIRECTION('',(0.,-0.,1.));
#1042 = ADVANCED_FACE('',(#1043),#1061,.T.);
#1043 = FACE_BOUND('',#1044,.T.);
#1044 = EDGE_LOOP('',(#1045,#1046,#1047,#1055));
#1045 = ORIENTED_EDGE('',*,*,#790,.F.);
#1046 = ORIENTED_EDGE('',*,*,#955,.T.);
#1047 = ORIENTED_EDGE('',*,*,#1048,.T.);
#1048 = EDGE_CURVE('',#956,#1049,#1051,.T.);
#1049 = VERTEX_POINT('',#1050);
#1050 = CARTESIAN_POINT('',(0.3,0.25,0.35));
#1051 = LINE('',#1052,#1053);
#1052 = CARTESIAN_POINT('',(-0.3,0.25,0.35));
#1053 = VECTOR('',#1054,1.);
#1054 = DIRECTION('',(1.,0.,0.));
#1055 = ORIENTED_EDGE('',*,*,#1056,.F.);
#1056 = EDGE_CURVE('',#791,#1049,#1057,.T.);
#1057 = LINE('',#1058,#1059);
#1058 = CARTESIAN_POINT('',(0.3,0.25,0.315));
#1059 = VECTOR('',#1060,1.);
#1060 = DIRECTION('',(0.,0.,1.));
#1061 = PLANE('',#1062);
#1062 = AXIS2_PLACEMENT_3D('',#1063,#1064,#1065);
#1063 = CARTESIAN_POINT('',(-0.3,0.25,0.315));
#1064 = DIRECTION('',(0.,1.,0.));
#1065 = DIRECTION('',(0.,-0.,1.));
#1066 = ADVANCED_FACE('',(#1067),#1078,.T.);
#1067 = FACE_BOUND('',#1068,.T.);
#1068 = EDGE_LOOP('',(#1069,#1070,#1071,#1077));
#1069 = ORIENTED_EDGE('',*,*,#838,.T.);
#1070 = ORIENTED_EDGE('',*,*,#987,.T.);
#1071 = ORIENTED_EDGE('',*,*,#1072,.F.);
#1072 = EDGE_CURVE('',#854,#978,#1073,.T.);
#1073 = LINE('',#1074,#1075);
#1074 = CARTESIAN_POINT('',(0.335,-0.25,-2.775557561563E-17));
#1075 = VECTOR('',#1076,1.);
#1076 = DIRECTION('',(0.,1.,0.));
#1077 = ORIENTED_EDGE('',*,*,#863,.F.);
#1078 = CYLINDRICAL_SURFACE('',#1079,3.5E-02);
#1079 = AXIS2_PLACEMENT_3D('',#1080,#1081,#1082);
#1080 = CARTESIAN_POINT('',(0.335,-0.25,3.5E-02));
#1081 = DIRECTION('',(0.,1.,0.));
#1082 = DIRECTION('',(-1.,0.,0.));
#1083 = ADVANCED_FACE('',(#1084),#1095,.F.);
#1084 = FACE_BOUND('',#1085,.F.);
#1085 = EDGE_LOOP('',(#1086,#1087,#1088,#1089));
#1086 = ORIENTED_EDGE('',*,*,#977,.F.);
#1087 = ORIENTED_EDGE('',*,*,#1072,.F.);
#1088 = ORIENTED_EDGE('',*,*,#853,.T.);
#1089 = ORIENTED_EDGE('',*,*,#1090,.T.);
#1090 = EDGE_CURVE('',#856,#980,#1091,.T.);
#1091 = LINE('',#1092,#1093);
#1092 = CARTESIAN_POINT('',(0.465,-0.25,-2.775557561563E-17));
#1093 = VECTOR('',#1094,1.);
#1094 = DIRECTION('',(0.,1.,0.));
#1095 = PLANE('',#1096);
#1096 = AXIS2_PLACEMENT_3D('',#1097,#1098,#1099);
#1097 = CARTESIAN_POINT('',(0.3,-0.25,0.));
#1098 = DIRECTION('',(0.,0.,1.));
#1099 = DIRECTION('',(1.,0.,-0.));
#1100 = ADVANCED_FACE('',(#1101),#1112,.T.);
#1101 = FACE_BOUND('',#1102,.T.);
#1102 = EDGE_LOOP('',(#1103,#1104,#1105,#1106));
#1103 = ORIENTED_EDGE('',*,*,#907,.T.);
#1104 = ORIENTED_EDGE('',*,*,#1090,.T.);
#1105 = ORIENTED_EDGE('',*,*,#1031,.F.);
#1106 = ORIENTED_EDGE('',*,*,#1107,.F.);
#1107 = EDGE_CURVE('',#900,#1024,#1108,.T.);
#1108 = LINE('',#1109,#1110);
#1109 = CARTESIAN_POINT('',(0.5,-0.25,3.5E-02));
#1110 = VECTOR('',#1111,1.);
#1111 = DIRECTION('',(0.,1.,0.));
#1112 = CYLINDRICAL_SURFACE('',#1113,3.5E-02);
#1113 = AXIS2_PLACEMENT_3D('',#1114,#1115,#1116);
#1114 = CARTESIAN_POINT('',(0.465,-0.25,3.5E-02));
#1115 = DIRECTION('',(0.,1.,0.));
#1116 = DIRECTION('',(1.,0.,0.));
#1117 = ADVANCED_FACE('',(#1118),#1129,.T.);
#1118 = FACE_BOUND('',#1119,.T.);
#1119 = EDGE_LOOP('',(#1120,#1121,#1122,#1123));
#1120 = ORIENTED_EDGE('',*,*,#899,.F.);
#1121 = ORIENTED_EDGE('',*,*,#1107,.T.);
#1122 = ORIENTED_EDGE('',*,*,#1023,.T.);
#1123 = ORIENTED_EDGE('',*,*,#1124,.F.);
#1124 = EDGE_CURVE('',#891,#1015,#1125,.T.);
#1125 = LINE('',#1126,#1127);
#1126 = CARTESIAN_POINT('',(0.5,-0.25,0.315));
#1127 = VECTOR('',#1128,1.);
#1128 = DIRECTION('',(0.,1.,0.));
#1129 = PLANE('',#1130);
#1130 = AXIS2_PLACEMENT_3D('',#1131,#1132,#1133);
#1131 = CARTESIAN_POINT('',(0.5,-0.25,0.));
#1132 = DIRECTION('',(1.,0.,0.));
#1133 = DIRECTION('',(0.,0.,1.));
#1134 = ADVANCED_FACE('',(#1135),#1146,.T.);
#1135 = FACE_BOUND('',#1136,.T.);
#1136 = EDGE_LOOP('',(#1137,#1138,#1139,#1145));
#1137 = ORIENTED_EDGE('',*,*,#1124,.T.);
#1138 = ORIENTED_EDGE('',*,*,#1014,.T.);
#1139 = ORIENTED_EDGE('',*,*,#1140,.F.);
#1140 = EDGE_CURVE('',#883,#1007,#1141,.T.);
#1141 = LINE('',#1142,#1143);
#1142 = CARTESIAN_POINT('',(0.465,-0.25,0.35));
#1143 = VECTOR('',#1144,1.);
#1144 = DIRECTION('',(0.,1.,0.));
#1145 = ORIENTED_EDGE('',*,*,#890,.F.);
#1146 = CYLINDRICAL_SURFACE('',#1147,3.5E-02);
#1147 = AXIS2_PLACEMENT_3D('',#1148,#1149,#1150);
#1148 = CARTESIAN_POINT('',(0.465,-0.25,0.315));
#1149 = DIRECTION('',(0.,1.,0.));
#1150 = DIRECTION('',(1.,0.,0.));
#1151 = ADVANCED_FACE('',(#1152),#1163,.T.);
#1152 = FACE_BOUND('',#1153,.T.);
#1153 = EDGE_LOOP('',(#1154,#1155,#1161,#1162));
#1154 = ORIENTED_EDGE('',*,*,#1006,.F.);
#1155 = ORIENTED_EDGE('',*,*,#1156,.F.);
#1156 = EDGE_CURVE('',#874,#998,#1157,.T.);
#1157 = LINE('',#1158,#1159);
#1158 = CARTESIAN_POINT('',(0.335,-0.25,0.35));
#1159 = VECTOR('',#1160,1.);
#1160 = DIRECTION('',(0.,1.,0.));
#1161 = ORIENTED_EDGE('',*,*,#882,.T.);
#1162 = ORIENTED_EDGE('',*,*,#1140,.T.);
#1163 = PLANE('',#1164);
#1164 = AXIS2_PLACEMENT_3D('',#1165,#1166,#1167);
#1165 = CARTESIAN_POINT('',(0.3,-0.25,0.35));
#1166 = DIRECTION('',(0.,0.,1.));
#1167 = DIRECTION('',(1.,0.,-0.));
#1168 = ADVANCED_FACE('',(#1169),#1180,.T.);
#1169 = FACE_BOUND('',#1170,.T.);
#1170 = EDGE_LOOP('',(#1171,#1172,#1173,#1174));
#1171 = ORIENTED_EDGE('',*,*,#873,.T.);
#1172 = ORIENTED_EDGE('',*,*,#1156,.T.);
#1173 = ORIENTED_EDGE('',*,*,#997,.F.);
#1174 = ORIENTED_EDGE('',*,*,#1175,.F.);
#1175 = EDGE_CURVE('',#708,#791,#1176,.T.);
#1176 = LINE('',#1177,#1178);
#1177 = CARTESIAN_POINT('',(0.3,-0.25,0.315));
#1178 = VECTOR('',#1179,1.);
#1179 = DIRECTION('',(0.,1.,0.));
#1180 = CYLINDRICAL_SURFACE('',#1181,3.5E-02);
#1181 = AXIS2_PLACEMENT_3D('',#1182,#1183,#1184);
#1182 = CARTESIAN_POINT('',(0.335,-0.25,0.315));
#1183 = DIRECTION('',(0.,1.,0.));
#1184 = DIRECTION('',(-1.,0.,0.));
#1185 = ADVANCED_FACE('',(#1186),#1197,.T.);
#1186 = FACE_BOUND('',#1187,.T.);
#1187 = EDGE_LOOP('',(#1188,#1189,#1190,#1191));
#1188 = ORIENTED_EDGE('',*,*,#939,.F.);
#1189 = ORIENTED_EDGE('',*,*,#1175,.T.);
#1190 = ORIENTED_EDGE('',*,*,#1056,.T.);
#1191 = ORIENTED_EDGE('',*,*,#1192,.F.);
#1192 = EDGE_CURVE('',#932,#1049,#1193,.T.);
#1193 = LINE('',#1194,#1195);
#1194 = CARTESIAN_POINT('',(0.3,-0.25,0.35));
#1195 = VECTOR('',#1196,1.);
#1196 = DIRECTION('',(0.,1.,0.));
#1197 = PLANE('',#1198);
#1198 = AXIS2_PLACEMENT_3D('',#1199,#1200,#1201);
#1199 = CARTESIAN_POINT('',(0.3,-0.25,0.315));
#1200 = DIRECTION('',(1.,0.,0.));
#1201 = DIRECTION('',(0.,0.,1.));
#1202 = ADVANCED_FACE('',(#1203),#1209,.T.);
#1203 = FACE_BOUND('',#1204,.T.);
#1204 = EDGE_LOOP('',(#1205,#1206,#1207,#1208));
#1205 = ORIENTED_EDGE('',*,*,#963,.F.);
#1206 = ORIENTED_EDGE('',*,*,#931,.T.);
#1207 = ORIENTED_EDGE('',*,*,#1192,.T.);
#1208 = ORIENTED_EDGE('',*,*,#1048,.F.);
#1209 = PLANE('',#1210);
#1210 = AXIS2_PLACEMENT_3D('',#1211,#1212,#1213);
#1211 = CARTESIAN_POINT('',(-0.3,-0.25,0.35));
#1212 = DIRECTION('',(0.,0.,1.));
#1213 = DIRECTION('',(1.,0.,-0.));
#1214 = ( GEOMETRIC_REPRESENTATION_CONTEXT(3) 
GLOBAL_UNCERTAINTY_ASSIGNED_CONTEXT((#1218)) 
GLOBAL_UNIT_ASSIGNED_CONTEXT((#1215,#1216,#1217)) REPRESENTATION_CONTEXT
('Context #1','3D Context with UNIT and UNCERTAINTY') );
#1215 = ( LENGTH_UNIT() NAMED_UNIT(*) SI_UNIT(.MILLI.,.METRE.) );
#1216 = ( NAMED_UNIT(*) PLANE_ANGLE_UNIT() SI_UNIT($,.RADIAN.) );
#1217 = ( NAMED_UNIT(*) SI_UNIT($,.STERADIAN.) SOLID_ANGLE_UNIT() );
#1218 = UNCERTAINTY_MEASURE_WITH_UNIT(LENGTH_MEASURE(1.E-07),#1215,
  'distance_accuracy_value','confusion accuracy');
#1219 = CONTEXT_DEPENDENT_SHAPE_REPRESENTATION(#1220,#1222);
#1220 = ( REPRESENTATION_RELATIONSHIP('','',#423,#400) 
REPRESENTATION_RELATIONSHIP_WITH_TRANSFORMATION(#1221) 
SHAPE_REPRESENTATION_RELATIONSHIP() );
#1221 = ITEM_DEFINED_TRANSFORMATION('','',#11,#401);
#1222 = PRODUCT_DEFINITION_SHAPE('Placement','Placement of an item',
  #1223);
#1223 = NEXT_ASSEMBLY_USAGE_OCCURRENCE('1','=>[0:1:1:3]','',#395,#418,$
  );
#1224 = PRODUCT_RELATED_PRODUCT_CATEGORY('part',$,(#420));
#1225 = SHAPE_DEFINITION_REPRESENTATION(#1226,#1232);
#1226 = PRODUCT_DEFINITION_SHAPE('','',#1227);
#1227 = PRODUCT_DEFINITION('design','',#1228,#1231);
#1228 = PRODUCT_DEFINITION_FORMATION('','',#1229);
#1229 = PRODUCT('C_0402_1005Metric','C_0402_1005Metric','',(#1230));
#1230 = PRODUCT_CONTEXT('',#2,'mechanical');
#1231 = PRODUCT_DEFINITION_CONTEXT('part definition',#2,'design');
#1232 = SHAPE_REPRESENTATION('',(#11,#1233),#1237);
#1233 = AXIS2_PLACEMENT_3D('',#1234,#1235,#1236);
#1234 = CARTESIAN_POINT('',(0.,0.,0.));
#1235 = DIRECTION('',(0.,0.,1.));
#1236 = DIRECTION('',(1.,0.,-0.));
#1237 = ( GEOMETRIC_REPRESENTATION_CONTEXT(3) 
GLOBAL_UNCERTAINTY_ASSIGNED_CONTEXT((#1241)) 
GLOBAL_UNIT_ASSIGNED_CONTEXT((#1238,#1239,#1240)) REPRESENTATION_CONTEXT
('Context #1','3D Context with UNIT and UNCERTAINTY') );
#1238 = ( LENGTH_UNIT() NAMED_UNIT(*) SI_UNIT(.MILLI.,.METRE.) );
#1239 = ( NAMED_UNIT(*) PLANE_ANGLE_UNIT() SI_UNIT($,.RADIAN.) );
#1240 = ( NAMED_UNIT(*) SI_UNIT($,.STERADIAN.) SOLID_ANGLE_UNIT() );
#1241 = UNCERTAINTY_MEASURE_WITH_UNIT(LENGTH_MEASURE(1.E-07),#1238,
  'distance_accuracy_value','confusion accuracy');
#1242 = CONTEXT_DEPENDENT_SHAPE_REPRESENTATION(#1243,#1245);
#1243 = ( REPRESENTATION_RELATIONSHIP('','',#1232,#10) 
REPRESENTATION_RELATIONSHIP_WITH_TRANSFORMATION(#1244) 
SHAPE_REPRESENTATION_RELATIONSHIP() );
#1244 = ITEM_DEFINED_TRANSFORMATION('','',#11,#19);
#1245 = PRODUCT_DEFINITION_SHAPE('Placement','Placement of an item',
  #1246);
#1246 = NEXT_ASSEMBLY_USAGE_OCCURRENCE('4','C30','',#5,#1227,$);
#1247 = PRODUCT_RELATED_PRODUCT_CATEGORY('part',$,(#1229));
#1248 = SHAPE_DEFINITION_REPRESENTATION(#1249,#1255);
#1249 = PRODUCT_DEFINITION_SHAPE('','',#1250);
#1250 = PRODUCT_DEFINITION('design','',#1251,#1254);
#1251 = PRODUCT_DEFINITION_FORMATION('','',#1252);
#1252 = PRODUCT('C_0402_1005Metric','C_0402_1005Metric','',(#1253));
#1253 = PRODUCT_CONTEXT('',#2,'mechanical');
#1254 = PRODUCT_DEFINITION_CONTEXT('part definition',#2,'design');
#1255 = ADVANCED_BREP_SHAPE_REPRESENTATION('',(#11,#1256),#2110);
#1256 = MANIFOLD_SOLID_BREP('',#1257);
#1257 = CLOSED_SHELL('',(#1258,#1334,#1365,#1390,#1415,#1439,#1463,#1488
    ,#1513,#1530,#1616,#1648,#1672,#1697,#1721,#1746,#1770,#1795,#1812,
    #1898,#1929,#1954,#1979,#2003,#2027,#2052,#2077,#2094));
#1258 = ADVANCED_FACE('',(#1259),#1329,.F.);
#1259 = FACE_BOUND('',#1260,.F.);
#1260 = EDGE_LOOP('',(#1261,#1271,#1280,#1288,#1297,#1305,#1314,#1322));
#1261 = ORIENTED_EDGE('',*,*,#1262,.F.);
#1262 = EDGE_CURVE('',#1263,#1265,#1267,.T.);
#1263 = VERTEX_POINT('',#1264);
#1264 = CARTESIAN_POINT('',(-0.5,-0.25,2.E-02));
#1265 = VERTEX_POINT('',#1266);
#1266 = CARTESIAN_POINT('',(-0.5,-0.25,0.48));
#1267 = LINE('',#1268,#1269);
#1268 = CARTESIAN_POINT('',(-0.5,-0.25,0.));
#1269 = VECTOR('',#1270,1.);
#1270 = DIRECTION('',(0.,0.,1.));
#1271 = ORIENTED_EDGE('',*,*,#1272,.T.);
#1272 = EDGE_CURVE('',#1263,#1273,#1275,.T.);
#1273 = VERTEX_POINT('',#1274);
#1274 = CARTESIAN_POINT('',(-0.5,-0.23,0.));
#1275 = CIRCLE('',#1276,2.E-02);
#1276 = AXIS2_PLACEMENT_3D('',#1277,#1278,#1279);
#1277 = CARTESIAN_POINT('',(-0.5,-0.23,2.E-02));
#1278 = DIRECTION('',(1.,0.,-0.));
#1279 = DIRECTION('',(0.,0.,1.));
#1280 = ORIENTED_EDGE('',*,*,#1281,.T.);
#1281 = EDGE_CURVE('',#1273,#1282,#1284,.T.);
#1282 = VERTEX_POINT('',#1283);
#1283 = CARTESIAN_POINT('',(-0.5,0.23,0.));
#1284 = LINE('',#1285,#1286);
#1285 = CARTESIAN_POINT('',(-0.5,-0.25,0.));
#1286 = VECTOR('',#1287,1.);
#1287 = DIRECTION('',(0.,1.,0.));
#1288 = ORIENTED_EDGE('',*,*,#1289,.F.);
#1289 = EDGE_CURVE('',#1290,#1282,#1292,.T.);
#1290 = VERTEX_POINT('',#1291);
#1291 = CARTESIAN_POINT('',(-0.5,0.25,2.E-02));
#1292 = CIRCLE('',#1293,2.E-02);
#1293 = AXIS2_PLACEMENT_3D('',#1294,#1295,#1296);
#1294 = CARTESIAN_POINT('',(-0.5,0.23,2.E-02));
#1295 = DIRECTION('',(-1.,0.,0.));
#1296 = DIRECTION('',(0.,0.,1.));
#1297 = ORIENTED_EDGE('',*,*,#1298,.T.);
#1298 = EDGE_CURVE('',#1290,#1299,#1301,.T.);
#1299 = VERTEX_POINT('',#1300);
#1300 = CARTESIAN_POINT('',(-0.5,0.25,0.48));
#1301 = LINE('',#1302,#1303);
#1302 = CARTESIAN_POINT('',(-0.5,0.25,0.));
#1303 = VECTOR('',#1304,1.);
#1304 = DIRECTION('',(0.,0.,1.));
#1305 = ORIENTED_EDGE('',*,*,#1306,.T.);
#1306 = EDGE_CURVE('',#1299,#1307,#1309,.T.);
#1307 = VERTEX_POINT('',#1308);
#1308 = CARTESIAN_POINT('',(-0.5,0.23,0.5));
#1309 = CIRCLE('',#1310,2.E-02);
#1310 = AXIS2_PLACEMENT_3D('',#1311,#1312,#1313);
#1311 = CARTESIAN_POINT('',(-0.5,0.23,0.48));
#1312 = DIRECTION('',(1.,0.,-0.));
#1313 = DIRECTION('',(0.,0.,1.));
#1314 = ORIENTED_EDGE('',*,*,#1315,.F.);
#1315 = EDGE_CURVE('',#1316,#1307,#1318,.T.);
#1316 = VERTEX_POINT('',#1317);
#1317 = CARTESIAN_POINT('',(-0.5,-0.23,0.5));
#1318 = LINE('',#1319,#1320);
#1319 = CARTESIAN_POINT('',(-0.5,-0.25,0.5));
#1320 = VECTOR('',#1321,1.);
#1321 = DIRECTION('',(0.,1.,0.));
#1322 = ORIENTED_EDGE('',*,*,#1323,.F.);
#1323 = EDGE_CURVE('',#1265,#1316,#1324,.T.);
#1324 = CIRCLE('',#1325,2.E-02);
#1325 = AXIS2_PLACEMENT_3D('',#1326,#1327,#1328);
#1326 = CARTESIAN_POINT('',(-0.5,-0.23,0.48));
#1327 = DIRECTION('',(-1.,0.,0.));
#1328 = DIRECTION('',(0.,0.,1.));
#1329 = PLANE('',#1330);
#1330 = AXIS2_PLACEMENT_3D('',#1331,#1332,#1333);
#1331 = CARTESIAN_POINT('',(-0.5,-0.25,0.));
#1332 = DIRECTION('',(1.,0.,0.));
#1333 = DIRECTION('',(0.,0.,1.));
#1334 = ADVANCED_FACE('',(#1335),#1360,.F.);
#1335 = FACE_BOUND('',#1336,.F.);
#1336 = EDGE_LOOP('',(#1337,#1347,#1353,#1354));
#1337 = ORIENTED_EDGE('',*,*,#1338,.F.);
#1338 = EDGE_CURVE('',#1339,#1341,#1343,.T.);
#1339 = VERTEX_POINT('',#1340);
#1340 = CARTESIAN_POINT('',(-0.3,-0.25,2.E-02));
#1341 = VERTEX_POINT('',#1342);
#1342 = CARTESIAN_POINT('',(-0.3,-0.25,0.48));
#1343 = LINE('',#1344,#1345);
#1344 = CARTESIAN_POINT('',(-0.3,-0.25,0.));
#1345 = VECTOR('',#1346,1.);
#1346 = DIRECTION('',(0.,0.,1.));
#1347 = ORIENTED_EDGE('',*,*,#1348,.F.);
#1348 = EDGE_CURVE('',#1263,#1339,#1349,.T.);
#1349 = LINE('',#1350,#1351);
#1350 = CARTESIAN_POINT('',(-0.5,-0.25,2.E-02));
#1351 = VECTOR('',#1352,1.);
#1352 = DIRECTION('',(1.,0.,0.));
#1353 = ORIENTED_EDGE('',*,*,#1262,.T.);
#1354 = ORIENTED_EDGE('',*,*,#1355,.T.);
#1355 = EDGE_CURVE('',#1265,#1341,#1356,.T.);
#1356 = LINE('',#1357,#1358);
#1357 = CARTESIAN_POINT('',(-0.5,-0.25,0.48));
#1358 = VECTOR('',#1359,1.);
#1359 = DIRECTION('',(1.,0.,0.));
#1360 = PLANE('',#1361);
#1361 = AXIS2_PLACEMENT_3D('',#1362,#1363,#1364);
#1362 = CARTESIAN_POINT('',(-0.5,-0.25,0.));
#1363 = DIRECTION('',(0.,1.,0.));
#1364 = DIRECTION('',(0.,-0.,1.));
#1365 = ADVANCED_FACE('',(#1366),#1385,.T.);
#1366 = FACE_BOUND('',#1367,.T.);
#1367 = EDGE_LOOP('',(#1368,#1369,#1377,#1384));
#1368 = ORIENTED_EDGE('',*,*,#1272,.T.);
#1369 = ORIENTED_EDGE('',*,*,#1370,.T.);
#1370 = EDGE_CURVE('',#1273,#1371,#1373,.T.);
#1371 = VERTEX_POINT('',#1372);
#1372 = CARTESIAN_POINT('',(-0.3,-0.23,0.));
#1373 = LINE('',#1374,#1375);
#1374 = CARTESIAN_POINT('',(-0.5,-0.23,0.));
#1375 = VECTOR('',#1376,1.);
#1376 = DIRECTION('',(1.,0.,0.));
#1377 = ORIENTED_EDGE('',*,*,#1378,.F.);
#1378 = EDGE_CURVE('',#1339,#1371,#1379,.T.);
#1379 = CIRCLE('',#1380,2.E-02);
#1380 = AXIS2_PLACEMENT_3D('',#1381,#1382,#1383);
#1381 = CARTESIAN_POINT('',(-0.3,-0.23,2.E-02));
#1382 = DIRECTION('',(1.,0.,-0.));
#1383 = DIRECTION('',(0.,0.,1.));
#1384 = ORIENTED_EDGE('',*,*,#1348,.F.);
#1385 = CYLINDRICAL_SURFACE('',#1386,2.E-02);
#1386 = AXIS2_PLACEMENT_3D('',#1387,#1388,#1389);
#1387 = CARTESIAN_POINT('',(-0.5,-0.23,2.E-02));
#1388 = DIRECTION('',(1.,0.,0.));
#1389 = DIRECTION('',(0.,-1.,0.));
#1390 = ADVANCED_FACE('',(#1391),#1410,.T.);
#1391 = FACE_BOUND('',#1392,.T.);
#1392 = EDGE_LOOP('',(#1393,#1394,#1403,#1409));
#1393 = ORIENTED_EDGE('',*,*,#1355,.T.);
#1394 = ORIENTED_EDGE('',*,*,#1395,.T.);
#1395 = EDGE_CURVE('',#1341,#1396,#1398,.T.);
#1396 = VERTEX_POINT('',#1397);
#1397 = CARTESIAN_POINT('',(-0.3,-0.23,0.5));
#1398 = CIRCLE('',#1399,2.E-02);
#1399 = AXIS2_PLACEMENT_3D('',#1400,#1401,#1402);
#1400 = CARTESIAN_POINT('',(-0.3,-0.23,0.48));
#1401 = DIRECTION('',(-1.,0.,0.));
#1402 = DIRECTION('',(0.,0.,1.));
#1403 = ORIENTED_EDGE('',*,*,#1404,.F.);
#1404 = EDGE_CURVE('',#1316,#1396,#1405,.T.);
#1405 = LINE('',#1406,#1407);
#1406 = CARTESIAN_POINT('',(-0.5,-0.23,0.5));
#1407 = VECTOR('',#1408,1.);
#1408 = DIRECTION('',(1.,0.,0.));
#1409 = ORIENTED_EDGE('',*,*,#1323,.F.);
#1410 = CYLINDRICAL_SURFACE('',#1411,2.E-02);
#1411 = AXIS2_PLACEMENT_3D('',#1412,#1413,#1414);
#1412 = CARTESIAN_POINT('',(-0.5,-0.23,0.48));
#1413 = DIRECTION('',(1.,0.,0.));
#1414 = DIRECTION('',(0.,-1.,0.));
#1415 = ADVANCED_FACE('',(#1416),#1434,.F.);
#1416 = FACE_BOUND('',#1417,.F.);
#1417 = EDGE_LOOP('',(#1418,#1419,#1420,#1428));
#1418 = ORIENTED_EDGE('',*,*,#1281,.F.);
#1419 = ORIENTED_EDGE('',*,*,#1370,.T.);
#1420 = ORIENTED_EDGE('',*,*,#1421,.T.);
#1421 = EDGE_CURVE('',#1371,#1422,#1424,.T.);
#1422 = VERTEX_POINT('',#1423);
#1423 = CARTESIAN_POINT('',(-0.3,0.23,0.));
#1424 = LINE('',#1425,#1426);
#1425 = CARTESIAN_POINT('',(-0.3,-0.25,0.));
#1426 = VECTOR('',#1427,1.);
#1427 = DIRECTION('',(0.,1.,0.));
#1428 = ORIENTED_EDGE('',*,*,#1429,.F.);
#1429 = EDGE_CURVE('',#1282,#1422,#1430,.T.);
#1430 = LINE('',#1431,#1432);
#1431 = CARTESIAN_POINT('',(-0.5,0.23,0.));
#1432 = VECTOR('',#1433,1.);
#1433 = DIRECTION('',(1.,0.,0.));
#1434 = PLANE('',#1435);
#1435 = AXIS2_PLACEMENT_3D('',#1436,#1437,#1438);
#1436 = CARTESIAN_POINT('',(-0.5,-0.25,0.));
#1437 = DIRECTION('',(0.,0.,1.));
#1438 = DIRECTION('',(1.,0.,-0.));
#1439 = ADVANCED_FACE('',(#1440),#1458,.T.);
#1440 = FACE_BOUND('',#1441,.T.);
#1441 = EDGE_LOOP('',(#1442,#1443,#1444,#1452));
#1442 = ORIENTED_EDGE('',*,*,#1315,.F.);
#1443 = ORIENTED_EDGE('',*,*,#1404,.T.);
#1444 = ORIENTED_EDGE('',*,*,#1445,.T.);
#1445 = EDGE_CURVE('',#1396,#1446,#1448,.T.);
#1446 = VERTEX_POINT('',#1447);
#1447 = CARTESIAN_POINT('',(-0.3,0.23,0.5));
#1448 = LINE('',#1449,#1450);
#1449 = CARTESIAN_POINT('',(-0.3,-0.25,0.5));
#1450 = VECTOR('',#1451,1.);
#1451 = DIRECTION('',(0.,1.,0.));
#1452 = ORIENTED_EDGE('',*,*,#1453,.F.);
#1453 = EDGE_CURVE('',#1307,#1446,#1454,.T.);
#1454 = LINE('',#1455,#1456);
#1455 = CARTESIAN_POINT('',(-0.5,0.23,0.5));
#1456 = VECTOR('',#1457,1.);
#1457 = DIRECTION('',(1.,0.,0.));
#1458 = PLANE('',#1459);
#1459 = AXIS2_PLACEMENT_3D('',#1460,#1461,#1462);
#1460 = CARTESIAN_POINT('',(-0.5,-0.25,0.5));
#1461 = DIRECTION('',(0.,0.,1.));
#1462 = DIRECTION('',(1.,0.,-0.));
#1463 = ADVANCED_FACE('',(#1464),#1483,.T.);
#1464 = FACE_BOUND('',#1465,.T.);
#1465 = EDGE_LOOP('',(#1466,#1474,#1481,#1482));
#1466 = ORIENTED_EDGE('',*,*,#1467,.T.);
#1467 = EDGE_CURVE('',#1290,#1468,#1470,.T.);
#1468 = VERTEX_POINT('',#1469);
#1469 = CARTESIAN_POINT('',(-0.3,0.25,2.E-02));
#1470 = LINE('',#1471,#1472);
#1471 = CARTESIAN_POINT('',(-0.5,0.25,2.E-02));
#1472 = VECTOR('',#1473,1.);
#1473 = DIRECTION('',(1.,0.,0.));
#1474 = ORIENTED_EDGE('',*,*,#1475,.T.);
#1475 = EDGE_CURVE('',#1468,#1422,#1476,.T.);
#1476 = CIRCLE('',#1477,2.E-02);
#1477 = AXIS2_PLACEMENT_3D('',#1478,#1479,#1480);
#1478 = CARTESIAN_POINT('',(-0.3,0.23,2.E-02));
#1479 = DIRECTION('',(-1.,0.,0.));
#1480 = DIRECTION('',(0.,0.,1.));
#1481 = ORIENTED_EDGE('',*,*,#1429,.F.);
#1482 = ORIENTED_EDGE('',*,*,#1289,.F.);
#1483 = CYLINDRICAL_SURFACE('',#1484,2.E-02);
#1484 = AXIS2_PLACEMENT_3D('',#1485,#1486,#1487);
#1485 = CARTESIAN_POINT('',(-0.5,0.23,2.E-02));
#1486 = DIRECTION('',(1.,0.,0.));
#1487 = DIRECTION('',(-0.,1.,0.));
#1488 = ADVANCED_FACE('',(#1489),#1508,.T.);
#1489 = FACE_BOUND('',#1490,.T.);
#1490 = EDGE_LOOP('',(#1491,#1492,#1493,#1502));
#1491 = ORIENTED_EDGE('',*,*,#1306,.T.);
#1492 = ORIENTED_EDGE('',*,*,#1453,.T.);
#1493 = ORIENTED_EDGE('',*,*,#1494,.F.);
#1494 = EDGE_CURVE('',#1495,#1446,#1497,.T.);
#1495 = VERTEX_POINT('',#1496);
#1496 = CARTESIAN_POINT('',(-0.3,0.25,0.48));
#1497 = CIRCLE('',#1498,2.E-02);
#1498 = AXIS2_PLACEMENT_3D('',#1499,#1500,#1501);
#1499 = CARTESIAN_POINT('',(-0.3,0.23,0.48));
#1500 = DIRECTION('',(1.,0.,-0.));
#1501 = DIRECTION('',(0.,0.,1.));
#1502 = ORIENTED_EDGE('',*,*,#1503,.F.);
#1503 = EDGE_CURVE('',#1299,#1495,#1504,.T.);
#1504 = LINE('',#1505,#1506);
#1505 = CARTESIAN_POINT('',(-0.5,0.25,0.48));
#1506 = VECTOR('',#1507,1.);
#1507 = DIRECTION('',(1.,0.,0.));
#1508 = CYLINDRICAL_SURFACE('',#1509,2.E-02);
#1509 = AXIS2_PLACEMENT_3D('',#1510,#1511,#1512);
#1510 = CARTESIAN_POINT('',(-0.5,0.23,0.48));
#1511 = DIRECTION('',(1.,0.,0.));
#1512 = DIRECTION('',(-0.,1.,0.));
#1513 = ADVANCED_FACE('',(#1514),#1525,.T.);
#1514 = FACE_BOUND('',#1515,.T.);
#1515 = EDGE_LOOP('',(#1516,#1522,#1523,#1524));
#1516 = ORIENTED_EDGE('',*,*,#1517,.F.);
#1517 = EDGE_CURVE('',#1468,#1495,#1518,.T.);
#1518 = LINE('',#1519,#1520);
#1519 = CARTESIAN_POINT('',(-0.3,0.25,0.));
#1520 = VECTOR('',#1521,1.);
#1521 = DIRECTION('',(0.,0.,1.));
#1522 = ORIENTED_EDGE('',*,*,#1467,.F.);
#1523 = ORIENTED_EDGE('',*,*,#1298,.T.);
#1524 = ORIENTED_EDGE('',*,*,#1503,.T.);
#1525 = PLANE('',#1526);
#1526 = AXIS2_PLACEMENT_3D('',#1527,#1528,#1529);
#1527 = CARTESIAN_POINT('',(-0.5,0.25,0.));
#1528 = DIRECTION('',(0.,1.,0.));
#1529 = DIRECTION('',(0.,-0.,1.));
#1530 = ADVANCED_FACE('',(#1531,#1541),#1611,.T.);
#1531 = FACE_BOUND('',#1532,.T.);
#1532 = EDGE_LOOP('',(#1533,#1534,#1535,#1536,#1537,#1538,#1539,#1540));
#1533 = ORIENTED_EDGE('',*,*,#1338,.F.);
#1534 = ORIENTED_EDGE('',*,*,#1378,.T.);
#1535 = ORIENTED_EDGE('',*,*,#1421,.T.);
#1536 = ORIENTED_EDGE('',*,*,#1475,.F.);
#1537 = ORIENTED_EDGE('',*,*,#1517,.T.);
#1538 = ORIENTED_EDGE('',*,*,#1494,.T.);
#1539 = ORIENTED_EDGE('',*,*,#1445,.F.);
#1540 = ORIENTED_EDGE('',*,*,#1395,.F.);
#1541 = FACE_BOUND('',#1542,.T.);
#1542 = EDGE_LOOP('',(#1543,#1554,#1562,#1571,#1579,#1588,#1596,#1605));
#1543 = ORIENTED_EDGE('',*,*,#1544,.F.);
#1544 = EDGE_CURVE('',#1545,#1547,#1549,.T.);
#1545 = VERTEX_POINT('',#1546);
#1546 = CARTESIAN_POINT('',(-0.3,-0.23,4.E-02));
#1547 = VERTEX_POINT('',#1548);
#1548 = CARTESIAN_POINT('',(-0.3,-0.21,2.E-02));
#1549 = CIRCLE('',#1550,2.E-02);
#1550 = AXIS2_PLACEMENT_3D('',#1551,#1552,#1553);
#1551 = CARTESIAN_POINT('',(-0.3,-0.21,4.E-02));
#1552 = DIRECTION('',(1.,0.,-0.));
#1553 = DIRECTION('',(0.,0.,1.));
#1554 = ORIENTED_EDGE('',*,*,#1555,.T.);
#1555 = EDGE_CURVE('',#1545,#1556,#1558,.T.);
#1556 = VERTEX_POINT('',#1557);
#1557 = CARTESIAN_POINT('',(-0.3,-0.23,0.46));
#1558 = LINE('',#1559,#1560);
#1559 = CARTESIAN_POINT('',(-0.3,-0.23,2.E-02));
#1560 = VECTOR('',#1561,1.);
#1561 = DIRECTION('',(0.,0.,1.));
#1562 = ORIENTED_EDGE('',*,*,#1563,.T.);
#1563 = EDGE_CURVE('',#1556,#1564,#1566,.T.);
#1564 = VERTEX_POINT('',#1565);
#1565 = CARTESIAN_POINT('',(-0.3,-0.21,0.48));
#1566 = CIRCLE('',#1567,2.E-02);
#1567 = AXIS2_PLACEMENT_3D('',#1568,#1569,#1570);
#1568 = CARTESIAN_POINT('',(-0.3,-0.21,0.46));
#1569 = DIRECTION('',(-1.,0.,0.));
#1570 = DIRECTION('',(0.,0.,1.));
#1571 = ORIENTED_EDGE('',*,*,#1572,.T.);
#1572 = EDGE_CURVE('',#1564,#1573,#1575,.T.);
#1573 = VERTEX_POINT('',#1574);
#1574 = CARTESIAN_POINT('',(-0.3,0.21,0.48));
#1575 = LINE('',#1576,#1577);
#1576 = CARTESIAN_POINT('',(-0.3,-0.23,0.48));
#1577 = VECTOR('',#1578,1.);
#1578 = DIRECTION('',(0.,1.,0.));
#1579 = ORIENTED_EDGE('',*,*,#1580,.F.);
#1580 = EDGE_CURVE('',#1581,#1573,#1583,.T.);
#1581 = VERTEX_POINT('',#1582);
#1582 = CARTESIAN_POINT('',(-0.3,0.23,0.46));
#1583 = CIRCLE('',#1584,2.E-02);
#1584 = AXIS2_PLACEMENT_3D('',#1585,#1586,#1587);
#1585 = CARTESIAN_POINT('',(-0.3,0.21,0.46));
#1586 = DIRECTION('',(1.,0.,-0.));
#1587 = DIRECTION('',(0.,0.,1.));
#1588 = ORIENTED_EDGE('',*,*,#1589,.F.);
#1589 = EDGE_CURVE('',#1590,#1581,#1592,.T.);
#1590 = VERTEX_POINT('',#1591);
#1591 = CARTESIAN_POINT('',(-0.3,0.23,4.E-02));
#1592 = LINE('',#1593,#1594);
#1593 = CARTESIAN_POINT('',(-0.3,0.23,2.E-02));
#1594 = VECTOR('',#1595,1.);
#1595 = DIRECTION('',(0.,0.,1.));
#1596 = ORIENTED_EDGE('',*,*,#1597,.T.);
#1597 = EDGE_CURVE('',#1590,#1598,#1600,.T.);
#1598 = VERTEX_POINT('',#1599);
#1599 = CARTESIAN_POINT('',(-0.3,0.21,2.E-02));
#1600 = CIRCLE('',#1601,2.E-02);
#1601 = AXIS2_PLACEMENT_3D('',#1602,#1603,#1604);
#1602 = CARTESIAN_POINT('',(-0.3,0.21,4.E-02));
#1603 = DIRECTION('',(-1.,0.,0.));
#1604 = DIRECTION('',(0.,0.,1.));
#1605 = ORIENTED_EDGE('',*,*,#1606,.F.);
#1606 = EDGE_CURVE('',#1547,#1598,#1607,.T.);
#1607 = LINE('',#1608,#1609);
#1608 = CARTESIAN_POINT('',(-0.3,-0.23,2.E-02));
#1609 = VECTOR('',#1610,1.);
#1610 = DIRECTION('',(0.,1.,0.));
#1611 = PLANE('',#1612);
#1612 = AXIS2_PLACEMENT_3D('',#1613,#1614,#1615);
#1613 = CARTESIAN_POINT('',(-0.3,-0.25,0.));
#1614 = DIRECTION('',(1.,0.,0.));
#1615 = DIRECTION('',(0.,0.,1.));
#1616 = ADVANCED_FACE('',(#1617),#1643,.T.);
#1617 = FACE_BOUND('',#1618,.T.);
#1618 = EDGE_LOOP('',(#1619,#1620,#1628,#1637));
#1619 = ORIENTED_EDGE('',*,*,#1544,.T.);
#1620 = ORIENTED_EDGE('',*,*,#1621,.T.);
#1621 = EDGE_CURVE('',#1547,#1622,#1624,.T.);
#1622 = VERTEX_POINT('',#1623);
#1623 = CARTESIAN_POINT('',(0.3,-0.21,2.E-02));
#1624 = LINE('',#1625,#1626);
#1625 = CARTESIAN_POINT('',(-0.3,-0.21,2.E-02));
#1626 = VECTOR('',#1627,1.);
#1627 = DIRECTION('',(1.,0.,0.));
#1628 = ORIENTED_EDGE('',*,*,#1629,.F.);
#1629 = EDGE_CURVE('',#1630,#1622,#1632,.T.);
#1630 = VERTEX_POINT('',#1631);
#1631 = CARTESIAN_POINT('',(0.3,-0.23,4.E-02));
#1632 = CIRCLE('',#1633,2.E-02);
#1633 = AXIS2_PLACEMENT_3D('',#1634,#1635,#1636);
#1634 = CARTESIAN_POINT('',(0.3,-0.21,4.E-02));
#1635 = DIRECTION('',(1.,0.,-0.));
#1636 = DIRECTION('',(0.,0.,1.));
#1637 = ORIENTED_EDGE('',*,*,#1638,.F.);
#1638 = EDGE_CURVE('',#1545,#1630,#1639,.T.);
#1639 = LINE('',#1640,#1641);
#1640 = CARTESIAN_POINT('',(-0.3,-0.23,4.E-02));
#1641 = VECTOR('',#1642,1.);
#1642 = DIRECTION('',(1.,0.,0.));
#1643 = CYLINDRICAL_SURFACE('',#1644,2.E-02);
#1644 = AXIS2_PLACEMENT_3D('',#1645,#1646,#1647);
#1645 = CARTESIAN_POINT('',(-0.3,-0.21,4.E-02));
#1646 = DIRECTION('',(1.,0.,0.));
#1647 = DIRECTION('',(0.,-1.,0.));
#1648 = ADVANCED_FACE('',(#1649),#1667,.F.);
#1649 = FACE_BOUND('',#1650,.F.);
#1650 = EDGE_LOOP('',(#1651,#1652,#1653,#1661));
#1651 = ORIENTED_EDGE('',*,*,#1606,.F.);
#1652 = ORIENTED_EDGE('',*,*,#1621,.T.);
#1653 = ORIENTED_EDGE('',*,*,#1654,.T.);
#1654 = EDGE_CURVE('',#1622,#1655,#1657,.T.);
#1655 = VERTEX_POINT('',#1656);
#1656 = CARTESIAN_POINT('',(0.3,0.21,2.E-02));
#1657 = LINE('',#1658,#1659);
#1658 = CARTESIAN_POINT('',(0.3,-0.23,2.E-02));
#1659 = VECTOR('',#1660,1.);
#1660 = DIRECTION('',(0.,1.,0.));
#1661 = ORIENTED_EDGE('',*,*,#1662,.F.);
#1662 = EDGE_CURVE('',#1598,#1655,#1663,.T.);
#1663 = LINE('',#1664,#1665);
#1664 = CARTESIAN_POINT('',(-0.3,0.21,2.E-02));
#1665 = VECTOR('',#1666,1.);
#1666 = DIRECTION('',(1.,0.,0.));
#1667 = PLANE('',#1668);
#1668 = AXIS2_PLACEMENT_3D('',#1669,#1670,#1671);
#1669 = CARTESIAN_POINT('',(-0.3,-0.23,2.E-02));
#1670 = DIRECTION('',(0.,0.,1.));
#1671 = DIRECTION('',(1.,0.,-0.));
#1672 = ADVANCED_FACE('',(#1673),#1692,.T.);
#1673 = FACE_BOUND('',#1674,.T.);
#1674 = EDGE_LOOP('',(#1675,#1683,#1690,#1691));
#1675 = ORIENTED_EDGE('',*,*,#1676,.T.);
#1676 = EDGE_CURVE('',#1590,#1677,#1679,.T.);
#1677 = VERTEX_POINT('',#1678);
#1678 = CARTESIAN_POINT('',(0.3,0.23,4.E-02));
#1679 = LINE('',#1680,#1681);
#1680 = CARTESIAN_POINT('',(-0.3,0.23,4.E-02));
#1681 = VECTOR('',#1682,1.);
#1682 = DIRECTION('',(1.,0.,0.));
#1683 = ORIENTED_EDGE('',*,*,#1684,.T.);
#1684 = EDGE_CURVE('',#1677,#1655,#1685,.T.);
#1685 = CIRCLE('',#1686,2.E-02);
#1686 = AXIS2_PLACEMENT_3D('',#1687,#1688,#1689);
#1687 = CARTESIAN_POINT('',(0.3,0.21,4.E-02));
#1688 = DIRECTION('',(-1.,0.,0.));
#1689 = DIRECTION('',(0.,0.,1.));
#1690 = ORIENTED_EDGE('',*,*,#1662,.F.);
#1691 = ORIENTED_EDGE('',*,*,#1597,.F.);
#1692 = CYLINDRICAL_SURFACE('',#1693,2.E-02);
#1693 = AXIS2_PLACEMENT_3D('',#1694,#1695,#1696);
#1694 = CARTESIAN_POINT('',(-0.3,0.21,4.E-02));
#1695 = DIRECTION('',(1.,0.,0.));
#1696 = DIRECTION('',(-0.,1.,0.));
#1697 = ADVANCED_FACE('',(#1698),#1716,.T.);
#1698 = FACE_BOUND('',#1699,.T.);
#1699 = EDGE_LOOP('',(#1700,#1708,#1709,#1710));
#1700 = ORIENTED_EDGE('',*,*,#1701,.F.);
#1701 = EDGE_CURVE('',#1677,#1702,#1704,.T.);
#1702 = VERTEX_POINT('',#1703);
#1703 = CARTESIAN_POINT('',(0.3,0.23,0.46));
#1704 = LINE('',#1705,#1706);
#1705 = CARTESIAN_POINT('',(0.3,0.23,2.E-02));
#1706 = VECTOR('',#1707,1.);
#1707 = DIRECTION('',(0.,0.,1.));
#1708 = ORIENTED_EDGE('',*,*,#1676,.F.);
#1709 = ORIENTED_EDGE('',*,*,#1589,.T.);
#1710 = ORIENTED_EDGE('',*,*,#1711,.T.);
#1711 = EDGE_CURVE('',#1581,#1702,#1712,.T.);
#1712 = LINE('',#1713,#1714);
#1713 = CARTESIAN_POINT('',(-0.3,0.23,0.46));
#1714 = VECTOR('',#1715,1.);
#1715 = DIRECTION('',(1.,0.,0.));
#1716 = PLANE('',#1717);
#1717 = AXIS2_PLACEMENT_3D('',#1718,#1719,#1720);
#1718 = CARTESIAN_POINT('',(-0.3,0.23,2.E-02));
#1719 = DIRECTION('',(0.,1.,0.));
#1720 = DIRECTION('',(0.,-0.,1.));
#1721 = ADVANCED_FACE('',(#1722),#1741,.T.);
#1722 = FACE_BOUND('',#1723,.T.);
#1723 = EDGE_LOOP('',(#1724,#1725,#1733,#1740));
#1724 = ORIENTED_EDGE('',*,*,#1580,.T.);
#1725 = ORIENTED_EDGE('',*,*,#1726,.T.);
#1726 = EDGE_CURVE('',#1573,#1727,#1729,.T.);
#1727 = VERTEX_POINT('',#1728);
#1728 = CARTESIAN_POINT('',(0.3,0.21,0.48));
#1729 = LINE('',#1730,#1731);
#1730 = CARTESIAN_POINT('',(-0.3,0.21,0.48));
#1731 = VECTOR('',#1732,1.);
#1732 = DIRECTION('',(1.,0.,0.));
#1733 = ORIENTED_EDGE('',*,*,#1734,.F.);
#1734 = EDGE_CURVE('',#1702,#1727,#1735,.T.);
#1735 = CIRCLE('',#1736,2.E-02);
#1736 = AXIS2_PLACEMENT_3D('',#1737,#1738,#1739);
#1737 = CARTESIAN_POINT('',(0.3,0.21,0.46));
#1738 = DIRECTION('',(1.,0.,-0.));
#1739 = DIRECTION('',(0.,0.,1.));
#1740 = ORIENTED_EDGE('',*,*,#1711,.F.);
#1741 = CYLINDRICAL_SURFACE('',#1742,2.E-02);
#1742 = AXIS2_PLACEMENT_3D('',#1743,#1744,#1745);
#1743 = CARTESIAN_POINT('',(-0.3,0.21,0.46));
#1744 = DIRECTION('',(1.,0.,0.));
#1745 = DIRECTION('',(-0.,1.,0.));
#1746 = ADVANCED_FACE('',(#1747),#1765,.T.);
#1747 = FACE_BOUND('',#1748,.T.);
#1748 = EDGE_LOOP('',(#1749,#1750,#1758,#1764));
#1749 = ORIENTED_EDGE('',*,*,#1572,.F.);
#1750 = ORIENTED_EDGE('',*,*,#1751,.T.);
#1751 = EDGE_CURVE('',#1564,#1752,#1754,.T.);
#1752 = VERTEX_POINT('',#1753);
#1753 = CARTESIAN_POINT('',(0.3,-0.21,0.48));
#1754 = LINE('',#1755,#1756);
#1755 = CARTESIAN_POINT('',(-0.3,-0.21,0.48));
#1756 = VECTOR('',#1757,1.);
#1757 = DIRECTION('',(1.,0.,0.));
#1758 = ORIENTED_EDGE('',*,*,#1759,.T.);
#1759 = EDGE_CURVE('',#1752,#1727,#1760,.T.);
#1760 = LINE('',#1761,#1762);
#1761 = CARTESIAN_POINT('',(0.3,-0.23,0.48));
#1762 = VECTOR('',#1763,1.);
#1763 = DIRECTION('',(0.,1.,0.));
#1764 = ORIENTED_EDGE('',*,*,#1726,.F.);
#1765 = PLANE('',#1766);
#1766 = AXIS2_PLACEMENT_3D('',#1767,#1768,#1769);
#1767 = CARTESIAN_POINT('',(-0.3,-0.23,0.48));
#1768 = DIRECTION('',(0.,0.,1.));
#1769 = DIRECTION('',(1.,0.,-0.));
#1770 = ADVANCED_FACE('',(#1771),#1790,.T.);
#1771 = FACE_BOUND('',#1772,.T.);
#1772 = EDGE_LOOP('',(#1773,#1781,#1788,#1789));
#1773 = ORIENTED_EDGE('',*,*,#1774,.T.);
#1774 = EDGE_CURVE('',#1556,#1775,#1777,.T.);
#1775 = VERTEX_POINT('',#1776);
#1776 = CARTESIAN_POINT('',(0.3,-0.23,0.46));
#1777 = LINE('',#1778,#1779);
#1778 = CARTESIAN_POINT('',(-0.3,-0.23,0.46));
#1779 = VECTOR('',#1780,1.);
#1780 = DIRECTION('',(1.,0.,0.));
#1781 = ORIENTED_EDGE('',*,*,#1782,.T.);
#1782 = EDGE_CURVE('',#1775,#1752,#1783,.T.);
#1783 = CIRCLE('',#1784,2.E-02);
#1784 = AXIS2_PLACEMENT_3D('',#1785,#1786,#1787);
#1785 = CARTESIAN_POINT('',(0.3,-0.21,0.46));
#1786 = DIRECTION('',(-1.,0.,0.));
#1787 = DIRECTION('',(0.,0.,1.));
#1788 = ORIENTED_EDGE('',*,*,#1751,.F.);
#1789 = ORIENTED_EDGE('',*,*,#1563,.F.);
#1790 = CYLINDRICAL_SURFACE('',#1791,2.E-02);
#1791 = AXIS2_PLACEMENT_3D('',#1792,#1793,#1794);
#1792 = CARTESIAN_POINT('',(-0.3,-0.21,0.46));
#1793 = DIRECTION('',(1.,0.,0.));
#1794 = DIRECTION('',(0.,-1.,0.));
#1795 = ADVANCED_FACE('',(#1796),#1807,.F.);
#1796 = FACE_BOUND('',#1797,.F.);
#1797 = EDGE_LOOP('',(#1798,#1804,#1805,#1806));
#1798 = ORIENTED_EDGE('',*,*,#1799,.F.);
#1799 = EDGE_CURVE('',#1630,#1775,#1800,.T.);
#1800 = LINE('',#1801,#1802);
#1801 = CARTESIAN_POINT('',(0.3,-0.23,2.E-02));
#1802 = VECTOR('',#1803,1.);
#1803 = DIRECTION('',(0.,0.,1.));
#1804 = ORIENTED_EDGE('',*,*,#1638,.F.);
#1805 = ORIENTED_EDGE('',*,*,#1555,.T.);
#1806 = ORIENTED_EDGE('',*,*,#1774,.T.);
#1807 = PLANE('',#1808);
#1808 = AXIS2_PLACEMENT_3D('',#1809,#1810,#1811);
#1809 = CARTESIAN_POINT('',(-0.3,-0.23,2.E-02));
#1810 = DIRECTION('',(0.,1.,0.));
#1811 = DIRECTION('',(0.,-0.,1.));
#1812 = ADVANCED_FACE('',(#1813,#1883),#1893,.F.);
#1813 = FACE_BOUND('',#1814,.F.);
#1814 = EDGE_LOOP('',(#1815,#1825,#1834,#1842,#1851,#1859,#1868,#1876));
#1815 = ORIENTED_EDGE('',*,*,#1816,.F.);
#1816 = EDGE_CURVE('',#1817,#1819,#1821,.T.);
#1817 = VERTEX_POINT('',#1818);
#1818 = CARTESIAN_POINT('',(0.3,-0.25,2.E-02));
#1819 = VERTEX_POINT('',#1820);
#1820 = CARTESIAN_POINT('',(0.3,-0.25,0.48));
#1821 = LINE('',#1822,#1823);
#1822 = CARTESIAN_POINT('',(0.3,-0.25,0.));
#1823 = VECTOR('',#1824,1.);
#1824 = DIRECTION('',(0.,0.,1.));
#1825 = ORIENTED_EDGE('',*,*,#1826,.T.);
#1826 = EDGE_CURVE('',#1817,#1827,#1829,.T.);
#1827 = VERTEX_POINT('',#1828);
#1828 = CARTESIAN_POINT('',(0.3,-0.23,0.));
#1829 = CIRCLE('',#1830,2.E-02);
#1830 = AXIS2_PLACEMENT_3D('',#1831,#1832,#1833);
#1831 = CARTESIAN_POINT('',(0.3,-0.23,2.E-02));
#1832 = DIRECTION('',(1.,0.,-0.));
#1833 = DIRECTION('',(0.,0.,1.));
#1834 = ORIENTED_EDGE('',*,*,#1835,.T.);
#1835 = EDGE_CURVE('',#1827,#1836,#1838,.T.);
#1836 = VERTEX_POINT('',#1837);
#1837 = CARTESIAN_POINT('',(0.3,0.23,0.));
#1838 = LINE('',#1839,#1840);
#1839 = CARTESIAN_POINT('',(0.3,-0.25,0.));
#1840 = VECTOR('',#1841,1.);
#1841 = DIRECTION('',(0.,1.,0.));
#1842 = ORIENTED_EDGE('',*,*,#1843,.F.);
#1843 = EDGE_CURVE('',#1844,#1836,#1846,.T.);
#1844 = VERTEX_POINT('',#1845);
#1845 = CARTESIAN_POINT('',(0.3,0.25,2.E-02));
#1846 = CIRCLE('',#1847,2.E-02);
#1847 = AXIS2_PLACEMENT_3D('',#1848,#1849,#1850);
#1848 = CARTESIAN_POINT('',(0.3,0.23,2.E-02));
#1849 = DIRECTION('',(-1.,0.,0.));
#1850 = DIRECTION('',(0.,0.,1.));
#1851 = ORIENTED_EDGE('',*,*,#1852,.T.);
#1852 = EDGE_CURVE('',#1844,#1853,#1855,.T.);
#1853 = VERTEX_POINT('',#1854);
#1854 = CARTESIAN_POINT('',(0.3,0.25,0.48));
#1855 = LINE('',#1856,#1857);
#1856 = CARTESIAN_POINT('',(0.3,0.25,0.));
#1857 = VECTOR('',#1858,1.);
#1858 = DIRECTION('',(0.,0.,1.));
#1859 = ORIENTED_EDGE('',*,*,#1860,.T.);
#1860 = EDGE_CURVE('',#1853,#1861,#1863,.T.);
#1861 = VERTEX_POINT('',#1862);
#1862 = CARTESIAN_POINT('',(0.3,0.23,0.5));
#1863 = CIRCLE('',#1864,2.E-02);
#1864 = AXIS2_PLACEMENT_3D('',#1865,#1866,#1867);
#1865 = CARTESIAN_POINT('',(0.3,0.23,0.48));
#1866 = DIRECTION('',(1.,0.,-0.));
#1867 = DIRECTION('',(0.,0.,1.));
#1868 = ORIENTED_EDGE('',*,*,#1869,.F.);
#1869 = EDGE_CURVE('',#1870,#1861,#1872,.T.);
#1870 = VERTEX_POINT('',#1871);
#1871 = CARTESIAN_POINT('',(0.3,-0.23,0.5));
#1872 = LINE('',#1873,#1874);
#1873 = CARTESIAN_POINT('',(0.3,-0.25,0.5));
#1874 = VECTOR('',#1875,1.);
#1875 = DIRECTION('',(0.,1.,0.));
#1876 = ORIENTED_EDGE('',*,*,#1877,.F.);
#1877 = EDGE_CURVE('',#1819,#1870,#1878,.T.);
#1878 = CIRCLE('',#1879,2.E-02);
#1879 = AXIS2_PLACEMENT_3D('',#1880,#1881,#1882);
#1880 = CARTESIAN_POINT('',(0.3,-0.23,0.48));
#1881 = DIRECTION('',(-1.,0.,0.));
#1882 = DIRECTION('',(0.,0.,1.));
#1883 = FACE_BOUND('',#1884,.F.);
#1884 = EDGE_LOOP('',(#1885,#1886,#1887,#1888,#1889,#1890,#1891,#1892));
#1885 = ORIENTED_EDGE('',*,*,#1629,.F.);
#1886 = ORIENTED_EDGE('',*,*,#1799,.T.);
#1887 = ORIENTED_EDGE('',*,*,#1782,.T.);
#1888 = ORIENTED_EDGE('',*,*,#1759,.T.);
#1889 = ORIENTED_EDGE('',*,*,#1734,.F.);
#1890 = ORIENTED_EDGE('',*,*,#1701,.F.);
#1891 = ORIENTED_EDGE('',*,*,#1684,.T.);
#1892 = ORIENTED_EDGE('',*,*,#1654,.F.);
#1893 = PLANE('',#1894);
#1894 = AXIS2_PLACEMENT_3D('',#1895,#1896,#1897);
#1895 = CARTESIAN_POINT('',(0.3,-0.25,0.));
#1896 = DIRECTION('',(1.,0.,0.));
#1897 = DIRECTION('',(0.,0.,1.));
#1898 = ADVANCED_FACE('',(#1899),#1924,.F.);
#1899 = FACE_BOUND('',#1900,.F.);
#1900 = EDGE_LOOP('',(#1901,#1911,#1917,#1918));
#1901 = ORIENTED_EDGE('',*,*,#1902,.F.);
#1902 = EDGE_CURVE('',#1903,#1905,#1907,.T.);
#1903 = VERTEX_POINT('',#1904);
#1904 = CARTESIAN_POINT('',(0.5,-0.25,2.E-02));
#1905 = VERTEX_POINT('',#1906);
#1906 = CARTESIAN_POINT('',(0.5,-0.25,0.48));
#1907 = LINE('',#1908,#1909);
#1908 = CARTESIAN_POINT('',(0.5,-0.25,0.));
#1909 = VECTOR('',#1910,1.);
#1910 = DIRECTION('',(0.,0.,1.));
#1911 = ORIENTED_EDGE('',*,*,#1912,.F.);
#1912 = EDGE_CURVE('',#1817,#1903,#1913,.T.);
#1913 = LINE('',#1914,#1915);
#1914 = CARTESIAN_POINT('',(0.3,-0.25,2.E-02));
#1915 = VECTOR('',#1916,1.);
#1916 = DIRECTION('',(1.,0.,0.));
#1917 = ORIENTED_EDGE('',*,*,#1816,.T.);
#1918 = ORIENTED_EDGE('',*,*,#1919,.T.);
#1919 = EDGE_CURVE('',#1819,#1905,#1920,.T.);
#1920 = LINE('',#1921,#1922);
#1921 = CARTESIAN_POINT('',(0.3,-0.25,0.48));
#1922 = VECTOR('',#1923,1.);
#1923 = DIRECTION('',(1.,0.,0.));
#1924 = PLANE('',#1925);
#1925 = AXIS2_PLACEMENT_3D('',#1926,#1927,#1928);
#1926 = CARTESIAN_POINT('',(0.3,-0.25,0.));
#1927 = DIRECTION('',(0.,1.,0.));
#1928 = DIRECTION('',(0.,-0.,1.));
#1929 = ADVANCED_FACE('',(#1930),#1949,.T.);
#1930 = FACE_BOUND('',#1931,.T.);
#1931 = EDGE_LOOP('',(#1932,#1933,#1941,#1948));
#1932 = ORIENTED_EDGE('',*,*,#1826,.T.);
#1933 = ORIENTED_EDGE('',*,*,#1934,.T.);
#1934 = EDGE_CURVE('',#1827,#1935,#1937,.T.);
#1935 = VERTEX_POINT('',#1936);
#1936 = CARTESIAN_POINT('',(0.5,-0.23,0.));
#1937 = LINE('',#1938,#1939);
#1938 = CARTESIAN_POINT('',(0.3,-0.23,0.));
#1939 = VECTOR('',#1940,1.);
#1940 = DIRECTION('',(1.,0.,0.));
#1941 = ORIENTED_EDGE('',*,*,#1942,.F.);
#1942 = EDGE_CURVE('',#1903,#1935,#1943,.T.);
#1943 = CIRCLE('',#1944,2.E-02);
#1944 = AXIS2_PLACEMENT_3D('',#1945,#1946,#1947);
#1945 = CARTESIAN_POINT('',(0.5,-0.23,2.E-02));
#1946 = DIRECTION('',(1.,0.,-0.));
#1947 = DIRECTION('',(0.,0.,1.));
#1948 = ORIENTED_EDGE('',*,*,#1912,.F.);
#1949 = CYLINDRICAL_SURFACE('',#1950,2.E-02);
#1950 = AXIS2_PLACEMENT_3D('',#1951,#1952,#1953);
#1951 = CARTESIAN_POINT('',(0.3,-0.23,2.E-02));
#1952 = DIRECTION('',(1.,0.,0.));
#1953 = DIRECTION('',(0.,-1.,0.));
#1954 = ADVANCED_FACE('',(#1955),#1974,.T.);
#1955 = FACE_BOUND('',#1956,.T.);
#1956 = EDGE_LOOP('',(#1957,#1958,#1967,#1973));
#1957 = ORIENTED_EDGE('',*,*,#1919,.T.);
#1958 = ORIENTED_EDGE('',*,*,#1959,.T.);
#1959 = EDGE_CURVE('',#1905,#1960,#1962,.T.);
#1960 = VERTEX_POINT('',#1961);
#1961 = CARTESIAN_POINT('',(0.5,-0.23,0.5));
#1962 = CIRCLE('',#1963,2.E-02);
#1963 = AXIS2_PLACEMENT_3D('',#1964,#1965,#1966);
#1964 = CARTESIAN_POINT('',(0.5,-0.23,0.48));
#1965 = DIRECTION('',(-1.,0.,0.));
#1966 = DIRECTION('',(0.,0.,1.));
#1967 = ORIENTED_EDGE('',*,*,#1968,.F.);
#1968 = EDGE_CURVE('',#1870,#1960,#1969,.T.);
#1969 = LINE('',#1970,#1971);
#1970 = CARTESIAN_POINT('',(0.3,-0.23,0.5));
#1971 = VECTOR('',#1972,1.);
#1972 = DIRECTION('',(1.,0.,0.));
#1973 = ORIENTED_EDGE('',*,*,#1877,.F.);
#1974 = CYLINDRICAL_SURFACE('',#1975,2.E-02);
#1975 = AXIS2_PLACEMENT_3D('',#1976,#1977,#1978);
#1976 = CARTESIAN_POINT('',(0.3,-0.23,0.48));
#1977 = DIRECTION('',(1.,0.,0.));
#1978 = DIRECTION('',(0.,-1.,0.));
#1979 = ADVANCED_FACE('',(#1980),#1998,.F.);
#1980 = FACE_BOUND('',#1981,.F.);
#1981 = EDGE_LOOP('',(#1982,#1983,#1984,#1992));
#1982 = ORIENTED_EDGE('',*,*,#1835,.F.);
#1983 = ORIENTED_EDGE('',*,*,#1934,.T.);
#1984 = ORIENTED_EDGE('',*,*,#1985,.T.);
#1985 = EDGE_CURVE('',#1935,#1986,#1988,.T.);
#1986 = VERTEX_POINT('',#1987);
#1987 = CARTESIAN_POINT('',(0.5,0.23,0.));
#1988 = LINE('',#1989,#1990);
#1989 = CARTESIAN_POINT('',(0.5,-0.25,0.));
#1990 = VECTOR('',#1991,1.);
#1991 = DIRECTION('',(0.,1.,0.));
#1992 = ORIENTED_EDGE('',*,*,#1993,.F.);
#1993 = EDGE_CURVE('',#1836,#1986,#1994,.T.);
#1994 = LINE('',#1995,#1996);
#1995 = CARTESIAN_POINT('',(0.3,0.23,0.));
#1996 = VECTOR('',#1997,1.);
#1997 = DIRECTION('',(1.,0.,0.));
#1998 = PLANE('',#1999);
#1999 = AXIS2_PLACEMENT_3D('',#2000,#2001,#2002);
#2000 = CARTESIAN_POINT('',(0.3,-0.25,0.));
#2001 = DIRECTION('',(0.,0.,1.));
#2002 = DIRECTION('',(1.,0.,-0.));
#2003 = ADVANCED_FACE('',(#2004),#2022,.T.);
#2004 = FACE_BOUND('',#2005,.T.);
#2005 = EDGE_LOOP('',(#2006,#2007,#2008,#2016));
#2006 = ORIENTED_EDGE('',*,*,#1869,.F.);
#2007 = ORIENTED_EDGE('',*,*,#1968,.T.);
#2008 = ORIENTED_EDGE('',*,*,#2009,.T.);
#2009 = EDGE_CURVE('',#1960,#2010,#2012,.T.);
#2010 = VERTEX_POINT('',#2011);
#2011 = CARTESIAN_POINT('',(0.5,0.23,0.5));
#2012 = LINE('',#2013,#2014);
#2013 = CARTESIAN_POINT('',(0.5,-0.25,0.5));
#2014 = VECTOR('',#2015,1.);
#2015 = DIRECTION('',(0.,1.,0.));
#2016 = ORIENTED_EDGE('',*,*,#2017,.F.);
#2017 = EDGE_CURVE('',#1861,#2010,#2018,.T.);
#2018 = LINE('',#2019,#2020);
#2019 = CARTESIAN_POINT('',(0.3,0.23,0.5));
#2020 = VECTOR('',#2021,1.);
#2021 = DIRECTION('',(1.,0.,0.));
#2022 = PLANE('',#2023);
#2023 = AXIS2_PLACEMENT_3D('',#2024,#2025,#2026);
#2024 = CARTESIAN_POINT('',(0.3,-0.25,0.5));
#2025 = DIRECTION('',(0.,0.,1.));
#2026 = DIRECTION('',(1.,0.,-0.));
#2027 = ADVANCED_FACE('',(#2028),#2047,.T.);
#2028 = FACE_BOUND('',#2029,.T.);
#2029 = EDGE_LOOP('',(#2030,#2038,#2045,#2046));
#2030 = ORIENTED_EDGE('',*,*,#2031,.T.);
#2031 = EDGE_CURVE('',#1844,#2032,#2034,.T.);
#2032 = VERTEX_POINT('',#2033);
#2033 = CARTESIAN_POINT('',(0.5,0.25,2.E-02));
#2034 = LINE('',#2035,#2036);
#2035 = CARTESIAN_POINT('',(0.3,0.25,2.E-02));
#2036 = VECTOR('',#2037,1.);
#2037 = DIRECTION('',(1.,0.,0.));
#2038 = ORIENTED_EDGE('',*,*,#2039,.T.);
#2039 = EDGE_CURVE('',#2032,#1986,#2040,.T.);
#2040 = CIRCLE('',#2041,2.E-02);
#2041 = AXIS2_PLACEMENT_3D('',#2042,#2043,#2044);
#2042 = CARTESIAN_POINT('',(0.5,0.23,2.E-02));
#2043 = DIRECTION('',(-1.,0.,0.));
#2044 = DIRECTION('',(0.,0.,1.));
#2045 = ORIENTED_EDGE('',*,*,#1993,.F.);
#2046 = ORIENTED_EDGE('',*,*,#1843,.F.);
#2047 = CYLINDRICAL_SURFACE('',#2048,2.E-02);
#2048 = AXIS2_PLACEMENT_3D('',#2049,#2050,#2051);
#2049 = CARTESIAN_POINT('',(0.3,0.23,2.E-02));
#2050 = DIRECTION('',(1.,0.,0.));
#2051 = DIRECTION('',(-0.,1.,0.));
#2052 = ADVANCED_FACE('',(#2053),#2072,.T.);
#2053 = FACE_BOUND('',#2054,.T.);
#2054 = EDGE_LOOP('',(#2055,#2056,#2057,#2066));
#2055 = ORIENTED_EDGE('',*,*,#1860,.T.);
#2056 = ORIENTED_EDGE('',*,*,#2017,.T.);
#2057 = ORIENTED_EDGE('',*,*,#2058,.F.);
#2058 = EDGE_CURVE('',#2059,#2010,#2061,.T.);
#2059 = VERTEX_POINT('',#2060);
#2060 = CARTESIAN_POINT('',(0.5,0.25,0.48));
#2061 = CIRCLE('',#2062,2.E-02);
#2062 = AXIS2_PLACEMENT_3D('',#2063,#2064,#2065);
#2063 = CARTESIAN_POINT('',(0.5,0.23,0.48));
#2064 = DIRECTION('',(1.,0.,-0.));
#2065 = DIRECTION('',(0.,0.,1.));
#2066 = ORIENTED_EDGE('',*,*,#2067,.F.);
#2067 = EDGE_CURVE('',#1853,#2059,#2068,.T.);
#2068 = LINE('',#2069,#2070);
#2069 = CARTESIAN_POINT('',(0.3,0.25,0.48));
#2070 = VECTOR('',#2071,1.);
#2071 = DIRECTION('',(1.,0.,0.));
#2072 = CYLINDRICAL_SURFACE('',#2073,2.E-02);
#2073 = AXIS2_PLACEMENT_3D('',#2074,#2075,#2076);
#2074 = CARTESIAN_POINT('',(0.3,0.23,0.48));
#2075 = DIRECTION('',(1.,0.,0.));
#2076 = DIRECTION('',(-0.,1.,0.));
#2077 = ADVANCED_FACE('',(#2078),#2089,.T.);
#2078 = FACE_BOUND('',#2079,.T.);
#2079 = EDGE_LOOP('',(#2080,#2086,#2087,#2088));
#2080 = ORIENTED_EDGE('',*,*,#2081,.F.);
#2081 = EDGE_CURVE('',#2032,#2059,#2082,.T.);
#2082 = LINE('',#2083,#2084);
#2083 = CARTESIAN_POINT('',(0.5,0.25,0.));
#2084 = VECTOR('',#2085,1.);
#2085 = DIRECTION('',(0.,0.,1.));
#2086 = ORIENTED_EDGE('',*,*,#2031,.F.);
#2087 = ORIENTED_EDGE('',*,*,#1852,.T.);
#2088 = ORIENTED_EDGE('',*,*,#2067,.T.);
#2089 = PLANE('',#2090);
#2090 = AXIS2_PLACEMENT_3D('',#2091,#2092,#2093);
#2091 = CARTESIAN_POINT('',(0.3,0.25,0.));
#2092 = DIRECTION('',(0.,1.,0.));
#2093 = DIRECTION('',(0.,-0.,1.));
#2094 = ADVANCED_FACE('',(#2095),#2105,.T.);
#2095 = FACE_BOUND('',#2096,.T.);
#2096 = EDGE_LOOP('',(#2097,#2098,#2099,#2100,#2101,#2102,#2103,#2104));
#2097 = ORIENTED_EDGE('',*,*,#1902,.F.);
#2098 = ORIENTED_EDGE('',*,*,#1942,.T.);
#2099 = ORIENTED_EDGE('',*,*,#1985,.T.);
#2100 = ORIENTED_EDGE('',*,*,#2039,.F.);
#2101 = ORIENTED_EDGE('',*,*,#2081,.T.);
#2102 = ORIENTED_EDGE('',*,*,#2058,.T.);
#2103 = ORIENTED_EDGE('',*,*,#2009,.F.);
#2104 = ORIENTED_EDGE('',*,*,#1959,.F.);
#2105 = PLANE('',#2106);
#2106 = AXIS2_PLACEMENT_3D('',#2107,#2108,#2109);
#2107 = CARTESIAN_POINT('',(0.5,-0.25,0.));
#2108 = DIRECTION('',(1.,0.,0.));
#2109 = DIRECTION('',(0.,0.,1.));
#2110 = ( GEOMETRIC_REPRESENTATION_CONTEXT(3) 
GLOBAL_UNCERTAINTY_ASSIGNED_CONTEXT((#2114)) 
GLOBAL_UNIT_ASSIGNED_CONTEXT((#2111,#2112,#2113)) REPRESENTATION_CONTEXT
('Context #1','3D Context with UNIT and UNCERTAINTY') );
#2111 = ( LENGTH_UNIT() NAMED_UNIT(*) SI_UNIT(.MILLI.,.METRE.) );
#2112 = ( NAMED_UNIT(*) PLANE_ANGLE_UNIT() SI_UNIT($,.RADIAN.) );
#2113 = ( NAMED_UNIT(*) SI_UNIT($,.STERADIAN.) SOLID_ANGLE_UNIT() );
#2114 = UNCERTAINTY_MEASURE_WITH_UNIT(LENGTH_MEASURE(1.E-07),#2111,
  'distance_accuracy_value','confusion accuracy');
#2115 = CONTEXT_DEPENDENT_SHAPE_REPRESENTATION(#2116,#2118);
#2116 = ( REPRESENTATION_RELATIONSHIP('','',#1255,#1232) 
REPRESENTATION_RELATIONSHIP_WITH_TRANSFORMATION(#2117) 
SHAPE_REPRESENTATION_RELATIONSHIP() );
#2117 = ITEM_DEFINED_TRANSFORMATION('','',#11,#1233);
#2118 = PRODUCT_DEFINITION_SHAPE('Placement','Placement of an item',
  #2119);
#2119 = NEXT_ASSEMBLY_USAGE_OCCURRENCE('3','=>[0:1:1:5]','',#1227,#1250,
  $);
#2120 = PRODUCT_RELATED_PRODUCT_CATEGORY('part',$,(#1252));
#2121 = CONTEXT_DEPENDENT_SHAPE_REPRESENTATION(#2122,#2124);
#2122 = ( REPRESENTATION_RELATIONSHIP('','',#400,#10) 
REPRESENTATION_RELATIONSHIP_WITH_TRANSFORMATION(#2123) 
SHAPE_REPRESENTATION_RELATIONSHIP() );
#2123 = ITEM_DEFINED_TRANSFORMATION('','',#11,#23);
#2124 = PRODUCT_DEFINITION_SHAPE('Placement','Placement of an item',
  #2125);
#2125 = NEXT_ASSEMBLY_USAGE_OCCURRENCE('5','R10','',#5,#395,$);
#2126 = CONTEXT_DEPENDENT_SHAPE_REPRESENTATION(#2127,#2129);
#2127 = ( REPRESENTATION_RELATIONSHIP('','',#1232,#10) 
REPRESENTATION_RELATIONSHIP_WITH_TRANSFORMATION(#2128) 
SHAPE_REPRESENTATION_RELATIONSHIP() );
#2128 = ITEM_DEFINED_TRANSFORMATION('','',#11,#27);
#2129 = PRODUCT_DEFINITION_SHAPE('Placement','Placement of an item',
  #2130);
#2130 = NEXT_ASSEMBLY_USAGE_OCCURRENCE('6','C20','',#5,#1227,$);
#2131 = SHAPE_DEFINITION_REPRESENTATION(#2132,#2138);
#2132 = PRODUCT_DEFINITION_SHAPE('','',#2133);
#2133 = PRODUCT_DEFINITION('design','',#2134,#2137);
#2134 = PRODUCT_DEFINITION_FORMATION('','',#2135);
#2135 = PRODUCT('C_0603_1608Metric','C_0603_1608Metric','',(#2136));
#2136 = PRODUCT_CONTEXT('',#2,'mechanical');
#2137 = PRODUCT_DEFINITION_CONTEXT('part definition',#2,'design');
#2138 = SHAPE_REPRESENTATION('',(#11,#2139),#2143);
#2139 = AXIS2_PLACEMENT_3D('',#2140,#2141,#2142);
#2140 = CARTESIAN_POINT('',(0.,0.,0.));
#2141 = DIRECTION('',(0.,0.,1.));
#2142 = DIRECTION('',(1.,0.,-0.));
#2143 = ( GEOMETRIC_REPRESENTATION_CONTEXT(3) 
GLOBAL_UNCERTAINTY_ASSIGNED_CONTEXT((#2147)) 
GLOBAL_UNIT_ASSIGNED_CONTEXT((#2144,#2145,#2146)) REPRESENTATION_CONTEXT
('Context #1','3D Context with UNIT and UNCERTAINTY') );
#2144 = ( LENGTH_UNIT() NAMED_UNIT(*) SI_UNIT(.MILLI.,.METRE.) );
#2145 = ( NAMED_UNIT(*) PLANE_ANGLE_UNIT() SI_UNIT($,.RADIAN.) );
#2146 = ( NAMED_UNIT(*) SI_UNIT($,.STERADIAN.) SOLID_ANGLE_UNIT() );
#2147 = UNCERTAINTY_MEASURE_WITH_UNIT(LENGTH_MEASURE(1.E-07),#2144,
  'distance_accuracy_value','confusion accuracy');
#2148 = CONTEXT_DEPENDENT_SHAPE_REPRESENTATION(#2149,#2151);
#2149 = ( REPRESENTATION_RELATIONSHIP('','',#2138,#10) 
REPRESENTATION_RELATIONSHIP_WITH_TRANSFORMATION(#2150) 
SHAPE_REPRESENTATION_RELATIONSHIP() );
#2150 = ITEM_DEFINED_TRANSFORMATION('','',#11,#31);
#2151 = PRODUCT_DEFINITION_SHAPE('Placement','Placement of an item',
  #2152);
#2152 = NEXT_ASSEMBLY_USAGE_OCCURRENCE('8','C43','',#5,#2133,$);
#2153 = PRODUCT_RELATED_PRODUCT_CATEGORY('part',$,(#2135));
#2154 = SHAPE_DEFINITION_REPRESENTATION(#2155,#2161);
#2155 = PRODUCT_DEFINITION_SHAPE('','',#2156);
#2156 = PRODUCT_DEFINITION('design','',#2157,#2160);
#2157 = PRODUCT_DEFINITION_FORMATION('','',#2158);
#2158 = PRODUCT('C_0603_1608Metric','C_0603_1608Metric','',(#2159));
#2159 = PRODUCT_CONTEXT('',#2,'mechanical');
#2160 = PRODUCT_DEFINITION_CONTEXT('part definition',#2,'design');
#2161 = ADVANCED_BREP_SHAPE_REPRESENTATION('',(#11,#2162),#3016);
#2162 = MANIFOLD_SOLID_BREP('',#2163);
#2163 = CLOSED_SHELL('',(#2164,#2240,#2271,#2296,#2321,#2345,#2369,#2394
    ,#2419,#2436,#2522,#2554,#2578,#2603,#2627,#2652,#2676,#2701,#2718,
    #2804,#2835,#2860,#2885,#2909,#2933,#2958,#2983,#3000));
#2164 = ADVANCED_FACE('',(#2165),#2235,.F.);
#2165 = FACE_BOUND('',#2166,.F.);
#2166 = EDGE_LOOP('',(#2167,#2177,#2186,#2194,#2203,#2211,#2220,#2228));
#2167 = ORIENTED_EDGE('',*,*,#2168,.F.);
#2168 = EDGE_CURVE('',#2169,#2171,#2173,.T.);
#2169 = VERTEX_POINT('',#2170);
#2170 = CARTESIAN_POINT('',(-0.8,-0.4,3.E-02));
#2171 = VERTEX_POINT('',#2172);
#2172 = CARTESIAN_POINT('',(-0.8,-0.4,0.77));
#2173 = LINE('',#2174,#2175);
#2174 = CARTESIAN_POINT('',(-0.8,-0.4,0.));
#2175 = VECTOR('',#2176,1.);
#2176 = DIRECTION('',(0.,0.,1.));
#2177 = ORIENTED_EDGE('',*,*,#2178,.T.);
#2178 = EDGE_CURVE('',#2169,#2179,#2181,.T.);
#2179 = VERTEX_POINT('',#2180);
#2180 = CARTESIAN_POINT('',(-0.8,-0.37,0.));
#2181 = CIRCLE('',#2182,3.E-02);
#2182 = AXIS2_PLACEMENT_3D('',#2183,#2184,#2185);
#2183 = CARTESIAN_POINT('',(-0.8,-0.37,3.E-02));
#2184 = DIRECTION('',(1.,0.,-0.));
#2185 = DIRECTION('',(0.,0.,1.));
#2186 = ORIENTED_EDGE('',*,*,#2187,.T.);
#2187 = EDGE_CURVE('',#2179,#2188,#2190,.T.);
#2188 = VERTEX_POINT('',#2189);
#2189 = CARTESIAN_POINT('',(-0.8,0.37,0.));
#2190 = LINE('',#2191,#2192);
#2191 = CARTESIAN_POINT('',(-0.8,-0.4,0.));
#2192 = VECTOR('',#2193,1.);
#2193 = DIRECTION('',(0.,1.,0.));
#2194 = ORIENTED_EDGE('',*,*,#2195,.F.);
#2195 = EDGE_CURVE('',#2196,#2188,#2198,.T.);
#2196 = VERTEX_POINT('',#2197);
#2197 = CARTESIAN_POINT('',(-0.8,0.4,3.E-02));
#2198 = CIRCLE('',#2199,3.E-02);
#2199 = AXIS2_PLACEMENT_3D('',#2200,#2201,#2202);
#2200 = CARTESIAN_POINT('',(-0.8,0.37,3.E-02));
#2201 = DIRECTION('',(-1.,0.,0.));
#2202 = DIRECTION('',(0.,0.,1.));
#2203 = ORIENTED_EDGE('',*,*,#2204,.T.);
#2204 = EDGE_CURVE('',#2196,#2205,#2207,.T.);
#2205 = VERTEX_POINT('',#2206);
#2206 = CARTESIAN_POINT('',(-0.8,0.4,0.77));
#2207 = LINE('',#2208,#2209);
#2208 = CARTESIAN_POINT('',(-0.8,0.4,0.));
#2209 = VECTOR('',#2210,1.);
#2210 = DIRECTION('',(0.,0.,1.));
#2211 = ORIENTED_EDGE('',*,*,#2212,.T.);
#2212 = EDGE_CURVE('',#2205,#2213,#2215,.T.);
#2213 = VERTEX_POINT('',#2214);
#2214 = CARTESIAN_POINT('',(-0.8,0.37,0.8));
#2215 = CIRCLE('',#2216,3.E-02);
#2216 = AXIS2_PLACEMENT_3D('',#2217,#2218,#2219);
#2217 = CARTESIAN_POINT('',(-0.8,0.37,0.77));
#2218 = DIRECTION('',(1.,0.,-0.));
#2219 = DIRECTION('',(0.,0.,1.));
#2220 = ORIENTED_EDGE('',*,*,#2221,.F.);
#2221 = EDGE_CURVE('',#2222,#2213,#2224,.T.);
#2222 = VERTEX_POINT('',#2223);
#2223 = CARTESIAN_POINT('',(-0.8,-0.37,0.8));
#2224 = LINE('',#2225,#2226);
#2225 = CARTESIAN_POINT('',(-0.8,-0.4,0.8));
#2226 = VECTOR('',#2227,1.);
#2227 = DIRECTION('',(0.,1.,0.));
#2228 = ORIENTED_EDGE('',*,*,#2229,.F.);
#2229 = EDGE_CURVE('',#2171,#2222,#2230,.T.);
#2230 = CIRCLE('',#2231,3.E-02);
#2231 = AXIS2_PLACEMENT_3D('',#2232,#2233,#2234);
#2232 = CARTESIAN_POINT('',(-0.8,-0.37,0.77));
#2233 = DIRECTION('',(-1.,0.,0.));
#2234 = DIRECTION('',(0.,0.,1.));
#2235 = PLANE('',#2236);
#2236 = AXIS2_PLACEMENT_3D('',#2237,#2238,#2239);
#2237 = CARTESIAN_POINT('',(-0.8,-0.4,0.));
#2238 = DIRECTION('',(1.,0.,0.));
#2239 = DIRECTION('',(0.,0.,1.));
#2240 = ADVANCED_FACE('',(#2241),#2266,.F.);
#2241 = FACE_BOUND('',#2242,.F.);
#2242 = EDGE_LOOP('',(#2243,#2253,#2259,#2260));
#2243 = ORIENTED_EDGE('',*,*,#2244,.F.);
#2244 = EDGE_CURVE('',#2245,#2247,#2249,.T.);
#2245 = VERTEX_POINT('',#2246);
#2246 = CARTESIAN_POINT('',(-0.5,-0.4,3.E-02));
#2247 = VERTEX_POINT('',#2248);
#2248 = CARTESIAN_POINT('',(-0.5,-0.4,0.77));
#2249 = LINE('',#2250,#2251);
#2250 = CARTESIAN_POINT('',(-0.5,-0.4,0.));
#2251 = VECTOR('',#2252,1.);
#2252 = DIRECTION('',(0.,0.,1.));
#2253 = ORIENTED_EDGE('',*,*,#2254,.F.);
#2254 = EDGE_CURVE('',#2169,#2245,#2255,.T.);
#2255 = LINE('',#2256,#2257);
#2256 = CARTESIAN_POINT('',(-0.8,-0.4,3.E-02));
#2257 = VECTOR('',#2258,1.);
#2258 = DIRECTION('',(1.,0.,0.));
#2259 = ORIENTED_EDGE('',*,*,#2168,.T.);
#2260 = ORIENTED_EDGE('',*,*,#2261,.T.);
#2261 = EDGE_CURVE('',#2171,#2247,#2262,.T.);
#2262 = LINE('',#2263,#2264);
#2263 = CARTESIAN_POINT('',(-0.8,-0.4,0.77));
#2264 = VECTOR('',#2265,1.);
#2265 = DIRECTION('',(1.,0.,0.));
#2266 = PLANE('',#2267);
#2267 = AXIS2_PLACEMENT_3D('',#2268,#2269,#2270);
#2268 = CARTESIAN_POINT('',(-0.8,-0.4,0.));
#2269 = DIRECTION('',(0.,1.,0.));
#2270 = DIRECTION('',(0.,-0.,1.));
#2271 = ADVANCED_FACE('',(#2272),#2291,.T.);
#2272 = FACE_BOUND('',#2273,.T.);
#2273 = EDGE_LOOP('',(#2274,#2275,#2283,#2290));
#2274 = ORIENTED_EDGE('',*,*,#2178,.T.);
#2275 = ORIENTED_EDGE('',*,*,#2276,.T.);
#2276 = EDGE_CURVE('',#2179,#2277,#2279,.T.);
#2277 = VERTEX_POINT('',#2278);
#2278 = CARTESIAN_POINT('',(-0.5,-0.37,0.));
#2279 = LINE('',#2280,#2281);
#2280 = CARTESIAN_POINT('',(-0.8,-0.37,0.));
#2281 = VECTOR('',#2282,1.);
#2282 = DIRECTION('',(1.,0.,0.));
#2283 = ORIENTED_EDGE('',*,*,#2284,.F.);
#2284 = EDGE_CURVE('',#2245,#2277,#2285,.T.);
#2285 = CIRCLE('',#2286,3.E-02);
#2286 = AXIS2_PLACEMENT_3D('',#2287,#2288,#2289);
#2287 = CARTESIAN_POINT('',(-0.5,-0.37,3.E-02));
#2288 = DIRECTION('',(1.,0.,-0.));
#2289 = DIRECTION('',(0.,0.,1.));
#2290 = ORIENTED_EDGE('',*,*,#2254,.F.);
#2291 = CYLINDRICAL_SURFACE('',#2292,3.E-02);
#2292 = AXIS2_PLACEMENT_3D('',#2293,#2294,#2295);
#2293 = CARTESIAN_POINT('',(-0.8,-0.37,3.E-02));
#2294 = DIRECTION('',(1.,0.,0.));
#2295 = DIRECTION('',(0.,-1.,0.));
#2296 = ADVANCED_FACE('',(#2297),#2316,.T.);
#2297 = FACE_BOUND('',#2298,.T.);
#2298 = EDGE_LOOP('',(#2299,#2300,#2309,#2315));
#2299 = ORIENTED_EDGE('',*,*,#2261,.T.);
#2300 = ORIENTED_EDGE('',*,*,#2301,.T.);
#2301 = EDGE_CURVE('',#2247,#2302,#2304,.T.);
#2302 = VERTEX_POINT('',#2303);
#2303 = CARTESIAN_POINT('',(-0.5,-0.37,0.8));
#2304 = CIRCLE('',#2305,3.E-02);
#2305 = AXIS2_PLACEMENT_3D('',#2306,#2307,#2308);
#2306 = CARTESIAN_POINT('',(-0.5,-0.37,0.77));
#2307 = DIRECTION('',(-1.,0.,0.));
#2308 = DIRECTION('',(0.,0.,1.));
#2309 = ORIENTED_EDGE('',*,*,#2310,.F.);
#2310 = EDGE_CURVE('',#2222,#2302,#2311,.T.);
#2311 = LINE('',#2312,#2313);
#2312 = CARTESIAN_POINT('',(-0.8,-0.37,0.8));
#2313 = VECTOR('',#2314,1.);
#2314 = DIRECTION('',(1.,0.,0.));
#2315 = ORIENTED_EDGE('',*,*,#2229,.F.);
#2316 = CYLINDRICAL_SURFACE('',#2317,3.E-02);
#2317 = AXIS2_PLACEMENT_3D('',#2318,#2319,#2320);
#2318 = CARTESIAN_POINT('',(-0.8,-0.37,0.77));
#2319 = DIRECTION('',(1.,0.,0.));
#2320 = DIRECTION('',(0.,-1.,0.));
#2321 = ADVANCED_FACE('',(#2322),#2340,.F.);
#2322 = FACE_BOUND('',#2323,.F.);
#2323 = EDGE_LOOP('',(#2324,#2325,#2326,#2334));
#2324 = ORIENTED_EDGE('',*,*,#2187,.F.);
#2325 = ORIENTED_EDGE('',*,*,#2276,.T.);
#2326 = ORIENTED_EDGE('',*,*,#2327,.T.);
#2327 = EDGE_CURVE('',#2277,#2328,#2330,.T.);
#2328 = VERTEX_POINT('',#2329);
#2329 = CARTESIAN_POINT('',(-0.5,0.37,0.));
#2330 = LINE('',#2331,#2332);
#2331 = CARTESIAN_POINT('',(-0.5,-0.4,0.));
#2332 = VECTOR('',#2333,1.);
#2333 = DIRECTION('',(0.,1.,0.));
#2334 = ORIENTED_EDGE('',*,*,#2335,.F.);
#2335 = EDGE_CURVE('',#2188,#2328,#2336,.T.);
#2336 = LINE('',#2337,#2338);
#2337 = CARTESIAN_POINT('',(-0.8,0.37,0.));
#2338 = VECTOR('',#2339,1.);
#2339 = DIRECTION('',(1.,0.,0.));
#2340 = PLANE('',#2341);
#2341 = AXIS2_PLACEMENT_3D('',#2342,#2343,#2344);
#2342 = CARTESIAN_POINT('',(-0.8,-0.4,0.));
#2343 = DIRECTION('',(0.,0.,1.));
#2344 = DIRECTION('',(1.,0.,-0.));
#2345 = ADVANCED_FACE('',(#2346),#2364,.T.);
#2346 = FACE_BOUND('',#2347,.T.);
#2347 = EDGE_LOOP('',(#2348,#2349,#2350,#2358));
#2348 = ORIENTED_EDGE('',*,*,#2221,.F.);
#2349 = ORIENTED_EDGE('',*,*,#2310,.T.);
#2350 = ORIENTED_EDGE('',*,*,#2351,.T.);
#2351 = EDGE_CURVE('',#2302,#2352,#2354,.T.);
#2352 = VERTEX_POINT('',#2353);
#2353 = CARTESIAN_POINT('',(-0.5,0.37,0.8));
#2354 = LINE('',#2355,#2356);
#2355 = CARTESIAN_POINT('',(-0.5,-0.4,0.8));
#2356 = VECTOR('',#2357,1.);
#2357 = DIRECTION('',(0.,1.,0.));
#2358 = ORIENTED_EDGE('',*,*,#2359,.F.);
#2359 = EDGE_CURVE('',#2213,#2352,#2360,.T.);
#2360 = LINE('',#2361,#2362);
#2361 = CARTESIAN_POINT('',(-0.8,0.37,0.8));
#2362 = VECTOR('',#2363,1.);
#2363 = DIRECTION('',(1.,0.,0.));
#2364 = PLANE('',#2365);
#2365 = AXIS2_PLACEMENT_3D('',#2366,#2367,#2368);
#2366 = CARTESIAN_POINT('',(-0.8,-0.4,0.8));
#2367 = DIRECTION('',(0.,0.,1.));
#2368 = DIRECTION('',(1.,0.,-0.));
#2369 = ADVANCED_FACE('',(#2370),#2389,.T.);
#2370 = FACE_BOUND('',#2371,.T.);
#2371 = EDGE_LOOP('',(#2372,#2380,#2387,#2388));
#2372 = ORIENTED_EDGE('',*,*,#2373,.T.);
#2373 = EDGE_CURVE('',#2196,#2374,#2376,.T.);
#2374 = VERTEX_POINT('',#2375);
#2375 = CARTESIAN_POINT('',(-0.5,0.4,3.E-02));
#2376 = LINE('',#2377,#2378);
#2377 = CARTESIAN_POINT('',(-0.8,0.4,3.E-02));
#2378 = VECTOR('',#2379,1.);
#2379 = DIRECTION('',(1.,0.,0.));
#2380 = ORIENTED_EDGE('',*,*,#2381,.T.);
#2381 = EDGE_CURVE('',#2374,#2328,#2382,.T.);
#2382 = CIRCLE('',#2383,3.E-02);
#2383 = AXIS2_PLACEMENT_3D('',#2384,#2385,#2386);
#2384 = CARTESIAN_POINT('',(-0.5,0.37,3.E-02));
#2385 = DIRECTION('',(-1.,0.,0.));
#2386 = DIRECTION('',(0.,0.,1.));
#2387 = ORIENTED_EDGE('',*,*,#2335,.F.);
#2388 = ORIENTED_EDGE('',*,*,#2195,.F.);
#2389 = CYLINDRICAL_SURFACE('',#2390,3.E-02);
#2390 = AXIS2_PLACEMENT_3D('',#2391,#2392,#2393);
#2391 = CARTESIAN_POINT('',(-0.8,0.37,3.E-02));
#2392 = DIRECTION('',(1.,0.,0.));
#2393 = DIRECTION('',(-0.,1.,0.));
#2394 = ADVANCED_FACE('',(#2395),#2414,.T.);
#2395 = FACE_BOUND('',#2396,.T.);
#2396 = EDGE_LOOP('',(#2397,#2398,#2399,#2408));
#2397 = ORIENTED_EDGE('',*,*,#2212,.T.);
#2398 = ORIENTED_EDGE('',*,*,#2359,.T.);
#2399 = ORIENTED_EDGE('',*,*,#2400,.F.);
#2400 = EDGE_CURVE('',#2401,#2352,#2403,.T.);
#2401 = VERTEX_POINT('',#2402);
#2402 = CARTESIAN_POINT('',(-0.5,0.4,0.77));
#2403 = CIRCLE('',#2404,3.E-02);
#2404 = AXIS2_PLACEMENT_3D('',#2405,#2406,#2407);
#2405 = CARTESIAN_POINT('',(-0.5,0.37,0.77));
#2406 = DIRECTION('',(1.,0.,-0.));
#2407 = DIRECTION('',(0.,0.,1.));
#2408 = ORIENTED_EDGE('',*,*,#2409,.F.);
#2409 = EDGE_CURVE('',#2205,#2401,#2410,.T.);
#2410 = LINE('',#2411,#2412);
#2411 = CARTESIAN_POINT('',(-0.8,0.4,0.77));
#2412 = VECTOR('',#2413,1.);
#2413 = DIRECTION('',(1.,0.,0.));
#2414 = CYLINDRICAL_SURFACE('',#2415,3.E-02);
#2415 = AXIS2_PLACEMENT_3D('',#2416,#2417,#2418);
#2416 = CARTESIAN_POINT('',(-0.8,0.37,0.77));
#2417 = DIRECTION('',(1.,0.,0.));
#2418 = DIRECTION('',(-0.,1.,0.));
#2419 = ADVANCED_FACE('',(#2420),#2431,.T.);
#2420 = FACE_BOUND('',#2421,.T.);
#2421 = EDGE_LOOP('',(#2422,#2428,#2429,#2430));
#2422 = ORIENTED_EDGE('',*,*,#2423,.F.);
#2423 = EDGE_CURVE('',#2374,#2401,#2424,.T.);
#2424 = LINE('',#2425,#2426);
#2425 = CARTESIAN_POINT('',(-0.5,0.4,0.));
#2426 = VECTOR('',#2427,1.);
#2427 = DIRECTION('',(0.,0.,1.));
#2428 = ORIENTED_EDGE('',*,*,#2373,.F.);
#2429 = ORIENTED_EDGE('',*,*,#2204,.T.);
#2430 = ORIENTED_EDGE('',*,*,#2409,.T.);
#2431 = PLANE('',#2432);
#2432 = AXIS2_PLACEMENT_3D('',#2433,#2434,#2435);
#2433 = CARTESIAN_POINT('',(-0.8,0.4,0.));
#2434 = DIRECTION('',(0.,1.,0.));
#2435 = DIRECTION('',(0.,-0.,1.));
#2436 = ADVANCED_FACE('',(#2437,#2447),#2517,.T.);
#2437 = FACE_BOUND('',#2438,.T.);
#2438 = EDGE_LOOP('',(#2439,#2440,#2441,#2442,#2443,#2444,#2445,#2446));
#2439 = ORIENTED_EDGE('',*,*,#2244,.F.);
#2440 = ORIENTED_EDGE('',*,*,#2284,.T.);
#2441 = ORIENTED_EDGE('',*,*,#2327,.T.);
#2442 = ORIENTED_EDGE('',*,*,#2381,.F.);
#2443 = ORIENTED_EDGE('',*,*,#2423,.T.);
#2444 = ORIENTED_EDGE('',*,*,#2400,.T.);
#2445 = ORIENTED_EDGE('',*,*,#2351,.F.);
#2446 = ORIENTED_EDGE('',*,*,#2301,.F.);
#2447 = FACE_BOUND('',#2448,.T.);
#2448 = EDGE_LOOP('',(#2449,#2460,#2468,#2477,#2485,#2494,#2502,#2511));
#2449 = ORIENTED_EDGE('',*,*,#2450,.F.);
#2450 = EDGE_CURVE('',#2451,#2453,#2455,.T.);
#2451 = VERTEX_POINT('',#2452);
#2452 = CARTESIAN_POINT('',(-0.5,-0.37,6.E-02));
#2453 = VERTEX_POINT('',#2454);
#2454 = CARTESIAN_POINT('',(-0.5,-0.34,3.E-02));
#2455 = CIRCLE('',#2456,3.E-02);
#2456 = AXIS2_PLACEMENT_3D('',#2457,#2458,#2459);
#2457 = CARTESIAN_POINT('',(-0.5,-0.34,6.E-02));
#2458 = DIRECTION('',(1.,0.,-0.));
#2459 = DIRECTION('',(0.,0.,1.));
#2460 = ORIENTED_EDGE('',*,*,#2461,.T.);
#2461 = EDGE_CURVE('',#2451,#2462,#2464,.T.);
#2462 = VERTEX_POINT('',#2463);
#2463 = CARTESIAN_POINT('',(-0.5,-0.37,0.74));
#2464 = LINE('',#2465,#2466);
#2465 = CARTESIAN_POINT('',(-0.5,-0.37,3.E-02));
#2466 = VECTOR('',#2467,1.);
#2467 = DIRECTION('',(0.,0.,1.));
#2468 = ORIENTED_EDGE('',*,*,#2469,.T.);
#2469 = EDGE_CURVE('',#2462,#2470,#2472,.T.);
#2470 = VERTEX_POINT('',#2471);
#2471 = CARTESIAN_POINT('',(-0.5,-0.34,0.77));
#2472 = CIRCLE('',#2473,3.E-02);
#2473 = AXIS2_PLACEMENT_3D('',#2474,#2475,#2476);
#2474 = CARTESIAN_POINT('',(-0.5,-0.34,0.74));
#2475 = DIRECTION('',(-1.,0.,0.));
#2476 = DIRECTION('',(0.,0.,1.));
#2477 = ORIENTED_EDGE('',*,*,#2478,.T.);
#2478 = EDGE_CURVE('',#2470,#2479,#2481,.T.);
#2479 = VERTEX_POINT('',#2480);
#2480 = CARTESIAN_POINT('',(-0.5,0.34,0.77));
#2481 = LINE('',#2482,#2483);
#2482 = CARTESIAN_POINT('',(-0.5,-0.37,0.77));
#2483 = VECTOR('',#2484,1.);
#2484 = DIRECTION('',(0.,1.,0.));
#2485 = ORIENTED_EDGE('',*,*,#2486,.F.);
#2486 = EDGE_CURVE('',#2487,#2479,#2489,.T.);
#2487 = VERTEX_POINT('',#2488);
#2488 = CARTESIAN_POINT('',(-0.5,0.37,0.74));
#2489 = CIRCLE('',#2490,3.E-02);
#2490 = AXIS2_PLACEMENT_3D('',#2491,#2492,#2493);
#2491 = CARTESIAN_POINT('',(-0.5,0.34,0.74));
#2492 = DIRECTION('',(1.,0.,-0.));
#2493 = DIRECTION('',(0.,0.,1.));
#2494 = ORIENTED_EDGE('',*,*,#2495,.F.);
#2495 = EDGE_CURVE('',#2496,#2487,#2498,.T.);
#2496 = VERTEX_POINT('',#2497);
#2497 = CARTESIAN_POINT('',(-0.5,0.37,6.E-02));
#2498 = LINE('',#2499,#2500);
#2499 = CARTESIAN_POINT('',(-0.5,0.37,3.E-02));
#2500 = VECTOR('',#2501,1.);
#2501 = DIRECTION('',(0.,0.,1.));
#2502 = ORIENTED_EDGE('',*,*,#2503,.T.);
#2503 = EDGE_CURVE('',#2496,#2504,#2506,.T.);
#2504 = VERTEX_POINT('',#2505);
#2505 = CARTESIAN_POINT('',(-0.5,0.34,3.E-02));
#2506 = CIRCLE('',#2507,3.E-02);
#2507 = AXIS2_PLACEMENT_3D('',#2508,#2509,#2510);
#2508 = CARTESIAN_POINT('',(-0.5,0.34,6.E-02));
#2509 = DIRECTION('',(-1.,0.,0.));
#2510 = DIRECTION('',(0.,0.,1.));
#2511 = ORIENTED_EDGE('',*,*,#2512,.F.);
#2512 = EDGE_CURVE('',#2453,#2504,#2513,.T.);
#2513 = LINE('',#2514,#2515);
#2514 = CARTESIAN_POINT('',(-0.5,-0.37,3.E-02));
#2515 = VECTOR('',#2516,1.);
#2516 = DIRECTION('',(0.,1.,0.));
#2517 = PLANE('',#2518);
#2518 = AXIS2_PLACEMENT_3D('',#2519,#2520,#2521);
#2519 = CARTESIAN_POINT('',(-0.5,-0.4,0.));
#2520 = DIRECTION('',(1.,0.,0.));
#2521 = DIRECTION('',(0.,0.,1.));
#2522 = ADVANCED_FACE('',(#2523),#2549,.T.);
#2523 = FACE_BOUND('',#2524,.T.);
#2524 = EDGE_LOOP('',(#2525,#2526,#2534,#2543));
#2525 = ORIENTED_EDGE('',*,*,#2450,.T.);
#2526 = ORIENTED_EDGE('',*,*,#2527,.T.);
#2527 = EDGE_CURVE('',#2453,#2528,#2530,.T.);
#2528 = VERTEX_POINT('',#2529);
#2529 = CARTESIAN_POINT('',(0.5,-0.34,3.E-02));
#2530 = LINE('',#2531,#2532);
#2531 = CARTESIAN_POINT('',(-0.5,-0.34,3.E-02));
#2532 = VECTOR('',#2533,1.);
#2533 = DIRECTION('',(1.,0.,0.));
#2534 = ORIENTED_EDGE('',*,*,#2535,.F.);
#2535 = EDGE_CURVE('',#2536,#2528,#2538,.T.);
#2536 = VERTEX_POINT('',#2537);
#2537 = CARTESIAN_POINT('',(0.5,-0.37,6.E-02));
#2538 = CIRCLE('',#2539,3.E-02);
#2539 = AXIS2_PLACEMENT_3D('',#2540,#2541,#2542);
#2540 = CARTESIAN_POINT('',(0.5,-0.34,6.E-02));
#2541 = DIRECTION('',(1.,0.,-0.));
#2542 = DIRECTION('',(0.,0.,1.));
#2543 = ORIENTED_EDGE('',*,*,#2544,.F.);
#2544 = EDGE_CURVE('',#2451,#2536,#2545,.T.);
#2545 = LINE('',#2546,#2547);
#2546 = CARTESIAN_POINT('',(-0.5,-0.37,6.E-02));
#2547 = VECTOR('',#2548,1.);
#2548 = DIRECTION('',(1.,0.,0.));
#2549 = CYLINDRICAL_SURFACE('',#2550,3.E-02);
#2550 = AXIS2_PLACEMENT_3D('',#2551,#2552,#2553);
#2551 = CARTESIAN_POINT('',(-0.5,-0.34,6.E-02));
#2552 = DIRECTION('',(1.,0.,0.));
#2553 = DIRECTION('',(0.,-1.,0.));
#2554 = ADVANCED_FACE('',(#2555),#2573,.F.);
#2555 = FACE_BOUND('',#2556,.F.);
#2556 = EDGE_LOOP('',(#2557,#2558,#2559,#2567));
#2557 = ORIENTED_EDGE('',*,*,#2512,.F.);
#2558 = ORIENTED_EDGE('',*,*,#2527,.T.);
#2559 = ORIENTED_EDGE('',*,*,#2560,.T.);
#2560 = EDGE_CURVE('',#2528,#2561,#2563,.T.);
#2561 = VERTEX_POINT('',#2562);
#2562 = CARTESIAN_POINT('',(0.5,0.34,3.E-02));
#2563 = LINE('',#2564,#2565);
#2564 = CARTESIAN_POINT('',(0.5,-0.37,3.E-02));
#2565 = VECTOR('',#2566,1.);
#2566 = DIRECTION('',(0.,1.,0.));
#2567 = ORIENTED_EDGE('',*,*,#2568,.F.);
#2568 = EDGE_CURVE('',#2504,#2561,#2569,.T.);
#2569 = LINE('',#2570,#2571);
#2570 = CARTESIAN_POINT('',(-0.5,0.34,3.E-02));
#2571 = VECTOR('',#2572,1.);
#2572 = DIRECTION('',(1.,0.,0.));
#2573 = PLANE('',#2574);
#2574 = AXIS2_PLACEMENT_3D('',#2575,#2576,#2577);
#2575 = CARTESIAN_POINT('',(-0.5,-0.37,3.E-02));
#2576 = DIRECTION('',(0.,0.,1.));
#2577 = DIRECTION('',(1.,0.,-0.));
#2578 = ADVANCED_FACE('',(#2579),#2598,.T.);
#2579 = FACE_BOUND('',#2580,.T.);
#2580 = EDGE_LOOP('',(#2581,#2589,#2596,#2597));
#2581 = ORIENTED_EDGE('',*,*,#2582,.T.);
#2582 = EDGE_CURVE('',#2496,#2583,#2585,.T.);
#2583 = VERTEX_POINT('',#2584);
#2584 = CARTESIAN_POINT('',(0.5,0.37,6.E-02));
#2585 = LINE('',#2586,#2587);
#2586 = CARTESIAN_POINT('',(-0.5,0.37,6.E-02));
#2587 = VECTOR('',#2588,1.);
#2588 = DIRECTION('',(1.,0.,0.));
#2589 = ORIENTED_EDGE('',*,*,#2590,.T.);
#2590 = EDGE_CURVE('',#2583,#2561,#2591,.T.);
#2591 = CIRCLE('',#2592,3.E-02);
#2592 = AXIS2_PLACEMENT_3D('',#2593,#2594,#2595);
#2593 = CARTESIAN_POINT('',(0.5,0.34,6.E-02));
#2594 = DIRECTION('',(-1.,0.,0.));
#2595 = DIRECTION('',(0.,0.,1.));
#2596 = ORIENTED_EDGE('',*,*,#2568,.F.);
#2597 = ORIENTED_EDGE('',*,*,#2503,.F.);
#2598 = CYLINDRICAL_SURFACE('',#2599,3.E-02);
#2599 = AXIS2_PLACEMENT_3D('',#2600,#2601,#2602);
#2600 = CARTESIAN_POINT('',(-0.5,0.34,6.E-02));
#2601 = DIRECTION('',(1.,0.,0.));
#2602 = DIRECTION('',(-0.,1.,0.));
#2603 = ADVANCED_FACE('',(#2604),#2622,.T.);
#2604 = FACE_BOUND('',#2605,.T.);
#2605 = EDGE_LOOP('',(#2606,#2614,#2615,#2616));
#2606 = ORIENTED_EDGE('',*,*,#2607,.F.);
#2607 = EDGE_CURVE('',#2583,#2608,#2610,.T.);
#2608 = VERTEX_POINT('',#2609);
#2609 = CARTESIAN_POINT('',(0.5,0.37,0.74));
#2610 = LINE('',#2611,#2612);
#2611 = CARTESIAN_POINT('',(0.5,0.37,3.E-02));
#2612 = VECTOR('',#2613,1.);
#2613 = DIRECTION('',(0.,0.,1.));
#2614 = ORIENTED_EDGE('',*,*,#2582,.F.);
#2615 = ORIENTED_EDGE('',*,*,#2495,.T.);
#2616 = ORIENTED_EDGE('',*,*,#2617,.T.);
#2617 = EDGE_CURVE('',#2487,#2608,#2618,.T.);
#2618 = LINE('',#2619,#2620);
#2619 = CARTESIAN_POINT('',(-0.5,0.37,0.74));
#2620 = VECTOR('',#2621,1.);
#2621 = DIRECTION('',(1.,0.,0.));
#2622 = PLANE('',#2623);
#2623 = AXIS2_PLACEMENT_3D('',#2624,#2625,#2626);
#2624 = CARTESIAN_POINT('',(-0.5,0.37,3.E-02));
#2625 = DIRECTION('',(0.,1.,0.));
#2626 = DIRECTION('',(0.,-0.,1.));
#2627 = ADVANCED_FACE('',(#2628),#2647,.T.);
#2628 = FACE_BOUND('',#2629,.T.);
#2629 = EDGE_LOOP('',(#2630,#2631,#2639,#2646));
#2630 = ORIENTED_EDGE('',*,*,#2486,.T.);
#2631 = ORIENTED_EDGE('',*,*,#2632,.T.);
#2632 = EDGE_CURVE('',#2479,#2633,#2635,.T.);
#2633 = VERTEX_POINT('',#2634);
#2634 = CARTESIAN_POINT('',(0.5,0.34,0.77));
#2635 = LINE('',#2636,#2637);
#2636 = CARTESIAN_POINT('',(-0.5,0.34,0.77));
#2637 = VECTOR('',#2638,1.);
#2638 = DIRECTION('',(1.,0.,0.));
#2639 = ORIENTED_EDGE('',*,*,#2640,.F.);
#2640 = EDGE_CURVE('',#2608,#2633,#2641,.T.);
#2641 = CIRCLE('',#2642,3.E-02);
#2642 = AXIS2_PLACEMENT_3D('',#2643,#2644,#2645);
#2643 = CARTESIAN_POINT('',(0.5,0.34,0.74));
#2644 = DIRECTION('',(1.,0.,-0.));
#2645 = DIRECTION('',(0.,0.,1.));
#2646 = ORIENTED_EDGE('',*,*,#2617,.F.);
#2647 = CYLINDRICAL_SURFACE('',#2648,3.E-02);
#2648 = AXIS2_PLACEMENT_3D('',#2649,#2650,#2651);
#2649 = CARTESIAN_POINT('',(-0.5,0.34,0.74));
#2650 = DIRECTION('',(1.,0.,0.));
#2651 = DIRECTION('',(-0.,1.,0.));
#2652 = ADVANCED_FACE('',(#2653),#2671,.T.);
#2653 = FACE_BOUND('',#2654,.T.);
#2654 = EDGE_LOOP('',(#2655,#2656,#2664,#2670));
#2655 = ORIENTED_EDGE('',*,*,#2478,.F.);
#2656 = ORIENTED_EDGE('',*,*,#2657,.T.);
#2657 = EDGE_CURVE('',#2470,#2658,#2660,.T.);
#2658 = VERTEX_POINT('',#2659);
#2659 = CARTESIAN_POINT('',(0.5,-0.34,0.77));
#2660 = LINE('',#2661,#2662);
#2661 = CARTESIAN_POINT('',(-0.5,-0.34,0.77));
#2662 = VECTOR('',#2663,1.);
#2663 = DIRECTION('',(1.,0.,0.));
#2664 = ORIENTED_EDGE('',*,*,#2665,.T.);
#2665 = EDGE_CURVE('',#2658,#2633,#2666,.T.);
#2666 = LINE('',#2667,#2668);
#2667 = CARTESIAN_POINT('',(0.5,-0.37,0.77));
#2668 = VECTOR('',#2669,1.);
#2669 = DIRECTION('',(0.,1.,0.));
#2670 = ORIENTED_EDGE('',*,*,#2632,.F.);
#2671 = PLANE('',#2672);
#2672 = AXIS2_PLACEMENT_3D('',#2673,#2674,#2675);
#2673 = CARTESIAN_POINT('',(-0.5,-0.37,0.77));
#2674 = DIRECTION('',(0.,0.,1.));
#2675 = DIRECTION('',(1.,0.,-0.));
#2676 = ADVANCED_FACE('',(#2677),#2696,.T.);
#2677 = FACE_BOUND('',#2678,.T.);
#2678 = EDGE_LOOP('',(#2679,#2687,#2694,#2695));
#2679 = ORIENTED_EDGE('',*,*,#2680,.T.);
#2680 = EDGE_CURVE('',#2462,#2681,#2683,.T.);
#2681 = VERTEX_POINT('',#2682);
#2682 = CARTESIAN_POINT('',(0.5,-0.37,0.74));
#2683 = LINE('',#2684,#2685);
#2684 = CARTESIAN_POINT('',(-0.5,-0.37,0.74));
#2685 = VECTOR('',#2686,1.);
#2686 = DIRECTION('',(1.,0.,0.));
#2687 = ORIENTED_EDGE('',*,*,#2688,.T.);
#2688 = EDGE_CURVE('',#2681,#2658,#2689,.T.);
#2689 = CIRCLE('',#2690,3.E-02);
#2690 = AXIS2_PLACEMENT_3D('',#2691,#2692,#2693);
#2691 = CARTESIAN_POINT('',(0.5,-0.34,0.74));
#2692 = DIRECTION('',(-1.,0.,0.));
#2693 = DIRECTION('',(0.,0.,1.));
#2694 = ORIENTED_EDGE('',*,*,#2657,.F.);
#2695 = ORIENTED_EDGE('',*,*,#2469,.F.);
#2696 = CYLINDRICAL_SURFACE('',#2697,3.E-02);
#2697 = AXIS2_PLACEMENT_3D('',#2698,#2699,#2700);
#2698 = CARTESIAN_POINT('',(-0.5,-0.34,0.74));
#2699 = DIRECTION('',(1.,0.,0.));
#2700 = DIRECTION('',(0.,-1.,0.));
#2701 = ADVANCED_FACE('',(#2702),#2713,.F.);
#2702 = FACE_BOUND('',#2703,.F.);
#2703 = EDGE_LOOP('',(#2704,#2710,#2711,#2712));
#2704 = ORIENTED_EDGE('',*,*,#2705,.F.);
#2705 = EDGE_CURVE('',#2536,#2681,#2706,.T.);
#2706 = LINE('',#2707,#2708);
#2707 = CARTESIAN_POINT('',(0.5,-0.37,3.E-02));
#2708 = VECTOR('',#2709,1.);
#2709 = DIRECTION('',(0.,0.,1.));
#2710 = ORIENTED_EDGE('',*,*,#2544,.F.);
#2711 = ORIENTED_EDGE('',*,*,#2461,.T.);
#2712 = ORIENTED_EDGE('',*,*,#2680,.T.);
#2713 = PLANE('',#2714);
#2714 = AXIS2_PLACEMENT_3D('',#2715,#2716,#2717);
#2715 = CARTESIAN_POINT('',(-0.5,-0.37,3.E-02));
#2716 = DIRECTION('',(0.,1.,0.));
#2717 = DIRECTION('',(0.,-0.,1.));
#2718 = ADVANCED_FACE('',(#2719,#2789),#2799,.F.);
#2719 = FACE_BOUND('',#2720,.F.);
#2720 = EDGE_LOOP('',(#2721,#2731,#2740,#2748,#2757,#2765,#2774,#2782));
#2721 = ORIENTED_EDGE('',*,*,#2722,.F.);
#2722 = EDGE_CURVE('',#2723,#2725,#2727,.T.);
#2723 = VERTEX_POINT('',#2724);
#2724 = CARTESIAN_POINT('',(0.5,-0.4,3.E-02));
#2725 = VERTEX_POINT('',#2726);
#2726 = CARTESIAN_POINT('',(0.5,-0.4,0.77));
#2727 = LINE('',#2728,#2729);
#2728 = CARTESIAN_POINT('',(0.5,-0.4,0.));
#2729 = VECTOR('',#2730,1.);
#2730 = DIRECTION('',(0.,0.,1.));
#2731 = ORIENTED_EDGE('',*,*,#2732,.T.);
#2732 = EDGE_CURVE('',#2723,#2733,#2735,.T.);
#2733 = VERTEX_POINT('',#2734);
#2734 = CARTESIAN_POINT('',(0.5,-0.37,0.));
#2735 = CIRCLE('',#2736,3.E-02);
#2736 = AXIS2_PLACEMENT_3D('',#2737,#2738,#2739);
#2737 = CARTESIAN_POINT('',(0.5,-0.37,3.E-02));
#2738 = DIRECTION('',(1.,0.,-0.));
#2739 = DIRECTION('',(0.,0.,1.));
#2740 = ORIENTED_EDGE('',*,*,#2741,.T.);
#2741 = EDGE_CURVE('',#2733,#2742,#2744,.T.);
#2742 = VERTEX_POINT('',#2743);
#2743 = CARTESIAN_POINT('',(0.5,0.37,0.));
#2744 = LINE('',#2745,#2746);
#2745 = CARTESIAN_POINT('',(0.5,-0.4,0.));
#2746 = VECTOR('',#2747,1.);
#2747 = DIRECTION('',(0.,1.,0.));
#2748 = ORIENTED_EDGE('',*,*,#2749,.F.);
#2749 = EDGE_CURVE('',#2750,#2742,#2752,.T.);
#2750 = VERTEX_POINT('',#2751);
#2751 = CARTESIAN_POINT('',(0.5,0.4,3.E-02));
#2752 = CIRCLE('',#2753,3.E-02);
#2753 = AXIS2_PLACEMENT_3D('',#2754,#2755,#2756);
#2754 = CARTESIAN_POINT('',(0.5,0.37,3.E-02));
#2755 = DIRECTION('',(-1.,0.,0.));
#2756 = DIRECTION('',(0.,0.,1.));
#2757 = ORIENTED_EDGE('',*,*,#2758,.T.);
#2758 = EDGE_CURVE('',#2750,#2759,#2761,.T.);
#2759 = VERTEX_POINT('',#2760);
#2760 = CARTESIAN_POINT('',(0.5,0.4,0.77));
#2761 = LINE('',#2762,#2763);
#2762 = CARTESIAN_POINT('',(0.5,0.4,0.));
#2763 = VECTOR('',#2764,1.);
#2764 = DIRECTION('',(0.,0.,1.));
#2765 = ORIENTED_EDGE('',*,*,#2766,.T.);
#2766 = EDGE_CURVE('',#2759,#2767,#2769,.T.);
#2767 = VERTEX_POINT('',#2768);
#2768 = CARTESIAN_POINT('',(0.5,0.37,0.8));
#2769 = CIRCLE('',#2770,3.E-02);
#2770 = AXIS2_PLACEMENT_3D('',#2771,#2772,#2773);
#2771 = CARTESIAN_POINT('',(0.5,0.37,0.77));
#2772 = DIRECTION('',(1.,0.,-0.));
#2773 = DIRECTION('',(0.,0.,1.));
#2774 = ORIENTED_EDGE('',*,*,#2775,.F.);
#2775 = EDGE_CURVE('',#2776,#2767,#2778,.T.);
#2776 = VERTEX_POINT('',#2777);
#2777 = CARTESIAN_POINT('',(0.5,-0.37,0.8));
#2778 = LINE('',#2779,#2780);
#2779 = CARTESIAN_POINT('',(0.5,-0.4,0.8));
#2780 = VECTOR('',#2781,1.);
#2781 = DIRECTION('',(0.,1.,0.));
#2782 = ORIENTED_EDGE('',*,*,#2783,.F.);
#2783 = EDGE_CURVE('',#2725,#2776,#2784,.T.);
#2784 = CIRCLE('',#2785,3.E-02);
#2785 = AXIS2_PLACEMENT_3D('',#2786,#2787,#2788);
#2786 = CARTESIAN_POINT('',(0.5,-0.37,0.77));
#2787 = DIRECTION('',(-1.,0.,0.));
#2788 = DIRECTION('',(0.,0.,1.));
#2789 = FACE_BOUND('',#2790,.F.);
#2790 = EDGE_LOOP('',(#2791,#2792,#2793,#2794,#2795,#2796,#2797,#2798));
#2791 = ORIENTED_EDGE('',*,*,#2535,.F.);
#2792 = ORIENTED_EDGE('',*,*,#2705,.T.);
#2793 = ORIENTED_EDGE('',*,*,#2688,.T.);
#2794 = ORIENTED_EDGE('',*,*,#2665,.T.);
#2795 = ORIENTED_EDGE('',*,*,#2640,.F.);
#2796 = ORIENTED_EDGE('',*,*,#2607,.F.);
#2797 = ORIENTED_EDGE('',*,*,#2590,.T.);
#2798 = ORIENTED_EDGE('',*,*,#2560,.F.);
#2799 = PLANE('',#2800);
#2800 = AXIS2_PLACEMENT_3D('',#2801,#2802,#2803);
#2801 = CARTESIAN_POINT('',(0.5,-0.4,0.));
#2802 = DIRECTION('',(1.,0.,0.));
#2803 = DIRECTION('',(0.,0.,1.));
#2804 = ADVANCED_FACE('',(#2805),#2830,.F.);
#2805 = FACE_BOUND('',#2806,.F.);
#2806 = EDGE_LOOP('',(#2807,#2817,#2823,#2824));
#2807 = ORIENTED_EDGE('',*,*,#2808,.F.);
#2808 = EDGE_CURVE('',#2809,#2811,#2813,.T.);
#2809 = VERTEX_POINT('',#2810);
#2810 = CARTESIAN_POINT('',(0.8,-0.4,3.E-02));
#2811 = VERTEX_POINT('',#2812);
#2812 = CARTESIAN_POINT('',(0.8,-0.4,0.77));
#2813 = LINE('',#2814,#2815);
#2814 = CARTESIAN_POINT('',(0.8,-0.4,0.));
#2815 = VECTOR('',#2816,1.);
#2816 = DIRECTION('',(0.,0.,1.));
#2817 = ORIENTED_EDGE('',*,*,#2818,.F.);
#2818 = EDGE_CURVE('',#2723,#2809,#2819,.T.);
#2819 = LINE('',#2820,#2821);
#2820 = CARTESIAN_POINT('',(0.5,-0.4,3.E-02));
#2821 = VECTOR('',#2822,1.);
#2822 = DIRECTION('',(1.,0.,0.));
#2823 = ORIENTED_EDGE('',*,*,#2722,.T.);
#2824 = ORIENTED_EDGE('',*,*,#2825,.T.);
#2825 = EDGE_CURVE('',#2725,#2811,#2826,.T.);
#2826 = LINE('',#2827,#2828);
#2827 = CARTESIAN_POINT('',(0.5,-0.4,0.77));
#2828 = VECTOR('',#2829,1.);
#2829 = DIRECTION('',(1.,0.,0.));
#2830 = PLANE('',#2831);
#2831 = AXIS2_PLACEMENT_3D('',#2832,#2833,#2834);
#2832 = CARTESIAN_POINT('',(0.5,-0.4,0.));
#2833 = DIRECTION('',(0.,1.,0.));
#2834 = DIRECTION('',(0.,-0.,1.));
#2835 = ADVANCED_FACE('',(#2836),#2855,.T.);
#2836 = FACE_BOUND('',#2837,.T.);
#2837 = EDGE_LOOP('',(#2838,#2839,#2847,#2854));
#2838 = ORIENTED_EDGE('',*,*,#2732,.T.);
#2839 = ORIENTED_EDGE('',*,*,#2840,.T.);
#2840 = EDGE_CURVE('',#2733,#2841,#2843,.T.);
#2841 = VERTEX_POINT('',#2842);
#2842 = CARTESIAN_POINT('',(0.8,-0.37,0.));
#2843 = LINE('',#2844,#2845);
#2844 = CARTESIAN_POINT('',(0.5,-0.37,0.));
#2845 = VECTOR('',#2846,1.);
#2846 = DIRECTION('',(1.,0.,0.));
#2847 = ORIENTED_EDGE('',*,*,#2848,.F.);
#2848 = EDGE_CURVE('',#2809,#2841,#2849,.T.);
#2849 = CIRCLE('',#2850,3.E-02);
#2850 = AXIS2_PLACEMENT_3D('',#2851,#2852,#2853);
#2851 = CARTESIAN_POINT('',(0.8,-0.37,3.E-02));
#2852 = DIRECTION('',(1.,0.,-0.));
#2853 = DIRECTION('',(0.,0.,1.));
#2854 = ORIENTED_EDGE('',*,*,#2818,.F.);
#2855 = CYLINDRICAL_SURFACE('',#2856,3.E-02);
#2856 = AXIS2_PLACEMENT_3D('',#2857,#2858,#2859);
#2857 = CARTESIAN_POINT('',(0.5,-0.37,3.E-02));
#2858 = DIRECTION('',(1.,0.,0.));
#2859 = DIRECTION('',(0.,-1.,0.));
#2860 = ADVANCED_FACE('',(#2861),#2880,.T.);
#2861 = FACE_BOUND('',#2862,.T.);
#2862 = EDGE_LOOP('',(#2863,#2864,#2873,#2879));
#2863 = ORIENTED_EDGE('',*,*,#2825,.T.);
#2864 = ORIENTED_EDGE('',*,*,#2865,.T.);
#2865 = EDGE_CURVE('',#2811,#2866,#2868,.T.);
#2866 = VERTEX_POINT('',#2867);
#2867 = CARTESIAN_POINT('',(0.8,-0.37,0.8));
#2868 = CIRCLE('',#2869,3.E-02);
#2869 = AXIS2_PLACEMENT_3D('',#2870,#2871,#2872);
#2870 = CARTESIAN_POINT('',(0.8,-0.37,0.77));
#2871 = DIRECTION('',(-1.,0.,0.));
#2872 = DIRECTION('',(0.,0.,1.));
#2873 = ORIENTED_EDGE('',*,*,#2874,.F.);
#2874 = EDGE_CURVE('',#2776,#2866,#2875,.T.);
#2875 = LINE('',#2876,#2877);
#2876 = CARTESIAN_POINT('',(0.5,-0.37,0.8));
#2877 = VECTOR('',#2878,1.);
#2878 = DIRECTION('',(1.,0.,0.));
#2879 = ORIENTED_EDGE('',*,*,#2783,.F.);
#2880 = CYLINDRICAL_SURFACE('',#2881,3.E-02);
#2881 = AXIS2_PLACEMENT_3D('',#2882,#2883,#2884);
#2882 = CARTESIAN_POINT('',(0.5,-0.37,0.77));
#2883 = DIRECTION('',(1.,0.,0.));
#2884 = DIRECTION('',(0.,-1.,0.));
#2885 = ADVANCED_FACE('',(#2886),#2904,.F.);
#2886 = FACE_BOUND('',#2887,.F.);
#2887 = EDGE_LOOP('',(#2888,#2889,#2890,#2898));
#2888 = ORIENTED_EDGE('',*,*,#2741,.F.);
#2889 = ORIENTED_EDGE('',*,*,#2840,.T.);
#2890 = ORIENTED_EDGE('',*,*,#2891,.T.);
#2891 = EDGE_CURVE('',#2841,#2892,#2894,.T.);
#2892 = VERTEX_POINT('',#2893);
#2893 = CARTESIAN_POINT('',(0.8,0.37,0.));
#2894 = LINE('',#2895,#2896);
#2895 = CARTESIAN_POINT('',(0.8,-0.4,0.));
#2896 = VECTOR('',#2897,1.);
#2897 = DIRECTION('',(0.,1.,0.));
#2898 = ORIENTED_EDGE('',*,*,#2899,.F.);
#2899 = EDGE_CURVE('',#2742,#2892,#2900,.T.);
#2900 = LINE('',#2901,#2902);
#2901 = CARTESIAN_POINT('',(0.5,0.37,0.));
#2902 = VECTOR('',#2903,1.);
#2903 = DIRECTION('',(1.,0.,0.));
#2904 = PLANE('',#2905);
#2905 = AXIS2_PLACEMENT_3D('',#2906,#2907,#2908);
#2906 = CARTESIAN_POINT('',(0.5,-0.4,0.));
#2907 = DIRECTION('',(0.,0.,1.));
#2908 = DIRECTION('',(1.,0.,-0.));
#2909 = ADVANCED_FACE('',(#2910),#2928,.T.);
#2910 = FACE_BOUND('',#2911,.T.);
#2911 = EDGE_LOOP('',(#2912,#2913,#2914,#2922));
#2912 = ORIENTED_EDGE('',*,*,#2775,.F.);
#2913 = ORIENTED_EDGE('',*,*,#2874,.T.);
#2914 = ORIENTED_EDGE('',*,*,#2915,.T.);
#2915 = EDGE_CURVE('',#2866,#2916,#2918,.T.);
#2916 = VERTEX_POINT('',#2917);
#2917 = CARTESIAN_POINT('',(0.8,0.37,0.8));
#2918 = LINE('',#2919,#2920);
#2919 = CARTESIAN_POINT('',(0.8,-0.4,0.8));
#2920 = VECTOR('',#2921,1.);
#2921 = DIRECTION('',(0.,1.,0.));
#2922 = ORIENTED_EDGE('',*,*,#2923,.F.);
#2923 = EDGE_CURVE('',#2767,#2916,#2924,.T.);
#2924 = LINE('',#2925,#2926);
#2925 = CARTESIAN_POINT('',(0.5,0.37,0.8));
#2926 = VECTOR('',#2927,1.);
#2927 = DIRECTION('',(1.,0.,0.));
#2928 = PLANE('',#2929);
#2929 = AXIS2_PLACEMENT_3D('',#2930,#2931,#2932);
#2930 = CARTESIAN_POINT('',(0.5,-0.4,0.8));
#2931 = DIRECTION('',(0.,0.,1.));
#2932 = DIRECTION('',(1.,0.,-0.));
#2933 = ADVANCED_FACE('',(#2934),#2953,.T.);
#2934 = FACE_BOUND('',#2935,.T.);
#2935 = EDGE_LOOP('',(#2936,#2944,#2951,#2952));
#2936 = ORIENTED_EDGE('',*,*,#2937,.T.);
#2937 = EDGE_CURVE('',#2750,#2938,#2940,.T.);
#2938 = VERTEX_POINT('',#2939);
#2939 = CARTESIAN_POINT('',(0.8,0.4,3.E-02));
#2940 = LINE('',#2941,#2942);
#2941 = CARTESIAN_POINT('',(0.5,0.4,3.E-02));
#2942 = VECTOR('',#2943,1.);
#2943 = DIRECTION('',(1.,0.,0.));
#2944 = ORIENTED_EDGE('',*,*,#2945,.T.);
#2945 = EDGE_CURVE('',#2938,#2892,#2946,.T.);
#2946 = CIRCLE('',#2947,3.E-02);
#2947 = AXIS2_PLACEMENT_3D('',#2948,#2949,#2950);
#2948 = CARTESIAN_POINT('',(0.8,0.37,3.E-02));
#2949 = DIRECTION('',(-1.,0.,0.));
#2950 = DIRECTION('',(0.,0.,1.));
#2951 = ORIENTED_EDGE('',*,*,#2899,.F.);
#2952 = ORIENTED_EDGE('',*,*,#2749,.F.);
#2953 = CYLINDRICAL_SURFACE('',#2954,3.E-02);
#2954 = AXIS2_PLACEMENT_3D('',#2955,#2956,#2957);
#2955 = CARTESIAN_POINT('',(0.5,0.37,3.E-02));
#2956 = DIRECTION('',(1.,0.,0.));
#2957 = DIRECTION('',(-0.,1.,0.));
#2958 = ADVANCED_FACE('',(#2959),#2978,.T.);
#2959 = FACE_BOUND('',#2960,.T.);
#2960 = EDGE_LOOP('',(#2961,#2962,#2963,#2972));
#2961 = ORIENTED_EDGE('',*,*,#2766,.T.);
#2962 = ORIENTED_EDGE('',*,*,#2923,.T.);
#2963 = ORIENTED_EDGE('',*,*,#2964,.F.);
#2964 = EDGE_CURVE('',#2965,#2916,#2967,.T.);
#2965 = VERTEX_POINT('',#2966);
#2966 = CARTESIAN_POINT('',(0.8,0.4,0.77));
#2967 = CIRCLE('',#2968,3.E-02);
#2968 = AXIS2_PLACEMENT_3D('',#2969,#2970,#2971);
#2969 = CARTESIAN_POINT('',(0.8,0.37,0.77));
#2970 = DIRECTION('',(1.,0.,-0.));
#2971 = DIRECTION('',(0.,0.,1.));
#2972 = ORIENTED_EDGE('',*,*,#2973,.F.);
#2973 = EDGE_CURVE('',#2759,#2965,#2974,.T.);
#2974 = LINE('',#2975,#2976);
#2975 = CARTESIAN_POINT('',(0.5,0.4,0.77));
#2976 = VECTOR('',#2977,1.);
#2977 = DIRECTION('',(1.,0.,0.));
#2978 = CYLINDRICAL_SURFACE('',#2979,3.E-02);
#2979 = AXIS2_PLACEMENT_3D('',#2980,#2981,#2982);
#2980 = CARTESIAN_POINT('',(0.5,0.37,0.77));
#2981 = DIRECTION('',(1.,0.,0.));
#2982 = DIRECTION('',(-0.,1.,0.));
#2983 = ADVANCED_FACE('',(#2984),#2995,.T.);
#2984 = FACE_BOUND('',#2985,.T.);
#2985 = EDGE_LOOP('',(#2986,#2992,#2993,#2994));
#2986 = ORIENTED_EDGE('',*,*,#2987,.F.);
#2987 = EDGE_CURVE('',#2938,#2965,#2988,.T.);
#2988 = LINE('',#2989,#2990);
#2989 = CARTESIAN_POINT('',(0.8,0.4,0.));
#2990 = VECTOR('',#2991,1.);
#2991 = DIRECTION('',(0.,0.,1.));
#2992 = ORIENTED_EDGE('',*,*,#2937,.F.);
#2993 = ORIENTED_EDGE('',*,*,#2758,.T.);
#2994 = ORIENTED_EDGE('',*,*,#2973,.T.);
#2995 = PLANE('',#2996);
#2996 = AXIS2_PLACEMENT_3D('',#2997,#2998,#2999);
#2997 = CARTESIAN_POINT('',(0.5,0.4,0.));
#2998 = DIRECTION('',(0.,1.,0.));
#2999 = DIRECTION('',(0.,-0.,1.));
#3000 = ADVANCED_FACE('',(#3001),#3011,.T.);
#3001 = FACE_BOUND('',#3002,.T.);
#3002 = EDGE_LOOP('',(#3003,#3004,#3005,#3006,#3007,#3008,#3009,#3010));
#3003 = ORIENTED_EDGE('',*,*,#2808,.F.);
#3004 = ORIENTED_EDGE('',*,*,#2848,.T.);
#3005 = ORIENTED_EDGE('',*,*,#2891,.T.);
#3006 = ORIENTED_EDGE('',*,*,#2945,.F.);
#3007 = ORIENTED_EDGE('',*,*,#2987,.T.);
#3008 = ORIENTED_EDGE('',*,*,#2964,.T.);
#3009 = ORIENTED_EDGE('',*,*,#2915,.F.);
#3010 = ORIENTED_EDGE('',*,*,#2865,.F.);
#3011 = PLANE('',#3012);
#3012 = AXIS2_PLACEMENT_3D('',#3013,#3014,#3015);
#3013 = CARTESIAN_POINT('',(0.8,-0.4,0.));
#3014 = DIRECTION('',(1.,0.,0.));
#3015 = DIRECTION('',(0.,0.,1.));
#3016 = ( GEOMETRIC_REPRESENTATION_CONTEXT(3) 
GLOBAL_UNCERTAINTY_ASSIGNED_CONTEXT((#3020)) 
GLOBAL_UNIT_ASSIGNED_CONTEXT((#3017,#3018,#3019)) REPRESENTATION_CONTEXT
('Context #1','3D Context with UNIT and UNCERTAINTY') );
#3017 = ( LENGTH_UNIT() NAMED_UNIT(*) SI_UNIT(.MILLI.,.METRE.) );
#3018 = ( NAMED_UNIT(*) PLANE_ANGLE_UNIT() SI_UNIT($,.RADIAN.) );
#3019 = ( NAMED_UNIT(*) SI_UNIT($,.STERADIAN.) SOLID_ANGLE_UNIT() );
#3020 = UNCERTAINTY_MEASURE_WITH_UNIT(LENGTH_MEASURE(1.E-07),#3017,
  'distance_accuracy_value','confusion accuracy');
#3021 = CONTEXT_DEPENDENT_SHAPE_REPRESENTATION(#3022,#3024);
#3022 = ( REPRESENTATION_RELATIONSHIP('','',#2161,#2138) 
REPRESENTATION_RELATIONSHIP_WITH_TRANSFORMATION(#3023) 
SHAPE_REPRESENTATION_RELATIONSHIP() );
#3023 = ITEM_DEFINED_TRANSFORMATION('','',#11,#2139);
#3024 = PRODUCT_DEFINITION_SHAPE('Placement','Placement of an item',
  #3025);
#3025 = NEXT_ASSEMBLY_USAGE_OCCURRENCE('7','=>[0:1:1:7]','',#2133,#2156,
  $);
#3026 = PRODUCT_RELATED_PRODUCT_CATEGORY('part',$,(#2158));
#3027 = CONTEXT_DEPENDENT_SHAPE_REPRESENTATION(#3028,#3030);
#3028 = ( REPRESENTATION_RELATIONSHIP('','',#400,#10) 
REPRESENTATION_RELATIONSHIP_WITH_TRANSFORMATION(#3029) 
SHAPE_REPRESENTATION_RELATIONSHIP() );
#3029 = ITEM_DEFINED_TRANSFORMATION('','',#11,#35);
#3030 = PRODUCT_DEFINITION_SHAPE('Placement','Placement of an item',
  #3031);
#3031 = NEXT_ASSEMBLY_USAGE_OCCURRENCE('9','R8','',#5,#395,$);
#3032 = CONTEXT_DEPENDENT_SHAPE_REPRESENTATION(#3033,#3035);
#3033 = ( REPRESENTATION_RELATIONSHIP('','',#1232,#10) 
REPRESENTATION_RELATIONSHIP_WITH_TRANSFORMATION(#3034) 
SHAPE_REPRESENTATION_RELATIONSHIP() );
#3034 = ITEM_DEFINED_TRANSFORMATION('','',#11,#39);
#3035 = PRODUCT_DEFINITION_SHAPE('Placement','Placement of an item',
  #3036);
#3036 = NEXT_ASSEMBLY_USAGE_OCCURRENCE('10','C39','',#5,#1227,$);
#3037 = CONTEXT_DEPENDENT_SHAPE_REPRESENTATION(#3038,#3040);
#3038 = ( REPRESENTATION_RELATIONSHIP('','',#1232,#10) 
REPRESENTATION_RELATIONSHIP_WITH_TRANSFORMATION(#3039) 
SHAPE_REPRESENTATION_RELATIONSHIP() );
#3039 = ITEM_DEFINED_TRANSFORMATION('','',#11,#43);
#3040 = PRODUCT_DEFINITION_SHAPE('Placement','Placement of an item',
  #3041);
#3041 = NEXT_ASSEMBLY_USAGE_OCCURRENCE('11','C2','',#5,#1227,$);
#3042 = CONTEXT_DEPENDENT_SHAPE_REPRESENTATION(#3043,#3045);
#3043 = ( REPRESENTATION_RELATIONSHIP('','',#400,#10) 
REPRESENTATION_RELATIONSHIP_WITH_TRANSFORMATION(#3044) 
SHAPE_REPRESENTATION_RELATIONSHIP() );
#3044 = ITEM_DEFINED_TRANSFORMATION('','',#11,#47);
#3045 = PRODUCT_DEFINITION_SHAPE('Placement','Placement of an item',
  #3046);
#3046 = NEXT_ASSEMBLY_USAGE_OCCURRENCE('12','R1','',#5,#395,$);
#3047 = SHAPE_DEFINITION_REPRESENTATION(#3048,#3054);
#3048 = PRODUCT_DEFINITION_SHAPE('','',#3049);
#3049 = PRODUCT_DEFINITION('design','',#3050,#3053);
#3050 = PRODUCT_DEFINITION_FORMATION('','',#3051);
#3051 = PRODUCT('L_0603_1608Metric','L_0603_1608Metric','',(#3052));
#3052 = PRODUCT_CONTEXT('',#2,'mechanical');
#3053 = PRODUCT_DEFINITION_CONTEXT('part definition',#2,'design');
#3054 = SHAPE_REPRESENTATION('',(#11,#3055),#3059);
#3055 = AXIS2_PLACEMENT_3D('',#3056,#3057,#3058);
#3056 = CARTESIAN_POINT('',(0.,0.,0.));
#3057 = DIRECTION('',(0.,0.,1.));
#3058 = DIRECTION('',(1.,0.,-0.));
#3059 = ( GEOMETRIC_REPRESENTATION_CONTEXT(3) 
GLOBAL_UNCERTAINTY_ASSIGNED_CONTEXT((#3063)) 
GLOBAL_UNIT_ASSIGNED_CONTEXT((#3060,#3061,#3062)) REPRESENTATION_CONTEXT
('Context #1','3D Context with UNIT and UNCERTAINTY') );
#3060 = ( LENGTH_UNIT() NAMED_UNIT(*) SI_UNIT(.MILLI.,.METRE.) );
#3061 = ( NAMED_UNIT(*) PLANE_ANGLE_UNIT() SI_UNIT($,.RADIAN.) );
#3062 = ( NAMED_UNIT(*) SI_UNIT($,.STERADIAN.) SOLID_ANGLE_UNIT() );
#3063 = UNCERTAINTY_MEASURE_WITH_UNIT(LENGTH_MEASURE(1.E-07),#3060,
  'distance_accuracy_value','confusion accuracy');
#3064 = CONTEXT_DEPENDENT_SHAPE_REPRESENTATION(#3065,#3067);
#3065 = ( REPRESENTATION_RELATIONSHIP('','',#3054,#10) 
REPRESENTATION_RELATIONSHIP_WITH_TRANSFORMATION(#3066) 
SHAPE_REPRESENTATION_RELATIONSHIP() );
#3066 = ITEM_DEFINED_TRANSFORMATION('','',#11,#51);
#3067 = PRODUCT_DEFINITION_SHAPE('Placement','Placement of an item',
  #3068);
#3068 = NEXT_ASSEMBLY_USAGE_OCCURRENCE('14','L5','',#5,#3049,$);
#3069 = PRODUCT_RELATED_PRODUCT_CATEGORY('part',$,(#3051));
#3070 = SHAPE_DEFINITION_REPRESENTATION(#3071,#3077);
#3071 = PRODUCT_DEFINITION_SHAPE('','',#3072);
#3072 = PRODUCT_DEFINITION('design','',#3073,#3076);
#3073 = PRODUCT_DEFINITION_FORMATION('','',#3074);
#3074 = PRODUCT('L_0603_1608Metric','L_0603_1608Metric','',(#3075));
#3075 = PRODUCT_CONTEXT('',#2,'mechanical');
#3076 = PRODUCT_DEFINITION_CONTEXT('part definition',#2,'design');
#3077 = ADVANCED_BREP_SHAPE_REPRESENTATION('',(#11,#3078),#3932);
#3078 = MANIFOLD_SOLID_BREP('',#3079);
#3079 = CLOSED_SHELL('',(#3080,#3156,#3187,#3212,#3237,#3261,#3285,#3310
    ,#3335,#3352,#3438,#3470,#3494,#3519,#3543,#3568,#3592,#3617,#3634,
    #3720,#3751,#3776,#3801,#3825,#3849,#3874,#3899,#3916));
#3080 = ADVANCED_FACE('',(#3081),#3151,.F.);
#3081 = FACE_BOUND('',#3082,.F.);
#3082 = EDGE_LOOP('',(#3083,#3093,#3102,#3110,#3119,#3127,#3136,#3144));
#3083 = ORIENTED_EDGE('',*,*,#3084,.F.);
#3084 = EDGE_CURVE('',#3085,#3087,#3089,.T.);
#3085 = VERTEX_POINT('',#3086);
#3086 = CARTESIAN_POINT('',(-0.8,-0.4,3.E-02));
#3087 = VERTEX_POINT('',#3088);
#3088 = CARTESIAN_POINT('',(-0.8,-0.4,0.77));
#3089 = LINE('',#3090,#3091);
#3090 = CARTESIAN_POINT('',(-0.8,-0.4,0.));
#3091 = VECTOR('',#3092,1.);
#3092 = DIRECTION('',(0.,0.,1.));
#3093 = ORIENTED_EDGE('',*,*,#3094,.T.);
#3094 = EDGE_CURVE('',#3085,#3095,#3097,.T.);
#3095 = VERTEX_POINT('',#3096);
#3096 = CARTESIAN_POINT('',(-0.8,-0.37,0.));
#3097 = CIRCLE('',#3098,3.E-02);
#3098 = AXIS2_PLACEMENT_3D('',#3099,#3100,#3101);
#3099 = CARTESIAN_POINT('',(-0.8,-0.37,3.E-02));
#3100 = DIRECTION('',(1.,0.,-0.));
#3101 = DIRECTION('',(0.,0.,1.));
#3102 = ORIENTED_EDGE('',*,*,#3103,.T.);
#3103 = EDGE_CURVE('',#3095,#3104,#3106,.T.);
#3104 = VERTEX_POINT('',#3105);
#3105 = CARTESIAN_POINT('',(-0.8,0.37,0.));
#3106 = LINE('',#3107,#3108);
#3107 = CARTESIAN_POINT('',(-0.8,-0.4,0.));
#3108 = VECTOR('',#3109,1.);
#3109 = DIRECTION('',(0.,1.,0.));
#3110 = ORIENTED_EDGE('',*,*,#3111,.F.);
#3111 = EDGE_CURVE('',#3112,#3104,#3114,.T.);
#3112 = VERTEX_POINT('',#3113);
#3113 = CARTESIAN_POINT('',(-0.8,0.4,3.E-02));
#3114 = CIRCLE('',#3115,3.E-02);
#3115 = AXIS2_PLACEMENT_3D('',#3116,#3117,#3118);
#3116 = CARTESIAN_POINT('',(-0.8,0.37,3.E-02));
#3117 = DIRECTION('',(-1.,0.,0.));
#3118 = DIRECTION('',(0.,0.,1.));
#3119 = ORIENTED_EDGE('',*,*,#3120,.T.);
#3120 = EDGE_CURVE('',#3112,#3121,#3123,.T.);
#3121 = VERTEX_POINT('',#3122);
#3122 = CARTESIAN_POINT('',(-0.8,0.4,0.77));
#3123 = LINE('',#3124,#3125);
#3124 = CARTESIAN_POINT('',(-0.8,0.4,0.));
#3125 = VECTOR('',#3126,1.);
#3126 = DIRECTION('',(0.,0.,1.));
#3127 = ORIENTED_EDGE('',*,*,#3128,.T.);
#3128 = EDGE_CURVE('',#3121,#3129,#3131,.T.);
#3129 = VERTEX_POINT('',#3130);
#3130 = CARTESIAN_POINT('',(-0.8,0.37,0.8));
#3131 = CIRCLE('',#3132,3.E-02);
#3132 = AXIS2_PLACEMENT_3D('',#3133,#3134,#3135);
#3133 = CARTESIAN_POINT('',(-0.8,0.37,0.77));
#3134 = DIRECTION('',(1.,0.,-0.));
#3135 = DIRECTION('',(0.,0.,1.));
#3136 = ORIENTED_EDGE('',*,*,#3137,.F.);
#3137 = EDGE_CURVE('',#3138,#3129,#3140,.T.);
#3138 = VERTEX_POINT('',#3139);
#3139 = CARTESIAN_POINT('',(-0.8,-0.37,0.8));
#3140 = LINE('',#3141,#3142);
#3141 = CARTESIAN_POINT('',(-0.8,-0.4,0.8));
#3142 = VECTOR('',#3143,1.);
#3143 = DIRECTION('',(0.,1.,0.));
#3144 = ORIENTED_EDGE('',*,*,#3145,.F.);
#3145 = EDGE_CURVE('',#3087,#3138,#3146,.T.);
#3146 = CIRCLE('',#3147,3.E-02);
#3147 = AXIS2_PLACEMENT_3D('',#3148,#3149,#3150);
#3148 = CARTESIAN_POINT('',(-0.8,-0.37,0.77));
#3149 = DIRECTION('',(-1.,0.,0.));
#3150 = DIRECTION('',(0.,0.,1.));
#3151 = PLANE('',#3152);
#3152 = AXIS2_PLACEMENT_3D('',#3153,#3154,#3155);
#3153 = CARTESIAN_POINT('',(-0.8,-0.4,0.));
#3154 = DIRECTION('',(1.,0.,0.));
#3155 = DIRECTION('',(0.,0.,1.));
#3156 = ADVANCED_FACE('',(#3157),#3182,.F.);
#3157 = FACE_BOUND('',#3158,.F.);
#3158 = EDGE_LOOP('',(#3159,#3169,#3175,#3176));
#3159 = ORIENTED_EDGE('',*,*,#3160,.F.);
#3160 = EDGE_CURVE('',#3161,#3163,#3165,.T.);
#3161 = VERTEX_POINT('',#3162);
#3162 = CARTESIAN_POINT('',(-0.5,-0.4,3.E-02));
#3163 = VERTEX_POINT('',#3164);
#3164 = CARTESIAN_POINT('',(-0.5,-0.4,0.77));
#3165 = LINE('',#3166,#3167);
#3166 = CARTESIAN_POINT('',(-0.5,-0.4,0.));
#3167 = VECTOR('',#3168,1.);
#3168 = DIRECTION('',(0.,0.,1.));
#3169 = ORIENTED_EDGE('',*,*,#3170,.F.);
#3170 = EDGE_CURVE('',#3085,#3161,#3171,.T.);
#3171 = LINE('',#3172,#3173);
#3172 = CARTESIAN_POINT('',(-0.8,-0.4,3.E-02));
#3173 = VECTOR('',#3174,1.);
#3174 = DIRECTION('',(1.,0.,0.));
#3175 = ORIENTED_EDGE('',*,*,#3084,.T.);
#3176 = ORIENTED_EDGE('',*,*,#3177,.T.);
#3177 = EDGE_CURVE('',#3087,#3163,#3178,.T.);
#3178 = LINE('',#3179,#3180);
#3179 = CARTESIAN_POINT('',(-0.8,-0.4,0.77));
#3180 = VECTOR('',#3181,1.);
#3181 = DIRECTION('',(1.,0.,0.));
#3182 = PLANE('',#3183);
#3183 = AXIS2_PLACEMENT_3D('',#3184,#3185,#3186);
#3184 = CARTESIAN_POINT('',(-0.8,-0.4,0.));
#3185 = DIRECTION('',(0.,1.,0.));
#3186 = DIRECTION('',(0.,-0.,1.));
#3187 = ADVANCED_FACE('',(#3188),#3207,.T.);
#3188 = FACE_BOUND('',#3189,.T.);
#3189 = EDGE_LOOP('',(#3190,#3191,#3199,#3206));
#3190 = ORIENTED_EDGE('',*,*,#3094,.T.);
#3191 = ORIENTED_EDGE('',*,*,#3192,.T.);
#3192 = EDGE_CURVE('',#3095,#3193,#3195,.T.);
#3193 = VERTEX_POINT('',#3194);
#3194 = CARTESIAN_POINT('',(-0.5,-0.37,0.));
#3195 = LINE('',#3196,#3197);
#3196 = CARTESIAN_POINT('',(-0.8,-0.37,0.));
#3197 = VECTOR('',#3198,1.);
#3198 = DIRECTION('',(1.,0.,0.));
#3199 = ORIENTED_EDGE('',*,*,#3200,.F.);
#3200 = EDGE_CURVE('',#3161,#3193,#3201,.T.);
#3201 = CIRCLE('',#3202,3.E-02);
#3202 = AXIS2_PLACEMENT_3D('',#3203,#3204,#3205);
#3203 = CARTESIAN_POINT('',(-0.5,-0.37,3.E-02));
#3204 = DIRECTION('',(1.,0.,-0.));
#3205 = DIRECTION('',(0.,0.,1.));
#3206 = ORIENTED_EDGE('',*,*,#3170,.F.);
#3207 = CYLINDRICAL_SURFACE('',#3208,3.E-02);
#3208 = AXIS2_PLACEMENT_3D('',#3209,#3210,#3211);
#3209 = CARTESIAN_POINT('',(-0.8,-0.37,3.E-02));
#3210 = DIRECTION('',(1.,0.,0.));
#3211 = DIRECTION('',(0.,-1.,0.));
#3212 = ADVANCED_FACE('',(#3213),#3232,.T.);
#3213 = FACE_BOUND('',#3214,.T.);
#3214 = EDGE_LOOP('',(#3215,#3216,#3225,#3231));
#3215 = ORIENTED_EDGE('',*,*,#3177,.T.);
#3216 = ORIENTED_EDGE('',*,*,#3217,.T.);
#3217 = EDGE_CURVE('',#3163,#3218,#3220,.T.);
#3218 = VERTEX_POINT('',#3219);
#3219 = CARTESIAN_POINT('',(-0.5,-0.37,0.8));
#3220 = CIRCLE('',#3221,3.E-02);
#3221 = AXIS2_PLACEMENT_3D('',#3222,#3223,#3224);
#3222 = CARTESIAN_POINT('',(-0.5,-0.37,0.77));
#3223 = DIRECTION('',(-1.,0.,0.));
#3224 = DIRECTION('',(0.,0.,1.));
#3225 = ORIENTED_EDGE('',*,*,#3226,.F.);
#3226 = EDGE_CURVE('',#3138,#3218,#3227,.T.);
#3227 = LINE('',#3228,#3229);
#3228 = CARTESIAN_POINT('',(-0.8,-0.37,0.8));
#3229 = VECTOR('',#3230,1.);
#3230 = DIRECTION('',(1.,0.,0.));
#3231 = ORIENTED_EDGE('',*,*,#3145,.F.);
#3232 = CYLINDRICAL_SURFACE('',#3233,3.E-02);
#3233 = AXIS2_PLACEMENT_3D('',#3234,#3235,#3236);
#3234 = CARTESIAN_POINT('',(-0.8,-0.37,0.77));
#3235 = DIRECTION('',(1.,0.,0.));
#3236 = DIRECTION('',(0.,-1.,0.));
#3237 = ADVANCED_FACE('',(#3238),#3256,.F.);
#3238 = FACE_BOUND('',#3239,.F.);
#3239 = EDGE_LOOP('',(#3240,#3241,#3242,#3250));
#3240 = ORIENTED_EDGE('',*,*,#3103,.F.);
#3241 = ORIENTED_EDGE('',*,*,#3192,.T.);
#3242 = ORIENTED_EDGE('',*,*,#3243,.T.);
#3243 = EDGE_CURVE('',#3193,#3244,#3246,.T.);
#3244 = VERTEX_POINT('',#3245);
#3245 = CARTESIAN_POINT('',(-0.5,0.37,0.));
#3246 = LINE('',#3247,#3248);
#3247 = CARTESIAN_POINT('',(-0.5,-0.4,0.));
#3248 = VECTOR('',#3249,1.);
#3249 = DIRECTION('',(0.,1.,0.));
#3250 = ORIENTED_EDGE('',*,*,#3251,.F.);
#3251 = EDGE_CURVE('',#3104,#3244,#3252,.T.);
#3252 = LINE('',#3253,#3254);
#3253 = CARTESIAN_POINT('',(-0.8,0.37,0.));
#3254 = VECTOR('',#3255,1.);
#3255 = DIRECTION('',(1.,0.,0.));
#3256 = PLANE('',#3257);
#3257 = AXIS2_PLACEMENT_3D('',#3258,#3259,#3260);
#3258 = CARTESIAN_POINT('',(-0.8,-0.4,0.));
#3259 = DIRECTION('',(0.,0.,1.));
#3260 = DIRECTION('',(1.,0.,-0.));
#3261 = ADVANCED_FACE('',(#3262),#3280,.T.);
#3262 = FACE_BOUND('',#3263,.T.);
#3263 = EDGE_LOOP('',(#3264,#3265,#3266,#3274));
#3264 = ORIENTED_EDGE('',*,*,#3137,.F.);
#3265 = ORIENTED_EDGE('',*,*,#3226,.T.);
#3266 = ORIENTED_EDGE('',*,*,#3267,.T.);
#3267 = EDGE_CURVE('',#3218,#3268,#3270,.T.);
#3268 = VERTEX_POINT('',#3269);
#3269 = CARTESIAN_POINT('',(-0.5,0.37,0.8));
#3270 = LINE('',#3271,#3272);
#3271 = CARTESIAN_POINT('',(-0.5,-0.4,0.8));
#3272 = VECTOR('',#3273,1.);
#3273 = DIRECTION('',(0.,1.,0.));
#3274 = ORIENTED_EDGE('',*,*,#3275,.F.);
#3275 = EDGE_CURVE('',#3129,#3268,#3276,.T.);
#3276 = LINE('',#3277,#3278);
#3277 = CARTESIAN_POINT('',(-0.8,0.37,0.8));
#3278 = VECTOR('',#3279,1.);
#3279 = DIRECTION('',(1.,0.,0.));
#3280 = PLANE('',#3281);
#3281 = AXIS2_PLACEMENT_3D('',#3282,#3283,#3284);
#3282 = CARTESIAN_POINT('',(-0.8,-0.4,0.8));
#3283 = DIRECTION('',(0.,0.,1.));
#3284 = DIRECTION('',(1.,0.,-0.));
#3285 = ADVANCED_FACE('',(#3286),#3305,.T.);
#3286 = FACE_BOUND('',#3287,.T.);
#3287 = EDGE_LOOP('',(#3288,#3296,#3303,#3304));
#3288 = ORIENTED_EDGE('',*,*,#3289,.T.);
#3289 = EDGE_CURVE('',#3112,#3290,#3292,.T.);
#3290 = VERTEX_POINT('',#3291);
#3291 = CARTESIAN_POINT('',(-0.5,0.4,3.E-02));
#3292 = LINE('',#3293,#3294);
#3293 = CARTESIAN_POINT('',(-0.8,0.4,3.E-02));
#3294 = VECTOR('',#3295,1.);
#3295 = DIRECTION('',(1.,0.,0.));
#3296 = ORIENTED_EDGE('',*,*,#3297,.T.);
#3297 = EDGE_CURVE('',#3290,#3244,#3298,.T.);
#3298 = CIRCLE('',#3299,3.E-02);
#3299 = AXIS2_PLACEMENT_3D('',#3300,#3301,#3302);
#3300 = CARTESIAN_POINT('',(-0.5,0.37,3.E-02));
#3301 = DIRECTION('',(-1.,0.,0.));
#3302 = DIRECTION('',(0.,0.,1.));
#3303 = ORIENTED_EDGE('',*,*,#3251,.F.);
#3304 = ORIENTED_EDGE('',*,*,#3111,.F.);
#3305 = CYLINDRICAL_SURFACE('',#3306,3.E-02);
#3306 = AXIS2_PLACEMENT_3D('',#3307,#3308,#3309);
#3307 = CARTESIAN_POINT('',(-0.8,0.37,3.E-02));
#3308 = DIRECTION('',(1.,0.,0.));
#3309 = DIRECTION('',(-0.,1.,0.));
#3310 = ADVANCED_FACE('',(#3311),#3330,.T.);
#3311 = FACE_BOUND('',#3312,.T.);
#3312 = EDGE_LOOP('',(#3313,#3314,#3315,#3324));
#3313 = ORIENTED_EDGE('',*,*,#3128,.T.);
#3314 = ORIENTED_EDGE('',*,*,#3275,.T.);
#3315 = ORIENTED_EDGE('',*,*,#3316,.F.);
#3316 = EDGE_CURVE('',#3317,#3268,#3319,.T.);
#3317 = VERTEX_POINT('',#3318);
#3318 = CARTESIAN_POINT('',(-0.5,0.4,0.77));
#3319 = CIRCLE('',#3320,3.E-02);
#3320 = AXIS2_PLACEMENT_3D('',#3321,#3322,#3323);
#3321 = CARTESIAN_POINT('',(-0.5,0.37,0.77));
#3322 = DIRECTION('',(1.,0.,-0.));
#3323 = DIRECTION('',(0.,0.,1.));
#3324 = ORIENTED_EDGE('',*,*,#3325,.F.);
#3325 = EDGE_CURVE('',#3121,#3317,#3326,.T.);
#3326 = LINE('',#3327,#3328);
#3327 = CARTESIAN_POINT('',(-0.8,0.4,0.77));
#3328 = VECTOR('',#3329,1.);
#3329 = DIRECTION('',(1.,0.,0.));
#3330 = CYLINDRICAL_SURFACE('',#3331,3.E-02);
#3331 = AXIS2_PLACEMENT_3D('',#3332,#3333,#3334);
#3332 = CARTESIAN_POINT('',(-0.8,0.37,0.77));
#3333 = DIRECTION('',(1.,0.,0.));
#3334 = DIRECTION('',(-0.,1.,0.));
#3335 = ADVANCED_FACE('',(#3336),#3347,.T.);
#3336 = FACE_BOUND('',#3337,.T.);
#3337 = EDGE_LOOP('',(#3338,#3344,#3345,#3346));
#3338 = ORIENTED_EDGE('',*,*,#3339,.F.);
#3339 = EDGE_CURVE('',#3290,#3317,#3340,.T.);
#3340 = LINE('',#3341,#3342);
#3341 = CARTESIAN_POINT('',(-0.5,0.4,0.));
#3342 = VECTOR('',#3343,1.);
#3343 = DIRECTION('',(0.,0.,1.));
#3344 = ORIENTED_EDGE('',*,*,#3289,.F.);
#3345 = ORIENTED_EDGE('',*,*,#3120,.T.);
#3346 = ORIENTED_EDGE('',*,*,#3325,.T.);
#3347 = PLANE('',#3348);
#3348 = AXIS2_PLACEMENT_3D('',#3349,#3350,#3351);
#3349 = CARTESIAN_POINT('',(-0.8,0.4,0.));
#3350 = DIRECTION('',(0.,1.,0.));
#3351 = DIRECTION('',(0.,-0.,1.));
#3352 = ADVANCED_FACE('',(#3353,#3363),#3433,.T.);
#3353 = FACE_BOUND('',#3354,.T.);
#3354 = EDGE_LOOP('',(#3355,#3356,#3357,#3358,#3359,#3360,#3361,#3362));
#3355 = ORIENTED_EDGE('',*,*,#3160,.F.);
#3356 = ORIENTED_EDGE('',*,*,#3200,.T.);
#3357 = ORIENTED_EDGE('',*,*,#3243,.T.);
#3358 = ORIENTED_EDGE('',*,*,#3297,.F.);
#3359 = ORIENTED_EDGE('',*,*,#3339,.T.);
#3360 = ORIENTED_EDGE('',*,*,#3316,.T.);
#3361 = ORIENTED_EDGE('',*,*,#3267,.F.);
#3362 = ORIENTED_EDGE('',*,*,#3217,.F.);
#3363 = FACE_BOUND('',#3364,.T.);
#3364 = EDGE_LOOP('',(#3365,#3376,#3384,#3393,#3401,#3410,#3418,#3427));
#3365 = ORIENTED_EDGE('',*,*,#3366,.F.);
#3366 = EDGE_CURVE('',#3367,#3369,#3371,.T.);
#3367 = VERTEX_POINT('',#3368);
#3368 = CARTESIAN_POINT('',(-0.5,-0.37,6.E-02));
#3369 = VERTEX_POINT('',#3370);
#3370 = CARTESIAN_POINT('',(-0.5,-0.34,3.E-02));
#3371 = CIRCLE('',#3372,3.E-02);
#3372 = AXIS2_PLACEMENT_3D('',#3373,#3374,#3375);
#3373 = CARTESIAN_POINT('',(-0.5,-0.34,6.E-02));
#3374 = DIRECTION('',(1.,0.,-0.));
#3375 = DIRECTION('',(0.,0.,1.));
#3376 = ORIENTED_EDGE('',*,*,#3377,.T.);
#3377 = EDGE_CURVE('',#3367,#3378,#3380,.T.);
#3378 = VERTEX_POINT('',#3379);
#3379 = CARTESIAN_POINT('',(-0.5,-0.37,0.74));
#3380 = LINE('',#3381,#3382);
#3381 = CARTESIAN_POINT('',(-0.5,-0.37,3.E-02));
#3382 = VECTOR('',#3383,1.);
#3383 = DIRECTION('',(0.,0.,1.));
#3384 = ORIENTED_EDGE('',*,*,#3385,.T.);
#3385 = EDGE_CURVE('',#3378,#3386,#3388,.T.);
#3386 = VERTEX_POINT('',#3387);
#3387 = CARTESIAN_POINT('',(-0.5,-0.34,0.77));
#3388 = CIRCLE('',#3389,3.E-02);
#3389 = AXIS2_PLACEMENT_3D('',#3390,#3391,#3392);
#3390 = CARTESIAN_POINT('',(-0.5,-0.34,0.74));
#3391 = DIRECTION('',(-1.,0.,0.));
#3392 = DIRECTION('',(0.,0.,1.));
#3393 = ORIENTED_EDGE('',*,*,#3394,.T.);
#3394 = EDGE_CURVE('',#3386,#3395,#3397,.T.);
#3395 = VERTEX_POINT('',#3396);
#3396 = CARTESIAN_POINT('',(-0.5,0.34,0.77));
#3397 = LINE('',#3398,#3399);
#3398 = CARTESIAN_POINT('',(-0.5,-0.37,0.77));
#3399 = VECTOR('',#3400,1.);
#3400 = DIRECTION('',(0.,1.,0.));
#3401 = ORIENTED_EDGE('',*,*,#3402,.F.);
#3402 = EDGE_CURVE('',#3403,#3395,#3405,.T.);
#3403 = VERTEX_POINT('',#3404);
#3404 = CARTESIAN_POINT('',(-0.5,0.37,0.74));
#3405 = CIRCLE('',#3406,3.E-02);
#3406 = AXIS2_PLACEMENT_3D('',#3407,#3408,#3409);
#3407 = CARTESIAN_POINT('',(-0.5,0.34,0.74));
#3408 = DIRECTION('',(1.,0.,-0.));
#3409 = DIRECTION('',(0.,0.,1.));
#3410 = ORIENTED_EDGE('',*,*,#3411,.F.);
#3411 = EDGE_CURVE('',#3412,#3403,#3414,.T.);
#3412 = VERTEX_POINT('',#3413);
#3413 = CARTESIAN_POINT('',(-0.5,0.37,6.E-02));
#3414 = LINE('',#3415,#3416);
#3415 = CARTESIAN_POINT('',(-0.5,0.37,3.E-02));
#3416 = VECTOR('',#3417,1.);
#3417 = DIRECTION('',(0.,0.,1.));
#3418 = ORIENTED_EDGE('',*,*,#3419,.T.);
#3419 = EDGE_CURVE('',#3412,#3420,#3422,.T.);
#3420 = VERTEX_POINT('',#3421);
#3421 = CARTESIAN_POINT('',(-0.5,0.34,3.E-02));
#3422 = CIRCLE('',#3423,3.E-02);
#3423 = AXIS2_PLACEMENT_3D('',#3424,#3425,#3426);
#3424 = CARTESIAN_POINT('',(-0.5,0.34,6.E-02));
#3425 = DIRECTION('',(-1.,0.,0.));
#3426 = DIRECTION('',(0.,0.,1.));
#3427 = ORIENTED_EDGE('',*,*,#3428,.F.);
#3428 = EDGE_CURVE('',#3369,#3420,#3429,.T.);
#3429 = LINE('',#3430,#3431);
#3430 = CARTESIAN_POINT('',(-0.5,-0.37,3.E-02));
#3431 = VECTOR('',#3432,1.);
#3432 = DIRECTION('',(0.,1.,0.));
#3433 = PLANE('',#3434);
#3434 = AXIS2_PLACEMENT_3D('',#3435,#3436,#3437);
#3435 = CARTESIAN_POINT('',(-0.5,-0.4,0.));
#3436 = DIRECTION('',(1.,0.,0.));
#3437 = DIRECTION('',(0.,0.,1.));
#3438 = ADVANCED_FACE('',(#3439),#3465,.T.);
#3439 = FACE_BOUND('',#3440,.T.);
#3440 = EDGE_LOOP('',(#3441,#3442,#3450,#3459));
#3441 = ORIENTED_EDGE('',*,*,#3366,.T.);
#3442 = ORIENTED_EDGE('',*,*,#3443,.T.);
#3443 = EDGE_CURVE('',#3369,#3444,#3446,.T.);
#3444 = VERTEX_POINT('',#3445);
#3445 = CARTESIAN_POINT('',(0.5,-0.34,3.E-02));
#3446 = LINE('',#3447,#3448);
#3447 = CARTESIAN_POINT('',(-0.5,-0.34,3.E-02));
#3448 = VECTOR('',#3449,1.);
#3449 = DIRECTION('',(1.,0.,0.));
#3450 = ORIENTED_EDGE('',*,*,#3451,.F.);
#3451 = EDGE_CURVE('',#3452,#3444,#3454,.T.);
#3452 = VERTEX_POINT('',#3453);
#3453 = CARTESIAN_POINT('',(0.5,-0.37,6.E-02));
#3454 = CIRCLE('',#3455,3.E-02);
#3455 = AXIS2_PLACEMENT_3D('',#3456,#3457,#3458);
#3456 = CARTESIAN_POINT('',(0.5,-0.34,6.E-02));
#3457 = DIRECTION('',(1.,0.,-0.));
#3458 = DIRECTION('',(0.,0.,1.));
#3459 = ORIENTED_EDGE('',*,*,#3460,.F.);
#3460 = EDGE_CURVE('',#3367,#3452,#3461,.T.);
#3461 = LINE('',#3462,#3463);
#3462 = CARTESIAN_POINT('',(-0.5,-0.37,6.E-02));
#3463 = VECTOR('',#3464,1.);
#3464 = DIRECTION('',(1.,0.,0.));
#3465 = CYLINDRICAL_SURFACE('',#3466,3.E-02);
#3466 = AXIS2_PLACEMENT_3D('',#3467,#3468,#3469);
#3467 = CARTESIAN_POINT('',(-0.5,-0.34,6.E-02));
#3468 = DIRECTION('',(1.,0.,0.));
#3469 = DIRECTION('',(0.,-1.,0.));
#3470 = ADVANCED_FACE('',(#3471),#3489,.F.);
#3471 = FACE_BOUND('',#3472,.F.);
#3472 = EDGE_LOOP('',(#3473,#3474,#3475,#3483));
#3473 = ORIENTED_EDGE('',*,*,#3428,.F.);
#3474 = ORIENTED_EDGE('',*,*,#3443,.T.);
#3475 = ORIENTED_EDGE('',*,*,#3476,.T.);
#3476 = EDGE_CURVE('',#3444,#3477,#3479,.T.);
#3477 = VERTEX_POINT('',#3478);
#3478 = CARTESIAN_POINT('',(0.5,0.34,3.E-02));
#3479 = LINE('',#3480,#3481);
#3480 = CARTESIAN_POINT('',(0.5,-0.37,3.E-02));
#3481 = VECTOR('',#3482,1.);
#3482 = DIRECTION('',(0.,1.,0.));
#3483 = ORIENTED_EDGE('',*,*,#3484,.F.);
#3484 = EDGE_CURVE('',#3420,#3477,#3485,.T.);
#3485 = LINE('',#3486,#3487);
#3486 = CARTESIAN_POINT('',(-0.5,0.34,3.E-02));
#3487 = VECTOR('',#3488,1.);
#3488 = DIRECTION('',(1.,0.,0.));
#3489 = PLANE('',#3490);
#3490 = AXIS2_PLACEMENT_3D('',#3491,#3492,#3493);
#3491 = CARTESIAN_POINT('',(-0.5,-0.37,3.E-02));
#3492 = DIRECTION('',(0.,0.,1.));
#3493 = DIRECTION('',(1.,0.,-0.));
#3494 = ADVANCED_FACE('',(#3495),#3514,.T.);
#3495 = FACE_BOUND('',#3496,.T.);
#3496 = EDGE_LOOP('',(#3497,#3505,#3512,#3513));
#3497 = ORIENTED_EDGE('',*,*,#3498,.T.);
#3498 = EDGE_CURVE('',#3412,#3499,#3501,.T.);
#3499 = VERTEX_POINT('',#3500);
#3500 = CARTESIAN_POINT('',(0.5,0.37,6.E-02));
#3501 = LINE('',#3502,#3503);
#3502 = CARTESIAN_POINT('',(-0.5,0.37,6.E-02));
#3503 = VECTOR('',#3504,1.);
#3504 = DIRECTION('',(1.,0.,0.));
#3505 = ORIENTED_EDGE('',*,*,#3506,.T.);
#3506 = EDGE_CURVE('',#3499,#3477,#3507,.T.);
#3507 = CIRCLE('',#3508,3.E-02);
#3508 = AXIS2_PLACEMENT_3D('',#3509,#3510,#3511);
#3509 = CARTESIAN_POINT('',(0.5,0.34,6.E-02));
#3510 = DIRECTION('',(-1.,0.,0.));
#3511 = DIRECTION('',(0.,0.,1.));
#3512 = ORIENTED_EDGE('',*,*,#3484,.F.);
#3513 = ORIENTED_EDGE('',*,*,#3419,.F.);
#3514 = CYLINDRICAL_SURFACE('',#3515,3.E-02);
#3515 = AXIS2_PLACEMENT_3D('',#3516,#3517,#3518);
#3516 = CARTESIAN_POINT('',(-0.5,0.34,6.E-02));
#3517 = DIRECTION('',(1.,0.,0.));
#3518 = DIRECTION('',(-0.,1.,0.));
#3519 = ADVANCED_FACE('',(#3520),#3538,.T.);
#3520 = FACE_BOUND('',#3521,.T.);
#3521 = EDGE_LOOP('',(#3522,#3530,#3531,#3532));
#3522 = ORIENTED_EDGE('',*,*,#3523,.F.);
#3523 = EDGE_CURVE('',#3499,#3524,#3526,.T.);
#3524 = VERTEX_POINT('',#3525);
#3525 = CARTESIAN_POINT('',(0.5,0.37,0.74));
#3526 = LINE('',#3527,#3528);
#3527 = CARTESIAN_POINT('',(0.5,0.37,3.E-02));
#3528 = VECTOR('',#3529,1.);
#3529 = DIRECTION('',(0.,0.,1.));
#3530 = ORIENTED_EDGE('',*,*,#3498,.F.);
#3531 = ORIENTED_EDGE('',*,*,#3411,.T.);
#3532 = ORIENTED_EDGE('',*,*,#3533,.T.);
#3533 = EDGE_CURVE('',#3403,#3524,#3534,.T.);
#3534 = LINE('',#3535,#3536);
#3535 = CARTESIAN_POINT('',(-0.5,0.37,0.74));
#3536 = VECTOR('',#3537,1.);
#3537 = DIRECTION('',(1.,0.,0.));
#3538 = PLANE('',#3539);
#3539 = AXIS2_PLACEMENT_3D('',#3540,#3541,#3542);
#3540 = CARTESIAN_POINT('',(-0.5,0.37,3.E-02));
#3541 = DIRECTION('',(0.,1.,0.));
#3542 = DIRECTION('',(0.,-0.,1.));
#3543 = ADVANCED_FACE('',(#3544),#3563,.T.);
#3544 = FACE_BOUND('',#3545,.T.);
#3545 = EDGE_LOOP('',(#3546,#3547,#3555,#3562));
#3546 = ORIENTED_EDGE('',*,*,#3402,.T.);
#3547 = ORIENTED_EDGE('',*,*,#3548,.T.);
#3548 = EDGE_CURVE('',#3395,#3549,#3551,.T.);
#3549 = VERTEX_POINT('',#3550);
#3550 = CARTESIAN_POINT('',(0.5,0.34,0.77));
#3551 = LINE('',#3552,#3553);
#3552 = CARTESIAN_POINT('',(-0.5,0.34,0.77));
#3553 = VECTOR('',#3554,1.);
#3554 = DIRECTION('',(1.,0.,0.));
#3555 = ORIENTED_EDGE('',*,*,#3556,.F.);
#3556 = EDGE_CURVE('',#3524,#3549,#3557,.T.);
#3557 = CIRCLE('',#3558,3.E-02);
#3558 = AXIS2_PLACEMENT_3D('',#3559,#3560,#3561);
#3559 = CARTESIAN_POINT('',(0.5,0.34,0.74));
#3560 = DIRECTION('',(1.,0.,-0.));
#3561 = DIRECTION('',(0.,0.,1.));
#3562 = ORIENTED_EDGE('',*,*,#3533,.F.);
#3563 = CYLINDRICAL_SURFACE('',#3564,3.E-02);
#3564 = AXIS2_PLACEMENT_3D('',#3565,#3566,#3567);
#3565 = CARTESIAN_POINT('',(-0.5,0.34,0.74));
#3566 = DIRECTION('',(1.,0.,0.));
#3567 = DIRECTION('',(-0.,1.,0.));
#3568 = ADVANCED_FACE('',(#3569),#3587,.T.);
#3569 = FACE_BOUND('',#3570,.T.);
#3570 = EDGE_LOOP('',(#3571,#3572,#3580,#3586));
#3571 = ORIENTED_EDGE('',*,*,#3394,.F.);
#3572 = ORIENTED_EDGE('',*,*,#3573,.T.);
#3573 = EDGE_CURVE('',#3386,#3574,#3576,.T.);
#3574 = VERTEX_POINT('',#3575);
#3575 = CARTESIAN_POINT('',(0.5,-0.34,0.77));
#3576 = LINE('',#3577,#3578);
#3577 = CARTESIAN_POINT('',(-0.5,-0.34,0.77));
#3578 = VECTOR('',#3579,1.);
#3579 = DIRECTION('',(1.,0.,0.));
#3580 = ORIENTED_EDGE('',*,*,#3581,.T.);
#3581 = EDGE_CURVE('',#3574,#3549,#3582,.T.);
#3582 = LINE('',#3583,#3584);
#3583 = CARTESIAN_POINT('',(0.5,-0.37,0.77));
#3584 = VECTOR('',#3585,1.);
#3585 = DIRECTION('',(0.,1.,0.));
#3586 = ORIENTED_EDGE('',*,*,#3548,.F.);
#3587 = PLANE('',#3588);
#3588 = AXIS2_PLACEMENT_3D('',#3589,#3590,#3591);
#3589 = CARTESIAN_POINT('',(-0.5,-0.37,0.77));
#3590 = DIRECTION('',(0.,0.,1.));
#3591 = DIRECTION('',(1.,0.,-0.));
#3592 = ADVANCED_FACE('',(#3593),#3612,.T.);
#3593 = FACE_BOUND('',#3594,.T.);
#3594 = EDGE_LOOP('',(#3595,#3603,#3610,#3611));
#3595 = ORIENTED_EDGE('',*,*,#3596,.T.);
#3596 = EDGE_CURVE('',#3378,#3597,#3599,.T.);
#3597 = VERTEX_POINT('',#3598);
#3598 = CARTESIAN_POINT('',(0.5,-0.37,0.74));
#3599 = LINE('',#3600,#3601);
#3600 = CARTESIAN_POINT('',(-0.5,-0.37,0.74));
#3601 = VECTOR('',#3602,1.);
#3602 = DIRECTION('',(1.,0.,0.));
#3603 = ORIENTED_EDGE('',*,*,#3604,.T.);
#3604 = EDGE_CURVE('',#3597,#3574,#3605,.T.);
#3605 = CIRCLE('',#3606,3.E-02);
#3606 = AXIS2_PLACEMENT_3D('',#3607,#3608,#3609);
#3607 = CARTESIAN_POINT('',(0.5,-0.34,0.74));
#3608 = DIRECTION('',(-1.,0.,0.));
#3609 = DIRECTION('',(0.,0.,1.));
#3610 = ORIENTED_EDGE('',*,*,#3573,.F.);
#3611 = ORIENTED_EDGE('',*,*,#3385,.F.);
#3612 = CYLINDRICAL_SURFACE('',#3613,3.E-02);
#3613 = AXIS2_PLACEMENT_3D('',#3614,#3615,#3616);
#3614 = CARTESIAN_POINT('',(-0.5,-0.34,0.74));
#3615 = DIRECTION('',(1.,0.,0.));
#3616 = DIRECTION('',(0.,-1.,0.));
#3617 = ADVANCED_FACE('',(#3618),#3629,.F.);
#3618 = FACE_BOUND('',#3619,.F.);
#3619 = EDGE_LOOP('',(#3620,#3626,#3627,#3628));
#3620 = ORIENTED_EDGE('',*,*,#3621,.F.);
#3621 = EDGE_CURVE('',#3452,#3597,#3622,.T.);
#3622 = LINE('',#3623,#3624);
#3623 = CARTESIAN_POINT('',(0.5,-0.37,3.E-02));
#3624 = VECTOR('',#3625,1.);
#3625 = DIRECTION('',(0.,0.,1.));
#3626 = ORIENTED_EDGE('',*,*,#3460,.F.);
#3627 = ORIENTED_EDGE('',*,*,#3377,.T.);
#3628 = ORIENTED_EDGE('',*,*,#3596,.T.);
#3629 = PLANE('',#3630);
#3630 = AXIS2_PLACEMENT_3D('',#3631,#3632,#3633);
#3631 = CARTESIAN_POINT('',(-0.5,-0.37,3.E-02));
#3632 = DIRECTION('',(0.,1.,0.));
#3633 = DIRECTION('',(0.,-0.,1.));
#3634 = ADVANCED_FACE('',(#3635,#3705),#3715,.F.);
#3635 = FACE_BOUND('',#3636,.F.);
#3636 = EDGE_LOOP('',(#3637,#3647,#3656,#3664,#3673,#3681,#3690,#3698));
#3637 = ORIENTED_EDGE('',*,*,#3638,.F.);
#3638 = EDGE_CURVE('',#3639,#3641,#3643,.T.);
#3639 = VERTEX_POINT('',#3640);
#3640 = CARTESIAN_POINT('',(0.5,-0.4,3.E-02));
#3641 = VERTEX_POINT('',#3642);
#3642 = CARTESIAN_POINT('',(0.5,-0.4,0.77));
#3643 = LINE('',#3644,#3645);
#3644 = CARTESIAN_POINT('',(0.5,-0.4,0.));
#3645 = VECTOR('',#3646,1.);
#3646 = DIRECTION('',(0.,0.,1.));
#3647 = ORIENTED_EDGE('',*,*,#3648,.T.);
#3648 = EDGE_CURVE('',#3639,#3649,#3651,.T.);
#3649 = VERTEX_POINT('',#3650);
#3650 = CARTESIAN_POINT('',(0.5,-0.37,0.));
#3651 = CIRCLE('',#3652,3.E-02);
#3652 = AXIS2_PLACEMENT_3D('',#3653,#3654,#3655);
#3653 = CARTESIAN_POINT('',(0.5,-0.37,3.E-02));
#3654 = DIRECTION('',(1.,0.,-0.));
#3655 = DIRECTION('',(0.,0.,1.));
#3656 = ORIENTED_EDGE('',*,*,#3657,.T.);
#3657 = EDGE_CURVE('',#3649,#3658,#3660,.T.);
#3658 = VERTEX_POINT('',#3659);
#3659 = CARTESIAN_POINT('',(0.5,0.37,0.));
#3660 = LINE('',#3661,#3662);
#3661 = CARTESIAN_POINT('',(0.5,-0.4,0.));
#3662 = VECTOR('',#3663,1.);
#3663 = DIRECTION('',(0.,1.,0.));
#3664 = ORIENTED_EDGE('',*,*,#3665,.F.);
#3665 = EDGE_CURVE('',#3666,#3658,#3668,.T.);
#3666 = VERTEX_POINT('',#3667);
#3667 = CARTESIAN_POINT('',(0.5,0.4,3.E-02));
#3668 = CIRCLE('',#3669,3.E-02);
#3669 = AXIS2_PLACEMENT_3D('',#3670,#3671,#3672);
#3670 = CARTESIAN_POINT('',(0.5,0.37,3.E-02));
#3671 = DIRECTION('',(-1.,0.,0.));
#3672 = DIRECTION('',(0.,0.,1.));
#3673 = ORIENTED_EDGE('',*,*,#3674,.T.);
#3674 = EDGE_CURVE('',#3666,#3675,#3677,.T.);
#3675 = VERTEX_POINT('',#3676);
#3676 = CARTESIAN_POINT('',(0.5,0.4,0.77));
#3677 = LINE('',#3678,#3679);
#3678 = CARTESIAN_POINT('',(0.5,0.4,0.));
#3679 = VECTOR('',#3680,1.);
#3680 = DIRECTION('',(0.,0.,1.));
#3681 = ORIENTED_EDGE('',*,*,#3682,.T.);
#3682 = EDGE_CURVE('',#3675,#3683,#3685,.T.);
#3683 = VERTEX_POINT('',#3684);
#3684 = CARTESIAN_POINT('',(0.5,0.37,0.8));
#3685 = CIRCLE('',#3686,3.E-02);
#3686 = AXIS2_PLACEMENT_3D('',#3687,#3688,#3689);
#3687 = CARTESIAN_POINT('',(0.5,0.37,0.77));
#3688 = DIRECTION('',(1.,0.,-0.));
#3689 = DIRECTION('',(0.,0.,1.));
#3690 = ORIENTED_EDGE('',*,*,#3691,.F.);
#3691 = EDGE_CURVE('',#3692,#3683,#3694,.T.);
#3692 = VERTEX_POINT('',#3693);
#3693 = CARTESIAN_POINT('',(0.5,-0.37,0.8));
#3694 = LINE('',#3695,#3696);
#3695 = CARTESIAN_POINT('',(0.5,-0.4,0.8));
#3696 = VECTOR('',#3697,1.);
#3697 = DIRECTION('',(0.,1.,0.));
#3698 = ORIENTED_EDGE('',*,*,#3699,.F.);
#3699 = EDGE_CURVE('',#3641,#3692,#3700,.T.);
#3700 = CIRCLE('',#3701,3.E-02);
#3701 = AXIS2_PLACEMENT_3D('',#3702,#3703,#3704);
#3702 = CARTESIAN_POINT('',(0.5,-0.37,0.77));
#3703 = DIRECTION('',(-1.,0.,0.));
#3704 = DIRECTION('',(0.,0.,1.));
#3705 = FACE_BOUND('',#3706,.F.);
#3706 = EDGE_LOOP('',(#3707,#3708,#3709,#3710,#3711,#3712,#3713,#3714));
#3707 = ORIENTED_EDGE('',*,*,#3451,.F.);
#3708 = ORIENTED_EDGE('',*,*,#3621,.T.);
#3709 = ORIENTED_EDGE('',*,*,#3604,.T.);
#3710 = ORIENTED_EDGE('',*,*,#3581,.T.);
#3711 = ORIENTED_EDGE('',*,*,#3556,.F.);
#3712 = ORIENTED_EDGE('',*,*,#3523,.F.);
#3713 = ORIENTED_EDGE('',*,*,#3506,.T.);
#3714 = ORIENTED_EDGE('',*,*,#3476,.F.);
#3715 = PLANE('',#3716);
#3716 = AXIS2_PLACEMENT_3D('',#3717,#3718,#3719);
#3717 = CARTESIAN_POINT('',(0.5,-0.4,0.));
#3718 = DIRECTION('',(1.,0.,0.));
#3719 = DIRECTION('',(0.,0.,1.));
#3720 = ADVANCED_FACE('',(#3721),#3746,.F.);
#3721 = FACE_BOUND('',#3722,.F.);
#3722 = EDGE_LOOP('',(#3723,#3733,#3739,#3740));
#3723 = ORIENTED_EDGE('',*,*,#3724,.F.);
#3724 = EDGE_CURVE('',#3725,#3727,#3729,.T.);
#3725 = VERTEX_POINT('',#3726);
#3726 = CARTESIAN_POINT('',(0.8,-0.4,3.E-02));
#3727 = VERTEX_POINT('',#3728);
#3728 = CARTESIAN_POINT('',(0.8,-0.4,0.77));
#3729 = LINE('',#3730,#3731);
#3730 = CARTESIAN_POINT('',(0.8,-0.4,0.));
#3731 = VECTOR('',#3732,1.);
#3732 = DIRECTION('',(0.,0.,1.));
#3733 = ORIENTED_EDGE('',*,*,#3734,.F.);
#3734 = EDGE_CURVE('',#3639,#3725,#3735,.T.);
#3735 = LINE('',#3736,#3737);
#3736 = CARTESIAN_POINT('',(0.5,-0.4,3.E-02));
#3737 = VECTOR('',#3738,1.);
#3738 = DIRECTION('',(1.,0.,0.));
#3739 = ORIENTED_EDGE('',*,*,#3638,.T.);
#3740 = ORIENTED_EDGE('',*,*,#3741,.T.);
#3741 = EDGE_CURVE('',#3641,#3727,#3742,.T.);
#3742 = LINE('',#3743,#3744);
#3743 = CARTESIAN_POINT('',(0.5,-0.4,0.77));
#3744 = VECTOR('',#3745,1.);
#3745 = DIRECTION('',(1.,0.,0.));
#3746 = PLANE('',#3747);
#3747 = AXIS2_PLACEMENT_3D('',#3748,#3749,#3750);
#3748 = CARTESIAN_POINT('',(0.5,-0.4,0.));
#3749 = DIRECTION('',(0.,1.,0.));
#3750 = DIRECTION('',(0.,-0.,1.));
#3751 = ADVANCED_FACE('',(#3752),#3771,.T.);
#3752 = FACE_BOUND('',#3753,.T.);
#3753 = EDGE_LOOP('',(#3754,#3755,#3763,#3770));
#3754 = ORIENTED_EDGE('',*,*,#3648,.T.);
#3755 = ORIENTED_EDGE('',*,*,#3756,.T.);
#3756 = EDGE_CURVE('',#3649,#3757,#3759,.T.);
#3757 = VERTEX_POINT('',#3758);
#3758 = CARTESIAN_POINT('',(0.8,-0.37,0.));
#3759 = LINE('',#3760,#3761);
#3760 = CARTESIAN_POINT('',(0.5,-0.37,0.));
#3761 = VECTOR('',#3762,1.);
#3762 = DIRECTION('',(1.,0.,0.));
#3763 = ORIENTED_EDGE('',*,*,#3764,.F.);
#3764 = EDGE_CURVE('',#3725,#3757,#3765,.T.);
#3765 = CIRCLE('',#3766,3.E-02);
#3766 = AXIS2_PLACEMENT_3D('',#3767,#3768,#3769);
#3767 = CARTESIAN_POINT('',(0.8,-0.37,3.E-02));
#3768 = DIRECTION('',(1.,0.,-0.));
#3769 = DIRECTION('',(0.,0.,1.));
#3770 = ORIENTED_EDGE('',*,*,#3734,.F.);
#3771 = CYLINDRICAL_SURFACE('',#3772,3.E-02);
#3772 = AXIS2_PLACEMENT_3D('',#3773,#3774,#3775);
#3773 = CARTESIAN_POINT('',(0.5,-0.37,3.E-02));
#3774 = DIRECTION('',(1.,0.,0.));
#3775 = DIRECTION('',(0.,-1.,0.));
#3776 = ADVANCED_FACE('',(#3777),#3796,.T.);
#3777 = FACE_BOUND('',#3778,.T.);
#3778 = EDGE_LOOP('',(#3779,#3780,#3789,#3795));
#3779 = ORIENTED_EDGE('',*,*,#3741,.T.);
#3780 = ORIENTED_EDGE('',*,*,#3781,.T.);
#3781 = EDGE_CURVE('',#3727,#3782,#3784,.T.);
#3782 = VERTEX_POINT('',#3783);
#3783 = CARTESIAN_POINT('',(0.8,-0.37,0.8));
#3784 = CIRCLE('',#3785,3.E-02);
#3785 = AXIS2_PLACEMENT_3D('',#3786,#3787,#3788);
#3786 = CARTESIAN_POINT('',(0.8,-0.37,0.77));
#3787 = DIRECTION('',(-1.,0.,0.));
#3788 = DIRECTION('',(0.,0.,1.));
#3789 = ORIENTED_EDGE('',*,*,#3790,.F.);
#3790 = EDGE_CURVE('',#3692,#3782,#3791,.T.);
#3791 = LINE('',#3792,#3793);
#3792 = CARTESIAN_POINT('',(0.5,-0.37,0.8));
#3793 = VECTOR('',#3794,1.);
#3794 = DIRECTION('',(1.,0.,0.));
#3795 = ORIENTED_EDGE('',*,*,#3699,.F.);
#3796 = CYLINDRICAL_SURFACE('',#3797,3.E-02);
#3797 = AXIS2_PLACEMENT_3D('',#3798,#3799,#3800);
#3798 = CARTESIAN_POINT('',(0.5,-0.37,0.77));
#3799 = DIRECTION('',(1.,0.,0.));
#3800 = DIRECTION('',(0.,-1.,0.));
#3801 = ADVANCED_FACE('',(#3802),#3820,.F.);
#3802 = FACE_BOUND('',#3803,.F.);
#3803 = EDGE_LOOP('',(#3804,#3805,#3806,#3814));
#3804 = ORIENTED_EDGE('',*,*,#3657,.F.);
#3805 = ORIENTED_EDGE('',*,*,#3756,.T.);
#3806 = ORIENTED_EDGE('',*,*,#3807,.T.);
#3807 = EDGE_CURVE('',#3757,#3808,#3810,.T.);
#3808 = VERTEX_POINT('',#3809);
#3809 = CARTESIAN_POINT('',(0.8,0.37,0.));
#3810 = LINE('',#3811,#3812);
#3811 = CARTESIAN_POINT('',(0.8,-0.4,0.));
#3812 = VECTOR('',#3813,1.);
#3813 = DIRECTION('',(0.,1.,0.));
#3814 = ORIENTED_EDGE('',*,*,#3815,.F.);
#3815 = EDGE_CURVE('',#3658,#3808,#3816,.T.);
#3816 = LINE('',#3817,#3818);
#3817 = CARTESIAN_POINT('',(0.5,0.37,0.));
#3818 = VECTOR('',#3819,1.);
#3819 = DIRECTION('',(1.,0.,0.));
#3820 = PLANE('',#3821);
#3821 = AXIS2_PLACEMENT_3D('',#3822,#3823,#3824);
#3822 = CARTESIAN_POINT('',(0.5,-0.4,0.));
#3823 = DIRECTION('',(0.,0.,1.));
#3824 = DIRECTION('',(1.,0.,-0.));
#3825 = ADVANCED_FACE('',(#3826),#3844,.T.);
#3826 = FACE_BOUND('',#3827,.T.);
#3827 = EDGE_LOOP('',(#3828,#3829,#3830,#3838));
#3828 = ORIENTED_EDGE('',*,*,#3691,.F.);
#3829 = ORIENTED_EDGE('',*,*,#3790,.T.);
#3830 = ORIENTED_EDGE('',*,*,#3831,.T.);
#3831 = EDGE_CURVE('',#3782,#3832,#3834,.T.);
#3832 = VERTEX_POINT('',#3833);
#3833 = CARTESIAN_POINT('',(0.8,0.37,0.8));
#3834 = LINE('',#3835,#3836);
#3835 = CARTESIAN_POINT('',(0.8,-0.4,0.8));
#3836 = VECTOR('',#3837,1.);
#3837 = DIRECTION('',(0.,1.,0.));
#3838 = ORIENTED_EDGE('',*,*,#3839,.F.);
#3839 = EDGE_CURVE('',#3683,#3832,#3840,.T.);
#3840 = LINE('',#3841,#3842);
#3841 = CARTESIAN_POINT('',(0.5,0.37,0.8));
#3842 = VECTOR('',#3843,1.);
#3843 = DIRECTION('',(1.,0.,0.));
#3844 = PLANE('',#3845);
#3845 = AXIS2_PLACEMENT_3D('',#3846,#3847,#3848);
#3846 = CARTESIAN_POINT('',(0.5,-0.4,0.8));
#3847 = DIRECTION('',(0.,0.,1.));
#3848 = DIRECTION('',(1.,0.,-0.));
#3849 = ADVANCED_FACE('',(#3850),#3869,.T.);
#3850 = FACE_BOUND('',#3851,.T.);
#3851 = EDGE_LOOP('',(#3852,#3860,#3867,#3868));
#3852 = ORIENTED_EDGE('',*,*,#3853,.T.);
#3853 = EDGE_CURVE('',#3666,#3854,#3856,.T.);
#3854 = VERTEX_POINT('',#3855);
#3855 = CARTESIAN_POINT('',(0.8,0.4,3.E-02));
#3856 = LINE('',#3857,#3858);
#3857 = CARTESIAN_POINT('',(0.5,0.4,3.E-02));
#3858 = VECTOR('',#3859,1.);
#3859 = DIRECTION('',(1.,0.,0.));
#3860 = ORIENTED_EDGE('',*,*,#3861,.T.);
#3861 = EDGE_CURVE('',#3854,#3808,#3862,.T.);
#3862 = CIRCLE('',#3863,3.E-02);
#3863 = AXIS2_PLACEMENT_3D('',#3864,#3865,#3866);
#3864 = CARTESIAN_POINT('',(0.8,0.37,3.E-02));
#3865 = DIRECTION('',(-1.,0.,0.));
#3866 = DIRECTION('',(0.,0.,1.));
#3867 = ORIENTED_EDGE('',*,*,#3815,.F.);
#3868 = ORIENTED_EDGE('',*,*,#3665,.F.);
#3869 = CYLINDRICAL_SURFACE('',#3870,3.E-02);
#3870 = AXIS2_PLACEMENT_3D('',#3871,#3872,#3873);
#3871 = CARTESIAN_POINT('',(0.5,0.37,3.E-02));
#3872 = DIRECTION('',(1.,0.,0.));
#3873 = DIRECTION('',(-0.,1.,0.));
#3874 = ADVANCED_FACE('',(#3875),#3894,.T.);
#3875 = FACE_BOUND('',#3876,.T.);
#3876 = EDGE_LOOP('',(#3877,#3878,#3879,#3888));
#3877 = ORIENTED_EDGE('',*,*,#3682,.T.);
#3878 = ORIENTED_EDGE('',*,*,#3839,.T.);
#3879 = ORIENTED_EDGE('',*,*,#3880,.F.);
#3880 = EDGE_CURVE('',#3881,#3832,#3883,.T.);
#3881 = VERTEX_POINT('',#3882);
#3882 = CARTESIAN_POINT('',(0.8,0.4,0.77));
#3883 = CIRCLE('',#3884,3.E-02);
#3884 = AXIS2_PLACEMENT_3D('',#3885,#3886,#3887);
#3885 = CARTESIAN_POINT('',(0.8,0.37,0.77));
#3886 = DIRECTION('',(1.,0.,-0.));
#3887 = DIRECTION('',(0.,0.,1.));
#3888 = ORIENTED_EDGE('',*,*,#3889,.F.);
#3889 = EDGE_CURVE('',#3675,#3881,#3890,.T.);
#3890 = LINE('',#3891,#3892);
#3891 = CARTESIAN_POINT('',(0.5,0.4,0.77));
#3892 = VECTOR('',#3893,1.);
#3893 = DIRECTION('',(1.,0.,0.));
#3894 = CYLINDRICAL_SURFACE('',#3895,3.E-02);
#3895 = AXIS2_PLACEMENT_3D('',#3896,#3897,#3898);
#3896 = CARTESIAN_POINT('',(0.5,0.37,0.77));
#3897 = DIRECTION('',(1.,0.,0.));
#3898 = DIRECTION('',(-0.,1.,0.));
#3899 = ADVANCED_FACE('',(#3900),#3911,.T.);
#3900 = FACE_BOUND('',#3901,.T.);
#3901 = EDGE_LOOP('',(#3902,#3908,#3909,#3910));
#3902 = ORIENTED_EDGE('',*,*,#3903,.F.);
#3903 = EDGE_CURVE('',#3854,#3881,#3904,.T.);
#3904 = LINE('',#3905,#3906);
#3905 = CARTESIAN_POINT('',(0.8,0.4,0.));
#3906 = VECTOR('',#3907,1.);
#3907 = DIRECTION('',(0.,0.,1.));
#3908 = ORIENTED_EDGE('',*,*,#3853,.F.);
#3909 = ORIENTED_EDGE('',*,*,#3674,.T.);
#3910 = ORIENTED_EDGE('',*,*,#3889,.T.);
#3911 = PLANE('',#3912);
#3912 = AXIS2_PLACEMENT_3D('',#3913,#3914,#3915);
#3913 = CARTESIAN_POINT('',(0.5,0.4,0.));
#3914 = DIRECTION('',(0.,1.,0.));
#3915 = DIRECTION('',(0.,-0.,1.));
#3916 = ADVANCED_FACE('',(#3917),#3927,.T.);
#3917 = FACE_BOUND('',#3918,.T.);
#3918 = EDGE_LOOP('',(#3919,#3920,#3921,#3922,#3923,#3924,#3925,#3926));
#3919 = ORIENTED_EDGE('',*,*,#3724,.F.);
#3920 = ORIENTED_EDGE('',*,*,#3764,.T.);
#3921 = ORIENTED_EDGE('',*,*,#3807,.T.);
#3922 = ORIENTED_EDGE('',*,*,#3861,.F.);
#3923 = ORIENTED_EDGE('',*,*,#3903,.T.);
#3924 = ORIENTED_EDGE('',*,*,#3880,.T.);
#3925 = ORIENTED_EDGE('',*,*,#3831,.F.);
#3926 = ORIENTED_EDGE('',*,*,#3781,.F.);
#3927 = PLANE('',#3928);
#3928 = AXIS2_PLACEMENT_3D('',#3929,#3930,#3931);
#3929 = CARTESIAN_POINT('',(0.8,-0.4,0.));
#3930 = DIRECTION('',(1.,0.,0.));
#3931 = DIRECTION('',(0.,0.,1.));
#3932 = ( GEOMETRIC_REPRESENTATION_CONTEXT(3) 
GLOBAL_UNCERTAINTY_ASSIGNED_CONTEXT((#3936)) 
GLOBAL_UNIT_ASSIGNED_CONTEXT((#3933,#3934,#3935)) REPRESENTATION_CONTEXT
('Context #1','3D Context with UNIT and UNCERTAINTY') );
#3933 = ( LENGTH_UNIT() NAMED_UNIT(*) SI_UNIT(.MILLI.,.METRE.) );
#3934 = ( NAMED_UNIT(*) PLANE_ANGLE_UNIT() SI_UNIT($,.RADIAN.) );
#3935 = ( NAMED_UNIT(*) SI_UNIT($,.STERADIAN.) SOLID_ANGLE_UNIT() );
#3936 = UNCERTAINTY_MEASURE_WITH_UNIT(LENGTH_MEASURE(1.E-07),#3933,
  'distance_accuracy_value','confusion accuracy');
#3937 = CONTEXT_DEPENDENT_SHAPE_REPRESENTATION(#3938,#3940);
#3938 = ( REPRESENTATION_RELATIONSHIP('','',#3077,#3054) 
REPRESENTATION_RELATIONSHIP_WITH_TRANSFORMATION(#3939) 
SHAPE_REPRESENTATION_RELATIONSHIP() );
#3939 = ITEM_DEFINED_TRANSFORMATION('','',#11,#3055);
#3940 = PRODUCT_DEFINITION_SHAPE('Placement','Placement of an item',
  #3941);
#3941 = NEXT_ASSEMBLY_USAGE_OCCURRENCE('13','=>[0:1:1:9]','',#3049,#3072
  ,$);
#3942 = PRODUCT_RELATED_PRODUCT_CATEGORY('part',$,(#3074));
#3943 = CONTEXT_DEPENDENT_SHAPE_REPRESENTATION(#3944,#3946);
#3944 = ( REPRESENTATION_RELATIONSHIP('','',#1232,#10) 
REPRESENTATION_RELATIONSHIP_WITH_TRANSFORMATION(#3945) 
SHAPE_REPRESENTATION_RELATIONSHIP() );
#3945 = ITEM_DEFINED_TRANSFORMATION('','',#11,#55);
#3946 = PRODUCT_DEFINITION_SHAPE('Placement','Placement of an item',
  #3947);
#3947 = NEXT_ASSEMBLY_USAGE_OCCURRENCE('15','C21','',#5,#1227,$);
#3948 = CONTEXT_DEPENDENT_SHAPE_REPRESENTATION(#3949,#3951);
#3949 = ( REPRESENTATION_RELATIONSHIP('','',#1232,#10) 
REPRESENTATION_RELATIONSHIP_WITH_TRANSFORMATION(#3950) 
SHAPE_REPRESENTATION_RELATIONSHIP() );
#3950 = ITEM_DEFINED_TRANSFORMATION('','',#11,#59);
#3951 = PRODUCT_DEFINITION_SHAPE('Placement','Placement of an item',
  #3952);
#3952 = NEXT_ASSEMBLY_USAGE_OCCURRENCE('16','C33','',#5,#1227,$);
#3953 = CONTEXT_DEPENDENT_SHAPE_REPRESENTATION(#3954,#3956);
#3954 = ( REPRESENTATION_RELATIONSHIP('','',#1232,#10) 
REPRESENTATION_RELATIONSHIP_WITH_TRANSFORMATION(#3955) 
SHAPE_REPRESENTATION_RELATIONSHIP() );
#3955 = ITEM_DEFINED_TRANSFORMATION('','',#11,#63);
#3956 = PRODUCT_DEFINITION_SHAPE('Placement','Placement of an item',
  #3957);
#3957 = NEXT_ASSEMBLY_USAGE_OCCURRENCE('17','C32','',#5,#1227,$);
#3958 = CONTEXT_DEPENDENT_SHAPE_REPRESENTATION(#3959,#3961);
#3959 = ( REPRESENTATION_RELATIONSHIP('','',#1232,#10) 
REPRESENTATION_RELATIONSHIP_WITH_TRANSFORMATION(#3960) 
SHAPE_REPRESENTATION_RELATIONSHIP() );
#3960 = ITEM_DEFINED_TRANSFORMATION('','',#11,#67);
#3961 = PRODUCT_DEFINITION_SHAPE('Placement','Placement of an item',
  #3962);
#3962 = NEXT_ASSEMBLY_USAGE_OCCURRENCE('18','C44','',#5,#1227,$);
#3963 = CONTEXT_DEPENDENT_SHAPE_REPRESENTATION(#3964,#3966);
#3964 = ( REPRESENTATION_RELATIONSHIP('','',#1232,#10) 
REPRESENTATION_RELATIONSHIP_WITH_TRANSFORMATION(#3965) 
SHAPE_REPRESENTATION_RELATIONSHIP() );
#3965 = ITEM_DEFINED_TRANSFORMATION('','',#11,#71);
#3966 = PRODUCT_DEFINITION_SHAPE('Placement','Placement of an item',
  #3967);
#3967 = NEXT_ASSEMBLY_USAGE_OCCURRENCE('19','C4','',#5,#1227,$);
#3968 = CONTEXT_DEPENDENT_SHAPE_REPRESENTATION(#3969,#3971);
#3969 = ( REPRESENTATION_RELATIONSHIP('','',#400,#10) 
REPRESENTATION_RELATIONSHIP_WITH_TRANSFORMATION(#3970) 
SHAPE_REPRESENTATION_RELATIONSHIP() );
#3970 = ITEM_DEFINED_TRANSFORMATION('','',#11,#75);
#3971 = PRODUCT_DEFINITION_SHAPE('Placement','Placement of an item',
  #3972);
#3972 = NEXT_ASSEMBLY_USAGE_OCCURRENCE('20','R5','',#5,#395,$);
#3973 = CONTEXT_DEPENDENT_SHAPE_REPRESENTATION(#3974,#3976);
#3974 = ( REPRESENTATION_RELATIONSHIP('','',#400,#10) 
REPRESENTATION_RELATIONSHIP_WITH_TRANSFORMATION(#3975) 
SHAPE_REPRESENTATION_RELATIONSHIP() );
#3975 = ITEM_DEFINED_TRANSFORMATION('','',#11,#79);
#3976 = PRODUCT_DEFINITION_SHAPE('Placement','Placement of an item',
  #3977);
#3977 = NEXT_ASSEMBLY_USAGE_OCCURRENCE('21','R6','',#5,#395,$);
#3978 = CONTEXT_DEPENDENT_SHAPE_REPRESENTATION(#3979,#3981);
#3979 = ( REPRESENTATION_RELATIONSHIP('','',#2138,#10) 
REPRESENTATION_RELATIONSHIP_WITH_TRANSFORMATION(#3980) 
SHAPE_REPRESENTATION_RELATIONSHIP() );
#3980 = ITEM_DEFINED_TRANSFORMATION('','',#11,#83);
#3981 = PRODUCT_DEFINITION_SHAPE('Placement','Placement of an item',
  #3982);
#3982 = NEXT_ASSEMBLY_USAGE_OCCURRENCE('22','C19','',#5,#2133,$);
#3983 = CONTEXT_DEPENDENT_SHAPE_REPRESENTATION(#3984,#3986);
#3984 = ( REPRESENTATION_RELATIONSHIP('','',#1232,#10) 
REPRESENTATION_RELATIONSHIP_WITH_TRANSFORMATION(#3985) 
SHAPE_REPRESENTATION_RELATIONSHIP() );
#3985 = ITEM_DEFINED_TRANSFORMATION('','',#11,#87);
#3986 = PRODUCT_DEFINITION_SHAPE('Placement','Placement of an item',
  #3987);
#3987 = NEXT_ASSEMBLY_USAGE_OCCURRENCE('23','C70','',#5,#1227,$);
#3988 = CONTEXT_DEPENDENT_SHAPE_REPRESENTATION(#3989,#3991);
#3989 = ( REPRESENTATION_RELATIONSHIP('','',#1232,#10) 
REPRESENTATION_RELATIONSHIP_WITH_TRANSFORMATION(#3990) 
SHAPE_REPRESENTATION_RELATIONSHIP() );
#3990 = ITEM_DEFINED_TRANSFORMATION('','',#11,#91);
#3991 = PRODUCT_DEFINITION_SHAPE('Placement','Placement of an item',
  #3992);
#3992 = NEXT_ASSEMBLY_USAGE_OCCURRENCE('24','C55','',#5,#1227,$);
#3993 = CONTEXT_DEPENDENT_SHAPE_REPRESENTATION(#3994,#3996);
#3994 = ( REPRESENTATION_RELATIONSHIP('','',#1232,#10) 
REPRESENTATION_RELATIONSHIP_WITH_TRANSFORMATION(#3995) 
SHAPE_REPRESENTATION_RELATIONSHIP() );
#3995 = ITEM_DEFINED_TRANSFORMATION('','',#11,#95);
#3996 = PRODUCT_DEFINITION_SHAPE('Placement','Placement of an item',
  #3997);
#3997 = NEXT_ASSEMBLY_USAGE_OCCURRENCE('25','L16','',#5,#1227,$);
#3998 = CONTEXT_DEPENDENT_SHAPE_REPRESENTATION(#3999,#4001);
#3999 = ( REPRESENTATION_RELATIONSHIP('','',#1232,#10) 
REPRESENTATION_RELATIONSHIP_WITH_TRANSFORMATION(#4000) 
SHAPE_REPRESENTATION_RELATIONSHIP() );
#4000 = ITEM_DEFINED_TRANSFORMATION('','',#11,#99);
#4001 = PRODUCT_DEFINITION_SHAPE('Placement','Placement of an item',
  #4002);
#4002 = NEXT_ASSEMBLY_USAGE_OCCURRENCE('26','C83','',#5,#1227,$);
#4003 = SHAPE_DEFINITION_REPRESENTATION(#4004,#4010);
#4004 = PRODUCT_DEFINITION_SHAPE('','',#4005);
#4005 = PRODUCT_DEFINITION('design','',#4006,#4009);
#4006 = PRODUCT_DEFINITION_FORMATION('','',#4007);
#4007 = PRODUCT('U.FL_Hirose_U.FL-R-SMT-1_Vertical',
  'U.FL_Hirose_U.FL-R-SMT-1_Vertical','',(#4008));
#4008 = PRODUCT_CONTEXT('',#2,'mechanical');
#4009 = PRODUCT_DEFINITION_CONTEXT('part definition',#2,'design');
#4010 = SHAPE_REPRESENTATION('',(#11,#4011),#4015);
#4011 = AXIS2_PLACEMENT_3D('',#4012,#4013,#4014);
#4012 = CARTESIAN_POINT('',(0.,0.,0.));
#4013 = DIRECTION('',(0.,0.,1.));
#4014 = DIRECTION('',(1.,0.,-0.));
#4015 = ( GEOMETRIC_REPRESENTATION_CONTEXT(3) 
GLOBAL_UNCERTAINTY_ASSIGNED_CONTEXT((#4019)) 
GLOBAL_UNIT_ASSIGNED_CONTEXT((#4016,#4017,#4018)) REPRESENTATION_CONTEXT
('Context #1','3D Context with UNIT and UNCERTAINTY') );
#4016 = ( LENGTH_UNIT() NAMED_UNIT(*) SI_UNIT(.MILLI.,.METRE.) );
#4017 = ( NAMED_UNIT(*) PLANE_ANGLE_UNIT() SI_UNIT($,.RADIAN.) );
#4018 = ( NAMED_UNIT(*) SI_UNIT($,.STERADIAN.) SOLID_ANGLE_UNIT() );
#4019 = UNCERTAINTY_MEASURE_WITH_UNIT(LENGTH_MEASURE(1.E-07),#4016,
  'distance_accuracy_value','confusion accuracy');
#4020 = CONTEXT_DEPENDENT_SHAPE_REPRESENTATION(#4021,#4023);
#4021 = ( REPRESENTATION_RELATIONSHIP('','',#4010,#10) 
REPRESENTATION_RELATIONSHIP_WITH_TRANSFORMATION(#4022) 
SHAPE_REPRESENTATION_RELATIONSHIP() );
#4022 = ITEM_DEFINED_TRANSFORMATION('','',#11,#103);
#4023 = PRODUCT_DEFINITION_SHAPE('Placement','Placement of an item',
  #4024);
#4024 = NEXT_ASSEMBLY_USAGE_OCCURRENCE('28','ANT1','',#5,#4005,$);
#4025 = PRODUCT_RELATED_PRODUCT_CATEGORY('part',$,(#4007));
#4026 = SHAPE_DEFINITION_REPRESENTATION(#4027,#4033);
#4027 = PRODUCT_DEFINITION_SHAPE('','',#4028);
#4028 = PRODUCT_DEFINITION('design','',#4029,#4032);
#4029 = PRODUCT_DEFINITION_FORMATION('','',#4030);
#4030 = PRODUCT('U.FL_Hirose_U.FL-R-SMT-1_Vertical',
  'U.FL_Hirose_U.FL-R-SMT-1_Vertical','',(#4031));
#4031 = PRODUCT_CONTEXT('',#2,'mechanical');
#4032 = PRODUCT_DEFINITION_CONTEXT('part definition',#2,'design');
#4033 = ADVANCED_BREP_SHAPE_REPRESENTATION('',(#11,#4034),#5396);
#4034 = MANIFOLD_SOLID_BREP('',#4035);
#4035 = CLOSED_SHELL('',(#4036,#4063,#4088,#4108,#4133,#4153,#4178,#4203
    ,#4228,#4253,#4278,#4321,#4421,#4454,#4517,#4542,#4567,#4623,#4679,
    #4704,#4729,#4769,#4793,#4817,#4834,#4929,#4960,#4984,#5008,#5039,
    #5063,#5087,#5118,#5142,#5166,#5178,#5201,#5259,#5278,#5297,#5314,
    #5326,#5338,#5350,#5370,#5386));
#4036 = ADVANCED_FACE('',(#4037),#4058,.T.);
#4037 = FACE_BOUND('',#4038,.T.);
#4038 = EDGE_LOOP('',(#4039,#4050,#4057));
#4039 = ORIENTED_EDGE('',*,*,#4040,.F.);
#4040 = EDGE_CURVE('',#4041,#4043,#4045,.T.);
#4041 = VERTEX_POINT('',#4042);
#4042 = CARTESIAN_POINT('',(0.2,2.6645352591E-16,1.05));
#4043 = VERTEX_POINT('',#4044);
#4044 = CARTESIAN_POINT('',(4.930380657631E-32,4.440892098501E-16,1.25)
  );
#4045 = CIRCLE('',#4046,0.2);
#4046 = AXIS2_PLACEMENT_3D('',#4047,#4048,#4049);
#4047 = CARTESIAN_POINT('',(0.,4.440892098501E-16,1.05));
#4048 = DIRECTION('',(-8.881784197001E-16,-1.,0.));
#4049 = DIRECTION('',(1.,-8.881784197001E-16,0.));
#4050 = ORIENTED_EDGE('',*,*,#4051,.T.);
#4051 = EDGE_CURVE('',#4041,#4041,#4052,.T.);
#4052 = CIRCLE('',#4053,0.2);
#4053 = AXIS2_PLACEMENT_3D('',#4054,#4055,#4056);
#4054 = CARTESIAN_POINT('',(0.,4.440892098501E-16,1.05));
#4055 = DIRECTION('',(-0.,0.,1.));
#4056 = DIRECTION('',(1.,-8.881784197001E-16,0.));
#4057 = ORIENTED_EDGE('',*,*,#4040,.T.);
#4058 = SPHERICAL_SURFACE('',#4059,0.2);
#4059 = AXIS2_PLACEMENT_3D('',#4060,#4061,#4062);
#4060 = CARTESIAN_POINT('',(0.,4.440892098501E-16,1.05));
#4061 = DIRECTION('',(0.,0.,1.));
#4062 = DIRECTION('',(1.,-8.881784197001E-16,0.));
#4063 = ADVANCED_FACE('',(#4064),#4083,.T.);
#4064 = FACE_BOUND('',#4065,.T.);
#4065 = EDGE_LOOP('',(#4066,#4075,#4081,#4082));
#4066 = ORIENTED_EDGE('',*,*,#4067,.T.);
#4067 = EDGE_CURVE('',#4068,#4068,#4070,.T.);
#4068 = VERTEX_POINT('',#4069);
#4069 = CARTESIAN_POINT('',(0.2,2.6645352591E-16,0.35));
#4070 = CIRCLE('',#4071,0.2);
#4071 = AXIS2_PLACEMENT_3D('',#4072,#4073,#4074);
#4072 = CARTESIAN_POINT('',(9.860761315263E-32,4.440892098501E-16,0.35)
  );
#4073 = DIRECTION('',(-0.,0.,1.));
#4074 = DIRECTION('',(1.,-8.881784197001E-16,0.));
#4075 = ORIENTED_EDGE('',*,*,#4076,.T.);
#4076 = EDGE_CURVE('',#4068,#4041,#4077,.T.);
#4077 = LINE('',#4078,#4079);
#4078 = CARTESIAN_POINT('',(0.2,2.1645352591E-16,0.));
#4079 = VECTOR('',#4080,1.);
#4080 = DIRECTION('',(0.,0.,1.));
#4081 = ORIENTED_EDGE('',*,*,#4051,.F.);
#4082 = ORIENTED_EDGE('',*,*,#4076,.F.);
#4083 = CYLINDRICAL_SURFACE('',#4084,0.2);
#4084 = AXIS2_PLACEMENT_3D('',#4085,#4086,#4087);
#4085 = CARTESIAN_POINT('',(0.,4.440892098501E-16,0.));
#4086 = DIRECTION('',(0.,0.,1.));
#4087 = DIRECTION('',(1.,-8.881784197001E-16,0.));
#4088 = ADVANCED_FACE('',(#4089,#4100),#4103,.T.);
#4089 = FACE_BOUND('',#4090,.T.);
#4090 = EDGE_LOOP('',(#4091));
#4091 = ORIENTED_EDGE('',*,*,#4092,.F.);
#4092 = EDGE_CURVE('',#4093,#4093,#4095,.T.);
#4093 = VERTEX_POINT('',#4094);
#4094 = CARTESIAN_POINT('',(7.993605777301E-16,0.9,0.35));
#4095 = CIRCLE('',#4096,0.9);
#4096 = AXIS2_PLACEMENT_3D('',#4097,#4098,#4099);
#4097 = CARTESIAN_POINT('',(-1.9E-16,5.840892098501E-16,0.35));
#4098 = DIRECTION('',(5.6E-16,-3.9E-16,-1.));
#4099 = DIRECTION('',(1.1081784197E-15,1.,-3.9E-16));
#4100 = FACE_BOUND('',#4101,.T.);
#4101 = EDGE_LOOP('',(#4102));
#4102 = ORIENTED_EDGE('',*,*,#4067,.F.);
#4103 = PLANE('',#4104);
#4104 = AXIS2_PLACEMENT_3D('',#4105,#4106,#4107);
#4105 = CARTESIAN_POINT('',(-1.3,-1.3,0.35));
#4106 = DIRECTION('',(0.,0.,1.));
#4107 = DIRECTION('',(1.,-8.881784197001E-16,0.));
#4108 = ADVANCED_FACE('',(#4109),#4128,.F.);
#4109 = FACE_BOUND('',#4110,.F.);
#4110 = EDGE_LOOP('',(#4111,#4120,#4126,#4127));
#4111 = ORIENTED_EDGE('',*,*,#4112,.T.);
#4112 = EDGE_CURVE('',#4113,#4113,#4115,.T.);
#4113 = VERTEX_POINT('',#4114);
#4114 = CARTESIAN_POINT('',(-2.006394222699E-16,0.9,1.25));
#4115 = CIRCLE('',#4116,0.9);
#4116 = AXIS2_PLACEMENT_3D('',#4117,#4118,#4119);
#4117 = CARTESIAN_POINT('',(-6.9E-16,9.340892098501E-16,1.25));
#4118 = DIRECTION('',(5.6E-16,-3.9E-16,-1.));
#4119 = DIRECTION('',(1.1081784197E-15,1.,-3.9E-16));
#4120 = ORIENTED_EDGE('',*,*,#4121,.F.);
#4121 = EDGE_CURVE('',#4093,#4113,#4122,.T.);
#4122 = LINE('',#4123,#4124);
#4123 = CARTESIAN_POINT('',(4.793605777301E-16,0.9,0.35));
#4124 = VECTOR('',#4125,1.);
#4125 = DIRECTION('',(-3.3E-16,-1.1E-16,1.));
#4126 = ORIENTED_EDGE('',*,*,#4092,.F.);
#4127 = ORIENTED_EDGE('',*,*,#4121,.T.);
#4128 = CYLINDRICAL_SURFACE('',#4129,0.9);
#4129 = AXIS2_PLACEMENT_3D('',#4130,#4131,#4132);
#4130 = CARTESIAN_POINT('',(-1.9E-16,5.840892098501E-16,0.35));
#4131 = DIRECTION('',(-5.6E-16,3.9E-16,1.));
#4132 = DIRECTION('',(1.1081784197E-15,1.,-3.9E-16));
#4133 = ADVANCED_FACE('',(#4134,#4137),#4148,.F.);
#4134 = FACE_BOUND('',#4135,.T.);
#4135 = EDGE_LOOP('',(#4136));
#4136 = ORIENTED_EDGE('',*,*,#4112,.T.);
#4137 = FACE_BOUND('',#4138,.T.);
#4138 = EDGE_LOOP('',(#4139));
#4139 = ORIENTED_EDGE('',*,*,#4140,.F.);
#4140 = EDGE_CURVE('',#4141,#4141,#4143,.T.);
#4141 = VERTEX_POINT('',#4142);
#4142 = CARTESIAN_POINT('',(-1.562305012849E-16,0.95,1.25));
#4143 = CIRCLE('',#4144,0.95);
#4144 = AXIS2_PLACEMENT_3D('',#4145,#4146,#4147);
#4145 = CARTESIAN_POINT('',(-6.9E-16,9.340892098501E-16,1.25));
#4146 = DIRECTION('',(5.6E-16,-3.9E-16,-1.));
#4147 = DIRECTION('',(1.1081784197E-15,1.,-3.9E-16));
#4148 = PLANE('',#4149);
#4149 = AXIS2_PLACEMENT_3D('',#4150,#4151,#4152);
#4150 = CARTESIAN_POINT('',(-6.9E-16,9.340892098501E-16,1.25));
#4151 = DIRECTION('',(5.6E-16,-3.9E-16,-1.));
#4152 = DIRECTION('',(1.1081784197E-15,1.,-3.9E-16));
#4153 = ADVANCED_FACE('',(#4154),#4173,.T.);
#4154 = FACE_BOUND('',#4155,.T.);
#4155 = EDGE_LOOP('',(#4156,#4157,#4165,#4172));
#4156 = ORIENTED_EDGE('',*,*,#4140,.T.);
#4157 = ORIENTED_EDGE('',*,*,#4158,.T.);
#4158 = EDGE_CURVE('',#4141,#4159,#4161,.T.);
#4159 = VERTEX_POINT('',#4160);
#4160 = CARTESIAN_POINT('',(-1.118215802999E-16,1.,1.2));
#4161 = LINE('',#4162,#4163);
#4162 = CARTESIAN_POINT('',(2.137694987151E-16,0.95,1.25));
#4163 = VECTOR('',#4164,1.);
#4164 = DIRECTION('',(7.08036983473E-16,0.707106781187,-0.707106781187)
  );
#4165 = ORIENTED_EDGE('',*,*,#4166,.F.);
#4166 = EDGE_CURVE('',#4159,#4159,#4167,.T.);
#4167 = CIRCLE('',#4168,1.);
#4168 = AXIS2_PLACEMENT_3D('',#4169,#4170,#4171);
#4169 = CARTESIAN_POINT('',(-6.7E-16,9.140892098501E-16,1.2));
#4170 = DIRECTION('',(5.6E-16,-3.9E-16,-1.));
#4171 = DIRECTION('',(1.1081784197E-15,1.,-3.9E-16));
#4172 = ORIENTED_EDGE('',*,*,#4158,.F.);
#4173 = CONICAL_SURFACE('',#4174,0.95,0.785398163397);
#4174 = AXIS2_PLACEMENT_3D('',#4175,#4176,#4177);
#4175 = CARTESIAN_POINT('',(-6.9E-16,9.340892098501E-16,1.25));
#4176 = DIRECTION('',(5.6E-16,-3.9E-16,-1.));
#4177 = DIRECTION('',(1.1081784197E-15,1.,-3.9E-16));
#4178 = ADVANCED_FACE('',(#4179),#4198,.T.);
#4179 = FACE_BOUND('',#4180,.T.);
#4180 = EDGE_LOOP('',(#4181,#4182,#4190,#4197));
#4181 = ORIENTED_EDGE('',*,*,#4166,.T.);
#4182 = ORIENTED_EDGE('',*,*,#4183,.T.);
#4183 = EDGE_CURVE('',#4159,#4184,#4186,.T.);
#4184 = VERTEX_POINT('',#4185);
#4185 = CARTESIAN_POINT('',(8.881784197001E-16,1.,0.729999999995));
#4186 = LINE('',#4187,#4188);
#4187 = CARTESIAN_POINT('',(2.681784197001E-16,1.,1.2));
#4188 = VECTOR('',#4189,1.);
#4189 = DIRECTION('',(3.3E-16,1.1E-16,-1.));
#4190 = ORIENTED_EDGE('',*,*,#4191,.F.);
#4191 = EDGE_CURVE('',#4184,#4184,#4192,.T.);
#4192 = CIRCLE('',#4193,1.);
#4193 = AXIS2_PLACEMENT_3D('',#4194,#4195,#4196);
#4194 = CARTESIAN_POINT('',(-4.1E-16,7.240892098501E-16,0.729999999995)
  );
#4195 = DIRECTION('',(5.6E-16,-3.9E-16,-1.));
#4196 = DIRECTION('',(1.1081784197E-15,1.,-3.9E-16));
#4197 = ORIENTED_EDGE('',*,*,#4183,.F.);
#4198 = CYLINDRICAL_SURFACE('',#4199,1.);
#4199 = AXIS2_PLACEMENT_3D('',#4200,#4201,#4202);
#4200 = CARTESIAN_POINT('',(-6.7E-16,9.140892098501E-16,1.2));
#4201 = DIRECTION('',(5.6E-16,-3.9E-16,-1.));
#4202 = DIRECTION('',(1.1081784197E-15,1.,-3.9E-16));
#4203 = ADVANCED_FACE('',(#4204),#4223,.T.);
#4204 = FACE_BOUND('',#4205,.T.);
#4205 = EDGE_LOOP('',(#4206,#4207,#4215,#4222));
#4206 = ORIENTED_EDGE('',*,*,#4191,.T.);
#4207 = ORIENTED_EDGE('',*,*,#4208,.T.);
#4208 = EDGE_CURVE('',#4184,#4209,#4211,.T.);
#4209 = VERTEX_POINT('',#4210);
#4210 = CARTESIAN_POINT('',(8.526512829121E-16,0.96,0.689999999998));
#4211 = LINE('',#4212,#4213);
#4212 = CARTESIAN_POINT('',(4.181784197001E-16,1.,0.729999999995));
#4213 = VECTOR('',#4214,1.);
#4214 = DIRECTION('',(-2.380369834918E-16,-0.707106781207,
    -0.707106781166));
#4215 = ORIENTED_EDGE('',*,*,#4216,.F.);
#4216 = EDGE_CURVE('',#4209,#4209,#4217,.T.);
#4217 = CIRCLE('',#4218,0.96);
#4218 = AXIS2_PLACEMENT_3D('',#4219,#4220,#4221);
#4219 = CARTESIAN_POINT('',(-3.8E-16,7.140892098501E-16,0.689999999998)
  );
#4220 = DIRECTION('',(5.6E-16,-3.9E-16,-1.));
#4221 = DIRECTION('',(1.1081784197E-15,1.,-3.9E-16));
#4222 = ORIENTED_EDGE('',*,*,#4208,.F.);
#4223 = CONICAL_SURFACE('',#4224,1.,0.785398163427);
#4224 = AXIS2_PLACEMENT_3D('',#4225,#4226,#4227);
#4225 = CARTESIAN_POINT('',(-4.1E-16,7.240892098501E-16,0.729999999995)
  );
#4226 = DIRECTION('',(-5.6E-16,3.9E-16,1.));
#4227 = DIRECTION('',(1.1081784197E-15,1.,-3.9E-16));
#4228 = ADVANCED_FACE('',(#4229),#4248,.T.);
#4229 = FACE_BOUND('',#4230,.T.);
#4230 = EDGE_LOOP('',(#4231,#4232,#4240,#4247));
#4231 = ORIENTED_EDGE('',*,*,#4216,.T.);
#4232 = ORIENTED_EDGE('',*,*,#4233,.T.);
#4233 = EDGE_CURVE('',#4209,#4234,#4236,.T.);
#4234 = VERTEX_POINT('',#4235);
#4235 = CARTESIAN_POINT('',(8.526512829121E-16,0.96,0.589999999998));
#4236 = LINE('',#4237,#4238);
#4237 = CARTESIAN_POINT('',(4.126512829121E-16,0.96,0.689999999998));
#4238 = VECTOR('',#4239,1.);
#4239 = DIRECTION('',(3.3E-16,1.1E-16,-1.));
#4240 = ORIENTED_EDGE('',*,*,#4241,.F.);
#4241 = EDGE_CURVE('',#4234,#4234,#4242,.T.);
#4242 = CIRCLE('',#4243,0.96);
#4243 = AXIS2_PLACEMENT_3D('',#4244,#4245,#4246);
#4244 = CARTESIAN_POINT('',(-3.3E-16,6.740892098501E-16,0.589999999998)
  );
#4245 = DIRECTION('',(5.6E-16,-3.9E-16,-1.));
#4246 = DIRECTION('',(1.1081784197E-15,1.,-3.9E-16));
#4247 = ORIENTED_EDGE('',*,*,#4233,.F.);
#4248 = CYLINDRICAL_SURFACE('',#4249,0.96);
#4249 = AXIS2_PLACEMENT_3D('',#4250,#4251,#4252);
#4250 = CARTESIAN_POINT('',(-3.8E-16,7.140892098501E-16,0.689999999998)
  );
#4251 = DIRECTION('',(5.6E-16,-3.9E-16,-1.));
#4252 = DIRECTION('',(1.1081784197E-15,1.,-3.9E-16));
#4253 = ADVANCED_FACE('',(#4254),#4273,.T.);
#4254 = FACE_BOUND('',#4255,.T.);
#4255 = EDGE_LOOP('',(#4256,#4257,#4265,#4272));
#4256 = ORIENTED_EDGE('',*,*,#4241,.T.);
#4257 = ORIENTED_EDGE('',*,*,#4258,.T.);
#4258 = EDGE_CURVE('',#4234,#4259,#4261,.T.);
#4259 = VERTEX_POINT('',#4260);
#4260 = CARTESIAN_POINT('',(8.881784197001E-16,1.,0.55));
#4261 = LINE('',#4262,#4263);
#4262 = CARTESIAN_POINT('',(4.426512829121E-16,0.96,0.589999999998));
#4263 = VECTOR('',#4264,1.);
#4264 = DIRECTION('',(7.080369834918E-16,0.707106781207,-0.707106781166)
  );
#4265 = ORIENTED_EDGE('',*,*,#4266,.F.);
#4266 = EDGE_CURVE('',#4259,#4259,#4267,.T.);
#4267 = CIRCLE('',#4268,1.);
#4268 = AXIS2_PLACEMENT_3D('',#4269,#4270,#4271);
#4269 = CARTESIAN_POINT('',(-3.1E-16,6.540892098501E-16,0.55));
#4270 = DIRECTION('',(5.6E-16,-3.9E-16,-1.));
#4271 = DIRECTION('',(1.1081784197E-15,1.,-3.9E-16));
#4272 = ORIENTED_EDGE('',*,*,#4258,.F.);
#4273 = CONICAL_SURFACE('',#4274,0.96,0.785398163427);
#4274 = AXIS2_PLACEMENT_3D('',#4275,#4276,#4277);
#4275 = CARTESIAN_POINT('',(-3.3E-16,6.740892098501E-16,0.589999999998)
  );
#4276 = DIRECTION('',(5.6E-16,-3.9E-16,-1.));
#4277 = DIRECTION('',(1.1081784197E-15,1.,-3.9E-16));
#4278 = ADVANCED_FACE('',(#4279),#4316,.T.);
#4279 = FACE_BOUND('',#4280,.T.);
#4280 = EDGE_LOOP('',(#4281,#4282,#4290,#4299,#4308,#4315));
#4281 = ORIENTED_EDGE('',*,*,#4266,.T.);
#4282 = ORIENTED_EDGE('',*,*,#4283,.T.);
#4283 = EDGE_CURVE('',#4259,#4284,#4286,.T.);
#4284 = VERTEX_POINT('',#4285);
#4285 = CARTESIAN_POINT('',(8.881784197001E-16,1.,0.35));
#4286 = LINE('',#4287,#4288);
#4287 = CARTESIAN_POINT('',(4.781784197001E-16,1.,0.55));
#4288 = VECTOR('',#4289,1.);
#4289 = DIRECTION('',(3.3E-16,1.1E-16,-1.));
#4290 = ORIENTED_EDGE('',*,*,#4291,.F.);
#4291 = EDGE_CURVE('',#4292,#4284,#4294,.T.);
#4292 = VERTEX_POINT('',#4293);
#4293 = CARTESIAN_POINT('',(0.953939201417,-0.3,0.35));
#4294 = CIRCLE('',#4295,1.);
#4295 = AXIS2_PLACEMENT_3D('',#4296,#4297,#4298);
#4296 = CARTESIAN_POINT('',(-1.9E-16,5.840892098501E-16,0.35));
#4297 = DIRECTION('',(5.6E-16,-3.9E-16,-1.));
#4298 = DIRECTION('',(1.1081784197E-15,1.,-3.9E-16));
#4299 = ORIENTED_EDGE('',*,*,#4300,.F.);
#4300 = EDGE_CURVE('',#4301,#4292,#4303,.T.);
#4301 = VERTEX_POINT('',#4302);
#4302 = CARTESIAN_POINT('',(0.953939201417,0.3,0.35));
#4303 = CIRCLE('',#4304,1.);
#4304 = AXIS2_PLACEMENT_3D('',#4305,#4306,#4307);
#4305 = CARTESIAN_POINT('',(-1.9E-16,5.840892098501E-16,0.35));
#4306 = DIRECTION('',(5.6E-16,-3.9E-16,-1.));
#4307 = DIRECTION('',(1.1081784197E-15,1.,-3.9E-16));
#4308 = ORIENTED_EDGE('',*,*,#4309,.F.);
#4309 = EDGE_CURVE('',#4284,#4301,#4310,.T.);
#4310 = CIRCLE('',#4311,1.);
#4311 = AXIS2_PLACEMENT_3D('',#4312,#4313,#4314);
#4312 = CARTESIAN_POINT('',(-1.9E-16,5.840892098501E-16,0.35));
#4313 = DIRECTION('',(5.6E-16,-3.9E-16,-1.));
#4314 = DIRECTION('',(1.1081784197E-15,1.,-3.9E-16));
#4315 = ORIENTED_EDGE('',*,*,#4283,.F.);
#4316 = CYLINDRICAL_SURFACE('',#4317,1.);
#4317 = AXIS2_PLACEMENT_3D('',#4318,#4319,#4320);
#4318 = CARTESIAN_POINT('',(-3.1E-16,6.540892098501E-16,0.55));
#4319 = DIRECTION('',(5.6E-16,-3.9E-16,-1.));
#4320 = DIRECTION('',(1.1081784197E-15,1.,-3.9E-16));
#4321 = ADVANCED_FACE('',(#4322),#4416,.T.);
#4322 = FACE_BOUND('',#4323,.T.);
#4323 = EDGE_LOOP('',(#4324,#4334,#4343,#4351,#4360,#4368,#4374,#4375,
    #4376,#4384,#4392,#4401,#4409));
#4324 = ORIENTED_EDGE('',*,*,#4325,.F.);
#4325 = EDGE_CURVE('',#4326,#4328,#4330,.T.);
#4326 = VERTEX_POINT('',#4327);
#4327 = CARTESIAN_POINT('',(-1.3,-1.,0.35));
#4328 = VERTEX_POINT('',#4329);
#4329 = CARTESIAN_POINT('',(-1.3,1.,0.35));
#4330 = LINE('',#4331,#4332);
#4331 = CARTESIAN_POINT('',(-1.3,-1.3,0.35));
#4332 = VECTOR('',#4333,1.);
#4333 = DIRECTION('',(8.881784197001E-16,1.,0.));
#4334 = ORIENTED_EDGE('',*,*,#4335,.T.);
#4335 = EDGE_CURVE('',#4326,#4336,#4338,.T.);
#4336 = VERTEX_POINT('',#4337);
#4337 = CARTESIAN_POINT('',(-1.,-1.3,0.35));
#4338 = CIRCLE('',#4339,0.3);
#4339 = AXIS2_PLACEMENT_3D('',#4340,#4341,#4342);
#4340 = CARTESIAN_POINT('',(-1.,-1.,0.35));
#4341 = DIRECTION('',(0.,0.,1.));
#4342 = DIRECTION('',(-8.881784197001E-16,-1.,0.));
#4343 = ORIENTED_EDGE('',*,*,#4344,.T.);
#4344 = EDGE_CURVE('',#4336,#4345,#4347,.T.);
#4345 = VERTEX_POINT('',#4346);
#4346 = CARTESIAN_POINT('',(1.,-1.3,0.35));
#4347 = LINE('',#4348,#4349);
#4348 = CARTESIAN_POINT('',(-1.3,-1.3,0.35));
#4349 = VECTOR('',#4350,1.);
#4350 = DIRECTION('',(1.,-8.881784197001E-16,0.));
#4351 = ORIENTED_EDGE('',*,*,#4352,.F.);
#4352 = EDGE_CURVE('',#4353,#4345,#4355,.T.);
#4353 = VERTEX_POINT('',#4354);
#4354 = CARTESIAN_POINT('',(1.3,-1.,0.35));
#4355 = CIRCLE('',#4356,0.3);
#4356 = AXIS2_PLACEMENT_3D('',#4357,#4358,#4359);
#4357 = CARTESIAN_POINT('',(1.,-1.,0.35));
#4358 = DIRECTION('',(-0.,0.,-1.));
#4359 = DIRECTION('',(-8.881784197001E-16,-1.,0.));
#4360 = ORIENTED_EDGE('',*,*,#4361,.T.);
#4361 = EDGE_CURVE('',#4353,#4362,#4364,.T.);
#4362 = VERTEX_POINT('',#4363);
#4363 = CARTESIAN_POINT('',(1.3,-0.3,0.35));
#4364 = LINE('',#4365,#4366);
#4365 = CARTESIAN_POINT('',(1.3,-1.3,0.35));
#4366 = VECTOR('',#4367,1.);
#4367 = DIRECTION('',(8.881784197001E-16,1.,0.));
#4368 = ORIENTED_EDGE('',*,*,#4369,.F.);
#4369 = EDGE_CURVE('',#4292,#4362,#4370,.T.);
#4370 = LINE('',#4371,#4372);
#4371 = CARTESIAN_POINT('',(0.95,-0.3,0.35));
#4372 = VECTOR('',#4373,1.);
#4373 = DIRECTION('',(1.,-8.881784197001E-16,0.));
#4374 = ORIENTED_EDGE('',*,*,#4291,.T.);
#4375 = ORIENTED_EDGE('',*,*,#4309,.T.);
#4376 = ORIENTED_EDGE('',*,*,#4377,.T.);
#4377 = EDGE_CURVE('',#4301,#4378,#4380,.T.);
#4378 = VERTEX_POINT('',#4379);
#4379 = CARTESIAN_POINT('',(1.3,0.3,0.35));
#4380 = LINE('',#4381,#4382);
#4381 = CARTESIAN_POINT('',(0.95,0.3,0.35));
#4382 = VECTOR('',#4383,1.);
#4383 = DIRECTION('',(1.,-8.881784197001E-16,0.));
#4384 = ORIENTED_EDGE('',*,*,#4385,.T.);
#4385 = EDGE_CURVE('',#4378,#4386,#4388,.T.);
#4386 = VERTEX_POINT('',#4387);
#4387 = CARTESIAN_POINT('',(1.3,1.,0.35));
#4388 = LINE('',#4389,#4390);
#4389 = CARTESIAN_POINT('',(1.3,-1.3,0.35));
#4390 = VECTOR('',#4391,1.);
#4391 = DIRECTION('',(8.881784197001E-16,1.,0.));
#4392 = ORIENTED_EDGE('',*,*,#4393,.T.);
#4393 = EDGE_CURVE('',#4386,#4394,#4396,.T.);
#4394 = VERTEX_POINT('',#4395);
#4395 = CARTESIAN_POINT('',(1.,1.3,0.35));
#4396 = CIRCLE('',#4397,0.3);
#4397 = AXIS2_PLACEMENT_3D('',#4398,#4399,#4400);
#4398 = CARTESIAN_POINT('',(1.,1.,0.35));
#4399 = DIRECTION('',(0.,0.,1.));
#4400 = DIRECTION('',(-8.881784197001E-16,-1.,0.));
#4401 = ORIENTED_EDGE('',*,*,#4402,.F.);
#4402 = EDGE_CURVE('',#4403,#4394,#4405,.T.);
#4403 = VERTEX_POINT('',#4404);
#4404 = CARTESIAN_POINT('',(-1.,1.3,0.35));
#4405 = LINE('',#4406,#4407);
#4406 = CARTESIAN_POINT('',(-1.3,1.3,0.35));
#4407 = VECTOR('',#4408,1.);
#4408 = DIRECTION('',(1.,-8.881784197001E-16,0.));
#4409 = ORIENTED_EDGE('',*,*,#4410,.F.);
#4410 = EDGE_CURVE('',#4328,#4403,#4411,.T.);
#4411 = CIRCLE('',#4412,0.3);
#4412 = AXIS2_PLACEMENT_3D('',#4413,#4414,#4415);
#4413 = CARTESIAN_POINT('',(-1.,1.,0.35));
#4414 = DIRECTION('',(-0.,0.,-1.));
#4415 = DIRECTION('',(-8.881784197001E-16,-1.,0.));
#4416 = PLANE('',#4417);
#4417 = AXIS2_PLACEMENT_3D('',#4418,#4419,#4420);
#4418 = CARTESIAN_POINT('',(-1.3,-1.3,0.35));
#4419 = DIRECTION('',(0.,0.,1.));
#4420 = DIRECTION('',(1.,-8.881784197001E-16,0.));
#4421 = ADVANCED_FACE('',(#4422),#4449,.T.);
#4422 = FACE_BOUND('',#4423,.T.);
#4423 = EDGE_LOOP('',(#4424,#4425,#4426,#4427,#4435,#4443));
#4424 = ORIENTED_EDGE('',*,*,#4377,.F.);
#4425 = ORIENTED_EDGE('',*,*,#4300,.T.);
#4426 = ORIENTED_EDGE('',*,*,#4369,.T.);
#4427 = ORIENTED_EDGE('',*,*,#4428,.T.);
#4428 = EDGE_CURVE('',#4362,#4429,#4431,.T.);
#4429 = VERTEX_POINT('',#4430);
#4430 = CARTESIAN_POINT('',(1.55,-0.3,0.35));
#4431 = LINE('',#4432,#4433);
#4432 = CARTESIAN_POINT('',(0.95,-0.3,0.35));
#4433 = VECTOR('',#4434,1.);
#4434 = DIRECTION('',(1.,-8.881784197001E-16,0.));
#4435 = ORIENTED_EDGE('',*,*,#4436,.T.);
#4436 = EDGE_CURVE('',#4429,#4437,#4439,.T.);
#4437 = VERTEX_POINT('',#4438);
#4438 = CARTESIAN_POINT('',(1.55,0.3,0.35));
#4439 = LINE('',#4440,#4441);
#4440 = CARTESIAN_POINT('',(1.55,-0.3,0.35));
#4441 = VECTOR('',#4442,1.);
#4442 = DIRECTION('',(8.881784197001E-16,1.,0.));
#4443 = ORIENTED_EDGE('',*,*,#4444,.F.);
#4444 = EDGE_CURVE('',#4378,#4437,#4445,.T.);
#4445 = LINE('',#4446,#4447);
#4446 = CARTESIAN_POINT('',(0.95,0.3,0.35));
#4447 = VECTOR('',#4448,1.);
#4448 = DIRECTION('',(1.,-8.881784197001E-16,0.));
#4449 = PLANE('',#4450);
#4450 = AXIS2_PLACEMENT_3D('',#4451,#4452,#4453);
#4451 = CARTESIAN_POINT('',(0.95,-0.3,0.35));
#4452 = DIRECTION('',(0.,0.,1.));
#4453 = DIRECTION('',(1.,-8.881784197001E-16,0.));
#4454 = ADVANCED_FACE('',(#4455),#4512,.F.);
#4455 = FACE_BOUND('',#4456,.F.);
#4456 = EDGE_LOOP('',(#4457,#4458,#4466,#4474,#4482,#4490,#4498,#4506));
#4457 = ORIENTED_EDGE('',*,*,#4325,.F.);
#4458 = ORIENTED_EDGE('',*,*,#4459,.F.);
#4459 = EDGE_CURVE('',#4460,#4326,#4462,.T.);
#4460 = VERTEX_POINT('',#4461);
#4461 = CARTESIAN_POINT('',(-1.3,-1.,0.));
#4462 = LINE('',#4463,#4464);
#4463 = CARTESIAN_POINT('',(-1.3,-1.,0.));
#4464 = VECTOR('',#4465,1.);
#4465 = DIRECTION('',(0.,0.,1.));
#4466 = ORIENTED_EDGE('',*,*,#4467,.T.);
#4467 = EDGE_CURVE('',#4460,#4468,#4470,.T.);
#4468 = VERTEX_POINT('',#4469);
#4469 = CARTESIAN_POINT('',(-1.3,-0.3,0.));
#4470 = LINE('',#4471,#4472);
#4471 = CARTESIAN_POINT('',(-1.3,-1.3,0.));
#4472 = VECTOR('',#4473,1.);
#4473 = DIRECTION('',(8.881784197001E-16,1.,0.));
#4474 = ORIENTED_EDGE('',*,*,#4475,.F.);
#4475 = EDGE_CURVE('',#4476,#4468,#4478,.T.);
#4476 = VERTEX_POINT('',#4477);
#4477 = CARTESIAN_POINT('',(-1.3,-0.3,0.15));
#4478 = LINE('',#4479,#4480);
#4479 = CARTESIAN_POINT('',(-1.3,-0.3,0.));
#4480 = VECTOR('',#4481,1.);
#4481 = DIRECTION('',(0.,0.,-1.));
#4482 = ORIENTED_EDGE('',*,*,#4483,.T.);
#4483 = EDGE_CURVE('',#4476,#4484,#4486,.T.);
#4484 = VERTEX_POINT('',#4485);
#4485 = CARTESIAN_POINT('',(-1.3,0.3,0.15));
#4486 = LINE('',#4487,#4488);
#4487 = CARTESIAN_POINT('',(-1.3,-0.8,0.15));
#4488 = VECTOR('',#4489,1.);
#4489 = DIRECTION('',(8.881784197001E-16,1.,0.));
#4490 = ORIENTED_EDGE('',*,*,#4491,.T.);
#4491 = EDGE_CURVE('',#4484,#4492,#4494,.T.);
#4492 = VERTEX_POINT('',#4493);
#4493 = CARTESIAN_POINT('',(-1.3,0.3,0.));
#4494 = LINE('',#4495,#4496);
#4495 = CARTESIAN_POINT('',(-1.3,0.3,0.));
#4496 = VECTOR('',#4497,1.);
#4497 = DIRECTION('',(0.,0.,-1.));
#4498 = ORIENTED_EDGE('',*,*,#4499,.T.);
#4499 = EDGE_CURVE('',#4492,#4500,#4502,.T.);
#4500 = VERTEX_POINT('',#4501);
#4501 = CARTESIAN_POINT('',(-1.3,1.,0.));
#4502 = LINE('',#4503,#4504);
#4503 = CARTESIAN_POINT('',(-1.3,-1.3,0.));
#4504 = VECTOR('',#4505,1.);
#4505 = DIRECTION('',(8.881784197001E-16,1.,0.));
#4506 = ORIENTED_EDGE('',*,*,#4507,.T.);
#4507 = EDGE_CURVE('',#4500,#4328,#4508,.T.);
#4508 = LINE('',#4509,#4510);
#4509 = CARTESIAN_POINT('',(-1.3,1.,0.));
#4510 = VECTOR('',#4511,1.);
#4511 = DIRECTION('',(0.,0.,1.));
#4512 = PLANE('',#4513);
#4513 = AXIS2_PLACEMENT_3D('',#4514,#4515,#4516);
#4514 = CARTESIAN_POINT('',(-1.3,-1.3,0.));
#4515 = DIRECTION('',(1.,-8.881784197001E-16,0.));
#4516 = DIRECTION('',(0.,0.,1.));
#4517 = ADVANCED_FACE('',(#4518),#4537,.T.);
#4518 = FACE_BOUND('',#4519,.T.);
#4519 = EDGE_LOOP('',(#4520,#4529,#4535,#4536));
#4520 = ORIENTED_EDGE('',*,*,#4521,.T.);
#4521 = EDGE_CURVE('',#4460,#4522,#4524,.T.);
#4522 = VERTEX_POINT('',#4523);
#4523 = CARTESIAN_POINT('',(-1.,-1.3,0.));
#4524 = CIRCLE('',#4525,0.3);
#4525 = AXIS2_PLACEMENT_3D('',#4526,#4527,#4528);
#4526 = CARTESIAN_POINT('',(-1.,-1.,0.));
#4527 = DIRECTION('',(0.,0.,1.));
#4528 = DIRECTION('',(-8.881784197001E-16,-1.,0.));
#4529 = ORIENTED_EDGE('',*,*,#4530,.T.);
#4530 = EDGE_CURVE('',#4522,#4336,#4531,.T.);
#4531 = LINE('',#4532,#4533);
#4532 = CARTESIAN_POINT('',(-1.,-1.3,0.));
#4533 = VECTOR('',#4534,1.);
#4534 = DIRECTION('',(0.,0.,1.));
#4535 = ORIENTED_EDGE('',*,*,#4335,.F.);
#4536 = ORIENTED_EDGE('',*,*,#4459,.F.);
#4537 = CYLINDRICAL_SURFACE('',#4538,0.3);
#4538 = AXIS2_PLACEMENT_3D('',#4539,#4540,#4541);
#4539 = CARTESIAN_POINT('',(-1.,-1.,0.));
#4540 = DIRECTION('',(0.,0.,1.));
#4541 = DIRECTION('',(-1.,8.881784197001E-16,0.));
#4542 = ADVANCED_FACE('',(#4543),#4562,.T.);
#4543 = FACE_BOUND('',#4544,.T.);
#4544 = EDGE_LOOP('',(#4545,#4546,#4547,#4555));
#4545 = ORIENTED_EDGE('',*,*,#4507,.T.);
#4546 = ORIENTED_EDGE('',*,*,#4410,.T.);
#4547 = ORIENTED_EDGE('',*,*,#4548,.F.);
#4548 = EDGE_CURVE('',#4549,#4403,#4551,.T.);
#4549 = VERTEX_POINT('',#4550);
#4550 = CARTESIAN_POINT('',(-1.,1.3,0.));
#4551 = LINE('',#4552,#4553);
#4552 = CARTESIAN_POINT('',(-1.,1.3,0.));
#4553 = VECTOR('',#4554,1.);
#4554 = DIRECTION('',(0.,0.,1.));
#4555 = ORIENTED_EDGE('',*,*,#4556,.F.);
#4556 = EDGE_CURVE('',#4500,#4549,#4557,.T.);
#4557 = CIRCLE('',#4558,0.3);
#4558 = AXIS2_PLACEMENT_3D('',#4559,#4560,#4561);
#4559 = CARTESIAN_POINT('',(-1.,1.,0.));
#4560 = DIRECTION('',(-0.,0.,-1.));
#4561 = DIRECTION('',(-8.881784197001E-16,-1.,0.));
#4562 = CYLINDRICAL_SURFACE('',#4563,0.3);
#4563 = AXIS2_PLACEMENT_3D('',#4564,#4565,#4566);
#4564 = CARTESIAN_POINT('',(-1.,1.,0.));
#4565 = DIRECTION('',(0.,0.,1.));
#4566 = DIRECTION('',(-1.,8.881784197001E-16,0.));
#4567 = ADVANCED_FACE('',(#4568),#4618,.F.);
#4568 = FACE_BOUND('',#4569,.F.);
#4569 = EDGE_LOOP('',(#4570,#4578,#4579,#4580,#4588,#4596,#4604,#4612));
#4570 = ORIENTED_EDGE('',*,*,#4571,.F.);
#4571 = EDGE_CURVE('',#4522,#4572,#4574,.T.);
#4572 = VERTEX_POINT('',#4573);
#4573 = CARTESIAN_POINT('',(-0.9,-1.3,0.));
#4574 = LINE('',#4575,#4576);
#4575 = CARTESIAN_POINT('',(-1.3,-1.3,0.));
#4576 = VECTOR('',#4577,1.);
#4577 = DIRECTION('',(1.,-8.881784197001E-16,0.));
#4578 = ORIENTED_EDGE('',*,*,#4530,.T.);
#4579 = ORIENTED_EDGE('',*,*,#4344,.T.);
#4580 = ORIENTED_EDGE('',*,*,#4581,.F.);
#4581 = EDGE_CURVE('',#4582,#4345,#4584,.T.);
#4582 = VERTEX_POINT('',#4583);
#4583 = CARTESIAN_POINT('',(1.,-1.3,0.));
#4584 = LINE('',#4585,#4586);
#4585 = CARTESIAN_POINT('',(1.,-1.3,0.));
#4586 = VECTOR('',#4587,1.);
#4587 = DIRECTION('',(0.,0.,1.));
#4588 = ORIENTED_EDGE('',*,*,#4589,.F.);
#4589 = EDGE_CURVE('',#4590,#4582,#4592,.T.);
#4590 = VERTEX_POINT('',#4591);
#4591 = CARTESIAN_POINT('',(0.9,-1.3,0.));
#4592 = LINE('',#4593,#4594);
#4593 = CARTESIAN_POINT('',(-1.3,-1.3,0.));
#4594 = VECTOR('',#4595,1.);
#4595 = DIRECTION('',(1.,-8.881784197001E-16,0.));
#4596 = ORIENTED_EDGE('',*,*,#4597,.F.);
#4597 = EDGE_CURVE('',#4598,#4590,#4600,.T.);
#4598 = VERTEX_POINT('',#4599);
#4599 = CARTESIAN_POINT('',(0.9,-1.3,0.15));
#4600 = LINE('',#4601,#4602);
#4601 = CARTESIAN_POINT('',(0.9,-1.3,0.));
#4602 = VECTOR('',#4603,1.);
#4603 = DIRECTION('',(0.,0.,-1.));
#4604 = ORIENTED_EDGE('',*,*,#4605,.F.);
#4605 = EDGE_CURVE('',#4606,#4598,#4608,.T.);
#4606 = VERTEX_POINT('',#4607);
#4607 = CARTESIAN_POINT('',(-0.9,-1.3,0.15));
#4608 = LINE('',#4609,#4610);
#4609 = CARTESIAN_POINT('',(-1.1,-1.3,0.15));
#4610 = VECTOR('',#4611,1.);
#4611 = DIRECTION('',(1.,-8.881784197001E-16,0.));
#4612 = ORIENTED_EDGE('',*,*,#4613,.T.);
#4613 = EDGE_CURVE('',#4606,#4572,#4614,.T.);
#4614 = LINE('',#4615,#4616);
#4615 = CARTESIAN_POINT('',(-0.9,-1.3,0.));
#4616 = VECTOR('',#4617,1.);
#4617 = DIRECTION('',(0.,0.,-1.));
#4618 = PLANE('',#4619);
#4619 = AXIS2_PLACEMENT_3D('',#4620,#4621,#4622);
#4620 = CARTESIAN_POINT('',(-1.3,-1.3,0.));
#4621 = DIRECTION('',(8.881784197001E-16,1.,0.));
#4622 = DIRECTION('',(0.,-0.,1.));
#4623 = ADVANCED_FACE('',(#4624),#4674,.T.);
#4624 = FACE_BOUND('',#4625,.T.);
#4625 = EDGE_LOOP('',(#4626,#4634,#4635,#4636,#4644,#4652,#4660,#4668));
#4626 = ORIENTED_EDGE('',*,*,#4627,.F.);
#4627 = EDGE_CURVE('',#4549,#4628,#4630,.T.);
#4628 = VERTEX_POINT('',#4629);
#4629 = CARTESIAN_POINT('',(-0.9,1.3,0.));
#4630 = LINE('',#4631,#4632);
#4631 = CARTESIAN_POINT('',(-1.3,1.3,0.));
#4632 = VECTOR('',#4633,1.);
#4633 = DIRECTION('',(1.,-8.881784197001E-16,0.));
#4634 = ORIENTED_EDGE('',*,*,#4548,.T.);
#4635 = ORIENTED_EDGE('',*,*,#4402,.T.);
#4636 = ORIENTED_EDGE('',*,*,#4637,.F.);
#4637 = EDGE_CURVE('',#4638,#4394,#4640,.T.);
#4638 = VERTEX_POINT('',#4639);
#4639 = CARTESIAN_POINT('',(1.,1.3,0.));
#4640 = LINE('',#4641,#4642);
#4641 = CARTESIAN_POINT('',(1.,1.3,0.));
#4642 = VECTOR('',#4643,1.);
#4643 = DIRECTION('',(0.,0.,1.));
#4644 = ORIENTED_EDGE('',*,*,#4645,.F.);
#4645 = EDGE_CURVE('',#4646,#4638,#4648,.T.);
#4646 = VERTEX_POINT('',#4647);
#4647 = CARTESIAN_POINT('',(0.9,1.3,0.));
#4648 = LINE('',#4649,#4650);
#4649 = CARTESIAN_POINT('',(-1.3,1.3,0.));
#4650 = VECTOR('',#4651,1.);
#4651 = DIRECTION('',(1.,-8.881784197001E-16,0.));
#4652 = ORIENTED_EDGE('',*,*,#4653,.F.);
#4653 = EDGE_CURVE('',#4654,#4646,#4656,.T.);
#4654 = VERTEX_POINT('',#4655);
#4655 = CARTESIAN_POINT('',(0.9,1.3,0.15));
#4656 = LINE('',#4657,#4658);
#4657 = CARTESIAN_POINT('',(0.9,1.3,0.));
#4658 = VECTOR('',#4659,1.);
#4659 = DIRECTION('',(0.,0.,-1.));
#4660 = ORIENTED_EDGE('',*,*,#4661,.F.);
#4661 = EDGE_CURVE('',#4662,#4654,#4664,.T.);
#4662 = VERTEX_POINT('',#4663);
#4663 = CARTESIAN_POINT('',(-0.9,1.3,0.15));
#4664 = LINE('',#4665,#4666);
#4665 = CARTESIAN_POINT('',(-1.1,1.3,0.15));
#4666 = VECTOR('',#4667,1.);
#4667 = DIRECTION('',(1.,-8.881784197001E-16,0.));
#4668 = ORIENTED_EDGE('',*,*,#4669,.T.);
#4669 = EDGE_CURVE('',#4662,#4628,#4670,.T.);
#4670 = LINE('',#4671,#4672);
#4671 = CARTESIAN_POINT('',(-0.9,1.3,0.));
#4672 = VECTOR('',#4673,1.);
#4673 = DIRECTION('',(0.,0.,-1.));
#4674 = PLANE('',#4675);
#4675 = AXIS2_PLACEMENT_3D('',#4676,#4677,#4678);
#4676 = CARTESIAN_POINT('',(-1.3,1.3,0.));
#4677 = DIRECTION('',(8.881784197001E-16,1.,0.));
#4678 = DIRECTION('',(0.,-0.,1.));
#4679 = ADVANCED_FACE('',(#4680),#4699,.T.);
#4680 = FACE_BOUND('',#4681,.T.);
#4681 = EDGE_LOOP('',(#4682,#4690,#4691,#4692));
#4682 = ORIENTED_EDGE('',*,*,#4683,.T.);
#4683 = EDGE_CURVE('',#4684,#4353,#4686,.T.);
#4684 = VERTEX_POINT('',#4685);
#4685 = CARTESIAN_POINT('',(1.3,-1.,0.));
#4686 = LINE('',#4687,#4688);
#4687 = CARTESIAN_POINT('',(1.3,-1.,0.));
#4688 = VECTOR('',#4689,1.);
#4689 = DIRECTION('',(0.,0.,1.));
#4690 = ORIENTED_EDGE('',*,*,#4352,.T.);
#4691 = ORIENTED_EDGE('',*,*,#4581,.F.);
#4692 = ORIENTED_EDGE('',*,*,#4693,.F.);
#4693 = EDGE_CURVE('',#4684,#4582,#4694,.T.);
#4694 = CIRCLE('',#4695,0.3);
#4695 = AXIS2_PLACEMENT_3D('',#4696,#4697,#4698);
#4696 = CARTESIAN_POINT('',(1.,-1.,0.));
#4697 = DIRECTION('',(-0.,0.,-1.));
#4698 = DIRECTION('',(-8.881784197001E-16,-1.,0.));
#4699 = CYLINDRICAL_SURFACE('',#4700,0.3);
#4700 = AXIS2_PLACEMENT_3D('',#4701,#4702,#4703);
#4701 = CARTESIAN_POINT('',(1.,-1.,0.));
#4702 = DIRECTION('',(0.,0.,1.));
#4703 = DIRECTION('',(1.,-8.881784197001E-16,0.));
#4704 = ADVANCED_FACE('',(#4705),#4724,.T.);
#4705 = FACE_BOUND('',#4706,.T.);
#4706 = EDGE_LOOP('',(#4707,#4716,#4717,#4718));
#4707 = ORIENTED_EDGE('',*,*,#4708,.T.);
#4708 = EDGE_CURVE('',#4709,#4638,#4711,.T.);
#4709 = VERTEX_POINT('',#4710);
#4710 = CARTESIAN_POINT('',(1.3,1.,0.));
#4711 = CIRCLE('',#4712,0.3);
#4712 = AXIS2_PLACEMENT_3D('',#4713,#4714,#4715);
#4713 = CARTESIAN_POINT('',(1.,1.,0.));
#4714 = DIRECTION('',(0.,0.,1.));
#4715 = DIRECTION('',(-8.881784197001E-16,-1.,0.));
#4716 = ORIENTED_EDGE('',*,*,#4637,.T.);
#4717 = ORIENTED_EDGE('',*,*,#4393,.F.);
#4718 = ORIENTED_EDGE('',*,*,#4719,.F.);
#4719 = EDGE_CURVE('',#4709,#4386,#4720,.T.);
#4720 = LINE('',#4721,#4722);
#4721 = CARTESIAN_POINT('',(1.3,1.,0.));
#4722 = VECTOR('',#4723,1.);
#4723 = DIRECTION('',(0.,0.,1.));
#4724 = CYLINDRICAL_SURFACE('',#4725,0.3);
#4725 = AXIS2_PLACEMENT_3D('',#4726,#4727,#4728);
#4726 = CARTESIAN_POINT('',(1.,1.,0.));
#4727 = DIRECTION('',(0.,0.,1.));
#4728 = DIRECTION('',(1.,-8.881784197001E-16,0.));
#4729 = ADVANCED_FACE('',(#4730),#4764,.T.);
#4730 = FACE_BOUND('',#4731,.T.);
#4731 = EDGE_LOOP('',(#4732,#4733,#4734,#4740,#4741,#4742,#4750,#4758));
#4732 = ORIENTED_EDGE('',*,*,#4361,.F.);
#4733 = ORIENTED_EDGE('',*,*,#4683,.F.);
#4734 = ORIENTED_EDGE('',*,*,#4735,.T.);
#4735 = EDGE_CURVE('',#4684,#4709,#4736,.T.);
#4736 = LINE('',#4737,#4738);
#4737 = CARTESIAN_POINT('',(1.3,-1.3,0.));
#4738 = VECTOR('',#4739,1.);
#4739 = DIRECTION('',(8.881784197001E-16,1.,0.));
#4740 = ORIENTED_EDGE('',*,*,#4719,.T.);
#4741 = ORIENTED_EDGE('',*,*,#4385,.F.);
#4742 = ORIENTED_EDGE('',*,*,#4743,.F.);
#4743 = EDGE_CURVE('',#4744,#4378,#4746,.T.);
#4744 = VERTEX_POINT('',#4745);
#4745 = CARTESIAN_POINT('',(1.3,0.3,0.2));
#4746 = LINE('',#4747,#4748);
#4747 = CARTESIAN_POINT('',(1.3,0.3,0.1));
#4748 = VECTOR('',#4749,1.);
#4749 = DIRECTION('',(0.,0.,1.));
#4750 = ORIENTED_EDGE('',*,*,#4751,.T.);
#4751 = EDGE_CURVE('',#4744,#4752,#4754,.T.);
#4752 = VERTEX_POINT('',#4753);
#4753 = CARTESIAN_POINT('',(1.3,-0.3,0.2));
#4754 = LINE('',#4755,#4756);
#4755 = CARTESIAN_POINT('',(1.3,-0.8,0.2));
#4756 = VECTOR('',#4757,1.);
#4757 = DIRECTION('',(-8.881784197001E-16,-1.,0.));
#4758 = ORIENTED_EDGE('',*,*,#4759,.T.);
#4759 = EDGE_CURVE('',#4752,#4362,#4760,.T.);
#4760 = LINE('',#4761,#4762);
#4761 = CARTESIAN_POINT('',(1.3,-0.3,0.1));
#4762 = VECTOR('',#4763,1.);
#4763 = DIRECTION('',(0.,0.,1.));
#4764 = PLANE('',#4765);
#4765 = AXIS2_PLACEMENT_3D('',#4766,#4767,#4768);
#4766 = CARTESIAN_POINT('',(1.3,-1.3,0.));
#4767 = DIRECTION('',(1.,-8.881784197001E-16,0.));
#4768 = DIRECTION('',(0.,0.,1.));
#4769 = ADVANCED_FACE('',(#4770),#4788,.T.);
#4770 = FACE_BOUND('',#4771,.T.);
#4771 = EDGE_LOOP('',(#4772,#4780,#4781,#4782));
#4772 = ORIENTED_EDGE('',*,*,#4773,.F.);
#4773 = EDGE_CURVE('',#4744,#4774,#4776,.T.);
#4774 = VERTEX_POINT('',#4775);
#4775 = CARTESIAN_POINT('',(1.55,0.3,0.2));
#4776 = LINE('',#4777,#4778);
#4777 = CARTESIAN_POINT('',(0.95,0.3,0.2));
#4778 = VECTOR('',#4779,1.);
#4779 = DIRECTION('',(1.,-8.881784197001E-16,0.));
#4780 = ORIENTED_EDGE('',*,*,#4743,.T.);
#4781 = ORIENTED_EDGE('',*,*,#4444,.T.);
#4782 = ORIENTED_EDGE('',*,*,#4783,.F.);
#4783 = EDGE_CURVE('',#4774,#4437,#4784,.T.);
#4784 = LINE('',#4785,#4786);
#4785 = CARTESIAN_POINT('',(1.55,0.3,0.2));
#4786 = VECTOR('',#4787,1.);
#4787 = DIRECTION('',(0.,0.,1.));
#4788 = PLANE('',#4789);
#4789 = AXIS2_PLACEMENT_3D('',#4790,#4791,#4792);
#4790 = CARTESIAN_POINT('',(0.95,0.3,0.2));
#4791 = DIRECTION('',(8.881784197001E-16,1.,0.));
#4792 = DIRECTION('',(0.,-0.,1.));
#4793 = ADVANCED_FACE('',(#4794),#4812,.T.);
#4794 = FACE_BOUND('',#4795,.T.);
#4795 = EDGE_LOOP('',(#4796,#4804,#4810,#4811));
#4796 = ORIENTED_EDGE('',*,*,#4797,.F.);
#4797 = EDGE_CURVE('',#4798,#4429,#4800,.T.);
#4798 = VERTEX_POINT('',#4799);
#4799 = CARTESIAN_POINT('',(1.55,-0.3,0.2));
#4800 = LINE('',#4801,#4802);
#4801 = CARTESIAN_POINT('',(1.55,-0.3,0.2));
#4802 = VECTOR('',#4803,1.);
#4803 = DIRECTION('',(0.,0.,1.));
#4804 = ORIENTED_EDGE('',*,*,#4805,.T.);
#4805 = EDGE_CURVE('',#4798,#4774,#4806,.T.);
#4806 = LINE('',#4807,#4808);
#4807 = CARTESIAN_POINT('',(1.55,-0.3,0.2));
#4808 = VECTOR('',#4809,1.);
#4809 = DIRECTION('',(8.881784197001E-16,1.,0.));
#4810 = ORIENTED_EDGE('',*,*,#4783,.T.);
#4811 = ORIENTED_EDGE('',*,*,#4436,.F.);
#4812 = PLANE('',#4813);
#4813 = AXIS2_PLACEMENT_3D('',#4814,#4815,#4816);
#4814 = CARTESIAN_POINT('',(1.55,-0.3,0.2));
#4815 = DIRECTION('',(1.,-8.881784197001E-16,0.));
#4816 = DIRECTION('',(0.,0.,1.));
#4817 = ADVANCED_FACE('',(#4818),#4829,.F.);
#4818 = FACE_BOUND('',#4819,.F.);
#4819 = EDGE_LOOP('',(#4820,#4826,#4827,#4828));
#4820 = ORIENTED_EDGE('',*,*,#4821,.F.);
#4821 = EDGE_CURVE('',#4752,#4798,#4822,.T.);
#4822 = LINE('',#4823,#4824);
#4823 = CARTESIAN_POINT('',(0.95,-0.3,0.2));
#4824 = VECTOR('',#4825,1.);
#4825 = DIRECTION('',(1.,-8.881784197001E-16,0.));
#4826 = ORIENTED_EDGE('',*,*,#4759,.T.);
#4827 = ORIENTED_EDGE('',*,*,#4428,.T.);
#4828 = ORIENTED_EDGE('',*,*,#4797,.F.);
#4829 = PLANE('',#4830);
#4830 = AXIS2_PLACEMENT_3D('',#4831,#4832,#4833);
#4831 = CARTESIAN_POINT('',(0.95,-0.3,0.2));
#4832 = DIRECTION('',(8.881784197001E-16,1.,0.));
#4833 = DIRECTION('',(0.,-0.,1.));
#4834 = ADVANCED_FACE('',(#4835),#4924,.F.);
#4835 = FACE_BOUND('',#4836,.F.);
#4836 = EDGE_LOOP('',(#4837,#4838,#4839,#4840,#4848,#4856,#4862,#4863,
    #4864,#4865,#4866,#4867,#4875,#4883,#4889,#4890,#4891,#4892,#4900,
    #4909,#4918));
#4837 = ORIENTED_EDGE('',*,*,#4467,.F.);
#4838 = ORIENTED_EDGE('',*,*,#4521,.T.);
#4839 = ORIENTED_EDGE('',*,*,#4571,.T.);
#4840 = ORIENTED_EDGE('',*,*,#4841,.T.);
#4841 = EDGE_CURVE('',#4572,#4842,#4844,.T.);
#4842 = VERTEX_POINT('',#4843);
#4843 = CARTESIAN_POINT('',(-0.9,-1.1,0.));
#4844 = LINE('',#4845,#4846);
#4845 = CARTESIAN_POINT('',(-0.9,-1.5,0.));
#4846 = VECTOR('',#4847,1.);
#4847 = DIRECTION('',(8.881784197001E-16,1.,0.));
#4848 = ORIENTED_EDGE('',*,*,#4849,.T.);
#4849 = EDGE_CURVE('',#4842,#4850,#4852,.T.);
#4850 = VERTEX_POINT('',#4851);
#4851 = CARTESIAN_POINT('',(0.9,-1.1,0.));
#4852 = LINE('',#4853,#4854);
#4853 = CARTESIAN_POINT('',(-0.9,-1.1,0.));
#4854 = VECTOR('',#4855,1.);
#4855 = DIRECTION('',(1.,-8.881784197001E-16,0.));
#4856 = ORIENTED_EDGE('',*,*,#4857,.F.);
#4857 = EDGE_CURVE('',#4590,#4850,#4858,.T.);
#4858 = LINE('',#4859,#4860);
#4859 = CARTESIAN_POINT('',(0.9,-1.5,0.));
#4860 = VECTOR('',#4861,1.);
#4861 = DIRECTION('',(8.881784197001E-16,1.,0.));
#4862 = ORIENTED_EDGE('',*,*,#4589,.T.);
#4863 = ORIENTED_EDGE('',*,*,#4693,.F.);
#4864 = ORIENTED_EDGE('',*,*,#4735,.T.);
#4865 = ORIENTED_EDGE('',*,*,#4708,.T.);
#4866 = ORIENTED_EDGE('',*,*,#4645,.F.);
#4867 = ORIENTED_EDGE('',*,*,#4868,.F.);
#4868 = EDGE_CURVE('',#4869,#4646,#4871,.T.);
#4869 = VERTEX_POINT('',#4870);
#4870 = CARTESIAN_POINT('',(0.9,1.1,0.));
#4871 = LINE('',#4872,#4873);
#4872 = CARTESIAN_POINT('',(0.9,1.1,0.));
#4873 = VECTOR('',#4874,1.);
#4874 = DIRECTION('',(8.881784197001E-16,1.,0.));
#4875 = ORIENTED_EDGE('',*,*,#4876,.F.);
#4876 = EDGE_CURVE('',#4877,#4869,#4879,.T.);
#4877 = VERTEX_POINT('',#4878);
#4878 = CARTESIAN_POINT('',(-0.9,1.1,0.));
#4879 = LINE('',#4880,#4881);
#4880 = CARTESIAN_POINT('',(-0.9,1.1,0.));
#4881 = VECTOR('',#4882,1.);
#4882 = DIRECTION('',(1.,-8.881784197001E-16,0.));
#4883 = ORIENTED_EDGE('',*,*,#4884,.T.);
#4884 = EDGE_CURVE('',#4877,#4628,#4885,.T.);
#4885 = LINE('',#4886,#4887);
#4886 = CARTESIAN_POINT('',(-0.9,1.1,0.));
#4887 = VECTOR('',#4888,1.);
#4888 = DIRECTION('',(8.881784197001E-16,1.,0.));
#4889 = ORIENTED_EDGE('',*,*,#4627,.F.);
#4890 = ORIENTED_EDGE('',*,*,#4556,.F.);
#4891 = ORIENTED_EDGE('',*,*,#4499,.F.);
#4892 = ORIENTED_EDGE('',*,*,#4893,.T.);
#4893 = EDGE_CURVE('',#4492,#4894,#4896,.T.);
#4894 = VERTEX_POINT('',#4895);
#4895 = CARTESIAN_POINT('',(-0.264575131106,0.3,0.));
#4896 = LINE('',#4897,#4898);
#4897 = CARTESIAN_POINT('',(-1.55,0.3,0.));
#4898 = VECTOR('',#4899,1.);
#4899 = DIRECTION('',(1.,-8.881784197001E-16,0.));
#4900 = ORIENTED_EDGE('',*,*,#4901,.F.);
#4901 = EDGE_CURVE('',#4902,#4894,#4904,.T.);
#4902 = VERTEX_POINT('',#4903);
#4903 = CARTESIAN_POINT('',(0.4,8.881784197001E-17,0.));
#4904 = CIRCLE('',#4905,0.4);
#4905 = AXIS2_PLACEMENT_3D('',#4906,#4907,#4908);
#4906 = CARTESIAN_POINT('',(0.,4.440892098501E-16,0.));
#4907 = DIRECTION('',(-0.,0.,1.));
#4908 = DIRECTION('',(1.,-8.881784197001E-16,0.));
#4909 = ORIENTED_EDGE('',*,*,#4910,.F.);
#4910 = EDGE_CURVE('',#4911,#4902,#4913,.T.);
#4911 = VERTEX_POINT('',#4912);
#4912 = CARTESIAN_POINT('',(-0.264575131106,-0.3,0.));
#4913 = CIRCLE('',#4914,0.4);
#4914 = AXIS2_PLACEMENT_3D('',#4915,#4916,#4917);
#4915 = CARTESIAN_POINT('',(0.,4.440892098501E-16,0.));
#4916 = DIRECTION('',(-0.,0.,1.));
#4917 = DIRECTION('',(1.,-8.881784197001E-16,0.));
#4918 = ORIENTED_EDGE('',*,*,#4919,.F.);
#4919 = EDGE_CURVE('',#4468,#4911,#4920,.T.);
#4920 = LINE('',#4921,#4922);
#4921 = CARTESIAN_POINT('',(-1.55,-0.3,0.));
#4922 = VECTOR('',#4923,1.);
#4923 = DIRECTION('',(1.,-8.881784197001E-16,0.));
#4924 = PLANE('',#4925);
#4925 = AXIS2_PLACEMENT_3D('',#4926,#4927,#4928);
#4926 = CARTESIAN_POINT('',(-1.3,-1.3,0.));
#4927 = DIRECTION('',(0.,0.,1.));
#4928 = DIRECTION('',(1.,-8.881784197001E-16,0.));
#4929 = ADVANCED_FACE('',(#4930),#4955,.T.);
#4930 = FACE_BOUND('',#4931,.T.);
#4931 = EDGE_LOOP('',(#4932,#4940,#4948,#4954));
#4932 = ORIENTED_EDGE('',*,*,#4933,.F.);
#4933 = EDGE_CURVE('',#4934,#4492,#4936,.T.);
#4934 = VERTEX_POINT('',#4935);
#4935 = CARTESIAN_POINT('',(-1.55,0.3,0.));
#4936 = LINE('',#4937,#4938);
#4937 = CARTESIAN_POINT('',(-1.55,0.3,0.));
#4938 = VECTOR('',#4939,1.);
#4939 = DIRECTION('',(1.,-8.881784197001E-16,0.));
#4940 = ORIENTED_EDGE('',*,*,#4941,.T.);
#4941 = EDGE_CURVE('',#4934,#4942,#4944,.T.);
#4942 = VERTEX_POINT('',#4943);
#4943 = CARTESIAN_POINT('',(-1.55,0.3,0.15));
#4944 = LINE('',#4945,#4946);
#4945 = CARTESIAN_POINT('',(-1.55,0.3,0.));
#4946 = VECTOR('',#4947,1.);
#4947 = DIRECTION('',(0.,0.,1.));
#4948 = ORIENTED_EDGE('',*,*,#4949,.T.);
#4949 = EDGE_CURVE('',#4942,#4484,#4950,.T.);
#4950 = LINE('',#4951,#4952);
#4951 = CARTESIAN_POINT('',(-1.55,0.3,0.15));
#4952 = VECTOR('',#4953,1.);
#4953 = DIRECTION('',(1.,-8.881784197001E-16,0.));
#4954 = ORIENTED_EDGE('',*,*,#4491,.T.);
#4955 = PLANE('',#4956);
#4956 = AXIS2_PLACEMENT_3D('',#4957,#4958,#4959);
#4957 = CARTESIAN_POINT('',(-1.55,0.3,0.));
#4958 = DIRECTION('',(8.881784197001E-16,1.,0.));
#4959 = DIRECTION('',(0.,-0.,1.));
#4960 = ADVANCED_FACE('',(#4961),#4979,.T.);
#4961 = FACE_BOUND('',#4962,.T.);
#4962 = EDGE_LOOP('',(#4963,#4964,#4972,#4978));
#4963 = ORIENTED_EDGE('',*,*,#4949,.F.);
#4964 = ORIENTED_EDGE('',*,*,#4965,.F.);
#4965 = EDGE_CURVE('',#4966,#4942,#4968,.T.);
#4966 = VERTEX_POINT('',#4967);
#4967 = CARTESIAN_POINT('',(-1.55,-0.3,0.15));
#4968 = LINE('',#4969,#4970);
#4969 = CARTESIAN_POINT('',(-1.55,-0.3,0.15));
#4970 = VECTOR('',#4971,1.);
#4971 = DIRECTION('',(8.881784197001E-16,1.,0.));
#4972 = ORIENTED_EDGE('',*,*,#4973,.T.);
#4973 = EDGE_CURVE('',#4966,#4476,#4974,.T.);
#4974 = LINE('',#4975,#4976);
#4975 = CARTESIAN_POINT('',(-1.55,-0.3,0.15));
#4976 = VECTOR('',#4977,1.);
#4977 = DIRECTION('',(1.,-8.881784197001E-16,0.));
#4978 = ORIENTED_EDGE('',*,*,#4483,.T.);
#4979 = PLANE('',#4980);
#4980 = AXIS2_PLACEMENT_3D('',#4981,#4982,#4983);
#4981 = CARTESIAN_POINT('',(-1.55,-0.3,0.15));
#4982 = DIRECTION('',(0.,0.,1.));
#4983 = DIRECTION('',(1.,-8.881784197001E-16,0.));
#4984 = ADVANCED_FACE('',(#4985),#5003,.F.);
#4985 = FACE_BOUND('',#4986,.F.);
#4986 = EDGE_LOOP('',(#4987,#4995,#5001,#5002));
#4987 = ORIENTED_EDGE('',*,*,#4988,.F.);
#4988 = EDGE_CURVE('',#4989,#4468,#4991,.T.);
#4989 = VERTEX_POINT('',#4990);
#4990 = CARTESIAN_POINT('',(-1.55,-0.3,0.));
#4991 = LINE('',#4992,#4993);
#4992 = CARTESIAN_POINT('',(-1.55,-0.3,0.));
#4993 = VECTOR('',#4994,1.);
#4994 = DIRECTION('',(1.,-8.881784197001E-16,0.));
#4995 = ORIENTED_EDGE('',*,*,#4996,.T.);
#4996 = EDGE_CURVE('',#4989,#4966,#4997,.T.);
#4997 = LINE('',#4998,#4999);
#4998 = CARTESIAN_POINT('',(-1.55,-0.3,0.));
#4999 = VECTOR('',#5000,1.);
#5000 = DIRECTION('',(0.,0.,1.));
#5001 = ORIENTED_EDGE('',*,*,#4973,.T.);
#5002 = ORIENTED_EDGE('',*,*,#4475,.T.);
#5003 = PLANE('',#5004);
#5004 = AXIS2_PLACEMENT_3D('',#5005,#5006,#5007);
#5005 = CARTESIAN_POINT('',(-1.55,-0.3,0.));
#5006 = DIRECTION('',(8.881784197001E-16,1.,0.));
#5007 = DIRECTION('',(0.,-0.,1.));
#5008 = ADVANCED_FACE('',(#5009),#5034,.F.);
#5009 = FACE_BOUND('',#5010,.F.);
#5010 = EDGE_LOOP('',(#5011,#5019,#5027,#5033));
#5011 = ORIENTED_EDGE('',*,*,#5012,.F.);
#5012 = EDGE_CURVE('',#5013,#4606,#5015,.T.);
#5013 = VERTEX_POINT('',#5014);
#5014 = CARTESIAN_POINT('',(-0.9,-1.5,0.15));
#5015 = LINE('',#5016,#5017);
#5016 = CARTESIAN_POINT('',(-0.9,-1.5,0.15));
#5017 = VECTOR('',#5018,1.);
#5018 = DIRECTION('',(8.881784197001E-16,1.,0.));
#5019 = ORIENTED_EDGE('',*,*,#5020,.F.);
#5020 = EDGE_CURVE('',#5021,#5013,#5023,.T.);
#5021 = VERTEX_POINT('',#5022);
#5022 = CARTESIAN_POINT('',(-0.9,-1.5,0.));
#5023 = LINE('',#5024,#5025);
#5024 = CARTESIAN_POINT('',(-0.9,-1.5,0.));
#5025 = VECTOR('',#5026,1.);
#5026 = DIRECTION('',(0.,0.,1.));
#5027 = ORIENTED_EDGE('',*,*,#5028,.T.);
#5028 = EDGE_CURVE('',#5021,#4572,#5029,.T.);
#5029 = LINE('',#5030,#5031);
#5030 = CARTESIAN_POINT('',(-0.9,-1.5,0.));
#5031 = VECTOR('',#5032,1.);
#5032 = DIRECTION('',(8.881784197001E-16,1.,0.));
#5033 = ORIENTED_EDGE('',*,*,#4613,.F.);
#5034 = PLANE('',#5035);
#5035 = AXIS2_PLACEMENT_3D('',#5036,#5037,#5038);
#5036 = CARTESIAN_POINT('',(-0.9,-1.5,0.));
#5037 = DIRECTION('',(1.,-8.881784197001E-16,0.));
#5038 = DIRECTION('',(0.,0.,1.));
#5039 = ADVANCED_FACE('',(#5040),#5058,.T.);
#5040 = FACE_BOUND('',#5041,.T.);
#5041 = EDGE_LOOP('',(#5042,#5043,#5051,#5057));
#5042 = ORIENTED_EDGE('',*,*,#5012,.F.);
#5043 = ORIENTED_EDGE('',*,*,#5044,.T.);
#5044 = EDGE_CURVE('',#5013,#5045,#5047,.T.);
#5045 = VERTEX_POINT('',#5046);
#5046 = CARTESIAN_POINT('',(0.9,-1.5,0.15));
#5047 = LINE('',#5048,#5049);
#5048 = CARTESIAN_POINT('',(-0.9,-1.5,0.15));
#5049 = VECTOR('',#5050,1.);
#5050 = DIRECTION('',(1.,-8.881784197001E-16,0.));
#5051 = ORIENTED_EDGE('',*,*,#5052,.T.);
#5052 = EDGE_CURVE('',#5045,#4598,#5053,.T.);
#5053 = LINE('',#5054,#5055);
#5054 = CARTESIAN_POINT('',(0.9,-1.5,0.15));
#5055 = VECTOR('',#5056,1.);
#5056 = DIRECTION('',(8.881784197001E-16,1.,0.));
#5057 = ORIENTED_EDGE('',*,*,#4605,.F.);
#5058 = PLANE('',#5059);
#5059 = AXIS2_PLACEMENT_3D('',#5060,#5061,#5062);
#5060 = CARTESIAN_POINT('',(-0.9,-1.5,0.15));
#5061 = DIRECTION('',(0.,0.,1.));
#5062 = DIRECTION('',(1.,-8.881784197001E-16,0.));
#5063 = ADVANCED_FACE('',(#5064),#5082,.T.);
#5064 = FACE_BOUND('',#5065,.T.);
#5065 = EDGE_LOOP('',(#5066,#5067,#5075,#5081));
#5066 = ORIENTED_EDGE('',*,*,#5052,.F.);
#5067 = ORIENTED_EDGE('',*,*,#5068,.F.);
#5068 = EDGE_CURVE('',#5069,#5045,#5071,.T.);
#5069 = VERTEX_POINT('',#5070);
#5070 = CARTESIAN_POINT('',(0.9,-1.5,0.));
#5071 = LINE('',#5072,#5073);
#5072 = CARTESIAN_POINT('',(0.9,-1.5,0.));
#5073 = VECTOR('',#5074,1.);
#5074 = DIRECTION('',(0.,0.,1.));
#5075 = ORIENTED_EDGE('',*,*,#5076,.T.);
#5076 = EDGE_CURVE('',#5069,#4590,#5077,.T.);
#5077 = LINE('',#5078,#5079);
#5078 = CARTESIAN_POINT('',(0.9,-1.5,0.));
#5079 = VECTOR('',#5080,1.);
#5080 = DIRECTION('',(8.881784197001E-16,1.,0.));
#5081 = ORIENTED_EDGE('',*,*,#4597,.F.);
#5082 = PLANE('',#5083);
#5083 = AXIS2_PLACEMENT_3D('',#5084,#5085,#5086);
#5084 = CARTESIAN_POINT('',(0.9,-1.5,0.));
#5085 = DIRECTION('',(1.,-8.881784197001E-16,0.));
#5086 = DIRECTION('',(0.,0.,1.));
#5087 = ADVANCED_FACE('',(#5088),#5113,.F.);
#5088 = FACE_BOUND('',#5089,.F.);
#5089 = EDGE_LOOP('',(#5090,#5091,#5099,#5107));
#5090 = ORIENTED_EDGE('',*,*,#4669,.T.);
#5091 = ORIENTED_EDGE('',*,*,#5092,.T.);
#5092 = EDGE_CURVE('',#4628,#5093,#5095,.T.);
#5093 = VERTEX_POINT('',#5094);
#5094 = CARTESIAN_POINT('',(-0.9,1.5,0.));
#5095 = LINE('',#5096,#5097);
#5096 = CARTESIAN_POINT('',(-0.9,1.1,0.));
#5097 = VECTOR('',#5098,1.);
#5098 = DIRECTION('',(8.881784197001E-16,1.,0.));
#5099 = ORIENTED_EDGE('',*,*,#5100,.T.);
#5100 = EDGE_CURVE('',#5093,#5101,#5103,.T.);
#5101 = VERTEX_POINT('',#5102);
#5102 = CARTESIAN_POINT('',(-0.9,1.5,0.15));
#5103 = LINE('',#5104,#5105);
#5104 = CARTESIAN_POINT('',(-0.9,1.5,0.));
#5105 = VECTOR('',#5106,1.);
#5106 = DIRECTION('',(0.,0.,1.));
#5107 = ORIENTED_EDGE('',*,*,#5108,.F.);
#5108 = EDGE_CURVE('',#4662,#5101,#5109,.T.);
#5109 = LINE('',#5110,#5111);
#5110 = CARTESIAN_POINT('',(-0.9,1.1,0.15));
#5111 = VECTOR('',#5112,1.);
#5112 = DIRECTION('',(8.881784197001E-16,1.,0.));
#5113 = PLANE('',#5114);
#5114 = AXIS2_PLACEMENT_3D('',#5115,#5116,#5117);
#5115 = CARTESIAN_POINT('',(-0.9,1.1,0.));
#5116 = DIRECTION('',(1.,-8.881784197001E-16,0.));
#5117 = DIRECTION('',(0.,0.,1.));
#5118 = ADVANCED_FACE('',(#5119),#5137,.T.);
#5119 = FACE_BOUND('',#5120,.T.);
#5120 = EDGE_LOOP('',(#5121,#5122,#5123,#5131));
#5121 = ORIENTED_EDGE('',*,*,#5108,.F.);
#5122 = ORIENTED_EDGE('',*,*,#4661,.T.);
#5123 = ORIENTED_EDGE('',*,*,#5124,.T.);
#5124 = EDGE_CURVE('',#4654,#5125,#5127,.T.);
#5125 = VERTEX_POINT('',#5126);
#5126 = CARTESIAN_POINT('',(0.9,1.5,0.15));
#5127 = LINE('',#5128,#5129);
#5128 = CARTESIAN_POINT('',(0.9,1.1,0.15));
#5129 = VECTOR('',#5130,1.);
#5130 = DIRECTION('',(8.881784197001E-16,1.,0.));
#5131 = ORIENTED_EDGE('',*,*,#5132,.F.);
#5132 = EDGE_CURVE('',#5101,#5125,#5133,.T.);
#5133 = LINE('',#5134,#5135);
#5134 = CARTESIAN_POINT('',(-0.9,1.5,0.15));
#5135 = VECTOR('',#5136,1.);
#5136 = DIRECTION('',(1.,-8.881784197001E-16,0.));
#5137 = PLANE('',#5138);
#5138 = AXIS2_PLACEMENT_3D('',#5139,#5140,#5141);
#5139 = CARTESIAN_POINT('',(-0.9,1.1,0.15));
#5140 = DIRECTION('',(0.,0.,1.));
#5141 = DIRECTION('',(1.,-8.881784197001E-16,0.));
#5142 = ADVANCED_FACE('',(#5143),#5161,.T.);
#5143 = FACE_BOUND('',#5144,.T.);
#5144 = EDGE_LOOP('',(#5145,#5146,#5154,#5160));
#5145 = ORIENTED_EDGE('',*,*,#4653,.T.);
#5146 = ORIENTED_EDGE('',*,*,#5147,.T.);
#5147 = EDGE_CURVE('',#4646,#5148,#5150,.T.);
#5148 = VERTEX_POINT('',#5149);
#5149 = CARTESIAN_POINT('',(0.9,1.5,0.));
#5150 = LINE('',#5151,#5152);
#5151 = CARTESIAN_POINT('',(0.9,1.1,0.));
#5152 = VECTOR('',#5153,1.);
#5153 = DIRECTION('',(8.881784197001E-16,1.,0.));
#5154 = ORIENTED_EDGE('',*,*,#5155,.T.);
#5155 = EDGE_CURVE('',#5148,#5125,#5156,.T.);
#5156 = LINE('',#5157,#5158);
#5157 = CARTESIAN_POINT('',(0.9,1.5,0.));
#5158 = VECTOR('',#5159,1.);
#5159 = DIRECTION('',(0.,0.,1.));
#5160 = ORIENTED_EDGE('',*,*,#5124,.F.);
#5161 = PLANE('',#5162);
#5162 = AXIS2_PLACEMENT_3D('',#5163,#5164,#5165);
#5163 = CARTESIAN_POINT('',(0.9,1.1,0.));
#5164 = DIRECTION('',(1.,-8.881784197001E-16,0.));
#5165 = DIRECTION('',(0.,0.,1.));
#5166 = ADVANCED_FACE('',(#5167),#5173,.F.);
#5167 = FACE_BOUND('',#5168,.F.);
#5168 = EDGE_LOOP('',(#5169,#5170,#5171,#5172));
#5169 = ORIENTED_EDGE('',*,*,#4751,.T.);
#5170 = ORIENTED_EDGE('',*,*,#4821,.T.);
#5171 = ORIENTED_EDGE('',*,*,#4805,.T.);
#5172 = ORIENTED_EDGE('',*,*,#4773,.F.);
#5173 = PLANE('',#5174);
#5174 = AXIS2_PLACEMENT_3D('',#5175,#5176,#5177);
#5175 = CARTESIAN_POINT('',(0.95,-0.3,0.2));
#5176 = DIRECTION('',(0.,0.,1.));
#5177 = DIRECTION('',(1.,-8.881784197001E-16,0.));
#5178 = ADVANCED_FACE('',(#5179),#5196,.F.);
#5179 = FACE_BOUND('',#5180,.F.);
#5180 = EDGE_LOOP('',(#5181,#5182,#5188,#5189));
#5181 = ORIENTED_EDGE('',*,*,#4893,.F.);
#5182 = ORIENTED_EDGE('',*,*,#5183,.F.);
#5183 = EDGE_CURVE('',#4468,#4492,#5184,.T.);
#5184 = LINE('',#5185,#5186);
#5185 = CARTESIAN_POINT('',(-1.3,-1.3,0.));
#5186 = VECTOR('',#5187,1.);
#5187 = DIRECTION('',(8.881784197001E-16,1.,0.));
#5188 = ORIENTED_EDGE('',*,*,#4919,.T.);
#5189 = ORIENTED_EDGE('',*,*,#5190,.F.);
#5190 = EDGE_CURVE('',#4894,#4911,#5191,.T.);
#5191 = CIRCLE('',#5192,0.4);
#5192 = AXIS2_PLACEMENT_3D('',#5193,#5194,#5195);
#5193 = CARTESIAN_POINT('',(0.,4.440892098501E-16,0.));
#5194 = DIRECTION('',(-0.,0.,1.));
#5195 = DIRECTION('',(1.,-8.881784197001E-16,0.));
#5196 = PLANE('',#5197);
#5197 = AXIS2_PLACEMENT_3D('',#5198,#5199,#5200);
#5198 = CARTESIAN_POINT('',(-1.55,-0.3,0.));
#5199 = DIRECTION('',(0.,0.,1.));
#5200 = DIRECTION('',(1.,-8.881784197001E-16,0.));
#5201 = ADVANCED_FACE('',(#5202),#5254,.F.);
#5202 = FACE_BOUND('',#5203,.F.);
#5203 = EDGE_LOOP('',(#5204,#5205,#5206,#5214,#5222,#5231,#5240,#5248));
#5204 = ORIENTED_EDGE('',*,*,#4910,.T.);
#5205 = ORIENTED_EDGE('',*,*,#4901,.T.);
#5206 = ORIENTED_EDGE('',*,*,#5207,.T.);
#5207 = EDGE_CURVE('',#4894,#5208,#5210,.T.);
#5208 = VERTEX_POINT('',#5209);
#5209 = CARTESIAN_POINT('',(2.6645352591E-16,0.3,0.));
#5210 = LINE('',#5211,#5212);
#5211 = CARTESIAN_POINT('',(-1.55,0.3,0.));
#5212 = VECTOR('',#5213,1.);
#5213 = DIRECTION('',(1.,-8.881784197001E-16,0.));
#5214 = ORIENTED_EDGE('',*,*,#5215,.F.);
#5215 = EDGE_CURVE('',#5216,#5208,#5218,.T.);
#5216 = VERTEX_POINT('',#5217);
#5217 = CARTESIAN_POINT('',(-8.2236431606E-16,0.2,0.));
#5218 = LINE('',#5219,#5220);
#5219 = CARTESIAN_POINT('',(-2.22044604925E-16,-0.3,0.));
#5220 = VECTOR('',#5221,1.);
#5221 = DIRECTION('',(8.881784197001E-16,1.,0.));
#5222 = ORIENTED_EDGE('',*,*,#5223,.F.);
#5223 = EDGE_CURVE('',#5224,#5216,#5226,.T.);
#5224 = VERTEX_POINT('',#5225);
#5225 = CARTESIAN_POINT('',(0.2,2.6645352591E-16,0.));
#5226 = CIRCLE('',#5227,0.2);
#5227 = AXIS2_PLACEMENT_3D('',#5228,#5229,#5230);
#5228 = CARTESIAN_POINT('',(0.,4.440892098501E-16,0.));
#5229 = DIRECTION('',(-0.,0.,1.));
#5230 = DIRECTION('',(1.,-8.881784197001E-16,0.));
#5231 = ORIENTED_EDGE('',*,*,#5232,.F.);
#5232 = EDGE_CURVE('',#5233,#5224,#5235,.T.);
#5233 = VERTEX_POINT('',#5234);
#5234 = CARTESIAN_POINT('',(-1.17763568394E-15,-0.2,0.));
#5235 = CIRCLE('',#5236,0.2);
#5236 = AXIS2_PLACEMENT_3D('',#5237,#5238,#5239);
#5237 = CARTESIAN_POINT('',(0.,4.440892098501E-16,0.));
#5238 = DIRECTION('',(-0.,0.,1.));
#5239 = DIRECTION('',(1.,-8.881784197001E-16,0.));
#5240 = ORIENTED_EDGE('',*,*,#5241,.F.);
#5241 = EDGE_CURVE('',#5242,#5233,#5244,.T.);
#5242 = VERTEX_POINT('',#5243);
#5243 = CARTESIAN_POINT('',(-2.6645352591E-16,-0.3,0.));
#5244 = LINE('',#5245,#5246);
#5245 = CARTESIAN_POINT('',(-2.22044604925E-16,-0.3,0.));
#5246 = VECTOR('',#5247,1.);
#5247 = DIRECTION('',(8.881784197001E-16,1.,0.));
#5248 = ORIENTED_EDGE('',*,*,#5249,.F.);
#5249 = EDGE_CURVE('',#4911,#5242,#5250,.T.);
#5250 = LINE('',#5251,#5252);
#5251 = CARTESIAN_POINT('',(-1.55,-0.3,0.));
#5252 = VECTOR('',#5253,1.);
#5253 = DIRECTION('',(1.,-8.881784197001E-16,0.));
#5254 = PLANE('',#5255);
#5255 = AXIS2_PLACEMENT_3D('',#5256,#5257,#5258);
#5256 = CARTESIAN_POINT('',(0.,4.440892098501E-16,0.));
#5257 = DIRECTION('',(0.,0.,1.));
#5258 = DIRECTION('',(1.,-8.881784197001E-16,0.));
#5259 = ADVANCED_FACE('',(#5260),#5273,.F.);
#5260 = FACE_BOUND('',#5261,.F.);
#5261 = EDGE_LOOP('',(#5262,#5263,#5264,#5265,#5266,#5272));
#5262 = ORIENTED_EDGE('',*,*,#4884,.F.);
#5263 = ORIENTED_EDGE('',*,*,#4876,.T.);
#5264 = ORIENTED_EDGE('',*,*,#4868,.T.);
#5265 = ORIENTED_EDGE('',*,*,#5147,.T.);
#5266 = ORIENTED_EDGE('',*,*,#5267,.F.);
#5267 = EDGE_CURVE('',#5093,#5148,#5268,.T.);
#5268 = LINE('',#5269,#5270);
#5269 = CARTESIAN_POINT('',(-0.9,1.5,0.));
#5270 = VECTOR('',#5271,1.);
#5271 = DIRECTION('',(1.,-8.881784197001E-16,0.));
#5272 = ORIENTED_EDGE('',*,*,#5092,.F.);
#5273 = PLANE('',#5274);
#5274 = AXIS2_PLACEMENT_3D('',#5275,#5276,#5277);
#5275 = CARTESIAN_POINT('',(-0.9,1.1,0.));
#5276 = DIRECTION('',(0.,0.,1.));
#5277 = DIRECTION('',(1.,-8.881784197001E-16,0.));
#5278 = ADVANCED_FACE('',(#5279),#5292,.F.);
#5279 = FACE_BOUND('',#5280,.F.);
#5280 = EDGE_LOOP('',(#5281,#5282,#5288,#5289,#5290,#5291));
#5281 = ORIENTED_EDGE('',*,*,#5028,.F.);
#5282 = ORIENTED_EDGE('',*,*,#5283,.T.);
#5283 = EDGE_CURVE('',#5021,#5069,#5284,.T.);
#5284 = LINE('',#5285,#5286);
#5285 = CARTESIAN_POINT('',(-0.9,-1.5,0.));
#5286 = VECTOR('',#5287,1.);
#5287 = DIRECTION('',(1.,-8.881784197001E-16,0.));
#5288 = ORIENTED_EDGE('',*,*,#5076,.T.);
#5289 = ORIENTED_EDGE('',*,*,#4857,.T.);
#5290 = ORIENTED_EDGE('',*,*,#4849,.F.);
#5291 = ORIENTED_EDGE('',*,*,#4841,.F.);
#5292 = PLANE('',#5293);
#5293 = AXIS2_PLACEMENT_3D('',#5294,#5295,#5296);
#5294 = CARTESIAN_POINT('',(-0.9,-1.5,0.));
#5295 = DIRECTION('',(0.,0.,1.));
#5296 = DIRECTION('',(1.,-8.881784197001E-16,0.));
#5297 = ADVANCED_FACE('',(#5298),#5309,.F.);
#5298 = FACE_BOUND('',#5299,.F.);
#5299 = EDGE_LOOP('',(#5300,#5301,#5307,#5308));
#5300 = ORIENTED_EDGE('',*,*,#4933,.F.);
#5301 = ORIENTED_EDGE('',*,*,#5302,.F.);
#5302 = EDGE_CURVE('',#4989,#4934,#5303,.T.);
#5303 = LINE('',#5304,#5305);
#5304 = CARTESIAN_POINT('',(-1.55,-0.3,0.));
#5305 = VECTOR('',#5306,1.);
#5306 = DIRECTION('',(8.881784197001E-16,1.,0.));
#5307 = ORIENTED_EDGE('',*,*,#4988,.T.);
#5308 = ORIENTED_EDGE('',*,*,#5183,.T.);
#5309 = PLANE('',#5310);
#5310 = AXIS2_PLACEMENT_3D('',#5311,#5312,#5313);
#5311 = CARTESIAN_POINT('',(-1.55,-0.3,0.));
#5312 = DIRECTION('',(0.,0.,1.));
#5313 = DIRECTION('',(1.,-8.881784197001E-16,0.));
#5314 = ADVANCED_FACE('',(#5315),#5321,.F.);
#5315 = FACE_BOUND('',#5316,.F.);
#5316 = EDGE_LOOP('',(#5317,#5318,#5319,#5320));
#5317 = ORIENTED_EDGE('',*,*,#4996,.F.);
#5318 = ORIENTED_EDGE('',*,*,#5302,.T.);
#5319 = ORIENTED_EDGE('',*,*,#4941,.T.);
#5320 = ORIENTED_EDGE('',*,*,#4965,.F.);
#5321 = PLANE('',#5322);
#5322 = AXIS2_PLACEMENT_3D('',#5323,#5324,#5325);
#5323 = CARTESIAN_POINT('',(-1.55,-0.3,0.));
#5324 = DIRECTION('',(1.,-8.881784197001E-16,0.));
#5325 = DIRECTION('',(0.,0.,1.));
#5326 = ADVANCED_FACE('',(#5327),#5333,.F.);
#5327 = FACE_BOUND('',#5328,.F.);
#5328 = EDGE_LOOP('',(#5329,#5330,#5331,#5332));
#5329 = ORIENTED_EDGE('',*,*,#5283,.F.);
#5330 = ORIENTED_EDGE('',*,*,#5020,.T.);
#5331 = ORIENTED_EDGE('',*,*,#5044,.T.);
#5332 = ORIENTED_EDGE('',*,*,#5068,.F.);
#5333 = PLANE('',#5334);
#5334 = AXIS2_PLACEMENT_3D('',#5335,#5336,#5337);
#5335 = CARTESIAN_POINT('',(-0.9,-1.5,0.));
#5336 = DIRECTION('',(8.881784197001E-16,1.,0.));
#5337 = DIRECTION('',(0.,-0.,1.));
#5338 = ADVANCED_FACE('',(#5339),#5345,.T.);
#5339 = FACE_BOUND('',#5340,.T.);
#5340 = EDGE_LOOP('',(#5341,#5342,#5343,#5344));
#5341 = ORIENTED_EDGE('',*,*,#5267,.F.);
#5342 = ORIENTED_EDGE('',*,*,#5100,.T.);
#5343 = ORIENTED_EDGE('',*,*,#5132,.T.);
#5344 = ORIENTED_EDGE('',*,*,#5155,.F.);
#5345 = PLANE('',#5346);
#5346 = AXIS2_PLACEMENT_3D('',#5347,#5348,#5349);
#5347 = CARTESIAN_POINT('',(-0.9,1.5,0.));
#5348 = DIRECTION('',(8.881784197001E-16,1.,0.));
#5349 = DIRECTION('',(0.,-0.,1.));
#5350 = ADVANCED_FACE('',(#5351),#5365,.F.);
#5351 = FACE_BOUND('',#5352,.F.);
#5352 = EDGE_LOOP('',(#5353,#5354,#5355,#5356,#5357,#5364));
#5353 = ORIENTED_EDGE('',*,*,#5207,.F.);
#5354 = ORIENTED_EDGE('',*,*,#5190,.T.);
#5355 = ORIENTED_EDGE('',*,*,#5249,.T.);
#5356 = ORIENTED_EDGE('',*,*,#5241,.T.);
#5357 = ORIENTED_EDGE('',*,*,#5358,.F.);
#5358 = EDGE_CURVE('',#5216,#5233,#5359,.T.);
#5359 = CIRCLE('',#5360,0.2);
#5360 = AXIS2_PLACEMENT_3D('',#5361,#5362,#5363);
#5361 = CARTESIAN_POINT('',(0.,4.440892098501E-16,0.));
#5362 = DIRECTION('',(-0.,0.,1.));
#5363 = DIRECTION('',(1.,-8.881784197001E-16,0.));
#5364 = ORIENTED_EDGE('',*,*,#5215,.T.);
#5365 = PLANE('',#5366);
#5366 = AXIS2_PLACEMENT_3D('',#5367,#5368,#5369);
#5367 = CARTESIAN_POINT('',(0.,4.440892098501E-16,0.));
#5368 = DIRECTION('',(0.,0.,1.));
#5369 = DIRECTION('',(1.,-8.881784197001E-16,0.));
#5370 = ADVANCED_FACE('',(#5371),#5381,.F.);
#5371 = FACE_BOUND('',#5372,.F.);
#5372 = EDGE_LOOP('',(#5373,#5374,#5375));
#5373 = ORIENTED_EDGE('',*,*,#5232,.T.);
#5374 = ORIENTED_EDGE('',*,*,#5223,.T.);
#5375 = ORIENTED_EDGE('',*,*,#5376,.F.);
#5376 = EDGE_CURVE('',#5233,#5216,#5377,.T.);
#5377 = LINE('',#5378,#5379);
#5378 = CARTESIAN_POINT('',(-2.22044604925E-16,-0.3,0.));
#5379 = VECTOR('',#5380,1.);
#5380 = DIRECTION('',(8.881784197001E-16,1.,0.));
#5381 = PLANE('',#5382);
#5382 = AXIS2_PLACEMENT_3D('',#5383,#5384,#5385);
#5383 = CARTESIAN_POINT('',(0.,4.440892098501E-16,0.));
#5384 = DIRECTION('',(0.,0.,1.));
#5385 = DIRECTION('',(1.,-8.881784197001E-16,0.));
#5386 = ADVANCED_FACE('',(#5387),#5391,.F.);
#5387 = FACE_BOUND('',#5388,.F.);
#5388 = EDGE_LOOP('',(#5389,#5390));
#5389 = ORIENTED_EDGE('',*,*,#5376,.T.);
#5390 = ORIENTED_EDGE('',*,*,#5358,.T.);
#5391 = PLANE('',#5392);
#5392 = AXIS2_PLACEMENT_3D('',#5393,#5394,#5395);
#5393 = CARTESIAN_POINT('',(0.,4.440892098501E-16,0.));
#5394 = DIRECTION('',(0.,0.,1.));
#5395 = DIRECTION('',(1.,-8.881784197001E-16,0.));
#5396 = ( GEOMETRIC_REPRESENTATION_CONTEXT(3) 
GLOBAL_UNCERTAINTY_ASSIGNED_CONTEXT((#5400)) 
GLOBAL_UNIT_ASSIGNED_CONTEXT((#5397,#5398,#5399)) REPRESENTATION_CONTEXT
('Context #1','3D Context with UNIT and UNCERTAINTY') );
#5397 = ( LENGTH_UNIT() NAMED_UNIT(*) SI_UNIT(.MILLI.,.METRE.) );
#5398 = ( NAMED_UNIT(*) PLANE_ANGLE_UNIT() SI_UNIT($,.RADIAN.) );
#5399 = ( NAMED_UNIT(*) SI_UNIT($,.STERADIAN.) SOLID_ANGLE_UNIT() );
#5400 = UNCERTAINTY_MEASURE_WITH_UNIT(LENGTH_MEASURE(1.E-07),#5397,
  'distance_accuracy_value','confusion accuracy');
#5401 = CONTEXT_DEPENDENT_SHAPE_REPRESENTATION(#5402,#5404);
#5402 = ( REPRESENTATION_RELATIONSHIP('','',#4033,#4010) 
REPRESENTATION_RELATIONSHIP_WITH_TRANSFORMATION(#5403) 
SHAPE_REPRESENTATION_RELATIONSHIP() );
#5403 = ITEM_DEFINED_TRANSFORMATION('','',#11,#4011);
#5404 = PRODUCT_DEFINITION_SHAPE('Placement','Placement of an item',
  #5405);
#5405 = NEXT_ASSEMBLY_USAGE_OCCURRENCE('27','=>[0:1:1:11]','',#4005,
  #4028,$);
#5406 = PRODUCT_RELATED_PRODUCT_CATEGORY('part',$,(#4030));
#5407 = CONTEXT_DEPENDENT_SHAPE_REPRESENTATION(#5408,#5410);
#5408 = ( REPRESENTATION_RELATIONSHIP('','',#1232,#10) 
REPRESENTATION_RELATIONSHIP_WITH_TRANSFORMATION(#5409) 
SHAPE_REPRESENTATION_RELATIONSHIP() );
#5409 = ITEM_DEFINED_TRANSFORMATION('','',#11,#107);
#5410 = PRODUCT_DEFINITION_SHAPE('Placement','Placement of an item',
  #5411);
#5411 = NEXT_ASSEMBLY_USAGE_OCCURRENCE('29','C41','',#5,#1227,$);
#5412 = CONTEXT_DEPENDENT_SHAPE_REPRESENTATION(#5413,#5415);
#5413 = ( REPRESENTATION_RELATIONSHIP('','',#2138,#10) 
REPRESENTATION_RELATIONSHIP_WITH_TRANSFORMATION(#5414) 
SHAPE_REPRESENTATION_RELATIONSHIP() );
#5414 = ITEM_DEFINED_TRANSFORMATION('','',#11,#111);
#5415 = PRODUCT_DEFINITION_SHAPE('Placement','Placement of an item',
  #5416);
#5416 = NEXT_ASSEMBLY_USAGE_OCCURRENCE('30','C50','',#5,#2133,$);
#5417 = CONTEXT_DEPENDENT_SHAPE_REPRESENTATION(#5418,#5420);
#5418 = ( REPRESENTATION_RELATIONSHIP('','',#400,#10) 
REPRESENTATION_RELATIONSHIP_WITH_TRANSFORMATION(#5419) 
SHAPE_REPRESENTATION_RELATIONSHIP() );
#5419 = ITEM_DEFINED_TRANSFORMATION('','',#11,#115);
#5420 = PRODUCT_DEFINITION_SHAPE('Placement','Placement of an item',
  #5421);
#5421 = NEXT_ASSEMBLY_USAGE_OCCURRENCE('31','R3','',#5,#395,$);
#5422 = CONTEXT_DEPENDENT_SHAPE_REPRESENTATION(#5423,#5425);
#5423 = ( REPRESENTATION_RELATIONSHIP('','',#2138,#10) 
REPRESENTATION_RELATIONSHIP_WITH_TRANSFORMATION(#5424) 
SHAPE_REPRESENTATION_RELATIONSHIP() );
#5424 = ITEM_DEFINED_TRANSFORMATION('','',#11,#119);
#5425 = PRODUCT_DEFINITION_SHAPE('Placement','Placement of an item',
  #5426);
#5426 = NEXT_ASSEMBLY_USAGE_OCCURRENCE('32','C16','',#5,#2133,$);
#5427 = CONTEXT_DEPENDENT_SHAPE_REPRESENTATION(#5428,#5430);
#5428 = ( REPRESENTATION_RELATIONSHIP('','',#2138,#10) 
REPRESENTATION_RELATIONSHIP_WITH_TRANSFORMATION(#5429) 
SHAPE_REPRESENTATION_RELATIONSHIP() );
#5429 = ITEM_DEFINED_TRANSFORMATION('','',#11,#123);
#5430 = PRODUCT_DEFINITION_SHAPE('Placement','Placement of an item',
  #5431);
#5431 = NEXT_ASSEMBLY_USAGE_OCCURRENCE('33','C28','',#5,#2133,$);
#5432 = CONTEXT_DEPENDENT_SHAPE_REPRESENTATION(#5433,#5435);
#5433 = ( REPRESENTATION_RELATIONSHIP('','',#2138,#10) 
REPRESENTATION_RELATIONSHIP_WITH_TRANSFORMATION(#5434) 
SHAPE_REPRESENTATION_RELATIONSHIP() );
#5434 = ITEM_DEFINED_TRANSFORMATION('','',#11,#127);
#5435 = PRODUCT_DEFINITION_SHAPE('Placement','Placement of an item',
  #5436);
#5436 = NEXT_ASSEMBLY_USAGE_OCCURRENCE('34','C37','',#5,#2133,$);
#5437 = CONTEXT_DEPENDENT_SHAPE_REPRESENTATION(#5438,#5440);
#5438 = ( REPRESENTATION_RELATIONSHIP('','',#2138,#10) 
REPRESENTATION_RELATIONSHIP_WITH_TRANSFORMATION(#5439) 
SHAPE_REPRESENTATION_RELATIONSHIP() );
#5439 = ITEM_DEFINED_TRANSFORMATION('','',#11,#131);
#5440 = PRODUCT_DEFINITION_SHAPE('Placement','Placement of an item',
  #5441);
#5441 = NEXT_ASSEMBLY_USAGE_OCCURRENCE('35','C24','',#5,#2133,$);
#5442 = CONTEXT_DEPENDENT_SHAPE_REPRESENTATION(#5443,#5445);
#5443 = ( REPRESENTATION_RELATIONSHIP('','',#2138,#10) 
REPRESENTATION_RELATIONSHIP_WITH_TRANSFORMATION(#5444) 
SHAPE_REPRESENTATION_RELATIONSHIP() );
#5444 = ITEM_DEFINED_TRANSFORMATION('','',#11,#135);
#5445 = PRODUCT_DEFINITION_SHAPE('Placement','Placement of an item',
  #5446);
#5446 = NEXT_ASSEMBLY_USAGE_OCCURRENCE('36','C27','',#5,#2133,$);
#5447 = CONTEXT_DEPENDENT_SHAPE_REPRESENTATION(#5448,#5450);
#5448 = ( REPRESENTATION_RELATIONSHIP('','',#1232,#10) 
REPRESENTATION_RELATIONSHIP_WITH_TRANSFORMATION(#5449) 
SHAPE_REPRESENTATION_RELATIONSHIP() );
#5449 = ITEM_DEFINED_TRANSFORMATION('','',#11,#139);
#5450 = PRODUCT_DEFINITION_SHAPE('Placement','Placement of an item',
  #5451);
#5451 = NEXT_ASSEMBLY_USAGE_OCCURRENCE('37','C72','',#5,#1227,$);
#5452 = CONTEXT_DEPENDENT_SHAPE_REPRESENTATION(#5453,#5455);
#5453 = ( REPRESENTATION_RELATIONSHIP('','',#1232,#10) 
REPRESENTATION_RELATIONSHIP_WITH_TRANSFORMATION(#5454) 
SHAPE_REPRESENTATION_RELATIONSHIP() );
#5454 = ITEM_DEFINED_TRANSFORMATION('','',#11,#143);
#5455 = PRODUCT_DEFINITION_SHAPE('Placement','Placement of an item',
  #5456);
#5456 = NEXT_ASSEMBLY_USAGE_OCCURRENCE('38','C34','',#5,#1227,$);
#5457 = CONTEXT_DEPENDENT_SHAPE_REPRESENTATION(#5458,#5460);
#5458 = ( REPRESENTATION_RELATIONSHIP('','',#1232,#10) 
REPRESENTATION_RELATIONSHIP_WITH_TRANSFORMATION(#5459) 
SHAPE_REPRESENTATION_RELATIONSHIP() );
#5459 = ITEM_DEFINED_TRANSFORMATION('','',#11,#147);
#5460 = PRODUCT_DEFINITION_SHAPE('Placement','Placement of an item',
  #5461);
#5461 = NEXT_ASSEMBLY_USAGE_OCCURRENCE('39','C40','',#5,#1227,$);
#5462 = CONTEXT_DEPENDENT_SHAPE_REPRESENTATION(#5463,#5465);
#5463 = ( REPRESENTATION_RELATIONSHIP('','',#400,#10) 
REPRESENTATION_RELATIONSHIP_WITH_TRANSFORMATION(#5464) 
SHAPE_REPRESENTATION_RELATIONSHIP() );
#5464 = ITEM_DEFINED_TRANSFORMATION('','',#11,#151);
#5465 = PRODUCT_DEFINITION_SHAPE('Placement','Placement of an item',
  #5466);
#5466 = NEXT_ASSEMBLY_USAGE_OCCURRENCE('40','R2','',#5,#395,$);
#5467 = CONTEXT_DEPENDENT_SHAPE_REPRESENTATION(#5468,#5470);
#5468 = ( REPRESENTATION_RELATIONSHIP('','',#2138,#10) 
REPRESENTATION_RELATIONSHIP_WITH_TRANSFORMATION(#5469) 
SHAPE_REPRESENTATION_RELATIONSHIP() );
#5469 = ITEM_DEFINED_TRANSFORMATION('','',#11,#155);
#5470 = PRODUCT_DEFINITION_SHAPE('Placement','Placement of an item',
  #5471);
#5471 = NEXT_ASSEMBLY_USAGE_OCCURRENCE('41','C10','',#5,#2133,$);
#5472 = CONTEXT_DEPENDENT_SHAPE_REPRESENTATION(#5473,#5475);
#5473 = ( REPRESENTATION_RELATIONSHIP('','',#1232,#10) 
REPRESENTATION_RELATIONSHIP_WITH_TRANSFORMATION(#5474) 
SHAPE_REPRESENTATION_RELATIONSHIP() );
#5474 = ITEM_DEFINED_TRANSFORMATION('','',#11,#159);
#5475 = PRODUCT_DEFINITION_SHAPE('Placement','Placement of an item',
  #5476);
#5476 = NEXT_ASSEMBLY_USAGE_OCCURRENCE('42','C75','',#5,#1227,$);
#5477 = CONTEXT_DEPENDENT_SHAPE_REPRESENTATION(#5478,#5480);
#5478 = ( REPRESENTATION_RELATIONSHIP('','',#1232,#10) 
REPRESENTATION_RELATIONSHIP_WITH_TRANSFORMATION(#5479) 
SHAPE_REPRESENTATION_RELATIONSHIP() );
#5479 = ITEM_DEFINED_TRANSFORMATION('','',#11,#163);
#5480 = PRODUCT_DEFINITION_SHAPE('Placement','Placement of an item',
  #5481);
#5481 = NEXT_ASSEMBLY_USAGE_OCCURRENCE('43','C68','',#5,#1227,$);
#5482 = CONTEXT_DEPENDENT_SHAPE_REPRESENTATION(#5483,#5485);
#5483 = ( REPRESENTATION_RELATIONSHIP('','',#1232,#10) 
REPRESENTATION_RELATIONSHIP_WITH_TRANSFORMATION(#5484) 
SHAPE_REPRESENTATION_RELATIONSHIP() );
#5484 = ITEM_DEFINED_TRANSFORMATION('','',#11,#167);
#5485 = PRODUCT_DEFINITION_SHAPE('Placement','Placement of an item',
  #5486);
#5486 = NEXT_ASSEMBLY_USAGE_OCCURRENCE('44','C3','',#5,#1227,$);
#5487 = CONTEXT_DEPENDENT_SHAPE_REPRESENTATION(#5488,#5490);
#5488 = ( REPRESENTATION_RELATIONSHIP('','',#1232,#10) 
REPRESENTATION_RELATIONSHIP_WITH_TRANSFORMATION(#5489) 
SHAPE_REPRESENTATION_RELATIONSHIP() );
#5489 = ITEM_DEFINED_TRANSFORMATION('','',#11,#171);
#5490 = PRODUCT_DEFINITION_SHAPE('Placement','Placement of an item',
  #5491);
#5491 = NEXT_ASSEMBLY_USAGE_OCCURRENCE('45','C80','',#5,#1227,$);
#5492 = CONTEXT_DEPENDENT_SHAPE_REPRESENTATION(#5493,#5495);
#5493 = ( REPRESENTATION_RELATIONSHIP('','',#2138,#10) 
REPRESENTATION_RELATIONSHIP_WITH_TRANSFORMATION(#5494) 
SHAPE_REPRESENTATION_RELATIONSHIP() );
#5494 = ITEM_DEFINED_TRANSFORMATION('','',#11,#175);
#5495 = PRODUCT_DEFINITION_SHAPE('Placement','Placement of an item',
  #5496);
#5496 = NEXT_ASSEMBLY_USAGE_OCCURRENCE('46','C9','',#5,#2133,$);
#5497 = CONTEXT_DEPENDENT_SHAPE_REPRESENTATION(#5498,#5500);
#5498 = ( REPRESENTATION_RELATIONSHIP('','',#1232,#10) 
REPRESENTATION_RELATIONSHIP_WITH_TRANSFORMATION(#5499) 
SHAPE_REPRESENTATION_RELATIONSHIP() );
#5499 = ITEM_DEFINED_TRANSFORMATION('','',#11,#179);
#5500 = PRODUCT_DEFINITION_SHAPE('Placement','Placement of an item',
  #5501);
#5501 = NEXT_ASSEMBLY_USAGE_OCCURRENCE('47','C11','',#5,#1227,$);
#5502 = CONTEXT_DEPENDENT_SHAPE_REPRESENTATION(#5503,#5505);
#5503 = ( REPRESENTATION_RELATIONSHIP('','',#1232,#10) 
REPRESENTATION_RELATIONSHIP_WITH_TRANSFORMATION(#5504) 
SHAPE_REPRESENTATION_RELATIONSHIP() );
#5504 = ITEM_DEFINED_TRANSFORMATION('','',#11,#183);
#5505 = PRODUCT_DEFINITION_SHAPE('Placement','Placement of an item',
  #5506);
#5506 = NEXT_ASSEMBLY_USAGE_OCCURRENCE('48','C78','',#5,#1227,$);
#5507 = CONTEXT_DEPENDENT_SHAPE_REPRESENTATION(#5508,#5510);
#5508 = ( REPRESENTATION_RELATIONSHIP('','',#1232,#10) 
REPRESENTATION_RELATIONSHIP_WITH_TRANSFORMATION(#5509) 
SHAPE_REPRESENTATION_RELATIONSHIP() );
#5509 = ITEM_DEFINED_TRANSFORMATION('','',#11,#187);
#5510 = PRODUCT_DEFINITION_SHAPE('Placement','Placement of an item',
  #5511);
#5511 = NEXT_ASSEMBLY_USAGE_OCCURRENCE('49','C76','',#5,#1227,$);
#5512 = CONTEXT_DEPENDENT_SHAPE_REPRESENTATION(#5513,#5515);
#5513 = ( REPRESENTATION_RELATIONSHIP('','',#2138,#10) 
REPRESENTATION_RELATIONSHIP_WITH_TRANSFORMATION(#5514) 
SHAPE_REPRESENTATION_RELATIONSHIP() );
#5514 = ITEM_DEFINED_TRANSFORMATION('','',#11,#191);
#5515 = PRODUCT_DEFINITION_SHAPE('Placement','Placement of an item',
  #5516);
#5516 = NEXT_ASSEMBLY_USAGE_OCCURRENCE('50','C23','',#5,#2133,$);
#5517 = CONTEXT_DEPENDENT_SHAPE_REPRESENTATION(#5518,#5520);
#5518 = ( REPRESENTATION_RELATIONSHIP('','',#400,#10) 
REPRESENTATION_RELATIONSHIP_WITH_TRANSFORMATION(#5519) 
SHAPE_REPRESENTATION_RELATIONSHIP() );
#5519 = ITEM_DEFINED_TRANSFORMATION('','',#11,#195);
#5520 = PRODUCT_DEFINITION_SHAPE('Placement','Placement of an item',
  #5521);
#5521 = NEXT_ASSEMBLY_USAGE_OCCURRENCE('51','R12','',#5,#395,$);
#5522 = CONTEXT_DEPENDENT_SHAPE_REPRESENTATION(#5523,#5525);
#5523 = ( REPRESENTATION_RELATIONSHIP('','',#2138,#10) 
REPRESENTATION_RELATIONSHIP_WITH_TRANSFORMATION(#5524) 
SHAPE_REPRESENTATION_RELATIONSHIP() );
#5524 = ITEM_DEFINED_TRANSFORMATION('','',#11,#199);
#5525 = PRODUCT_DEFINITION_SHAPE('Placement','Placement of an item',
  #5526);
#5526 = NEXT_ASSEMBLY_USAGE_OCCURRENCE('52','C18','',#5,#2133,$);
#5527 = CONTEXT_DEPENDENT_SHAPE_REPRESENTATION(#5528,#5530);
#5528 = ( REPRESENTATION_RELATIONSHIP('','',#1232,#10) 
REPRESENTATION_RELATIONSHIP_WITH_TRANSFORMATION(#5529) 
SHAPE_REPRESENTATION_RELATIONSHIP() );
#5529 = ITEM_DEFINED_TRANSFORMATION('','',#11,#203);
#5530 = PRODUCT_DEFINITION_SHAPE('Placement','Placement of an item',
  #5531);
#5531 = NEXT_ASSEMBLY_USAGE_OCCURRENCE('53','C13','',#5,#1227,$);
#5532 = CONTEXT_DEPENDENT_SHAPE_REPRESENTATION(#5533,#5535);
#5533 = ( REPRESENTATION_RELATIONSHIP('','',#1232,#10) 
REPRESENTATION_RELATIONSHIP_WITH_TRANSFORMATION(#5534) 
SHAPE_REPRESENTATION_RELATIONSHIP() );
#5534 = ITEM_DEFINED_TRANSFORMATION('','',#11,#207);
#5535 = PRODUCT_DEFINITION_SHAPE('Placement','Placement of an item',
  #5536);
#5536 = NEXT_ASSEMBLY_USAGE_OCCURRENCE('54','C77','',#5,#1227,$);
#5537 = CONTEXT_DEPENDENT_SHAPE_REPRESENTATION(#5538,#5540);
#5538 = ( REPRESENTATION_RELATIONSHIP('','',#1232,#10) 
REPRESENTATION_RELATIONSHIP_WITH_TRANSFORMATION(#5539) 
SHAPE_REPRESENTATION_RELATIONSHIP() );
#5539 = ITEM_DEFINED_TRANSFORMATION('','',#11,#211);
#5540 = PRODUCT_DEFINITION_SHAPE('Placement','Placement of an item',
  #5541);
#5541 = NEXT_ASSEMBLY_USAGE_OCCURRENCE('55','C81','',#5,#1227,$);
#5542 = CONTEXT_DEPENDENT_SHAPE_REPRESENTATION(#5543,#5545);
#5543 = ( REPRESENTATION_RELATIONSHIP('','',#1232,#10) 
REPRESENTATION_RELATIONSHIP_WITH_TRANSFORMATION(#5544) 
SHAPE_REPRESENTATION_RELATIONSHIP() );
#5544 = ITEM_DEFINED_TRANSFORMATION('','',#11,#215);
#5545 = PRODUCT_DEFINITION_SHAPE('Placement','Placement of an item',
  #5546);
#5546 = NEXT_ASSEMBLY_USAGE_OCCURRENCE('56','R14','',#5,#1227,$);
#5547 = CONTEXT_DEPENDENT_SHAPE_REPRESENTATION(#5548,#5550);
#5548 = ( REPRESENTATION_RELATIONSHIP('','',#1232,#10) 
REPRESENTATION_RELATIONSHIP_WITH_TRANSFORMATION(#5549) 
SHAPE_REPRESENTATION_RELATIONSHIP() );
#5549 = ITEM_DEFINED_TRANSFORMATION('','',#11,#219);
#5550 = PRODUCT_DEFINITION_SHAPE('Placement','Placement of an item',
  #5551);
#5551 = NEXT_ASSEMBLY_USAGE_OCCURRENCE('57','L2','',#5,#1227,$);
#5552 = CONTEXT_DEPENDENT_SHAPE_REPRESENTATION(#5553,#5555);
#5553 = ( REPRESENTATION_RELATIONSHIP('','',#2138,#10) 
REPRESENTATION_RELATIONSHIP_WITH_TRANSFORMATION(#5554) 
SHAPE_REPRESENTATION_RELATIONSHIP() );
#5554 = ITEM_DEFINED_TRANSFORMATION('','',#11,#223);
#5555 = PRODUCT_DEFINITION_SHAPE('Placement','Placement of an item',
  #5556);
#5556 = NEXT_ASSEMBLY_USAGE_OCCURRENCE('58','C42','',#5,#2133,$);
#5557 = CONTEXT_DEPENDENT_SHAPE_REPRESENTATION(#5558,#5560);
#5558 = ( REPRESENTATION_RELATIONSHIP('','',#2138,#10) 
REPRESENTATION_RELATIONSHIP_WITH_TRANSFORMATION(#5559) 
SHAPE_REPRESENTATION_RELATIONSHIP() );
#5559 = ITEM_DEFINED_TRANSFORMATION('','',#11,#227);
#5560 = PRODUCT_DEFINITION_SHAPE('Placement','Placement of an item',
  #5561);
#5561 = NEXT_ASSEMBLY_USAGE_OCCURRENCE('59','C17','',#5,#2133,$);
#5562 = CONTEXT_DEPENDENT_SHAPE_REPRESENTATION(#5563,#5565);
#5563 = ( REPRESENTATION_RELATIONSHIP('','',#2138,#10) 
REPRESENTATION_RELATIONSHIP_WITH_TRANSFORMATION(#5564) 
SHAPE_REPRESENTATION_RELATIONSHIP() );
#5564 = ITEM_DEFINED_TRANSFORMATION('','',#11,#231);
#5565 = PRODUCT_DEFINITION_SHAPE('Placement','Placement of an item',
  #5566);
#5566 = NEXT_ASSEMBLY_USAGE_OCCURRENCE('60','C26','',#5,#2133,$);
#5567 = CONTEXT_DEPENDENT_SHAPE_REPRESENTATION(#5568,#5570);
#5568 = ( REPRESENTATION_RELATIONSHIP('','',#400,#10) 
REPRESENTATION_RELATIONSHIP_WITH_TRANSFORMATION(#5569) 
SHAPE_REPRESENTATION_RELATIONSHIP() );
#5569 = ITEM_DEFINED_TRANSFORMATION('','',#11,#235);
#5570 = PRODUCT_DEFINITION_SHAPE('Placement','Placement of an item',
  #5571);
#5571 = NEXT_ASSEMBLY_USAGE_OCCURRENCE('61','R7','',#5,#395,$);
#5572 = CONTEXT_DEPENDENT_SHAPE_REPRESENTATION(#5573,#5575);
#5573 = ( REPRESENTATION_RELATIONSHIP('','',#1232,#10) 
REPRESENTATION_RELATIONSHIP_WITH_TRANSFORMATION(#5574) 
SHAPE_REPRESENTATION_RELATIONSHIP() );
#5574 = ITEM_DEFINED_TRANSFORMATION('','',#11,#239);
#5575 = PRODUCT_DEFINITION_SHAPE('Placement','Placement of an item',
  #5576);
#5576 = NEXT_ASSEMBLY_USAGE_OCCURRENCE('62','C31','',#5,#1227,$);
#5577 = CONTEXT_DEPENDENT_SHAPE_REPRESENTATION(#5578,#5580);
#5578 = ( REPRESENTATION_RELATIONSHIP('','',#400,#10) 
REPRESENTATION_RELATIONSHIP_WITH_TRANSFORMATION(#5579) 
SHAPE_REPRESENTATION_RELATIONSHIP() );
#5579 = ITEM_DEFINED_TRANSFORMATION('','',#11,#243);
#5580 = PRODUCT_DEFINITION_SHAPE('Placement','Placement of an item',
  #5581);
#5581 = NEXT_ASSEMBLY_USAGE_OCCURRENCE('63','R9','',#5,#395,$);
#5582 = CONTEXT_DEPENDENT_SHAPE_REPRESENTATION(#5583,#5585);
#5583 = ( REPRESENTATION_RELATIONSHIP('','',#3054,#10) 
REPRESENTATION_RELATIONSHIP_WITH_TRANSFORMATION(#5584) 
SHAPE_REPRESENTATION_RELATIONSHIP() );
#5584 = ITEM_DEFINED_TRANSFORMATION('','',#11,#247);
#5585 = PRODUCT_DEFINITION_SHAPE('Placement','Placement of an item',
  #5586);
#5586 = NEXT_ASSEMBLY_USAGE_OCCURRENCE('64','L6','',#5,#3049,$);
#5587 = CONTEXT_DEPENDENT_SHAPE_REPRESENTATION(#5588,#5590);
#5588 = ( REPRESENTATION_RELATIONSHIP('','',#2138,#10) 
REPRESENTATION_RELATIONSHIP_WITH_TRANSFORMATION(#5589) 
SHAPE_REPRESENTATION_RELATIONSHIP() );
#5589 = ITEM_DEFINED_TRANSFORMATION('','',#11,#251);
#5590 = PRODUCT_DEFINITION_SHAPE('Placement','Placement of an item',
  #5591);
#5591 = NEXT_ASSEMBLY_USAGE_OCCURRENCE('65','C36','',#5,#2133,$);
#5592 = CONTEXT_DEPENDENT_SHAPE_REPRESENTATION(#5593,#5595);
#5593 = ( REPRESENTATION_RELATIONSHIP('','',#1232,#10) 
REPRESENTATION_RELATIONSHIP_WITH_TRANSFORMATION(#5594) 
SHAPE_REPRESENTATION_RELATIONSHIP() );
#5594 = ITEM_DEFINED_TRANSFORMATION('','',#11,#255);
#5595 = PRODUCT_DEFINITION_SHAPE('Placement','Placement of an item',
  #5596);
#5596 = NEXT_ASSEMBLY_USAGE_OCCURRENCE('66','C7','',#5,#1227,$);
#5597 = CONTEXT_DEPENDENT_SHAPE_REPRESENTATION(#5598,#5600);
#5598 = ( REPRESENTATION_RELATIONSHIP('','',#1232,#10) 
REPRESENTATION_RELATIONSHIP_WITH_TRANSFORMATION(#5599) 
SHAPE_REPRESENTATION_RELATIONSHIP() );
#5599 = ITEM_DEFINED_TRANSFORMATION('','',#11,#259);
#5600 = PRODUCT_DEFINITION_SHAPE('Placement','Placement of an item',
  #5601);
#5601 = NEXT_ASSEMBLY_USAGE_OCCURRENCE('67','C46','',#5,#1227,$);
#5602 = CONTEXT_DEPENDENT_SHAPE_REPRESENTATION(#5603,#5605);
#5603 = ( REPRESENTATION_RELATIONSHIP('','',#3054,#10) 
REPRESENTATION_RELATIONSHIP_WITH_TRANSFORMATION(#5604) 
SHAPE_REPRESENTATION_RELATIONSHIP() );
#5604 = ITEM_DEFINED_TRANSFORMATION('','',#11,#263);
#5605 = PRODUCT_DEFINITION_SHAPE('Placement','Placement of an item',
  #5606);
#5606 = NEXT_ASSEMBLY_USAGE_OCCURRENCE('68','L17','',#5,#3049,$);
#5607 = CONTEXT_DEPENDENT_SHAPE_REPRESENTATION(#5608,#5610);
#5608 = ( REPRESENTATION_RELATIONSHIP('','',#1232,#10) 
REPRESENTATION_RELATIONSHIP_WITH_TRANSFORMATION(#5609) 
SHAPE_REPRESENTATION_RELATIONSHIP() );
#5609 = ITEM_DEFINED_TRANSFORMATION('','',#11,#267);
#5610 = PRODUCT_DEFINITION_SHAPE('Placement','Placement of an item',
  #5611);
#5611 = NEXT_ASSEMBLY_USAGE_OCCURRENCE('69','C8','',#5,#1227,$);
#5612 = CONTEXT_DEPENDENT_SHAPE_REPRESENTATION(#5613,#5615);
#5613 = ( REPRESENTATION_RELATIONSHIP('','',#1232,#10) 
REPRESENTATION_RELATIONSHIP_WITH_TRANSFORMATION(#5614) 
SHAPE_REPRESENTATION_RELATIONSHIP() );
#5614 = ITEM_DEFINED_TRANSFORMATION('','',#11,#271);
#5615 = PRODUCT_DEFINITION_SHAPE('Placement','Placement of an item',
  #5616);
#5616 = NEXT_ASSEMBLY_USAGE_OCCURRENCE('70','C5','',#5,#1227,$);
#5617 = CONTEXT_DEPENDENT_SHAPE_REPRESENTATION(#5618,#5620);
#5618 = ( REPRESENTATION_RELATIONSHIP('','',#3054,#10) 
REPRESENTATION_RELATIONSHIP_WITH_TRANSFORMATION(#5619) 
SHAPE_REPRESENTATION_RELATIONSHIP() );
#5619 = ITEM_DEFINED_TRANSFORMATION('','',#11,#275);
#5620 = PRODUCT_DEFINITION_SHAPE('Placement','Placement of an item',
  #5621);
#5621 = NEXT_ASSEMBLY_USAGE_OCCURRENCE('71','L10','',#5,#3049,$);
#5622 = CONTEXT_DEPENDENT_SHAPE_REPRESENTATION(#5623,#5625);
#5623 = ( REPRESENTATION_RELATIONSHIP('','',#1232,#10) 
REPRESENTATION_RELATIONSHIP_WITH_TRANSFORMATION(#5624) 
SHAPE_REPRESENTATION_RELATIONSHIP() );
#5624 = ITEM_DEFINED_TRANSFORMATION('','',#11,#279);
#5625 = PRODUCT_DEFINITION_SHAPE('Placement','Placement of an item',
  #5626);
#5626 = NEXT_ASSEMBLY_USAGE_OCCURRENCE('72','L12','',#5,#1227,$);
#5627 = SHAPE_DEFINITION_REPRESENTATION(#5628,#5634);
#5628 = PRODUCT_DEFINITION_SHAPE('','',#5629);
#5629 = PRODUCT_DEFINITION('design','',#5630,#5633);
#5630 = PRODUCT_DEFINITION_FORMATION('','',#5631);
#5631 = PRODUCT('PBZ-29','PBZ-29','',(#5632));
#5632 = PRODUCT_CONTEXT('',#2,'mechanical');
#5633 = PRODUCT_DEFINITION_CONTEXT('part definition',#2,'design');
#5634 = SHAPE_REPRESENTATION('',(#11,#5635),#5639);
#5635 = AXIS2_PLACEMENT_3D('',#5636,#5637,#5638);
#5636 = CARTESIAN_POINT('',(0.,0.,0.));
#5637 = DIRECTION('',(0.,0.,1.));
#5638 = DIRECTION('',(1.,0.,-0.));
#5639 = ( GEOMETRIC_REPRESENTATION_CONTEXT(3) 
GLOBAL_UNCERTAINTY_ASSIGNED_CONTEXT((#5643)) 
GLOBAL_UNIT_ASSIGNED_CONTEXT((#5640,#5641,#5642)) REPRESENTATION_CONTEXT
('Context #1','3D Context with UNIT and UNCERTAINTY') );
#5640 = ( LENGTH_UNIT() NAMED_UNIT(*) SI_UNIT(.MILLI.,.METRE.) );
#5641 = ( NAMED_UNIT(*) PLANE_ANGLE_UNIT() SI_UNIT($,.RADIAN.) );
#5642 = ( NAMED_UNIT(*) SI_UNIT($,.STERADIAN.) SOLID_ANGLE_UNIT() );
#5643 = UNCERTAINTY_MEASURE_WITH_UNIT(LENGTH_MEASURE(2.E-05),#5640,
  'distance_accuracy_value','confusion accuracy');
#5644 = CONTEXT_DEPENDENT_SHAPE_REPRESENTATION(#5645,#5647);
#5645 = ( REPRESENTATION_RELATIONSHIP('','',#5634,#10) 
REPRESENTATION_RELATIONSHIP_WITH_TRANSFORMATION(#5646) 
SHAPE_REPRESENTATION_RELATIONSHIP() );
#5646 = ITEM_DEFINED_TRANSFORMATION('','',#11,#283);
#5647 = PRODUCT_DEFINITION_SHAPE('Placement','Placement of an item',
  #5648);
#5648 = NEXT_ASSEMBLY_USAGE_OCCURRENCE('74','PBZ','',#5,#5629,$);
#5649 = PRODUCT_RELATED_PRODUCT_CATEGORY('part',$,(#5631));
#5650 = SHAPE_DEFINITION_REPRESENTATION(#5651,#5657);
#5651 = PRODUCT_DEFINITION_SHAPE('','',#5652);
#5652 = PRODUCT_DEFINITION('design','',#5653,#5656);
#5653 = PRODUCT_DEFINITION_FORMATION('','',#5654);
#5654 = PRODUCT('PBZ-29','PBZ-29','',(#5655));
#5655 = PRODUCT_CONTEXT('',#2,'mechanical');
#5656 = PRODUCT_DEFINITION_CONTEXT('part definition',#2,'design');
#5657 = ADVANCED_BREP_SHAPE_REPRESENTATION('',(#11,#5658),#8277);
#5658 = MANIFOLD_SOLID_BREP('',#5659);
#5659 = CLOSED_SHELL('',(#5660,#5702,#5886,#6070,#6092,#6109,#6132,#6155
    ,#6176,#6193,#6210,#6227,#6248,#6265,#6277,#6294,#6311,#6329,#6351,
    #6373,#6406,#6439,#6456,#6473,#6513,#6535,#6552,#6569,#6581,#6614,
    #6658,#6675,#6692,#6734,#6758,#6789,#6822,#6853,#6886,#6917,#6950,
    #6981,#7012,#7044,#7061,#7088,#7100,#7142,#7175,#7192,#7209,#7249,
    #7282,#7315,#7346,#7379,#7410,#7443,#7474,#7507,#7538,#7569,#7586,
    #7612,#7624,#7657,#7699,#7716,#7733,#7773,#7795,#7812,#7829,#7841,
    #7874,#7918,#7935,#7952,#7992,#8014,#8031,#8048,#8060,#8102,#8135,
    #8152,#8169,#8209,#8231,#8248,#8265));
#5660 = ADVANCED_FACE('',(#5661),#5697,.F.);
#5661 = FACE_BOUND('',#5662,.F.);
#5662 = EDGE_LOOP('',(#5663,#5673,#5682,#5690));
#5663 = ORIENTED_EDGE('',*,*,#5664,.T.);
#5664 = EDGE_CURVE('',#5665,#5667,#5669,.T.);
#5665 = VERTEX_POINT('',#5666);
#5666 = CARTESIAN_POINT('',(18.85,8.85,-2.8));
#5667 = VERTEX_POINT('',#5668);
#5668 = CARTESIAN_POINT('',(18.65,8.85,-2.8));
#5669 = LINE('',#5670,#5671);
#5670 = CARTESIAN_POINT('',(18.85,8.85,-2.8));
#5671 = VECTOR('',#5672,1.);
#5672 = DIRECTION('',(-1.,0.,-3.491481338843E-15));
#5673 = ORIENTED_EDGE('',*,*,#5674,.F.);
#5674 = EDGE_CURVE('',#5675,#5667,#5677,.T.);
#5675 = VERTEX_POINT('',#5676);
#5676 = CARTESIAN_POINT('',(18.65,8.65,-2.6));
#5677 = CIRCLE('',#5678,0.2);
#5678 = AXIS2_PLACEMENT_3D('',#5679,#5680,#5681);
#5679 = CARTESIAN_POINT('',(18.65,8.65,-2.8));
#5680 = DIRECTION('',(-1.,0.,-3.491481338843E-15));
#5681 = DIRECTION('',(3.491481338843E-15,0.,-1.));
#5682 = ORIENTED_EDGE('',*,*,#5683,.F.);
#5683 = EDGE_CURVE('',#5684,#5675,#5686,.T.);
#5684 = VERTEX_POINT('',#5685);
#5685 = CARTESIAN_POINT('',(18.85,8.65,-2.6));
#5686 = LINE('',#5687,#5688);
#5687 = CARTESIAN_POINT('',(18.85,8.65,-2.6));
#5688 = VECTOR('',#5689,1.);
#5689 = DIRECTION('',(-1.,0.,-3.491481338843E-15));
#5690 = ORIENTED_EDGE('',*,*,#5691,.T.);
#5691 = EDGE_CURVE('',#5684,#5665,#5692,.T.);
#5692 = CIRCLE('',#5693,0.2);
#5693 = AXIS2_PLACEMENT_3D('',#5694,#5695,#5696);
#5694 = CARTESIAN_POINT('',(18.85,8.65,-2.8));
#5695 = DIRECTION('',(-1.,0.,-3.491481338843E-15));
#5696 = DIRECTION('',(3.491481338843E-15,0.,-1.));
#5697 = CYLINDRICAL_SURFACE('',#5698,0.2);
#5698 = AXIS2_PLACEMENT_3D('',#5699,#5700,#5701);
#5699 = CARTESIAN_POINT('',(18.85,8.65,-2.8));
#5700 = DIRECTION('',(-1.,0.,-3.491481338843E-15));
#5701 = DIRECTION('',(-3.491481338843E-15,0.,1.));
#5702 = ADVANCED_FACE('',(#5703),#5881,.F.);
#5703 = FACE_BOUND('',#5704,.T.);
#5704 = EDGE_LOOP('',(#5705,#5715,#5723,#5731,#5739,#5747,#5755,#5763,
    #5771,#5779,#5787,#5795,#5803,#5811,#5819,#5827,#5835,#5843,#5851,
    #5859,#5867,#5875));
#5705 = ORIENTED_EDGE('',*,*,#5706,.T.);
#5706 = EDGE_CURVE('',#5707,#5709,#5711,.T.);
#5707 = VERTEX_POINT('',#5708);
#5708 = CARTESIAN_POINT('',(15.63,-10.8,-0.2));
#5709 = VERTEX_POINT('',#5710);
#5710 = CARTESIAN_POINT('',(15.63,-10.88,-0.2));
#5711 = LINE('',#5712,#5713);
#5712 = CARTESIAN_POINT('',(15.63,10.9,-0.2));
#5713 = VECTOR('',#5714,1.);
#5714 = DIRECTION('',(0.,-1.,-0.));
#5715 = ORIENTED_EDGE('',*,*,#5716,.F.);
#5716 = EDGE_CURVE('',#5717,#5709,#5719,.T.);
#5717 = VERTEX_POINT('',#5718);
#5718 = CARTESIAN_POINT('',(-18.53,-10.88,-0.2));
#5719 = LINE('',#5720,#5721);
#5720 = CARTESIAN_POINT('',(-18.55,-10.88,-0.2));
#5721 = VECTOR('',#5722,1.);
#5722 = DIRECTION('',(1.,-0.,-0.));
#5723 = ORIENTED_EDGE('',*,*,#5724,.F.);
#5724 = EDGE_CURVE('',#5725,#5717,#5727,.T.);
#5725 = VERTEX_POINT('',#5726);
#5726 = CARTESIAN_POINT('',(-18.53,-10.8,-0.2));
#5727 = LINE('',#5728,#5729);
#5728 = CARTESIAN_POINT('',(-18.53,-10.8,-0.2));
#5729 = VECTOR('',#5730,1.);
#5730 = DIRECTION('',(0.,-1.,0.));
#5731 = ORIENTED_EDGE('',*,*,#5732,.F.);
#5732 = EDGE_CURVE('',#5733,#5725,#5735,.T.);
#5733 = VERTEX_POINT('',#5734);
#5734 = CARTESIAN_POINT('',(-18.63,-10.8,-0.2));
#5735 = LINE('',#5736,#5737);
#5736 = CARTESIAN_POINT('',(-18.63,-10.8,-0.2));
#5737 = VECTOR('',#5738,1.);
#5738 = DIRECTION('',(1.,0.,0.));
#5739 = ORIENTED_EDGE('',*,*,#5740,.F.);
#5740 = EDGE_CURVE('',#5741,#5733,#5743,.T.);
#5741 = VERTEX_POINT('',#5742);
#5742 = CARTESIAN_POINT('',(-18.63,10.78,-0.2));
#5743 = LINE('',#5744,#5745);
#5744 = CARTESIAN_POINT('',(-18.63,10.8,-0.2));
#5745 = VECTOR('',#5746,1.);
#5746 = DIRECTION('',(0.,-1.,-6.776263578035E-16));
#5747 = ORIENTED_EDGE('',*,*,#5748,.F.);
#5748 = EDGE_CURVE('',#5749,#5741,#5751,.T.);
#5749 = VERTEX_POINT('',#5750);
#5750 = CARTESIAN_POINT('',(-18.55,10.78,-0.2));
#5751 = LINE('',#5752,#5753);
#5752 = CARTESIAN_POINT('',(-18.55,10.78,-0.2));
#5753 = VECTOR('',#5754,1.);
#5754 = DIRECTION('',(-1.,0.,0.));
#5755 = ORIENTED_EDGE('',*,*,#5756,.F.);
#5756 = EDGE_CURVE('',#5757,#5749,#5759,.T.);
#5757 = VERTEX_POINT('',#5758);
#5758 = CARTESIAN_POINT('',(-18.55,10.88,-0.2));
#5759 = LINE('',#5760,#5761);
#5760 = CARTESIAN_POINT('',(-18.55,10.88,-0.2));
#5761 = VECTOR('',#5762,1.);
#5762 = DIRECTION('',(0.,-1.,0.));
#5763 = ORIENTED_EDGE('',*,*,#5764,.F.);
#5764 = EDGE_CURVE('',#5765,#5757,#5767,.T.);
#5765 = VERTEX_POINT('',#5766);
#5766 = CARTESIAN_POINT('',(18.55,10.88,-0.2));
#5767 = LINE('',#5768,#5769);
#5768 = CARTESIAN_POINT('',(18.55,10.88,-0.2));
#5769 = VECTOR('',#5770,1.);
#5770 = DIRECTION('',(-1.,-0.,-0.));
#5771 = ORIENTED_EDGE('',*,*,#5772,.F.);
#5772 = EDGE_CURVE('',#5773,#5765,#5775,.T.);
#5773 = VERTEX_POINT('',#5774);
#5774 = CARTESIAN_POINT('',(18.55,10.78,-0.2));
#5775 = LINE('',#5776,#5777);
#5776 = CARTESIAN_POINT('',(18.55,10.78,-0.2));
#5777 = VECTOR('',#5778,1.);
#5778 = DIRECTION('',(0.,1.,0.));
#5779 = ORIENTED_EDGE('',*,*,#5780,.F.);
#5780 = EDGE_CURVE('',#5781,#5773,#5783,.T.);
#5781 = VERTEX_POINT('',#5782);
#5782 = CARTESIAN_POINT('',(18.63,10.78,-0.2));
#5783 = LINE('',#5784,#5785);
#5784 = CARTESIAN_POINT('',(18.65,10.78,-0.2));
#5785 = VECTOR('',#5786,1.);
#5786 = DIRECTION('',(-1.,0.,0.));
#5787 = ORIENTED_EDGE('',*,*,#5788,.F.);
#5788 = EDGE_CURVE('',#5789,#5781,#5791,.T.);
#5789 = VERTEX_POINT('',#5790);
#5790 = CARTESIAN_POINT('',(18.63,-5.38,-0.2));
#5791 = LINE('',#5792,#5793);
#5792 = CARTESIAN_POINT('',(18.63,-10.8,-0.2));
#5793 = VECTOR('',#5794,1.);
#5794 = DIRECTION('',(0.,1.,0.));
#5795 = ORIENTED_EDGE('',*,*,#5796,.T.);
#5796 = EDGE_CURVE('',#5789,#5797,#5799,.T.);
#5797 = VERTEX_POINT('',#5798);
#5798 = CARTESIAN_POINT('',(18.55,-5.38,-0.2));
#5799 = LINE('',#5800,#5801);
#5800 = CARTESIAN_POINT('',(18.65,-5.38,-0.2));
#5801 = VECTOR('',#5802,1.);
#5802 = DIRECTION('',(-1.,-0.,0.));
#5803 = ORIENTED_EDGE('',*,*,#5804,.F.);
#5804 = EDGE_CURVE('',#5805,#5797,#5807,.T.);
#5805 = VERTEX_POINT('',#5806);
#5806 = CARTESIAN_POINT('',(16.15,-5.38,-0.2));
#5807 = LINE('',#5808,#5809);
#5808 = CARTESIAN_POINT('',(16.15,-5.38,-0.2));
#5809 = VECTOR('',#5810,1.);
#5810 = DIRECTION('',(1.,-0.,6.776263578035E-16));
#5811 = ORIENTED_EDGE('',*,*,#5812,.F.);
#5812 = EDGE_CURVE('',#5813,#5805,#5815,.T.);
#5813 = VERTEX_POINT('',#5814);
#5814 = CARTESIAN_POINT('',(16.15,-5.28,-0.2));
#5815 = LINE('',#5816,#5817);
#5816 = CARTESIAN_POINT('',(16.15,-5.28,-0.2));
#5817 = VECTOR('',#5818,1.);
#5818 = DIRECTION('',(0.,-1.,0.));
#5819 = ORIENTED_EDGE('',*,*,#5820,.F.);
#5820 = EDGE_CURVE('',#5821,#5813,#5823,.T.);
#5821 = VERTEX_POINT('',#5822);
#5822 = CARTESIAN_POINT('',(16.05,-5.28,-0.2));
#5823 = LINE('',#5824,#5825);
#5824 = CARTESIAN_POINT('',(16.05,-5.28,-0.2));
#5825 = VECTOR('',#5826,1.);
#5826 = DIRECTION('',(1.,0.,5.421010862428E-16));
#5827 = ORIENTED_EDGE('',*,*,#5828,.F.);
#5828 = EDGE_CURVE('',#5829,#5821,#5831,.T.);
#5829 = VERTEX_POINT('',#5830);
#5830 = CARTESIAN_POINT('',(16.05,-5.6,-0.2));
#5831 = LINE('',#5832,#5833);
#5832 = CARTESIAN_POINT('',(16.05,-5.6,-0.2));
#5833 = VECTOR('',#5834,1.);
#5834 = DIRECTION('',(0.,1.,-9.317362419797E-16));
#5835 = ORIENTED_EDGE('',*,*,#5836,.T.);
#5836 = EDGE_CURVE('',#5829,#5837,#5839,.T.);
#5837 = VERTEX_POINT('',#5838);
#5838 = CARTESIAN_POINT('',(15.85,-5.6,-0.2));
#5839 = LINE('',#5840,#5841);
#5840 = CARTESIAN_POINT('',(18.65,-5.6,-0.2));
#5841 = VECTOR('',#5842,1.);
#5842 = DIRECTION('',(-1.,-0.,0.));
#5843 = ORIENTED_EDGE('',*,*,#5844,.T.);
#5844 = EDGE_CURVE('',#5837,#5845,#5847,.T.);
#5845 = VERTEX_POINT('',#5846);
#5846 = CARTESIAN_POINT('',(15.85,-5.8,-0.2));
#5847 = LINE('',#5848,#5849);
#5848 = CARTESIAN_POINT('',(15.85,10.9,-0.2));
#5849 = VECTOR('',#5850,1.);
#5850 = DIRECTION('',(-6.308085367188E-16,-1.,0.));
#5851 = ORIENTED_EDGE('',*,*,#5852,.F.);
#5852 = EDGE_CURVE('',#5853,#5845,#5855,.T.);
#5853 = VERTEX_POINT('',#5854);
#5854 = CARTESIAN_POINT('',(15.53,-5.8,-0.2));
#5855 = LINE('',#5856,#5857);
#5856 = CARTESIAN_POINT('',(15.53,-5.8,-0.2));
#5857 = VECTOR('',#5858,1.);
#5858 = DIRECTION('',(1.,-2.710505431214E-15,3.472835083743E-15));
#5859 = ORIENTED_EDGE('',*,*,#5860,.F.);
#5860 = EDGE_CURVE('',#5861,#5853,#5863,.T.);
#5861 = VERTEX_POINT('',#5862);
#5862 = CARTESIAN_POINT('',(15.53,-5.9,-0.2));
#5863 = LINE('',#5864,#5865);
#5864 = CARTESIAN_POINT('',(15.53,-5.9,-0.2));
#5865 = VECTOR('',#5866,1.);
#5866 = DIRECTION('',(0.,1.,-2.710505431214E-16));
#5867 = ORIENTED_EDGE('',*,*,#5868,.F.);
#5868 = EDGE_CURVE('',#5869,#5861,#5871,.T.);
#5869 = VERTEX_POINT('',#5870);
#5870 = CARTESIAN_POINT('',(15.63,-5.9,-0.2));
#5871 = LINE('',#5872,#5873);
#5872 = CARTESIAN_POINT('',(15.63,-5.9,-0.2));
#5873 = VECTOR('',#5874,1.);
#5874 = DIRECTION('',(-1.,0.,0.));
#5875 = ORIENTED_EDGE('',*,*,#5876,.F.);
#5876 = EDGE_CURVE('',#5707,#5869,#5877,.T.);
#5877 = LINE('',#5878,#5879);
#5878 = CARTESIAN_POINT('',(15.63,-10.8,-0.2));
#5879 = VECTOR('',#5880,1.);
#5880 = DIRECTION('',(0.,1.,-6.776263578035E-16));
#5881 = PLANE('',#5882);
#5882 = AXIS2_PLACEMENT_3D('',#5883,#5884,#5885);
#5883 = CARTESIAN_POINT('',(18.65,10.9,-0.2));
#5884 = DIRECTION('',(0.,0.,1.));
#5885 = DIRECTION('',(1.,0.,-0.));
#5886 = ADVANCED_FACE('',(#5887),#6065,.T.);
#5887 = FACE_BOUND('',#5888,.T.);
#5888 = EDGE_LOOP('',(#5889,#5899,#5907,#5915,#5923,#5931,#5939,#5947,
    #5955,#5963,#5971,#5979,#5987,#5995,#6003,#6011,#6019,#6027,#6035,
    #6043,#6051,#6059));
#5889 = ORIENTED_EDGE('',*,*,#5890,.T.);
#5890 = EDGE_CURVE('',#5891,#5893,#5895,.T.);
#5891 = VERTEX_POINT('',#5892);
#5892 = CARTESIAN_POINT('',(-18.53,-10.88,2.710505431214E-16));
#5893 = VERTEX_POINT('',#5894);
#5894 = CARTESIAN_POINT('',(15.63,-10.88,2.710505431214E-16));
#5895 = LINE('',#5896,#5897);
#5896 = CARTESIAN_POINT('',(-18.55,-10.88,2.710505431214E-16));
#5897 = VECTOR('',#5898,1.);
#5898 = DIRECTION('',(1.,-0.,-0.));
#5899 = ORIENTED_EDGE('',*,*,#5900,.F.);
#5900 = EDGE_CURVE('',#5901,#5893,#5903,.T.);
#5901 = VERTEX_POINT('',#5902);
#5902 = CARTESIAN_POINT('',(15.63,-10.8,-2.574980159653E-16));
#5903 = LINE('',#5904,#5905);
#5904 = CARTESIAN_POINT('',(15.63,10.9,0.));
#5905 = VECTOR('',#5906,1.);
#5906 = DIRECTION('',(0.,-1.,0.));
#5907 = ORIENTED_EDGE('',*,*,#5908,.T.);
#5908 = EDGE_CURVE('',#5901,#5909,#5911,.T.);
#5909 = VERTEX_POINT('',#5910);
#5910 = CARTESIAN_POINT('',(15.63,-5.9,-2.188733135705E-15));
#5911 = LINE('',#5912,#5913);
#5912 = CARTESIAN_POINT('',(15.63,-10.8,1.13841228111E-15));
#5913 = VECTOR('',#5914,1.);
#5914 = DIRECTION('',(0.,1.,-6.776263578035E-16));
#5915 = ORIENTED_EDGE('',*,*,#5916,.T.);
#5916 = EDGE_CURVE('',#5909,#5917,#5919,.T.);
#5917 = VERTEX_POINT('',#5918);
#5918 = CARTESIAN_POINT('',(15.53,-5.9,0.));
#5919 = LINE('',#5920,#5921);
#5920 = CARTESIAN_POINT('',(18.65,-5.9,0.));
#5921 = VECTOR('',#5922,1.);
#5922 = DIRECTION('',(-1.,0.,0.));
#5923 = ORIENTED_EDGE('',*,*,#5924,.T.);
#5924 = EDGE_CURVE('',#5917,#5925,#5927,.T.);
#5925 = VERTEX_POINT('',#5926);
#5926 = CARTESIAN_POINT('',(15.53,-5.8,0.));
#5927 = LINE('',#5928,#5929);
#5928 = CARTESIAN_POINT('',(15.53,10.9,0.));
#5929 = VECTOR('',#5930,1.);
#5930 = DIRECTION('',(0.,1.,-0.));
#5931 = ORIENTED_EDGE('',*,*,#5932,.T.);
#5932 = EDGE_CURVE('',#5925,#5933,#5935,.T.);
#5933 = VERTEX_POINT('',#5934);
#5934 = CARTESIAN_POINT('',(15.85,-5.8,0.));
#5935 = LINE('',#5936,#5937);
#5936 = CARTESIAN_POINT('',(18.65,-5.8,0.));
#5937 = VECTOR('',#5938,1.);
#5938 = DIRECTION('',(1.,-2.710505431214E-15,0.));
#5939 = ORIENTED_EDGE('',*,*,#5940,.F.);
#5940 = EDGE_CURVE('',#5941,#5933,#5943,.T.);
#5941 = VERTEX_POINT('',#5942);
#5942 = CARTESIAN_POINT('',(15.85,-5.6,0.));
#5943 = LINE('',#5944,#5945);
#5944 = CARTESIAN_POINT('',(15.85,-5.6,0.));
#5945 = VECTOR('',#5946,1.);
#5946 = DIRECTION('',(-6.308085367188E-16,-1.,0.));
#5947 = ORIENTED_EDGE('',*,*,#5948,.F.);
#5948 = EDGE_CURVE('',#5949,#5941,#5951,.T.);
#5949 = VERTEX_POINT('',#5950);
#5950 = CARTESIAN_POINT('',(16.05,-5.6,0.));
#5951 = LINE('',#5952,#5953);
#5952 = CARTESIAN_POINT('',(15.85,-5.6,0.));
#5953 = VECTOR('',#5954,1.);
#5954 = DIRECTION('',(-1.,-0.,-0.));
#5955 = ORIENTED_EDGE('',*,*,#5956,.T.);
#5956 = EDGE_CURVE('',#5949,#5957,#5959,.T.);
#5957 = VERTEX_POINT('',#5958);
#5958 = CARTESIAN_POINT('',(16.05,-5.28,0.));
#5959 = LINE('',#5960,#5961);
#5960 = CARTESIAN_POINT('',(16.05,10.9,0.));
#5961 = VECTOR('',#5962,1.);
#5962 = DIRECTION('',(0.,1.,-0.));
#5963 = ORIENTED_EDGE('',*,*,#5964,.T.);
#5964 = EDGE_CURVE('',#5957,#5965,#5967,.T.);
#5965 = VERTEX_POINT('',#5966);
#5966 = CARTESIAN_POINT('',(16.15,-5.28,0.));
#5967 = LINE('',#5968,#5969);
#5968 = CARTESIAN_POINT('',(18.65,-5.28,0.));
#5969 = VECTOR('',#5970,1.);
#5970 = DIRECTION('',(1.,0.,-0.));
#5971 = ORIENTED_EDGE('',*,*,#5972,.T.);
#5972 = EDGE_CURVE('',#5965,#5973,#5975,.T.);
#5973 = VERTEX_POINT('',#5974);
#5974 = CARTESIAN_POINT('',(16.15,-5.38,2.710505431214E-16));
#5975 = LINE('',#5976,#5977);
#5976 = CARTESIAN_POINT('',(16.15,10.9,0.));
#5977 = VECTOR('',#5978,1.);
#5978 = DIRECTION('',(0.,-1.,0.));
#5979 = ORIENTED_EDGE('',*,*,#5980,.T.);
#5980 = EDGE_CURVE('',#5973,#5981,#5983,.T.);
#5981 = VERTEX_POINT('',#5982);
#5982 = CARTESIAN_POINT('',(18.55,-5.38,1.084202172486E-15));
#5983 = LINE('',#5984,#5985);
#5984 = CARTESIAN_POINT('',(16.15,-5.38,-5.421010862428E-16));
#5985 = VECTOR('',#5986,1.);
#5986 = DIRECTION('',(1.,-0.,6.776263578035E-16));
#5987 = ORIENTED_EDGE('',*,*,#5988,.F.);
#5988 = EDGE_CURVE('',#5989,#5981,#5991,.T.);
#5989 = VERTEX_POINT('',#5990);
#5990 = CARTESIAN_POINT('',(18.63,-5.38,1.13841228111E-15));
#5991 = LINE('',#5992,#5993);
#5992 = CARTESIAN_POINT('',(18.65,-5.38,0.));
#5993 = VECTOR('',#5994,1.);
#5994 = DIRECTION('',(-1.,0.,0.));
#5995 = ORIENTED_EDGE('',*,*,#5996,.T.);
#5996 = EDGE_CURVE('',#5989,#5997,#5999,.T.);
#5997 = VERTEX_POINT('',#5998);
#5998 = CARTESIAN_POINT('',(18.63,10.78,1.13841228111E-15));
#5999 = LINE('',#6000,#6001);
#6000 = CARTESIAN_POINT('',(18.63,-10.8,1.13841228111E-15));
#6001 = VECTOR('',#6002,1.);
#6002 = DIRECTION('',(0.,1.,0.));
#6003 = ORIENTED_EDGE('',*,*,#6004,.T.);
#6004 = EDGE_CURVE('',#5997,#6005,#6007,.T.);
#6005 = VERTEX_POINT('',#6006);
#6006 = CARTESIAN_POINT('',(18.55,10.78,0.));
#6007 = LINE('',#6008,#6009);
#6008 = CARTESIAN_POINT('',(18.65,10.78,0.));
#6009 = VECTOR('',#6010,1.);
#6010 = DIRECTION('',(-1.,0.,0.));
#6011 = ORIENTED_EDGE('',*,*,#6012,.T.);
#6012 = EDGE_CURVE('',#6005,#6013,#6015,.T.);
#6013 = VERTEX_POINT('',#6014);
#6014 = CARTESIAN_POINT('',(18.55,10.88,-5.96311194867E-16));
#6015 = LINE('',#6016,#6017);
#6016 = CARTESIAN_POINT('',(18.55,10.9,0.));
#6017 = VECTOR('',#6018,1.);
#6018 = DIRECTION('',(0.,1.,0.));
#6019 = ORIENTED_EDGE('',*,*,#6020,.T.);
#6020 = EDGE_CURVE('',#6013,#6021,#6023,.T.);
#6021 = VERTEX_POINT('',#6022);
#6022 = CARTESIAN_POINT('',(-18.55,10.88,-5.96311194867E-16));
#6023 = LINE('',#6024,#6025);
#6024 = CARTESIAN_POINT('',(18.55,10.88,-5.96311194867E-16));
#6025 = VECTOR('',#6026,1.);
#6026 = DIRECTION('',(-1.,-0.,-0.));
#6027 = ORIENTED_EDGE('',*,*,#6028,.T.);
#6028 = EDGE_CURVE('',#6021,#6029,#6031,.T.);
#6029 = VERTEX_POINT('',#6030);
#6030 = CARTESIAN_POINT('',(-18.55,10.78,0.));
#6031 = LINE('',#6032,#6033);
#6032 = CARTESIAN_POINT('',(-18.55,10.9,0.));
#6033 = VECTOR('',#6034,1.);
#6034 = DIRECTION('',(0.,-1.,0.));
#6035 = ORIENTED_EDGE('',*,*,#6036,.T.);
#6036 = EDGE_CURVE('',#6029,#6037,#6039,.T.);
#6037 = VERTEX_POINT('',#6038);
#6038 = CARTESIAN_POINT('',(-18.63,10.78,1.020844108031E-14));
#6039 = LINE('',#6040,#6041);
#6040 = CARTESIAN_POINT('',(18.65,10.78,0.));
#6041 = VECTOR('',#6042,1.);
#6042 = DIRECTION('',(-1.,0.,0.));
#6043 = ORIENTED_EDGE('',*,*,#6044,.T.);
#6044 = EDGE_CURVE('',#6037,#6045,#6047,.T.);
#6045 = VERTEX_POINT('',#6046);
#6046 = CARTESIAN_POINT('',(-18.63,-10.8,-4.418123852878E-15));
#6047 = LINE('',#6048,#6049);
#6048 = CARTESIAN_POINT('',(-18.63,10.8,1.021860547568E-14));
#6049 = VECTOR('',#6050,1.);
#6050 = DIRECTION('',(0.,-1.,-6.776263578035E-16));
#6051 = ORIENTED_EDGE('',*,*,#6052,.T.);
#6052 = EDGE_CURVE('',#6045,#6053,#6055,.T.);
#6053 = VERTEX_POINT('',#6054);
#6054 = CARTESIAN_POINT('',(-18.53,-10.8,0.));
#6055 = LINE('',#6056,#6057);
#6056 = CARTESIAN_POINT('',(18.65,-10.8,0.));
#6057 = VECTOR('',#6058,1.);
#6058 = DIRECTION('',(1.,0.,-0.));
#6059 = ORIENTED_EDGE('',*,*,#6060,.T.);
#6060 = EDGE_CURVE('',#6053,#5891,#6061,.T.);
#6061 = LINE('',#6062,#6063);
#6062 = CARTESIAN_POINT('',(-18.53,10.9,0.));
#6063 = VECTOR('',#6064,1.);
#6064 = DIRECTION('',(0.,-1.,0.));
#6065 = PLANE('',#6066);
#6066 = AXIS2_PLACEMENT_3D('',#6067,#6068,#6069);
#6067 = CARTESIAN_POINT('',(18.65,10.9,0.));
#6068 = DIRECTION('',(0.,0.,1.));
#6069 = DIRECTION('',(1.,0.,-0.));
#6070 = ADVANCED_FACE('',(#6071),#6087,.F.);
#6071 = FACE_BOUND('',#6072,.T.);
#6072 = EDGE_LOOP('',(#6073,#6079,#6080,#6086));
#6073 = ORIENTED_EDGE('',*,*,#6074,.T.);
#6074 = EDGE_CURVE('',#5829,#5949,#6075,.T.);
#6075 = LINE('',#6076,#6077);
#6076 = CARTESIAN_POINT('',(16.05,-5.6,-0.2));
#6077 = VECTOR('',#6078,1.);
#6078 = DIRECTION('',(0.,0.,1.));
#6079 = ORIENTED_EDGE('',*,*,#5948,.T.);
#6080 = ORIENTED_EDGE('',*,*,#6081,.F.);
#6081 = EDGE_CURVE('',#5837,#5941,#6082,.T.);
#6082 = LINE('',#6083,#6084);
#6083 = CARTESIAN_POINT('',(15.85,-5.6,-10.));
#6084 = VECTOR('',#6085,1.);
#6085 = DIRECTION('',(-0.,-0.,1.));
#6086 = ORIENTED_EDGE('',*,*,#5836,.F.);
#6087 = PLANE('',#6088);
#6088 = AXIS2_PLACEMENT_3D('',#6089,#6090,#6091);
#6089 = CARTESIAN_POINT('',(15.85,-5.6,-10.));
#6090 = DIRECTION('',(-0.,1.,0.));
#6091 = DIRECTION('',(0.,0.,1.));
#6092 = ADVANCED_FACE('',(#6093),#6104,.F.);
#6093 = FACE_BOUND('',#6094,.T.);
#6094 = EDGE_LOOP('',(#6095,#6101,#6102,#6103));
#6095 = ORIENTED_EDGE('',*,*,#6096,.F.);
#6096 = EDGE_CURVE('',#5845,#5933,#6097,.T.);
#6097 = LINE('',#6098,#6099);
#6098 = CARTESIAN_POINT('',(15.85,-5.8,-0.2));
#6099 = VECTOR('',#6100,1.);
#6100 = DIRECTION('',(0.,0.,1.));
#6101 = ORIENTED_EDGE('',*,*,#5844,.F.);
#6102 = ORIENTED_EDGE('',*,*,#6081,.T.);
#6103 = ORIENTED_EDGE('',*,*,#5940,.T.);
#6104 = PLANE('',#6105);
#6105 = AXIS2_PLACEMENT_3D('',#6106,#6107,#6108);
#6106 = CARTESIAN_POINT('',(15.85,-5.6,-10.));
#6107 = DIRECTION('',(-1.,6.308085367188E-16,0.));
#6108 = DIRECTION('',(-6.308085367188E-16,-1.,0.));
#6109 = ADVANCED_FACE('',(#6110),#6127,.T.);
#6110 = FACE_BOUND('',#6111,.T.);
#6111 = EDGE_LOOP('',(#6112,#6113,#6120,#6121));
#6112 = ORIENTED_EDGE('',*,*,#5724,.T.);
#6113 = ORIENTED_EDGE('',*,*,#6114,.T.);
#6114 = EDGE_CURVE('',#5717,#5891,#6115,.T.);
#6115 = B_SPLINE_CURVE_WITH_KNOTS('',3,(#6116,#6117,#6118,#6119),
  .UNSPECIFIED.,.F.,.F.,(4,4),(0.,1.),.PIECEWISE_BEZIER_KNOTS.);
#6116 = CARTESIAN_POINT('',(-18.53,-10.88,-0.2));
#6117 = CARTESIAN_POINT('',(-18.53,-10.88,-0.133333333333));
#6118 = CARTESIAN_POINT('',(-18.53,-10.88,-6.666666666667E-02));
#6119 = CARTESIAN_POINT('',(-18.53,-10.88,2.710505431214E-16));
#6120 = ORIENTED_EDGE('',*,*,#6060,.F.);
#6121 = ORIENTED_EDGE('',*,*,#6122,.F.);
#6122 = EDGE_CURVE('',#5725,#6053,#6123,.T.);
#6123 = LINE('',#6124,#6125);
#6124 = CARTESIAN_POINT('',(-18.53,-10.8,-0.2));
#6125 = VECTOR('',#6126,1.);
#6126 = DIRECTION('',(0.,0.,1.));
#6127 = PLANE('',#6128);
#6128 = AXIS2_PLACEMENT_3D('',#6129,#6130,#6131);
#6129 = CARTESIAN_POINT('',(-18.53,-10.8,-0.2));
#6130 = DIRECTION('',(-1.,0.,0.));
#6131 = DIRECTION('',(0.,0.,1.));
#6132 = ADVANCED_FACE('',(#6133),#6150,.T.);
#6133 = FACE_BOUND('',#6134,.T.);
#6134 = EDGE_LOOP('',(#6135,#6136,#6143,#6144));
#6135 = ORIENTED_EDGE('',*,*,#5748,.T.);
#6136 = ORIENTED_EDGE('',*,*,#6137,.T.);
#6137 = EDGE_CURVE('',#5741,#6037,#6138,.T.);
#6138 = B_SPLINE_CURVE_WITH_KNOTS('',3,(#6139,#6140,#6141,#6142),
  .UNSPECIFIED.,.F.,.F.,(4,4),(0.,1.),.PIECEWISE_BEZIER_KNOTS.);
#6139 = CARTESIAN_POINT('',(-18.63,10.78,-0.2));
#6140 = CARTESIAN_POINT('',(-18.63,10.78,-0.133333333333));
#6141 = CARTESIAN_POINT('',(-18.63,10.78,-6.666666666666E-02));
#6142 = CARTESIAN_POINT('',(-18.63,10.78,1.020844108031E-14));
#6143 = ORIENTED_EDGE('',*,*,#6036,.F.);
#6144 = ORIENTED_EDGE('',*,*,#6145,.F.);
#6145 = EDGE_CURVE('',#5749,#6029,#6146,.T.);
#6146 = LINE('',#6147,#6148);
#6147 = CARTESIAN_POINT('',(-18.55,10.78,-0.2));
#6148 = VECTOR('',#6149,1.);
#6149 = DIRECTION('',(0.,0.,1.));
#6150 = PLANE('',#6151);
#6151 = AXIS2_PLACEMENT_3D('',#6152,#6153,#6154);
#6152 = CARTESIAN_POINT('',(-18.55,10.78,-0.2));
#6153 = DIRECTION('',(0.,1.,-0.));
#6154 = DIRECTION('',(0.,0.,1.));
#6155 = ADVANCED_FACE('',(#6156),#6171,.T.);
#6156 = FACE_BOUND('',#6157,.T.);
#6157 = EDGE_LOOP('',(#6158,#6159,#6164,#6165));
#6158 = ORIENTED_EDGE('',*,*,#6004,.F.);
#6159 = ORIENTED_EDGE('',*,*,#6160,.F.);
#6160 = EDGE_CURVE('',#5781,#5997,#6161,.T.);
#6161 = B_SPLINE_CURVE_WITH_KNOTS('',1,(#6162,#6163),.UNSPECIFIED.,.F.,
  .F.,(2,2),(0.,1.),.PIECEWISE_BEZIER_KNOTS.);
#6162 = CARTESIAN_POINT('',(18.63,10.78,-0.2));
#6163 = CARTESIAN_POINT('',(18.63,10.78,1.13841228111E-15));
#6164 = ORIENTED_EDGE('',*,*,#5780,.T.);
#6165 = ORIENTED_EDGE('',*,*,#6166,.T.);
#6166 = EDGE_CURVE('',#5773,#6005,#6167,.T.);
#6167 = LINE('',#6168,#6169);
#6168 = CARTESIAN_POINT('',(18.55,10.78,-0.2));
#6169 = VECTOR('',#6170,1.);
#6170 = DIRECTION('',(0.,0.,1.));
#6171 = PLANE('',#6172);
#6172 = AXIS2_PLACEMENT_3D('',#6173,#6174,#6175);
#6173 = CARTESIAN_POINT('',(18.65,10.78,-0.2));
#6174 = DIRECTION('',(0.,1.,-0.));
#6175 = DIRECTION('',(0.,0.,1.));
#6176 = ADVANCED_FACE('',(#6177),#6188,.T.);
#6177 = FACE_BOUND('',#6178,.T.);
#6178 = EDGE_LOOP('',(#6179,#6180,#6181,#6182));
#6179 = ORIENTED_EDGE('',*,*,#6012,.F.);
#6180 = ORIENTED_EDGE('',*,*,#6166,.F.);
#6181 = ORIENTED_EDGE('',*,*,#5772,.T.);
#6182 = ORIENTED_EDGE('',*,*,#6183,.T.);
#6183 = EDGE_CURVE('',#5765,#6013,#6184,.T.);
#6184 = LINE('',#6185,#6186);
#6185 = CARTESIAN_POINT('',(18.55,10.88,-0.2));
#6186 = VECTOR('',#6187,1.);
#6187 = DIRECTION('',(0.,0.,1.));
#6188 = PLANE('',#6189);
#6189 = AXIS2_PLACEMENT_3D('',#6190,#6191,#6192);
#6190 = CARTESIAN_POINT('',(18.55,10.78,-0.2));
#6191 = DIRECTION('',(1.,0.,0.));
#6192 = DIRECTION('',(0.,0.,-1.));
#6193 = ADVANCED_FACE('',(#6194),#6205,.T.);
#6194 = FACE_BOUND('',#6195,.T.);
#6195 = EDGE_LOOP('',(#6196,#6197,#6203,#6204));
#6196 = ORIENTED_EDGE('',*,*,#6028,.F.);
#6197 = ORIENTED_EDGE('',*,*,#6198,.F.);
#6198 = EDGE_CURVE('',#5757,#6021,#6199,.T.);
#6199 = LINE('',#6200,#6201);
#6200 = CARTESIAN_POINT('',(-18.55,10.88,-0.2));
#6201 = VECTOR('',#6202,1.);
#6202 = DIRECTION('',(0.,0.,1.));
#6203 = ORIENTED_EDGE('',*,*,#5756,.T.);
#6204 = ORIENTED_EDGE('',*,*,#6145,.T.);
#6205 = PLANE('',#6206);
#6206 = AXIS2_PLACEMENT_3D('',#6207,#6208,#6209);
#6207 = CARTESIAN_POINT('',(-18.55,10.88,-0.2));
#6208 = DIRECTION('',(-1.,0.,0.));
#6209 = DIRECTION('',(0.,0.,1.));
#6210 = ADVANCED_FACE('',(#6211),#6222,.T.);
#6211 = FACE_BOUND('',#6212,.T.);
#6212 = EDGE_LOOP('',(#6213,#6214,#6220,#6221));
#6213 = ORIENTED_EDGE('',*,*,#6052,.F.);
#6214 = ORIENTED_EDGE('',*,*,#6215,.F.);
#6215 = EDGE_CURVE('',#5733,#6045,#6216,.T.);
#6216 = LINE('',#6217,#6218);
#6217 = CARTESIAN_POINT('',(-18.63,-10.8,-0.2));
#6218 = VECTOR('',#6219,1.);
#6219 = DIRECTION('',(0.,0.,1.));
#6220 = ORIENTED_EDGE('',*,*,#5732,.T.);
#6221 = ORIENTED_EDGE('',*,*,#6122,.T.);
#6222 = PLANE('',#6223);
#6223 = AXIS2_PLACEMENT_3D('',#6224,#6225,#6226);
#6224 = CARTESIAN_POINT('',(-18.63,-10.8,-0.2));
#6225 = DIRECTION('',(0.,-1.,0.));
#6226 = DIRECTION('',(0.,-0.,-1.));
#6227 = ADVANCED_FACE('',(#6228),#6243,.T.);
#6228 = FACE_BOUND('',#6229,.T.);
#6229 = EDGE_LOOP('',(#6230,#6231,#6236,#6237));
#6230 = ORIENTED_EDGE('',*,*,#5916,.F.);
#6231 = ORIENTED_EDGE('',*,*,#6232,.F.);
#6232 = EDGE_CURVE('',#5869,#5909,#6233,.T.);
#6233 = B_SPLINE_CURVE_WITH_KNOTS('',1,(#6234,#6235),.UNSPECIFIED.,.F.,
  .F.,(2,2),(0.,1.),.PIECEWISE_BEZIER_KNOTS.);
#6234 = CARTESIAN_POINT('',(15.63,-5.9,-0.2));
#6235 = CARTESIAN_POINT('',(15.63,-5.9,-2.188733135705E-15));
#6236 = ORIENTED_EDGE('',*,*,#5868,.T.);
#6237 = ORIENTED_EDGE('',*,*,#6238,.T.);
#6238 = EDGE_CURVE('',#5861,#5917,#6239,.T.);
#6239 = LINE('',#6240,#6241);
#6240 = CARTESIAN_POINT('',(15.53,-5.9,-0.2));
#6241 = VECTOR('',#6242,1.);
#6242 = DIRECTION('',(0.,0.,1.));
#6243 = PLANE('',#6244);
#6244 = AXIS2_PLACEMENT_3D('',#6245,#6246,#6247);
#6245 = CARTESIAN_POINT('',(15.63,-5.9,-0.2));
#6246 = DIRECTION('',(0.,1.,-0.));
#6247 = DIRECTION('',(0.,0.,1.));
#6248 = ADVANCED_FACE('',(#6249),#6260,.T.);
#6249 = FACE_BOUND('',#6250,.T.);
#6250 = EDGE_LOOP('',(#6251,#6252,#6253,#6254));
#6251 = ORIENTED_EDGE('',*,*,#5924,.F.);
#6252 = ORIENTED_EDGE('',*,*,#6238,.F.);
#6253 = ORIENTED_EDGE('',*,*,#5860,.T.);
#6254 = ORIENTED_EDGE('',*,*,#6255,.T.);
#6255 = EDGE_CURVE('',#5853,#5925,#6256,.T.);
#6256 = LINE('',#6257,#6258);
#6257 = CARTESIAN_POINT('',(15.53,-5.8,-0.2));
#6258 = VECTOR('',#6259,1.);
#6259 = DIRECTION('',(0.,0.,1.));
#6260 = PLANE('',#6261);
#6261 = AXIS2_PLACEMENT_3D('',#6262,#6263,#6264);
#6262 = CARTESIAN_POINT('',(15.53,-5.9,-0.2));
#6263 = DIRECTION('',(1.,-0.,0.));
#6264 = DIRECTION('',(0.,0.,-1.));
#6265 = ADVANCED_FACE('',(#6266),#6272,.T.);
#6266 = FACE_BOUND('',#6267,.T.);
#6267 = EDGE_LOOP('',(#6268,#6269,#6270,#6271));
#6268 = ORIENTED_EDGE('',*,*,#5932,.F.);
#6269 = ORIENTED_EDGE('',*,*,#6255,.F.);
#6270 = ORIENTED_EDGE('',*,*,#5852,.T.);
#6271 = ORIENTED_EDGE('',*,*,#6096,.T.);
#6272 = PLANE('',#6273);
#6273 = AXIS2_PLACEMENT_3D('',#6274,#6275,#6276);
#6274 = CARTESIAN_POINT('',(15.53,-5.8,-0.2));
#6275 = DIRECTION('',(-2.710505431214E-15,-1.,0.));
#6276 = DIRECTION('',(1.,-2.710505431214E-15,0.));
#6277 = ADVANCED_FACE('',(#6278),#6289,.T.);
#6278 = FACE_BOUND('',#6279,.T.);
#6279 = EDGE_LOOP('',(#6280,#6281,#6282,#6283));
#6280 = ORIENTED_EDGE('',*,*,#5956,.F.);
#6281 = ORIENTED_EDGE('',*,*,#6074,.F.);
#6282 = ORIENTED_EDGE('',*,*,#5828,.T.);
#6283 = ORIENTED_EDGE('',*,*,#6284,.T.);
#6284 = EDGE_CURVE('',#5821,#5957,#6285,.T.);
#6285 = LINE('',#6286,#6287);
#6286 = CARTESIAN_POINT('',(16.05,-5.28,-0.2));
#6287 = VECTOR('',#6288,1.);
#6288 = DIRECTION('',(0.,0.,1.));
#6289 = PLANE('',#6290);
#6290 = AXIS2_PLACEMENT_3D('',#6291,#6292,#6293);
#6291 = CARTESIAN_POINT('',(16.05,-5.6,-0.2));
#6292 = DIRECTION('',(1.,-0.,0.));
#6293 = DIRECTION('',(0.,0.,-1.));
#6294 = ADVANCED_FACE('',(#6295),#6306,.T.);
#6295 = FACE_BOUND('',#6296,.T.);
#6296 = EDGE_LOOP('',(#6297,#6298,#6299,#6300));
#6297 = ORIENTED_EDGE('',*,*,#5964,.F.);
#6298 = ORIENTED_EDGE('',*,*,#6284,.F.);
#6299 = ORIENTED_EDGE('',*,*,#5820,.T.);
#6300 = ORIENTED_EDGE('',*,*,#6301,.T.);
#6301 = EDGE_CURVE('',#5813,#5965,#6302,.T.);
#6302 = LINE('',#6303,#6304);
#6303 = CARTESIAN_POINT('',(16.15,-5.28,-0.2));
#6304 = VECTOR('',#6305,1.);
#6305 = DIRECTION('',(0.,0.,1.));
#6306 = PLANE('',#6307);
#6307 = AXIS2_PLACEMENT_3D('',#6308,#6309,#6310);
#6308 = CARTESIAN_POINT('',(16.05,-5.28,-0.2));
#6309 = DIRECTION('',(0.,-1.,0.));
#6310 = DIRECTION('',(0.,-0.,-1.));
#6311 = ADVANCED_FACE('',(#6312),#6324,.T.);
#6312 = FACE_BOUND('',#6313,.T.);
#6313 = EDGE_LOOP('',(#6314,#6315,#6316,#6317));
#6314 = ORIENTED_EDGE('',*,*,#5972,.F.);
#6315 = ORIENTED_EDGE('',*,*,#6301,.F.);
#6316 = ORIENTED_EDGE('',*,*,#5812,.T.);
#6317 = ORIENTED_EDGE('',*,*,#6318,.T.);
#6318 = EDGE_CURVE('',#5805,#5973,#6319,.T.);
#6319 = B_SPLINE_CURVE_WITH_KNOTS('',3,(#6320,#6321,#6322,#6323),
  .UNSPECIFIED.,.F.,.F.,(4,4),(0.,1.),.PIECEWISE_BEZIER_KNOTS.);
#6320 = CARTESIAN_POINT('',(16.15,-5.38,-0.2));
#6321 = CARTESIAN_POINT('',(16.15,-5.38,-0.133333333333));
#6322 = CARTESIAN_POINT('',(16.15,-5.38,-6.666666666667E-02));
#6323 = CARTESIAN_POINT('',(16.15,-5.38,2.710505431214E-16));
#6324 = PLANE('',#6325);
#6325 = AXIS2_PLACEMENT_3D('',#6326,#6327,#6328);
#6326 = CARTESIAN_POINT('',(16.15,-5.28,-0.2));
#6327 = DIRECTION('',(-1.,0.,0.));
#6328 = DIRECTION('',(0.,0.,1.));
#6329 = ADVANCED_FACE('',(#6330),#6346,.F.);
#6330 = FACE_BOUND('',#6331,.T.);
#6331 = EDGE_LOOP('',(#6332,#6333,#6339,#6340));
#6332 = ORIENTED_EDGE('',*,*,#5988,.T.);
#6333 = ORIENTED_EDGE('',*,*,#6334,.T.);
#6334 = EDGE_CURVE('',#5981,#5797,#6335,.T.);
#6335 = LINE('',#6336,#6337);
#6336 = CARTESIAN_POINT('',(18.55,-5.38,2.710505431214E-16));
#6337 = VECTOR('',#6338,1.);
#6338 = DIRECTION('',(-0.,-0.,-1.));
#6339 = ORIENTED_EDGE('',*,*,#5796,.F.);
#6340 = ORIENTED_EDGE('',*,*,#6341,.F.);
#6341 = EDGE_CURVE('',#5989,#5789,#6342,.T.);
#6342 = LINE('',#6343,#6344);
#6343 = CARTESIAN_POINT('',(18.63,-5.38,1.13841228111E-15));
#6344 = VECTOR('',#6345,1.);
#6345 = DIRECTION('',(-0.,-0.,-1.));
#6346 = PLANE('',#6347);
#6347 = AXIS2_PLACEMENT_3D('',#6348,#6349,#6350);
#6348 = CARTESIAN_POINT('',(18.65,-5.38,0.));
#6349 = DIRECTION('',(0.,1.,-0.));
#6350 = DIRECTION('',(-1.,0.,0.));
#6351 = ADVANCED_FACE('',(#6352),#6368,.F.);
#6352 = FACE_BOUND('',#6353,.T.);
#6353 = EDGE_LOOP('',(#6354,#6355,#6361,#6362));
#6354 = ORIENTED_EDGE('',*,*,#5900,.T.);
#6355 = ORIENTED_EDGE('',*,*,#6356,.T.);
#6356 = EDGE_CURVE('',#5893,#5709,#6357,.T.);
#6357 = LINE('',#6358,#6359);
#6358 = CARTESIAN_POINT('',(15.63,-10.88,2.710505431214E-16));
#6359 = VECTOR('',#6360,1.);
#6360 = DIRECTION('',(-0.,-0.,-1.));
#6361 = ORIENTED_EDGE('',*,*,#5706,.F.);
#6362 = ORIENTED_EDGE('',*,*,#6363,.F.);
#6363 = EDGE_CURVE('',#5901,#5707,#6364,.T.);
#6364 = LINE('',#6365,#6366);
#6365 = CARTESIAN_POINT('',(15.63,-10.8,-2.574980159653E-16));
#6366 = VECTOR('',#6367,1.);
#6367 = DIRECTION('',(-0.,-0.,-1.));
#6368 = PLANE('',#6369);
#6369 = AXIS2_PLACEMENT_3D('',#6370,#6371,#6372);
#6370 = CARTESIAN_POINT('',(15.63,10.9,0.));
#6371 = DIRECTION('',(-1.,0.,0.));
#6372 = DIRECTION('',(0.,-1.,0.));
#6373 = ADVANCED_FACE('',(#6374),#6401,.F.);
#6374 = FACE_BOUND('',#6375,.T.);
#6375 = EDGE_LOOP('',(#6376,#6386,#6393,#6394));
#6376 = ORIENTED_EDGE('',*,*,#6377,.T.);
#6377 = EDGE_CURVE('',#6378,#6380,#6382,.T.);
#6378 = VERTEX_POINT('',#6379);
#6379 = CARTESIAN_POINT('',(18.55,10.9,-0.22));
#6380 = VERTEX_POINT('',#6381);
#6381 = CARTESIAN_POINT('',(18.55,11.1,-0.22));
#6382 = LINE('',#6383,#6384);
#6383 = CARTESIAN_POINT('',(18.55,10.9,-0.22));
#6384 = VECTOR('',#6385,1.);
#6385 = DIRECTION('',(0.,1.,3.391901413833E-15));
#6386 = ORIENTED_EDGE('',*,*,#6387,.T.);
#6387 = EDGE_CURVE('',#6380,#6013,#6388,.T.);
#6388 = CIRCLE('',#6389,0.22);
#6389 = AXIS2_PLACEMENT_3D('',#6390,#6391,#6392);
#6390 = CARTESIAN_POINT('',(18.55,10.88,-0.22));
#6391 = DIRECTION('',(1.,0.,0.));
#6392 = DIRECTION('',(0.,0.,-1.));
#6393 = ORIENTED_EDGE('',*,*,#6183,.F.);
#6394 = ORIENTED_EDGE('',*,*,#6395,.F.);
#6395 = EDGE_CURVE('',#6378,#5765,#6396,.T.);
#6396 = CIRCLE('',#6397,2.E-02);
#6397 = AXIS2_PLACEMENT_3D('',#6398,#6399,#6400);
#6398 = CARTESIAN_POINT('',(18.55,10.88,-0.22));
#6399 = DIRECTION('',(1.,0.,0.));
#6400 = DIRECTION('',(0.,0.,-1.));
#6401 = PLANE('',#6402);
#6402 = AXIS2_PLACEMENT_3D('',#6403,#6404,#6405);
#6403 = CARTESIAN_POINT('',(18.55,10.88,-0.22));
#6404 = DIRECTION('',(-1.,0.,-0.));
#6405 = DIRECTION('',(0.,0.,1.));
#6406 = ADVANCED_FACE('',(#6407),#6434,.F.);
#6407 = FACE_BOUND('',#6408,.T.);
#6408 = EDGE_LOOP('',(#6409,#6418,#6426,#6433));
#6409 = ORIENTED_EDGE('',*,*,#6410,.T.);
#6410 = EDGE_CURVE('',#6021,#6411,#6413,.T.);
#6411 = VERTEX_POINT('',#6412);
#6412 = CARTESIAN_POINT('',(-18.55,11.1,-0.22));
#6413 = CIRCLE('',#6414,0.22);
#6414 = AXIS2_PLACEMENT_3D('',#6415,#6416,#6417);
#6415 = CARTESIAN_POINT('',(-18.55,10.88,-0.22));
#6416 = DIRECTION('',(-1.,-0.,-0.));
#6417 = DIRECTION('',(0.,0.,-1.));
#6418 = ORIENTED_EDGE('',*,*,#6419,.F.);
#6419 = EDGE_CURVE('',#6420,#6411,#6422,.T.);
#6420 = VERTEX_POINT('',#6421);
#6421 = CARTESIAN_POINT('',(-18.55,10.9,-0.22));
#6422 = LINE('',#6423,#6424);
#6423 = CARTESIAN_POINT('',(-18.55,10.9,-0.22));
#6424 = VECTOR('',#6425,1.);
#6425 = DIRECTION('',(0.,1.,3.391901413833E-15));
#6426 = ORIENTED_EDGE('',*,*,#6427,.F.);
#6427 = EDGE_CURVE('',#5757,#6420,#6428,.T.);
#6428 = CIRCLE('',#6429,2.E-02);
#6429 = AXIS2_PLACEMENT_3D('',#6430,#6431,#6432);
#6430 = CARTESIAN_POINT('',(-18.55,10.88,-0.22));
#6431 = DIRECTION('',(-1.,0.,0.));
#6432 = DIRECTION('',(0.,0.,1.));
#6433 = ORIENTED_EDGE('',*,*,#6198,.T.);
#6434 = PLANE('',#6435);
#6435 = AXIS2_PLACEMENT_3D('',#6436,#6437,#6438);
#6436 = CARTESIAN_POINT('',(-18.55,10.88,-0.22));
#6437 = DIRECTION('',(1.,0.,-0.));
#6438 = DIRECTION('',(-0.,0.,-1.));
#6439 = ADVANCED_FACE('',(#6440),#6451,.F.);
#6440 = FACE_BOUND('',#6441,.F.);
#6441 = EDGE_LOOP('',(#6442,#6443,#6449,#6450));
#6442 = ORIENTED_EDGE('',*,*,#6395,.F.);
#6443 = ORIENTED_EDGE('',*,*,#6444,.F.);
#6444 = EDGE_CURVE('',#6420,#6378,#6445,.T.);
#6445 = LINE('',#6446,#6447);
#6446 = CARTESIAN_POINT('',(-18.55,10.9,-0.22));
#6447 = VECTOR('',#6448,1.);
#6448 = DIRECTION('',(1.,0.,0.));
#6449 = ORIENTED_EDGE('',*,*,#6427,.F.);
#6450 = ORIENTED_EDGE('',*,*,#5764,.F.);
#6451 = CYLINDRICAL_SURFACE('',#6452,2.E-02);
#6452 = AXIS2_PLACEMENT_3D('',#6453,#6454,#6455);
#6453 = CARTESIAN_POINT('',(-37.10054447039,10.88,-0.22));
#6454 = DIRECTION('',(1.,0.,0.));
#6455 = DIRECTION('',(0.,0.,-1.));
#6456 = ADVANCED_FACE('',(#6457),#6468,.T.);
#6457 = FACE_BOUND('',#6458,.T.);
#6458 = EDGE_LOOP('',(#6459,#6460,#6461,#6467));
#6459 = ORIENTED_EDGE('',*,*,#6020,.F.);
#6460 = ORIENTED_EDGE('',*,*,#6387,.F.);
#6461 = ORIENTED_EDGE('',*,*,#6462,.T.);
#6462 = EDGE_CURVE('',#6380,#6411,#6463,.T.);
#6463 = LINE('',#6464,#6465);
#6464 = CARTESIAN_POINT('',(0.,11.1,-0.22));
#6465 = VECTOR('',#6466,1.);
#6466 = DIRECTION('',(-1.,0.,0.));
#6467 = ORIENTED_EDGE('',*,*,#6410,.F.);
#6468 = CYLINDRICAL_SURFACE('',#6469,0.22);
#6469 = AXIS2_PLACEMENT_3D('',#6470,#6471,#6472);
#6470 = CARTESIAN_POINT('',(-37.10054447039,10.88,-0.22));
#6471 = DIRECTION('',(1.,0.,0.));
#6472 = DIRECTION('',(0.,0.,-1.));
#6473 = ADVANCED_FACE('',(#6474),#6508,.F.);
#6474 = FACE_BOUND('',#6475,.T.);
#6475 = EDGE_LOOP('',(#6476,#6486,#6494,#6502));
#6476 = ORIENTED_EDGE('',*,*,#6477,.T.);
#6477 = EDGE_CURVE('',#6478,#6480,#6482,.T.);
#6478 = VERTEX_POINT('',#6479);
#6479 = CARTESIAN_POINT('',(18.55,10.9,-2.8));
#6480 = VERTEX_POINT('',#6481);
#6481 = CARTESIAN_POINT('',(-18.55,10.9,-2.8));
#6482 = LINE('',#6483,#6484);
#6483 = CARTESIAN_POINT('',(-18.55,10.9,-2.8));
#6484 = VECTOR('',#6485,1.);
#6485 = DIRECTION('',(-1.,0.,-1.438239597067E-17));
#6486 = ORIENTED_EDGE('',*,*,#6487,.F.);
#6487 = EDGE_CURVE('',#6488,#6480,#6490,.T.);
#6488 = VERTEX_POINT('',#6489);
#6489 = CARTESIAN_POINT('',(-18.55,11.1,-2.8));
#6490 = LINE('',#6491,#6492);
#6491 = CARTESIAN_POINT('',(-18.55,11.1,-2.8));
#6492 = VECTOR('',#6493,1.);
#6493 = DIRECTION('',(0.,-1.,-3.491481338843E-15));
#6494 = ORIENTED_EDGE('',*,*,#6495,.F.);
#6495 = EDGE_CURVE('',#6496,#6488,#6498,.T.);
#6496 = VERTEX_POINT('',#6497);
#6497 = CARTESIAN_POINT('',(18.55,11.1,-2.8));
#6498 = LINE('',#6499,#6500);
#6499 = CARTESIAN_POINT('',(13.696410161514,11.1,-2.8));
#6500 = VECTOR('',#6501,1.);
#6501 = DIRECTION('',(-1.,0.,-0.));
#6502 = ORIENTED_EDGE('',*,*,#6503,.T.);
#6503 = EDGE_CURVE('',#6496,#6478,#6504,.T.);
#6504 = LINE('',#6505,#6506);
#6505 = CARTESIAN_POINT('',(18.55,11.1,-2.8));
#6506 = VECTOR('',#6507,1.);
#6507 = DIRECTION('',(0.,-1.,-3.491481338843E-15));
#6508 = PLANE('',#6509);
#6509 = AXIS2_PLACEMENT_3D('',#6510,#6511,#6512);
#6510 = CARTESIAN_POINT('',(-18.55,11.1,-2.8));
#6511 = DIRECTION('',(-1.438239597067E-17,-3.491481338843E-15,1.));
#6512 = DIRECTION('',(0.,-1.,-3.491481338843E-15));
#6513 = ADVANCED_FACE('',(#6514),#6530,.T.);
#6514 = FACE_BOUND('',#6515,.T.);
#6515 = EDGE_LOOP('',(#6516,#6522,#6523,#6529));
#6516 = ORIENTED_EDGE('',*,*,#6517,.F.);
#6517 = EDGE_CURVE('',#6378,#6478,#6518,.T.);
#6518 = LINE('',#6519,#6520);
#6519 = CARTESIAN_POINT('',(18.55,10.9,-2.8));
#6520 = VECTOR('',#6521,1.);
#6521 = DIRECTION('',(0.,3.336006684571E-15,-1.));
#6522 = ORIENTED_EDGE('',*,*,#6444,.F.);
#6523 = ORIENTED_EDGE('',*,*,#6524,.F.);
#6524 = EDGE_CURVE('',#6480,#6420,#6525,.T.);
#6525 = LINE('',#6526,#6527);
#6526 = CARTESIAN_POINT('',(-18.55,10.9,-0.2));
#6527 = VECTOR('',#6528,1.);
#6528 = DIRECTION('',(0.,-3.336006684571E-15,1.));
#6529 = ORIENTED_EDGE('',*,*,#6477,.F.);
#6530 = PLANE('',#6531);
#6531 = AXIS2_PLACEMENT_3D('',#6532,#6533,#6534);
#6532 = CARTESIAN_POINT('',(0.,10.9,3.469446951954E-14));
#6533 = DIRECTION('',(0.,-1.,-3.336006684571E-15));
#6534 = DIRECTION('',(0.,3.336006684571E-15,-1.));
#6535 = ADVANCED_FACE('',(#6536),#6547,.F.);
#6536 = FACE_BOUND('',#6537,.T.);
#6537 = EDGE_LOOP('',(#6538,#6539,#6545,#6546));
#6538 = ORIENTED_EDGE('',*,*,#6419,.T.);
#6539 = ORIENTED_EDGE('',*,*,#6540,.F.);
#6540 = EDGE_CURVE('',#6488,#6411,#6541,.T.);
#6541 = LINE('',#6542,#6543);
#6542 = CARTESIAN_POINT('',(-18.55,11.1,-0.2));
#6543 = VECTOR('',#6544,1.);
#6544 = DIRECTION('',(0.,-3.336006684571E-15,1.));
#6545 = ORIENTED_EDGE('',*,*,#6487,.T.);
#6546 = ORIENTED_EDGE('',*,*,#6524,.T.);
#6547 = PLANE('',#6548);
#6548 = AXIS2_PLACEMENT_3D('',#6549,#6550,#6551);
#6549 = CARTESIAN_POINT('',(-18.55,11.1,-0.2));
#6550 = DIRECTION('',(1.,0.,0.));
#6551 = DIRECTION('',(0.,0.,-1.));
#6552 = ADVANCED_FACE('',(#6553),#6564,.F.);
#6553 = FACE_BOUND('',#6554,.T.);
#6554 = EDGE_LOOP('',(#6555,#6556,#6562,#6563));
#6555 = ORIENTED_EDGE('',*,*,#6462,.F.);
#6556 = ORIENTED_EDGE('',*,*,#6557,.T.);
#6557 = EDGE_CURVE('',#6380,#6496,#6558,.T.);
#6558 = LINE('',#6559,#6560);
#6559 = CARTESIAN_POINT('',(18.55,11.1,-2.8));
#6560 = VECTOR('',#6561,1.);
#6561 = DIRECTION('',(0.,3.336006684571E-15,-1.));
#6562 = ORIENTED_EDGE('',*,*,#6495,.T.);
#6563 = ORIENTED_EDGE('',*,*,#6540,.T.);
#6564 = PLANE('',#6565);
#6565 = AXIS2_PLACEMENT_3D('',#6566,#6567,#6568);
#6566 = CARTESIAN_POINT('',(0.,11.1,3.642919299551E-14));
#6567 = DIRECTION('',(0.,-1.,-3.336006684571E-15));
#6568 = DIRECTION('',(0.,3.336006684571E-15,-1.));
#6569 = ADVANCED_FACE('',(#6570),#6576,.F.);
#6570 = FACE_BOUND('',#6571,.T.);
#6571 = EDGE_LOOP('',(#6572,#6573,#6574,#6575));
#6572 = ORIENTED_EDGE('',*,*,#6377,.F.);
#6573 = ORIENTED_EDGE('',*,*,#6517,.T.);
#6574 = ORIENTED_EDGE('',*,*,#6503,.F.);
#6575 = ORIENTED_EDGE('',*,*,#6557,.F.);
#6576 = PLANE('',#6577);
#6577 = AXIS2_PLACEMENT_3D('',#6578,#6579,#6580);
#6578 = CARTESIAN_POINT('',(18.55,11.1,-2.8));
#6579 = DIRECTION('',(-1.,0.,0.));
#6580 = DIRECTION('',(0.,0.,1.));
#6581 = ADVANCED_FACE('',(#6582),#6609,.F.);
#6582 = FACE_BOUND('',#6583,.T.);
#6583 = EDGE_LOOP('',(#6584,#6594,#6601,#6602));
#6584 = ORIENTED_EDGE('',*,*,#6585,.F.);
#6585 = EDGE_CURVE('',#6586,#6588,#6590,.T.);
#6586 = VERTEX_POINT('',#6587);
#6587 = CARTESIAN_POINT('',(18.85,-5.38,-0.22));
#6588 = VERTEX_POINT('',#6589);
#6589 = CARTESIAN_POINT('',(18.65,-5.38,-0.22));
#6590 = LINE('',#6591,#6592);
#6591 = CARTESIAN_POINT('',(18.85,-5.38,-0.22));
#6592 = VECTOR('',#6593,1.);
#6593 = DIRECTION('',(-1.,0.,3.491481338843E-15));
#6594 = ORIENTED_EDGE('',*,*,#6595,.T.);
#6595 = EDGE_CURVE('',#6586,#5989,#6596,.T.);
#6596 = CIRCLE('',#6597,0.22);
#6597 = AXIS2_PLACEMENT_3D('',#6598,#6599,#6600);
#6598 = CARTESIAN_POINT('',(18.63,-5.38,-0.22));
#6599 = DIRECTION('',(0.,-1.,-0.));
#6600 = DIRECTION('',(0.,0.,-1.));
#6601 = ORIENTED_EDGE('',*,*,#6341,.T.);
#6602 = ORIENTED_EDGE('',*,*,#6603,.F.);
#6603 = EDGE_CURVE('',#6588,#5789,#6604,.T.);
#6604 = CIRCLE('',#6605,2.E-02);
#6605 = AXIS2_PLACEMENT_3D('',#6606,#6607,#6608);
#6606 = CARTESIAN_POINT('',(18.63,-5.38,-0.22));
#6607 = DIRECTION('',(0.,-1.,0.));
#6608 = DIRECTION('',(0.,0.,1.));
#6609 = PLANE('',#6610);
#6610 = AXIS2_PLACEMENT_3D('',#6611,#6612,#6613);
#6611 = CARTESIAN_POINT('',(18.63,-5.38,-0.22));
#6612 = DIRECTION('',(0.,1.,0.));
#6613 = DIRECTION('',(0.,-0.,1.));
#6614 = ADVANCED_FACE('',(#6615),#6645,.F.);
#6615 = FACE_BOUND('',#6616,.F.);
#6616 = EDGE_LOOP('',(#6617,#6618,#6627,#6636));
#6617 = ORIENTED_EDGE('',*,*,#6160,.F.);
#6618 = ORIENTED_EDGE('',*,*,#6619,.T.);
#6619 = EDGE_CURVE('',#5781,#6620,#6622,.T.);
#6620 = VERTEX_POINT('',#6621);
#6621 = CARTESIAN_POINT('',(18.65,10.8,-0.22));
#6622 = B_SPLINE_CURVE_WITH_KNOTS('',3,(#6623,#6624,#6625,#6626),
  .UNSPECIFIED.,.F.,.F.,(4,4),(0.,1.),.PIECEWISE_BEZIER_KNOTS.);
#6623 = CARTESIAN_POINT('',(18.63,10.78,-0.2));
#6624 = CARTESIAN_POINT('',(18.640471975512,10.786421800372,-0.2));
#6625 = CARTESIAN_POINT('',(18.65,10.793088467038,-0.209528024488));
#6626 = CARTESIAN_POINT('',(18.65,10.8,-0.22));
#6627 = ORIENTED_EDGE('',*,*,#6628,.T.);
#6628 = EDGE_CURVE('',#6620,#6629,#6631,.T.);
#6629 = VERTEX_POINT('',#6630);
#6630 = CARTESIAN_POINT('',(18.85,10.8,-0.22));
#6631 = B_SPLINE_CURVE_WITH_KNOTS('',3,(#6632,#6633,#6634,#6635),
  .UNSPECIFIED.,.F.,.F.,(4,4),(0.,1.),.PIECEWISE_BEZIER_KNOTS.);
#6632 = CARTESIAN_POINT('',(18.65,10.8,-0.22));
#6633 = CARTESIAN_POINT('',(18.716666666667,10.8,-0.22));
#6634 = CARTESIAN_POINT('',(18.783333333333,10.8,-0.22));
#6635 = CARTESIAN_POINT('',(18.85,10.8,-0.22));
#6636 = ORIENTED_EDGE('',*,*,#6637,.F.);
#6637 = EDGE_CURVE('',#5997,#6629,#6638,.T.);
#6638 = B_SPLINE_CURVE_WITH_KNOTS('',3,(#6639,#6640,#6641,#6642,#6643,
    #6644),.UNSPECIFIED.,.F.,.F.,(4,2,4),(0.,0.5,1.),.UNSPECIFIED.);
#6639 = CARTESIAN_POINT('',(18.63,10.78,1.13841228111E-15));
#6640 = CARTESIAN_POINT('',(18.687757135966,10.783219890831,
    1.137769262094E-15));
#6641 = CARTESIAN_POINT('',(18.744837064928,10.786483016946,
    -2.371008120611E-02));
#6642 = CARTESIAN_POINT('',(18.826289918794,10.793149683612,
    -0.105162935073));
#6643 = CARTESIAN_POINT('',(18.85,10.796534561984,-0.162242943111));
#6644 = CARTESIAN_POINT('',(18.85,10.8,-0.22));
#6645 = B_SPLINE_SURFACE_WITH_KNOTS('',1,3,(
    (#6646,#6647,#6648,#6649,#6650,#6651)
    ,(#6652,#6653,#6654,#6655,#6656,#6657
    )),.UNSPECIFIED.,.F.,.F.,.F.,(2,2),(4,2,4),(0.,1.),(0.,0.5,1.),
  .UNSPECIFIED.);
#6646 = CARTESIAN_POINT('',(18.63,10.78,1.13841228111E-15));
#6647 = CARTESIAN_POINT('',(18.687757135966,10.783219890831,
    1.137769262094E-15));
#6648 = CARTESIAN_POINT('',(18.744837064928,10.786483016946,
    -2.371008120611E-02));
#6649 = CARTESIAN_POINT('',(18.826289918794,10.793149683612,
    -0.105162935073));
#6650 = CARTESIAN_POINT('',(18.85,10.796534561984,-0.162242943111));
#6651 = CARTESIAN_POINT('',(18.85,10.8,-0.22));
#6652 = CARTESIAN_POINT('',(18.63,10.78,-0.2));
#6653 = CARTESIAN_POINT('',(18.635246675183,10.783217454109,-0.2));
#6654 = CARTESIAN_POINT('',(18.640439733175,10.786483016946,
    -0.202155461928));
#6655 = CARTESIAN_POINT('',(18.647844538072,10.793149683612,
    -0.209560266825));
#6656 = CARTESIAN_POINT('',(18.65,10.796537472354,-0.214753768098));
#6657 = CARTESIAN_POINT('',(18.65,10.8,-0.22));
#6658 = ADVANCED_FACE('',(#6659),#6670,.F.);
#6659 = FACE_BOUND('',#6660,.F.);
#6660 = EDGE_LOOP('',(#6661,#6662,#6668,#6669));
#6661 = ORIENTED_EDGE('',*,*,#6603,.F.);
#6662 = ORIENTED_EDGE('',*,*,#6663,.F.);
#6663 = EDGE_CURVE('',#6620,#6588,#6664,.T.);
#6664 = LINE('',#6665,#6666);
#6665 = CARTESIAN_POINT('',(18.65,10.8,-0.22));
#6666 = VECTOR('',#6667,1.);
#6667 = DIRECTION('',(0.,-1.,0.));
#6668 = ORIENTED_EDGE('',*,*,#6619,.F.);
#6669 = ORIENTED_EDGE('',*,*,#5788,.F.);
#6670 = CYLINDRICAL_SURFACE('',#6671,2.E-02);
#6671 = AXIS2_PLACEMENT_3D('',#6672,#6673,#6674);
#6672 = CARTESIAN_POINT('',(18.63,18.881248406721,-0.22));
#6673 = DIRECTION('',(-0.,-1.,-0.));
#6674 = DIRECTION('',(0.,0.,-1.));
#6675 = ADVANCED_FACE('',(#6676),#6687,.T.);
#6676 = FACE_BOUND('',#6677,.T.);
#6677 = EDGE_LOOP('',(#6678,#6679,#6680,#6686));
#6678 = ORIENTED_EDGE('',*,*,#5996,.F.);
#6679 = ORIENTED_EDGE('',*,*,#6595,.F.);
#6680 = ORIENTED_EDGE('',*,*,#6681,.T.);
#6681 = EDGE_CURVE('',#6586,#6629,#6682,.T.);
#6682 = LINE('',#6683,#6684);
#6683 = CARTESIAN_POINT('',(18.85,10.35,-0.22));
#6684 = VECTOR('',#6685,1.);
#6685 = DIRECTION('',(0.,1.,0.));
#6686 = ORIENTED_EDGE('',*,*,#6637,.F.);
#6687 = CYLINDRICAL_SURFACE('',#6688,0.22);
#6688 = AXIS2_PLACEMENT_3D('',#6689,#6690,#6691);
#6689 = CARTESIAN_POINT('',(18.63,18.881248406721,-0.22));
#6690 = DIRECTION('',(-0.,-1.,-0.));
#6691 = DIRECTION('',(0.,0.,-1.));
#6692 = ADVANCED_FACE('',(#6693),#6729,.T.);
#6693 = FACE_BOUND('',#6694,.T.);
#6694 = EDGE_LOOP('',(#6695,#6706,#6714,#6723));
#6695 = ORIENTED_EDGE('',*,*,#6696,.T.);
#6696 = EDGE_CURVE('',#6697,#6699,#6701,.T.);
#6697 = VERTEX_POINT('',#6698);
#6698 = CARTESIAN_POINT('',(18.65,8.303589838486,-2.8));
#6699 = VERTEX_POINT('',#6700);
#6700 = CARTESIAN_POINT('',(18.65,8.476794919243,-2.7));
#6701 = CIRCLE('',#6702,0.2);
#6702 = AXIS2_PLACEMENT_3D('',#6703,#6704,#6705);
#6703 = CARTESIAN_POINT('',(18.65,8.303589838486,-2.6));
#6704 = DIRECTION('',(1.,0.,3.491481338843E-15));
#6705 = DIRECTION('',(-3.491481338843E-15,0.,1.));
#6706 = ORIENTED_EDGE('',*,*,#6707,.F.);
#6707 = EDGE_CURVE('',#6708,#6699,#6710,.T.);
#6708 = VERTEX_POINT('',#6709);
#6709 = CARTESIAN_POINT('',(18.85,8.476794919243,-2.7));
#6710 = LINE('',#6711,#6712);
#6711 = CARTESIAN_POINT('',(18.85,8.476794919243,-2.7));
#6712 = VECTOR('',#6713,1.);
#6713 = DIRECTION('',(-1.,0.,-3.491481338843E-15));
#6714 = ORIENTED_EDGE('',*,*,#6715,.F.);
#6715 = EDGE_CURVE('',#6716,#6708,#6718,.T.);
#6716 = VERTEX_POINT('',#6717);
#6717 = CARTESIAN_POINT('',(18.85,8.303589838486,-2.8));
#6718 = CIRCLE('',#6719,0.2);
#6719 = AXIS2_PLACEMENT_3D('',#6720,#6721,#6722);
#6720 = CARTESIAN_POINT('',(18.85,8.303589838486,-2.6));
#6721 = DIRECTION('',(1.,0.,3.491481338843E-15));
#6722 = DIRECTION('',(-3.491481338843E-15,0.,1.));
#6723 = ORIENTED_EDGE('',*,*,#6724,.T.);
#6724 = EDGE_CURVE('',#6716,#6697,#6725,.T.);
#6725 = LINE('',#6726,#6727);
#6726 = CARTESIAN_POINT('',(18.85,8.303589838486,-2.8));
#6727 = VECTOR('',#6728,1.);
#6728 = DIRECTION('',(-1.,0.,-3.491481338843E-15));
#6729 = CYLINDRICAL_SURFACE('',#6730,0.2);
#6730 = AXIS2_PLACEMENT_3D('',#6731,#6732,#6733);
#6731 = CARTESIAN_POINT('',(18.85,8.303589838486,-2.6));
#6732 = DIRECTION('',(-1.,0.,-3.491481338843E-15));
#6733 = DIRECTION('',(-3.491481338843E-15,0.,1.));
#6734 = ADVANCED_FACE('',(#6735),#6753,.F.);
#6735 = FACE_BOUND('',#6736,.F.);
#6736 = EDGE_LOOP('',(#6737,#6744,#6745,#6752));
#6737 = ORIENTED_EDGE('',*,*,#6738,.F.);
#6738 = EDGE_CURVE('',#6699,#5675,#6739,.T.);
#6739 = CIRCLE('',#6740,0.2);
#6740 = AXIS2_PLACEMENT_3D('',#6741,#6742,#6743);
#6741 = CARTESIAN_POINT('',(18.65,8.65,-2.8));
#6742 = DIRECTION('',(-1.,0.,-3.491481338843E-15));
#6743 = DIRECTION('',(3.491481338843E-15,0.,-1.));
#6744 = ORIENTED_EDGE('',*,*,#6707,.F.);
#6745 = ORIENTED_EDGE('',*,*,#6746,.T.);
#6746 = EDGE_CURVE('',#6708,#5684,#6747,.T.);
#6747 = CIRCLE('',#6748,0.2);
#6748 = AXIS2_PLACEMENT_3D('',#6749,#6750,#6751);
#6749 = CARTESIAN_POINT('',(18.85,8.65,-2.8));
#6750 = DIRECTION('',(-1.,0.,-3.491481338843E-15));
#6751 = DIRECTION('',(3.491481338843E-15,0.,-1.));
#6752 = ORIENTED_EDGE('',*,*,#5683,.T.);
#6753 = CYLINDRICAL_SURFACE('',#6754,0.2);
#6754 = AXIS2_PLACEMENT_3D('',#6755,#6756,#6757);
#6755 = CARTESIAN_POINT('',(18.85,8.65,-2.8));
#6756 = DIRECTION('',(-1.,0.,-3.491481338843E-15));
#6757 = DIRECTION('',(-3.491481338843E-15,0.,1.));
#6758 = ADVANCED_FACE('',(#6759),#6784,.F.);
#6759 = FACE_BOUND('',#6760,.T.);
#6760 = EDGE_LOOP('',(#6761,#6769,#6777,#6783));
#6761 = ORIENTED_EDGE('',*,*,#6762,.T.);
#6762 = EDGE_CURVE('',#5667,#6763,#6765,.T.);
#6763 = VERTEX_POINT('',#6764);
#6764 = CARTESIAN_POINT('',(18.65,8.85,-3.1));
#6765 = LINE('',#6766,#6767);
#6766 = CARTESIAN_POINT('',(18.65,8.85,-3.1));
#6767 = VECTOR('',#6768,1.);
#6768 = DIRECTION('',(0.,-1.156482317318E-14,-1.));
#6769 = ORIENTED_EDGE('',*,*,#6770,.F.);
#6770 = EDGE_CURVE('',#6771,#6763,#6773,.T.);
#6771 = VERTEX_POINT('',#6772);
#6772 = CARTESIAN_POINT('',(18.85,8.85,-3.1));
#6773 = LINE('',#6774,#6775);
#6774 = CARTESIAN_POINT('',(18.85,8.85,-3.1));
#6775 = VECTOR('',#6776,1.);
#6776 = DIRECTION('',(-1.,0.,-3.491481338843E-15));
#6777 = ORIENTED_EDGE('',*,*,#6778,.F.);
#6778 = EDGE_CURVE('',#5665,#6771,#6779,.T.);
#6779 = LINE('',#6780,#6781);
#6780 = CARTESIAN_POINT('',(18.85,8.85,-3.1));
#6781 = VECTOR('',#6782,1.);
#6782 = DIRECTION('',(0.,-1.156482317318E-14,-1.));
#6783 = ORIENTED_EDGE('',*,*,#5664,.T.);
#6784 = PLANE('',#6785);
#6785 = AXIS2_PLACEMENT_3D('',#6786,#6787,#6788);
#6786 = CARTESIAN_POINT('',(18.85,8.85,-3.1));
#6787 = DIRECTION('',(4.037836429617E-29,1.,-1.156482317318E-14));
#6788 = DIRECTION('',(0.,1.156482317318E-14,1.));
#6789 = ADVANCED_FACE('',(#6790),#6817,.T.);
#6790 = FACE_BOUND('',#6791,.T.);
#6791 = EDGE_LOOP('',(#6792,#6801,#6809,#6816));
#6792 = ORIENTED_EDGE('',*,*,#6793,.T.);
#6793 = EDGE_CURVE('',#6763,#6794,#6796,.T.);
#6794 = VERTEX_POINT('',#6795);
#6795 = CARTESIAN_POINT('',(18.65,9.05,-3.3));
#6796 = CIRCLE('',#6797,0.2);
#6797 = AXIS2_PLACEMENT_3D('',#6798,#6799,#6800);
#6798 = CARTESIAN_POINT('',(18.65,9.05,-3.1));
#6799 = DIRECTION('',(1.,0.,3.491481338843E-15));
#6800 = DIRECTION('',(-3.491481338843E-15,0.,1.));
#6801 = ORIENTED_EDGE('',*,*,#6802,.F.);
#6802 = EDGE_CURVE('',#6803,#6794,#6805,.T.);
#6803 = VERTEX_POINT('',#6804);
#6804 = CARTESIAN_POINT('',(18.85,9.05,-3.3));
#6805 = LINE('',#6806,#6807);
#6806 = CARTESIAN_POINT('',(18.85,9.05,-3.3));
#6807 = VECTOR('',#6808,1.);
#6808 = DIRECTION('',(-1.,0.,-3.491481338843E-15));
#6809 = ORIENTED_EDGE('',*,*,#6810,.F.);
#6810 = EDGE_CURVE('',#6771,#6803,#6811,.T.);
#6811 = CIRCLE('',#6812,0.2);
#6812 = AXIS2_PLACEMENT_3D('',#6813,#6814,#6815);
#6813 = CARTESIAN_POINT('',(18.85,9.05,-3.1));
#6814 = DIRECTION('',(1.,0.,3.491481338843E-15));
#6815 = DIRECTION('',(-3.491481338843E-15,0.,1.));
#6816 = ORIENTED_EDGE('',*,*,#6770,.T.);
#6817 = CYLINDRICAL_SURFACE('',#6818,0.2);
#6818 = AXIS2_PLACEMENT_3D('',#6819,#6820,#6821);
#6819 = CARTESIAN_POINT('',(18.85,9.05,-3.1));
#6820 = DIRECTION('',(-1.,0.,-3.491481338843E-15));
#6821 = DIRECTION('',(-3.491481338843E-15,0.,1.));
#6822 = ADVANCED_FACE('',(#6823),#6848,.F.);
#6823 = FACE_BOUND('',#6824,.T.);
#6824 = EDGE_LOOP('',(#6825,#6833,#6841,#6847));
#6825 = ORIENTED_EDGE('',*,*,#6826,.T.);
#6826 = EDGE_CURVE('',#6794,#6827,#6829,.T.);
#6827 = VERTEX_POINT('',#6828);
#6828 = CARTESIAN_POINT('',(18.65,9.95,-3.3));
#6829 = LINE('',#6830,#6831);
#6830 = CARTESIAN_POINT('',(18.65,9.95,-3.3));
#6831 = VECTOR('',#6832,1.);
#6832 = DIRECTION('',(0.,1.,0.));
#6833 = ORIENTED_EDGE('',*,*,#6834,.F.);
#6834 = EDGE_CURVE('',#6835,#6827,#6837,.T.);
#6835 = VERTEX_POINT('',#6836);
#6836 = CARTESIAN_POINT('',(18.85,9.95,-3.3));
#6837 = LINE('',#6838,#6839);
#6838 = CARTESIAN_POINT('',(18.85,9.95,-3.3));
#6839 = VECTOR('',#6840,1.);
#6840 = DIRECTION('',(-1.,0.,-3.491481338843E-15));
#6841 = ORIENTED_EDGE('',*,*,#6842,.F.);
#6842 = EDGE_CURVE('',#6803,#6835,#6843,.T.);
#6843 = LINE('',#6844,#6845);
#6844 = CARTESIAN_POINT('',(18.85,9.95,-3.3));
#6845 = VECTOR('',#6846,1.);
#6846 = DIRECTION('',(0.,1.,0.));
#6847 = ORIENTED_EDGE('',*,*,#6802,.T.);
#6848 = PLANE('',#6849);
#6849 = AXIS2_PLACEMENT_3D('',#6850,#6851,#6852);
#6850 = CARTESIAN_POINT('',(18.85,9.95,-3.3));
#6851 = DIRECTION('',(-3.491481338843E-15,0.,1.));
#6852 = DIRECTION('',(1.,0.,3.491481338843E-15));
#6853 = ADVANCED_FACE('',(#6854),#6881,.T.);
#6854 = FACE_BOUND('',#6855,.T.);
#6855 = EDGE_LOOP('',(#6856,#6865,#6873,#6880));
#6856 = ORIENTED_EDGE('',*,*,#6857,.T.);
#6857 = EDGE_CURVE('',#6827,#6858,#6860,.T.);
#6858 = VERTEX_POINT('',#6859);
#6859 = CARTESIAN_POINT('',(18.65,10.15,-3.1));
#6860 = CIRCLE('',#6861,0.2);
#6861 = AXIS2_PLACEMENT_3D('',#6862,#6863,#6864);
#6862 = CARTESIAN_POINT('',(18.65,9.95,-3.1));
#6863 = DIRECTION('',(1.,0.,3.491481338843E-15));
#6864 = DIRECTION('',(-3.491481338843E-15,0.,1.));
#6865 = ORIENTED_EDGE('',*,*,#6866,.F.);
#6866 = EDGE_CURVE('',#6867,#6858,#6869,.T.);
#6867 = VERTEX_POINT('',#6868);
#6868 = CARTESIAN_POINT('',(18.85,10.15,-3.1));
#6869 = LINE('',#6870,#6871);
#6870 = CARTESIAN_POINT('',(18.85,10.15,-3.1));
#6871 = VECTOR('',#6872,1.);
#6872 = DIRECTION('',(-1.,0.,-3.491481338843E-15));
#6873 = ORIENTED_EDGE('',*,*,#6874,.F.);
#6874 = EDGE_CURVE('',#6835,#6867,#6875,.T.);
#6875 = CIRCLE('',#6876,0.2);
#6876 = AXIS2_PLACEMENT_3D('',#6877,#6878,#6879);
#6877 = CARTESIAN_POINT('',(18.85,9.95,-3.1));
#6878 = DIRECTION('',(1.,0.,3.491481338843E-15));
#6879 = DIRECTION('',(-3.491481338843E-15,0.,1.));
#6880 = ORIENTED_EDGE('',*,*,#6834,.T.);
#6881 = CYLINDRICAL_SURFACE('',#6882,0.2);
#6882 = AXIS2_PLACEMENT_3D('',#6883,#6884,#6885);
#6883 = CARTESIAN_POINT('',(18.85,9.95,-3.1));
#6884 = DIRECTION('',(-1.,0.,-3.491481338843E-15));
#6885 = DIRECTION('',(-3.491481338843E-15,0.,1.));
#6886 = ADVANCED_FACE('',(#6887),#6912,.F.);
#6887 = FACE_BOUND('',#6888,.T.);
#6888 = EDGE_LOOP('',(#6889,#6897,#6905,#6911));
#6889 = ORIENTED_EDGE('',*,*,#6890,.T.);
#6890 = EDGE_CURVE('',#6858,#6891,#6893,.T.);
#6891 = VERTEX_POINT('',#6892);
#6892 = CARTESIAN_POINT('',(18.65,10.15,-2.8));
#6893 = LINE('',#6894,#6895);
#6894 = CARTESIAN_POINT('',(18.65,10.15,-2.8));
#6895 = VECTOR('',#6896,1.);
#6896 = DIRECTION('',(0.,-1.156482317318E-14,1.));
#6897 = ORIENTED_EDGE('',*,*,#6898,.F.);
#6898 = EDGE_CURVE('',#6899,#6891,#6901,.T.);
#6899 = VERTEX_POINT('',#6900);
#6900 = CARTESIAN_POINT('',(18.85,10.15,-2.8));
#6901 = LINE('',#6902,#6903);
#6902 = CARTESIAN_POINT('',(18.85,10.15,-2.8));
#6903 = VECTOR('',#6904,1.);
#6904 = DIRECTION('',(-1.,0.,-3.491481338843E-15));
#6905 = ORIENTED_EDGE('',*,*,#6906,.F.);
#6906 = EDGE_CURVE('',#6867,#6899,#6907,.T.);
#6907 = LINE('',#6908,#6909);
#6908 = CARTESIAN_POINT('',(18.85,10.15,-2.8));
#6909 = VECTOR('',#6910,1.);
#6910 = DIRECTION('',(0.,-1.156482317318E-14,1.));
#6911 = ORIENTED_EDGE('',*,*,#6866,.T.);
#6912 = PLANE('',#6913);
#6913 = AXIS2_PLACEMENT_3D('',#6914,#6915,#6916);
#6914 = CARTESIAN_POINT('',(18.85,10.15,-2.8));
#6915 = DIRECTION('',(4.037836429617E-29,-1.,-1.156482317318E-14));
#6916 = DIRECTION('',(0.,1.156482317318E-14,-1.));
#6917 = ADVANCED_FACE('',(#6918),#6945,.F.);
#6918 = FACE_BOUND('',#6919,.F.);
#6919 = EDGE_LOOP('',(#6920,#6921,#6930,#6938));
#6920 = ORIENTED_EDGE('',*,*,#6898,.F.);
#6921 = ORIENTED_EDGE('',*,*,#6922,.T.);
#6922 = EDGE_CURVE('',#6899,#6923,#6925,.T.);
#6923 = VERTEX_POINT('',#6924);
#6924 = CARTESIAN_POINT('',(18.85,10.35,-2.6));
#6925 = CIRCLE('',#6926,0.2);
#6926 = AXIS2_PLACEMENT_3D('',#6927,#6928,#6929);
#6927 = CARTESIAN_POINT('',(18.85,10.35,-2.8));
#6928 = DIRECTION('',(-1.,0.,-3.491481338843E-15));
#6929 = DIRECTION('',(-3.491481338843E-15,0.,1.));
#6930 = ORIENTED_EDGE('',*,*,#6931,.T.);
#6931 = EDGE_CURVE('',#6923,#6932,#6934,.T.);
#6932 = VERTEX_POINT('',#6933);
#6933 = CARTESIAN_POINT('',(18.65,10.35,-2.6));
#6934 = LINE('',#6935,#6936);
#6935 = CARTESIAN_POINT('',(18.85,10.35,-2.6));
#6936 = VECTOR('',#6937,1.);
#6937 = DIRECTION('',(-1.,0.,-3.491481338843E-15));
#6938 = ORIENTED_EDGE('',*,*,#6939,.F.);
#6939 = EDGE_CURVE('',#6891,#6932,#6940,.T.);
#6940 = CIRCLE('',#6941,0.2);
#6941 = AXIS2_PLACEMENT_3D('',#6942,#6943,#6944);
#6942 = CARTESIAN_POINT('',(18.65,10.35,-2.8));
#6943 = DIRECTION('',(-1.,0.,-3.491481338843E-15));
#6944 = DIRECTION('',(-3.491481338843E-15,0.,1.));
#6945 = CYLINDRICAL_SURFACE('',#6946,0.2);
#6946 = AXIS2_PLACEMENT_3D('',#6947,#6948,#6949);
#6947 = CARTESIAN_POINT('',(18.85,10.35,-2.8));
#6948 = DIRECTION('',(-1.,0.,-3.491481338843E-15));
#6949 = DIRECTION('',(-3.491481338843E-15,0.,1.));
#6950 = ADVANCED_FACE('',(#6951),#6976,.F.);
#6951 = FACE_BOUND('',#6952,.T.);
#6952 = EDGE_LOOP('',(#6953,#6961,#6969,#6975));
#6953 = ORIENTED_EDGE('',*,*,#6954,.T.);
#6954 = EDGE_CURVE('',#6932,#6955,#6957,.T.);
#6955 = VERTEX_POINT('',#6956);
#6956 = CARTESIAN_POINT('',(18.65,10.8,-2.6));
#6957 = LINE('',#6958,#6959);
#6958 = CARTESIAN_POINT('',(18.65,10.35,-2.6));
#6959 = VECTOR('',#6960,1.);
#6960 = DIRECTION('',(0.,1.,0.));
#6961 = ORIENTED_EDGE('',*,*,#6962,.F.);
#6962 = EDGE_CURVE('',#6963,#6955,#6965,.T.);
#6963 = VERTEX_POINT('',#6964);
#6964 = CARTESIAN_POINT('',(18.85,10.8,-2.6));
#6965 = LINE('',#6966,#6967);
#6966 = CARTESIAN_POINT('',(18.85,10.8,-2.6));
#6967 = VECTOR('',#6968,1.);
#6968 = DIRECTION('',(-1.,0.,-3.491481338843E-15));
#6969 = ORIENTED_EDGE('',*,*,#6970,.F.);
#6970 = EDGE_CURVE('',#6923,#6963,#6971,.T.);
#6971 = LINE('',#6972,#6973);
#6972 = CARTESIAN_POINT('',(18.85,10.35,-2.6));
#6973 = VECTOR('',#6974,1.);
#6974 = DIRECTION('',(0.,1.,0.));
#6975 = ORIENTED_EDGE('',*,*,#6931,.T.);
#6976 = PLANE('',#6977);
#6977 = AXIS2_PLACEMENT_3D('',#6978,#6979,#6980);
#6978 = CARTESIAN_POINT('',(18.85,10.35,-2.6));
#6979 = DIRECTION('',(-3.491481338843E-15,0.,1.));
#6980 = DIRECTION('',(1.,0.,3.491481338843E-15));
#6981 = ADVANCED_FACE('',(#6982),#7007,.F.);
#6982 = FACE_BOUND('',#6983,.T.);
#6983 = EDGE_LOOP('',(#6984,#6994,#7000,#7001));
#6984 = ORIENTED_EDGE('',*,*,#6985,.T.);
#6985 = EDGE_CURVE('',#6986,#6988,#6990,.T.);
#6986 = VERTEX_POINT('',#6987);
#6987 = CARTESIAN_POINT('',(18.85,-5.38,-2.8));
#6988 = VERTEX_POINT('',#6989);
#6989 = CARTESIAN_POINT('',(18.65,-5.38,-2.8));
#6990 = LINE('',#6991,#6992);
#6991 = CARTESIAN_POINT('',(18.85,-5.38,-2.8));
#6992 = VECTOR('',#6993,1.);
#6993 = DIRECTION('',(-1.,-0.,-3.491481338843E-15));
#6994 = ORIENTED_EDGE('',*,*,#6995,.T.);
#6995 = EDGE_CURVE('',#6988,#6697,#6996,.T.);
#6996 = LINE('',#6997,#6998);
#6997 = CARTESIAN_POINT('',(18.65,8.303589838486,-2.8));
#6998 = VECTOR('',#6999,1.);
#6999 = DIRECTION('',(0.,1.,-4.540307582615E-17));
#7000 = ORIENTED_EDGE('',*,*,#6724,.F.);
#7001 = ORIENTED_EDGE('',*,*,#7002,.F.);
#7002 = EDGE_CURVE('',#6986,#6716,#7003,.T.);
#7003 = LINE('',#7004,#7005);
#7004 = CARTESIAN_POINT('',(18.85,8.303589838486,-2.8));
#7005 = VECTOR('',#7006,1.);
#7006 = DIRECTION('',(0.,1.,-4.540307582615E-17));
#7007 = PLANE('',#7008);
#7008 = AXIS2_PLACEMENT_3D('',#7009,#7010,#7011);
#7009 = CARTESIAN_POINT('',(18.85,8.303589838486,-2.8));
#7010 = DIRECTION('',(-3.491481338843E-15,4.540307582615E-17,1.));
#7011 = DIRECTION('',(1.,0.,3.491481338843E-15));
#7012 = ADVANCED_FACE('',(#7013),#7039,.T.);
#7013 = FACE_BOUND('',#7014,.T.);
#7014 = EDGE_LOOP('',(#7015,#7016,#7022,#7023,#7029,#7030,#7031,#7032,
    #7033,#7034,#7035,#7036,#7037,#7038));
#7015 = ORIENTED_EDGE('',*,*,#6995,.F.);
#7016 = ORIENTED_EDGE('',*,*,#7017,.F.);
#7017 = EDGE_CURVE('',#6588,#6988,#7018,.T.);
#7018 = LINE('',#7019,#7020);
#7019 = CARTESIAN_POINT('',(18.65,-5.38,-2.8));
#7020 = VECTOR('',#7021,1.);
#7021 = DIRECTION('',(3.491481338843E-15,-0.,-1.));
#7022 = ORIENTED_EDGE('',*,*,#6663,.F.);
#7023 = ORIENTED_EDGE('',*,*,#7024,.F.);
#7024 = EDGE_CURVE('',#6955,#6620,#7025,.T.);
#7025 = LINE('',#7026,#7027);
#7026 = CARTESIAN_POINT('',(18.65,10.8,-2.6));
#7027 = VECTOR('',#7028,1.);
#7028 = DIRECTION('',(-2.891205793295E-15,0.,1.));
#7029 = ORIENTED_EDGE('',*,*,#6954,.F.);
#7030 = ORIENTED_EDGE('',*,*,#6939,.F.);
#7031 = ORIENTED_EDGE('',*,*,#6890,.F.);
#7032 = ORIENTED_EDGE('',*,*,#6857,.F.);
#7033 = ORIENTED_EDGE('',*,*,#6826,.F.);
#7034 = ORIENTED_EDGE('',*,*,#6793,.F.);
#7035 = ORIENTED_EDGE('',*,*,#6762,.F.);
#7036 = ORIENTED_EDGE('',*,*,#5674,.F.);
#7037 = ORIENTED_EDGE('',*,*,#6738,.F.);
#7038 = ORIENTED_EDGE('',*,*,#6696,.F.);
#7039 = PLANE('',#7040);
#7040 = AXIS2_PLACEMENT_3D('',#7041,#7042,#7043);
#7041 = CARTESIAN_POINT('',(18.65,10.35,-2.8));
#7042 = DIRECTION('',(-1.,0.,-3.491481338843E-15));
#7043 = DIRECTION('',(-3.491481338843E-15,0.,1.));
#7044 = ADVANCED_FACE('',(#7045),#7056,.F.);
#7045 = FACE_BOUND('',#7046,.T.);
#7046 = EDGE_LOOP('',(#7047,#7048,#7054,#7055));
#7047 = ORIENTED_EDGE('',*,*,#6628,.T.);
#7048 = ORIENTED_EDGE('',*,*,#7049,.F.);
#7049 = EDGE_CURVE('',#6963,#6629,#7050,.T.);
#7050 = LINE('',#7051,#7052);
#7051 = CARTESIAN_POINT('',(18.85,10.8,-2.6));
#7052 = VECTOR('',#7053,1.);
#7053 = DIRECTION('',(-2.891205793295E-15,0.,1.));
#7054 = ORIENTED_EDGE('',*,*,#6962,.T.);
#7055 = ORIENTED_EDGE('',*,*,#7024,.T.);
#7056 = PLANE('',#7057);
#7057 = AXIS2_PLACEMENT_3D('',#7058,#7059,#7060);
#7058 = CARTESIAN_POINT('',(18.85,10.8,-2.6));
#7059 = DIRECTION('',(0.,-1.,0.));
#7060 = DIRECTION('',(0.,0.,-1.));
#7061 = ADVANCED_FACE('',(#7062),#7083,.F.);
#7062 = FACE_BOUND('',#7063,.T.);
#7063 = EDGE_LOOP('',(#7064,#7070,#7071,#7072,#7073,#7074,#7075,#7076,
    #7077,#7078,#7079,#7080,#7081,#7082));
#7064 = ORIENTED_EDGE('',*,*,#7065,.T.);
#7065 = EDGE_CURVE('',#6586,#6986,#7066,.T.);
#7066 = LINE('',#7067,#7068);
#7067 = CARTESIAN_POINT('',(18.85,-5.38,-2.8));
#7068 = VECTOR('',#7069,1.);
#7069 = DIRECTION('',(3.491481338843E-15,0.,-1.));
#7070 = ORIENTED_EDGE('',*,*,#7002,.T.);
#7071 = ORIENTED_EDGE('',*,*,#6715,.T.);
#7072 = ORIENTED_EDGE('',*,*,#6746,.T.);
#7073 = ORIENTED_EDGE('',*,*,#5691,.T.);
#7074 = ORIENTED_EDGE('',*,*,#6778,.T.);
#7075 = ORIENTED_EDGE('',*,*,#6810,.T.);
#7076 = ORIENTED_EDGE('',*,*,#6842,.T.);
#7077 = ORIENTED_EDGE('',*,*,#6874,.T.);
#7078 = ORIENTED_EDGE('',*,*,#6906,.T.);
#7079 = ORIENTED_EDGE('',*,*,#6922,.T.);
#7080 = ORIENTED_EDGE('',*,*,#6970,.T.);
#7081 = ORIENTED_EDGE('',*,*,#7049,.T.);
#7082 = ORIENTED_EDGE('',*,*,#6681,.F.);
#7083 = PLANE('',#7084);
#7084 = AXIS2_PLACEMENT_3D('',#7085,#7086,#7087);
#7085 = CARTESIAN_POINT('',(18.85,10.35,-2.8));
#7086 = DIRECTION('',(-1.,0.,-3.491481338843E-15));
#7087 = DIRECTION('',(-3.491481338843E-15,0.,1.));
#7088 = ADVANCED_FACE('',(#7089),#7095,.F.);
#7089 = FACE_BOUND('',#7090,.T.);
#7090 = EDGE_LOOP('',(#7091,#7092,#7093,#7094));
#7091 = ORIENTED_EDGE('',*,*,#6985,.F.);
#7092 = ORIENTED_EDGE('',*,*,#7065,.F.);
#7093 = ORIENTED_EDGE('',*,*,#6585,.T.);
#7094 = ORIENTED_EDGE('',*,*,#7017,.T.);
#7095 = PLANE('',#7096);
#7096 = AXIS2_PLACEMENT_3D('',#7097,#7098,#7099);
#7097 = CARTESIAN_POINT('',(18.85,-5.38,-2.8));
#7098 = DIRECTION('',(0.,1.,0.));
#7099 = DIRECTION('',(3.491481338843E-15,0.,-1.));
#7100 = ADVANCED_FACE('',(#7101),#7129,.F.);
#7101 = FACE_BOUND('',#7102,.F.);
#7102 = EDGE_LOOP('',(#7103,#7112,#7113,#7124));
#7103 = ORIENTED_EDGE('',*,*,#7104,.T.);
#7104 = EDGE_CURVE('',#7105,#5741,#7107,.T.);
#7105 = VERTEX_POINT('',#7106);
#7106 = CARTESIAN_POINT('',(-18.65,10.8,-0.22));
#7107 = B_SPLINE_CURVE_WITH_KNOTS('',3,(#7108,#7109,#7110,#7111),
  .UNSPECIFIED.,.F.,.F.,(4,4),(0.,1.),.PIECEWISE_BEZIER_KNOTS.);
#7108 = CARTESIAN_POINT('',(-18.65,10.8,-0.22));
#7109 = CARTESIAN_POINT('',(-18.65,10.793578199628,-0.209528024488));
#7110 = CARTESIAN_POINT('',(-18.64047197551,10.786911532962,-0.2));
#7111 = CARTESIAN_POINT('',(-18.63,10.78,-0.2));
#7112 = ORIENTED_EDGE('',*,*,#6137,.T.);
#7113 = ORIENTED_EDGE('',*,*,#7114,.F.);
#7114 = EDGE_CURVE('',#7115,#6037,#7117,.T.);
#7115 = VERTEX_POINT('',#7116);
#7116 = CARTESIAN_POINT('',(-18.85,10.8,-0.22));
#7117 = B_SPLINE_CURVE_WITH_KNOTS('',3,(#7118,#7119,#7120,#7121,#7122,
    #7123),.UNSPECIFIED.,.F.,.F.,(4,2,4),(0.,0.5,1.),.UNSPECIFIED.);
#7118 = CARTESIAN_POINT('',(-18.85,10.8,-0.22));
#7119 = CARTESIAN_POINT('',(-18.85,10.796780109169,-0.162242864034));
#7120 = CARTESIAN_POINT('',(-18.82628991879,10.793516983054,
    -0.105162935072));
#7121 = CARTESIAN_POINT('',(-18.74483706492,10.786850316388,
    -2.371008120556E-02));
#7122 = CARTESIAN_POINT('',(-18.68775705688,10.783465438016,
    1.021966771155E-14));
#7123 = CARTESIAN_POINT('',(-18.63,10.78,1.020844108031E-14));
#7124 = ORIENTED_EDGE('',*,*,#7125,.F.);
#7125 = EDGE_CURVE('',#7105,#7115,#7126,.T.);
#7126 = B_SPLINE_CURVE_WITH_KNOTS('',1,(#7127,#7128),.UNSPECIFIED.,.F.,
  .F.,(2,2),(0.,1.),.PIECEWISE_BEZIER_KNOTS.);
#7127 = CARTESIAN_POINT('',(-18.65,10.8,-0.22));
#7128 = CARTESIAN_POINT('',(-18.85,10.8,-0.22));
#7129 = B_SPLINE_SURFACE_WITH_KNOTS('',1,3,(
    (#7130,#7131,#7132,#7133,#7134,#7135)
    ,(#7136,#7137,#7138,#7139,#7140,#7141
    )),.UNSPECIFIED.,.F.,.F.,.F.,(2,2),(4,2,4),(0.,1.),(0.,0.5,1.),
  .UNSPECIFIED.);
#7130 = CARTESIAN_POINT('',(-18.85,10.8,-0.22));
#7131 = CARTESIAN_POINT('',(-18.85,10.796780109169,-0.162242864034));
#7132 = CARTESIAN_POINT('',(-18.82628991879,10.793516983054,
    -0.105162935072));
#7133 = CARTESIAN_POINT('',(-18.74483706492,10.786850316388,
    -2.371008120556E-02));
#7134 = CARTESIAN_POINT('',(-18.68775705688,10.783465438016,
    1.021966771155E-14));
#7135 = CARTESIAN_POINT('',(-18.63,10.78,1.021860547568E-14));
#7136 = CARTESIAN_POINT('',(-18.65,10.8,-0.22));
#7137 = CARTESIAN_POINT('',(-18.65,10.796782545891,-0.214753324817));
#7138 = CARTESIAN_POINT('',(-18.64784453807,10.793516983054,
    -0.209560266825));
#7139 = CARTESIAN_POINT('',(-18.64043973317,10.786850316388,
    -0.202155461928));
#7140 = CARTESIAN_POINT('',(-18.6352462319,10.783462527646,-0.2));
#7141 = CARTESIAN_POINT('',(-18.63,10.78,-0.2));
#7142 = ADVANCED_FACE('',(#7143),#7170,.F.);
#7143 = FACE_BOUND('',#7144,.T.);
#7144 = EDGE_LOOP('',(#7145,#7154,#7162,#7169));
#7145 = ORIENTED_EDGE('',*,*,#7146,.T.);
#7146 = EDGE_CURVE('',#6045,#7147,#7149,.T.);
#7147 = VERTEX_POINT('',#7148);
#7148 = CARTESIAN_POINT('',(-18.85,-10.8,-0.22));
#7149 = CIRCLE('',#7150,0.22);
#7150 = AXIS2_PLACEMENT_3D('',#7151,#7152,#7153);
#7151 = CARTESIAN_POINT('',(-18.63,-10.8,-0.22));
#7152 = DIRECTION('',(0.,-1.,-6.776263578035E-16));
#7153 = DIRECTION('',(0.,-6.776263578035E-16,1.));
#7154 = ORIENTED_EDGE('',*,*,#7155,.F.);
#7155 = EDGE_CURVE('',#7156,#7147,#7158,.T.);
#7156 = VERTEX_POINT('',#7157);
#7157 = CARTESIAN_POINT('',(-18.65,-10.8,-0.22));
#7158 = LINE('',#7159,#7160);
#7159 = CARTESIAN_POINT('',(-18.65,-10.8,-0.22));
#7160 = VECTOR('',#7161,1.);
#7161 = DIRECTION('',(-1.,-8.382489018754E-16,3.391901413833E-15));
#7162 = ORIENTED_EDGE('',*,*,#7163,.F.);
#7163 = EDGE_CURVE('',#5733,#7156,#7164,.T.);
#7164 = CIRCLE('',#7165,2.E-02);
#7165 = AXIS2_PLACEMENT_3D('',#7166,#7167,#7168);
#7166 = CARTESIAN_POINT('',(-18.63,-10.8,-0.22));
#7167 = DIRECTION('',(0.,-1.,0.));
#7168 = DIRECTION('',(0.,0.,-1.));
#7169 = ORIENTED_EDGE('',*,*,#6215,.T.);
#7170 = PLANE('',#7171);
#7171 = AXIS2_PLACEMENT_3D('',#7172,#7173,#7174);
#7172 = CARTESIAN_POINT('',(-18.63,-10.8,-0.22));
#7173 = DIRECTION('',(-0.,1.,0.));
#7174 = DIRECTION('',(0.,0.,1.));
#7175 = ADVANCED_FACE('',(#7176),#7187,.F.);
#7176 = FACE_BOUND('',#7177,.F.);
#7177 = EDGE_LOOP('',(#7178,#7179,#7185,#7186));
#7178 = ORIENTED_EDGE('',*,*,#7104,.F.);
#7179 = ORIENTED_EDGE('',*,*,#7180,.F.);
#7180 = EDGE_CURVE('',#7156,#7105,#7181,.T.);
#7181 = LINE('',#7182,#7183);
#7182 = CARTESIAN_POINT('',(-18.65,-10.8,-0.22));
#7183 = VECTOR('',#7184,1.);
#7184 = DIRECTION('',(-6.776263578035E-16,1.,-5.170038137315E-16));
#7185 = ORIENTED_EDGE('',*,*,#7163,.F.);
#7186 = ORIENTED_EDGE('',*,*,#5740,.F.);
#7187 = CYLINDRICAL_SURFACE('',#7188,2.E-02);
#7188 = AXIS2_PLACEMENT_3D('',#7189,#7190,#7191);
#7189 = CARTESIAN_POINT('',(-18.63,-21.61093516494,-0.22));
#7190 = DIRECTION('',(-0.,1.,6.776263578035E-16));
#7191 = DIRECTION('',(0.,-6.776263578035E-16,1.));
#7192 = ADVANCED_FACE('',(#7193),#7204,.T.);
#7193 = FACE_BOUND('',#7194,.T.);
#7194 = EDGE_LOOP('',(#7195,#7196,#7197,#7203));
#7195 = ORIENTED_EDGE('',*,*,#6044,.F.);
#7196 = ORIENTED_EDGE('',*,*,#7114,.F.);
#7197 = ORIENTED_EDGE('',*,*,#7198,.T.);
#7198 = EDGE_CURVE('',#7115,#7147,#7199,.T.);
#7199 = LINE('',#7200,#7201);
#7200 = CARTESIAN_POINT('',(-18.85,-10.35,-0.22));
#7201 = VECTOR('',#7202,1.);
#7202 = DIRECTION('',(8.382489018754E-16,-1.,5.170038137315E-16));
#7203 = ORIENTED_EDGE('',*,*,#7146,.F.);
#7204 = CYLINDRICAL_SURFACE('',#7205,0.22);
#7205 = AXIS2_PLACEMENT_3D('',#7206,#7207,#7208);
#7206 = CARTESIAN_POINT('',(-18.63,-21.61093516494,-0.22));
#7207 = DIRECTION('',(-0.,1.,6.776263578035E-16));
#7208 = DIRECTION('',(0.,-6.776263578035E-16,1.));
#7209 = ADVANCED_FACE('',(#7210),#7244,.F.);
#7210 = FACE_BOUND('',#7211,.T.);
#7211 = EDGE_LOOP('',(#7212,#7222,#7230,#7238));
#7212 = ORIENTED_EDGE('',*,*,#7213,.T.);
#7213 = EDGE_CURVE('',#7214,#7216,#7218,.T.);
#7214 = VERTEX_POINT('',#7215);
#7215 = CARTESIAN_POINT('',(-18.65,10.8,-2.8));
#7216 = VERTEX_POINT('',#7217);
#7217 = CARTESIAN_POINT('',(-18.65,-8.303589838486,-2.8));
#7218 = LINE('',#7219,#7220);
#7219 = CARTESIAN_POINT('',(-18.65,-8.303589838486,-2.8));
#7220 = VECTOR('',#7221,1.);
#7221 = DIRECTION('',(8.592386611081E-16,-1.,7.911340473688E-16));
#7222 = ORIENTED_EDGE('',*,*,#7223,.F.);
#7223 = EDGE_CURVE('',#7224,#7216,#7226,.T.);
#7224 = VERTEX_POINT('',#7225);
#7225 = CARTESIAN_POINT('',(-18.85,-8.303589838486,-2.8));
#7226 = LINE('',#7227,#7228);
#7227 = CARTESIAN_POINT('',(-18.85,-8.303589838486,-2.8));
#7228 = VECTOR('',#7229,1.);
#7229 = DIRECTION('',(1.,8.382489018754E-16,-3.491481338843E-15));
#7230 = ORIENTED_EDGE('',*,*,#7231,.F.);
#7231 = EDGE_CURVE('',#7232,#7224,#7234,.T.);
#7232 = VERTEX_POINT('',#7233);
#7233 = CARTESIAN_POINT('',(-18.85,10.8,-2.8));
#7234 = LINE('',#7235,#7236);
#7235 = CARTESIAN_POINT('',(-18.85,-8.303589838486,-2.8));
#7236 = VECTOR('',#7237,1.);
#7237 = DIRECTION('',(8.592386611081E-16,-1.,7.911340473688E-16));
#7238 = ORIENTED_EDGE('',*,*,#7239,.T.);
#7239 = EDGE_CURVE('',#7232,#7214,#7240,.T.);
#7240 = LINE('',#7241,#7242);
#7241 = CARTESIAN_POINT('',(-18.85,10.8,-2.8));
#7242 = VECTOR('',#7243,1.);
#7243 = DIRECTION('',(1.,8.382489018754E-16,-3.491481338843E-15));
#7244 = PLANE('',#7245);
#7245 = AXIS2_PLACEMENT_3D('',#7246,#7247,#7248);
#7246 = CARTESIAN_POINT('',(-18.85,-8.303589838486,-2.8));
#7247 = DIRECTION('',(3.491481338843E-15,7.911340473688E-16,1.));
#7248 = DIRECTION('',(1.,6.776263578035E-16,-3.491481338843E-15));
#7249 = ADVANCED_FACE('',(#7250),#7277,.T.);
#7250 = FACE_BOUND('',#7251,.T.);
#7251 = EDGE_LOOP('',(#7252,#7261,#7269,#7276));
#7252 = ORIENTED_EDGE('',*,*,#7253,.T.);
#7253 = EDGE_CURVE('',#7216,#7254,#7256,.T.);
#7254 = VERTEX_POINT('',#7255);
#7255 = CARTESIAN_POINT('',(-18.65,-8.476794919243,-2.7));
#7256 = CIRCLE('',#7257,0.2);
#7257 = AXIS2_PLACEMENT_3D('',#7258,#7259,#7260);
#7258 = CARTESIAN_POINT('',(-18.65,-8.303589838486,-2.6));
#7259 = DIRECTION('',(-1.,-8.382489018754E-16,3.491481338843E-15));
#7260 = DIRECTION('',(-3.491481338843E-15,-2.926730398204E-30,-1.));
#7261 = ORIENTED_EDGE('',*,*,#7262,.F.);
#7262 = EDGE_CURVE('',#7263,#7254,#7265,.T.);
#7263 = VERTEX_POINT('',#7264);
#7264 = CARTESIAN_POINT('',(-18.85,-8.476794919243,-2.7));
#7265 = LINE('',#7266,#7267);
#7266 = CARTESIAN_POINT('',(-18.85,-8.476794919243,-2.7));
#7267 = VECTOR('',#7268,1.);
#7268 = DIRECTION('',(1.,8.382489018754E-16,-3.491481338843E-15));
#7269 = ORIENTED_EDGE('',*,*,#7270,.F.);
#7270 = EDGE_CURVE('',#7224,#7263,#7271,.T.);
#7271 = CIRCLE('',#7272,0.2);
#7272 = AXIS2_PLACEMENT_3D('',#7273,#7274,#7275);
#7273 = CARTESIAN_POINT('',(-18.85,-8.303589838486,-2.6));
#7274 = DIRECTION('',(-1.,-8.382489018754E-16,3.491481338843E-15));
#7275 = DIRECTION('',(-3.491481338843E-15,-2.926730398204E-30,-1.));
#7276 = ORIENTED_EDGE('',*,*,#7223,.T.);
#7277 = CYLINDRICAL_SURFACE('',#7278,0.2);
#7278 = AXIS2_PLACEMENT_3D('',#7279,#7280,#7281);
#7279 = CARTESIAN_POINT('',(-18.85,-8.303589838486,-2.6));
#7280 = DIRECTION('',(1.,8.382489018754E-16,-3.491481338843E-15));
#7281 = DIRECTION('',(-3.491481338843E-15,-2.926730398204E-30,-1.));
#7282 = ADVANCED_FACE('',(#7283),#7310,.F.);
#7283 = FACE_BOUND('',#7284,.F.);
#7284 = EDGE_LOOP('',(#7285,#7286,#7295,#7303));
#7285 = ORIENTED_EDGE('',*,*,#7262,.F.);
#7286 = ORIENTED_EDGE('',*,*,#7287,.T.);
#7287 = EDGE_CURVE('',#7263,#7288,#7290,.T.);
#7288 = VERTEX_POINT('',#7289);
#7289 = CARTESIAN_POINT('',(-18.85,-8.85,-2.8));
#7290 = CIRCLE('',#7291,0.2);
#7291 = AXIS2_PLACEMENT_3D('',#7292,#7293,#7294);
#7292 = CARTESIAN_POINT('',(-18.85,-8.65,-2.8));
#7293 = DIRECTION('',(1.,8.382489018754E-16,-3.491481338843E-15));
#7294 = DIRECTION('',(3.491481338843E-15,2.926730398204E-30,1.));
#7295 = ORIENTED_EDGE('',*,*,#7296,.T.);
#7296 = EDGE_CURVE('',#7288,#7297,#7299,.T.);
#7297 = VERTEX_POINT('',#7298);
#7298 = CARTESIAN_POINT('',(-18.65,-8.85,-2.8));
#7299 = LINE('',#7300,#7301);
#7300 = CARTESIAN_POINT('',(-18.85,-8.85,-2.8));
#7301 = VECTOR('',#7302,1.);
#7302 = DIRECTION('',(1.,8.382489018754E-16,-3.491481338843E-15));
#7303 = ORIENTED_EDGE('',*,*,#7304,.F.);
#7304 = EDGE_CURVE('',#7254,#7297,#7305,.T.);
#7305 = CIRCLE('',#7306,0.2);
#7306 = AXIS2_PLACEMENT_3D('',#7307,#7308,#7309);
#7307 = CARTESIAN_POINT('',(-18.65,-8.65,-2.8));
#7308 = DIRECTION('',(1.,8.382489018754E-16,-3.491481338843E-15));
#7309 = DIRECTION('',(3.491481338843E-15,2.926730398204E-30,1.));
#7310 = CYLINDRICAL_SURFACE('',#7311,0.2);
#7311 = AXIS2_PLACEMENT_3D('',#7312,#7313,#7314);
#7312 = CARTESIAN_POINT('',(-18.85,-8.65,-2.8));
#7313 = DIRECTION('',(1.,8.382489018754E-16,-3.491481338843E-15));
#7314 = DIRECTION('',(-3.491481338843E-15,-2.926730398204E-30,-1.));
#7315 = ADVANCED_FACE('',(#7316),#7341,.F.);
#7316 = FACE_BOUND('',#7317,.T.);
#7317 = EDGE_LOOP('',(#7318,#7326,#7334,#7340));
#7318 = ORIENTED_EDGE('',*,*,#7319,.T.);
#7319 = EDGE_CURVE('',#7297,#7320,#7322,.T.);
#7320 = VERTEX_POINT('',#7321);
#7321 = CARTESIAN_POINT('',(-18.65,-8.85,-3.1));
#7322 = LINE('',#7323,#7324);
#7323 = CARTESIAN_POINT('',(-18.65,-8.85,-3.1));
#7324 = VECTOR('',#7325,1.);
#7325 = DIRECTION('',(-1.156482317318E-14,-6.776263578035E-16,-1.));
#7326 = ORIENTED_EDGE('',*,*,#7327,.F.);
#7327 = EDGE_CURVE('',#7328,#7320,#7330,.T.);
#7328 = VERTEX_POINT('',#7329);
#7329 = CARTESIAN_POINT('',(-18.85,-8.85,-3.1));
#7330 = LINE('',#7331,#7332);
#7331 = CARTESIAN_POINT('',(-18.85,-8.85,-3.1));
#7332 = VECTOR('',#7333,1.);
#7333 = DIRECTION('',(1.,8.382489018754E-16,-3.491481338843E-15));
#7334 = ORIENTED_EDGE('',*,*,#7335,.F.);
#7335 = EDGE_CURVE('',#7288,#7328,#7336,.T.);
#7336 = LINE('',#7337,#7338);
#7337 = CARTESIAN_POINT('',(-18.85,-8.85,-3.1));
#7338 = VECTOR('',#7339,1.);
#7339 = DIRECTION('',(-1.156482317318E-14,-6.776263578035E-16,-1.));
#7340 = ORIENTED_EDGE('',*,*,#7296,.T.);
#7341 = PLANE('',#7342);
#7342 = AXIS2_PLACEMENT_3D('',#7343,#7344,#7345);
#7343 = CARTESIAN_POINT('',(-18.85,-8.85,-3.1));
#7344 = DIRECTION('',(8.382489018754E-16,-1.,6.776263578035E-16));
#7345 = DIRECTION('',(1.,8.382489018754E-16,0.));
#7346 = ADVANCED_FACE('',(#7347),#7374,.T.);
#7347 = FACE_BOUND('',#7348,.T.);
#7348 = EDGE_LOOP('',(#7349,#7358,#7366,#7373));
#7349 = ORIENTED_EDGE('',*,*,#7350,.T.);
#7350 = EDGE_CURVE('',#7320,#7351,#7353,.T.);
#7351 = VERTEX_POINT('',#7352);
#7352 = CARTESIAN_POINT('',(-18.65,-9.05,-3.3));
#7353 = CIRCLE('',#7354,0.2);
#7354 = AXIS2_PLACEMENT_3D('',#7355,#7356,#7357);
#7355 = CARTESIAN_POINT('',(-18.65,-9.05,-3.1));
#7356 = DIRECTION('',(-1.,-8.382489018754E-16,3.491481338843E-15));
#7357 = DIRECTION('',(-3.491481338843E-15,-2.926730398204E-30,-1.));
#7358 = ORIENTED_EDGE('',*,*,#7359,.F.);
#7359 = EDGE_CURVE('',#7360,#7351,#7362,.T.);
#7360 = VERTEX_POINT('',#7361);
#7361 = CARTESIAN_POINT('',(-18.85,-9.05,-3.3));
#7362 = LINE('',#7363,#7364);
#7363 = CARTESIAN_POINT('',(-18.85,-9.05,-3.3));
#7364 = VECTOR('',#7365,1.);
#7365 = DIRECTION('',(1.,8.382489018754E-16,-3.491481338843E-15));
#7366 = ORIENTED_EDGE('',*,*,#7367,.F.);
#7367 = EDGE_CURVE('',#7328,#7360,#7368,.T.);
#7368 = CIRCLE('',#7369,0.2);
#7369 = AXIS2_PLACEMENT_3D('',#7370,#7371,#7372);
#7370 = CARTESIAN_POINT('',(-18.85,-9.05,-3.1));
#7371 = DIRECTION('',(-1.,-8.382489018754E-16,3.491481338843E-15));
#7372 = DIRECTION('',(-3.491481338843E-15,-2.926730398204E-30,-1.));
#7373 = ORIENTED_EDGE('',*,*,#7327,.T.);
#7374 = CYLINDRICAL_SURFACE('',#7375,0.2);
#7375 = AXIS2_PLACEMENT_3D('',#7376,#7377,#7378);
#7376 = CARTESIAN_POINT('',(-18.85,-9.05,-3.1));
#7377 = DIRECTION('',(1.,8.382489018754E-16,-3.491481338843E-15));
#7378 = DIRECTION('',(-3.491481338843E-15,-2.926730398204E-30,-1.));
#7379 = ADVANCED_FACE('',(#7380),#7405,.F.);
#7380 = FACE_BOUND('',#7381,.T.);
#7381 = EDGE_LOOP('',(#7382,#7390,#7398,#7404));
#7382 = ORIENTED_EDGE('',*,*,#7383,.T.);
#7383 = EDGE_CURVE('',#7351,#7384,#7386,.T.);
#7384 = VERTEX_POINT('',#7385);
#7385 = CARTESIAN_POINT('',(-18.65,-9.95,-3.3));
#7386 = LINE('',#7387,#7388);
#7387 = CARTESIAN_POINT('',(-18.65,-9.95,-3.3));
#7388 = VECTOR('',#7389,1.);
#7389 = DIRECTION('',(6.776263578035E-16,-1.,6.776263578035E-16));
#7390 = ORIENTED_EDGE('',*,*,#7391,.F.);
#7391 = EDGE_CURVE('',#7392,#7384,#7394,.T.);
#7392 = VERTEX_POINT('',#7393);
#7393 = CARTESIAN_POINT('',(-18.85,-9.95,-3.3));
#7394 = LINE('',#7395,#7396);
#7395 = CARTESIAN_POINT('',(-18.85,-9.95,-3.3));
#7396 = VECTOR('',#7397,1.);
#7397 = DIRECTION('',(1.,8.382489018754E-16,-3.491481338843E-15));
#7398 = ORIENTED_EDGE('',*,*,#7399,.F.);
#7399 = EDGE_CURVE('',#7360,#7392,#7400,.T.);
#7400 = LINE('',#7401,#7402);
#7401 = CARTESIAN_POINT('',(-18.85,-9.95,-3.3));
#7402 = VECTOR('',#7403,1.);
#7403 = DIRECTION('',(6.776263578035E-16,-1.,6.776263578035E-16));
#7404 = ORIENTED_EDGE('',*,*,#7359,.T.);
#7405 = PLANE('',#7406);
#7406 = AXIS2_PLACEMENT_3D('',#7407,#7408,#7409);
#7407 = CARTESIAN_POINT('',(-18.85,-9.95,-3.3));
#7408 = DIRECTION('',(3.491481338843E-15,6.776263578035E-16,1.));
#7409 = DIRECTION('',(1.,6.776263578035E-16,-3.491481338843E-15));
#7410 = ADVANCED_FACE('',(#7411),#7438,.T.);
#7411 = FACE_BOUND('',#7412,.T.);
#7412 = EDGE_LOOP('',(#7413,#7422,#7430,#7437));
#7413 = ORIENTED_EDGE('',*,*,#7414,.T.);
#7414 = EDGE_CURVE('',#7384,#7415,#7417,.T.);
#7415 = VERTEX_POINT('',#7416);
#7416 = CARTESIAN_POINT('',(-18.65,-10.15,-3.1));
#7417 = CIRCLE('',#7418,0.2);
#7418 = AXIS2_PLACEMENT_3D('',#7419,#7420,#7421);
#7419 = CARTESIAN_POINT('',(-18.65,-9.95,-3.1));
#7420 = DIRECTION('',(-1.,-8.382489018754E-16,3.491481338843E-15));
#7421 = DIRECTION('',(-3.491481338843E-15,-2.926730398204E-30,-1.));
#7422 = ORIENTED_EDGE('',*,*,#7423,.F.);
#7423 = EDGE_CURVE('',#7424,#7415,#7426,.T.);
#7424 = VERTEX_POINT('',#7425);
#7425 = CARTESIAN_POINT('',(-18.85,-10.15,-3.1));
#7426 = LINE('',#7427,#7428);
#7427 = CARTESIAN_POINT('',(-18.85,-10.15,-3.1));
#7428 = VECTOR('',#7429,1.);
#7429 = DIRECTION('',(1.,8.382489018754E-16,-3.491481338843E-15));
#7430 = ORIENTED_EDGE('',*,*,#7431,.F.);
#7431 = EDGE_CURVE('',#7392,#7424,#7432,.T.);
#7432 = CIRCLE('',#7433,0.2);
#7433 = AXIS2_PLACEMENT_3D('',#7434,#7435,#7436);
#7434 = CARTESIAN_POINT('',(-18.85,-9.95,-3.1));
#7435 = DIRECTION('',(-1.,-8.382489018754E-16,3.491481338843E-15));
#7436 = DIRECTION('',(-3.491481338843E-15,-2.926730398204E-30,-1.));
#7437 = ORIENTED_EDGE('',*,*,#7391,.T.);
#7438 = CYLINDRICAL_SURFACE('',#7439,0.2);
#7439 = AXIS2_PLACEMENT_3D('',#7440,#7441,#7442);
#7440 = CARTESIAN_POINT('',(-18.85,-9.95,-3.1));
#7441 = DIRECTION('',(1.,8.382489018754E-16,-3.491481338843E-15));
#7442 = DIRECTION('',(-3.491481338843E-15,-2.926730398204E-30,-1.));
#7443 = ADVANCED_FACE('',(#7444),#7469,.F.);
#7444 = FACE_BOUND('',#7445,.T.);
#7445 = EDGE_LOOP('',(#7446,#7454,#7462,#7468));
#7446 = ORIENTED_EDGE('',*,*,#7447,.T.);
#7447 = EDGE_CURVE('',#7415,#7448,#7450,.T.);
#7448 = VERTEX_POINT('',#7449);
#7449 = CARTESIAN_POINT('',(-18.65,-10.15,-2.8));
#7450 = LINE('',#7451,#7452);
#7451 = CARTESIAN_POINT('',(-18.65,-10.15,-2.8));
#7452 = VECTOR('',#7453,1.);
#7453 = DIRECTION('',(-3.944304526105E-31,6.776263578035E-16,1.));
#7454 = ORIENTED_EDGE('',*,*,#7455,.F.);
#7455 = EDGE_CURVE('',#7456,#7448,#7458,.T.);
#7456 = VERTEX_POINT('',#7457);
#7457 = CARTESIAN_POINT('',(-18.85,-10.15,-2.8));
#7458 = LINE('',#7459,#7460);
#7459 = CARTESIAN_POINT('',(-18.85,-10.15,-2.8));
#7460 = VECTOR('',#7461,1.);
#7461 = DIRECTION('',(1.,8.382489018754E-16,-3.491481338843E-15));
#7462 = ORIENTED_EDGE('',*,*,#7463,.F.);
#7463 = EDGE_CURVE('',#7424,#7456,#7464,.T.);
#7464 = LINE('',#7465,#7466);
#7465 = CARTESIAN_POINT('',(-18.85,-10.15,-2.8));
#7466 = VECTOR('',#7467,1.);
#7467 = DIRECTION('',(-3.944304526105E-31,6.776263578035E-16,1.));
#7468 = ORIENTED_EDGE('',*,*,#7423,.T.);
#7469 = PLANE('',#7470);
#7470 = AXIS2_PLACEMENT_3D('',#7471,#7472,#7473);
#7471 = CARTESIAN_POINT('',(-18.85,-10.15,-2.8));
#7472 = DIRECTION('',(-8.382489018754E-16,1.,-6.776263578035E-16));
#7473 = DIRECTION('',(-1.,-8.382489018754E-16,0.));
#7474 = ADVANCED_FACE('',(#7475),#7502,.F.);
#7475 = FACE_BOUND('',#7476,.F.);
#7476 = EDGE_LOOP('',(#7477,#7478,#7487,#7495));
#7477 = ORIENTED_EDGE('',*,*,#7455,.F.);
#7478 = ORIENTED_EDGE('',*,*,#7479,.T.);
#7479 = EDGE_CURVE('',#7456,#7480,#7482,.T.);
#7480 = VERTEX_POINT('',#7481);
#7481 = CARTESIAN_POINT('',(-18.85,-10.35,-2.6));
#7482 = CIRCLE('',#7483,0.2);
#7483 = AXIS2_PLACEMENT_3D('',#7484,#7485,#7486);
#7484 = CARTESIAN_POINT('',(-18.85,-10.35,-2.8));
#7485 = DIRECTION('',(1.,8.382489018754E-16,-3.491481338843E-15));
#7486 = DIRECTION('',(-3.491481338843E-15,-2.926730398204E-30,-1.));
#7487 = ORIENTED_EDGE('',*,*,#7488,.T.);
#7488 = EDGE_CURVE('',#7480,#7489,#7491,.T.);
#7489 = VERTEX_POINT('',#7490);
#7490 = CARTESIAN_POINT('',(-18.65,-10.35,-2.6));
#7491 = LINE('',#7492,#7493);
#7492 = CARTESIAN_POINT('',(-18.85,-10.35,-2.6));
#7493 = VECTOR('',#7494,1.);
#7494 = DIRECTION('',(1.,8.382489018754E-16,-3.491481338843E-15));
#7495 = ORIENTED_EDGE('',*,*,#7496,.F.);
#7496 = EDGE_CURVE('',#7448,#7489,#7497,.T.);
#7497 = CIRCLE('',#7498,0.2);
#7498 = AXIS2_PLACEMENT_3D('',#7499,#7500,#7501);
#7499 = CARTESIAN_POINT('',(-18.65,-10.35,-2.8));
#7500 = DIRECTION('',(1.,8.382489018754E-16,-3.491481338843E-15));
#7501 = DIRECTION('',(-3.491481338843E-15,-2.926730398204E-30,-1.));
#7502 = CYLINDRICAL_SURFACE('',#7503,0.2);
#7503 = AXIS2_PLACEMENT_3D('',#7504,#7505,#7506);
#7504 = CARTESIAN_POINT('',(-18.85,-10.35,-2.8));
#7505 = DIRECTION('',(1.,8.382489018754E-16,-3.491481338843E-15));
#7506 = DIRECTION('',(-3.491481338843E-15,-2.926730398204E-30,-1.));
#7507 = ADVANCED_FACE('',(#7508),#7533,.F.);
#7508 = FACE_BOUND('',#7509,.T.);
#7509 = EDGE_LOOP('',(#7510,#7518,#7526,#7532));
#7510 = ORIENTED_EDGE('',*,*,#7511,.T.);
#7511 = EDGE_CURVE('',#7489,#7512,#7514,.T.);
#7512 = VERTEX_POINT('',#7513);
#7513 = CARTESIAN_POINT('',(-18.65,-10.8,-2.6));
#7514 = LINE('',#7515,#7516);
#7515 = CARTESIAN_POINT('',(-18.65,-10.35,-2.6));
#7516 = VECTOR('',#7517,1.);
#7517 = DIRECTION('',(6.776263578035E-16,-1.,6.776263578035E-16));
#7518 = ORIENTED_EDGE('',*,*,#7519,.F.);
#7519 = EDGE_CURVE('',#7520,#7512,#7522,.T.);
#7520 = VERTEX_POINT('',#7521);
#7521 = CARTESIAN_POINT('',(-18.85,-10.8,-2.6));
#7522 = LINE('',#7523,#7524);
#7523 = CARTESIAN_POINT('',(-18.85,-10.8,-2.6));
#7524 = VECTOR('',#7525,1.);
#7525 = DIRECTION('',(1.,8.382489018754E-16,-3.491481338843E-15));
#7526 = ORIENTED_EDGE('',*,*,#7527,.F.);
#7527 = EDGE_CURVE('',#7480,#7520,#7528,.T.);
#7528 = LINE('',#7529,#7530);
#7529 = CARTESIAN_POINT('',(-18.85,-10.35,-2.6));
#7530 = VECTOR('',#7531,1.);
#7531 = DIRECTION('',(6.776263578035E-16,-1.,6.776263578035E-16));
#7532 = ORIENTED_EDGE('',*,*,#7488,.T.);
#7533 = PLANE('',#7534);
#7534 = AXIS2_PLACEMENT_3D('',#7535,#7536,#7537);
#7535 = CARTESIAN_POINT('',(-18.85,-10.35,-2.6));
#7536 = DIRECTION('',(3.491481338843E-15,6.776263578035E-16,1.));
#7537 = DIRECTION('',(1.,6.776263578035E-16,-3.491481338843E-15));
#7538 = ADVANCED_FACE('',(#7539),#7564,.T.);
#7539 = FACE_BOUND('',#7540,.T.);
#7540 = EDGE_LOOP('',(#7541,#7547,#7548,#7554,#7555,#7556,#7557,#7558,
    #7559,#7560,#7561,#7562,#7563));
#7541 = ORIENTED_EDGE('',*,*,#7542,.F.);
#7542 = EDGE_CURVE('',#7105,#7214,#7543,.T.);
#7543 = LINE('',#7544,#7545);
#7544 = CARTESIAN_POINT('',(-18.65,10.8,-2.8));
#7545 = VECTOR('',#7546,1.);
#7546 = DIRECTION('',(-4.003208021485E-15,-6.776263578035E-16,-1.));
#7547 = ORIENTED_EDGE('',*,*,#7180,.F.);
#7548 = ORIENTED_EDGE('',*,*,#7549,.F.);
#7549 = EDGE_CURVE('',#7512,#7156,#7550,.T.);
#7550 = LINE('',#7551,#7552);
#7551 = CARTESIAN_POINT('',(-18.65,-10.8,-2.6));
#7552 = VECTOR('',#7553,1.);
#7553 = DIRECTION('',(2.891205793295E-15,6.776263578035E-16,1.));
#7554 = ORIENTED_EDGE('',*,*,#7511,.F.);
#7555 = ORIENTED_EDGE('',*,*,#7496,.F.);
#7556 = ORIENTED_EDGE('',*,*,#7447,.F.);
#7557 = ORIENTED_EDGE('',*,*,#7414,.F.);
#7558 = ORIENTED_EDGE('',*,*,#7383,.F.);
#7559 = ORIENTED_EDGE('',*,*,#7350,.F.);
#7560 = ORIENTED_EDGE('',*,*,#7319,.F.);
#7561 = ORIENTED_EDGE('',*,*,#7304,.F.);
#7562 = ORIENTED_EDGE('',*,*,#7253,.F.);
#7563 = ORIENTED_EDGE('',*,*,#7213,.F.);
#7564 = PLANE('',#7565);
#7565 = AXIS2_PLACEMENT_3D('',#7566,#7567,#7568);
#7566 = CARTESIAN_POINT('',(-18.65,-10.35,-2.8));
#7567 = DIRECTION('',(1.,8.382489018754E-16,-3.491481338843E-15));
#7568 = DIRECTION('',(-3.491481338843E-15,-6.776263578035E-16,-1.));
#7569 = ADVANCED_FACE('',(#7570),#7581,.F.);
#7570 = FACE_BOUND('',#7571,.T.);
#7571 = EDGE_LOOP('',(#7572,#7573,#7579,#7580));
#7572 = ORIENTED_EDGE('',*,*,#7155,.T.);
#7573 = ORIENTED_EDGE('',*,*,#7574,.F.);
#7574 = EDGE_CURVE('',#7520,#7147,#7575,.T.);
#7575 = LINE('',#7576,#7577);
#7576 = CARTESIAN_POINT('',(-18.85,-10.8,-2.6));
#7577 = VECTOR('',#7578,1.);
#7578 = DIRECTION('',(2.891205793295E-15,6.776263578035E-16,1.));
#7579 = ORIENTED_EDGE('',*,*,#7519,.T.);
#7580 = ORIENTED_EDGE('',*,*,#7549,.T.);
#7581 = PLANE('',#7582);
#7582 = AXIS2_PLACEMENT_3D('',#7583,#7584,#7585);
#7583 = CARTESIAN_POINT('',(-18.85,-10.8,-2.6));
#7584 = DIRECTION('',(-8.382489018754E-16,1.,-6.776263578035E-16));
#7585 = DIRECTION('',(-1.,-8.382489018754E-16,0.));
#7586 = ADVANCED_FACE('',(#7587),#7607,.F.);
#7587 = FACE_BOUND('',#7588,.T.);
#7588 = EDGE_LOOP('',(#7589,#7590,#7596,#7597,#7598,#7599,#7600,#7601,
    #7602,#7603,#7604,#7605,#7606));
#7589 = ORIENTED_EDGE('',*,*,#7198,.F.);
#7590 = ORIENTED_EDGE('',*,*,#7591,.T.);
#7591 = EDGE_CURVE('',#7115,#7232,#7592,.T.);
#7592 = LINE('',#7593,#7594);
#7593 = CARTESIAN_POINT('',(-18.85,10.8,-2.8));
#7594 = VECTOR('',#7595,1.);
#7595 = DIRECTION('',(-4.003208021485E-15,-6.776263578035E-16,-1.));
#7596 = ORIENTED_EDGE('',*,*,#7231,.T.);
#7597 = ORIENTED_EDGE('',*,*,#7270,.T.);
#7598 = ORIENTED_EDGE('',*,*,#7287,.T.);
#7599 = ORIENTED_EDGE('',*,*,#7335,.T.);
#7600 = ORIENTED_EDGE('',*,*,#7367,.T.);
#7601 = ORIENTED_EDGE('',*,*,#7399,.T.);
#7602 = ORIENTED_EDGE('',*,*,#7431,.T.);
#7603 = ORIENTED_EDGE('',*,*,#7463,.T.);
#7604 = ORIENTED_EDGE('',*,*,#7479,.T.);
#7605 = ORIENTED_EDGE('',*,*,#7527,.T.);
#7606 = ORIENTED_EDGE('',*,*,#7574,.T.);
#7607 = PLANE('',#7608);
#7608 = AXIS2_PLACEMENT_3D('',#7609,#7610,#7611);
#7609 = CARTESIAN_POINT('',(-18.85,-10.35,-2.8));
#7610 = DIRECTION('',(1.,8.382489018754E-16,-3.491481338843E-15));
#7611 = DIRECTION('',(-3.491481338843E-15,-6.776263578035E-16,-1.));
#7612 = ADVANCED_FACE('',(#7613),#7619,.F.);
#7613 = FACE_BOUND('',#7614,.T.);
#7614 = EDGE_LOOP('',(#7615,#7616,#7617,#7618));
#7615 = ORIENTED_EDGE('',*,*,#7125,.F.);
#7616 = ORIENTED_EDGE('',*,*,#7542,.T.);
#7617 = ORIENTED_EDGE('',*,*,#7239,.F.);
#7618 = ORIENTED_EDGE('',*,*,#7591,.F.);
#7619 = PLANE('',#7620);
#7620 = AXIS2_PLACEMENT_3D('',#7621,#7622,#7623);
#7621 = CARTESIAN_POINT('',(-18.85,10.8,-2.8));
#7622 = DIRECTION('',(8.382489018754E-16,-1.,6.776263578035E-16));
#7623 = DIRECTION('',(1.,8.382489018754E-16,0.));
#7624 = ADVANCED_FACE('',(#7625),#7652,.F.);
#7625 = FACE_BOUND('',#7626,.T.);
#7626 = EDGE_LOOP('',(#7627,#7628,#7637,#7645));
#7627 = ORIENTED_EDGE('',*,*,#6356,.F.);
#7628 = ORIENTED_EDGE('',*,*,#7629,.T.);
#7629 = EDGE_CURVE('',#5893,#7630,#7632,.T.);
#7630 = VERTEX_POINT('',#7631);
#7631 = CARTESIAN_POINT('',(15.63,-11.1,-0.22));
#7632 = CIRCLE('',#7633,0.22);
#7633 = AXIS2_PLACEMENT_3D('',#7634,#7635,#7636);
#7634 = CARTESIAN_POINT('',(15.63,-10.88,-0.22));
#7635 = DIRECTION('',(1.,0.,-0.));
#7636 = DIRECTION('',(0.,0.,1.));
#7637 = ORIENTED_EDGE('',*,*,#7638,.F.);
#7638 = EDGE_CURVE('',#7639,#7630,#7641,.T.);
#7639 = VERTEX_POINT('',#7640);
#7640 = CARTESIAN_POINT('',(15.63,-10.9,-0.22));
#7641 = LINE('',#7642,#7643);
#7642 = CARTESIAN_POINT('',(15.63,-10.9,-0.22));
#7643 = VECTOR('',#7644,1.);
#7644 = DIRECTION('',(0.,-1.,-3.491481338843E-15));
#7645 = ORIENTED_EDGE('',*,*,#7646,.F.);
#7646 = EDGE_CURVE('',#5709,#7639,#7647,.T.);
#7647 = CIRCLE('',#7648,2.E-02);
#7648 = AXIS2_PLACEMENT_3D('',#7649,#7650,#7651);
#7649 = CARTESIAN_POINT('',(15.63,-10.88,-0.22));
#7650 = DIRECTION('',(1.,0.,-0.));
#7651 = DIRECTION('',(0.,0.,1.));
#7652 = PLANE('',#7653);
#7653 = AXIS2_PLACEMENT_3D('',#7654,#7655,#7656);
#7654 = CARTESIAN_POINT('',(15.63,-10.88,-0.22));
#7655 = DIRECTION('',(-1.,0.,0.));
#7656 = DIRECTION('',(0.,0.,1.));
#7657 = ADVANCED_FACE('',(#7658),#7686,.F.);
#7658 = FACE_BOUND('',#7659,.F.);
#7659 = EDGE_LOOP('',(#7660,#7669,#7676,#7677));
#7660 = ORIENTED_EDGE('',*,*,#7661,.F.);
#7661 = EDGE_CURVE('',#7662,#7664,#7666,.T.);
#7662 = VERTEX_POINT('',#7663);
#7663 = CARTESIAN_POINT('',(-18.55,-10.9,-0.22));
#7664 = VERTEX_POINT('',#7665);
#7665 = CARTESIAN_POINT('',(-18.55,-11.1,-0.22));
#7666 = B_SPLINE_CURVE_WITH_KNOTS('',1,(#7667,#7668),.UNSPECIFIED.,.F.,
  .F.,(2,2),(0.,1.),.PIECEWISE_BEZIER_KNOTS.);
#7667 = CARTESIAN_POINT('',(-18.55,-10.9,-0.22));
#7668 = CARTESIAN_POINT('',(-18.55,-11.1,-0.22));
#7669 = ORIENTED_EDGE('',*,*,#7670,.T.);
#7670 = EDGE_CURVE('',#7662,#5717,#7671,.T.);
#7671 = B_SPLINE_CURVE_WITH_KNOTS('',3,(#7672,#7673,#7674,#7675),
  .UNSPECIFIED.,.F.,.F.,(4,4),(0.,1.),.PIECEWISE_BEZIER_KNOTS.);
#7672 = CARTESIAN_POINT('',(-18.55,-10.9,-0.22));
#7673 = CARTESIAN_POINT('',(-18.54357819962,-10.9,-0.209528024488));
#7674 = CARTESIAN_POINT('',(-18.53691153296,-10.89047197551,-0.2));
#7675 = CARTESIAN_POINT('',(-18.53,-10.88,-0.2));
#7676 = ORIENTED_EDGE('',*,*,#6114,.T.);
#7677 = ORIENTED_EDGE('',*,*,#7678,.F.);
#7678 = EDGE_CURVE('',#7664,#5891,#7679,.T.);
#7679 = B_SPLINE_CURVE_WITH_KNOTS('',3,(#7680,#7681,#7682,#7683,#7684,
    #7685),.UNSPECIFIED.,.F.,.F.,(4,2,4),(0.,0.5,1.),.UNSPECIFIED.);
#7680 = CARTESIAN_POINT('',(-18.55,-11.1,-0.22));
#7681 = CARTESIAN_POINT('',(-18.54678010916,-11.1,-0.162242864034));
#7682 = CARTESIAN_POINT('',(-18.54351698305,-11.07628991879,
    -0.105162935072));
#7683 = CARTESIAN_POINT('',(-18.53685031638,-10.99483706492,
    -2.371008120557E-02));
#7684 = CARTESIAN_POINT('',(-18.53346543801,-10.93775705688,
    2.697645068514E-16));
#7685 = CARTESIAN_POINT('',(-18.53,-10.88,2.710505431214E-16));
#7686 = B_SPLINE_SURFACE_WITH_KNOTS('',1,3,(
    (#7687,#7688,#7689,#7690,#7691,#7692)
    ,(#7693,#7694,#7695,#7696,#7697,#7698
    )),.UNSPECIFIED.,.F.,.F.,.F.,(2,2),(4,2,4),(0.,1.),(0.,0.5,1.),
  .UNSPECIFIED.);
#7687 = CARTESIAN_POINT('',(-18.55,-11.1,-0.22));
#7688 = CARTESIAN_POINT('',(-18.54678010916,-11.1,-0.162242864034));
#7689 = CARTESIAN_POINT('',(-18.54351698305,-11.07628991879,
    -0.105162935072));
#7690 = CARTESIAN_POINT('',(-18.53685031638,-10.99483706492,
    -2.371008120557E-02));
#7691 = CARTESIAN_POINT('',(-18.53346543801,-10.93775705688,
    2.697645068514E-16));
#7692 = CARTESIAN_POINT('',(-18.53,-10.88,2.710505431214E-16));
#7693 = CARTESIAN_POINT('',(-18.55,-10.9,-0.22));
#7694 = CARTESIAN_POINT('',(-18.54678254589,-10.9,-0.214753324817));
#7695 = CARTESIAN_POINT('',(-18.54351698305,-10.89784453807,
    -0.209560266825));
#7696 = CARTESIAN_POINT('',(-18.53685031638,-10.89043973317,
    -0.202155461928));
#7697 = CARTESIAN_POINT('',(-18.53346252764,-10.8852462319,-0.2));
#7698 = CARTESIAN_POINT('',(-18.53,-10.88,-0.2));
#7699 = ADVANCED_FACE('',(#7700),#7711,.F.);
#7700 = FACE_BOUND('',#7701,.F.);
#7701 = EDGE_LOOP('',(#7702,#7703,#7704,#7705));
#7702 = ORIENTED_EDGE('',*,*,#7646,.F.);
#7703 = ORIENTED_EDGE('',*,*,#5716,.F.);
#7704 = ORIENTED_EDGE('',*,*,#7670,.F.);
#7705 = ORIENTED_EDGE('',*,*,#7706,.F.);
#7706 = EDGE_CURVE('',#7639,#7662,#7707,.T.);
#7707 = LINE('',#7708,#7709);
#7708 = CARTESIAN_POINT('',(18.55,-10.9,-0.22));
#7709 = VECTOR('',#7710,1.);
#7710 = DIRECTION('',(-1.,4.675804517458E-17,4.675804517458E-17));
#7711 = CYLINDRICAL_SURFACE('',#7712,2.E-02);
#7712 = AXIS2_PLACEMENT_3D('',#7713,#7714,#7715);
#7713 = CARTESIAN_POINT('',(32.730590983773,-10.88,-0.22));
#7714 = DIRECTION('',(-1.,0.,0.));
#7715 = DIRECTION('',(0.,0.,1.));
#7716 = ADVANCED_FACE('',(#7717),#7728,.T.);
#7717 = FACE_BOUND('',#7718,.T.);
#7718 = EDGE_LOOP('',(#7719,#7725,#7726,#7727));
#7719 = ORIENTED_EDGE('',*,*,#7720,.T.);
#7720 = EDGE_CURVE('',#7664,#7630,#7721,.T.);
#7721 = LINE('',#7722,#7723);
#7722 = CARTESIAN_POINT('',(-5.293010713762E-16,-11.1,-0.22));
#7723 = VECTOR('',#7724,1.);
#7724 = DIRECTION('',(1.,-4.675804517458E-17,-4.675804517458E-17));
#7725 = ORIENTED_EDGE('',*,*,#7629,.F.);
#7726 = ORIENTED_EDGE('',*,*,#5890,.F.);
#7727 = ORIENTED_EDGE('',*,*,#7678,.F.);
#7728 = CYLINDRICAL_SURFACE('',#7729,0.22);
#7729 = AXIS2_PLACEMENT_3D('',#7730,#7731,#7732);
#7730 = CARTESIAN_POINT('',(32.730590983773,-10.88,-0.22));
#7731 = DIRECTION('',(-1.,0.,0.));
#7732 = DIRECTION('',(0.,0.,1.));
#7733 = ADVANCED_FACE('',(#7734),#7768,.F.);
#7734 = FACE_BOUND('',#7735,.T.);
#7735 = EDGE_LOOP('',(#7736,#7746,#7754,#7762));
#7736 = ORIENTED_EDGE('',*,*,#7737,.T.);
#7737 = EDGE_CURVE('',#7738,#7740,#7742,.T.);
#7738 = VERTEX_POINT('',#7739);
#7739 = CARTESIAN_POINT('',(15.63,-10.9,-2.8));
#7740 = VERTEX_POINT('',#7741);
#7741 = CARTESIAN_POINT('',(15.63,-11.1,-2.8));
#7742 = LINE('',#7743,#7744);
#7743 = CARTESIAN_POINT('',(15.63,-10.9,-2.8));
#7744 = VECTOR('',#7745,1.);
#7745 = DIRECTION('',(-4.675804517458E-17,-1.,4.003208021485E-15));
#7746 = ORIENTED_EDGE('',*,*,#7747,.F.);
#7747 = EDGE_CURVE('',#7748,#7740,#7750,.T.);
#7748 = VERTEX_POINT('',#7749);
#7749 = CARTESIAN_POINT('',(-18.55,-11.1,-2.8));
#7750 = LINE('',#7751,#7752);
#7751 = CARTESIAN_POINT('',(-13.69641016151,-11.1,-2.8));
#7752 = VECTOR('',#7753,1.);
#7753 = DIRECTION('',(1.,0.,8.935259950385E-16));
#7754 = ORIENTED_EDGE('',*,*,#7755,.T.);
#7755 = EDGE_CURVE('',#7748,#7756,#7758,.T.);
#7756 = VERTEX_POINT('',#7757);
#7757 = CARTESIAN_POINT('',(-18.55,-10.9,-2.8));
#7758 = LINE('',#7759,#7760);
#7759 = CARTESIAN_POINT('',(-18.55,-11.1,-2.8));
#7760 = VECTOR('',#7761,1.);
#7761 = DIRECTION('',(4.675804517458E-17,1.,-3.491481338843E-15));
#7762 = ORIENTED_EDGE('',*,*,#7763,.T.);
#7763 = EDGE_CURVE('',#7756,#7738,#7764,.T.);
#7764 = LINE('',#7765,#7766);
#7765 = CARTESIAN_POINT('',(18.55,-10.9,-2.8));
#7766 = VECTOR('',#7767,1.);
#7767 = DIRECTION('',(1.,-5.752958388267E-17,1.438239597067E-16));
#7768 = PLANE('',#7769);
#7769 = AXIS2_PLACEMENT_3D('',#7770,#7771,#7772);
#7770 = CARTESIAN_POINT('',(18.55,-11.1,-2.8));
#7771 = DIRECTION('',(-1.438239597067E-16,3.491481338843E-15,1.));
#7772 = DIRECTION('',(0.,-1.,3.491481338843E-15));
#7773 = ADVANCED_FACE('',(#7774),#7790,.T.);
#7774 = FACE_BOUND('',#7775,.T.);
#7775 = EDGE_LOOP('',(#7776,#7777,#7783,#7784));
#7776 = ORIENTED_EDGE('',*,*,#7706,.F.);
#7777 = ORIENTED_EDGE('',*,*,#7778,.F.);
#7778 = EDGE_CURVE('',#7738,#7639,#7779,.T.);
#7779 = LINE('',#7780,#7781);
#7780 = CARTESIAN_POINT('',(15.63,-10.9,-0.12));
#7781 = VECTOR('',#7782,1.);
#7782 = DIRECTION('',(0.,-3.491481338843E-15,1.));
#7783 = ORIENTED_EDGE('',*,*,#7763,.F.);
#7784 = ORIENTED_EDGE('',*,*,#7785,.F.);
#7785 = EDGE_CURVE('',#7662,#7756,#7786,.T.);
#7786 = LINE('',#7787,#7788);
#7787 = CARTESIAN_POINT('',(-18.55,-10.9,-2.8));
#7788 = VECTOR('',#7789,1.);
#7789 = DIRECTION('',(0.,-4.003208021485E-15,-1.));
#7790 = PLANE('',#7791);
#7791 = AXIS2_PLACEMENT_3D('',#7792,#7793,#7794);
#7792 = CARTESIAN_POINT('',(-5.096626924029E-16,-10.9,4.336808689942E-14
    ));
#7793 = DIRECTION('',(4.675804517458E-17,1.,-4.003208021485E-15));
#7794 = DIRECTION('',(0.,4.003208021485E-15,1.));
#7795 = ADVANCED_FACE('',(#7796),#7807,.F.);
#7796 = FACE_BOUND('',#7797,.T.);
#7797 = EDGE_LOOP('',(#7798,#7799,#7800,#7806));
#7798 = ORIENTED_EDGE('',*,*,#7778,.T.);
#7799 = ORIENTED_EDGE('',*,*,#7638,.T.);
#7800 = ORIENTED_EDGE('',*,*,#7801,.F.);
#7801 = EDGE_CURVE('',#7740,#7630,#7802,.T.);
#7802 = LINE('',#7803,#7804);
#7803 = CARTESIAN_POINT('',(15.63,-11.1,4.51028103754E-14));
#7804 = VECTOR('',#7805,1.);
#7805 = DIRECTION('',(0.,4.003208021485E-15,1.));
#7806 = ORIENTED_EDGE('',*,*,#7737,.F.);
#7807 = PLANE('',#7808);
#7808 = AXIS2_PLACEMENT_3D('',#7809,#7810,#7811);
#7809 = CARTESIAN_POINT('',(15.63,-10.9,-0.12));
#7810 = DIRECTION('',(-1.,4.675804517458E-17,1.632548421678E-31));
#7811 = DIRECTION('',(0.,-3.491481338843E-15,1.));
#7812 = ADVANCED_FACE('',(#7813),#7824,.F.);
#7813 = FACE_BOUND('',#7814,.T.);
#7814 = EDGE_LOOP('',(#7815,#7816,#7817,#7823));
#7815 = ORIENTED_EDGE('',*,*,#7801,.T.);
#7816 = ORIENTED_EDGE('',*,*,#7720,.F.);
#7817 = ORIENTED_EDGE('',*,*,#7818,.T.);
#7818 = EDGE_CURVE('',#7664,#7748,#7819,.T.);
#7819 = LINE('',#7820,#7821);
#7820 = CARTESIAN_POINT('',(-18.55,-11.1,-2.8));
#7821 = VECTOR('',#7822,1.);
#7822 = DIRECTION('',(0.,-4.003208021485E-15,-1.));
#7823 = ORIENTED_EDGE('',*,*,#7747,.T.);
#7824 = PLANE('',#7825);
#7825 = AXIS2_PLACEMENT_3D('',#7826,#7827,#7828);
#7826 = CARTESIAN_POINT('',(-5.190143014378E-16,-11.1,4.51028103754E-14)
  );
#7827 = DIRECTION('',(4.675804517458E-17,1.,-4.003208021485E-15));
#7828 = DIRECTION('',(0.,4.003208021485E-15,1.));
#7829 = ADVANCED_FACE('',(#7830),#7836,.F.);
#7830 = FACE_BOUND('',#7831,.T.);
#7831 = EDGE_LOOP('',(#7832,#7833,#7834,#7835));
#7832 = ORIENTED_EDGE('',*,*,#7661,.F.);
#7833 = ORIENTED_EDGE('',*,*,#7785,.T.);
#7834 = ORIENTED_EDGE('',*,*,#7755,.F.);
#7835 = ORIENTED_EDGE('',*,*,#7818,.F.);
#7836 = PLANE('',#7837);
#7837 = AXIS2_PLACEMENT_3D('',#7838,#7839,#7840);
#7838 = CARTESIAN_POINT('',(-18.55,-11.1,-2.8));
#7839 = DIRECTION('',(1.,-4.675804517458E-17,1.871821815118E-31));
#7840 = DIRECTION('',(4.675804517458E-17,1.,0.));
#7841 = ADVANCED_FACE('',(#7842),#7869,.F.);
#7842 = FACE_BOUND('',#7843,.T.);
#7843 = EDGE_LOOP('',(#7844,#7854,#7861,#7862));
#7844 = ORIENTED_EDGE('',*,*,#7845,.F.);
#7845 = EDGE_CURVE('',#7846,#7848,#7850,.T.);
#7846 = VERTEX_POINT('',#7847);
#7847 = CARTESIAN_POINT('',(15.85,-10.8,-0.22));
#7848 = VERTEX_POINT('',#7849);
#7849 = CARTESIAN_POINT('',(15.65,-10.8,-0.22));
#7850 = LINE('',#7851,#7852);
#7851 = CARTESIAN_POINT('',(15.85,-10.8,-0.22));
#7852 = VECTOR('',#7853,1.);
#7853 = DIRECTION('',(-1.,-0.,3.491481338843E-15));
#7854 = ORIENTED_EDGE('',*,*,#7855,.T.);
#7855 = EDGE_CURVE('',#7846,#5901,#7856,.T.);
#7856 = CIRCLE('',#7857,0.22);
#7857 = AXIS2_PLACEMENT_3D('',#7858,#7859,#7860);
#7858 = CARTESIAN_POINT('',(15.63,-10.8,-0.22));
#7859 = DIRECTION('',(-0.,-1.,6.776263578035E-16));
#7860 = DIRECTION('',(-0.,-6.776263578035E-16,-1.));
#7861 = ORIENTED_EDGE('',*,*,#6363,.T.);
#7862 = ORIENTED_EDGE('',*,*,#7863,.F.);
#7863 = EDGE_CURVE('',#7848,#5707,#7864,.T.);
#7864 = CIRCLE('',#7865,2.E-02);
#7865 = AXIS2_PLACEMENT_3D('',#7866,#7867,#7868);
#7866 = CARTESIAN_POINT('',(15.63,-10.8,-0.22));
#7867 = DIRECTION('',(0.,-1.,0.));
#7868 = DIRECTION('',(0.,0.,1.));
#7869 = PLANE('',#7870);
#7870 = AXIS2_PLACEMENT_3D('',#7871,#7872,#7873);
#7871 = CARTESIAN_POINT('',(15.63,-10.8,-0.22));
#7872 = DIRECTION('',(0.,1.,0.));
#7873 = DIRECTION('',(0.,-0.,1.));
#7874 = ADVANCED_FACE('',(#7875),#7905,.F.);
#7875 = FACE_BOUND('',#7876,.F.);
#7876 = EDGE_LOOP('',(#7877,#7878,#7887,#7896));
#7877 = ORIENTED_EDGE('',*,*,#6232,.F.);
#7878 = ORIENTED_EDGE('',*,*,#7879,.T.);
#7879 = EDGE_CURVE('',#5869,#7880,#7882,.T.);
#7880 = VERTEX_POINT('',#7881);
#7881 = CARTESIAN_POINT('',(15.65,-5.92,-0.22));
#7882 = B_SPLINE_CURVE_WITH_KNOTS('',3,(#7883,#7884,#7885,#7886),
  .UNSPECIFIED.,.F.,.F.,(4,4),(0.,1.),.PIECEWISE_BEZIER_KNOTS.);
#7883 = CARTESIAN_POINT('',(15.63,-5.9,-0.2));
#7884 = CARTESIAN_POINT('',(15.640471975512,-5.906421800372,-0.2));
#7885 = CARTESIAN_POINT('',(15.65,-5.913088467038,-0.209528024488));
#7886 = CARTESIAN_POINT('',(15.65,-5.92,-0.22));
#7887 = ORIENTED_EDGE('',*,*,#7888,.T.);
#7888 = EDGE_CURVE('',#7880,#7889,#7891,.T.);
#7889 = VERTEX_POINT('',#7890);
#7890 = CARTESIAN_POINT('',(15.85,-5.92,-0.22));
#7891 = B_SPLINE_CURVE_WITH_KNOTS('',3,(#7892,#7893,#7894,#7895),
  .UNSPECIFIED.,.F.,.F.,(4,4),(0.,1.),.PIECEWISE_BEZIER_KNOTS.);
#7892 = CARTESIAN_POINT('',(15.65,-5.92,-0.22));
#7893 = CARTESIAN_POINT('',(15.716666666667,-5.92,-0.22));
#7894 = CARTESIAN_POINT('',(15.783333333333,-5.92,-0.22));
#7895 = CARTESIAN_POINT('',(15.85,-5.92,-0.22));
#7896 = ORIENTED_EDGE('',*,*,#7897,.F.);
#7897 = EDGE_CURVE('',#5909,#7889,#7898,.T.);
#7898 = B_SPLINE_CURVE_WITH_KNOTS('',3,(#7899,#7900,#7901,#7902,#7903,
    #7904),.UNSPECIFIED.,.F.,.F.,(4,2,4),(0.,0.5,1.),.UNSPECIFIED.);
#7899 = CARTESIAN_POINT('',(15.63,-5.9,-2.188733135705E-15));
#7900 = CARTESIAN_POINT('',(15.687757135966,-5.903219890831,
    -1.221177915424E-14));
#7901 = CARTESIAN_POINT('',(15.744837064928,-5.906483016946,
    -2.371008120612E-02));
#7902 = CARTESIAN_POINT('',(15.826289918794,-5.913149683612,
    -0.105162935073));
#7903 = CARTESIAN_POINT('',(15.85,-5.916534561984,-0.162242943111));
#7904 = CARTESIAN_POINT('',(15.85,-5.92,-0.22));
#7905 = B_SPLINE_SURFACE_WITH_KNOTS('',1,3,(
    (#7906,#7907,#7908,#7909,#7910,#7911)
    ,(#7912,#7913,#7914,#7915,#7916,#7917
    )),.UNSPECIFIED.,.F.,.F.,.F.,(2,2),(4,2,4),(0.,1.),(0.,0.5,1.),
  .UNSPECIFIED.);
#7906 = CARTESIAN_POINT('',(15.63,-5.9,-2.195509399283E-15));
#7907 = CARTESIAN_POINT('',(15.687757135966,-5.903219890831,
    -1.221177915424E-14));
#7908 = CARTESIAN_POINT('',(15.744837064928,-5.906483016946,
    -2.371008120612E-02));
#7909 = CARTESIAN_POINT('',(15.826289918794,-5.913149683612,
    -0.105162935073));
#7910 = CARTESIAN_POINT('',(15.85,-5.916534561984,-0.162242943111));
#7911 = CARTESIAN_POINT('',(15.85,-5.92,-0.22));
#7912 = CARTESIAN_POINT('',(15.63,-5.9,-0.2));
#7913 = CARTESIAN_POINT('',(15.635246675183,-5.903217454109,-0.2));
#7914 = CARTESIAN_POINT('',(15.640439733175,-5.906483016946,
    -0.202155461928));
#7915 = CARTESIAN_POINT('',(15.647844538072,-5.913149683612,
    -0.209560266825));
#7916 = CARTESIAN_POINT('',(15.65,-5.916537472354,-0.214753768098));
#7917 = CARTESIAN_POINT('',(15.65,-5.92,-0.22));
#7918 = ADVANCED_FACE('',(#7919),#7930,.F.);
#7919 = FACE_BOUND('',#7920,.F.);
#7920 = EDGE_LOOP('',(#7921,#7922,#7928,#7929));
#7921 = ORIENTED_EDGE('',*,*,#7863,.F.);
#7922 = ORIENTED_EDGE('',*,*,#7923,.F.);
#7923 = EDGE_CURVE('',#7880,#7848,#7924,.T.);
#7924 = LINE('',#7925,#7926);
#7925 = CARTESIAN_POINT('',(15.65,-5.92,-0.22));
#7926 = VECTOR('',#7927,1.);
#7927 = DIRECTION('',(2.186081554305E-15,-1.,2.77715720411E-17));
#7928 = ORIENTED_EDGE('',*,*,#7879,.F.);
#7929 = ORIENTED_EDGE('',*,*,#5876,.F.);
#7930 = CYLINDRICAL_SURFACE('',#7931,2.E-02);
#7931 = AXIS2_PLACEMENT_3D('',#7932,#7933,#7934);
#7932 = CARTESIAN_POINT('',(15.63,-3.445879283704,-0.22));
#7933 = DIRECTION('',(-0.,-1.,6.776263578035E-16));
#7934 = DIRECTION('',(-0.,-6.776263578035E-16,-1.));
#7935 = ADVANCED_FACE('',(#7936),#7947,.T.);
#7936 = FACE_BOUND('',#7937,.T.);
#7937 = EDGE_LOOP('',(#7938,#7939,#7940,#7946));
#7938 = ORIENTED_EDGE('',*,*,#5908,.F.);
#7939 = ORIENTED_EDGE('',*,*,#7855,.F.);
#7940 = ORIENTED_EDGE('',*,*,#7941,.T.);
#7941 = EDGE_CURVE('',#7846,#7889,#7942,.T.);
#7942 = LINE('',#7943,#7944);
#7943 = CARTESIAN_POINT('',(15.85,-5.92,-0.22));
#7944 = VECTOR('',#7945,1.);
#7945 = DIRECTION('',(-2.186081554305E-15,1.,-2.77715720411E-17));
#7946 = ORIENTED_EDGE('',*,*,#7897,.F.);
#7947 = CYLINDRICAL_SURFACE('',#7948,0.22);
#7948 = AXIS2_PLACEMENT_3D('',#7949,#7950,#7951);
#7949 = CARTESIAN_POINT('',(15.63,-3.445879283704,-0.22));
#7950 = DIRECTION('',(-0.,-1.,6.776263578035E-16));
#7951 = DIRECTION('',(-0.,-6.776263578035E-16,-1.));
#7952 = ADVANCED_FACE('',(#7953),#7987,.F.);
#7953 = FACE_BOUND('',#7954,.T.);
#7954 = EDGE_LOOP('',(#7955,#7965,#7973,#7981));
#7955 = ORIENTED_EDGE('',*,*,#7956,.T.);
#7956 = EDGE_CURVE('',#7957,#7959,#7961,.T.);
#7957 = VERTEX_POINT('',#7958);
#7958 = CARTESIAN_POINT('',(15.65,-10.8,-2.8));
#7959 = VERTEX_POINT('',#7960);
#7960 = CARTESIAN_POINT('',(15.65,-8.5,-2.8));
#7961 = LINE('',#7962,#7963);
#7962 = CARTESIAN_POINT('',(15.65,-8.5,-2.8));
#7963 = VECTOR('',#7964,1.);
#7964 = DIRECTION('',(-2.186081554305E-15,1.,4.890694582408E-16));
#7965 = ORIENTED_EDGE('',*,*,#7966,.F.);
#7966 = EDGE_CURVE('',#7967,#7959,#7969,.T.);
#7967 = VERTEX_POINT('',#7968);
#7968 = CARTESIAN_POINT('',(15.85,-8.5,-2.8));
#7969 = LINE('',#7970,#7971);
#7970 = CARTESIAN_POINT('',(15.85,-8.5,-2.8));
#7971 = VECTOR('',#7972,1.);
#7972 = DIRECTION('',(-1.,-1.334718583552E-15,-3.491481338843E-15));
#7973 = ORIENTED_EDGE('',*,*,#7974,.F.);
#7974 = EDGE_CURVE('',#7975,#7967,#7977,.T.);
#7975 = VERTEX_POINT('',#7976);
#7976 = CARTESIAN_POINT('',(15.85,-10.8,-2.8));
#7977 = LINE('',#7978,#7979);
#7978 = CARTESIAN_POINT('',(15.85,2.561044626295E-14,-2.8));
#7979 = VECTOR('',#7980,1.);
#7980 = DIRECTION('',(-2.186081554305E-15,1.,4.890694582408E-16));
#7981 = ORIENTED_EDGE('',*,*,#7982,.T.);
#7982 = EDGE_CURVE('',#7975,#7957,#7983,.T.);
#7983 = LINE('',#7984,#7985);
#7984 = CARTESIAN_POINT('',(15.85,-10.8,-2.8));
#7985 = VECTOR('',#7986,1.);
#7986 = DIRECTION('',(-1.,-1.334718583552E-15,-3.491481338843E-15));
#7987 = PLANE('',#7988);
#7988 = AXIS2_PLACEMENT_3D('',#7989,#7990,#7991);
#7989 = CARTESIAN_POINT('',(15.85,-8.5,-2.8));
#7990 = DIRECTION('',(-3.491481338843E-15,-4.890694582408E-16,1.));
#7991 = DIRECTION('',(1.,6.776263578035E-16,3.491481338843E-15));
#7992 = ADVANCED_FACE('',(#7993),#8009,.T.);
#7993 = FACE_BOUND('',#7994,.T.);
#7994 = EDGE_LOOP('',(#7995,#8001,#8002,#8008));
#7995 = ORIENTED_EDGE('',*,*,#7996,.F.);
#7996 = EDGE_CURVE('',#7848,#7957,#7997,.T.);
#7997 = LINE('',#7998,#7999);
#7998 = CARTESIAN_POINT('',(15.65,-10.8,-2.8));
#7999 = VECTOR('',#8000,1.);
#8000 = DIRECTION('',(2.494752824983E-15,6.776263578035E-16,-1.));
#8001 = ORIENTED_EDGE('',*,*,#7923,.F.);
#8002 = ORIENTED_EDGE('',*,*,#8003,.F.);
#8003 = EDGE_CURVE('',#7959,#7880,#8004,.T.);
#8004 = LINE('',#8005,#8006);
#8005 = CARTESIAN_POINT('',(15.65,-5.9,-0.2));
#8006 = VECTOR('',#8007,1.);
#8007 = DIRECTION('',(-3.309849731206E-15,0.707106781187,0.707106781187)
  );
#8008 = ORIENTED_EDGE('',*,*,#7956,.F.);
#8009 = PLANE('',#8010);
#8010 = AXIS2_PLACEMENT_3D('',#8011,#8012,#8013);
#8011 = CARTESIAN_POINT('',(15.65,2.397410806316E-14,4.163336342344E-14)
  );
#8012 = DIRECTION('',(-1.,-2.186081554305E-15,-2.494752824983E-15));
#8013 = DIRECTION('',(-2.494752824983E-15,-6.776263578035E-16,1.));
#8014 = ADVANCED_FACE('',(#8015),#8026,.F.);
#8015 = FACE_BOUND('',#8016,.T.);
#8016 = EDGE_LOOP('',(#8017,#8018,#8024,#8025));
#8017 = ORIENTED_EDGE('',*,*,#7888,.T.);
#8018 = ORIENTED_EDGE('',*,*,#8019,.F.);
#8019 = EDGE_CURVE('',#7967,#7889,#8020,.T.);
#8020 = LINE('',#8021,#8022);
#8021 = CARTESIAN_POINT('',(15.85,-2.85,2.85));
#8022 = VECTOR('',#8023,1.);
#8023 = DIRECTION('',(-3.309849731206E-15,0.707106781187,0.707106781187)
  );
#8024 = ORIENTED_EDGE('',*,*,#7966,.T.);
#8025 = ORIENTED_EDGE('',*,*,#8003,.T.);
#8026 = PLANE('',#8027);
#8027 = AXIS2_PLACEMENT_3D('',#8028,#8029,#8030);
#8028 = CARTESIAN_POINT('',(15.85,-5.9,-0.2));
#8029 = DIRECTION('',(-1.525061569677E-15,-0.707106781187,0.707106781187
    ));
#8030 = DIRECTION('',(4.791541927136E-16,-0.707106781187,-0.707106781187
    ));
#8031 = ADVANCED_FACE('',(#8032),#8043,.F.);
#8032 = FACE_BOUND('',#8033,.T.);
#8033 = EDGE_LOOP('',(#8034,#8035,#8041,#8042));
#8034 = ORIENTED_EDGE('',*,*,#7941,.F.);
#8035 = ORIENTED_EDGE('',*,*,#8036,.T.);
#8036 = EDGE_CURVE('',#7846,#7975,#8037,.T.);
#8037 = LINE('',#8038,#8039);
#8038 = CARTESIAN_POINT('',(15.85,-10.8,3.642919299551E-14));
#8039 = VECTOR('',#8040,1.);
#8040 = DIRECTION('',(2.494752824983E-15,6.776263578035E-16,-1.));
#8041 = ORIENTED_EDGE('',*,*,#7974,.T.);
#8042 = ORIENTED_EDGE('',*,*,#8019,.T.);
#8043 = PLANE('',#8044);
#8044 = AXIS2_PLACEMENT_3D('',#8045,#8046,#8047);
#8045 = CARTESIAN_POINT('',(15.85,2.424105177987E-14,4.336808689942E-14)
  );
#8046 = DIRECTION('',(-1.,-2.186081554305E-15,-2.494752824983E-15));
#8047 = DIRECTION('',(-2.494752824983E-15,-6.776263578035E-16,1.));
#8048 = ADVANCED_FACE('',(#8049),#8055,.F.);
#8049 = FACE_BOUND('',#8050,.T.);
#8050 = EDGE_LOOP('',(#8051,#8052,#8053,#8054));
#8051 = ORIENTED_EDGE('',*,*,#7982,.F.);
#8052 = ORIENTED_EDGE('',*,*,#8036,.F.);
#8053 = ORIENTED_EDGE('',*,*,#7845,.T.);
#8054 = ORIENTED_EDGE('',*,*,#7996,.T.);
#8055 = PLANE('',#8056);
#8056 = AXIS2_PLACEMENT_3D('',#8057,#8058,#8059);
#8057 = CARTESIAN_POINT('',(15.85,-10.8,-2.8));
#8058 = DIRECTION('',(-1.334718583552E-15,1.,6.776263578035E-16));
#8059 = DIRECTION('',(-1.,-1.334718583552E-15,-3.944304526105E-31));
#8060 = ADVANCED_FACE('',(#8061),#8089,.F.);
#8061 = FACE_BOUND('',#8062,.F.);
#8062 = EDGE_LOOP('',(#8063,#8072,#8073,#8084));
#8063 = ORIENTED_EDGE('',*,*,#8064,.T.);
#8064 = EDGE_CURVE('',#8065,#5805,#8067,.T.);
#8065 = VERTEX_POINT('',#8066);
#8066 = CARTESIAN_POINT('',(16.17,-5.4,-0.22));
#8067 = B_SPLINE_CURVE_WITH_KNOTS('',3,(#8068,#8069,#8070,#8071),
  .UNSPECIFIED.,.F.,.F.,(4,4),(0.,1.),.PIECEWISE_BEZIER_KNOTS.);
#8068 = CARTESIAN_POINT('',(16.17,-5.4,-0.22));
#8069 = CARTESIAN_POINT('',(16.163578199628,-5.4,-0.209528024488));
#8070 = CARTESIAN_POINT('',(16.156911532962,-5.390471975512,-0.2));
#8071 = CARTESIAN_POINT('',(16.15,-5.38,-0.2));
#8072 = ORIENTED_EDGE('',*,*,#6318,.T.);
#8073 = ORIENTED_EDGE('',*,*,#8074,.F.);
#8074 = EDGE_CURVE('',#8075,#5973,#8077,.T.);
#8075 = VERTEX_POINT('',#8076);
#8076 = CARTESIAN_POINT('',(16.17,-5.6,-0.22));
#8077 = B_SPLINE_CURVE_WITH_KNOTS('',3,(#8078,#8079,#8080,#8081,#8082,
    #8083),.UNSPECIFIED.,.F.,.F.,(4,2,4),(0.,0.5,1.),.UNSPECIFIED.);
#8078 = CARTESIAN_POINT('',(16.17,-5.6,-0.22));
#8079 = CARTESIAN_POINT('',(16.166780109169,-5.6,-0.162242864034));
#8080 = CARTESIAN_POINT('',(16.163516983054,-5.576289918794,
    -0.105162935072));
#8081 = CARTESIAN_POINT('',(16.156850316388,-5.494837064927,
    -2.371008120557E-02));
#8082 = CARTESIAN_POINT('',(16.153465438016,-5.437757056889,
    -5.410388503718E-16));
#8083 = CARTESIAN_POINT('',(16.15,-5.38,2.710505431214E-16));
#8084 = ORIENTED_EDGE('',*,*,#8085,.F.);
#8085 = EDGE_CURVE('',#8065,#8075,#8086,.T.);
#8086 = B_SPLINE_CURVE_WITH_KNOTS('',1,(#8087,#8088),.UNSPECIFIED.,.F.,
  .F.,(2,2),(0.,1.),.PIECEWISE_BEZIER_KNOTS.);
#8087 = CARTESIAN_POINT('',(16.17,-5.4,-0.22));
#8088 = CARTESIAN_POINT('',(16.17,-5.6,-0.22));
#8089 = B_SPLINE_SURFACE_WITH_KNOTS('',1,3,(
    (#8090,#8091,#8092,#8093,#8094,#8095)
    ,(#8096,#8097,#8098,#8099,#8100,#8101
    )),.UNSPECIFIED.,.F.,.F.,.F.,(2,2),(4,2,4),(0.,1.),(0.,0.5,1.),
  .UNSPECIFIED.);
#8090 = CARTESIAN_POINT('',(16.17,-5.6,-0.22));
#8091 = CARTESIAN_POINT('',(16.166780109169,-5.6,-0.162242864034));
#8092 = CARTESIAN_POINT('',(16.163516983054,-5.576289918794,
    -0.105162935072));
#8093 = CARTESIAN_POINT('',(16.156850316388,-5.494837064927,
    -2.371008120557E-02));
#8094 = CARTESIAN_POINT('',(16.153465438016,-5.437757056889,
    -5.410388503718E-16));
#8095 = CARTESIAN_POINT('',(16.15,-5.38,-5.421010862428E-16));
#8096 = CARTESIAN_POINT('',(16.17,-5.4,-0.22));
#8097 = CARTESIAN_POINT('',(16.166782545891,-5.4,-0.214753324817));
#8098 = CARTESIAN_POINT('',(16.163516983054,-5.397844538072,
    -0.209560266825));
#8099 = CARTESIAN_POINT('',(16.156850316388,-5.390439733175,
    -0.202155461928));
#8100 = CARTESIAN_POINT('',(16.153462527646,-5.385246231902,-0.2));
#8101 = CARTESIAN_POINT('',(16.15,-5.38,-0.2));
#8102 = ADVANCED_FACE('',(#8103),#8130,.F.);
#8103 = FACE_BOUND('',#8104,.T.);
#8104 = EDGE_LOOP('',(#8105,#8114,#8122,#8129));
#8105 = ORIENTED_EDGE('',*,*,#8106,.T.);
#8106 = EDGE_CURVE('',#5981,#8107,#8109,.T.);
#8107 = VERTEX_POINT('',#8108);
#8108 = CARTESIAN_POINT('',(18.55,-5.6,-0.22));
#8109 = CIRCLE('',#8110,0.22);
#8110 = AXIS2_PLACEMENT_3D('',#8111,#8112,#8113);
#8111 = CARTESIAN_POINT('',(18.55,-5.38,-0.22));
#8112 = DIRECTION('',(1.,0.,6.776263578035E-16));
#8113 = DIRECTION('',(-6.776263578035E-16,0.,1.));
#8114 = ORIENTED_EDGE('',*,*,#8115,.T.);
#8115 = EDGE_CURVE('',#8107,#8116,#8118,.T.);
#8116 = VERTEX_POINT('',#8117);
#8117 = CARTESIAN_POINT('',(18.55,-5.4,-0.22));
#8118 = LINE('',#8119,#8120);
#8119 = CARTESIAN_POINT('',(18.55,-5.6,-0.22));
#8120 = VECTOR('',#8121,1.);
#8121 = DIRECTION('',(-0.,1.,3.491481338843E-15));
#8122 = ORIENTED_EDGE('',*,*,#8123,.F.);
#8123 = EDGE_CURVE('',#5797,#8116,#8124,.T.);
#8124 = CIRCLE('',#8125,2.E-02);
#8125 = AXIS2_PLACEMENT_3D('',#8126,#8127,#8128);
#8126 = CARTESIAN_POINT('',(18.55,-5.38,-0.22));
#8127 = DIRECTION('',(1.,0.,0.));
#8128 = DIRECTION('',(0.,0.,-1.));
#8129 = ORIENTED_EDGE('',*,*,#6334,.F.);
#8130 = PLANE('',#8131);
#8131 = AXIS2_PLACEMENT_3D('',#8132,#8133,#8134);
#8132 = CARTESIAN_POINT('',(18.55,-5.38,-0.22));
#8133 = DIRECTION('',(-1.,0.,-0.));
#8134 = DIRECTION('',(0.,0.,1.));
#8135 = ADVANCED_FACE('',(#8136),#8147,.F.);
#8136 = FACE_BOUND('',#8137,.F.);
#8137 = EDGE_LOOP('',(#8138,#8139,#8145,#8146));
#8138 = ORIENTED_EDGE('',*,*,#8064,.F.);
#8139 = ORIENTED_EDGE('',*,*,#8140,.F.);
#8140 = EDGE_CURVE('',#8116,#8065,#8141,.T.);
#8141 = LINE('',#8142,#8143);
#8142 = CARTESIAN_POINT('',(18.55,-5.4,-0.22));
#8143 = VECTOR('',#8144,1.);
#8144 = DIRECTION('',(-1.,6.776263578035E-16,-5.124905227082E-17));
#8145 = ORIENTED_EDGE('',*,*,#8123,.F.);
#8146 = ORIENTED_EDGE('',*,*,#5804,.F.);
#8147 = CYLINDRICAL_SURFACE('',#8148,2.E-02);
#8148 = AXIS2_PLACEMENT_3D('',#8149,#8150,#8151);
#8149 = CARTESIAN_POINT('',(19.758401959807,-5.38,-0.22));
#8150 = DIRECTION('',(-1.,0.,-6.776263578035E-16));
#8151 = DIRECTION('',(-6.776263578035E-16,0.,1.));
#8152 = ADVANCED_FACE('',(#8153),#8164,.T.);
#8153 = FACE_BOUND('',#8154,.T.);
#8154 = EDGE_LOOP('',(#8155,#8156,#8157,#8163));
#8155 = ORIENTED_EDGE('',*,*,#5980,.F.);
#8156 = ORIENTED_EDGE('',*,*,#8074,.F.);
#8157 = ORIENTED_EDGE('',*,*,#8158,.T.);
#8158 = EDGE_CURVE('',#8075,#8107,#8159,.T.);
#8159 = LINE('',#8160,#8161);
#8160 = CARTESIAN_POINT('',(18.55,-5.6,-0.22));
#8161 = VECTOR('',#8162,1.);
#8162 = DIRECTION('',(1.,-6.776263578035E-16,5.124905227082E-17));
#8163 = ORIENTED_EDGE('',*,*,#8106,.F.);
#8164 = CYLINDRICAL_SURFACE('',#8165,0.22);
#8165 = AXIS2_PLACEMENT_3D('',#8166,#8167,#8168);
#8166 = CARTESIAN_POINT('',(19.758401959807,-5.38,-0.22));
#8167 = DIRECTION('',(-1.,0.,-6.776263578035E-16));
#8168 = DIRECTION('',(-6.776263578035E-16,0.,1.));
#8169 = ADVANCED_FACE('',(#8170),#8204,.F.);
#8170 = FACE_BOUND('',#8171,.T.);
#8171 = EDGE_LOOP('',(#8172,#8182,#8190,#8198));
#8172 = ORIENTED_EDGE('',*,*,#8173,.T.);
#8173 = EDGE_CURVE('',#8174,#8176,#8178,.T.);
#8174 = VERTEX_POINT('',#8175);
#8175 = CARTESIAN_POINT('',(18.15,-5.4,-2.2));
#8176 = VERTEX_POINT('',#8177);
#8177 = CARTESIAN_POINT('',(18.55,-5.4,-2.2));
#8178 = LINE('',#8179,#8180);
#8179 = CARTESIAN_POINT('',(18.55,-5.4,-2.2));
#8180 = VECTOR('',#8181,1.);
#8181 = DIRECTION('',(1.,-6.776263578035E-16,-6.776263578035E-16));
#8182 = ORIENTED_EDGE('',*,*,#8183,.F.);
#8183 = EDGE_CURVE('',#8184,#8176,#8186,.T.);
#8184 = VERTEX_POINT('',#8185);
#8185 = CARTESIAN_POINT('',(18.55,-5.6,-2.2));
#8186 = LINE('',#8187,#8188);
#8187 = CARTESIAN_POINT('',(18.55,-5.6,-2.2));
#8188 = VECTOR('',#8189,1.);
#8189 = DIRECTION('',(6.776263578035E-16,1.,-3.491481338843E-15));
#8190 = ORIENTED_EDGE('',*,*,#8191,.F.);
#8191 = EDGE_CURVE('',#8192,#8184,#8194,.T.);
#8192 = VERTEX_POINT('',#8193);
#8193 = CARTESIAN_POINT('',(18.15,-5.6,-2.2));
#8194 = LINE('',#8195,#8196);
#8195 = CARTESIAN_POINT('',(-1.816038638913E-15,-5.6,-2.2));
#8196 = VECTOR('',#8197,1.);
#8197 = DIRECTION('',(1.,-6.776263578035E-16,-6.776263578035E-16));
#8198 = ORIENTED_EDGE('',*,*,#8199,.T.);
#8199 = EDGE_CURVE('',#8192,#8174,#8200,.T.);
#8200 = LINE('',#8201,#8202);
#8201 = CARTESIAN_POINT('',(18.15,-5.6,-2.2));
#8202 = VECTOR('',#8203,1.);
#8203 = DIRECTION('',(6.776263578035E-16,1.,-3.491481338843E-15));
#8204 = PLANE('',#8205);
#8205 = AXIS2_PLACEMENT_3D('',#8206,#8207,#8208);
#8206 = CARTESIAN_POINT('',(18.55,-5.6,-2.2));
#8207 = DIRECTION('',(6.776263578035E-16,3.491481338843E-15,1.));
#8208 = DIRECTION('',(-6.776263578035E-16,-1.,3.491481338843E-15));
#8209 = ADVANCED_FACE('',(#8210),#8226,.T.);
#8210 = FACE_BOUND('',#8211,.T.);
#8211 = EDGE_LOOP('',(#8212,#8218,#8219,#8225));
#8212 = ORIENTED_EDGE('',*,*,#8213,.F.);
#8213 = EDGE_CURVE('',#8065,#8174,#8214,.T.);
#8214 = LINE('',#8215,#8216);
#8215 = CARTESIAN_POINT('',(16.15,-5.4,-0.2));
#8216 = VECTOR('',#8217,1.);
#8217 = DIRECTION('',(0.707106781187,-2.932423659407E-15,-0.707106781187
    ));
#8218 = ORIENTED_EDGE('',*,*,#8140,.F.);
#8219 = ORIENTED_EDGE('',*,*,#8220,.T.);
#8220 = EDGE_CURVE('',#8116,#8176,#8221,.T.);
#8221 = LINE('',#8222,#8223);
#8222 = CARTESIAN_POINT('',(18.55,-5.4,-0.2));
#8223 = VECTOR('',#8224,1.);
#8224 = DIRECTION('',(0.,3.614686131171E-15,-1.));
#8225 = ORIENTED_EDGE('',*,*,#8173,.F.);
#8226 = PLANE('',#8227);
#8227 = AXIS2_PLACEMENT_3D('',#8228,#8229,#8230);
#8228 = CARTESIAN_POINT('',(-1.897353801851E-16,-5.4,3.035766082959E-14)
  );
#8229 = DIRECTION('',(6.776263578035E-16,1.,-3.469446951954E-15));
#8230 = DIRECTION('',(6.776263578035E-16,3.469446951954E-15,1.));
#8231 = ADVANCED_FACE('',(#8232),#8243,.F.);
#8232 = FACE_BOUND('',#8233,.T.);
#8233 = EDGE_LOOP('',(#8234,#8235,#8236,#8237));
#8234 = ORIENTED_EDGE('',*,*,#8183,.T.);
#8235 = ORIENTED_EDGE('',*,*,#8220,.F.);
#8236 = ORIENTED_EDGE('',*,*,#8115,.F.);
#8237 = ORIENTED_EDGE('',*,*,#8238,.T.);
#8238 = EDGE_CURVE('',#8107,#8184,#8239,.T.);
#8239 = LINE('',#8240,#8241);
#8240 = CARTESIAN_POINT('',(18.55,-5.6,16.08));
#8241 = VECTOR('',#8242,1.);
#8242 = DIRECTION('',(0.,3.491481338843E-15,-1.));
#8243 = PLANE('',#8244);
#8244 = AXIS2_PLACEMENT_3D('',#8245,#8246,#8247);
#8245 = CARTESIAN_POINT('',(18.55,-5.6,-0.2));
#8246 = DIRECTION('',(-1.,6.776263578035E-16,-4.526544070127E-15));
#8247 = DIRECTION('',(-4.526544070127E-15,3.155443620884E-30,1.));
#8248 = ADVANCED_FACE('',(#8249),#8260,.F.);
#8249 = FACE_BOUND('',#8250,.T.);
#8250 = EDGE_LOOP('',(#8251,#8252,#8258,#8259));
#8251 = ORIENTED_EDGE('',*,*,#8158,.F.);
#8252 = ORIENTED_EDGE('',*,*,#8253,.T.);
#8253 = EDGE_CURVE('',#8075,#8192,#8254,.T.);
#8254 = LINE('',#8255,#8256);
#8255 = CARTESIAN_POINT('',(7.975,-5.6,7.975));
#8256 = VECTOR('',#8257,1.);
#8257 = DIRECTION('',(0.707106781187,-2.932423659407E-15,-0.707106781187
    ));
#8258 = ORIENTED_EDGE('',*,*,#8191,.T.);
#8259 = ORIENTED_EDGE('',*,*,#8238,.F.);
#8260 = PLANE('',#8261);
#8261 = AXIS2_PLACEMENT_3D('',#8262,#8263,#8264);
#8262 = CARTESIAN_POINT('',(-3.252606517458E-16,-5.6,3.122502256758E-14)
  );
#8263 = DIRECTION('',(6.776263578035E-16,1.,-3.469446951954E-15));
#8264 = DIRECTION('',(6.776263578035E-16,3.469446951954E-15,1.));
#8265 = ADVANCED_FACE('',(#8266),#8272,.F.);
#8266 = FACE_BOUND('',#8267,.T.);
#8267 = EDGE_LOOP('',(#8268,#8269,#8270,#8271));
#8268 = ORIENTED_EDGE('',*,*,#8085,.F.);
#8269 = ORIENTED_EDGE('',*,*,#8213,.T.);
#8270 = ORIENTED_EDGE('',*,*,#8199,.F.);
#8271 = ORIENTED_EDGE('',*,*,#8253,.F.);
#8272 = PLANE('',#8273);
#8273 = AXIS2_PLACEMENT_3D('',#8274,#8275,#8276);
#8274 = CARTESIAN_POINT('',(16.15,-5.6,-0.2));
#8275 = DIRECTION('',(0.707106781187,1.989695938369E-15,0.707106781187)
  );
#8276 = DIRECTION('',(0.707106781187,-4.791541927136E-16,-0.707106781187
    ));
#8277 = ( GEOMETRIC_REPRESENTATION_CONTEXT(3) 
GLOBAL_UNCERTAINTY_ASSIGNED_CONTEXT((#8281)) 
GLOBAL_UNIT_ASSIGNED_CONTEXT((#8278,#8279,#8280)) REPRESENTATION_CONTEXT
('Context #1','3D Context with UNIT and UNCERTAINTY') );
#8278 = ( LENGTH_UNIT() NAMED_UNIT(*) SI_UNIT(.MILLI.,.METRE.) );
#8279 = ( NAMED_UNIT(*) PLANE_ANGLE_UNIT() SI_UNIT($,.RADIAN.) );
#8280 = ( NAMED_UNIT(*) SI_UNIT($,.STERADIAN.) SOLID_ANGLE_UNIT() );
#8281 = UNCERTAINTY_MEASURE_WITH_UNIT(LENGTH_MEASURE(2.E-05),#8278,
  'distance_accuracy_value','confusion accuracy');
#8282 = CONTEXT_DEPENDENT_SHAPE_REPRESENTATION(#8283,#8285);
#8283 = ( REPRESENTATION_RELATIONSHIP('','',#5657,#5634) 
REPRESENTATION_RELATIONSHIP_WITH_TRANSFORMATION(#8284) 
SHAPE_REPRESENTATION_RELATIONSHIP() );
#8284 = ITEM_DEFINED_TRANSFORMATION('','',#11,#5635);
#8285 = PRODUCT_DEFINITION_SHAPE('Placement','Placement of an item',
  #8286);
#8286 = NEXT_ASSEMBLY_USAGE_OCCURRENCE('73','=>[0:1:1:13]','',#5629,
  #5652,$);
#8287 = PRODUCT_RELATED_PRODUCT_CATEGORY('part',$,(#5654));
#8288 = CONTEXT_DEPENDENT_SHAPE_REPRESENTATION(#8289,#8291);
#8289 = ( REPRESENTATION_RELATIONSHIP('','',#3054,#10) 
REPRESENTATION_RELATIONSHIP_WITH_TRANSFORMATION(#8290) 
SHAPE_REPRESENTATION_RELATIONSHIP() );
#8290 = ITEM_DEFINED_TRANSFORMATION('','',#11,#287);
#8291 = PRODUCT_DEFINITION_SHAPE('Placement','Placement of an item',
  #8292);
#8292 = NEXT_ASSEMBLY_USAGE_OCCURRENCE('75','LR1','',#5,#3049,$);
#8293 = CONTEXT_DEPENDENT_SHAPE_REPRESENTATION(#8294,#8296);
#8294 = ( REPRESENTATION_RELATIONSHIP('','',#1232,#10) 
REPRESENTATION_RELATIONSHIP_WITH_TRANSFORMATION(#8295) 
SHAPE_REPRESENTATION_RELATIONSHIP() );
#8295 = ITEM_DEFINED_TRANSFORMATION('','',#11,#291);
#8296 = PRODUCT_DEFINITION_SHAPE('Placement','Placement of an item',
  #8297);
#8297 = NEXT_ASSEMBLY_USAGE_OCCURRENCE('76','C38','',#5,#1227,$);
#8298 = CONTEXT_DEPENDENT_SHAPE_REPRESENTATION(#8299,#8301);
#8299 = ( REPRESENTATION_RELATIONSHIP('','',#2138,#10) 
REPRESENTATION_RELATIONSHIP_WITH_TRANSFORMATION(#8300) 
SHAPE_REPRESENTATION_RELATIONSHIP() );
#8300 = ITEM_DEFINED_TRANSFORMATION('','',#11,#295);
#8301 = PRODUCT_DEFINITION_SHAPE('Placement','Placement of an item',
  #8302);
#8302 = NEXT_ASSEMBLY_USAGE_OCCURRENCE('77','C14','',#5,#2133,$);
#8303 = CONTEXT_DEPENDENT_SHAPE_REPRESENTATION(#8304,#8306);
#8304 = ( REPRESENTATION_RELATIONSHIP('','',#400,#10) 
REPRESENTATION_RELATIONSHIP_WITH_TRANSFORMATION(#8305) 
SHAPE_REPRESENTATION_RELATIONSHIP() );
#8305 = ITEM_DEFINED_TRANSFORMATION('','',#11,#299);
#8306 = PRODUCT_DEFINITION_SHAPE('Placement','Placement of an item',
  #8307);
#8307 = NEXT_ASSEMBLY_USAGE_OCCURRENCE('78','R11','',#5,#395,$);
#8308 = CONTEXT_DEPENDENT_SHAPE_REPRESENTATION(#8309,#8311);
#8309 = ( REPRESENTATION_RELATIONSHIP('','',#1232,#10) 
REPRESENTATION_RELATIONSHIP_WITH_TRANSFORMATION(#8310) 
SHAPE_REPRESENTATION_RELATIONSHIP() );
#8310 = ITEM_DEFINED_TRANSFORMATION('','',#11,#303);
#8311 = PRODUCT_DEFINITION_SHAPE('Placement','Placement of an item',
  #8312);
#8312 = NEXT_ASSEMBLY_USAGE_OCCURRENCE('79','C61','',#5,#1227,$);
#8313 = CONTEXT_DEPENDENT_SHAPE_REPRESENTATION(#8314,#8316);
#8314 = ( REPRESENTATION_RELATIONSHIP('','',#1232,#10) 
REPRESENTATION_RELATIONSHIP_WITH_TRANSFORMATION(#8315) 
SHAPE_REPRESENTATION_RELATIONSHIP() );
#8315 = ITEM_DEFINED_TRANSFORMATION('','',#11,#307);
#8316 = PRODUCT_DEFINITION_SHAPE('Placement','Placement of an item',
  #8317);
#8317 = NEXT_ASSEMBLY_USAGE_OCCURRENCE('80','C22','',#5,#1227,$);
#8318 = CONTEXT_DEPENDENT_SHAPE_REPRESENTATION(#8319,#8321);
#8319 = ( REPRESENTATION_RELATIONSHIP('','',#1232,#10) 
REPRESENTATION_RELATIONSHIP_WITH_TRANSFORMATION(#8320) 
SHAPE_REPRESENTATION_RELATIONSHIP() );
#8320 = ITEM_DEFINED_TRANSFORMATION('','',#11,#311);
#8321 = PRODUCT_DEFINITION_SHAPE('Placement','Placement of an item',
  #8322);
#8322 = NEXT_ASSEMBLY_USAGE_OCCURRENCE('81','L13','',#5,#1227,$);
#8323 = CONTEXT_DEPENDENT_SHAPE_REPRESENTATION(#8324,#8326);
#8324 = ( REPRESENTATION_RELATIONSHIP('','',#1232,#10) 
REPRESENTATION_RELATIONSHIP_WITH_TRANSFORMATION(#8325) 
SHAPE_REPRESENTATION_RELATIONSHIP() );
#8325 = ITEM_DEFINED_TRANSFORMATION('','',#11,#315);
#8326 = PRODUCT_DEFINITION_SHAPE('Placement','Placement of an item',
  #8327);
#8327 = NEXT_ASSEMBLY_USAGE_OCCURRENCE('82','C6','',#5,#1227,$);
#8328 = CONTEXT_DEPENDENT_SHAPE_REPRESENTATION(#8329,#8331);
#8329 = ( REPRESENTATION_RELATIONSHIP('','',#1232,#10) 
REPRESENTATION_RELATIONSHIP_WITH_TRANSFORMATION(#8330) 
SHAPE_REPRESENTATION_RELATIONSHIP() );
#8330 = ITEM_DEFINED_TRANSFORMATION('','',#11,#319);
#8331 = PRODUCT_DEFINITION_SHAPE('Placement','Placement of an item',
  #8332);
#8332 = NEXT_ASSEMBLY_USAGE_OCCURRENCE('83','C73','',#5,#1227,$);
#8333 = CONTEXT_DEPENDENT_SHAPE_REPRESENTATION(#8334,#8336);
#8334 = ( REPRESENTATION_RELATIONSHIP('','',#400,#10) 
REPRESENTATION_RELATIONSHIP_WITH_TRANSFORMATION(#8335) 
SHAPE_REPRESENTATION_RELATIONSHIP() );
#8335 = ITEM_DEFINED_TRANSFORMATION('','',#11,#323);
#8336 = PRODUCT_DEFINITION_SHAPE('Placement','Placement of an item',
  #8337);
#8337 = NEXT_ASSEMBLY_USAGE_OCCURRENCE('84','R13','',#5,#395,$);
#8338 = CONTEXT_DEPENDENT_SHAPE_REPRESENTATION(#8339,#8341);
#8339 = ( REPRESENTATION_RELATIONSHIP('','',#2138,#10) 
REPRESENTATION_RELATIONSHIP_WITH_TRANSFORMATION(#8340) 
SHAPE_REPRESENTATION_RELATIONSHIP() );
#8340 = ITEM_DEFINED_TRANSFORMATION('','',#11,#327);
#8341 = PRODUCT_DEFINITION_SHAPE('Placement','Placement of an item',
  #8342);
#8342 = NEXT_ASSEMBLY_USAGE_OCCURRENCE('85','C1','',#5,#2133,$);
#8343 = CONTEXT_DEPENDENT_SHAPE_REPRESENTATION(#8344,#8346);
#8344 = ( REPRESENTATION_RELATIONSHIP('','',#3054,#10) 
REPRESENTATION_RELATIONSHIP_WITH_TRANSFORMATION(#8345) 
SHAPE_REPRESENTATION_RELATIONSHIP() );
#8345 = ITEM_DEFINED_TRANSFORMATION('','',#11,#331);
#8346 = PRODUCT_DEFINITION_SHAPE('Placement','Placement of an item',
  #8347);
#8347 = NEXT_ASSEMBLY_USAGE_OCCURRENCE('86','L7','',#5,#3049,$);
#8348 = CONTEXT_DEPENDENT_SHAPE_REPRESENTATION(#8349,#8351);
#8349 = ( REPRESENTATION_RELATIONSHIP('','',#1232,#10) 
REPRESENTATION_RELATIONSHIP_WITH_TRANSFORMATION(#8350) 
SHAPE_REPRESENTATION_RELATIONSHIP() );
#8350 = ITEM_DEFINED_TRANSFORMATION('','',#11,#335);
#8351 = PRODUCT_DEFINITION_SHAPE('Placement','Placement of an item',
  #8352);
#8352 = NEXT_ASSEMBLY_USAGE_OCCURRENCE('87','C12','',#5,#1227,$);
#8353 = CONTEXT_DEPENDENT_SHAPE_REPRESENTATION(#8354,#8356);
#8354 = ( REPRESENTATION_RELATIONSHIP('','',#1232,#10) 
REPRESENTATION_RELATIONSHIP_WITH_TRANSFORMATION(#8355) 
SHAPE_REPRESENTATION_RELATIONSHIP() );
#8355 = ITEM_DEFINED_TRANSFORMATION('','',#11,#339);
#8356 = PRODUCT_DEFINITION_SHAPE('Placement','Placement of an item',
  #8357);
#8357 = NEXT_ASSEMBLY_USAGE_OCCURRENCE('88','C35','',#5,#1227,$);
#8358 = CONTEXT_DEPENDENT_SHAPE_REPRESENTATION(#8359,#8361);
#8359 = ( REPRESENTATION_RELATIONSHIP('','',#2138,#10) 
REPRESENTATION_RELATIONSHIP_WITH_TRANSFORMATION(#8360) 
SHAPE_REPRESENTATION_RELATIONSHIP() );
#8360 = ITEM_DEFINED_TRANSFORMATION('','',#11,#343);
#8361 = PRODUCT_DEFINITION_SHAPE('Placement','Placement of an item',
  #8362);
#8362 = NEXT_ASSEMBLY_USAGE_OCCURRENCE('89','C29','',#5,#2133,$);
#8363 = CONTEXT_DEPENDENT_SHAPE_REPRESENTATION(#8364,#8366);
#8364 = ( REPRESENTATION_RELATIONSHIP('','',#1232,#10) 
REPRESENTATION_RELATIONSHIP_WITH_TRANSFORMATION(#8365) 
SHAPE_REPRESENTATION_RELATIONSHIP() );
#8365 = ITEM_DEFINED_TRANSFORMATION('','',#11,#347);
#8366 = PRODUCT_DEFINITION_SHAPE('Placement','Placement of an item',
  #8367);
#8367 = NEXT_ASSEMBLY_USAGE_OCCURRENCE('90','C15','',#5,#1227,$);
#8368 = CONTEXT_DEPENDENT_SHAPE_REPRESENTATION(#8369,#8371);
#8369 = ( REPRESENTATION_RELATIONSHIP('','',#1232,#10) 
REPRESENTATION_RELATIONSHIP_WITH_TRANSFORMATION(#8370) 
SHAPE_REPRESENTATION_RELATIONSHIP() );
#8370 = ITEM_DEFINED_TRANSFORMATION('','',#11,#351);
#8371 = PRODUCT_DEFINITION_SHAPE('Placement','Placement of an item',
  #8372);
#8372 = NEXT_ASSEMBLY_USAGE_OCCURRENCE('91','C25','',#5,#1227,$);
#8373 = CONTEXT_DEPENDENT_SHAPE_REPRESENTATION(#8374,#8376);
#8374 = ( REPRESENTATION_RELATIONSHIP('','',#1232,#10) 
REPRESENTATION_RELATIONSHIP_WITH_TRANSFORMATION(#8375) 
SHAPE_REPRESENTATION_RELATIONSHIP() );
#8375 = ITEM_DEFINED_TRANSFORMATION('','',#11,#355);
#8376 = PRODUCT_DEFINITION_SHAPE('Placement','Placement of an item',
  #8377);
#8377 = NEXT_ASSEMBLY_USAGE_OCCURRENCE('92','C79','',#5,#1227,$);
#8378 = CONTEXT_DEPENDENT_SHAPE_REPRESENTATION(#8379,#8381);
#8379 = ( REPRESENTATION_RELATIONSHIP('','',#1232,#10) 
REPRESENTATION_RELATIONSHIP_WITH_TRANSFORMATION(#8380) 
SHAPE_REPRESENTATION_RELATIONSHIP() );
#8380 = ITEM_DEFINED_TRANSFORMATION('','',#11,#359);
#8381 = PRODUCT_DEFINITION_SHAPE('Placement','Placement of an item',
  #8382);
#8382 = NEXT_ASSEMBLY_USAGE_OCCURRENCE('93','C56','',#5,#1227,$);
#8383 = CONTEXT_DEPENDENT_SHAPE_REPRESENTATION(#8384,#8386);
#8384 = ( REPRESENTATION_RELATIONSHIP('','',#1232,#10) 
REPRESENTATION_RELATIONSHIP_WITH_TRANSFORMATION(#8385) 
SHAPE_REPRESENTATION_RELATIONSHIP() );
#8385 = ITEM_DEFINED_TRANSFORMATION('','',#11,#363);
#8386 = PRODUCT_DEFINITION_SHAPE('Placement','Placement of an item',
  #8387);
#8387 = NEXT_ASSEMBLY_USAGE_OCCURRENCE('94','C71','',#5,#1227,$);
#8388 = CONTEXT_DEPENDENT_SHAPE_REPRESENTATION(#8389,#8391);
#8389 = ( REPRESENTATION_RELATIONSHIP('','',#1232,#10) 
REPRESENTATION_RELATIONSHIP_WITH_TRANSFORMATION(#8390) 
SHAPE_REPRESENTATION_RELATIONSHIP() );
#8390 = ITEM_DEFINED_TRANSFORMATION('','',#11,#367);
#8391 = PRODUCT_DEFINITION_SHAPE('Placement','Placement of an item',
  #8392);
#8392 = NEXT_ASSEMBLY_USAGE_OCCURRENCE('95','C69','',#5,#1227,$);
#8393 = CONTEXT_DEPENDENT_SHAPE_REPRESENTATION(#8394,#8396);
#8394 = ( REPRESENTATION_RELATIONSHIP('','',#1232,#10) 
REPRESENTATION_RELATIONSHIP_WITH_TRANSFORMATION(#8395) 
SHAPE_REPRESENTATION_RELATIONSHIP() );
#8395 = ITEM_DEFINED_TRANSFORMATION('','',#11,#371);
#8396 = PRODUCT_DEFINITION_SHAPE('Placement','Placement of an item',
  #8397);
#8397 = NEXT_ASSEMBLY_USAGE_OCCURRENCE('96','L15','',#5,#1227,$);
#8398 = CONTEXT_DEPENDENT_SHAPE_REPRESENTATION(#8399,#8401);
#8399 = ( REPRESENTATION_RELATIONSHIP('','',#3054,#10) 
REPRESENTATION_RELATIONSHIP_WITH_TRANSFORMATION(#8400) 
SHAPE_REPRESENTATION_RELATIONSHIP() );
#8400 = ITEM_DEFINED_TRANSFORMATION('','',#11,#375);
#8401 = PRODUCT_DEFINITION_SHAPE('Placement','Placement of an item',
  #8402);
#8402 = NEXT_ASSEMBLY_USAGE_OCCURRENCE('97','LR3','',#5,#3049,$);
#8403 = CONTEXT_DEPENDENT_SHAPE_REPRESENTATION(#8404,#8406);
#8404 = ( REPRESENTATION_RELATIONSHIP('','',#1232,#10) 
REPRESENTATION_RELATIONSHIP_WITH_TRANSFORMATION(#8405) 
SHAPE_REPRESENTATION_RELATIONSHIP() );
#8405 = ITEM_DEFINED_TRANSFORMATION('','',#11,#379);
#8406 = PRODUCT_DEFINITION_SHAPE('Placement','Placement of an item',
  #8407);
#8407 = NEXT_ASSEMBLY_USAGE_OCCURRENCE('98','C82','',#5,#1227,$);
#8408 = SHAPE_DEFINITION_REPRESENTATION(#8409,#8415);
#8409 = PRODUCT_DEFINITION_SHAPE('','',#8410);
#8410 = PRODUCT_DEFINITION('design','',#8411,#8414);
#8411 = PRODUCT_DEFINITION_FORMATION('','',#8412);
#8412 = PRODUCT('_autosave-E52-400NW30S_PCB',
  '_autosave-E52-400NW30S_PCB','',(#8413));
#8413 = PRODUCT_CONTEXT('',#2,'mechanical');
#8414 = PRODUCT_DEFINITION_CONTEXT('part definition',#2,'design');
#8415 = ADVANCED_BREP_SHAPE_REPRESENTATION('',(#11,#8416),#10315);
#8416 = MANIFOLD_SOLID_BREP('',#8417);
#8417 = CLOSED_SHELL('',(#8418,#8458,#8930,#8955,#9419,#9436,#9453,#9470
    ,#9487,#9504,#9521,#9538,#9555,#9572,#9589,#9606,#9623,#9640,#9657,
    #9674,#9691,#9708,#9725,#9742,#9759,#9776,#9793,#9810,#9827,#9844,
    #9861,#9878,#9895,#9912,#9929,#9946,#9963,#9980,#9997,#10014,#10031,
    #10048,#10065,#10082,#10099,#10116,#10133,#10150,#10167,#10179,
    #10201,#10218,#10235,#10247,#10269,#10286,#10303));
#8418 = ADVANCED_FACE('',(#8419),#8453,.T.);
#8419 = FACE_BOUND('',#8420,.T.);
#8420 = EDGE_LOOP('',(#8421,#8431,#8439,#8447));
#8421 = ORIENTED_EDGE('',*,*,#8422,.F.);
#8422 = EDGE_CURVE('',#8423,#8425,#8427,.T.);
#8423 = VERTEX_POINT('',#8424);
#8424 = CARTESIAN_POINT('',(20.250001,-12.500001,0.));
#8425 = VERTEX_POINT('',#8426);
#8426 = CARTESIAN_POINT('',(16.320000999999,-12.50000090296,0.));
#8427 = LINE('',#8428,#8429);
#8428 = CARTESIAN_POINT('',(20.250001,-12.500001,0.));
#8429 = VECTOR('',#8430,1.);
#8430 = DIRECTION('',(-1.,2.469135800621E-08,0.));
#8431 = ORIENTED_EDGE('',*,*,#8432,.T.);
#8432 = EDGE_CURVE('',#8423,#8433,#8435,.T.);
#8433 = VERTEX_POINT('',#8434);
#8434 = CARTESIAN_POINT('',(20.250001,-12.500001,1.6));
#8435 = LINE('',#8436,#8437);
#8436 = CARTESIAN_POINT('',(20.250001,-12.500001,0.));
#8437 = VECTOR('',#8438,1.);
#8438 = DIRECTION('',(0.,0.,1.));
#8439 = ORIENTED_EDGE('',*,*,#8440,.T.);
#8440 = EDGE_CURVE('',#8433,#8441,#8443,.T.);
#8441 = VERTEX_POINT('',#8442);
#8442 = CARTESIAN_POINT('',(16.320000999999,-12.50000090296,1.6));
#8443 = LINE('',#8444,#8445);
#8444 = CARTESIAN_POINT('',(20.250001,-12.500001,1.6));
#8445 = VECTOR('',#8446,1.);
#8446 = DIRECTION('',(-1.,2.469135800621E-08,0.));
#8447 = ORIENTED_EDGE('',*,*,#8448,.T.);
#8448 = EDGE_CURVE('',#8441,#8425,#8449,.T.);
#8449 = LINE('',#8450,#8451);
#8450 = CARTESIAN_POINT('',(16.320000999999,-12.50000090296,-4.5E-02));
#8451 = VECTOR('',#8452,1.);
#8452 = DIRECTION('',(-0.,-0.,-1.));
#8453 = PLANE('',#8454);
#8454 = AXIS2_PLACEMENT_3D('',#8455,#8456,#8457);
#8455 = CARTESIAN_POINT('',(20.250001,-12.500001,0.));
#8456 = DIRECTION('',(-2.469135800621E-08,-1.,0.));
#8457 = DIRECTION('',(-1.,2.469135800621E-08,0.));
#8458 = ADVANCED_FACE('',(#8459,#8853,#8889),#8925,.T.);
#8459 = FACE_BOUND('',#8460,.T.);
#8460 = EDGE_LOOP('',(#8461,#8469,#8470,#8479,#8487,#8496,#8504,#8513,
    #8521,#8530,#8538,#8547,#8555,#8564,#8572,#8581,#8589,#8597,#8606,
    #8614,#8623,#8631,#8640,#8648,#8657,#8665,#8673,#8682,#8691,#8699,
    #8708,#8717,#8725,#8734,#8743,#8751,#8760,#8769,#8777,#8786,#8795,
    #8803,#8812,#8821,#8829,#8838,#8847));
#8461 = ORIENTED_EDGE('',*,*,#8462,.T.);
#8462 = EDGE_CURVE('',#8463,#8423,#8465,.T.);
#8463 = VERTEX_POINT('',#8464);
#8464 = CARTESIAN_POINT('',(20.250001,12.5,0.));
#8465 = LINE('',#8466,#8467);
#8466 = CARTESIAN_POINT('',(20.250001,12.5,0.));
#8467 = VECTOR('',#8468,1.);
#8468 = DIRECTION('',(0.,-1.,0.));
#8469 = ORIENTED_EDGE('',*,*,#8422,.T.);
#8470 = ORIENTED_EDGE('',*,*,#8471,.F.);
#8471 = EDGE_CURVE('',#8472,#8425,#8474,.T.);
#8472 = VERTEX_POINT('',#8473);
#8473 = CARTESIAN_POINT('',(15.420001000001,-12.50000088074,0.));
#8474 = CIRCLE('',#8475,0.45);
#8475 = AXIS2_PLACEMENT_3D('',#8476,#8477,#8478);
#8476 = CARTESIAN_POINT('',(15.870001,-12.5,0.));
#8477 = DIRECTION('',(-0.,0.,-1.));
#8478 = DIRECTION('',(-0.,-1.,0.));
#8479 = ORIENTED_EDGE('',*,*,#8480,.T.);
#8480 = EDGE_CURVE('',#8472,#8481,#8483,.T.);
#8481 = VERTEX_POINT('',#8482);
#8482 = CARTESIAN_POINT('',(13.780001999999,-12.50000084024,0.));
#8483 = LINE('',#8484,#8485);
#8484 = CARTESIAN_POINT('',(20.250001,-12.500001,0.));
#8485 = VECTOR('',#8486,1.);
#8486 = DIRECTION('',(-1.,2.469135800621E-08,0.));
#8487 = ORIENTED_EDGE('',*,*,#8488,.F.);
#8488 = EDGE_CURVE('',#8489,#8481,#8491,.T.);
#8489 = VERTEX_POINT('',#8490);
#8490 = CARTESIAN_POINT('',(12.880002000001,-12.50000081802,0.));
#8491 = CIRCLE('',#8492,0.45);
#8492 = AXIS2_PLACEMENT_3D('',#8493,#8494,#8495);
#8493 = CARTESIAN_POINT('',(13.330002,-12.5,0.));
#8494 = DIRECTION('',(-0.,0.,-1.));
#8495 = DIRECTION('',(-0.,-1.,0.));
#8496 = ORIENTED_EDGE('',*,*,#8497,.T.);
#8497 = EDGE_CURVE('',#8489,#8498,#8500,.T.);
#8498 = VERTEX_POINT('',#8499);
#8499 = CARTESIAN_POINT('',(11.240000999999,-12.50000077753,0.));
#8500 = LINE('',#8501,#8502);
#8501 = CARTESIAN_POINT('',(20.250001,-12.500001,0.));
#8502 = VECTOR('',#8503,1.);
#8503 = DIRECTION('',(-1.,2.469135800621E-08,0.));
#8504 = ORIENTED_EDGE('',*,*,#8505,.F.);
#8505 = EDGE_CURVE('',#8506,#8498,#8508,.T.);
#8506 = VERTEX_POINT('',#8507);
#8507 = CARTESIAN_POINT('',(10.340001000001,-12.5000007553,0.));
#8508 = CIRCLE('',#8509,0.45);
#8509 = AXIS2_PLACEMENT_3D('',#8510,#8511,#8512);
#8510 = CARTESIAN_POINT('',(10.790001,-12.5,0.));
#8511 = DIRECTION('',(-0.,0.,-1.));
#8512 = DIRECTION('',(-0.,-1.,0.));
#8513 = ORIENTED_EDGE('',*,*,#8514,.T.);
#8514 = EDGE_CURVE('',#8506,#8515,#8517,.T.);
#8515 = VERTEX_POINT('',#8516);
#8516 = CARTESIAN_POINT('',(8.700000999999,-12.50000071481,0.));
#8517 = LINE('',#8518,#8519);
#8518 = CARTESIAN_POINT('',(20.250001,-12.500001,0.));
#8519 = VECTOR('',#8520,1.);
#8520 = DIRECTION('',(-1.,2.469135800621E-08,0.));
#8521 = ORIENTED_EDGE('',*,*,#8522,.F.);
#8522 = EDGE_CURVE('',#8523,#8515,#8525,.T.);
#8523 = VERTEX_POINT('',#8524);
#8524 = CARTESIAN_POINT('',(7.800001000001,-12.50000069259,0.));
#8525 = CIRCLE('',#8526,0.45);
#8526 = AXIS2_PLACEMENT_3D('',#8527,#8528,#8529);
#8527 = CARTESIAN_POINT('',(8.250001,-12.5,0.));
#8528 = DIRECTION('',(-0.,0.,-1.));
#8529 = DIRECTION('',(-3.947459643112E-15,-1.,0.));
#8530 = ORIENTED_EDGE('',*,*,#8531,.T.);
#8531 = EDGE_CURVE('',#8523,#8532,#8534,.T.);
#8532 = VERTEX_POINT('',#8533);
#8533 = CARTESIAN_POINT('',(6.160001,-12.50000065209,0.));
#8534 = LINE('',#8535,#8536);
#8535 = CARTESIAN_POINT('',(20.250001,-12.500001,0.));
#8536 = VECTOR('',#8537,1.);
#8537 = DIRECTION('',(-1.,2.469135800621E-08,0.));
#8538 = ORIENTED_EDGE('',*,*,#8539,.F.);
#8539 = EDGE_CURVE('',#8540,#8532,#8542,.T.);
#8540 = VERTEX_POINT('',#8541);
#8541 = CARTESIAN_POINT('',(5.260001,-12.50000062987,0.));
#8542 = CIRCLE('',#8543,0.45);
#8543 = AXIS2_PLACEMENT_3D('',#8544,#8545,#8546);
#8544 = CARTESIAN_POINT('',(5.710001,-12.5,0.));
#8545 = DIRECTION('',(-0.,0.,-1.));
#8546 = DIRECTION('',(-0.,-1.,0.));
#8547 = ORIENTED_EDGE('',*,*,#8548,.T.);
#8548 = EDGE_CURVE('',#8540,#8549,#8551,.T.);
#8549 = VERTEX_POINT('',#8550);
#8550 = CARTESIAN_POINT('',(3.620001,-12.50000058938,0.));
#8551 = LINE('',#8552,#8553);
#8552 = CARTESIAN_POINT('',(20.250001,-12.500001,0.));
#8553 = VECTOR('',#8554,1.);
#8554 = DIRECTION('',(-1.,2.469135800621E-08,0.));
#8555 = ORIENTED_EDGE('',*,*,#8556,.F.);
#8556 = EDGE_CURVE('',#8557,#8549,#8559,.T.);
#8557 = VERTEX_POINT('',#8558);
#8558 = CARTESIAN_POINT('',(2.720001,-12.50000056716,0.));
#8559 = CIRCLE('',#8560,0.45);
#8560 = AXIS2_PLACEMENT_3D('',#8561,#8562,#8563);
#8561 = CARTESIAN_POINT('',(3.170001,-12.5,0.));
#8562 = DIRECTION('',(-0.,0.,-1.));
#8563 = DIRECTION('',(-0.,-1.,0.));
#8564 = ORIENTED_EDGE('',*,*,#8565,.T.);
#8565 = EDGE_CURVE('',#8557,#8566,#8568,.T.);
#8566 = VERTEX_POINT('',#8567);
#8567 = CARTESIAN_POINT('',(1.08,-12.50000052666,0.));
#8568 = LINE('',#8569,#8570);
#8569 = CARTESIAN_POINT('',(20.250001,-12.500001,0.));
#8570 = VECTOR('',#8571,1.);
#8571 = DIRECTION('',(-1.,2.469135800621E-08,0.));
#8572 = ORIENTED_EDGE('',*,*,#8573,.F.);
#8573 = EDGE_CURVE('',#8574,#8566,#8576,.T.);
#8574 = VERTEX_POINT('',#8575);
#8575 = CARTESIAN_POINT('',(0.18,-12.50000050444,0.));
#8576 = CIRCLE('',#8577,0.45);
#8577 = AXIS2_PLACEMENT_3D('',#8578,#8579,#8580);
#8578 = CARTESIAN_POINT('',(0.63,-12.5,0.));
#8579 = DIRECTION('',(-0.,0.,-1.));
#8580 = DIRECTION('',(-0.,-1.,0.));
#8581 = ORIENTED_EDGE('',*,*,#8582,.T.);
#8582 = EDGE_CURVE('',#8574,#8583,#8585,.T.);
#8583 = VERTEX_POINT('',#8584);
#8584 = CARTESIAN_POINT('',(-20.249999,-12.5,0.));
#8585 = LINE('',#8586,#8587);
#8586 = CARTESIAN_POINT('',(20.250001,-12.500001,0.));
#8587 = VECTOR('',#8588,1.);
#8588 = DIRECTION('',(-1.,2.469135800621E-08,0.));
#8589 = ORIENTED_EDGE('',*,*,#8590,.T.);
#8590 = EDGE_CURVE('',#8583,#8591,#8593,.T.);
#8591 = VERTEX_POINT('',#8592);
#8592 = CARTESIAN_POINT('',(-20.2499991056,-7.22,3.469446951954E-18));
#8593 = LINE('',#8594,#8595);
#8594 = CARTESIAN_POINT('',(-20.249999,-12.5,0.));
#8595 = VECTOR('',#8596,1.);
#8596 = DIRECTION('',(-4.000000004112E-08,1.,0.));
#8597 = ORIENTED_EDGE('',*,*,#8598,.F.);
#8598 = EDGE_CURVE('',#8599,#8591,#8601,.T.);
#8599 = VERTEX_POINT('',#8600);
#8600 = CARTESIAN_POINT('',(-20.2499992472,-6.32,0.));
#8601 = CIRCLE('',#8602,0.45);
#8602 = AXIS2_PLACEMENT_3D('',#8603,#8604,#8605);
#8603 = CARTESIAN_POINT('',(-20.249999,-6.77,0.));
#8604 = DIRECTION('',(-0.,0.,-1.));
#8605 = DIRECTION('',(-0.,-1.,0.));
#8606 = ORIENTED_EDGE('',*,*,#8607,.T.);
#8607 = EDGE_CURVE('',#8599,#8608,#8610,.T.);
#8608 = VERTEX_POINT('',#8609);
#8609 = CARTESIAN_POINT('',(-20.2499991564,-4.68,3.469446951954E-18));
#8610 = LINE('',#8611,#8612);
#8611 = CARTESIAN_POINT('',(-20.249999,-12.5,0.));
#8612 = VECTOR('',#8613,1.);
#8613 = DIRECTION('',(-4.000000004112E-08,1.,0.));
#8614 = ORIENTED_EDGE('',*,*,#8615,.F.);
#8615 = EDGE_CURVE('',#8616,#8608,#8618,.T.);
#8616 = VERTEX_POINT('',#8617);
#8617 = CARTESIAN_POINT('',(-20.2499993488,-3.78,0.));
#8618 = CIRCLE('',#8619,0.45);
#8619 = AXIS2_PLACEMENT_3D('',#8620,#8621,#8622);
#8620 = CARTESIAN_POINT('',(-20.249999,-4.23,0.));
#8621 = DIRECTION('',(-0.,0.,-1.));
#8622 = DIRECTION('',(-0.,-1.,0.));
#8623 = ORIENTED_EDGE('',*,*,#8624,.T.);
#8624 = EDGE_CURVE('',#8616,#8625,#8627,.T.);
#8625 = VERTEX_POINT('',#8626);
#8626 = CARTESIAN_POINT('',(-20.2499998256,3.78,3.469446951954E-18));
#8627 = LINE('',#8628,#8629);
#8628 = CARTESIAN_POINT('',(-20.249999,-12.5,0.));
#8629 = VECTOR('',#8630,1.);
#8630 = DIRECTION('',(-4.000000004112E-08,1.,0.));
#8631 = ORIENTED_EDGE('',*,*,#8632,.F.);
#8632 = EDGE_CURVE('',#8633,#8625,#8635,.T.);
#8633 = VERTEX_POINT('',#8634);
#8634 = CARTESIAN_POINT('',(-20.2499996872,4.68,0.));
#8635 = CIRCLE('',#8636,0.45);
#8636 = AXIS2_PLACEMENT_3D('',#8637,#8638,#8639);
#8637 = CARTESIAN_POINT('',(-20.25,4.23,0.));
#8638 = DIRECTION('',(-0.,0.,-1.));
#8639 = DIRECTION('',(-0.,-1.,0.));
#8640 = ORIENTED_EDGE('',*,*,#8641,.T.);
#8641 = EDGE_CURVE('',#8633,#8642,#8644,.T.);
#8642 = VERTEX_POINT('',#8643);
#8643 = CARTESIAN_POINT('',(-20.2499993764,6.320001,3.469446951954E-18)
  );
#8644 = LINE('',#8645,#8646);
#8645 = CARTESIAN_POINT('',(-20.249999,-12.5,0.));
#8646 = VECTOR('',#8647,1.);
#8647 = DIRECTION('',(-4.000000004112E-08,1.,0.));
#8648 = ORIENTED_EDGE('',*,*,#8649,.F.);
#8649 = EDGE_CURVE('',#8650,#8642,#8652,.T.);
#8650 = VERTEX_POINT('',#8651);
#8651 = CARTESIAN_POINT('',(-20.2499997888,7.220000999999,0.));
#8652 = CIRCLE('',#8653,0.45);
#8653 = AXIS2_PLACEMENT_3D('',#8654,#8655,#8656);
#8654 = CARTESIAN_POINT('',(-20.249999,6.770001,0.));
#8655 = DIRECTION('',(-0.,0.,-1.));
#8656 = DIRECTION('',(-0.,-1.,0.));
#8657 = ORIENTED_EDGE('',*,*,#8658,.T.);
#8658 = EDGE_CURVE('',#8650,#8659,#8661,.T.);
#8659 = VERTEX_POINT('',#8660);
#8660 = CARTESIAN_POINT('',(-20.25,12.5,0.));
#8661 = LINE('',#8662,#8663);
#8662 = CARTESIAN_POINT('',(-20.249999,-12.5,0.));
#8663 = VECTOR('',#8664,1.);
#8664 = DIRECTION('',(-4.000000004112E-08,1.,0.));
#8665 = ORIENTED_EDGE('',*,*,#8666,.T.);
#8666 = EDGE_CURVE('',#8659,#8667,#8669,.T.);
#8667 = VERTEX_POINT('',#8668);
#8668 = CARTESIAN_POINT('',(0.180001,12.5,0.));
#8669 = LINE('',#8670,#8671);
#8670 = CARTESIAN_POINT('',(-20.25,12.5,0.));
#8671 = VECTOR('',#8672,1.);
#8672 = DIRECTION('',(1.,0.,0.));
#8673 = ORIENTED_EDGE('',*,*,#8674,.F.);
#8674 = EDGE_CURVE('',#8675,#8667,#8677,.T.);
#8675 = VERTEX_POINT('',#8676);
#8676 = CARTESIAN_POINT('',(0.630001,12.05,0.));
#8677 = CIRCLE('',#8678,0.45);
#8678 = AXIS2_PLACEMENT_3D('',#8679,#8680,#8681);
#8679 = CARTESIAN_POINT('',(0.630001,12.5,0.));
#8680 = DIRECTION('',(-0.,0.,-1.));
#8681 = DIRECTION('',(-0.,-1.,0.));
#8682 = ORIENTED_EDGE('',*,*,#8683,.F.);
#8683 = EDGE_CURVE('',#8684,#8675,#8686,.T.);
#8684 = VERTEX_POINT('',#8685);
#8685 = CARTESIAN_POINT('',(1.080001,12.5,0.));
#8686 = CIRCLE('',#8687,0.45);
#8687 = AXIS2_PLACEMENT_3D('',#8688,#8689,#8690);
#8688 = CARTESIAN_POINT('',(0.630001,12.5,0.));
#8689 = DIRECTION('',(-0.,0.,-1.));
#8690 = DIRECTION('',(-0.,-1.,0.));
#8691 = ORIENTED_EDGE('',*,*,#8692,.T.);
#8692 = EDGE_CURVE('',#8684,#8693,#8695,.T.);
#8693 = VERTEX_POINT('',#8694);
#8694 = CARTESIAN_POINT('',(2.720001,12.5,0.));
#8695 = LINE('',#8696,#8697);
#8696 = CARTESIAN_POINT('',(-20.25,12.5,0.));
#8697 = VECTOR('',#8698,1.);
#8698 = DIRECTION('',(1.,0.,0.));
#8699 = ORIENTED_EDGE('',*,*,#8700,.F.);
#8700 = EDGE_CURVE('',#8701,#8693,#8703,.T.);
#8701 = VERTEX_POINT('',#8702);
#8702 = CARTESIAN_POINT('',(3.170001,12.05,0.));
#8703 = CIRCLE('',#8704,0.45);
#8704 = AXIS2_PLACEMENT_3D('',#8705,#8706,#8707);
#8705 = CARTESIAN_POINT('',(3.170001,12.5,0.));
#8706 = DIRECTION('',(-0.,0.,-1.));
#8707 = DIRECTION('',(-0.,-1.,0.));
#8708 = ORIENTED_EDGE('',*,*,#8709,.F.);
#8709 = EDGE_CURVE('',#8710,#8701,#8712,.T.);
#8710 = VERTEX_POINT('',#8711);
#8711 = CARTESIAN_POINT('',(3.620001,12.5,0.));
#8712 = CIRCLE('',#8713,0.45);
#8713 = AXIS2_PLACEMENT_3D('',#8714,#8715,#8716);
#8714 = CARTESIAN_POINT('',(3.170001,12.5,0.));
#8715 = DIRECTION('',(-0.,0.,-1.));
#8716 = DIRECTION('',(-0.,-1.,0.));
#8717 = ORIENTED_EDGE('',*,*,#8718,.T.);
#8718 = EDGE_CURVE('',#8710,#8719,#8721,.T.);
#8719 = VERTEX_POINT('',#8720);
#8720 = CARTESIAN_POINT('',(5.26,12.5,0.));
#8721 = LINE('',#8722,#8723);
#8722 = CARTESIAN_POINT('',(-20.25,12.5,0.));
#8723 = VECTOR('',#8724,1.);
#8724 = DIRECTION('',(1.,0.,0.));
#8725 = ORIENTED_EDGE('',*,*,#8726,.F.);
#8726 = EDGE_CURVE('',#8727,#8719,#8729,.T.);
#8727 = VERTEX_POINT('',#8728);
#8728 = CARTESIAN_POINT('',(5.71,12.05,0.));
#8729 = CIRCLE('',#8730,0.45);
#8730 = AXIS2_PLACEMENT_3D('',#8731,#8732,#8733);
#8731 = CARTESIAN_POINT('',(5.71,12.5,0.));
#8732 = DIRECTION('',(-0.,0.,-1.));
#8733 = DIRECTION('',(-0.,-1.,0.));
#8734 = ORIENTED_EDGE('',*,*,#8735,.F.);
#8735 = EDGE_CURVE('',#8736,#8727,#8738,.T.);
#8736 = VERTEX_POINT('',#8737);
#8737 = CARTESIAN_POINT('',(6.16,12.5,0.));
#8738 = CIRCLE('',#8739,0.45);
#8739 = AXIS2_PLACEMENT_3D('',#8740,#8741,#8742);
#8740 = CARTESIAN_POINT('',(5.71,12.5,0.));
#8741 = DIRECTION('',(-0.,0.,-1.));
#8742 = DIRECTION('',(-0.,-1.,0.));
#8743 = ORIENTED_EDGE('',*,*,#8744,.T.);
#8744 = EDGE_CURVE('',#8736,#8745,#8747,.T.);
#8745 = VERTEX_POINT('',#8746);
#8746 = CARTESIAN_POINT('',(7.800002,12.5,0.));
#8747 = LINE('',#8748,#8749);
#8748 = CARTESIAN_POINT('',(-20.25,12.5,0.));
#8749 = VECTOR('',#8750,1.);
#8750 = DIRECTION('',(1.,0.,0.));
#8751 = ORIENTED_EDGE('',*,*,#8752,.F.);
#8752 = EDGE_CURVE('',#8753,#8745,#8755,.T.);
#8753 = VERTEX_POINT('',#8754);
#8754 = CARTESIAN_POINT('',(8.250002,12.05,0.));
#8755 = CIRCLE('',#8756,0.45);
#8756 = AXIS2_PLACEMENT_3D('',#8757,#8758,#8759);
#8757 = CARTESIAN_POINT('',(8.250002,12.5,0.));
#8758 = DIRECTION('',(-0.,0.,-1.));
#8759 = DIRECTION('',(-0.,-1.,0.));
#8760 = ORIENTED_EDGE('',*,*,#8761,.F.);
#8761 = EDGE_CURVE('',#8762,#8753,#8764,.T.);
#8762 = VERTEX_POINT('',#8763);
#8763 = CARTESIAN_POINT('',(8.700002,12.5,0.));
#8764 = CIRCLE('',#8765,0.45);
#8765 = AXIS2_PLACEMENT_3D('',#8766,#8767,#8768);
#8766 = CARTESIAN_POINT('',(8.250002,12.5,0.));
#8767 = DIRECTION('',(-0.,0.,-1.));
#8768 = DIRECTION('',(-0.,-1.,0.));
#8769 = ORIENTED_EDGE('',*,*,#8770,.T.);
#8770 = EDGE_CURVE('',#8762,#8771,#8773,.T.);
#8771 = VERTEX_POINT('',#8772);
#8772 = CARTESIAN_POINT('',(10.340001,12.5,0.));
#8773 = LINE('',#8774,#8775);
#8774 = CARTESIAN_POINT('',(-20.25,12.5,0.));
#8775 = VECTOR('',#8776,1.);
#8776 = DIRECTION('',(1.,0.,0.));
#8777 = ORIENTED_EDGE('',*,*,#8778,.F.);
#8778 = EDGE_CURVE('',#8779,#8771,#8781,.T.);
#8779 = VERTEX_POINT('',#8780);
#8780 = CARTESIAN_POINT('',(10.790001,12.05,0.));
#8781 = CIRCLE('',#8782,0.45);
#8782 = AXIS2_PLACEMENT_3D('',#8783,#8784,#8785);
#8783 = CARTESIAN_POINT('',(10.790001,12.5,0.));
#8784 = DIRECTION('',(-0.,0.,-1.));
#8785 = DIRECTION('',(-0.,-1.,0.));
#8786 = ORIENTED_EDGE('',*,*,#8787,.F.);
#8787 = EDGE_CURVE('',#8788,#8779,#8790,.T.);
#8788 = VERTEX_POINT('',#8789);
#8789 = CARTESIAN_POINT('',(11.240001,12.5,0.));
#8790 = CIRCLE('',#8791,0.45);
#8791 = AXIS2_PLACEMENT_3D('',#8792,#8793,#8794);
#8792 = CARTESIAN_POINT('',(10.790001,12.5,0.));
#8793 = DIRECTION('',(-0.,0.,-1.));
#8794 = DIRECTION('',(-0.,-1.,0.));
#8795 = ORIENTED_EDGE('',*,*,#8796,.T.);
#8796 = EDGE_CURVE('',#8788,#8797,#8799,.T.);
#8797 = VERTEX_POINT('',#8798);
#8798 = CARTESIAN_POINT('',(12.880001,12.5,0.));
#8799 = LINE('',#8800,#8801);
#8800 = CARTESIAN_POINT('',(-20.25,12.5,0.));
#8801 = VECTOR('',#8802,1.);
#8802 = DIRECTION('',(1.,0.,0.));
#8803 = ORIENTED_EDGE('',*,*,#8804,.F.);
#8804 = EDGE_CURVE('',#8805,#8797,#8807,.T.);
#8805 = VERTEX_POINT('',#8806);
#8806 = CARTESIAN_POINT('',(13.330001,12.05,0.));
#8807 = CIRCLE('',#8808,0.45);
#8808 = AXIS2_PLACEMENT_3D('',#8809,#8810,#8811);
#8809 = CARTESIAN_POINT('',(13.330001,12.5,0.));
#8810 = DIRECTION('',(-0.,0.,-1.));
#8811 = DIRECTION('',(-0.,-1.,0.));
#8812 = ORIENTED_EDGE('',*,*,#8813,.F.);
#8813 = EDGE_CURVE('',#8814,#8805,#8816,.T.);
#8814 = VERTEX_POINT('',#8815);
#8815 = CARTESIAN_POINT('',(13.780001,12.5,0.));
#8816 = CIRCLE('',#8817,0.45);
#8817 = AXIS2_PLACEMENT_3D('',#8818,#8819,#8820);
#8818 = CARTESIAN_POINT('',(13.330001,12.5,0.));
#8819 = DIRECTION('',(-0.,0.,-1.));
#8820 = DIRECTION('',(-0.,-1.,0.));
#8821 = ORIENTED_EDGE('',*,*,#8822,.T.);
#8822 = EDGE_CURVE('',#8814,#8823,#8825,.T.);
#8823 = VERTEX_POINT('',#8824);
#8824 = CARTESIAN_POINT('',(15.420001,12.5,0.));
#8825 = LINE('',#8826,#8827);
#8826 = CARTESIAN_POINT('',(-20.25,12.5,0.));
#8827 = VECTOR('',#8828,1.);
#8828 = DIRECTION('',(1.,0.,0.));
#8829 = ORIENTED_EDGE('',*,*,#8830,.F.);
#8830 = EDGE_CURVE('',#8831,#8823,#8833,.T.);
#8831 = VERTEX_POINT('',#8832);
#8832 = CARTESIAN_POINT('',(15.870001,12.05,0.));
#8833 = CIRCLE('',#8834,0.45);
#8834 = AXIS2_PLACEMENT_3D('',#8835,#8836,#8837);
#8835 = CARTESIAN_POINT('',(15.870001,12.5,0.));
#8836 = DIRECTION('',(-0.,0.,-1.));
#8837 = DIRECTION('',(-0.,-1.,0.));
#8838 = ORIENTED_EDGE('',*,*,#8839,.F.);
#8839 = EDGE_CURVE('',#8840,#8831,#8842,.T.);
#8840 = VERTEX_POINT('',#8841);
#8841 = CARTESIAN_POINT('',(16.320001,12.5,0.));
#8842 = CIRCLE('',#8843,0.45);
#8843 = AXIS2_PLACEMENT_3D('',#8844,#8845,#8846);
#8844 = CARTESIAN_POINT('',(15.870001,12.5,0.));
#8845 = DIRECTION('',(-0.,0.,-1.));
#8846 = DIRECTION('',(-0.,-1.,0.));
#8847 = ORIENTED_EDGE('',*,*,#8848,.T.);
#8848 = EDGE_CURVE('',#8840,#8463,#8849,.T.);
#8849 = LINE('',#8850,#8851);
#8850 = CARTESIAN_POINT('',(-20.25,12.5,0.));
#8851 = VECTOR('',#8852,1.);
#8852 = DIRECTION('',(1.,0.,0.));
#8853 = FACE_BOUND('',#8854,.T.);
#8854 = EDGE_LOOP('',(#8855,#8866,#8874,#8883));
#8855 = ORIENTED_EDGE('',*,*,#8856,.F.);
#8856 = EDGE_CURVE('',#8857,#8859,#8861,.T.);
#8857 = VERTEX_POINT('',#8858);
#8858 = CARTESIAN_POINT('',(-17.986,-9.923,0.));
#8859 = VERTEX_POINT('',#8860);
#8860 = CARTESIAN_POINT('',(-18.486,-9.923,0.));
#8861 = CIRCLE('',#8862,0.25);
#8862 = AXIS2_PLACEMENT_3D('',#8863,#8864,#8865);
#8863 = CARTESIAN_POINT('',(-18.236,-9.923,0.));
#8864 = DIRECTION('',(-0.,0.,-1.));
#8865 = DIRECTION('',(-1.,0.,0.));
#8866 = ORIENTED_EDGE('',*,*,#8867,.T.);
#8867 = EDGE_CURVE('',#8857,#8868,#8870,.T.);
#8868 = VERTEX_POINT('',#8869);
#8869 = CARTESIAN_POINT('',(-17.986,-8.923,0.));
#8870 = LINE('',#8871,#8872);
#8871 = CARTESIAN_POINT('',(-17.986,-4.96150007729,0.));
#8872 = VECTOR('',#8873,1.);
#8873 = DIRECTION('',(0.,1.,-0.));
#8874 = ORIENTED_EDGE('',*,*,#8875,.F.);
#8875 = EDGE_CURVE('',#8876,#8868,#8878,.T.);
#8876 = VERTEX_POINT('',#8877);
#8877 = CARTESIAN_POINT('',(-18.486,-8.923,0.));
#8878 = CIRCLE('',#8879,0.25);
#8879 = AXIS2_PLACEMENT_3D('',#8880,#8881,#8882);
#8880 = CARTESIAN_POINT('',(-18.236,-8.923,0.));
#8881 = DIRECTION('',(0.,-0.,-1.));
#8882 = DIRECTION('',(1.,0.,-0.));
#8883 = ORIENTED_EDGE('',*,*,#8884,.T.);
#8884 = EDGE_CURVE('',#8876,#8859,#8885,.T.);
#8885 = LINE('',#8886,#8887);
#8886 = CARTESIAN_POINT('',(-18.486,-4.46150007729,0.));
#8887 = VECTOR('',#8888,1.);
#8888 = DIRECTION('',(0.,-1.,0.));
#8889 = FACE_BOUND('',#8890,.T.);
#8890 = EDGE_LOOP('',(#8891,#8902,#8910,#8919));
#8891 = ORIENTED_EDGE('',*,*,#8892,.F.);
#8892 = EDGE_CURVE('',#8893,#8895,#8897,.T.);
#8893 = VERTEX_POINT('',#8894);
#8894 = CARTESIAN_POINT('',(19.500001,9.,0.));
#8895 = VERTEX_POINT('',#8896);
#8896 = CARTESIAN_POINT('',(19.000001,9.,0.));
#8897 = CIRCLE('',#8898,0.25);
#8898 = AXIS2_PLACEMENT_3D('',#8899,#8900,#8901);
#8899 = CARTESIAN_POINT('',(19.250001,9.,0.));
#8900 = DIRECTION('',(-0.,0.,-1.));
#8901 = DIRECTION('',(-1.,0.,0.));
#8902 = ORIENTED_EDGE('',*,*,#8903,.T.);
#8903 = EDGE_CURVE('',#8893,#8904,#8906,.T.);
#8904 = VERTEX_POINT('',#8905);
#8905 = CARTESIAN_POINT('',(19.500001,10.,0.));
#8906 = LINE('',#8907,#8908);
#8907 = CARTESIAN_POINT('',(19.500001,4.49999992271,0.));
#8908 = VECTOR('',#8909,1.);
#8909 = DIRECTION('',(0.,1.,-0.));
#8910 = ORIENTED_EDGE('',*,*,#8911,.F.);
#8911 = EDGE_CURVE('',#8912,#8904,#8914,.T.);
#8912 = VERTEX_POINT('',#8913);
#8913 = CARTESIAN_POINT('',(19.000001,10.,0.));
#8914 = CIRCLE('',#8915,0.25);
#8915 = AXIS2_PLACEMENT_3D('',#8916,#8917,#8918);
#8916 = CARTESIAN_POINT('',(19.250001,10.,0.));
#8917 = DIRECTION('',(0.,-0.,-1.));
#8918 = DIRECTION('',(1.,0.,-0.));
#8919 = ORIENTED_EDGE('',*,*,#8920,.T.);
#8920 = EDGE_CURVE('',#8912,#8895,#8921,.T.);
#8921 = LINE('',#8922,#8923);
#8922 = CARTESIAN_POINT('',(19.000001,4.99999992271,0.));
#8923 = VECTOR('',#8924,1.);
#8924 = DIRECTION('',(0.,-1.,0.));
#8925 = PLANE('',#8926);
#8926 = AXIS2_PLACEMENT_3D('',#8927,#8928,#8929);
#8927 = CARTESIAN_POINT('',(9.045801469916E-07,-1.545801553455E-07,0.));
#8928 = DIRECTION('',(-0.,-0.,-1.));
#8929 = DIRECTION('',(-1.,0.,0.));
#8930 = ADVANCED_FACE('',(#8931),#8950,.F.);
#8931 = FACE_BOUND('',#8932,.T.);
#8932 = EDGE_LOOP('',(#8933,#8934,#8943,#8949));
#8933 = ORIENTED_EDGE('',*,*,#8448,.F.);
#8934 = ORIENTED_EDGE('',*,*,#8935,.F.);
#8935 = EDGE_CURVE('',#8936,#8441,#8938,.T.);
#8936 = VERTEX_POINT('',#8937);
#8937 = CARTESIAN_POINT('',(15.420001000001,-12.50000088074,1.6));
#8938 = CIRCLE('',#8939,0.45);
#8939 = AXIS2_PLACEMENT_3D('',#8940,#8941,#8942);
#8940 = CARTESIAN_POINT('',(15.870001,-12.5,1.6));
#8941 = DIRECTION('',(-0.,0.,-1.));
#8942 = DIRECTION('',(-0.,-1.,0.));
#8943 = ORIENTED_EDGE('',*,*,#8944,.T.);
#8944 = EDGE_CURVE('',#8936,#8472,#8945,.T.);
#8945 = LINE('',#8946,#8947);
#8946 = CARTESIAN_POINT('',(15.420001000001,-12.50000088074,-4.5E-02));
#8947 = VECTOR('',#8948,1.);
#8948 = DIRECTION('',(-0.,-0.,-1.));
#8949 = ORIENTED_EDGE('',*,*,#8471,.T.);
#8950 = CYLINDRICAL_SURFACE('',#8951,0.45);
#8951 = AXIS2_PLACEMENT_3D('',#8952,#8953,#8954);
#8952 = CARTESIAN_POINT('',(15.870001,-12.5,-4.5E-02));
#8953 = DIRECTION('',(-0.,-0.,-1.));
#8954 = DIRECTION('',(-0.,-1.,0.));
#8955 = ADVANCED_FACE('',(#8956,#9342,#9378),#9414,.F.);
#8956 = FACE_BOUND('',#8957,.F.);
#8957 = EDGE_LOOP('',(#8958,#8966,#8967,#8968,#8976,#8985,#8993,#9002,
    #9010,#9019,#9027,#9036,#9044,#9053,#9061,#9070,#9078,#9086,#9095,
    #9103,#9112,#9120,#9129,#9137,#9146,#9154,#9162,#9171,#9180,#9188,
    #9197,#9206,#9214,#9223,#9232,#9240,#9249,#9258,#9266,#9275,#9284,
    #9292,#9301,#9310,#9318,#9327,#9336));
#8958 = ORIENTED_EDGE('',*,*,#8959,.T.);
#8959 = EDGE_CURVE('',#8960,#8433,#8962,.T.);
#8960 = VERTEX_POINT('',#8961);
#8961 = CARTESIAN_POINT('',(20.250001,12.5,1.6));
#8962 = LINE('',#8963,#8964);
#8963 = CARTESIAN_POINT('',(20.250001,12.5,1.6));
#8964 = VECTOR('',#8965,1.);
#8965 = DIRECTION('',(0.,-1.,0.));
#8966 = ORIENTED_EDGE('',*,*,#8440,.T.);
#8967 = ORIENTED_EDGE('',*,*,#8935,.F.);
#8968 = ORIENTED_EDGE('',*,*,#8969,.T.);
#8969 = EDGE_CURVE('',#8936,#8970,#8972,.T.);
#8970 = VERTEX_POINT('',#8971);
#8971 = CARTESIAN_POINT('',(13.780001999999,-12.50000084024,1.6));
#8972 = LINE('',#8973,#8974);
#8973 = CARTESIAN_POINT('',(20.250001,-12.500001,1.6));
#8974 = VECTOR('',#8975,1.);
#8975 = DIRECTION('',(-1.,2.469135800621E-08,0.));
#8976 = ORIENTED_EDGE('',*,*,#8977,.F.);
#8977 = EDGE_CURVE('',#8978,#8970,#8980,.T.);
#8978 = VERTEX_POINT('',#8979);
#8979 = CARTESIAN_POINT('',(12.880002000001,-12.50000081802,1.6));
#8980 = CIRCLE('',#8981,0.45);
#8981 = AXIS2_PLACEMENT_3D('',#8982,#8983,#8984);
#8982 = CARTESIAN_POINT('',(13.330002,-12.5,1.6));
#8983 = DIRECTION('',(-0.,0.,-1.));
#8984 = DIRECTION('',(-0.,-1.,0.));
#8985 = ORIENTED_EDGE('',*,*,#8986,.T.);
#8986 = EDGE_CURVE('',#8978,#8987,#8989,.T.);
#8987 = VERTEX_POINT('',#8988);
#8988 = CARTESIAN_POINT('',(11.240000999999,-12.50000077753,1.6));
#8989 = LINE('',#8990,#8991);
#8990 = CARTESIAN_POINT('',(20.250001,-12.500001,1.6));
#8991 = VECTOR('',#8992,1.);
#8992 = DIRECTION('',(-1.,2.469135800621E-08,0.));
#8993 = ORIENTED_EDGE('',*,*,#8994,.F.);
#8994 = EDGE_CURVE('',#8995,#8987,#8997,.T.);
#8995 = VERTEX_POINT('',#8996);
#8996 = CARTESIAN_POINT('',(10.340001000001,-12.5000007553,1.6));
#8997 = CIRCLE('',#8998,0.45);
#8998 = AXIS2_PLACEMENT_3D('',#8999,#9000,#9001);
#8999 = CARTESIAN_POINT('',(10.790001,-12.5,1.6));
#9000 = DIRECTION('',(-0.,0.,-1.));
#9001 = DIRECTION('',(-0.,-1.,0.));
#9002 = ORIENTED_EDGE('',*,*,#9003,.T.);
#9003 = EDGE_CURVE('',#8995,#9004,#9006,.T.);
#9004 = VERTEX_POINT('',#9005);
#9005 = CARTESIAN_POINT('',(8.700000999999,-12.50000071481,1.6));
#9006 = LINE('',#9007,#9008);
#9007 = CARTESIAN_POINT('',(20.250001,-12.500001,1.6));
#9008 = VECTOR('',#9009,1.);
#9009 = DIRECTION('',(-1.,2.469135800621E-08,0.));
#9010 = ORIENTED_EDGE('',*,*,#9011,.F.);
#9011 = EDGE_CURVE('',#9012,#9004,#9014,.T.);
#9012 = VERTEX_POINT('',#9013);
#9013 = CARTESIAN_POINT('',(7.800001000001,-12.50000069259,1.6));
#9014 = CIRCLE('',#9015,0.45);
#9015 = AXIS2_PLACEMENT_3D('',#9016,#9017,#9018);
#9016 = CARTESIAN_POINT('',(8.250001,-12.5,1.6));
#9017 = DIRECTION('',(-0.,0.,-1.));
#9018 = DIRECTION('',(-3.947459643112E-15,-1.,0.));
#9019 = ORIENTED_EDGE('',*,*,#9020,.T.);
#9020 = EDGE_CURVE('',#9012,#9021,#9023,.T.);
#9021 = VERTEX_POINT('',#9022);
#9022 = CARTESIAN_POINT('',(6.160001,-12.50000065209,1.6));
#9023 = LINE('',#9024,#9025);
#9024 = CARTESIAN_POINT('',(20.250001,-12.500001,1.6));
#9025 = VECTOR('',#9026,1.);
#9026 = DIRECTION('',(-1.,2.469135800621E-08,0.));
#9027 = ORIENTED_EDGE('',*,*,#9028,.F.);
#9028 = EDGE_CURVE('',#9029,#9021,#9031,.T.);
#9029 = VERTEX_POINT('',#9030);
#9030 = CARTESIAN_POINT('',(5.260001,-12.50000062987,1.6));
#9031 = CIRCLE('',#9032,0.45);
#9032 = AXIS2_PLACEMENT_3D('',#9033,#9034,#9035);
#9033 = CARTESIAN_POINT('',(5.710001,-12.5,1.6));
#9034 = DIRECTION('',(-0.,0.,-1.));
#9035 = DIRECTION('',(-0.,-1.,0.));
#9036 = ORIENTED_EDGE('',*,*,#9037,.T.);
#9037 = EDGE_CURVE('',#9029,#9038,#9040,.T.);
#9038 = VERTEX_POINT('',#9039);
#9039 = CARTESIAN_POINT('',(3.620001,-12.50000058938,1.6));
#9040 = LINE('',#9041,#9042);
#9041 = CARTESIAN_POINT('',(20.250001,-12.500001,1.6));
#9042 = VECTOR('',#9043,1.);
#9043 = DIRECTION('',(-1.,2.469135800621E-08,0.));
#9044 = ORIENTED_EDGE('',*,*,#9045,.F.);
#9045 = EDGE_CURVE('',#9046,#9038,#9048,.T.);
#9046 = VERTEX_POINT('',#9047);
#9047 = CARTESIAN_POINT('',(2.720001,-12.50000056716,1.6));
#9048 = CIRCLE('',#9049,0.45);
#9049 = AXIS2_PLACEMENT_3D('',#9050,#9051,#9052);
#9050 = CARTESIAN_POINT('',(3.170001,-12.5,1.6));
#9051 = DIRECTION('',(-0.,0.,-1.));
#9052 = DIRECTION('',(-0.,-1.,0.));
#9053 = ORIENTED_EDGE('',*,*,#9054,.T.);
#9054 = EDGE_CURVE('',#9046,#9055,#9057,.T.);
#9055 = VERTEX_POINT('',#9056);
#9056 = CARTESIAN_POINT('',(1.08,-12.50000052666,1.6));
#9057 = LINE('',#9058,#9059);
#9058 = CARTESIAN_POINT('',(20.250001,-12.500001,1.6));
#9059 = VECTOR('',#9060,1.);
#9060 = DIRECTION('',(-1.,2.469135800621E-08,0.));
#9061 = ORIENTED_EDGE('',*,*,#9062,.F.);
#9062 = EDGE_CURVE('',#9063,#9055,#9065,.T.);
#9063 = VERTEX_POINT('',#9064);
#9064 = CARTESIAN_POINT('',(0.18,-12.50000050444,1.6));
#9065 = CIRCLE('',#9066,0.45);
#9066 = AXIS2_PLACEMENT_3D('',#9067,#9068,#9069);
#9067 = CARTESIAN_POINT('',(0.63,-12.5,1.6));
#9068 = DIRECTION('',(-0.,0.,-1.));
#9069 = DIRECTION('',(-0.,-1.,0.));
#9070 = ORIENTED_EDGE('',*,*,#9071,.T.);
#9071 = EDGE_CURVE('',#9063,#9072,#9074,.T.);
#9072 = VERTEX_POINT('',#9073);
#9073 = CARTESIAN_POINT('',(-20.249999,-12.5,1.6));
#9074 = LINE('',#9075,#9076);
#9075 = CARTESIAN_POINT('',(20.250001,-12.500001,1.6));
#9076 = VECTOR('',#9077,1.);
#9077 = DIRECTION('',(-1.,2.469135800621E-08,0.));
#9078 = ORIENTED_EDGE('',*,*,#9079,.T.);
#9079 = EDGE_CURVE('',#9072,#9080,#9082,.T.);
#9080 = VERTEX_POINT('',#9081);
#9081 = CARTESIAN_POINT('',(-20.2499991056,-7.22,1.6));
#9082 = LINE('',#9083,#9084);
#9083 = CARTESIAN_POINT('',(-20.249999,-12.5,1.6));
#9084 = VECTOR('',#9085,1.);
#9085 = DIRECTION('',(-4.000000004112E-08,1.,0.));
#9086 = ORIENTED_EDGE('',*,*,#9087,.F.);
#9087 = EDGE_CURVE('',#9088,#9080,#9090,.T.);
#9088 = VERTEX_POINT('',#9089);
#9089 = CARTESIAN_POINT('',(-20.2499992472,-6.32,1.6));
#9090 = CIRCLE('',#9091,0.45);
#9091 = AXIS2_PLACEMENT_3D('',#9092,#9093,#9094);
#9092 = CARTESIAN_POINT('',(-20.249999,-6.77,1.6));
#9093 = DIRECTION('',(-0.,0.,-1.));
#9094 = DIRECTION('',(-0.,-1.,0.));
#9095 = ORIENTED_EDGE('',*,*,#9096,.T.);
#9096 = EDGE_CURVE('',#9088,#9097,#9099,.T.);
#9097 = VERTEX_POINT('',#9098);
#9098 = CARTESIAN_POINT('',(-20.2499991564,-4.68,1.6));
#9099 = LINE('',#9100,#9101);
#9100 = CARTESIAN_POINT('',(-20.249999,-12.5,1.6));
#9101 = VECTOR('',#9102,1.);
#9102 = DIRECTION('',(-4.000000004112E-08,1.,0.));
#9103 = ORIENTED_EDGE('',*,*,#9104,.F.);
#9104 = EDGE_CURVE('',#9105,#9097,#9107,.T.);
#9105 = VERTEX_POINT('',#9106);
#9106 = CARTESIAN_POINT('',(-20.2499993488,-3.78,1.6));
#9107 = CIRCLE('',#9108,0.45);
#9108 = AXIS2_PLACEMENT_3D('',#9109,#9110,#9111);
#9109 = CARTESIAN_POINT('',(-20.249999,-4.23,1.6));
#9110 = DIRECTION('',(-0.,0.,-1.));
#9111 = DIRECTION('',(-0.,-1.,0.));
#9112 = ORIENTED_EDGE('',*,*,#9113,.T.);
#9113 = EDGE_CURVE('',#9105,#9114,#9116,.T.);
#9114 = VERTEX_POINT('',#9115);
#9115 = CARTESIAN_POINT('',(-20.2499998256,3.78,1.6));
#9116 = LINE('',#9117,#9118);
#9117 = CARTESIAN_POINT('',(-20.249999,-12.5,1.6));
#9118 = VECTOR('',#9119,1.);
#9119 = DIRECTION('',(-4.000000004112E-08,1.,0.));
#9120 = ORIENTED_EDGE('',*,*,#9121,.F.);
#9121 = EDGE_CURVE('',#9122,#9114,#9124,.T.);
#9122 = VERTEX_POINT('',#9123);
#9123 = CARTESIAN_POINT('',(-20.2499996872,4.68,1.6));
#9124 = CIRCLE('',#9125,0.45);
#9125 = AXIS2_PLACEMENT_3D('',#9126,#9127,#9128);
#9126 = CARTESIAN_POINT('',(-20.25,4.23,1.6));
#9127 = DIRECTION('',(-0.,0.,-1.));
#9128 = DIRECTION('',(-0.,-1.,0.));
#9129 = ORIENTED_EDGE('',*,*,#9130,.T.);
#9130 = EDGE_CURVE('',#9122,#9131,#9133,.T.);
#9131 = VERTEX_POINT('',#9132);
#9132 = CARTESIAN_POINT('',(-20.2499993764,6.320001,1.6));
#9133 = LINE('',#9134,#9135);
#9134 = CARTESIAN_POINT('',(-20.249999,-12.5,1.6));
#9135 = VECTOR('',#9136,1.);
#9136 = DIRECTION('',(-4.000000004112E-08,1.,0.));
#9137 = ORIENTED_EDGE('',*,*,#9138,.F.);
#9138 = EDGE_CURVE('',#9139,#9131,#9141,.T.);
#9139 = VERTEX_POINT('',#9140);
#9140 = CARTESIAN_POINT('',(-20.2499997888,7.220000999999,1.6));
#9141 = CIRCLE('',#9142,0.45);
#9142 = AXIS2_PLACEMENT_3D('',#9143,#9144,#9145);
#9143 = CARTESIAN_POINT('',(-20.249999,6.770001,1.6));
#9144 = DIRECTION('',(-0.,0.,-1.));
#9145 = DIRECTION('',(-0.,-1.,0.));
#9146 = ORIENTED_EDGE('',*,*,#9147,.T.);
#9147 = EDGE_CURVE('',#9139,#9148,#9150,.T.);
#9148 = VERTEX_POINT('',#9149);
#9149 = CARTESIAN_POINT('',(-20.25,12.5,1.6));
#9150 = LINE('',#9151,#9152);
#9151 = CARTESIAN_POINT('',(-20.249999,-12.5,1.6));
#9152 = VECTOR('',#9153,1.);
#9153 = DIRECTION('',(-4.000000004112E-08,1.,0.));
#9154 = ORIENTED_EDGE('',*,*,#9155,.T.);
#9155 = EDGE_CURVE('',#9148,#9156,#9158,.T.);
#9156 = VERTEX_POINT('',#9157);
#9157 = CARTESIAN_POINT('',(0.180001,12.5,1.6));
#9158 = LINE('',#9159,#9160);
#9159 = CARTESIAN_POINT('',(-20.25,12.5,1.6));
#9160 = VECTOR('',#9161,1.);
#9161 = DIRECTION('',(1.,0.,0.));
#9162 = ORIENTED_EDGE('',*,*,#9163,.F.);
#9163 = EDGE_CURVE('',#9164,#9156,#9166,.T.);
#9164 = VERTEX_POINT('',#9165);
#9165 = CARTESIAN_POINT('',(0.630001,12.05,1.6));
#9166 = CIRCLE('',#9167,0.45);
#9167 = AXIS2_PLACEMENT_3D('',#9168,#9169,#9170);
#9168 = CARTESIAN_POINT('',(0.630001,12.5,1.6));
#9169 = DIRECTION('',(-0.,0.,-1.));
#9170 = DIRECTION('',(-0.,-1.,0.));
#9171 = ORIENTED_EDGE('',*,*,#9172,.F.);
#9172 = EDGE_CURVE('',#9173,#9164,#9175,.T.);
#9173 = VERTEX_POINT('',#9174);
#9174 = CARTESIAN_POINT('',(1.080001,12.5,1.6));
#9175 = CIRCLE('',#9176,0.45);
#9176 = AXIS2_PLACEMENT_3D('',#9177,#9178,#9179);
#9177 = CARTESIAN_POINT('',(0.630001,12.5,1.6));
#9178 = DIRECTION('',(-0.,0.,-1.));
#9179 = DIRECTION('',(-0.,-1.,0.));
#9180 = ORIENTED_EDGE('',*,*,#9181,.T.);
#9181 = EDGE_CURVE('',#9173,#9182,#9184,.T.);
#9182 = VERTEX_POINT('',#9183);
#9183 = CARTESIAN_POINT('',(2.720001,12.5,1.6));
#9184 = LINE('',#9185,#9186);
#9185 = CARTESIAN_POINT('',(-20.25,12.5,1.6));
#9186 = VECTOR('',#9187,1.);
#9187 = DIRECTION('',(1.,0.,0.));
#9188 = ORIENTED_EDGE('',*,*,#9189,.F.);
#9189 = EDGE_CURVE('',#9190,#9182,#9192,.T.);
#9190 = VERTEX_POINT('',#9191);
#9191 = CARTESIAN_POINT('',(3.170001,12.05,1.6));
#9192 = CIRCLE('',#9193,0.45);
#9193 = AXIS2_PLACEMENT_3D('',#9194,#9195,#9196);
#9194 = CARTESIAN_POINT('',(3.170001,12.5,1.6));
#9195 = DIRECTION('',(-0.,0.,-1.));
#9196 = DIRECTION('',(-0.,-1.,0.));
#9197 = ORIENTED_EDGE('',*,*,#9198,.F.);
#9198 = EDGE_CURVE('',#9199,#9190,#9201,.T.);
#9199 = VERTEX_POINT('',#9200);
#9200 = CARTESIAN_POINT('',(3.620001,12.5,1.6));
#9201 = CIRCLE('',#9202,0.45);
#9202 = AXIS2_PLACEMENT_3D('',#9203,#9204,#9205);
#9203 = CARTESIAN_POINT('',(3.170001,12.5,1.6));
#9204 = DIRECTION('',(-0.,0.,-1.));
#9205 = DIRECTION('',(-0.,-1.,0.));
#9206 = ORIENTED_EDGE('',*,*,#9207,.T.);
#9207 = EDGE_CURVE('',#9199,#9208,#9210,.T.);
#9208 = VERTEX_POINT('',#9209);
#9209 = CARTESIAN_POINT('',(5.26,12.5,1.6));
#9210 = LINE('',#9211,#9212);
#9211 = CARTESIAN_POINT('',(-20.25,12.5,1.6));
#9212 = VECTOR('',#9213,1.);
#9213 = DIRECTION('',(1.,0.,0.));
#9214 = ORIENTED_EDGE('',*,*,#9215,.F.);
#9215 = EDGE_CURVE('',#9216,#9208,#9218,.T.);
#9216 = VERTEX_POINT('',#9217);
#9217 = CARTESIAN_POINT('',(5.71,12.05,1.6));
#9218 = CIRCLE('',#9219,0.45);
#9219 = AXIS2_PLACEMENT_3D('',#9220,#9221,#9222);
#9220 = CARTESIAN_POINT('',(5.71,12.5,1.6));
#9221 = DIRECTION('',(-0.,0.,-1.));
#9222 = DIRECTION('',(-0.,-1.,0.));
#9223 = ORIENTED_EDGE('',*,*,#9224,.F.);
#9224 = EDGE_CURVE('',#9225,#9216,#9227,.T.);
#9225 = VERTEX_POINT('',#9226);
#9226 = CARTESIAN_POINT('',(6.16,12.5,1.6));
#9227 = CIRCLE('',#9228,0.45);
#9228 = AXIS2_PLACEMENT_3D('',#9229,#9230,#9231);
#9229 = CARTESIAN_POINT('',(5.71,12.5,1.6));
#9230 = DIRECTION('',(-0.,0.,-1.));
#9231 = DIRECTION('',(-0.,-1.,0.));
#9232 = ORIENTED_EDGE('',*,*,#9233,.T.);
#9233 = EDGE_CURVE('',#9225,#9234,#9236,.T.);
#9234 = VERTEX_POINT('',#9235);
#9235 = CARTESIAN_POINT('',(7.800002,12.5,1.6));
#9236 = LINE('',#9237,#9238);
#9237 = CARTESIAN_POINT('',(-20.25,12.5,1.6));
#9238 = VECTOR('',#9239,1.);
#9239 = DIRECTION('',(1.,0.,0.));
#9240 = ORIENTED_EDGE('',*,*,#9241,.F.);
#9241 = EDGE_CURVE('',#9242,#9234,#9244,.T.);
#9242 = VERTEX_POINT('',#9243);
#9243 = CARTESIAN_POINT('',(8.250002,12.05,1.6));
#9244 = CIRCLE('',#9245,0.45);
#9245 = AXIS2_PLACEMENT_3D('',#9246,#9247,#9248);
#9246 = CARTESIAN_POINT('',(8.250002,12.5,1.6));
#9247 = DIRECTION('',(-0.,0.,-1.));
#9248 = DIRECTION('',(-0.,-1.,0.));
#9249 = ORIENTED_EDGE('',*,*,#9250,.F.);
#9250 = EDGE_CURVE('',#9251,#9242,#9253,.T.);
#9251 = VERTEX_POINT('',#9252);
#9252 = CARTESIAN_POINT('',(8.700002,12.5,1.6));
#9253 = CIRCLE('',#9254,0.45);
#9254 = AXIS2_PLACEMENT_3D('',#9255,#9256,#9257);
#9255 = CARTESIAN_POINT('',(8.250002,12.5,1.6));
#9256 = DIRECTION('',(-0.,0.,-1.));
#9257 = DIRECTION('',(-0.,-1.,0.));
#9258 = ORIENTED_EDGE('',*,*,#9259,.T.);
#9259 = EDGE_CURVE('',#9251,#9260,#9262,.T.);
#9260 = VERTEX_POINT('',#9261);
#9261 = CARTESIAN_POINT('',(10.340001,12.5,1.6));
#9262 = LINE('',#9263,#9264);
#9263 = CARTESIAN_POINT('',(-20.25,12.5,1.6));
#9264 = VECTOR('',#9265,1.);
#9265 = DIRECTION('',(1.,0.,0.));
#9266 = ORIENTED_EDGE('',*,*,#9267,.F.);
#9267 = EDGE_CURVE('',#9268,#9260,#9270,.T.);
#9268 = VERTEX_POINT('',#9269);
#9269 = CARTESIAN_POINT('',(10.790001,12.05,1.6));
#9270 = CIRCLE('',#9271,0.45);
#9271 = AXIS2_PLACEMENT_3D('',#9272,#9273,#9274);
#9272 = CARTESIAN_POINT('',(10.790001,12.5,1.6));
#9273 = DIRECTION('',(-0.,0.,-1.));
#9274 = DIRECTION('',(-0.,-1.,0.));
#9275 = ORIENTED_EDGE('',*,*,#9276,.F.);
#9276 = EDGE_CURVE('',#9277,#9268,#9279,.T.);
#9277 = VERTEX_POINT('',#9278);
#9278 = CARTESIAN_POINT('',(11.240001,12.5,1.6));
#9279 = CIRCLE('',#9280,0.45);
#9280 = AXIS2_PLACEMENT_3D('',#9281,#9282,#9283);
#9281 = CARTESIAN_POINT('',(10.790001,12.5,1.6));
#9282 = DIRECTION('',(-0.,0.,-1.));
#9283 = DIRECTION('',(-0.,-1.,0.));
#9284 = ORIENTED_EDGE('',*,*,#9285,.T.);
#9285 = EDGE_CURVE('',#9277,#9286,#9288,.T.);
#9286 = VERTEX_POINT('',#9287);
#9287 = CARTESIAN_POINT('',(12.880001,12.5,1.6));
#9288 = LINE('',#9289,#9290);
#9289 = CARTESIAN_POINT('',(-20.25,12.5,1.6));
#9290 = VECTOR('',#9291,1.);
#9291 = DIRECTION('',(1.,0.,0.));
#9292 = ORIENTED_EDGE('',*,*,#9293,.F.);
#9293 = EDGE_CURVE('',#9294,#9286,#9296,.T.);
#9294 = VERTEX_POINT('',#9295);
#9295 = CARTESIAN_POINT('',(13.330001,12.05,1.6));
#9296 = CIRCLE('',#9297,0.45);
#9297 = AXIS2_PLACEMENT_3D('',#9298,#9299,#9300);
#9298 = CARTESIAN_POINT('',(13.330001,12.5,1.6));
#9299 = DIRECTION('',(-0.,0.,-1.));
#9300 = DIRECTION('',(-0.,-1.,0.));
#9301 = ORIENTED_EDGE('',*,*,#9302,.F.);
#9302 = EDGE_CURVE('',#9303,#9294,#9305,.T.);
#9303 = VERTEX_POINT('',#9304);
#9304 = CARTESIAN_POINT('',(13.780001,12.5,1.6));
#9305 = CIRCLE('',#9306,0.45);
#9306 = AXIS2_PLACEMENT_3D('',#9307,#9308,#9309);
#9307 = CARTESIAN_POINT('',(13.330001,12.5,1.6));
#9308 = DIRECTION('',(-0.,0.,-1.));
#9309 = DIRECTION('',(-0.,-1.,0.));
#9310 = ORIENTED_EDGE('',*,*,#9311,.T.);
#9311 = EDGE_CURVE('',#9303,#9312,#9314,.T.);
#9312 = VERTEX_POINT('',#9313);
#9313 = CARTESIAN_POINT('',(15.420001,12.5,1.6));
#9314 = LINE('',#9315,#9316);
#9315 = CARTESIAN_POINT('',(-20.25,12.5,1.6));
#9316 = VECTOR('',#9317,1.);
#9317 = DIRECTION('',(1.,0.,0.));
#9318 = ORIENTED_EDGE('',*,*,#9319,.F.);
#9319 = EDGE_CURVE('',#9320,#9312,#9322,.T.);
#9320 = VERTEX_POINT('',#9321);
#9321 = CARTESIAN_POINT('',(15.870001,12.05,1.6));
#9322 = CIRCLE('',#9323,0.45);
#9323 = AXIS2_PLACEMENT_3D('',#9324,#9325,#9326);
#9324 = CARTESIAN_POINT('',(15.870001,12.5,1.6));
#9325 = DIRECTION('',(-0.,0.,-1.));
#9326 = DIRECTION('',(-0.,-1.,0.));
#9327 = ORIENTED_EDGE('',*,*,#9328,.F.);
#9328 = EDGE_CURVE('',#9329,#9320,#9331,.T.);
#9329 = VERTEX_POINT('',#9330);
#9330 = CARTESIAN_POINT('',(16.320001,12.5,1.6));
#9331 = CIRCLE('',#9332,0.45);
#9332 = AXIS2_PLACEMENT_3D('',#9333,#9334,#9335);
#9333 = CARTESIAN_POINT('',(15.870001,12.5,1.6));
#9334 = DIRECTION('',(-0.,0.,-1.));
#9335 = DIRECTION('',(-0.,-1.,0.));
#9336 = ORIENTED_EDGE('',*,*,#9337,.T.);
#9337 = EDGE_CURVE('',#9329,#8960,#9338,.T.);
#9338 = LINE('',#9339,#9340);
#9339 = CARTESIAN_POINT('',(-20.25,12.5,1.6));
#9340 = VECTOR('',#9341,1.);
#9341 = DIRECTION('',(1.,0.,0.));
#9342 = FACE_BOUND('',#9343,.F.);
#9343 = EDGE_LOOP('',(#9344,#9355,#9363,#9372));
#9344 = ORIENTED_EDGE('',*,*,#9345,.F.);
#9345 = EDGE_CURVE('',#9346,#9348,#9350,.T.);
#9346 = VERTEX_POINT('',#9347);
#9347 = CARTESIAN_POINT('',(-17.986,-9.923,1.6));
#9348 = VERTEX_POINT('',#9349);
#9349 = CARTESIAN_POINT('',(-18.486,-9.923,1.6));
#9350 = CIRCLE('',#9351,0.25);
#9351 = AXIS2_PLACEMENT_3D('',#9352,#9353,#9354);
#9352 = CARTESIAN_POINT('',(-18.236,-9.923,1.6));
#9353 = DIRECTION('',(-0.,0.,-1.));
#9354 = DIRECTION('',(-1.,0.,0.));
#9355 = ORIENTED_EDGE('',*,*,#9356,.T.);
#9356 = EDGE_CURVE('',#9346,#9357,#9359,.T.);
#9357 = VERTEX_POINT('',#9358);
#9358 = CARTESIAN_POINT('',(-17.986,-8.923,1.6));
#9359 = LINE('',#9360,#9361);
#9360 = CARTESIAN_POINT('',(-17.986,-4.96150007729,1.6));
#9361 = VECTOR('',#9362,1.);
#9362 = DIRECTION('',(0.,1.,-0.));
#9363 = ORIENTED_EDGE('',*,*,#9364,.F.);
#9364 = EDGE_CURVE('',#9365,#9357,#9367,.T.);
#9365 = VERTEX_POINT('',#9366);
#9366 = CARTESIAN_POINT('',(-18.486,-8.923,1.6));
#9367 = CIRCLE('',#9368,0.25);
#9368 = AXIS2_PLACEMENT_3D('',#9369,#9370,#9371);
#9369 = CARTESIAN_POINT('',(-18.236,-8.923,1.6));
#9370 = DIRECTION('',(0.,-0.,-1.));
#9371 = DIRECTION('',(1.,0.,-0.));
#9372 = ORIENTED_EDGE('',*,*,#9373,.T.);
#9373 = EDGE_CURVE('',#9365,#9348,#9374,.T.);
#9374 = LINE('',#9375,#9376);
#9375 = CARTESIAN_POINT('',(-18.486,-4.46150007729,1.6));
#9376 = VECTOR('',#9377,1.);
#9377 = DIRECTION('',(0.,-1.,0.));
#9378 = FACE_BOUND('',#9379,.F.);
#9379 = EDGE_LOOP('',(#9380,#9391,#9399,#9408));
#9380 = ORIENTED_EDGE('',*,*,#9381,.F.);
#9381 = EDGE_CURVE('',#9382,#9384,#9386,.T.);
#9382 = VERTEX_POINT('',#9383);
#9383 = CARTESIAN_POINT('',(19.500001,9.,1.6));
#9384 = VERTEX_POINT('',#9385);
#9385 = CARTESIAN_POINT('',(19.000001,9.,1.6));
#9386 = CIRCLE('',#9387,0.25);
#9387 = AXIS2_PLACEMENT_3D('',#9388,#9389,#9390);
#9388 = CARTESIAN_POINT('',(19.250001,9.,1.6));
#9389 = DIRECTION('',(-0.,0.,-1.));
#9390 = DIRECTION('',(-1.,0.,0.));
#9391 = ORIENTED_EDGE('',*,*,#9392,.T.);
#9392 = EDGE_CURVE('',#9382,#9393,#9395,.T.);
#9393 = VERTEX_POINT('',#9394);
#9394 = CARTESIAN_POINT('',(19.500001,10.,1.6));
#9395 = LINE('',#9396,#9397);
#9396 = CARTESIAN_POINT('',(19.500001,4.49999992271,1.6));
#9397 = VECTOR('',#9398,1.);
#9398 = DIRECTION('',(0.,1.,-0.));
#9399 = ORIENTED_EDGE('',*,*,#9400,.F.);
#9400 = EDGE_CURVE('',#9401,#9393,#9403,.T.);
#9401 = VERTEX_POINT('',#9402);
#9402 = CARTESIAN_POINT('',(19.000001,10.,1.6));
#9403 = CIRCLE('',#9404,0.25);
#9404 = AXIS2_PLACEMENT_3D('',#9405,#9406,#9407);
#9405 = CARTESIAN_POINT('',(19.250001,10.,1.6));
#9406 = DIRECTION('',(0.,-0.,-1.));
#9407 = DIRECTION('',(1.,0.,-0.));
#9408 = ORIENTED_EDGE('',*,*,#9409,.T.);
#9409 = EDGE_CURVE('',#9401,#9384,#9410,.T.);
#9410 = LINE('',#9411,#9412);
#9411 = CARTESIAN_POINT('',(19.000001,4.99999992271,1.6));
#9412 = VECTOR('',#9413,1.);
#9413 = DIRECTION('',(0.,-1.,0.));
#9414 = PLANE('',#9415);
#9415 = AXIS2_PLACEMENT_3D('',#9416,#9417,#9418);
#9416 = CARTESIAN_POINT('',(9.045801469916E-07,-1.545801553455E-07,1.6)
  );
#9417 = DIRECTION('',(-0.,-0.,-1.));
#9418 = DIRECTION('',(-1.,0.,0.));
#9419 = ADVANCED_FACE('',(#9420),#9431,.T.);
#9420 = FACE_BOUND('',#9421,.T.);
#9421 = EDGE_LOOP('',(#9422,#9428,#9429,#9430));
#9422 = ORIENTED_EDGE('',*,*,#9423,.T.);
#9423 = EDGE_CURVE('',#8463,#8960,#9424,.T.);
#9424 = LINE('',#9425,#9426);
#9425 = CARTESIAN_POINT('',(20.250001,12.5,0.));
#9426 = VECTOR('',#9427,1.);
#9427 = DIRECTION('',(0.,0.,1.));
#9428 = ORIENTED_EDGE('',*,*,#8959,.T.);
#9429 = ORIENTED_EDGE('',*,*,#8432,.F.);
#9430 = ORIENTED_EDGE('',*,*,#8462,.F.);
#9431 = PLANE('',#9432);
#9432 = AXIS2_PLACEMENT_3D('',#9433,#9434,#9435);
#9433 = CARTESIAN_POINT('',(20.250001,12.5,0.));
#9434 = DIRECTION('',(1.,0.,-0.));
#9435 = DIRECTION('',(0.,-1.,0.));
#9436 = ADVANCED_FACE('',(#9437),#9448,.T.);
#9437 = FACE_BOUND('',#9438,.T.);
#9438 = EDGE_LOOP('',(#9439,#9440,#9446,#9447));
#9439 = ORIENTED_EDGE('',*,*,#8848,.F.);
#9440 = ORIENTED_EDGE('',*,*,#9441,.F.);
#9441 = EDGE_CURVE('',#9329,#8840,#9442,.T.);
#9442 = LINE('',#9443,#9444);
#9443 = CARTESIAN_POINT('',(16.320001,12.5,-4.5E-02));
#9444 = VECTOR('',#9445,1.);
#9445 = DIRECTION('',(-0.,-0.,-1.));
#9446 = ORIENTED_EDGE('',*,*,#9337,.T.);
#9447 = ORIENTED_EDGE('',*,*,#9423,.F.);
#9448 = PLANE('',#9449);
#9449 = AXIS2_PLACEMENT_3D('',#9450,#9451,#9452);
#9450 = CARTESIAN_POINT('',(-20.25,12.5,0.));
#9451 = DIRECTION('',(0.,1.,0.));
#9452 = DIRECTION('',(1.,0.,0.));
#9453 = ADVANCED_FACE('',(#9454),#9465,.F.);
#9454 = FACE_BOUND('',#9455,.T.);
#9455 = EDGE_LOOP('',(#9456,#9457,#9463,#9464));
#9456 = ORIENTED_EDGE('',*,*,#8839,.T.);
#9457 = ORIENTED_EDGE('',*,*,#9458,.T.);
#9458 = EDGE_CURVE('',#8831,#9320,#9459,.T.);
#9459 = LINE('',#9460,#9461);
#9460 = CARTESIAN_POINT('',(15.870001,12.05,-4.5E-02));
#9461 = VECTOR('',#9462,1.);
#9462 = DIRECTION('',(0.,0.,1.));
#9463 = ORIENTED_EDGE('',*,*,#9328,.F.);
#9464 = ORIENTED_EDGE('',*,*,#9441,.T.);
#9465 = CYLINDRICAL_SURFACE('',#9466,0.45);
#9466 = AXIS2_PLACEMENT_3D('',#9467,#9468,#9469);
#9467 = CARTESIAN_POINT('',(15.870001,12.5,-4.5E-02));
#9468 = DIRECTION('',(-0.,-0.,-1.));
#9469 = DIRECTION('',(-0.,-1.,0.));
#9470 = ADVANCED_FACE('',(#9471),#9482,.F.);
#9471 = FACE_BOUND('',#9472,.T.);
#9472 = EDGE_LOOP('',(#9473,#9474,#9475,#9481));
#9473 = ORIENTED_EDGE('',*,*,#9458,.F.);
#9474 = ORIENTED_EDGE('',*,*,#8830,.T.);
#9475 = ORIENTED_EDGE('',*,*,#9476,.F.);
#9476 = EDGE_CURVE('',#9312,#8823,#9477,.T.);
#9477 = LINE('',#9478,#9479);
#9478 = CARTESIAN_POINT('',(15.420001,12.5,-4.5E-02));
#9479 = VECTOR('',#9480,1.);
#9480 = DIRECTION('',(-0.,-0.,-1.));
#9481 = ORIENTED_EDGE('',*,*,#9319,.F.);
#9482 = CYLINDRICAL_SURFACE('',#9483,0.45);
#9483 = AXIS2_PLACEMENT_3D('',#9484,#9485,#9486);
#9484 = CARTESIAN_POINT('',(15.870001,12.5,-4.5E-02));
#9485 = DIRECTION('',(-0.,-0.,-1.));
#9486 = DIRECTION('',(-0.,-1.,0.));
#9487 = ADVANCED_FACE('',(#9488),#9499,.T.);
#9488 = FACE_BOUND('',#9489,.T.);
#9489 = EDGE_LOOP('',(#9490,#9491,#9497,#9498));
#9490 = ORIENTED_EDGE('',*,*,#8822,.F.);
#9491 = ORIENTED_EDGE('',*,*,#9492,.F.);
#9492 = EDGE_CURVE('',#9303,#8814,#9493,.T.);
#9493 = LINE('',#9494,#9495);
#9494 = CARTESIAN_POINT('',(13.780001,12.5,-4.5E-02));
#9495 = VECTOR('',#9496,1.);
#9496 = DIRECTION('',(-0.,-0.,-1.));
#9497 = ORIENTED_EDGE('',*,*,#9311,.T.);
#9498 = ORIENTED_EDGE('',*,*,#9476,.T.);
#9499 = PLANE('',#9500);
#9500 = AXIS2_PLACEMENT_3D('',#9501,#9502,#9503);
#9501 = CARTESIAN_POINT('',(-20.25,12.5,0.));
#9502 = DIRECTION('',(0.,1.,0.));
#9503 = DIRECTION('',(1.,0.,0.));
#9504 = ADVANCED_FACE('',(#9505),#9516,.F.);
#9505 = FACE_BOUND('',#9506,.T.);
#9506 = EDGE_LOOP('',(#9507,#9508,#9514,#9515));
#9507 = ORIENTED_EDGE('',*,*,#8813,.T.);
#9508 = ORIENTED_EDGE('',*,*,#9509,.T.);
#9509 = EDGE_CURVE('',#8805,#9294,#9510,.T.);
#9510 = LINE('',#9511,#9512);
#9511 = CARTESIAN_POINT('',(13.330001,12.05,-4.5E-02));
#9512 = VECTOR('',#9513,1.);
#9513 = DIRECTION('',(0.,0.,1.));
#9514 = ORIENTED_EDGE('',*,*,#9302,.F.);
#9515 = ORIENTED_EDGE('',*,*,#9492,.T.);
#9516 = CYLINDRICAL_SURFACE('',#9517,0.45);
#9517 = AXIS2_PLACEMENT_3D('',#9518,#9519,#9520);
#9518 = CARTESIAN_POINT('',(13.330001,12.5,-4.5E-02));
#9519 = DIRECTION('',(-0.,-0.,-1.));
#9520 = DIRECTION('',(-0.,-1.,0.));
#9521 = ADVANCED_FACE('',(#9522),#9533,.F.);
#9522 = FACE_BOUND('',#9523,.T.);
#9523 = EDGE_LOOP('',(#9524,#9525,#9526,#9532));
#9524 = ORIENTED_EDGE('',*,*,#9509,.F.);
#9525 = ORIENTED_EDGE('',*,*,#8804,.T.);
#9526 = ORIENTED_EDGE('',*,*,#9527,.F.);
#9527 = EDGE_CURVE('',#9286,#8797,#9528,.T.);
#9528 = LINE('',#9529,#9530);
#9529 = CARTESIAN_POINT('',(12.880001,12.5,-4.5E-02));
#9530 = VECTOR('',#9531,1.);
#9531 = DIRECTION('',(-0.,-0.,-1.));
#9532 = ORIENTED_EDGE('',*,*,#9293,.F.);
#9533 = CYLINDRICAL_SURFACE('',#9534,0.45);
#9534 = AXIS2_PLACEMENT_3D('',#9535,#9536,#9537);
#9535 = CARTESIAN_POINT('',(13.330001,12.5,-4.5E-02));
#9536 = DIRECTION('',(-0.,-0.,-1.));
#9537 = DIRECTION('',(-0.,-1.,0.));
#9538 = ADVANCED_FACE('',(#9539),#9550,.T.);
#9539 = FACE_BOUND('',#9540,.T.);
#9540 = EDGE_LOOP('',(#9541,#9542,#9548,#9549));
#9541 = ORIENTED_EDGE('',*,*,#8796,.F.);
#9542 = ORIENTED_EDGE('',*,*,#9543,.F.);
#9543 = EDGE_CURVE('',#9277,#8788,#9544,.T.);
#9544 = LINE('',#9545,#9546);
#9545 = CARTESIAN_POINT('',(11.240001,12.5,-4.5E-02));
#9546 = VECTOR('',#9547,1.);
#9547 = DIRECTION('',(-0.,-0.,-1.));
#9548 = ORIENTED_EDGE('',*,*,#9285,.T.);
#9549 = ORIENTED_EDGE('',*,*,#9527,.T.);
#9550 = PLANE('',#9551);
#9551 = AXIS2_PLACEMENT_3D('',#9552,#9553,#9554);
#9552 = CARTESIAN_POINT('',(-20.25,12.5,0.));
#9553 = DIRECTION('',(0.,1.,0.));
#9554 = DIRECTION('',(1.,0.,0.));
#9555 = ADVANCED_FACE('',(#9556),#9567,.F.);
#9556 = FACE_BOUND('',#9557,.T.);
#9557 = EDGE_LOOP('',(#9558,#9559,#9565,#9566));
#9558 = ORIENTED_EDGE('',*,*,#8787,.T.);
#9559 = ORIENTED_EDGE('',*,*,#9560,.T.);
#9560 = EDGE_CURVE('',#8779,#9268,#9561,.T.);
#9561 = LINE('',#9562,#9563);
#9562 = CARTESIAN_POINT('',(10.790001,12.05,-4.5E-02));
#9563 = VECTOR('',#9564,1.);
#9564 = DIRECTION('',(0.,0.,1.));
#9565 = ORIENTED_EDGE('',*,*,#9276,.F.);
#9566 = ORIENTED_EDGE('',*,*,#9543,.T.);
#9567 = CYLINDRICAL_SURFACE('',#9568,0.45);
#9568 = AXIS2_PLACEMENT_3D('',#9569,#9570,#9571);
#9569 = CARTESIAN_POINT('',(10.790001,12.5,-4.5E-02));
#9570 = DIRECTION('',(-0.,-0.,-1.));
#9571 = DIRECTION('',(-0.,-1.,0.));
#9572 = ADVANCED_FACE('',(#9573),#9584,.F.);
#9573 = FACE_BOUND('',#9574,.T.);
#9574 = EDGE_LOOP('',(#9575,#9576,#9577,#9583));
#9575 = ORIENTED_EDGE('',*,*,#9560,.F.);
#9576 = ORIENTED_EDGE('',*,*,#8778,.T.);
#9577 = ORIENTED_EDGE('',*,*,#9578,.F.);
#9578 = EDGE_CURVE('',#9260,#8771,#9579,.T.);
#9579 = LINE('',#9580,#9581);
#9580 = CARTESIAN_POINT('',(10.340001,12.5,-4.5E-02));
#9581 = VECTOR('',#9582,1.);
#9582 = DIRECTION('',(-0.,-0.,-1.));
#9583 = ORIENTED_EDGE('',*,*,#9267,.F.);
#9584 = CYLINDRICAL_SURFACE('',#9585,0.45);
#9585 = AXIS2_PLACEMENT_3D('',#9586,#9587,#9588);
#9586 = CARTESIAN_POINT('',(10.790001,12.5,-4.5E-02));
#9587 = DIRECTION('',(-0.,-0.,-1.));
#9588 = DIRECTION('',(-0.,-1.,0.));
#9589 = ADVANCED_FACE('',(#9590),#9601,.T.);
#9590 = FACE_BOUND('',#9591,.T.);
#9591 = EDGE_LOOP('',(#9592,#9593,#9599,#9600));
#9592 = ORIENTED_EDGE('',*,*,#8770,.F.);
#9593 = ORIENTED_EDGE('',*,*,#9594,.F.);
#9594 = EDGE_CURVE('',#9251,#8762,#9595,.T.);
#9595 = LINE('',#9596,#9597);
#9596 = CARTESIAN_POINT('',(8.700002,12.5,-4.5E-02));
#9597 = VECTOR('',#9598,1.);
#9598 = DIRECTION('',(-0.,-0.,-1.));
#9599 = ORIENTED_EDGE('',*,*,#9259,.T.);
#9600 = ORIENTED_EDGE('',*,*,#9578,.T.);
#9601 = PLANE('',#9602);
#9602 = AXIS2_PLACEMENT_3D('',#9603,#9604,#9605);
#9603 = CARTESIAN_POINT('',(-20.25,12.5,0.));
#9604 = DIRECTION('',(0.,1.,0.));
#9605 = DIRECTION('',(1.,0.,0.));
#9606 = ADVANCED_FACE('',(#9607),#9618,.F.);
#9607 = FACE_BOUND('',#9608,.T.);
#9608 = EDGE_LOOP('',(#9609,#9610,#9616,#9617));
#9609 = ORIENTED_EDGE('',*,*,#8761,.T.);
#9610 = ORIENTED_EDGE('',*,*,#9611,.T.);
#9611 = EDGE_CURVE('',#8753,#9242,#9612,.T.);
#9612 = LINE('',#9613,#9614);
#9613 = CARTESIAN_POINT('',(8.250002,12.05,-4.5E-02));
#9614 = VECTOR('',#9615,1.);
#9615 = DIRECTION('',(0.,0.,1.));
#9616 = ORIENTED_EDGE('',*,*,#9250,.F.);
#9617 = ORIENTED_EDGE('',*,*,#9594,.T.);
#9618 = CYLINDRICAL_SURFACE('',#9619,0.45);
#9619 = AXIS2_PLACEMENT_3D('',#9620,#9621,#9622);
#9620 = CARTESIAN_POINT('',(8.250002,12.5,-4.5E-02));
#9621 = DIRECTION('',(-0.,-0.,-1.));
#9622 = DIRECTION('',(-0.,-1.,0.));
#9623 = ADVANCED_FACE('',(#9624),#9635,.F.);
#9624 = FACE_BOUND('',#9625,.T.);
#9625 = EDGE_LOOP('',(#9626,#9627,#9628,#9634));
#9626 = ORIENTED_EDGE('',*,*,#9611,.F.);
#9627 = ORIENTED_EDGE('',*,*,#8752,.T.);
#9628 = ORIENTED_EDGE('',*,*,#9629,.F.);
#9629 = EDGE_CURVE('',#9234,#8745,#9630,.T.);
#9630 = LINE('',#9631,#9632);
#9631 = CARTESIAN_POINT('',(7.800002,12.5,-4.5E-02));
#9632 = VECTOR('',#9633,1.);
#9633 = DIRECTION('',(-0.,-0.,-1.));
#9634 = ORIENTED_EDGE('',*,*,#9241,.F.);
#9635 = CYLINDRICAL_SURFACE('',#9636,0.45);
#9636 = AXIS2_PLACEMENT_3D('',#9637,#9638,#9639);
#9637 = CARTESIAN_POINT('',(8.250002,12.5,-4.5E-02));
#9638 = DIRECTION('',(-0.,-0.,-1.));
#9639 = DIRECTION('',(-0.,-1.,0.));
#9640 = ADVANCED_FACE('',(#9641),#9652,.T.);
#9641 = FACE_BOUND('',#9642,.T.);
#9642 = EDGE_LOOP('',(#9643,#9644,#9650,#9651));
#9643 = ORIENTED_EDGE('',*,*,#8744,.F.);
#9644 = ORIENTED_EDGE('',*,*,#9645,.F.);
#9645 = EDGE_CURVE('',#9225,#8736,#9646,.T.);
#9646 = LINE('',#9647,#9648);
#9647 = CARTESIAN_POINT('',(6.16,12.5,-4.5E-02));
#9648 = VECTOR('',#9649,1.);
#9649 = DIRECTION('',(-0.,-0.,-1.));
#9650 = ORIENTED_EDGE('',*,*,#9233,.T.);
#9651 = ORIENTED_EDGE('',*,*,#9629,.T.);
#9652 = PLANE('',#9653);
#9653 = AXIS2_PLACEMENT_3D('',#9654,#9655,#9656);
#9654 = CARTESIAN_POINT('',(-20.25,12.5,0.));
#9655 = DIRECTION('',(0.,1.,0.));
#9656 = DIRECTION('',(1.,0.,0.));
#9657 = ADVANCED_FACE('',(#9658),#9669,.F.);
#9658 = FACE_BOUND('',#9659,.T.);
#9659 = EDGE_LOOP('',(#9660,#9661,#9667,#9668));
#9660 = ORIENTED_EDGE('',*,*,#8735,.T.);
#9661 = ORIENTED_EDGE('',*,*,#9662,.T.);
#9662 = EDGE_CURVE('',#8727,#9216,#9663,.T.);
#9663 = LINE('',#9664,#9665);
#9664 = CARTESIAN_POINT('',(5.71,12.05,-4.5E-02));
#9665 = VECTOR('',#9666,1.);
#9666 = DIRECTION('',(0.,0.,1.));
#9667 = ORIENTED_EDGE('',*,*,#9224,.F.);
#9668 = ORIENTED_EDGE('',*,*,#9645,.T.);
#9669 = CYLINDRICAL_SURFACE('',#9670,0.45);
#9670 = AXIS2_PLACEMENT_3D('',#9671,#9672,#9673);
#9671 = CARTESIAN_POINT('',(5.71,12.5,-4.5E-02));
#9672 = DIRECTION('',(-0.,-0.,-1.));
#9673 = DIRECTION('',(-0.,-1.,0.));
#9674 = ADVANCED_FACE('',(#9675),#9686,.F.);
#9675 = FACE_BOUND('',#9676,.T.);
#9676 = EDGE_LOOP('',(#9677,#9678,#9679,#9685));
#9677 = ORIENTED_EDGE('',*,*,#9662,.F.);
#9678 = ORIENTED_EDGE('',*,*,#8726,.T.);
#9679 = ORIENTED_EDGE('',*,*,#9680,.F.);
#9680 = EDGE_CURVE('',#9208,#8719,#9681,.T.);
#9681 = LINE('',#9682,#9683);
#9682 = CARTESIAN_POINT('',(5.26,12.5,-4.5E-02));
#9683 = VECTOR('',#9684,1.);
#9684 = DIRECTION('',(-0.,-0.,-1.));
#9685 = ORIENTED_EDGE('',*,*,#9215,.F.);
#9686 = CYLINDRICAL_SURFACE('',#9687,0.45);
#9687 = AXIS2_PLACEMENT_3D('',#9688,#9689,#9690);
#9688 = CARTESIAN_POINT('',(5.71,12.5,-4.5E-02));
#9689 = DIRECTION('',(-0.,-0.,-1.));
#9690 = DIRECTION('',(-0.,-1.,0.));
#9691 = ADVANCED_FACE('',(#9692),#9703,.T.);
#9692 = FACE_BOUND('',#9693,.T.);
#9693 = EDGE_LOOP('',(#9694,#9695,#9701,#9702));
#9694 = ORIENTED_EDGE('',*,*,#8718,.F.);
#9695 = ORIENTED_EDGE('',*,*,#9696,.F.);
#9696 = EDGE_CURVE('',#9199,#8710,#9697,.T.);
#9697 = LINE('',#9698,#9699);
#9698 = CARTESIAN_POINT('',(3.620001,12.5,-4.5E-02));
#9699 = VECTOR('',#9700,1.);
#9700 = DIRECTION('',(-0.,-0.,-1.));
#9701 = ORIENTED_EDGE('',*,*,#9207,.T.);
#9702 = ORIENTED_EDGE('',*,*,#9680,.T.);
#9703 = PLANE('',#9704);
#9704 = AXIS2_PLACEMENT_3D('',#9705,#9706,#9707);
#9705 = CARTESIAN_POINT('',(-20.25,12.5,0.));
#9706 = DIRECTION('',(0.,1.,0.));
#9707 = DIRECTION('',(1.,0.,0.));
#9708 = ADVANCED_FACE('',(#9709),#9720,.F.);
#9709 = FACE_BOUND('',#9710,.T.);
#9710 = EDGE_LOOP('',(#9711,#9712,#9718,#9719));
#9711 = ORIENTED_EDGE('',*,*,#8709,.T.);
#9712 = ORIENTED_EDGE('',*,*,#9713,.T.);
#9713 = EDGE_CURVE('',#8701,#9190,#9714,.T.);
#9714 = LINE('',#9715,#9716);
#9715 = CARTESIAN_POINT('',(3.170001,12.05,-4.5E-02));
#9716 = VECTOR('',#9717,1.);
#9717 = DIRECTION('',(0.,0.,1.));
#9718 = ORIENTED_EDGE('',*,*,#9198,.F.);
#9719 = ORIENTED_EDGE('',*,*,#9696,.T.);
#9720 = CYLINDRICAL_SURFACE('',#9721,0.45);
#9721 = AXIS2_PLACEMENT_3D('',#9722,#9723,#9724);
#9722 = CARTESIAN_POINT('',(3.170001,12.5,-4.5E-02));
#9723 = DIRECTION('',(-0.,-0.,-1.));
#9724 = DIRECTION('',(-0.,-1.,0.));
#9725 = ADVANCED_FACE('',(#9726),#9737,.F.);
#9726 = FACE_BOUND('',#9727,.T.);
#9727 = EDGE_LOOP('',(#9728,#9729,#9730,#9736));
#9728 = ORIENTED_EDGE('',*,*,#9713,.F.);
#9729 = ORIENTED_EDGE('',*,*,#8700,.T.);
#9730 = ORIENTED_EDGE('',*,*,#9731,.F.);
#9731 = EDGE_CURVE('',#9182,#8693,#9732,.T.);
#9732 = LINE('',#9733,#9734);
#9733 = CARTESIAN_POINT('',(2.720001,12.5,-4.5E-02));
#9734 = VECTOR('',#9735,1.);
#9735 = DIRECTION('',(-0.,-0.,-1.));
#9736 = ORIENTED_EDGE('',*,*,#9189,.F.);
#9737 = CYLINDRICAL_SURFACE('',#9738,0.45);
#9738 = AXIS2_PLACEMENT_3D('',#9739,#9740,#9741);
#9739 = CARTESIAN_POINT('',(3.170001,12.5,-4.5E-02));
#9740 = DIRECTION('',(-0.,-0.,-1.));
#9741 = DIRECTION('',(-0.,-1.,0.));
#9742 = ADVANCED_FACE('',(#9743),#9754,.T.);
#9743 = FACE_BOUND('',#9744,.T.);
#9744 = EDGE_LOOP('',(#9745,#9746,#9752,#9753));
#9745 = ORIENTED_EDGE('',*,*,#8692,.F.);
#9746 = ORIENTED_EDGE('',*,*,#9747,.F.);
#9747 = EDGE_CURVE('',#9173,#8684,#9748,.T.);
#9748 = LINE('',#9749,#9750);
#9749 = CARTESIAN_POINT('',(1.080001,12.5,-4.5E-02));
#9750 = VECTOR('',#9751,1.);
#9751 = DIRECTION('',(-0.,-0.,-1.));
#9752 = ORIENTED_EDGE('',*,*,#9181,.T.);
#9753 = ORIENTED_EDGE('',*,*,#9731,.T.);
#9754 = PLANE('',#9755);
#9755 = AXIS2_PLACEMENT_3D('',#9756,#9757,#9758);
#9756 = CARTESIAN_POINT('',(-20.25,12.5,0.));
#9757 = DIRECTION('',(0.,1.,0.));
#9758 = DIRECTION('',(1.,0.,0.));
#9759 = ADVANCED_FACE('',(#9760),#9771,.F.);
#9760 = FACE_BOUND('',#9761,.T.);
#9761 = EDGE_LOOP('',(#9762,#9763,#9769,#9770));
#9762 = ORIENTED_EDGE('',*,*,#8683,.T.);
#9763 = ORIENTED_EDGE('',*,*,#9764,.T.);
#9764 = EDGE_CURVE('',#8675,#9164,#9765,.T.);
#9765 = LINE('',#9766,#9767);
#9766 = CARTESIAN_POINT('',(0.630001,12.05,-4.5E-02));
#9767 = VECTOR('',#9768,1.);
#9768 = DIRECTION('',(0.,0.,1.));
#9769 = ORIENTED_EDGE('',*,*,#9172,.F.);
#9770 = ORIENTED_EDGE('',*,*,#9747,.T.);
#9771 = CYLINDRICAL_SURFACE('',#9772,0.45);
#9772 = AXIS2_PLACEMENT_3D('',#9773,#9774,#9775);
#9773 = CARTESIAN_POINT('',(0.630001,12.5,-4.5E-02));
#9774 = DIRECTION('',(-0.,-0.,-1.));
#9775 = DIRECTION('',(-0.,-1.,0.));
#9776 = ADVANCED_FACE('',(#9777),#9788,.F.);
#9777 = FACE_BOUND('',#9778,.T.);
#9778 = EDGE_LOOP('',(#9779,#9780,#9781,#9787));
#9779 = ORIENTED_EDGE('',*,*,#9764,.F.);
#9780 = ORIENTED_EDGE('',*,*,#8674,.T.);
#9781 = ORIENTED_EDGE('',*,*,#9782,.F.);
#9782 = EDGE_CURVE('',#9156,#8667,#9783,.T.);
#9783 = LINE('',#9784,#9785);
#9784 = CARTESIAN_POINT('',(0.180001,12.5,-4.5E-02));
#9785 = VECTOR('',#9786,1.);
#9786 = DIRECTION('',(-0.,-0.,-1.));
#9787 = ORIENTED_EDGE('',*,*,#9163,.F.);
#9788 = CYLINDRICAL_SURFACE('',#9789,0.45);
#9789 = AXIS2_PLACEMENT_3D('',#9790,#9791,#9792);
#9790 = CARTESIAN_POINT('',(0.630001,12.5,-4.5E-02));
#9791 = DIRECTION('',(-0.,-0.,-1.));
#9792 = DIRECTION('',(-0.,-1.,0.));
#9793 = ADVANCED_FACE('',(#9794),#9805,.T.);
#9794 = FACE_BOUND('',#9795,.T.);
#9795 = EDGE_LOOP('',(#9796,#9797,#9803,#9804));
#9796 = ORIENTED_EDGE('',*,*,#8666,.F.);
#9797 = ORIENTED_EDGE('',*,*,#9798,.T.);
#9798 = EDGE_CURVE('',#8659,#9148,#9799,.T.);
#9799 = LINE('',#9800,#9801);
#9800 = CARTESIAN_POINT('',(-20.25,12.5,0.));
#9801 = VECTOR('',#9802,1.);
#9802 = DIRECTION('',(0.,0.,1.));
#9803 = ORIENTED_EDGE('',*,*,#9155,.T.);
#9804 = ORIENTED_EDGE('',*,*,#9782,.T.);
#9805 = PLANE('',#9806);
#9806 = AXIS2_PLACEMENT_3D('',#9807,#9808,#9809);
#9807 = CARTESIAN_POINT('',(-20.25,12.5,0.));
#9808 = DIRECTION('',(0.,1.,0.));
#9809 = DIRECTION('',(1.,0.,0.));
#9810 = ADVANCED_FACE('',(#9811),#9822,.T.);
#9811 = FACE_BOUND('',#9812,.T.);
#9812 = EDGE_LOOP('',(#9813,#9814,#9820,#9821));
#9813 = ORIENTED_EDGE('',*,*,#8658,.F.);
#9814 = ORIENTED_EDGE('',*,*,#9815,.F.);
#9815 = EDGE_CURVE('',#9139,#8650,#9816,.T.);
#9816 = LINE('',#9817,#9818);
#9817 = CARTESIAN_POINT('',(-20.2499997888,7.220000999999,-4.5E-02));
#9818 = VECTOR('',#9819,1.);
#9819 = DIRECTION('',(-0.,-0.,-1.));
#9820 = ORIENTED_EDGE('',*,*,#9147,.T.);
#9821 = ORIENTED_EDGE('',*,*,#9798,.F.);
#9822 = PLANE('',#9823);
#9823 = AXIS2_PLACEMENT_3D('',#9824,#9825,#9826);
#9824 = CARTESIAN_POINT('',(-20.249999,-12.5,0.));
#9825 = DIRECTION('',(-1.,-4.000000004112E-08,0.));
#9826 = DIRECTION('',(-4.000000004112E-08,1.,0.));
#9827 = ADVANCED_FACE('',(#9828),#9839,.F.);
#9828 = FACE_BOUND('',#9829,.T.);
#9829 = EDGE_LOOP('',(#9830,#9831,#9837,#9838));
#9830 = ORIENTED_EDGE('',*,*,#8649,.T.);
#9831 = ORIENTED_EDGE('',*,*,#9832,.T.);
#9832 = EDGE_CURVE('',#8642,#9131,#9833,.T.);
#9833 = LINE('',#9834,#9835);
#9834 = CARTESIAN_POINT('',(-20.249999,6.320001,-4.5E-02));
#9835 = VECTOR('',#9836,1.);
#9836 = DIRECTION('',(0.,0.,1.));
#9837 = ORIENTED_EDGE('',*,*,#9138,.F.);
#9838 = ORIENTED_EDGE('',*,*,#9815,.T.);
#9839 = CYLINDRICAL_SURFACE('',#9840,0.45);
#9840 = AXIS2_PLACEMENT_3D('',#9841,#9842,#9843);
#9841 = CARTESIAN_POINT('',(-20.249999,6.770001,-4.5E-02));
#9842 = DIRECTION('',(-0.,-0.,-1.));
#9843 = DIRECTION('',(-0.,-1.,0.));
#9844 = ADVANCED_FACE('',(#9845),#9856,.T.);
#9845 = FACE_BOUND('',#9846,.T.);
#9846 = EDGE_LOOP('',(#9847,#9848,#9854,#9855));
#9847 = ORIENTED_EDGE('',*,*,#8641,.F.);
#9848 = ORIENTED_EDGE('',*,*,#9849,.F.);
#9849 = EDGE_CURVE('',#9122,#8633,#9850,.T.);
#9850 = LINE('',#9851,#9852);
#9851 = CARTESIAN_POINT('',(-20.2499996872,4.68,-4.5E-02));
#9852 = VECTOR('',#9853,1.);
#9853 = DIRECTION('',(-0.,-0.,-1.));
#9854 = ORIENTED_EDGE('',*,*,#9130,.T.);
#9855 = ORIENTED_EDGE('',*,*,#9832,.F.);
#9856 = PLANE('',#9857);
#9857 = AXIS2_PLACEMENT_3D('',#9858,#9859,#9860);
#9858 = CARTESIAN_POINT('',(-20.249999,-12.5,0.));
#9859 = DIRECTION('',(-1.,-4.000000004112E-08,0.));
#9860 = DIRECTION('',(-4.000000004112E-08,1.,0.));
#9861 = ADVANCED_FACE('',(#9862),#9873,.F.);
#9862 = FACE_BOUND('',#9863,.T.);
#9863 = EDGE_LOOP('',(#9864,#9865,#9871,#9872));
#9864 = ORIENTED_EDGE('',*,*,#8632,.T.);
#9865 = ORIENTED_EDGE('',*,*,#9866,.T.);
#9866 = EDGE_CURVE('',#8625,#9114,#9867,.T.);
#9867 = LINE('',#9868,#9869);
#9868 = CARTESIAN_POINT('',(-20.25,3.78,-4.5E-02));
#9869 = VECTOR('',#9870,1.);
#9870 = DIRECTION('',(0.,0.,1.));
#9871 = ORIENTED_EDGE('',*,*,#9121,.F.);
#9872 = ORIENTED_EDGE('',*,*,#9849,.T.);
#9873 = CYLINDRICAL_SURFACE('',#9874,0.45);
#9874 = AXIS2_PLACEMENT_3D('',#9875,#9876,#9877);
#9875 = CARTESIAN_POINT('',(-20.25,4.23,-4.5E-02));
#9876 = DIRECTION('',(-0.,-0.,-1.));
#9877 = DIRECTION('',(-0.,-1.,0.));
#9878 = ADVANCED_FACE('',(#9879),#9890,.T.);
#9879 = FACE_BOUND('',#9880,.T.);
#9880 = EDGE_LOOP('',(#9881,#9882,#9888,#9889));
#9881 = ORIENTED_EDGE('',*,*,#8624,.F.);
#9882 = ORIENTED_EDGE('',*,*,#9883,.F.);
#9883 = EDGE_CURVE('',#9105,#8616,#9884,.T.);
#9884 = LINE('',#9885,#9886);
#9885 = CARTESIAN_POINT('',(-20.2499993488,-3.78,-4.5E-02));
#9886 = VECTOR('',#9887,1.);
#9887 = DIRECTION('',(-0.,-0.,-1.));
#9888 = ORIENTED_EDGE('',*,*,#9113,.T.);
#9889 = ORIENTED_EDGE('',*,*,#9866,.F.);
#9890 = PLANE('',#9891);
#9891 = AXIS2_PLACEMENT_3D('',#9892,#9893,#9894);
#9892 = CARTESIAN_POINT('',(-20.249999,-12.5,0.));
#9893 = DIRECTION('',(-1.,-4.000000004112E-08,0.));
#9894 = DIRECTION('',(-4.000000004112E-08,1.,0.));
#9895 = ADVANCED_FACE('',(#9896),#9907,.F.);
#9896 = FACE_BOUND('',#9897,.T.);
#9897 = EDGE_LOOP('',(#9898,#9899,#9905,#9906));
#9898 = ORIENTED_EDGE('',*,*,#8615,.T.);
#9899 = ORIENTED_EDGE('',*,*,#9900,.T.);
#9900 = EDGE_CURVE('',#8608,#9097,#9901,.T.);
#9901 = LINE('',#9902,#9903);
#9902 = CARTESIAN_POINT('',(-20.249999,-4.68,-4.5E-02));
#9903 = VECTOR('',#9904,1.);
#9904 = DIRECTION('',(0.,0.,1.));
#9905 = ORIENTED_EDGE('',*,*,#9104,.F.);
#9906 = ORIENTED_EDGE('',*,*,#9883,.T.);
#9907 = CYLINDRICAL_SURFACE('',#9908,0.45);
#9908 = AXIS2_PLACEMENT_3D('',#9909,#9910,#9911);
#9909 = CARTESIAN_POINT('',(-20.249999,-4.23,-4.5E-02));
#9910 = DIRECTION('',(-0.,-0.,-1.));
#9911 = DIRECTION('',(-0.,-1.,0.));
#9912 = ADVANCED_FACE('',(#9913),#9924,.T.);
#9913 = FACE_BOUND('',#9914,.T.);
#9914 = EDGE_LOOP('',(#9915,#9916,#9922,#9923));
#9915 = ORIENTED_EDGE('',*,*,#8607,.F.);
#9916 = ORIENTED_EDGE('',*,*,#9917,.F.);
#9917 = EDGE_CURVE('',#9088,#8599,#9918,.T.);
#9918 = LINE('',#9919,#9920);
#9919 = CARTESIAN_POINT('',(-20.2499992472,-6.32,-4.5E-02));
#9920 = VECTOR('',#9921,1.);
#9921 = DIRECTION('',(-0.,-0.,-1.));
#9922 = ORIENTED_EDGE('',*,*,#9096,.T.);
#9923 = ORIENTED_EDGE('',*,*,#9900,.F.);
#9924 = PLANE('',#9925);
#9925 = AXIS2_PLACEMENT_3D('',#9926,#9927,#9928);
#9926 = CARTESIAN_POINT('',(-20.249999,-12.5,0.));
#9927 = DIRECTION('',(-1.,-4.000000004112E-08,0.));
#9928 = DIRECTION('',(-4.000000004112E-08,1.,0.));
#9929 = ADVANCED_FACE('',(#9930),#9941,.F.);
#9930 = FACE_BOUND('',#9931,.T.);
#9931 = EDGE_LOOP('',(#9932,#9933,#9939,#9940));
#9932 = ORIENTED_EDGE('',*,*,#8598,.T.);
#9933 = ORIENTED_EDGE('',*,*,#9934,.T.);
#9934 = EDGE_CURVE('',#8591,#9080,#9935,.T.);
#9935 = LINE('',#9936,#9937);
#9936 = CARTESIAN_POINT('',(-20.249999,-7.22,-4.5E-02));
#9937 = VECTOR('',#9938,1.);
#9938 = DIRECTION('',(0.,0.,1.));
#9939 = ORIENTED_EDGE('',*,*,#9087,.F.);
#9940 = ORIENTED_EDGE('',*,*,#9917,.T.);
#9941 = CYLINDRICAL_SURFACE('',#9942,0.45);
#9942 = AXIS2_PLACEMENT_3D('',#9943,#9944,#9945);
#9943 = CARTESIAN_POINT('',(-20.249999,-6.77,-4.5E-02));
#9944 = DIRECTION('',(-0.,-0.,-1.));
#9945 = DIRECTION('',(-0.,-1.,0.));
#9946 = ADVANCED_FACE('',(#9947),#9958,.T.);
#9947 = FACE_BOUND('',#9948,.T.);
#9948 = EDGE_LOOP('',(#9949,#9950,#9956,#9957));
#9949 = ORIENTED_EDGE('',*,*,#8590,.F.);
#9950 = ORIENTED_EDGE('',*,*,#9951,.T.);
#9951 = EDGE_CURVE('',#8583,#9072,#9952,.T.);
#9952 = LINE('',#9953,#9954);
#9953 = CARTESIAN_POINT('',(-20.249999,-12.5,0.));
#9954 = VECTOR('',#9955,1.);
#9955 = DIRECTION('',(0.,0.,1.));
#9956 = ORIENTED_EDGE('',*,*,#9079,.T.);
#9957 = ORIENTED_EDGE('',*,*,#9934,.F.);
#9958 = PLANE('',#9959);
#9959 = AXIS2_PLACEMENT_3D('',#9960,#9961,#9962);
#9960 = CARTESIAN_POINT('',(-20.249999,-12.5,0.));
#9961 = DIRECTION('',(-1.,-4.000000004112E-08,0.));
#9962 = DIRECTION('',(-4.000000004112E-08,1.,0.));
#9963 = ADVANCED_FACE('',(#9964),#9975,.T.);
#9964 = FACE_BOUND('',#9965,.T.);
#9965 = EDGE_LOOP('',(#9966,#9967,#9973,#9974));
#9966 = ORIENTED_EDGE('',*,*,#8582,.F.);
#9967 = ORIENTED_EDGE('',*,*,#9968,.F.);
#9968 = EDGE_CURVE('',#9063,#8574,#9969,.T.);
#9969 = LINE('',#9970,#9971);
#9970 = CARTESIAN_POINT('',(0.18,-12.50000050444,-4.5E-02));
#9971 = VECTOR('',#9972,1.);
#9972 = DIRECTION('',(-0.,-0.,-1.));
#9973 = ORIENTED_EDGE('',*,*,#9071,.T.);
#9974 = ORIENTED_EDGE('',*,*,#9951,.F.);
#9975 = PLANE('',#9976);
#9976 = AXIS2_PLACEMENT_3D('',#9977,#9978,#9979);
#9977 = CARTESIAN_POINT('',(20.250001,-12.500001,0.));
#9978 = DIRECTION('',(-2.469135800621E-08,-1.,0.));
#9979 = DIRECTION('',(-1.,2.469135800621E-08,0.));
#9980 = ADVANCED_FACE('',(#9981),#9992,.F.);
#9981 = FACE_BOUND('',#9982,.T.);
#9982 = EDGE_LOOP('',(#9983,#9989,#9990,#9991));
#9983 = ORIENTED_EDGE('',*,*,#9984,.F.);
#9984 = EDGE_CURVE('',#9055,#8566,#9985,.T.);
#9985 = LINE('',#9986,#9987);
#9986 = CARTESIAN_POINT('',(1.08,-12.50000052666,-4.5E-02));
#9987 = VECTOR('',#9988,1.);
#9988 = DIRECTION('',(-0.,-0.,-1.));
#9989 = ORIENTED_EDGE('',*,*,#9062,.F.);
#9990 = ORIENTED_EDGE('',*,*,#9968,.T.);
#9991 = ORIENTED_EDGE('',*,*,#8573,.T.);
#9992 = CYLINDRICAL_SURFACE('',#9993,0.45);
#9993 = AXIS2_PLACEMENT_3D('',#9994,#9995,#9996);
#9994 = CARTESIAN_POINT('',(0.63,-12.5,-4.5E-02));
#9995 = DIRECTION('',(-0.,-0.,-1.));
#9996 = DIRECTION('',(-0.,-1.,0.));
#9997 = ADVANCED_FACE('',(#9998),#10009,.T.);
#9998 = FACE_BOUND('',#9999,.T.);
#9999 = EDGE_LOOP('',(#10000,#10001,#10007,#10008));
#10000 = ORIENTED_EDGE('',*,*,#8565,.F.);
#10001 = ORIENTED_EDGE('',*,*,#10002,.F.);
#10002 = EDGE_CURVE('',#9046,#8557,#10003,.T.);
#10003 = LINE('',#10004,#10005);
#10004 = CARTESIAN_POINT('',(2.720001,-12.50000056716,-4.5E-02));
#10005 = VECTOR('',#10006,1.);
#10006 = DIRECTION('',(-0.,-0.,-1.));
#10007 = ORIENTED_EDGE('',*,*,#9054,.T.);
#10008 = ORIENTED_EDGE('',*,*,#9984,.T.);
#10009 = PLANE('',#10010);
#10010 = AXIS2_PLACEMENT_3D('',#10011,#10012,#10013);
#10011 = CARTESIAN_POINT('',(20.250001,-12.500001,0.));
#10012 = DIRECTION('',(-2.469135800621E-08,-1.,0.));
#10013 = DIRECTION('',(-1.,2.469135800621E-08,0.));
#10014 = ADVANCED_FACE('',(#10015),#10026,.F.);
#10015 = FACE_BOUND('',#10016,.T.);
#10016 = EDGE_LOOP('',(#10017,#10023,#10024,#10025));
#10017 = ORIENTED_EDGE('',*,*,#10018,.F.);
#10018 = EDGE_CURVE('',#9038,#8549,#10019,.T.);
#10019 = LINE('',#10020,#10021);
#10020 = CARTESIAN_POINT('',(3.620001,-12.50000058938,-4.5E-02));
#10021 = VECTOR('',#10022,1.);
#10022 = DIRECTION('',(-0.,-0.,-1.));
#10023 = ORIENTED_EDGE('',*,*,#9045,.F.);
#10024 = ORIENTED_EDGE('',*,*,#10002,.T.);
#10025 = ORIENTED_EDGE('',*,*,#8556,.T.);
#10026 = CYLINDRICAL_SURFACE('',#10027,0.45);
#10027 = AXIS2_PLACEMENT_3D('',#10028,#10029,#10030);
#10028 = CARTESIAN_POINT('',(3.170001,-12.5,-4.5E-02));
#10029 = DIRECTION('',(-0.,-0.,-1.));
#10030 = DIRECTION('',(-0.,-1.,0.));
#10031 = ADVANCED_FACE('',(#10032),#10043,.T.);
#10032 = FACE_BOUND('',#10033,.T.);
#10033 = EDGE_LOOP('',(#10034,#10035,#10041,#10042));
#10034 = ORIENTED_EDGE('',*,*,#8548,.F.);
#10035 = ORIENTED_EDGE('',*,*,#10036,.F.);
#10036 = EDGE_CURVE('',#9029,#8540,#10037,.T.);
#10037 = LINE('',#10038,#10039);
#10038 = CARTESIAN_POINT('',(5.260001,-12.50000062987,-4.5E-02));
#10039 = VECTOR('',#10040,1.);
#10040 = DIRECTION('',(-0.,-0.,-1.));
#10041 = ORIENTED_EDGE('',*,*,#9037,.T.);
#10042 = ORIENTED_EDGE('',*,*,#10018,.T.);
#10043 = PLANE('',#10044);
#10044 = AXIS2_PLACEMENT_3D('',#10045,#10046,#10047);
#10045 = CARTESIAN_POINT('',(20.250001,-12.500001,0.));
#10046 = DIRECTION('',(-2.469135800621E-08,-1.,0.));
#10047 = DIRECTION('',(-1.,2.469135800621E-08,0.));
#10048 = ADVANCED_FACE('',(#10049),#10060,.F.);
#10049 = FACE_BOUND('',#10050,.T.);
#10050 = EDGE_LOOP('',(#10051,#10057,#10058,#10059));
#10051 = ORIENTED_EDGE('',*,*,#10052,.F.);
#10052 = EDGE_CURVE('',#9021,#8532,#10053,.T.);
#10053 = LINE('',#10054,#10055);
#10054 = CARTESIAN_POINT('',(6.160001,-12.50000065209,-4.5E-02));
#10055 = VECTOR('',#10056,1.);
#10056 = DIRECTION('',(-0.,-0.,-1.));
#10057 = ORIENTED_EDGE('',*,*,#9028,.F.);
#10058 = ORIENTED_EDGE('',*,*,#10036,.T.);
#10059 = ORIENTED_EDGE('',*,*,#8539,.T.);
#10060 = CYLINDRICAL_SURFACE('',#10061,0.45);
#10061 = AXIS2_PLACEMENT_3D('',#10062,#10063,#10064);
#10062 = CARTESIAN_POINT('',(5.710001,-12.5,-4.5E-02));
#10063 = DIRECTION('',(-0.,-0.,-1.));
#10064 = DIRECTION('',(-0.,-1.,0.));
#10065 = ADVANCED_FACE('',(#10066),#10077,.T.);
#10066 = FACE_BOUND('',#10067,.T.);
#10067 = EDGE_LOOP('',(#10068,#10069,#10075,#10076));
#10068 = ORIENTED_EDGE('',*,*,#8531,.F.);
#10069 = ORIENTED_EDGE('',*,*,#10070,.F.);
#10070 = EDGE_CURVE('',#9012,#8523,#10071,.T.);
#10071 = LINE('',#10072,#10073);
#10072 = CARTESIAN_POINT('',(7.800001000001,-12.50000069259,-4.5E-02));
#10073 = VECTOR('',#10074,1.);
#10074 = DIRECTION('',(-0.,-0.,-1.));
#10075 = ORIENTED_EDGE('',*,*,#9020,.T.);
#10076 = ORIENTED_EDGE('',*,*,#10052,.T.);
#10077 = PLANE('',#10078);
#10078 = AXIS2_PLACEMENT_3D('',#10079,#10080,#10081);
#10079 = CARTESIAN_POINT('',(20.250001,-12.500001,0.));
#10080 = DIRECTION('',(-2.469135800621E-08,-1.,0.));
#10081 = DIRECTION('',(-1.,2.469135800621E-08,0.));
#10082 = ADVANCED_FACE('',(#10083),#10094,.F.);
#10083 = FACE_BOUND('',#10084,.T.);
#10084 = EDGE_LOOP('',(#10085,#10091,#10092,#10093));
#10085 = ORIENTED_EDGE('',*,*,#10086,.F.);
#10086 = EDGE_CURVE('',#9004,#8515,#10087,.T.);
#10087 = LINE('',#10088,#10089);
#10088 = CARTESIAN_POINT('',(8.700000999999,-12.50000071481,-4.5E-02));
#10089 = VECTOR('',#10090,1.);
#10090 = DIRECTION('',(-0.,-0.,-1.));
#10091 = ORIENTED_EDGE('',*,*,#9011,.F.);
#10092 = ORIENTED_EDGE('',*,*,#10070,.T.);
#10093 = ORIENTED_EDGE('',*,*,#8522,.T.);
#10094 = CYLINDRICAL_SURFACE('',#10095,0.45);
#10095 = AXIS2_PLACEMENT_3D('',#10096,#10097,#10098);
#10096 = CARTESIAN_POINT('',(8.250001,-12.5,-4.5E-02));
#10097 = DIRECTION('',(-0.,-0.,-1.));
#10098 = DIRECTION('',(-3.947459643112E-15,-1.,0.));
#10099 = ADVANCED_FACE('',(#10100),#10111,.T.);
#10100 = FACE_BOUND('',#10101,.T.);
#10101 = EDGE_LOOP('',(#10102,#10103,#10109,#10110));
#10102 = ORIENTED_EDGE('',*,*,#8514,.F.);
#10103 = ORIENTED_EDGE('',*,*,#10104,.F.);
#10104 = EDGE_CURVE('',#8995,#8506,#10105,.T.);
#10105 = LINE('',#10106,#10107);
#10106 = CARTESIAN_POINT('',(10.340001000001,-12.5000007553,-4.5E-02));
#10107 = VECTOR('',#10108,1.);
#10108 = DIRECTION('',(-0.,-0.,-1.));
#10109 = ORIENTED_EDGE('',*,*,#9003,.T.);
#10110 = ORIENTED_EDGE('',*,*,#10086,.T.);
#10111 = PLANE('',#10112);
#10112 = AXIS2_PLACEMENT_3D('',#10113,#10114,#10115);
#10113 = CARTESIAN_POINT('',(20.250001,-12.500001,0.));
#10114 = DIRECTION('',(-2.469135800621E-08,-1.,0.));
#10115 = DIRECTION('',(-1.,2.469135800621E-08,0.));
#10116 = ADVANCED_FACE('',(#10117),#10128,.F.);
#10117 = FACE_BOUND('',#10118,.T.);
#10118 = EDGE_LOOP('',(#10119,#10125,#10126,#10127));
#10119 = ORIENTED_EDGE('',*,*,#10120,.F.);
#10120 = EDGE_CURVE('',#8987,#8498,#10121,.T.);
#10121 = LINE('',#10122,#10123);
#10122 = CARTESIAN_POINT('',(11.240000999999,-12.50000077753,-4.5E-02));
#10123 = VECTOR('',#10124,1.);
#10124 = DIRECTION('',(-0.,-0.,-1.));
#10125 = ORIENTED_EDGE('',*,*,#8994,.F.);
#10126 = ORIENTED_EDGE('',*,*,#10104,.T.);
#10127 = ORIENTED_EDGE('',*,*,#8505,.T.);
#10128 = CYLINDRICAL_SURFACE('',#10129,0.45);
#10129 = AXIS2_PLACEMENT_3D('',#10130,#10131,#10132);
#10130 = CARTESIAN_POINT('',(10.790001,-12.5,-4.5E-02));
#10131 = DIRECTION('',(-0.,-0.,-1.));
#10132 = DIRECTION('',(-0.,-1.,0.));
#10133 = ADVANCED_FACE('',(#10134),#10145,.T.);
#10134 = FACE_BOUND('',#10135,.T.);
#10135 = EDGE_LOOP('',(#10136,#10137,#10143,#10144));
#10136 = ORIENTED_EDGE('',*,*,#8497,.F.);
#10137 = ORIENTED_EDGE('',*,*,#10138,.F.);
#10138 = EDGE_CURVE('',#8978,#8489,#10139,.T.);
#10139 = LINE('',#10140,#10141);
#10140 = CARTESIAN_POINT('',(12.880002000001,-12.50000081802,-4.5E-02));
#10141 = VECTOR('',#10142,1.);
#10142 = DIRECTION('',(-0.,-0.,-1.));
#10143 = ORIENTED_EDGE('',*,*,#8986,.T.);
#10144 = ORIENTED_EDGE('',*,*,#10120,.T.);
#10145 = PLANE('',#10146);
#10146 = AXIS2_PLACEMENT_3D('',#10147,#10148,#10149);
#10147 = CARTESIAN_POINT('',(20.250001,-12.500001,0.));
#10148 = DIRECTION('',(-2.469135800621E-08,-1.,0.));
#10149 = DIRECTION('',(-1.,2.469135800621E-08,0.));
#10150 = ADVANCED_FACE('',(#10151),#10162,.F.);
#10151 = FACE_BOUND('',#10152,.T.);
#10152 = EDGE_LOOP('',(#10153,#10159,#10160,#10161));
#10153 = ORIENTED_EDGE('',*,*,#10154,.F.);
#10154 = EDGE_CURVE('',#8970,#8481,#10155,.T.);
#10155 = LINE('',#10156,#10157);
#10156 = CARTESIAN_POINT('',(13.780001999999,-12.50000084024,-4.5E-02));
#10157 = VECTOR('',#10158,1.);
#10158 = DIRECTION('',(-0.,-0.,-1.));
#10159 = ORIENTED_EDGE('',*,*,#8977,.F.);
#10160 = ORIENTED_EDGE('',*,*,#10138,.T.);
#10161 = ORIENTED_EDGE('',*,*,#8488,.T.);
#10162 = CYLINDRICAL_SURFACE('',#10163,0.45);
#10163 = AXIS2_PLACEMENT_3D('',#10164,#10165,#10166);
#10164 = CARTESIAN_POINT('',(13.330002,-12.5,-4.5E-02));
#10165 = DIRECTION('',(-0.,-0.,-1.));
#10166 = DIRECTION('',(-0.,-1.,0.));
#10167 = ADVANCED_FACE('',(#10168),#10174,.T.);
#10168 = FACE_BOUND('',#10169,.T.);
#10169 = EDGE_LOOP('',(#10170,#10171,#10172,#10173));
#10170 = ORIENTED_EDGE('',*,*,#8480,.F.);
#10171 = ORIENTED_EDGE('',*,*,#8944,.F.);
#10172 = ORIENTED_EDGE('',*,*,#8969,.T.);
#10173 = ORIENTED_EDGE('',*,*,#10154,.T.);
#10174 = PLANE('',#10175);
#10175 = AXIS2_PLACEMENT_3D('',#10176,#10177,#10178);
#10176 = CARTESIAN_POINT('',(20.250001,-12.500001,0.));
#10177 = DIRECTION('',(-2.469135800621E-08,-1.,0.));
#10178 = DIRECTION('',(-1.,2.469135800621E-08,0.));
#10179 = ADVANCED_FACE('',(#10180),#10196,.F.);
#10180 = FACE_BOUND('',#10181,.T.);
#10181 = EDGE_LOOP('',(#10182,#10183,#10189,#10190));
#10182 = ORIENTED_EDGE('',*,*,#8856,.T.);
#10183 = ORIENTED_EDGE('',*,*,#10184,.T.);
#10184 = EDGE_CURVE('',#8859,#9348,#10185,.T.);
#10185 = LINE('',#10186,#10187);
#10186 = CARTESIAN_POINT('',(-18.486,-9.923,-4.5E-02));
#10187 = VECTOR('',#10188,1.);
#10188 = DIRECTION('',(0.,0.,1.));
#10189 = ORIENTED_EDGE('',*,*,#9345,.F.);
#10190 = ORIENTED_EDGE('',*,*,#10191,.F.);
#10191 = EDGE_CURVE('',#8857,#9346,#10192,.T.);
#10192 = LINE('',#10193,#10194);
#10193 = CARTESIAN_POINT('',(-17.986,-9.923,-4.5E-02));
#10194 = VECTOR('',#10195,1.);
#10195 = DIRECTION('',(0.,0.,1.));
#10196 = CYLINDRICAL_SURFACE('',#10197,0.25);
#10197 = AXIS2_PLACEMENT_3D('',#10198,#10199,#10200);
#10198 = CARTESIAN_POINT('',(-18.236,-9.923,-4.5E-02));
#10199 = DIRECTION('',(-0.,-0.,-1.));
#10200 = DIRECTION('',(-1.,0.,-0.));
#10201 = ADVANCED_FACE('',(#10202),#10213,.T.);
#10202 = FACE_BOUND('',#10203,.T.);
#10203 = EDGE_LOOP('',(#10204,#10205,#10211,#10212));
#10204 = ORIENTED_EDGE('',*,*,#8884,.F.);
#10205 = ORIENTED_EDGE('',*,*,#10206,.T.);
#10206 = EDGE_CURVE('',#8876,#9365,#10207,.T.);
#10207 = LINE('',#10208,#10209);
#10208 = CARTESIAN_POINT('',(-18.486,-8.923,-4.5E-02));
#10209 = VECTOR('',#10210,1.);
#10210 = DIRECTION('',(0.,0.,1.));
#10211 = ORIENTED_EDGE('',*,*,#9373,.T.);
#10212 = ORIENTED_EDGE('',*,*,#10184,.F.);
#10213 = PLANE('',#10214);
#10214 = AXIS2_PLACEMENT_3D('',#10215,#10216,#10217);
#10215 = CARTESIAN_POINT('',(-18.486,-8.923,-4.5E-02));
#10216 = DIRECTION('',(1.,0.,-0.));
#10217 = DIRECTION('',(0.,-1.,0.));
#10218 = ADVANCED_FACE('',(#10219),#10230,.F.);
#10219 = FACE_BOUND('',#10220,.T.);
#10220 = EDGE_LOOP('',(#10221,#10222,#10228,#10229));
#10221 = ORIENTED_EDGE('',*,*,#8875,.T.);
#10222 = ORIENTED_EDGE('',*,*,#10223,.T.);
#10223 = EDGE_CURVE('',#8868,#9357,#10224,.T.);
#10224 = LINE('',#10225,#10226);
#10225 = CARTESIAN_POINT('',(-17.986,-8.923,-4.5E-02));
#10226 = VECTOR('',#10227,1.);
#10227 = DIRECTION('',(0.,0.,1.));
#10228 = ORIENTED_EDGE('',*,*,#9364,.F.);
#10229 = ORIENTED_EDGE('',*,*,#10206,.F.);
#10230 = CYLINDRICAL_SURFACE('',#10231,0.25);
#10231 = AXIS2_PLACEMENT_3D('',#10232,#10233,#10234);
#10232 = CARTESIAN_POINT('',(-18.236,-8.923,-4.5E-02));
#10233 = DIRECTION('',(-0.,-0.,-1.));
#10234 = DIRECTION('',(1.,0.,-0.));
#10235 = ADVANCED_FACE('',(#10236),#10242,.T.);
#10236 = FACE_BOUND('',#10237,.T.);
#10237 = EDGE_LOOP('',(#10238,#10239,#10240,#10241));
#10238 = ORIENTED_EDGE('',*,*,#8867,.F.);
#10239 = ORIENTED_EDGE('',*,*,#10191,.T.);
#10240 = ORIENTED_EDGE('',*,*,#9356,.T.);
#10241 = ORIENTED_EDGE('',*,*,#10223,.F.);
#10242 = PLANE('',#10243);
#10243 = AXIS2_PLACEMENT_3D('',#10244,#10245,#10246);
#10244 = CARTESIAN_POINT('',(-17.986,-9.923,-4.5E-02));
#10245 = DIRECTION('',(-1.,0.,0.));
#10246 = DIRECTION('',(0.,1.,0.));
#10247 = ADVANCED_FACE('',(#10248),#10264,.F.);
#10248 = FACE_BOUND('',#10249,.T.);
#10249 = EDGE_LOOP('',(#10250,#10251,#10257,#10258));
#10250 = ORIENTED_EDGE('',*,*,#8892,.T.);
#10251 = ORIENTED_EDGE('',*,*,#10252,.T.);
#10252 = EDGE_CURVE('',#8895,#9384,#10253,.T.);
#10253 = LINE('',#10254,#10255);
#10254 = CARTESIAN_POINT('',(19.000001,9.,-4.5E-02));
#10255 = VECTOR('',#10256,1.);
#10256 = DIRECTION('',(0.,0.,1.));
#10257 = ORIENTED_EDGE('',*,*,#9381,.F.);
#10258 = ORIENTED_EDGE('',*,*,#10259,.F.);
#10259 = EDGE_CURVE('',#8893,#9382,#10260,.T.);
#10260 = LINE('',#10261,#10262);
#10261 = CARTESIAN_POINT('',(19.500001,9.,-4.5E-02));
#10262 = VECTOR('',#10263,1.);
#10263 = DIRECTION('',(0.,0.,1.));
#10264 = CYLINDRICAL_SURFACE('',#10265,0.25);
#10265 = AXIS2_PLACEMENT_3D('',#10266,#10267,#10268);
#10266 = CARTESIAN_POINT('',(19.250001,9.,-4.5E-02));
#10267 = DIRECTION('',(-0.,-0.,-1.));
#10268 = DIRECTION('',(-1.,0.,-0.));
#10269 = ADVANCED_FACE('',(#10270),#10281,.T.);
#10270 = FACE_BOUND('',#10271,.T.);
#10271 = EDGE_LOOP('',(#10272,#10273,#10279,#10280));
#10272 = ORIENTED_EDGE('',*,*,#8920,.F.);
#10273 = ORIENTED_EDGE('',*,*,#10274,.T.);
#10274 = EDGE_CURVE('',#8912,#9401,#10275,.T.);
#10275 = LINE('',#10276,#10277);
#10276 = CARTESIAN_POINT('',(19.000001,10.,-4.5E-02));
#10277 = VECTOR('',#10278,1.);
#10278 = DIRECTION('',(0.,0.,1.));
#10279 = ORIENTED_EDGE('',*,*,#9409,.T.);
#10280 = ORIENTED_EDGE('',*,*,#10252,.F.);
#10281 = PLANE('',#10282);
#10282 = AXIS2_PLACEMENT_3D('',#10283,#10284,#10285);
#10283 = CARTESIAN_POINT('',(19.000001,10.,-4.5E-02));
#10284 = DIRECTION('',(1.,0.,-0.));
#10285 = DIRECTION('',(0.,-1.,0.));
#10286 = ADVANCED_FACE('',(#10287),#10298,.F.);
#10287 = FACE_BOUND('',#10288,.T.);
#10288 = EDGE_LOOP('',(#10289,#10290,#10296,#10297));
#10289 = ORIENTED_EDGE('',*,*,#8911,.T.);
#10290 = ORIENTED_EDGE('',*,*,#10291,.T.);
#10291 = EDGE_CURVE('',#8904,#9393,#10292,.T.);
#10292 = LINE('',#10293,#10294);
#10293 = CARTESIAN_POINT('',(19.500001,10.,-4.5E-02));
#10294 = VECTOR('',#10295,1.);
#10295 = DIRECTION('',(0.,0.,1.));
#10296 = ORIENTED_EDGE('',*,*,#9400,.F.);
#10297 = ORIENTED_EDGE('',*,*,#10274,.F.);
#10298 = CYLINDRICAL_SURFACE('',#10299,0.25);
#10299 = AXIS2_PLACEMENT_3D('',#10300,#10301,#10302);
#10300 = CARTESIAN_POINT('',(19.250001,10.,-4.5E-02));
#10301 = DIRECTION('',(-0.,-0.,-1.));
#10302 = DIRECTION('',(1.,0.,-0.));
#10303 = ADVANCED_FACE('',(#10304),#10310,.T.);
#10304 = FACE_BOUND('',#10305,.T.);
#10305 = EDGE_LOOP('',(#10306,#10307,#10308,#10309));
#10306 = ORIENTED_EDGE('',*,*,#8903,.F.);
#10307 = ORIENTED_EDGE('',*,*,#10259,.T.);
#10308 = ORIENTED_EDGE('',*,*,#9392,.T.);
#10309 = ORIENTED_EDGE('',*,*,#10291,.F.);
#10310 = PLANE('',#10311);
#10311 = AXIS2_PLACEMENT_3D('',#10312,#10313,#10314);
#10312 = CARTESIAN_POINT('',(19.500001,9.,-4.5E-02));
#10313 = DIRECTION('',(-1.,0.,0.));
#10314 = DIRECTION('',(0.,1.,0.));
#10315 = ( GEOMETRIC_REPRESENTATION_CONTEXT(3) 
GLOBAL_UNCERTAINTY_ASSIGNED_CONTEXT((#10319)) 
GLOBAL_UNIT_ASSIGNED_CONTEXT((#10316,#10317,#10318)) 
REPRESENTATION_CONTEXT('Context #1',
  '3D Context with UNIT and UNCERTAINTY') );
#10316 = ( LENGTH_UNIT() NAMED_UNIT(*) SI_UNIT(.MILLI.,.METRE.) );
#10317 = ( NAMED_UNIT(*) PLANE_ANGLE_UNIT() SI_UNIT($,.RADIAN.) );
#10318 = ( NAMED_UNIT(*) SI_UNIT($,.STERADIAN.) SOLID_ANGLE_UNIT() );
#10319 = UNCERTAINTY_MEASURE_WITH_UNIT(LENGTH_MEASURE(2.E-05),#10316,
  'distance_accuracy_value','confusion accuracy');
#10320 = CONTEXT_DEPENDENT_SHAPE_REPRESENTATION(#10321,#10323);
#10321 = ( REPRESENTATION_RELATIONSHIP('','',#8415,#10) 
REPRESENTATION_RELATIONSHIP_WITH_TRANSFORMATION(#10322) 
SHAPE_REPRESENTATION_RELATIONSHIP() );
#10322 = ITEM_DEFINED_TRANSFORMATION('','',#11,#383);
#10323 = PRODUCT_DEFINITION_SHAPE('Placement','Placement of an item',
  #10324);
#10324 = NEXT_ASSEMBLY_USAGE_OCCURRENCE('99','=>[0:1:1:14]','',#5,#8410,
  $);
#10325 = PRODUCT_RELATED_PRODUCT_CATEGORY('part',$,(#8412));
#10326 = MECHANICAL_DESIGN_GEOMETRIC_PRESENTATION_REPRESENTATION('',(
    #10327,#10335,#10342,#10349,#10356,#10363,#10370,#10377,#10384,
    #10391,#10398,#10406,#10413,#10420,#10427,#10434,#10441,#10448,
    #10455,#10462,#10469,#10476,#10483,#10490,#10497,#10504,#10511,
    #10518),#2110);
#10327 = STYLED_ITEM('color',(#10328),#1258);
#10328 = PRESENTATION_STYLE_ASSIGNMENT((#10329));
#10329 = SURFACE_STYLE_USAGE(.BOTH.,#10330);
#10330 = SURFACE_SIDE_STYLE('',(#10331));
#10331 = SURFACE_STYLE_FILL_AREA(#10332);
#10332 = FILL_AREA_STYLE('',(#10333));
#10333 = FILL_AREA_STYLE_COLOUR('',#10334);
#10334 = COLOUR_RGB('',0.823999987314,0.819999987296,0.781000009244);
#10335 = STYLED_ITEM('color',(#10336),#1334);
#10336 = PRESENTATION_STYLE_ASSIGNMENT((#10337));
#10337 = SURFACE_STYLE_USAGE(.BOTH.,#10338);
#10338 = SURFACE_SIDE_STYLE('',(#10339));
#10339 = SURFACE_STYLE_FILL_AREA(#10340);
#10340 = FILL_AREA_STYLE('',(#10341));
#10341 = FILL_AREA_STYLE_COLOUR('',#10334);
#10342 = STYLED_ITEM('color',(#10343),#1365);
#10343 = PRESENTATION_STYLE_ASSIGNMENT((#10344));
#10344 = SURFACE_STYLE_USAGE(.BOTH.,#10345);
#10345 = SURFACE_SIDE_STYLE('',(#10346));
#10346 = SURFACE_STYLE_FILL_AREA(#10347);
#10347 = FILL_AREA_STYLE('',(#10348));
#10348 = FILL_AREA_STYLE_COLOUR('',#10334);
#10349 = STYLED_ITEM('color',(#10350),#1390);
#10350 = PRESENTATION_STYLE_ASSIGNMENT((#10351));
#10351 = SURFACE_STYLE_USAGE(.BOTH.,#10352);
#10352 = SURFACE_SIDE_STYLE('',(#10353));
#10353 = SURFACE_STYLE_FILL_AREA(#10354);
#10354 = FILL_AREA_STYLE('',(#10355));
#10355 = FILL_AREA_STYLE_COLOUR('',#10334);
#10356 = STYLED_ITEM('color',(#10357),#1415);
#10357 = PRESENTATION_STYLE_ASSIGNMENT((#10358));
#10358 = SURFACE_STYLE_USAGE(.BOTH.,#10359);
#10359 = SURFACE_SIDE_STYLE('',(#10360));
#10360 = SURFACE_STYLE_FILL_AREA(#10361);
#10361 = FILL_AREA_STYLE('',(#10362));
#10362 = FILL_AREA_STYLE_COLOUR('',#10334);
#10363 = STYLED_ITEM('color',(#10364),#1439);
#10364 = PRESENTATION_STYLE_ASSIGNMENT((#10365));
#10365 = SURFACE_STYLE_USAGE(.BOTH.,#10366);
#10366 = SURFACE_SIDE_STYLE('',(#10367));
#10367 = SURFACE_STYLE_FILL_AREA(#10368);
#10368 = FILL_AREA_STYLE('',(#10369));
#10369 = FILL_AREA_STYLE_COLOUR('',#10334);
#10370 = STYLED_ITEM('color',(#10371),#1463);
#10371 = PRESENTATION_STYLE_ASSIGNMENT((#10372));
#10372 = SURFACE_STYLE_USAGE(.BOTH.,#10373);
#10373 = SURFACE_SIDE_STYLE('',(#10374));
#10374 = SURFACE_STYLE_FILL_AREA(#10375);
#10375 = FILL_AREA_STYLE('',(#10376));
#10376 = FILL_AREA_STYLE_COLOUR('',#10334);
#10377 = STYLED_ITEM('color',(#10378),#1488);
#10378 = PRESENTATION_STYLE_ASSIGNMENT((#10379));
#10379 = SURFACE_STYLE_USAGE(.BOTH.,#10380);
#10380 = SURFACE_SIDE_STYLE('',(#10381));
#10381 = SURFACE_STYLE_FILL_AREA(#10382);
#10382 = FILL_AREA_STYLE('',(#10383));
#10383 = FILL_AREA_STYLE_COLOUR('',#10334);
#10384 = STYLED_ITEM('color',(#10385),#1513);
#10385 = PRESENTATION_STYLE_ASSIGNMENT((#10386));
#10386 = SURFACE_STYLE_USAGE(.BOTH.,#10387);
#10387 = SURFACE_SIDE_STYLE('',(#10388));
#10388 = SURFACE_STYLE_FILL_AREA(#10389);
#10389 = FILL_AREA_STYLE('',(#10390));
#10390 = FILL_AREA_STYLE_COLOUR('',#10334);
#10391 = STYLED_ITEM('color',(#10392),#1530);
#10392 = PRESENTATION_STYLE_ASSIGNMENT((#10393));
#10393 = SURFACE_STYLE_USAGE(.BOTH.,#10394);
#10394 = SURFACE_SIDE_STYLE('',(#10395));
#10395 = SURFACE_STYLE_FILL_AREA(#10396);
#10396 = FILL_AREA_STYLE('',(#10397));
#10397 = FILL_AREA_STYLE_COLOUR('',#10334);
#10398 = STYLED_ITEM('color',(#10399),#1616);
#10399 = PRESENTATION_STYLE_ASSIGNMENT((#10400));
#10400 = SURFACE_STYLE_USAGE(.BOTH.,#10401);
#10401 = SURFACE_SIDE_STYLE('',(#10402));
#10402 = SURFACE_STYLE_FILL_AREA(#10403);
#10403 = FILL_AREA_STYLE('',(#10404));
#10404 = FILL_AREA_STYLE_COLOUR('',#10405);
#10405 = COLOUR_RGB('',0.379000005575,0.270000008848,0.214999999939);
#10406 = STYLED_ITEM('color',(#10407),#1648);
#10407 = PRESENTATION_STYLE_ASSIGNMENT((#10408));
#10408 = SURFACE_STYLE_USAGE(.BOTH.,#10409);
#10409 = SURFACE_SIDE_STYLE('',(#10410));
#10410 = SURFACE_STYLE_FILL_AREA(#10411);
#10411 = FILL_AREA_STYLE('',(#10412));
#10412 = FILL_AREA_STYLE_COLOUR('',#10405);
#10413 = STYLED_ITEM('color',(#10414),#1672);
#10414 = PRESENTATION_STYLE_ASSIGNMENT((#10415));
#10415 = SURFACE_STYLE_USAGE(.BOTH.,#10416);
#10416 = SURFACE_SIDE_STYLE('',(#10417));
#10417 = SURFACE_STYLE_FILL_AREA(#10418);
#10418 = FILL_AREA_STYLE('',(#10419));
#10419 = FILL_AREA_STYLE_COLOUR('',#10405);
#10420 = STYLED_ITEM('color',(#10421),#1697);
#10421 = PRESENTATION_STYLE_ASSIGNMENT((#10422));
#10422 = SURFACE_STYLE_USAGE(.BOTH.,#10423);
#10423 = SURFACE_SIDE_STYLE('',(#10424));
#10424 = SURFACE_STYLE_FILL_AREA(#10425);
#10425 = FILL_AREA_STYLE('',(#10426));
#10426 = FILL_AREA_STYLE_COLOUR('',#10405);
#10427 = STYLED_ITEM('color',(#10428),#1721);
#10428 = PRESENTATION_STYLE_ASSIGNMENT((#10429));
#10429 = SURFACE_STYLE_USAGE(.BOTH.,#10430);
#10430 = SURFACE_SIDE_STYLE('',(#10431));
#10431 = SURFACE_STYLE_FILL_AREA(#10432);
#10432 = FILL_AREA_STYLE('',(#10433));
#10433 = FILL_AREA_STYLE_COLOUR('',#10405);
#10434 = STYLED_ITEM('color',(#10435),#1746);
#10435 = PRESENTATION_STYLE_ASSIGNMENT((#10436));
#10436 = SURFACE_STYLE_USAGE(.BOTH.,#10437);
#10437 = SURFACE_SIDE_STYLE('',(#10438));
#10438 = SURFACE_STYLE_FILL_AREA(#10439);
#10439 = FILL_AREA_STYLE('',(#10440));
#10440 = FILL_AREA_STYLE_COLOUR('',#10405);
#10441 = STYLED_ITEM('color',(#10442),#1770);
#10442 = PRESENTATION_STYLE_ASSIGNMENT((#10443));
#10443 = SURFACE_STYLE_USAGE(.BOTH.,#10444);
#10444 = SURFACE_SIDE_STYLE('',(#10445));
#10445 = SURFACE_STYLE_FILL_AREA(#10446);
#10446 = FILL_AREA_STYLE('',(#10447));
#10447 = FILL_AREA_STYLE_COLOUR('',#10405);
#10448 = STYLED_ITEM('color',(#10449),#1795);
#10449 = PRESENTATION_STYLE_ASSIGNMENT((#10450));
#10450 = SURFACE_STYLE_USAGE(.BOTH.,#10451);
#10451 = SURFACE_SIDE_STYLE('',(#10452));
#10452 = SURFACE_STYLE_FILL_AREA(#10453);
#10453 = FILL_AREA_STYLE('',(#10454));
#10454 = FILL_AREA_STYLE_COLOUR('',#10405);
#10455 = STYLED_ITEM('color',(#10456),#1812);
#10456 = PRESENTATION_STYLE_ASSIGNMENT((#10457));
#10457 = SURFACE_STYLE_USAGE(.BOTH.,#10458);
#10458 = SURFACE_SIDE_STYLE('',(#10459));
#10459 = SURFACE_STYLE_FILL_AREA(#10460);
#10460 = FILL_AREA_STYLE('',(#10461));
#10461 = FILL_AREA_STYLE_COLOUR('',#10334);
#10462 = STYLED_ITEM('color',(#10463),#1898);
#10463 = PRESENTATION_STYLE_ASSIGNMENT((#10464));
#10464 = SURFACE_STYLE_USAGE(.BOTH.,#10465);
#10465 = SURFACE_SIDE_STYLE('',(#10466));
#10466 = SURFACE_STYLE_FILL_AREA(#10467);
#10467 = FILL_AREA_STYLE('',(#10468));
#10468 = FILL_AREA_STYLE_COLOUR('',#10334);
#10469 = STYLED_ITEM('color',(#10470),#1929);
#10470 = PRESENTATION_STYLE_ASSIGNMENT((#10471));
#10471 = SURFACE_STYLE_USAGE(.BOTH.,#10472);
#10472 = SURFACE_SIDE_STYLE('',(#10473));
#10473 = SURFACE_STYLE_FILL_AREA(#10474);
#10474 = FILL_AREA_STYLE('',(#10475));
#10475 = FILL_AREA_STYLE_COLOUR('',#10334);
#10476 = STYLED_ITEM('color',(#10477),#1954);
#10477 = PRESENTATION_STYLE_ASSIGNMENT((#10478));
#10478 = SURFACE_STYLE_USAGE(.BOTH.,#10479);
#10479 = SURFACE_SIDE_STYLE('',(#10480));
#10480 = SURFACE_STYLE_FILL_AREA(#10481);
#10481 = FILL_AREA_STYLE('',(#10482));
#10482 = FILL_AREA_STYLE_COLOUR('',#10334);
#10483 = STYLED_ITEM('color',(#10484),#1979);
#10484 = PRESENTATION_STYLE_ASSIGNMENT((#10485));
#10485 = SURFACE_STYLE_USAGE(.BOTH.,#10486);
#10486 = SURFACE_SIDE_STYLE('',(#10487));
#10487 = SURFACE_STYLE_FILL_AREA(#10488);
#10488 = FILL_AREA_STYLE('',(#10489));
#10489 = FILL_AREA_STYLE_COLOUR('',#10334);
#10490 = STYLED_ITEM('color',(#10491),#2003);
#10491 = PRESENTATION_STYLE_ASSIGNMENT((#10492));
#10492 = SURFACE_STYLE_USAGE(.BOTH.,#10493);
#10493 = SURFACE_SIDE_STYLE('',(#10494));
#10494 = SURFACE_STYLE_FILL_AREA(#10495);
#10495 = FILL_AREA_STYLE('',(#10496));
#10496 = FILL_AREA_STYLE_COLOUR('',#10334);
#10497 = STYLED_ITEM('color',(#10498),#2027);
#10498 = PRESENTATION_STYLE_ASSIGNMENT((#10499));
#10499 = SURFACE_STYLE_USAGE(.BOTH.,#10500);
#10500 = SURFACE_SIDE_STYLE('',(#10501));
#10501 = SURFACE_STYLE_FILL_AREA(#10502);
#10502 = FILL_AREA_STYLE('',(#10503));
#10503 = FILL_AREA_STYLE_COLOUR('',#10334);
#10504 = STYLED_ITEM('color',(#10505),#2052);
#10505 = PRESENTATION_STYLE_ASSIGNMENT((#10506));
#10506 = SURFACE_STYLE_USAGE(.BOTH.,#10507);
#10507 = SURFACE_SIDE_STYLE('',(#10508));
#10508 = SURFACE_STYLE_FILL_AREA(#10509);
#10509 = FILL_AREA_STYLE('',(#10510));
#10510 = FILL_AREA_STYLE_COLOUR('',#10334);
#10511 = STYLED_ITEM('color',(#10512),#2077);
#10512 = PRESENTATION_STYLE_ASSIGNMENT((#10513));
#10513 = SURFACE_STYLE_USAGE(.BOTH.,#10514);
#10514 = SURFACE_SIDE_STYLE('',(#10515));
#10515 = SURFACE_STYLE_FILL_AREA(#10516);
#10516 = FILL_AREA_STYLE('',(#10517));
#10517 = FILL_AREA_STYLE_COLOUR('',#10334);
#10518 = STYLED_ITEM('color',(#10519),#2094);
#10519 = PRESENTATION_STYLE_ASSIGNMENT((#10520));
#10520 = SURFACE_STYLE_USAGE(.BOTH.,#10521);
#10521 = SURFACE_SIDE_STYLE('',(#10522));
#10522 = SURFACE_STYLE_FILL_AREA(#10523);
#10523 = FILL_AREA_STYLE('',(#10524));
#10524 = FILL_AREA_STYLE_COLOUR('',#10334);
#10525 = MECHANICAL_DESIGN_GEOMETRIC_PRESENTATION_REPRESENTATION('',(
    #10526,#10533,#10540,#10547,#10554,#10561,#10568,#10575,#10582,
    #10589,#10596,#10604,#10611,#10618,#10625,#10632,#10639,#10646,
    #10653,#10660,#10667,#10674,#10681,#10688,#10695,#10702,#10709,
    #10716),#3932);
#10526 = STYLED_ITEM('color',(#10527),#3080);
#10527 = PRESENTATION_STYLE_ASSIGNMENT((#10528));
#10528 = SURFACE_STYLE_USAGE(.BOTH.,#10529);
#10529 = SURFACE_SIDE_STYLE('',(#10530));
#10530 = SURFACE_STYLE_FILL_AREA(#10531);
#10531 = FILL_AREA_STYLE('',(#10532));
#10532 = FILL_AREA_STYLE_COLOUR('',#10334);
#10533 = STYLED_ITEM('color',(#10534),#3156);
#10534 = PRESENTATION_STYLE_ASSIGNMENT((#10535));
#10535 = SURFACE_STYLE_USAGE(.BOTH.,#10536);
#10536 = SURFACE_SIDE_STYLE('',(#10537));
#10537 = SURFACE_STYLE_FILL_AREA(#10538);
#10538 = FILL_AREA_STYLE('',(#10539));
#10539 = FILL_AREA_STYLE_COLOUR('',#10334);
#10540 = STYLED_ITEM('color',(#10541),#3187);
#10541 = PRESENTATION_STYLE_ASSIGNMENT((#10542));
#10542 = SURFACE_STYLE_USAGE(.BOTH.,#10543);
#10543 = SURFACE_SIDE_STYLE('',(#10544));
#10544 = SURFACE_STYLE_FILL_AREA(#10545);
#10545 = FILL_AREA_STYLE('',(#10546));
#10546 = FILL_AREA_STYLE_COLOUR('',#10334);
#10547 = STYLED_ITEM('color',(#10548),#3212);
#10548 = PRESENTATION_STYLE_ASSIGNMENT((#10549));
#10549 = SURFACE_STYLE_USAGE(.BOTH.,#10550);
#10550 = SURFACE_SIDE_STYLE('',(#10551));
#10551 = SURFACE_STYLE_FILL_AREA(#10552);
#10552 = FILL_AREA_STYLE('',(#10553));
#10553 = FILL_AREA_STYLE_COLOUR('',#10334);
#10554 = STYLED_ITEM('color',(#10555),#3237);
#10555 = PRESENTATION_STYLE_ASSIGNMENT((#10556));
#10556 = SURFACE_STYLE_USAGE(.BOTH.,#10557);
#10557 = SURFACE_SIDE_STYLE('',(#10558));
#10558 = SURFACE_STYLE_FILL_AREA(#10559);
#10559 = FILL_AREA_STYLE('',(#10560));
#10560 = FILL_AREA_STYLE_COLOUR('',#10334);
#10561 = STYLED_ITEM('color',(#10562),#3261);
#10562 = PRESENTATION_STYLE_ASSIGNMENT((#10563));
#10563 = SURFACE_STYLE_USAGE(.BOTH.,#10564);
#10564 = SURFACE_SIDE_STYLE('',(#10565));
#10565 = SURFACE_STYLE_FILL_AREA(#10566);
#10566 = FILL_AREA_STYLE('',(#10567));
#10567 = FILL_AREA_STYLE_COLOUR('',#10334);
#10568 = STYLED_ITEM('color',(#10569),#3285);
#10569 = PRESENTATION_STYLE_ASSIGNMENT((#10570));
#10570 = SURFACE_STYLE_USAGE(.BOTH.,#10571);
#10571 = SURFACE_SIDE_STYLE('',(#10572));
#10572 = SURFACE_STYLE_FILL_AREA(#10573);
#10573 = FILL_AREA_STYLE('',(#10574));
#10574 = FILL_AREA_STYLE_COLOUR('',#10334);
#10575 = STYLED_ITEM('color',(#10576),#3310);
#10576 = PRESENTATION_STYLE_ASSIGNMENT((#10577));
#10577 = SURFACE_STYLE_USAGE(.BOTH.,#10578);
#10578 = SURFACE_SIDE_STYLE('',(#10579));
#10579 = SURFACE_STYLE_FILL_AREA(#10580);
#10580 = FILL_AREA_STYLE('',(#10581));
#10581 = FILL_AREA_STYLE_COLOUR('',#10334);
#10582 = STYLED_ITEM('color',(#10583),#3335);
#10583 = PRESENTATION_STYLE_ASSIGNMENT((#10584));
#10584 = SURFACE_STYLE_USAGE(.BOTH.,#10585);
#10585 = SURFACE_SIDE_STYLE('',(#10586));
#10586 = SURFACE_STYLE_FILL_AREA(#10587);
#10587 = FILL_AREA_STYLE('',(#10588));
#10588 = FILL_AREA_STYLE_COLOUR('',#10334);
#10589 = STYLED_ITEM('color',(#10590),#3352);
#10590 = PRESENTATION_STYLE_ASSIGNMENT((#10591));
#10591 = SURFACE_STYLE_USAGE(.BOTH.,#10592);
#10592 = SURFACE_SIDE_STYLE('',(#10593));
#10593 = SURFACE_STYLE_FILL_AREA(#10594);
#10594 = FILL_AREA_STYLE('',(#10595));
#10595 = FILL_AREA_STYLE_COLOUR('',#10334);
#10596 = STYLED_ITEM('color',(#10597),#3438);
#10597 = PRESENTATION_STYLE_ASSIGNMENT((#10598));
#10598 = SURFACE_STYLE_USAGE(.BOTH.,#10599);
#10599 = SURFACE_SIDE_STYLE('',(#10600));
#10600 = SURFACE_STYLE_FILL_AREA(#10601);
#10601 = FILL_AREA_STYLE('',(#10602));
#10602 = FILL_AREA_STYLE_COLOUR('',#10603);
#10603 = COLOUR_RGB('',0.272999999305,0.272999999305,0.272999999305);
#10604 = STYLED_ITEM('color',(#10605),#3470);
#10605 = PRESENTATION_STYLE_ASSIGNMENT((#10606));
#10606 = SURFACE_STYLE_USAGE(.BOTH.,#10607);
#10607 = SURFACE_SIDE_STYLE('',(#10608));
#10608 = SURFACE_STYLE_FILL_AREA(#10609);
#10609 = FILL_AREA_STYLE('',(#10610));
#10610 = FILL_AREA_STYLE_COLOUR('',#10603);
#10611 = STYLED_ITEM('color',(#10612),#3494);
#10612 = PRESENTATION_STYLE_ASSIGNMENT((#10613));
#10613 = SURFACE_STYLE_USAGE(.BOTH.,#10614);
#10614 = SURFACE_SIDE_STYLE('',(#10615));
#10615 = SURFACE_STYLE_FILL_AREA(#10616);
#10616 = FILL_AREA_STYLE('',(#10617));
#10617 = FILL_AREA_STYLE_COLOUR('',#10603);
#10618 = STYLED_ITEM('color',(#10619),#3519);
#10619 = PRESENTATION_STYLE_ASSIGNMENT((#10620));
#10620 = SURFACE_STYLE_USAGE(.BOTH.,#10621);
#10621 = SURFACE_SIDE_STYLE('',(#10622));
#10622 = SURFACE_STYLE_FILL_AREA(#10623);
#10623 = FILL_AREA_STYLE('',(#10624));
#10624 = FILL_AREA_STYLE_COLOUR('',#10603);
#10625 = STYLED_ITEM('color',(#10626),#3543);
#10626 = PRESENTATION_STYLE_ASSIGNMENT((#10627));
#10627 = SURFACE_STYLE_USAGE(.BOTH.,#10628);
#10628 = SURFACE_SIDE_STYLE('',(#10629));
#10629 = SURFACE_STYLE_FILL_AREA(#10630);
#10630 = FILL_AREA_STYLE('',(#10631));
#10631 = FILL_AREA_STYLE_COLOUR('',#10603);
#10632 = STYLED_ITEM('color',(#10633),#3568);
#10633 = PRESENTATION_STYLE_ASSIGNMENT((#10634));
#10634 = SURFACE_STYLE_USAGE(.BOTH.,#10635);
#10635 = SURFACE_SIDE_STYLE('',(#10636));
#10636 = SURFACE_STYLE_FILL_AREA(#10637);
#10637 = FILL_AREA_STYLE('',(#10638));
#10638 = FILL_AREA_STYLE_COLOUR('',#10603);
#10639 = STYLED_ITEM('color',(#10640),#3592);
#10640 = PRESENTATION_STYLE_ASSIGNMENT((#10641));
#10641 = SURFACE_STYLE_USAGE(.BOTH.,#10642);
#10642 = SURFACE_SIDE_STYLE('',(#10643));
#10643 = SURFACE_STYLE_FILL_AREA(#10644);
#10644 = FILL_AREA_STYLE('',(#10645));
#10645 = FILL_AREA_STYLE_COLOUR('',#10603);
#10646 = STYLED_ITEM('color',(#10647),#3617);
#10647 = PRESENTATION_STYLE_ASSIGNMENT((#10648));
#10648 = SURFACE_STYLE_USAGE(.BOTH.,#10649);
#10649 = SURFACE_SIDE_STYLE('',(#10650));
#10650 = SURFACE_STYLE_FILL_AREA(#10651);
#10651 = FILL_AREA_STYLE('',(#10652));
#10652 = FILL_AREA_STYLE_COLOUR('',#10603);
#10653 = STYLED_ITEM('color',(#10654),#3634);
#10654 = PRESENTATION_STYLE_ASSIGNMENT((#10655));
#10655 = SURFACE_STYLE_USAGE(.BOTH.,#10656);
#10656 = SURFACE_SIDE_STYLE('',(#10657));
#10657 = SURFACE_STYLE_FILL_AREA(#10658);
#10658 = FILL_AREA_STYLE('',(#10659));
#10659 = FILL_AREA_STYLE_COLOUR('',#10334);
#10660 = STYLED_ITEM('color',(#10661),#3720);
#10661 = PRESENTATION_STYLE_ASSIGNMENT((#10662));
#10662 = SURFACE_STYLE_USAGE(.BOTH.,#10663);
#10663 = SURFACE_SIDE_STYLE('',(#10664));
#10664 = SURFACE_STYLE_FILL_AREA(#10665);
#10665 = FILL_AREA_STYLE('',(#10666));
#10666 = FILL_AREA_STYLE_COLOUR('',#10334);
#10667 = STYLED_ITEM('color',(#10668),#3751);
#10668 = PRESENTATION_STYLE_ASSIGNMENT((#10669));
#10669 = SURFACE_STYLE_USAGE(.BOTH.,#10670);
#10670 = SURFACE_SIDE_STYLE('',(#10671));
#10671 = SURFACE_STYLE_FILL_AREA(#10672);
#10672 = FILL_AREA_STYLE('',(#10673));
#10673 = FILL_AREA_STYLE_COLOUR('',#10334);
#10674 = STYLED_ITEM('color',(#10675),#3776);
#10675 = PRESENTATION_STYLE_ASSIGNMENT((#10676));
#10676 = SURFACE_STYLE_USAGE(.BOTH.,#10677);
#10677 = SURFACE_SIDE_STYLE('',(#10678));
#10678 = SURFACE_STYLE_FILL_AREA(#10679);
#10679 = FILL_AREA_STYLE('',(#10680));
#10680 = FILL_AREA_STYLE_COLOUR('',#10334);
#10681 = STYLED_ITEM('color',(#10682),#3801);
#10682 = PRESENTATION_STYLE_ASSIGNMENT((#10683));
#10683 = SURFACE_STYLE_USAGE(.BOTH.,#10684);
#10684 = SURFACE_SIDE_STYLE('',(#10685));
#10685 = SURFACE_STYLE_FILL_AREA(#10686);
#10686 = FILL_AREA_STYLE('',(#10687));
#10687 = FILL_AREA_STYLE_COLOUR('',#10334);
#10688 = STYLED_ITEM('color',(#10689),#3825);
#10689 = PRESENTATION_STYLE_ASSIGNMENT((#10690));
#10690 = SURFACE_STYLE_USAGE(.BOTH.,#10691);
#10691 = SURFACE_SIDE_STYLE('',(#10692));
#10692 = SURFACE_STYLE_FILL_AREA(#10693);
#10693 = FILL_AREA_STYLE('',(#10694));
#10694 = FILL_AREA_STYLE_COLOUR('',#10334);
#10695 = STYLED_ITEM('color',(#10696),#3849);
#10696 = PRESENTATION_STYLE_ASSIGNMENT((#10697));
#10697 = SURFACE_STYLE_USAGE(.BOTH.,#10698);
#10698 = SURFACE_SIDE_STYLE('',(#10699));
#10699 = SURFACE_STYLE_FILL_AREA(#10700);
#10700 = FILL_AREA_STYLE('',(#10701));
#10701 = FILL_AREA_STYLE_COLOUR('',#10334);
#10702 = STYLED_ITEM('color',(#10703),#3874);
#10703 = PRESENTATION_STYLE_ASSIGNMENT((#10704));
#10704 = SURFACE_STYLE_USAGE(.BOTH.,#10705);
#10705 = SURFACE_SIDE_STYLE('',(#10706));
#10706 = SURFACE_STYLE_FILL_AREA(#10707);
#10707 = FILL_AREA_STYLE('',(#10708));
#10708 = FILL_AREA_STYLE_COLOUR('',#10334);
#10709 = STYLED_ITEM('color',(#10710),#3899);
#10710 = PRESENTATION_STYLE_ASSIGNMENT((#10711));
#10711 = SURFACE_STYLE_USAGE(.BOTH.,#10712);
#10712 = SURFACE_SIDE_STYLE('',(#10713));
#10713 = SURFACE_STYLE_FILL_AREA(#10714);
#10714 = FILL_AREA_STYLE('',(#10715));
#10715 = FILL_AREA_STYLE_COLOUR('',#10334);
#10716 = STYLED_ITEM('color',(#10717),#3916);
#10717 = PRESENTATION_STYLE_ASSIGNMENT((#10718));
#10718 = SURFACE_STYLE_USAGE(.BOTH.,#10719);
#10719 = SURFACE_SIDE_STYLE('',(#10720));
#10720 = SURFACE_STYLE_FILL_AREA(#10721);
#10721 = FILL_AREA_STYLE('',(#10722));
#10722 = FILL_AREA_STYLE_COLOUR('',#10334);
#10723 = MECHANICAL_DESIGN_GEOMETRIC_PRESENTATION_REPRESENTATION('',(
    #10724,#10732,#10739,#10747,#10754,#10761,#10768,#10775,#10782,
    #10789,#10796,#10803,#10810,#10817,#10824,#10831,#10838,#10845,
    #10852,#10859,#10866,#10873,#10880,#10887,#10894,#10901,#10908,
    #10915,#10922,#10929,#10936,#10943,#10950,#10957,#10964,#10971,
    #10978,#10985,#10992,#10999,#11006,#11013,#11020,#11027,#11034,
    #11041),#5396);
#10724 = STYLED_ITEM('color',(#10725),#4036);
#10725 = PRESENTATION_STYLE_ASSIGNMENT((#10726));
#10726 = SURFACE_STYLE_USAGE(.BOTH.,#10727);
#10727 = SURFACE_SIDE_STYLE('',(#10728));
#10728 = SURFACE_STYLE_FILL_AREA(#10729);
#10729 = FILL_AREA_STYLE('',(#10730));
#10730 = FILL_AREA_STYLE_COLOUR('',#10731);
#10731 = COLOUR_RGB('',0.859000020776,0.737999965183,0.495999988746);
#10732 = STYLED_ITEM('color',(#10733),#4063);
#10733 = PRESENTATION_STYLE_ASSIGNMENT((#10734));
#10734 = SURFACE_STYLE_USAGE(.BOTH.,#10735);
#10735 = SURFACE_SIDE_STYLE('',(#10736));
#10736 = SURFACE_STYLE_FILL_AREA(#10737);
#10737 = FILL_AREA_STYLE('',(#10738));
#10738 = FILL_AREA_STYLE_COLOUR('',#10731);
#10739 = STYLED_ITEM('color',(#10740),#4088);
#10740 = PRESENTATION_STYLE_ASSIGNMENT((#10741));
#10741 = SURFACE_STYLE_USAGE(.BOTH.,#10742);
#10742 = SURFACE_SIDE_STYLE('',(#10743));
#10743 = SURFACE_STYLE_FILL_AREA(#10744);
#10744 = FILL_AREA_STYLE('',(#10745));
#10745 = FILL_AREA_STYLE_COLOUR('',#10746);
#10746 = COLOUR_RGB('',0.894999966383,0.890999961016,0.813000030345);
#10747 = STYLED_ITEM('color',(#10748),#4108);
#10748 = PRESENTATION_STYLE_ASSIGNMENT((#10749));
#10749 = SURFACE_STYLE_USAGE(.BOTH.,#10750);
#10750 = SURFACE_SIDE_STYLE('',(#10751));
#10751 = SURFACE_STYLE_FILL_AREA(#10752);
#10752 = FILL_AREA_STYLE('',(#10753));
#10753 = FILL_AREA_STYLE_COLOUR('',#10334);
#10754 = STYLED_ITEM('color',(#10755),#4133);
#10755 = PRESENTATION_STYLE_ASSIGNMENT((#10756));
#10756 = SURFACE_STYLE_USAGE(.BOTH.,#10757);
#10757 = SURFACE_SIDE_STYLE('',(#10758));
#10758 = SURFACE_STYLE_FILL_AREA(#10759);
#10759 = FILL_AREA_STYLE('',(#10760));
#10760 = FILL_AREA_STYLE_COLOUR('',#10334);
#10761 = STYLED_ITEM('color',(#10762),#4153);
#10762 = PRESENTATION_STYLE_ASSIGNMENT((#10763));
#10763 = SURFACE_STYLE_USAGE(.BOTH.,#10764);
#10764 = SURFACE_SIDE_STYLE('',(#10765));
#10765 = SURFACE_STYLE_FILL_AREA(#10766);
#10766 = FILL_AREA_STYLE('',(#10767));
#10767 = FILL_AREA_STYLE_COLOUR('',#10334);
#10768 = STYLED_ITEM('color',(#10769),#4178);
#10769 = PRESENTATION_STYLE_ASSIGNMENT((#10770));
#10770 = SURFACE_STYLE_USAGE(.BOTH.,#10771);
#10771 = SURFACE_SIDE_STYLE('',(#10772));
#10772 = SURFACE_STYLE_FILL_AREA(#10773);
#10773 = FILL_AREA_STYLE('',(#10774));
#10774 = FILL_AREA_STYLE_COLOUR('',#10334);
#10775 = STYLED_ITEM('color',(#10776),#4203);
#10776 = PRESENTATION_STYLE_ASSIGNMENT((#10777));
#10777 = SURFACE_STYLE_USAGE(.BOTH.,#10778);
#10778 = SURFACE_SIDE_STYLE('',(#10779));
#10779 = SURFACE_STYLE_FILL_AREA(#10780);
#10780 = FILL_AREA_STYLE('',(#10781));
#10781 = FILL_AREA_STYLE_COLOUR('',#10334);
#10782 = STYLED_ITEM('color',(#10783),#4228);
#10783 = PRESENTATION_STYLE_ASSIGNMENT((#10784));
#10784 = SURFACE_STYLE_USAGE(.BOTH.,#10785);
#10785 = SURFACE_SIDE_STYLE('',(#10786));
#10786 = SURFACE_STYLE_FILL_AREA(#10787);
#10787 = FILL_AREA_STYLE('',(#10788));
#10788 = FILL_AREA_STYLE_COLOUR('',#10334);
#10789 = STYLED_ITEM('color',(#10790),#4253);
#10790 = PRESENTATION_STYLE_ASSIGNMENT((#10791));
#10791 = SURFACE_STYLE_USAGE(.BOTH.,#10792);
#10792 = SURFACE_SIDE_STYLE('',(#10793));
#10793 = SURFACE_STYLE_FILL_AREA(#10794);
#10794 = FILL_AREA_STYLE('',(#10795));
#10795 = FILL_AREA_STYLE_COLOUR('',#10334);
#10796 = STYLED_ITEM('color',(#10797),#4278);
#10797 = PRESENTATION_STYLE_ASSIGNMENT((#10798));
#10798 = SURFACE_STYLE_USAGE(.BOTH.,#10799);
#10799 = SURFACE_SIDE_STYLE('',(#10800));
#10800 = SURFACE_STYLE_FILL_AREA(#10801);
#10801 = FILL_AREA_STYLE('',(#10802));
#10802 = FILL_AREA_STYLE_COLOUR('',#10334);
#10803 = STYLED_ITEM('color',(#10804),#4321);
#10804 = PRESENTATION_STYLE_ASSIGNMENT((#10805));
#10805 = SURFACE_STYLE_USAGE(.BOTH.,#10806);
#10806 = SURFACE_SIDE_STYLE('',(#10807));
#10807 = SURFACE_STYLE_FILL_AREA(#10808);
#10808 = FILL_AREA_STYLE('',(#10809));
#10809 = FILL_AREA_STYLE_COLOUR('',#10746);
#10810 = STYLED_ITEM('color',(#10811),#4421);
#10811 = PRESENTATION_STYLE_ASSIGNMENT((#10812));
#10812 = SURFACE_STYLE_USAGE(.BOTH.,#10813);
#10813 = SURFACE_SIDE_STYLE('',(#10814));
#10814 = SURFACE_STYLE_FILL_AREA(#10815);
#10815 = FILL_AREA_STYLE('',(#10816));
#10816 = FILL_AREA_STYLE_COLOUR('',#10334);
#10817 = STYLED_ITEM('color',(#10818),#4454);
#10818 = PRESENTATION_STYLE_ASSIGNMENT((#10819));
#10819 = SURFACE_STYLE_USAGE(.BOTH.,#10820);
#10820 = SURFACE_SIDE_STYLE('',(#10821));
#10821 = SURFACE_STYLE_FILL_AREA(#10822);
#10822 = FILL_AREA_STYLE('',(#10823));
#10823 = FILL_AREA_STYLE_COLOUR('',#10746);
#10824 = STYLED_ITEM('color',(#10825),#4517);
#10825 = PRESENTATION_STYLE_ASSIGNMENT((#10826));
#10826 = SURFACE_STYLE_USAGE(.BOTH.,#10827);
#10827 = SURFACE_SIDE_STYLE('',(#10828));
#10828 = SURFACE_STYLE_FILL_AREA(#10829);
#10829 = FILL_AREA_STYLE('',(#10830));
#10830 = FILL_AREA_STYLE_COLOUR('',#10746);
#10831 = STYLED_ITEM('color',(#10832),#4542);
#10832 = PRESENTATION_STYLE_ASSIGNMENT((#10833));
#10833 = SURFACE_STYLE_USAGE(.BOTH.,#10834);
#10834 = SURFACE_SIDE_STYLE('',(#10835));
#10835 = SURFACE_STYLE_FILL_AREA(#10836);
#10836 = FILL_AREA_STYLE('',(#10837));
#10837 = FILL_AREA_STYLE_COLOUR('',#10746);
#10838 = STYLED_ITEM('color',(#10839),#4567);
#10839 = PRESENTATION_STYLE_ASSIGNMENT((#10840));
#10840 = SURFACE_STYLE_USAGE(.BOTH.,#10841);
#10841 = SURFACE_SIDE_STYLE('',(#10842));
#10842 = SURFACE_STYLE_FILL_AREA(#10843);
#10843 = FILL_AREA_STYLE('',(#10844));
#10844 = FILL_AREA_STYLE_COLOUR('',#10746);
#10845 = STYLED_ITEM('color',(#10846),#4623);
#10846 = PRESENTATION_STYLE_ASSIGNMENT((#10847));
#10847 = SURFACE_STYLE_USAGE(.BOTH.,#10848);
#10848 = SURFACE_SIDE_STYLE('',(#10849));
#10849 = SURFACE_STYLE_FILL_AREA(#10850);
#10850 = FILL_AREA_STYLE('',(#10851));
#10851 = FILL_AREA_STYLE_COLOUR('',#10746);
#10852 = STYLED_ITEM('color',(#10853),#4679);
#10853 = PRESENTATION_STYLE_ASSIGNMENT((#10854));
#10854 = SURFACE_STYLE_USAGE(.BOTH.,#10855);
#10855 = SURFACE_SIDE_STYLE('',(#10856));
#10856 = SURFACE_STYLE_FILL_AREA(#10857);
#10857 = FILL_AREA_STYLE('',(#10858));
#10858 = FILL_AREA_STYLE_COLOUR('',#10746);
#10859 = STYLED_ITEM('color',(#10860),#4704);
#10860 = PRESENTATION_STYLE_ASSIGNMENT((#10861));
#10861 = SURFACE_STYLE_USAGE(.BOTH.,#10862);
#10862 = SURFACE_SIDE_STYLE('',(#10863));
#10863 = SURFACE_STYLE_FILL_AREA(#10864);
#10864 = FILL_AREA_STYLE('',(#10865));
#10865 = FILL_AREA_STYLE_COLOUR('',#10746);
#10866 = STYLED_ITEM('color',(#10867),#4729);
#10867 = PRESENTATION_STYLE_ASSIGNMENT((#10868));
#10868 = SURFACE_STYLE_USAGE(.BOTH.,#10869);
#10869 = SURFACE_SIDE_STYLE('',(#10870));
#10870 = SURFACE_STYLE_FILL_AREA(#10871);
#10871 = FILL_AREA_STYLE('',(#10872));
#10872 = FILL_AREA_STYLE_COLOUR('',#10746);
#10873 = STYLED_ITEM('color',(#10874),#4769);
#10874 = PRESENTATION_STYLE_ASSIGNMENT((#10875));
#10875 = SURFACE_STYLE_USAGE(.BOTH.,#10876);
#10876 = SURFACE_SIDE_STYLE('',(#10877));
#10877 = SURFACE_STYLE_FILL_AREA(#10878);
#10878 = FILL_AREA_STYLE('',(#10879));
#10879 = FILL_AREA_STYLE_COLOUR('',#10334);
#10880 = STYLED_ITEM('color',(#10881),#4793);
#10881 = PRESENTATION_STYLE_ASSIGNMENT((#10882));
#10882 = SURFACE_STYLE_USAGE(.BOTH.,#10883);
#10883 = SURFACE_SIDE_STYLE('',(#10884));
#10884 = SURFACE_STYLE_FILL_AREA(#10885);
#10885 = FILL_AREA_STYLE('',(#10886));
#10886 = FILL_AREA_STYLE_COLOUR('',#10334);
#10887 = STYLED_ITEM('color',(#10888),#4817);
#10888 = PRESENTATION_STYLE_ASSIGNMENT((#10889));
#10889 = SURFACE_STYLE_USAGE(.BOTH.,#10890);
#10890 = SURFACE_SIDE_STYLE('',(#10891));
#10891 = SURFACE_STYLE_FILL_AREA(#10892);
#10892 = FILL_AREA_STYLE('',(#10893));
#10893 = FILL_AREA_STYLE_COLOUR('',#10334);
#10894 = STYLED_ITEM('color',(#10895),#4834);
#10895 = PRESENTATION_STYLE_ASSIGNMENT((#10896));
#10896 = SURFACE_STYLE_USAGE(.BOTH.,#10897);
#10897 = SURFACE_SIDE_STYLE('',(#10898));
#10898 = SURFACE_STYLE_FILL_AREA(#10899);
#10899 = FILL_AREA_STYLE('',(#10900));
#10900 = FILL_AREA_STYLE_COLOUR('',#10746);
#10901 = STYLED_ITEM('color',(#10902),#4929);
#10902 = PRESENTATION_STYLE_ASSIGNMENT((#10903));
#10903 = SURFACE_STYLE_USAGE(.BOTH.,#10904);
#10904 = SURFACE_SIDE_STYLE('',(#10905));
#10905 = SURFACE_STYLE_FILL_AREA(#10906);
#10906 = FILL_AREA_STYLE('',(#10907));
#10907 = FILL_AREA_STYLE_COLOUR('',#10731);
#10908 = STYLED_ITEM('color',(#10909),#4960);
#10909 = PRESENTATION_STYLE_ASSIGNMENT((#10910));
#10910 = SURFACE_STYLE_USAGE(.BOTH.,#10911);
#10911 = SURFACE_SIDE_STYLE('',(#10912));
#10912 = SURFACE_STYLE_FILL_AREA(#10913);
#10913 = FILL_AREA_STYLE('',(#10914));
#10914 = FILL_AREA_STYLE_COLOUR('',#10731);
#10915 = STYLED_ITEM('color',(#10916),#4984);
#10916 = PRESENTATION_STYLE_ASSIGNMENT((#10917));
#10917 = SURFACE_STYLE_USAGE(.BOTH.,#10918);
#10918 = SURFACE_SIDE_STYLE('',(#10919));
#10919 = SURFACE_STYLE_FILL_AREA(#10920);
#10920 = FILL_AREA_STYLE('',(#10921));
#10921 = FILL_AREA_STYLE_COLOUR('',#10731);
#10922 = STYLED_ITEM('color',(#10923),#5008);
#10923 = PRESENTATION_STYLE_ASSIGNMENT((#10924));
#10924 = SURFACE_STYLE_USAGE(.BOTH.,#10925);
#10925 = SURFACE_SIDE_STYLE('',(#10926));
#10926 = SURFACE_STYLE_FILL_AREA(#10927);
#10927 = FILL_AREA_STYLE('',(#10928));
#10928 = FILL_AREA_STYLE_COLOUR('',#10334);
#10929 = STYLED_ITEM('color',(#10930),#5039);
#10930 = PRESENTATION_STYLE_ASSIGNMENT((#10931));
#10931 = SURFACE_STYLE_USAGE(.BOTH.,#10932);
#10932 = SURFACE_SIDE_STYLE('',(#10933));
#10933 = SURFACE_STYLE_FILL_AREA(#10934);
#10934 = FILL_AREA_STYLE('',(#10935));
#10935 = FILL_AREA_STYLE_COLOUR('',#10334);
#10936 = STYLED_ITEM('color',(#10937),#5063);
#10937 = PRESENTATION_STYLE_ASSIGNMENT((#10938));
#10938 = SURFACE_STYLE_USAGE(.BOTH.,#10939);
#10939 = SURFACE_SIDE_STYLE('',(#10940));
#10940 = SURFACE_STYLE_FILL_AREA(#10941);
#10941 = FILL_AREA_STYLE('',(#10942));
#10942 = FILL_AREA_STYLE_COLOUR('',#10334);
#10943 = STYLED_ITEM('color',(#10944),#5087);
#10944 = PRESENTATION_STYLE_ASSIGNMENT((#10945));
#10945 = SURFACE_STYLE_USAGE(.BOTH.,#10946);
#10946 = SURFACE_SIDE_STYLE('',(#10947));
#10947 = SURFACE_STYLE_FILL_AREA(#10948);
#10948 = FILL_AREA_STYLE('',(#10949));
#10949 = FILL_AREA_STYLE_COLOUR('',#10334);
#10950 = STYLED_ITEM('color',(#10951),#5118);
#10951 = PRESENTATION_STYLE_ASSIGNMENT((#10952));
#10952 = SURFACE_STYLE_USAGE(.BOTH.,#10953);
#10953 = SURFACE_SIDE_STYLE('',(#10954));
#10954 = SURFACE_STYLE_FILL_AREA(#10955);
#10955 = FILL_AREA_STYLE('',(#10956));
#10956 = FILL_AREA_STYLE_COLOUR('',#10334);
#10957 = STYLED_ITEM('color',(#10958),#5142);
#10958 = PRESENTATION_STYLE_ASSIGNMENT((#10959));
#10959 = SURFACE_STYLE_USAGE(.BOTH.,#10960);
#10960 = SURFACE_SIDE_STYLE('',(#10961));
#10961 = SURFACE_STYLE_FILL_AREA(#10962);
#10962 = FILL_AREA_STYLE('',(#10963));
#10963 = FILL_AREA_STYLE_COLOUR('',#10334);
#10964 = STYLED_ITEM('color',(#10965),#5166);
#10965 = PRESENTATION_STYLE_ASSIGNMENT((#10966));
#10966 = SURFACE_STYLE_USAGE(.BOTH.,#10967);
#10967 = SURFACE_SIDE_STYLE('',(#10968));
#10968 = SURFACE_STYLE_FILL_AREA(#10969);
#10969 = FILL_AREA_STYLE('',(#10970));
#10970 = FILL_AREA_STYLE_COLOUR('',#10334);
#10971 = STYLED_ITEM('color',(#10972),#5178);
#10972 = PRESENTATION_STYLE_ASSIGNMENT((#10973));
#10973 = SURFACE_STYLE_USAGE(.BOTH.,#10974);
#10974 = SURFACE_SIDE_STYLE('',(#10975));
#10975 = SURFACE_STYLE_FILL_AREA(#10976);
#10976 = FILL_AREA_STYLE('',(#10977));
#10977 = FILL_AREA_STYLE_COLOUR('',#10746);
#10978 = STYLED_ITEM('color',(#10979),#5201);
#10979 = PRESENTATION_STYLE_ASSIGNMENT((#10980));
#10980 = SURFACE_STYLE_USAGE(.BOTH.,#10981);
#10981 = SURFACE_SIDE_STYLE('',(#10982));
#10982 = SURFACE_STYLE_FILL_AREA(#10983);
#10983 = FILL_AREA_STYLE('',(#10984));
#10984 = FILL_AREA_STYLE_COLOUR('',#10746);
#10985 = STYLED_ITEM('color',(#10986),#5259);
#10986 = PRESENTATION_STYLE_ASSIGNMENT((#10987));
#10987 = SURFACE_STYLE_USAGE(.BOTH.,#10988);
#10988 = SURFACE_SIDE_STYLE('',(#10989));
#10989 = SURFACE_STYLE_FILL_AREA(#10990);
#10990 = FILL_AREA_STYLE('',(#10991));
#10991 = FILL_AREA_STYLE_COLOUR('',#10334);
#10992 = STYLED_ITEM('color',(#10993),#5278);
#10993 = PRESENTATION_STYLE_ASSIGNMENT((#10994));
#10994 = SURFACE_STYLE_USAGE(.BOTH.,#10995);
#10995 = SURFACE_SIDE_STYLE('',(#10996));
#10996 = SURFACE_STYLE_FILL_AREA(#10997);
#10997 = FILL_AREA_STYLE('',(#10998));
#10998 = FILL_AREA_STYLE_COLOUR('',#10334);
#10999 = STYLED_ITEM('color',(#11000),#5297);
#11000 = PRESENTATION_STYLE_ASSIGNMENT((#11001));
#11001 = SURFACE_STYLE_USAGE(.BOTH.,#11002);
#11002 = SURFACE_SIDE_STYLE('',(#11003));
#11003 = SURFACE_STYLE_FILL_AREA(#11004);
#11004 = FILL_AREA_STYLE('',(#11005));
#11005 = FILL_AREA_STYLE_COLOUR('',#10731);
#11006 = STYLED_ITEM('color',(#11007),#5314);
#11007 = PRESENTATION_STYLE_ASSIGNMENT((#11008));
#11008 = SURFACE_STYLE_USAGE(.BOTH.,#11009);
#11009 = SURFACE_SIDE_STYLE('',(#11010));
#11010 = SURFACE_STYLE_FILL_AREA(#11011);
#11011 = FILL_AREA_STYLE('',(#11012));
#11012 = FILL_AREA_STYLE_COLOUR('',#10731);
#11013 = STYLED_ITEM('color',(#11014),#5326);
#11014 = PRESENTATION_STYLE_ASSIGNMENT((#11015));
#11015 = SURFACE_STYLE_USAGE(.BOTH.,#11016);
#11016 = SURFACE_SIDE_STYLE('',(#11017));
#11017 = SURFACE_STYLE_FILL_AREA(#11018);
#11018 = FILL_AREA_STYLE('',(#11019));
#11019 = FILL_AREA_STYLE_COLOUR('',#10334);
#11020 = STYLED_ITEM('color',(#11021),#5338);
#11021 = PRESENTATION_STYLE_ASSIGNMENT((#11022));
#11022 = SURFACE_STYLE_USAGE(.BOTH.,#11023);
#11023 = SURFACE_SIDE_STYLE('',(#11024));
#11024 = SURFACE_STYLE_FILL_AREA(#11025);
#11025 = FILL_AREA_STYLE('',(#11026));
#11026 = FILL_AREA_STYLE_COLOUR('',#10334);
#11027 = STYLED_ITEM('color',(#11028),#5350);
#11028 = PRESENTATION_STYLE_ASSIGNMENT((#11029));
#11029 = SURFACE_STYLE_USAGE(.BOTH.,#11030);
#11030 = SURFACE_SIDE_STYLE('',(#11031));
#11031 = SURFACE_STYLE_FILL_AREA(#11032);
#11032 = FILL_AREA_STYLE('',(#11033));
#11033 = FILL_AREA_STYLE_COLOUR('',#10746);
#11034 = STYLED_ITEM('color',(#11035),#5370);
#11035 = PRESENTATION_STYLE_ASSIGNMENT((#11036));
#11036 = SURFACE_STYLE_USAGE(.BOTH.,#11037);
#11037 = SURFACE_SIDE_STYLE('',(#11038));
#11038 = SURFACE_STYLE_FILL_AREA(#11039);
#11039 = FILL_AREA_STYLE('',(#11040));
#11040 = FILL_AREA_STYLE_COLOUR('',#10746);
#11041 = STYLED_ITEM('color',(#11042),#5386);
#11042 = PRESENTATION_STYLE_ASSIGNMENT((#11043));
#11043 = SURFACE_STYLE_USAGE(.BOTH.,#11044);
#11044 = SURFACE_SIDE_STYLE('',(#11045));
#11045 = SURFACE_STYLE_FILL_AREA(#11046);
#11046 = FILL_AREA_STYLE('',(#11047));
#11047 = FILL_AREA_STYLE_COLOUR('',#10746);
#11048 = MECHANICAL_DESIGN_GEOMETRIC_PRESENTATION_REPRESENTATION('',(
    #11049),#8277);
#11049 = STYLED_ITEM('color',(#11050),#5658);
#11050 = PRESENTATION_STYLE_ASSIGNMENT((#11051,#11057));
#11051 = SURFACE_STYLE_USAGE(.BOTH.,#11052);
#11052 = SURFACE_SIDE_STYLE('',(#11053));
#11053 = SURFACE_STYLE_FILL_AREA(#11054);
#11054 = FILL_AREA_STYLE('',(#11055));
#11055 = FILL_AREA_STYLE_COLOUR('',#11056);
#11056 = COLOUR_RGB('',0.768627468855,0.768627468855,0.768627468855);
#11057 = CURVE_STYLE('',#11058,POSITIVE_LENGTH_MEASURE(0.1),#11056);
#11058 = DRAUGHTING_PRE_DEFINED_CURVE_FONT('continuous');
#11059 = MECHANICAL_DESIGN_GEOMETRIC_PRESENTATION_REPRESENTATION('',(
    #11060),#10315);
#11060 = STYLED_ITEM('color',(#11061),#8416);
#11061 = PRESENTATION_STYLE_ASSIGNMENT((#11062));
#11062 = SURFACE_STYLE_USAGE(.BOTH.,#11063);
#11063 = SURFACE_SIDE_STYLE('',(#11064));
#11064 = SURFACE_STYLE_FILL_AREA(#11065);
#11065 = FILL_AREA_STYLE('',(#11066));
#11066 = FILL_AREA_STYLE_COLOUR('',#11067);
#11067 = COLOUR_RGB('',0.313304153717,0.484529207832,0.410020903123);
#11068 = MECHANICAL_DESIGN_GEOMETRIC_PRESENTATION_REPRESENTATION('',(
    #11069,#11076,#11083,#11090,#11097,#11104,#11111,#11118,#11125,
    #11132,#11139,#11146,#11153,#11160,#11167,#11174,#11181,#11188,
    #11195,#11202,#11209,#11216,#11223,#11230,#11237,#11244,#11251,
    #11258),#3016);
#11069 = STYLED_ITEM('color',(#11070),#2164);
#11070 = PRESENTATION_STYLE_ASSIGNMENT((#11071));
#11071 = SURFACE_STYLE_USAGE(.BOTH.,#11072);
#11072 = SURFACE_SIDE_STYLE('',(#11073));
#11073 = SURFACE_STYLE_FILL_AREA(#11074);
#11074 = FILL_AREA_STYLE('',(#11075));
#11075 = FILL_AREA_STYLE_COLOUR('',#10334);
#11076 = STYLED_ITEM('color',(#11077),#2240);
#11077 = PRESENTATION_STYLE_ASSIGNMENT((#11078));
#11078 = SURFACE_STYLE_USAGE(.BOTH.,#11079);
#11079 = SURFACE_SIDE_STYLE('',(#11080));
#11080 = SURFACE_STYLE_FILL_AREA(#11081);
#11081 = FILL_AREA_STYLE('',(#11082));
#11082 = FILL_AREA_STYLE_COLOUR('',#10334);
#11083 = STYLED_ITEM('color',(#11084),#2271);
#11084 = PRESENTATION_STYLE_ASSIGNMENT((#11085));
#11085 = SURFACE_STYLE_USAGE(.BOTH.,#11086);
#11086 = SURFACE_SIDE_STYLE('',(#11087));
#11087 = SURFACE_STYLE_FILL_AREA(#11088);
#11088 = FILL_AREA_STYLE('',(#11089));
#11089 = FILL_AREA_STYLE_COLOUR('',#10334);
#11090 = STYLED_ITEM('color',(#11091),#2296);
#11091 = PRESENTATION_STYLE_ASSIGNMENT((#11092));
#11092 = SURFACE_STYLE_USAGE(.BOTH.,#11093);
#11093 = SURFACE_SIDE_STYLE('',(#11094));
#11094 = SURFACE_STYLE_FILL_AREA(#11095);
#11095 = FILL_AREA_STYLE('',(#11096));
#11096 = FILL_AREA_STYLE_COLOUR('',#10334);
#11097 = STYLED_ITEM('color',(#11098),#2321);
#11098 = PRESENTATION_STYLE_ASSIGNMENT((#11099));
#11099 = SURFACE_STYLE_USAGE(.BOTH.,#11100);
#11100 = SURFACE_SIDE_STYLE('',(#11101));
#11101 = SURFACE_STYLE_FILL_AREA(#11102);
#11102 = FILL_AREA_STYLE('',(#11103));
#11103 = FILL_AREA_STYLE_COLOUR('',#10334);
#11104 = STYLED_ITEM('color',(#11105),#2345);
#11105 = PRESENTATION_STYLE_ASSIGNMENT((#11106));
#11106 = SURFACE_STYLE_USAGE(.BOTH.,#11107);
#11107 = SURFACE_SIDE_STYLE('',(#11108));
#11108 = SURFACE_STYLE_FILL_AREA(#11109);
#11109 = FILL_AREA_STYLE('',(#11110));
#11110 = FILL_AREA_STYLE_COLOUR('',#10334);
#11111 = STYLED_ITEM('color',(#11112),#2369);
#11112 = PRESENTATION_STYLE_ASSIGNMENT((#11113));
#11113 = SURFACE_STYLE_USAGE(.BOTH.,#11114);
#11114 = SURFACE_SIDE_STYLE('',(#11115));
#11115 = SURFACE_STYLE_FILL_AREA(#11116);
#11116 = FILL_AREA_STYLE('',(#11117));
#11117 = FILL_AREA_STYLE_COLOUR('',#10334);
#11118 = STYLED_ITEM('color',(#11119),#2394);
#11119 = PRESENTATION_STYLE_ASSIGNMENT((#11120));
#11120 = SURFACE_STYLE_USAGE(.BOTH.,#11121);
#11121 = SURFACE_SIDE_STYLE('',(#11122));
#11122 = SURFACE_STYLE_FILL_AREA(#11123);
#11123 = FILL_AREA_STYLE('',(#11124));
#11124 = FILL_AREA_STYLE_COLOUR('',#10334);
#11125 = STYLED_ITEM('color',(#11126),#2419);
#11126 = PRESENTATION_STYLE_ASSIGNMENT((#11127));
#11127 = SURFACE_STYLE_USAGE(.BOTH.,#11128);
#11128 = SURFACE_SIDE_STYLE('',(#11129));
#11129 = SURFACE_STYLE_FILL_AREA(#11130);
#11130 = FILL_AREA_STYLE('',(#11131));
#11131 = FILL_AREA_STYLE_COLOUR('',#10334);
#11132 = STYLED_ITEM('color',(#11133),#2436);
#11133 = PRESENTATION_STYLE_ASSIGNMENT((#11134));
#11134 = SURFACE_STYLE_USAGE(.BOTH.,#11135);
#11135 = SURFACE_SIDE_STYLE('',(#11136));
#11136 = SURFACE_STYLE_FILL_AREA(#11137);
#11137 = FILL_AREA_STYLE('',(#11138));
#11138 = FILL_AREA_STYLE_COLOUR('',#10334);
#11139 = STYLED_ITEM('color',(#11140),#2522);
#11140 = PRESENTATION_STYLE_ASSIGNMENT((#11141));
#11141 = SURFACE_STYLE_USAGE(.BOTH.,#11142);
#11142 = SURFACE_SIDE_STYLE('',(#11143));
#11143 = SURFACE_STYLE_FILL_AREA(#11144);
#11144 = FILL_AREA_STYLE('',(#11145));
#11145 = FILL_AREA_STYLE_COLOUR('',#10405);
#11146 = STYLED_ITEM('color',(#11147),#2554);
#11147 = PRESENTATION_STYLE_ASSIGNMENT((#11148));
#11148 = SURFACE_STYLE_USAGE(.BOTH.,#11149);
#11149 = SURFACE_SIDE_STYLE('',(#11150));
#11150 = SURFACE_STYLE_FILL_AREA(#11151);
#11151 = FILL_AREA_STYLE('',(#11152));
#11152 = FILL_AREA_STYLE_COLOUR('',#10405);
#11153 = STYLED_ITEM('color',(#11154),#2578);
#11154 = PRESENTATION_STYLE_ASSIGNMENT((#11155));
#11155 = SURFACE_STYLE_USAGE(.BOTH.,#11156);
#11156 = SURFACE_SIDE_STYLE('',(#11157));
#11157 = SURFACE_STYLE_FILL_AREA(#11158);
#11158 = FILL_AREA_STYLE('',(#11159));
#11159 = FILL_AREA_STYLE_COLOUR('',#10405);
#11160 = STYLED_ITEM('color',(#11161),#2603);
#11161 = PRESENTATION_STYLE_ASSIGNMENT((#11162));
#11162 = SURFACE_STYLE_USAGE(.BOTH.,#11163);
#11163 = SURFACE_SIDE_STYLE('',(#11164));
#11164 = SURFACE_STYLE_FILL_AREA(#11165);
#11165 = FILL_AREA_STYLE('',(#11166));
#11166 = FILL_AREA_STYLE_COLOUR('',#10405);
#11167 = STYLED_ITEM('color',(#11168),#2627);
#11168 = PRESENTATION_STYLE_ASSIGNMENT((#11169));
#11169 = SURFACE_STYLE_USAGE(.BOTH.,#11170);
#11170 = SURFACE_SIDE_STYLE('',(#11171));
#11171 = SURFACE_STYLE_FILL_AREA(#11172);
#11172 = FILL_AREA_STYLE('',(#11173));
#11173 = FILL_AREA_STYLE_COLOUR('',#10405);
#11174 = STYLED_ITEM('color',(#11175),#2652);
#11175 = PRESENTATION_STYLE_ASSIGNMENT((#11176));
#11176 = SURFACE_STYLE_USAGE(.BOTH.,#11177);
#11177 = SURFACE_SIDE_STYLE('',(#11178));
#11178 = SURFACE_STYLE_FILL_AREA(#11179);
#11179 = FILL_AREA_STYLE('',(#11180));
#11180 = FILL_AREA_STYLE_COLOUR('',#10405);
#11181 = STYLED_ITEM('color',(#11182),#2676);
#11182 = PRESENTATION_STYLE_ASSIGNMENT((#11183));
#11183 = SURFACE_STYLE_USAGE(.BOTH.,#11184);
#11184 = SURFACE_SIDE_STYLE('',(#11185));
#11185 = SURFACE_STYLE_FILL_AREA(#11186);
#11186 = FILL_AREA_STYLE('',(#11187));
#11187 = FILL_AREA_STYLE_COLOUR('',#10405);
#11188 = STYLED_ITEM('color',(#11189),#2701);
#11189 = PRESENTATION_STYLE_ASSIGNMENT((#11190));
#11190 = SURFACE_STYLE_USAGE(.BOTH.,#11191);
#11191 = SURFACE_SIDE_STYLE('',(#11192));
#11192 = SURFACE_STYLE_FILL_AREA(#11193);
#11193 = FILL_AREA_STYLE('',(#11194));
#11194 = FILL_AREA_STYLE_COLOUR('',#10405);
#11195 = STYLED_ITEM('color',(#11196),#2718);
#11196 = PRESENTATION_STYLE_ASSIGNMENT((#11197));
#11197 = SURFACE_STYLE_USAGE(.BOTH.,#11198);
#11198 = SURFACE_SIDE_STYLE('',(#11199));
#11199 = SURFACE_STYLE_FILL_AREA(#11200);
#11200 = FILL_AREA_STYLE('',(#11201));
#11201 = FILL_AREA_STYLE_COLOUR('',#10334);
#11202 = STYLED_ITEM('color',(#11203),#2804);
#11203 = PRESENTATION_STYLE_ASSIGNMENT((#11204));
#11204 = SURFACE_STYLE_USAGE(.BOTH.,#11205);
#11205 = SURFACE_SIDE_STYLE('',(#11206));
#11206 = SURFACE_STYLE_FILL_AREA(#11207);
#11207 = FILL_AREA_STYLE('',(#11208));
#11208 = FILL_AREA_STYLE_COLOUR('',#10334);
#11209 = STYLED_ITEM('color',(#11210),#2835);
#11210 = PRESENTATION_STYLE_ASSIGNMENT((#11211));
#11211 = SURFACE_STYLE_USAGE(.BOTH.,#11212);
#11212 = SURFACE_SIDE_STYLE('',(#11213));
#11213 = SURFACE_STYLE_FILL_AREA(#11214);
#11214 = FILL_AREA_STYLE('',(#11215));
#11215 = FILL_AREA_STYLE_COLOUR('',#10334);
#11216 = STYLED_ITEM('color',(#11217),#2860);
#11217 = PRESENTATION_STYLE_ASSIGNMENT((#11218));
#11218 = SURFACE_STYLE_USAGE(.BOTH.,#11219);
#11219 = SURFACE_SIDE_STYLE('',(#11220));
#11220 = SURFACE_STYLE_FILL_AREA(#11221);
#11221 = FILL_AREA_STYLE('',(#11222));
#11222 = FILL_AREA_STYLE_COLOUR('',#10334);
#11223 = STYLED_ITEM('color',(#11224),#2885);
#11224 = PRESENTATION_STYLE_ASSIGNMENT((#11225));
#11225 = SURFACE_STYLE_USAGE(.BOTH.,#11226);
#11226 = SURFACE_SIDE_STYLE('',(#11227));
#11227 = SURFACE_STYLE_FILL_AREA(#11228);
#11228 = FILL_AREA_STYLE('',(#11229));
#11229 = FILL_AREA_STYLE_COLOUR('',#10334);
#11230 = STYLED_ITEM('color',(#11231),#2909);
#11231 = PRESENTATION_STYLE_ASSIGNMENT((#11232));
#11232 = SURFACE_STYLE_USAGE(.BOTH.,#11233);
#11233 = SURFACE_SIDE_STYLE('',(#11234));
#11234 = SURFACE_STYLE_FILL_AREA(#11235);
#11235 = FILL_AREA_STYLE('',(#11236));
#11236 = FILL_AREA_STYLE_COLOUR('',#10334);
#11237 = STYLED_ITEM('color',(#11238),#2933);
#11238 = PRESENTATION_STYLE_ASSIGNMENT((#11239));
#11239 = SURFACE_STYLE_USAGE(.BOTH.,#11240);
#11240 = SURFACE_SIDE_STYLE('',(#11241));
#11241 = SURFACE_STYLE_FILL_AREA(#11242);
#11242 = FILL_AREA_STYLE('',(#11243));
#11243 = FILL_AREA_STYLE_COLOUR('',#10334);
#11244 = STYLED_ITEM('color',(#11245),#2958);
#11245 = PRESENTATION_STYLE_ASSIGNMENT((#11246));
#11246 = SURFACE_STYLE_USAGE(.BOTH.,#11247);
#11247 = SURFACE_SIDE_STYLE('',(#11248));
#11248 = SURFACE_STYLE_FILL_AREA(#11249);
#11249 = FILL_AREA_STYLE('',(#11250));
#11250 = FILL_AREA_STYLE_COLOUR('',#10334);
#11251 = STYLED_ITEM('color',(#11252),#2983);
#11252 = PRESENTATION_STYLE_ASSIGNMENT((#11253));
#11253 = SURFACE_STYLE_USAGE(.BOTH.,#11254);
#11254 = SURFACE_SIDE_STYLE('',(#11255));
#11255 = SURFACE_STYLE_FILL_AREA(#11256);
#11256 = FILL_AREA_STYLE('',(#11257));
#11257 = FILL_AREA_STYLE_COLOUR('',#10334);
#11258 = STYLED_ITEM('color',(#11259),#3000);
#11259 = PRESENTATION_STYLE_ASSIGNMENT((#11260));
#11260 = SURFACE_STYLE_USAGE(.BOTH.,#11261);
#11261 = SURFACE_SIDE_STYLE('',(#11262));
#11262 = SURFACE_STYLE_FILL_AREA(#11263);
#11263 = FILL_AREA_STYLE('',(#11264));
#11264 = FILL_AREA_STYLE_COLOUR('',#10334);
#11265 = MECHANICAL_DESIGN_GEOMETRIC_PRESENTATION_REPRESENTATION('',(
    #11266,#11273,#11280,#11287,#11294,#11301,#11308,#11315,#11322,
    #11329,#11336,#11343,#11350,#11357,#11365,#11372,#11379,#11386,
    #11393,#11400,#11407,#11414,#11421,#11428,#11435,#11442),#1214);
#11266 = STYLED_ITEM('color',(#11267),#426);
#11267 = PRESENTATION_STYLE_ASSIGNMENT((#11268));
#11268 = SURFACE_STYLE_USAGE(.BOTH.,#11269);
#11269 = SURFACE_SIDE_STYLE('',(#11270));
#11270 = SURFACE_STYLE_FILL_AREA(#11271);
#11271 = FILL_AREA_STYLE('',(#11272));
#11272 = FILL_AREA_STYLE_COLOUR('',#10334);
#11273 = STYLED_ITEM('color',(#11274),#466);
#11274 = PRESENTATION_STYLE_ASSIGNMENT((#11275));
#11275 = SURFACE_STYLE_USAGE(.BOTH.,#11276);
#11276 = SURFACE_SIDE_STYLE('',(#11277));
#11277 = SURFACE_STYLE_FILL_AREA(#11278);
#11278 = FILL_AREA_STYLE('',(#11279));
#11279 = FILL_AREA_STYLE_COLOUR('',#10334);
#11280 = STYLED_ITEM('color',(#11281),#549);
#11281 = PRESENTATION_STYLE_ASSIGNMENT((#11282));
#11282 = SURFACE_STYLE_USAGE(.BOTH.,#11283);
#11283 = SURFACE_SIDE_STYLE('',(#11284));
#11284 = SURFACE_STYLE_FILL_AREA(#11285);
#11285 = FILL_AREA_STYLE('',(#11286));
#11286 = FILL_AREA_STYLE_COLOUR('',#10334);
#11287 = STYLED_ITEM('color',(#11288),#574);
#11288 = PRESENTATION_STYLE_ASSIGNMENT((#11289));
#11289 = SURFACE_STYLE_USAGE(.BOTH.,#11290);
#11290 = SURFACE_SIDE_STYLE('',(#11291));
#11291 = SURFACE_STYLE_FILL_AREA(#11292);
#11292 = FILL_AREA_STYLE('',(#11293));
#11293 = FILL_AREA_STYLE_COLOUR('',#10334);
#11294 = STYLED_ITEM('color',(#11295),#599);
#11295 = PRESENTATION_STYLE_ASSIGNMENT((#11296));
#11296 = SURFACE_STYLE_USAGE(.BOTH.,#11297);
#11297 = SURFACE_SIDE_STYLE('',(#11298));
#11298 = SURFACE_STYLE_FILL_AREA(#11299);
#11299 = FILL_AREA_STYLE('',(#11300));
#11300 = FILL_AREA_STYLE_COLOUR('',#10334);
#11301 = STYLED_ITEM('color',(#11302),#666);
#11302 = PRESENTATION_STYLE_ASSIGNMENT((#11303));
#11303 = SURFACE_STYLE_USAGE(.BOTH.,#11304);
#11304 = SURFACE_SIDE_STYLE('',(#11305));
#11305 = SURFACE_STYLE_FILL_AREA(#11306);
#11306 = FILL_AREA_STYLE('',(#11307));
#11307 = FILL_AREA_STYLE_COLOUR('',#10334);
#11308 = STYLED_ITEM('color',(#11309),#683);
#11309 = PRESENTATION_STYLE_ASSIGNMENT((#11310));
#11310 = SURFACE_STYLE_USAGE(.BOTH.,#11311);
#11311 = SURFACE_SIDE_STYLE('',(#11312));
#11312 = SURFACE_STYLE_FILL_AREA(#11313);
#11313 = FILL_AREA_STYLE('',(#11314));
#11314 = FILL_AREA_STYLE_COLOUR('',#10334);
#11315 = STYLED_ITEM('color',(#11316),#700);
#11316 = PRESENTATION_STYLE_ASSIGNMENT((#11317));
#11317 = SURFACE_STYLE_USAGE(.BOTH.,#11318);
#11318 = SURFACE_SIDE_STYLE('',(#11319));
#11319 = SURFACE_STYLE_FILL_AREA(#11320);
#11320 = FILL_AREA_STYLE('',(#11321));
#11321 = FILL_AREA_STYLE_COLOUR('',#10746);
#11322 = STYLED_ITEM('color',(#11323),#749);
#11323 = PRESENTATION_STYLE_ASSIGNMENT((#11324));
#11324 = SURFACE_STYLE_USAGE(.BOTH.,#11325);
#11325 = SURFACE_SIDE_STYLE('',(#11326));
#11326 = SURFACE_STYLE_FILL_AREA(#11327);
#11327 = FILL_AREA_STYLE('',(#11328));
#11328 = FILL_AREA_STYLE_COLOUR('',#10334);
#11329 = STYLED_ITEM('color',(#11330),#766);
#11330 = PRESENTATION_STYLE_ASSIGNMENT((#11331));
#11331 = SURFACE_STYLE_USAGE(.BOTH.,#11332);
#11332 = SURFACE_SIDE_STYLE('',(#11333));
#11333 = SURFACE_STYLE_FILL_AREA(#11334);
#11334 = FILL_AREA_STYLE('',(#11335));
#11335 = FILL_AREA_STYLE_COLOUR('',#10334);
#11336 = STYLED_ITEM('color',(#11337),#783);
#11337 = PRESENTATION_STYLE_ASSIGNMENT((#11338));
#11338 = SURFACE_STYLE_USAGE(.BOTH.,#11339);
#11339 = SURFACE_SIDE_STYLE('',(#11340));
#11340 = SURFACE_STYLE_FILL_AREA(#11341);
#11341 = FILL_AREA_STYLE('',(#11342));
#11342 = FILL_AREA_STYLE_COLOUR('',#10746);
#11343 = STYLED_ITEM('color',(#11344),#832);
#11344 = PRESENTATION_STYLE_ASSIGNMENT((#11345));
#11345 = SURFACE_STYLE_USAGE(.BOTH.,#11346);
#11346 = SURFACE_SIDE_STYLE('',(#11347));
#11347 = SURFACE_STYLE_FILL_AREA(#11348);
#11348 = FILL_AREA_STYLE('',(#11349));
#11349 = FILL_AREA_STYLE_COLOUR('',#10746);
#11350 = STYLED_ITEM('color',(#11351),#849);
#11351 = PRESENTATION_STYLE_ASSIGNMENT((#11352));
#11352 = SURFACE_STYLE_USAGE(.BOTH.,#11353);
#11353 = SURFACE_SIDE_STYLE('',(#11354));
#11354 = SURFACE_STYLE_FILL_AREA(#11355);
#11355 = FILL_AREA_STYLE('',(#11356));
#11356 = FILL_AREA_STYLE_COLOUR('',#10334);
#11357 = STYLED_ITEM('color',(#11358),#918);
#11358 = PRESENTATION_STYLE_ASSIGNMENT((#11359));
#11359 = SURFACE_STYLE_USAGE(.BOTH.,#11360);
#11360 = SURFACE_SIDE_STYLE('',(#11361));
#11361 = SURFACE_STYLE_FILL_AREA(#11362);
#11362 = FILL_AREA_STYLE('',(#11363));
#11363 = FILL_AREA_STYLE_COLOUR('',#11364);
#11364 = COLOUR_RGB('',8.200000279077E-02,8.600000121357E-02,
  9.399999706163E-02);
#11365 = STYLED_ITEM('color',(#11366),#949);
#11366 = PRESENTATION_STYLE_ASSIGNMENT((#11367));
#11367 = SURFACE_STYLE_USAGE(.BOTH.,#11368);
#11368 = SURFACE_SIDE_STYLE('',(#11369));
#11369 = SURFACE_STYLE_FILL_AREA(#11370);
#11370 = FILL_AREA_STYLE('',(#11371));
#11371 = FILL_AREA_STYLE_COLOUR('',#11364);
#11372 = STYLED_ITEM('color',(#11373),#973);
#11373 = PRESENTATION_STYLE_ASSIGNMENT((#11374));
#11374 = SURFACE_STYLE_USAGE(.BOTH.,#11375);
#11375 = SURFACE_SIDE_STYLE('',(#11376));
#11376 = SURFACE_STYLE_FILL_AREA(#11377);
#11377 = FILL_AREA_STYLE('',(#11378));
#11378 = FILL_AREA_STYLE_COLOUR('',#10334);
#11379 = STYLED_ITEM('color',(#11380),#1042);
#11380 = PRESENTATION_STYLE_ASSIGNMENT((#11381));
#11381 = SURFACE_STYLE_USAGE(.BOTH.,#11382);
#11382 = SURFACE_SIDE_STYLE('',(#11383));
#11383 = SURFACE_STYLE_FILL_AREA(#11384);
#11384 = FILL_AREA_STYLE('',(#11385));
#11385 = FILL_AREA_STYLE_COLOUR('',#11364);
#11386 = STYLED_ITEM('color',(#11387),#1066);
#11387 = PRESENTATION_STYLE_ASSIGNMENT((#11388));
#11388 = SURFACE_STYLE_USAGE(.BOTH.,#11389);
#11389 = SURFACE_SIDE_STYLE('',(#11390));
#11390 = SURFACE_STYLE_FILL_AREA(#11391);
#11391 = FILL_AREA_STYLE('',(#11392));
#11392 = FILL_AREA_STYLE_COLOUR('',#10334);
#11393 = STYLED_ITEM('color',(#11394),#1083);
#11394 = PRESENTATION_STYLE_ASSIGNMENT((#11395));
#11395 = SURFACE_STYLE_USAGE(.BOTH.,#11396);
#11396 = SURFACE_SIDE_STYLE('',(#11397));
#11397 = SURFACE_STYLE_FILL_AREA(#11398);
#11398 = FILL_AREA_STYLE('',(#11399));
#11399 = FILL_AREA_STYLE_COLOUR('',#10334);
#11400 = STYLED_ITEM('color',(#11401),#1100);
#11401 = PRESENTATION_STYLE_ASSIGNMENT((#11402));
#11402 = SURFACE_STYLE_USAGE(.BOTH.,#11403);
#11403 = SURFACE_SIDE_STYLE('',(#11404));
#11404 = SURFACE_STYLE_FILL_AREA(#11405);
#11405 = FILL_AREA_STYLE('',(#11406));
#11406 = FILL_AREA_STYLE_COLOUR('',#10334);
#11407 = STYLED_ITEM('color',(#11408),#1117);
#11408 = PRESENTATION_STYLE_ASSIGNMENT((#11409));
#11409 = SURFACE_STYLE_USAGE(.BOTH.,#11410);
#11410 = SURFACE_SIDE_STYLE('',(#11411));
#11411 = SURFACE_STYLE_FILL_AREA(#11412);
#11412 = FILL_AREA_STYLE('',(#11413));
#11413 = FILL_AREA_STYLE_COLOUR('',#10334);
#11414 = STYLED_ITEM('color',(#11415),#1134);
#11415 = PRESENTATION_STYLE_ASSIGNMENT((#11416));
#11416 = SURFACE_STYLE_USAGE(.BOTH.,#11417);
#11417 = SURFACE_SIDE_STYLE('',(#11418));
#11418 = SURFACE_STYLE_FILL_AREA(#11419);
#11419 = FILL_AREA_STYLE('',(#11420));
#11420 = FILL_AREA_STYLE_COLOUR('',#10334);
#11421 = STYLED_ITEM('color',(#11422),#1151);
#11422 = PRESENTATION_STYLE_ASSIGNMENT((#11423));
#11423 = SURFACE_STYLE_USAGE(.BOTH.,#11424);
#11424 = SURFACE_SIDE_STYLE('',(#11425));
#11425 = SURFACE_STYLE_FILL_AREA(#11426);
#11426 = FILL_AREA_STYLE('',(#11427));
#11427 = FILL_AREA_STYLE_COLOUR('',#10334);
#11428 = STYLED_ITEM('color',(#11429),#1168);
#11429 = PRESENTATION_STYLE_ASSIGNMENT((#11430));
#11430 = SURFACE_STYLE_USAGE(.BOTH.,#11431);
#11431 = SURFACE_SIDE_STYLE('',(#11432));
#11432 = SURFACE_STYLE_FILL_AREA(#11433);
#11433 = FILL_AREA_STYLE('',(#11434));
#11434 = FILL_AREA_STYLE_COLOUR('',#10334);
#11435 = STYLED_ITEM('color',(#11436),#1185);
#11436 = PRESENTATION_STYLE_ASSIGNMENT((#11437));
#11437 = SURFACE_STYLE_USAGE(.BOTH.,#11438);
#11438 = SURFACE_SIDE_STYLE('',(#11439));
#11439 = SURFACE_STYLE_FILL_AREA(#11440);
#11440 = FILL_AREA_STYLE('',(#11441));
#11441 = FILL_AREA_STYLE_COLOUR('',#11364);
#11442 = STYLED_ITEM('color',(#11443),#1202);
#11443 = PRESENTATION_STYLE_ASSIGNMENT((#11444));
#11444 = SURFACE_STYLE_USAGE(.BOTH.,#11445);
#11445 = SURFACE_SIDE_STYLE('',(#11446));
#11446 = SURFACE_STYLE_FILL_AREA(#11447);
#11447 = FILL_AREA_STYLE('',(#11448));
#11448 = FILL_AREA_STYLE_COLOUR('',#11364);
ENDSEC;
END-ISO-10303-21;
