ISO-10303-21;
HEADER;
FILE_DESCRIPTION (( 'STEP AP214' ),
    '1' );
FILE_NAME ('64CBA960-4CF0-4CC6-8D83-D833B5A58E0E.STEP',
    '2023-02-12T10:36:22',
    ( '' ),
    ( '' ),
    'SwSTEP 2.0',
    'SolidWorks 2022',
    '' );
FILE_SCHEMA (( 'AUTOMOTIVE_DESIGN' ));
ENDSEC;

DATA;
#1 = FILL_AREA_STYLE ('',( #1567 ) ) ;
#2 = CYLINDRICAL_SURFACE ( 'NONE', #2675, 0.4050000000000001932 ) ;
#3 = MECHANICAL_DESIGN_GEOMETRIC_PRESENTATION_REPRESENTATION (  '', ( #1558 ), #1394 ) ;
#4 = ORIENTED_EDGE ( 'NONE', *, *, #338, .F. ) ;
#5 = PRESENTATION_LAYER_ASSIGNMENT (  '', '', ( #2541 ) ) ;
#6 = PLANE ( 'NONE',  #2360 ) ;
#7 = CARTESIAN_POINT ( 'NONE',  ( -10.59289321881345458, -0.01000000000000000021, -12.00000000000000178 ) ) ;
#8 = SURFACE_STYLE_USAGE ( .BOTH. , #483 ) ;
#9 = UNCERTAINTY_MEASURE_WITH_UNIT (LENGTH_MEASURE( 1.000000000000000082E-05 ), #1532, 'distance_accuracy_value', 'NONE');
#10 = ORIENTED_EDGE ( 'NONE', *, *, #701, .F. ) ;
#11 = CARTESIAN_POINT ( 'NONE',  ( -10.59289321881345103, 0.0000000000000000000, 11.99999999999999822 ) ) ;
#12 =( GEOMETRIC_REPRESENTATION_CONTEXT ( 3 ) GLOBAL_UNCERTAINTY_ASSIGNED_CONTEXT ( ( #1889 ) ) GLOBAL_UNIT_ASSIGNED_CONTEXT ( ( #1167, #2539, #1418 ) ) REPRESENTATION_CONTEXT ( 'NONE', 'WORKASPACE' ) );
#13 = STYLED_ITEM ( 'NONE', ( #476 ), #1738 ) ;
#14 = SURFACE_STYLE_USAGE ( .BOTH. , #1853 ) ;
#15 = EDGE_CURVE ( 'NONE', #1180, #106, #920, .T. ) ;
#16 = VERTEX_POINT ( 'NONE', #711 ) ;
#17 = PRESENTATION_LAYER_ASSIGNMENT (  '', '', ( #647 ) ) ;
#18 = CARTESIAN_POINT ( 'NONE',  ( 0.0000000000000000000, -0.01000000000000000021, 0.0000000000000000000 ) ) ;
#19 = EDGE_CURVE ( 'NONE', #887, #836, #1643, .T. ) ;
#20 = VECTOR ( 'NONE', #1979, 1000.000000000000000 ) ;
#21 = CARTESIAN_POINT ( 'NONE',  ( -12.00000000000000178, -0.01000000000000000021, -10.59289321881345458 ) ) ;
#22 = AXIS2_PLACEMENT_3D ( 'NONE', #1657, #2951, #2511 ) ;
#23 = UNCERTAINTY_MEASURE_WITH_UNIT (LENGTH_MEASURE( 1.000000000000000082E-05 ), #2412, 'distance_accuracy_value', 'NONE');
#24 = ORIENTED_EDGE ( 'NONE', *, *, #1085, .F. ) ;
#25 = COLOUR_RGB ( '',0.9960784313725490335, 0.8705882352941176627, 0.7607843137254901578 ) ;
#26 = CARTESIAN_POINT ( 'NONE',  ( 12.50000000000000178, 0.2000000000000000944, 10.71715728752538155 ) ) ;
#27 = CARTESIAN_POINT ( 'NONE',  ( -10.59289321881345103, 0.0000000000000000000, 11.99999999999999822 ) ) ;
#28 = CIRCLE ( 'NONE', #1957, 0.2000000000000005107 ) ;
#29 = SURFACE_SIDE_STYLE ('',( #1156 ) ) ;
#30 = DIRECTION ( 'NONE',  ( 0.0000000000000000000, -1.000000000000000000, 0.0000000000000000000 ) ) ;
#31 = SHAPE_DEFINITION_REPRESENTATION ( #2745, #633 ) ;
#32 = EDGE_CURVE ( 'NONE', #2876, #786, #2525, .T. ) ;
#33 = CARTESIAN_POINT ( 'NONE',  ( -10.50000000000000355, 4.000000000000000000, -10.50000000000000178 ) ) ;
#34 = ORIENTED_EDGE ( 'NONE', *, *, #1636, .T. ) ;
#35 =( NAMED_UNIT ( * ) PLANE_ANGLE_UNIT ( ) SI_UNIT ( $, .RADIAN. ) );
#36 = SURFACE_STYLE_USAGE ( .BOTH. , #2571 ) ;
#37 = UNCERTAINTY_MEASURE_WITH_UNIT (LENGTH_MEASURE( 1.000000000000000082E-05 ), #2517, 'distance_accuracy_value', 'NONE');
#38 = ORIENTED_EDGE ( 'NONE', *, *, #2380, .F. ) ;
#39 = DIRECTION ( 'NONE',  ( 1.000000000000000000, 0.0000000000000000000, 0.0000000000000000000 ) ) ;
#40 = DIRECTION ( 'NONE',  ( -0.7071067811865474617, -0.0000000000000000000, 0.7071067811865474617 ) ) ;
#41 =( GEOMETRIC_REPRESENTATION_CONTEXT ( 3 ) GLOBAL_UNCERTAINTY_ASSIGNED_CONTEXT ( ( #486 ) ) GLOBAL_UNIT_ASSIGNED_CONTEXT ( ( #354, #1512, #1528 ) ) REPRESENTATION_CONTEXT ( 'NONE', 'WORKASPACE' ) );
#42 = CIRCLE ( 'NONE', #1051, 0.2000000000000005107 ) ;
#43 = AXIS2_PLACEMENT_3D ( 'NONE', #89, #1226, #1686 ) ;
#44 = CARTESIAN_POINT ( 'NONE',  ( 12.44142135623731171, 0.2000000000000000944, 10.85857864376268900 ) ) ;
#45 = LINE ( 'NONE', #966, #2631 ) ;
#46 = FILL_AREA_STYLE ('',( #315 ) ) ;
#47 =( GEOMETRIC_REPRESENTATION_CONTEXT ( 3 ) GLOBAL_UNCERTAINTY_ASSIGNED_CONTEXT ( ( #356 ) ) GLOBAL_UNIT_ASSIGNED_CONTEXT ( ( #1228, #993, #2348 ) ) REPRESENTATION_CONTEXT ( 'NONE', 'WORKASPACE' ) );
#48 = CARTESIAN_POINT ( 'NONE',  ( -12.30000000000000249, 4.000000000000000000, -10.71715728752538332 ) ) ;
#49 =( LENGTH_UNIT ( ) NAMED_UNIT ( * ) SI_UNIT ( .MILLI., .METRE. ) );
#50 = DIRECTION ( 'NONE',  ( -0.7071067811865474617, 0.0000000000000000000, 0.7071067811865474617 ) ) ;
#51 = ORIENTED_EDGE ( 'NONE', *, *, #1296, .F. ) ;
#52 = EDGE_CURVE ( 'NONE', #1810, #836, #227, .T. ) ;
#53 = SURFACE_STYLE_FILL_AREA ( #743 ) ;
#54 = VERTEX_POINT ( 'NONE', #269 ) ;
#55 = SURFACE_STYLE_USAGE ( .BOTH. , #2793 ) ;
#56 = SURFACE_STYLE_FILL_AREA ( #757 ) ;
#57 = CYLINDRICAL_SURFACE ( 'NONE', #2676, 0.4050000000000001932 ) ;
#58 = SURFACE_STYLE_USAGE ( .BOTH. , #1895 ) ;
#59 = DIRECTION ( 'NONE',  ( -0.7071067811865474617, 0.0000000000000000000, -0.7071067811865474617 ) ) ;
#60 = AXIS2_PLACEMENT_3D ( 'NONE', #2090, #1897, #80 ) ;
#61 = PRESENTATION_STYLE_ASSIGNMENT (( #1213 ) ) ;
#62 =( GEOMETRIC_REPRESENTATION_CONTEXT ( 3 ) GLOBAL_UNCERTAINTY_ASSIGNED_CONTEXT ( ( #2277 ) ) GLOBAL_UNIT_ASSIGNED_CONTEXT ( ( #161, #1751, #382 ) ) REPRESENTATION_CONTEXT ( 'NONE', 'WORKASPACE' ) );
#63 = FILL_AREA_STYLE ('',( #1871 ) ) ;
#64 =( NAMED_UNIT ( * ) PLANE_ANGLE_UNIT ( ) SI_UNIT ( $, .RADIAN. ) );
#65 = AXIS2_PLACEMENT_3D ( 'NONE', #1399, #1579, #2300 ) ;
#66 =( LENGTH_UNIT ( ) NAMED_UNIT ( * ) SI_UNIT ( .MILLI., .METRE. ) );
#67 = SURFACE_SIDE_STYLE ('',( #970 ) ) ;
#68 = FILL_AREA_STYLE ('',( #1439 ) ) ;
#69 =( NAMED_UNIT ( * ) PLANE_ANGLE_UNIT ( ) SI_UNIT ( $, .RADIAN. ) );
#70 = VERTEX_POINT ( 'NONE', #1166 ) ;
#71 = DIRECTION ( 'NONE',  ( 0.0000000000000000000, -1.000000000000000000, 0.0000000000000000000 ) ) ;
#72 = CARTESIAN_POINT ( 'NONE',  ( 12.30000000000000249, 3.799999999999999822, 10.71715728752538332 ) ) ;
#73 = CYLINDRICAL_SURFACE ( 'NONE', #2402, 0.2000000000000005107 ) ;
#74 = COLOUR_RGB ( '',0.9960784313725490335, 0.8705882352941176627, 0.7607843137254901578 ) ;
#75 = EDGE_CURVE ( 'NONE', #1134, #2439, #2779, .T. ) ;
#76 =( NAMED_UNIT ( * ) PLANE_ANGLE_UNIT ( ) SI_UNIT ( $, .RADIAN. ) );
#77 = SURFACE_STYLE_FILL_AREA ( #1210 ) ;
#78 = FACE_OUTER_BOUND ( 'NONE', #1221, .T. ) ;
#79 = CARTESIAN_POINT ( 'NONE',  ( 12.30000000000000249, 0.2000000000000000111, 10.71715728752537977 ) ) ;
#80 = DIRECTION ( 'NONE',  ( 0.0000000000000000000, 0.0000000000000000000, -1.000000000000000000 ) ) ;
#81 =( NAMED_UNIT ( * ) PLANE_ANGLE_UNIT ( ) SI_UNIT ( $, .RADIAN. ) );
#82 =( NAMED_UNIT ( * ) PLANE_ANGLE_UNIT ( ) SI_UNIT ( $, .RADIAN. ) );
#83 = STYLED_ITEM ( 'NONE', ( #1054 ), #921 ) ;
#84 = CARTESIAN_POINT ( 'NONE',  ( 10.71715728752537977, 0.0000000000000000000, -12.30000000000000249 ) ) ;
#85 = CARTESIAN_POINT ( 'NONE',  ( 12.00000000000000178, -0.01000000000000000021, 10.59289321881345103 ) ) ;
#86 = ORIENTED_EDGE ( 'NONE', *, *, #1905, .F. ) ;
#87 = CARTESIAN_POINT ( 'NONE',  ( -12.49999999999999822, 0.2000000000000000944, 10.79999999999999893 ) ) ;
#88 = FILL_AREA_STYLE_COLOUR ( '', #1140 ) ;
#89 = CARTESIAN_POINT ( 'NONE',  ( -12.30000000000000249, 3.799999999999999822, -10.71715728752538332 ) ) ;
#90 = LINE ( 'NONE', #1022, #780 ) ;
#91 = DIRECTION ( 'NONE',  ( 0.0000000000000000000, -1.000000000000000000, 0.0000000000000000000 ) ) ;
#92 = CARTESIAN_POINT ( 'NONE',  ( -10.79999999999999893, 0.2000000000000000944, 12.49999999999999822 ) ) ;
#93 = EDGE_CURVE ( 'NONE', #2729, #267, #45, .T. ) ;
#94 =( GEOMETRIC_REPRESENTATION_CONTEXT ( 3 ) GLOBAL_UNCERTAINTY_ASSIGNED_CONTEXT ( ( #1972 ) ) GLOBAL_UNIT_ASSIGNED_CONTEXT ( ( #1543, #831, #1785 ) ) REPRESENTATION_CONTEXT ( 'NONE', 'WORKASPACE' ) );
#95 =( LENGTH_UNIT ( ) NAMED_UNIT ( * ) SI_UNIT ( .MILLI., .METRE. ) );
#96 = SURFACE_SIDE_STYLE ('',( #752 ) ) ;
#97 = STYLED_ITEM ( 'NONE', ( #843 ), #2445 ) ;
#98 = DIRECTION ( 'NONE',  ( 0.7071067811865475727, 0.0000000000000000000, -0.7071067811865475727 ) ) ;
#99 = VECTOR ( 'NONE', #1803, 1000.000000000000114 ) ;
#100 = AXIS2_PLACEMENT_3D ( 'NONE', #2146, #2818, #540 ) ;
#101 = CIRCLE ( 'NONE', #1345, 0.2000000000000005107 ) ;
#102 = STYLED_ITEM ( 'NONE', ( #682 ), #2033 ) ;
#103 = ORIENTED_EDGE ( 'NONE', *, *, #2336, .T. ) ;
#104 = SURFACE_STYLE_USAGE ( .BOTH. , #1710 ) ;
#105 = UNCERTAINTY_MEASURE_WITH_UNIT (LENGTH_MEASURE( 1.000000000000000082E-05 ), #438, 'distance_accuracy_value', 'NONE');
#106 = VERTEX_POINT ( 'NONE', #297 ) ;
#107 =( NAMED_UNIT ( * ) SI_UNIT ( $, .STERADIAN. ) SOLID_ANGLE_UNIT ( ) );
#108 = ADVANCED_FACE ( 'NONE', ( #78 ), #2159, .F. ) ;
#109 = SURFACE_SIDE_STYLE ('',( #1717 ) ) ;
#110 = SURFACE_SIDE_STYLE ('',( #1748 ) ) ;
#111 = AXIS2_PLACEMENT_3D ( 'NONE', #1251, #1490, #1059 ) ;
#112 = EDGE_CURVE ( 'NONE', #2718, #971, #2579, .T. ) ;
#113 = DIRECTION ( 'NONE',  ( -0.7071067811865474617, 0.0000000000000000000, -0.7071067811865474617 ) ) ;
#114 = STYLED_ITEM ( 'NONE', ( #548 ), #1638 ) ;
#115 = FACE_OUTER_BOUND ( 'NONE', #1821, .T. ) ;
#116 = STYLED_ITEM ( 'NONE', ( #1914 ), #1801 ) ;
#117 = ORIENTED_EDGE ( 'NONE', *, *, #471, .F. ) ;
#118 = DIRECTION ( 'NONE',  ( 0.0000000000000000000, 0.0000000000000000000, -1.000000000000000000 ) ) ;
#119 = FILL_AREA_STYLE ('',( #2845 ) ) ;
#120 = ORIENTED_EDGE ( 'NONE', *, *, #1633, .F. ) ;
#121 = PRESENTATION_STYLE_ASSIGNMENT (( #2188 ) ) ;
#122 = ORIENTED_EDGE ( 'NONE', *, *, #2252, .T. ) ;
#123 =( GEOMETRIC_REPRESENTATION_CONTEXT ( 3 ) GLOBAL_UNCERTAINTY_ASSIGNED_CONTEXT ( ( #2397 ) ) GLOBAL_UNIT_ASSIGNED_CONTEXT ( ( #2902, #822, #2027 ) ) REPRESENTATION_CONTEXT ( 'NONE', 'WORKASPACE' ) );
#124 = PRESENTATION_LAYER_ASSIGNMENT (  '', '', ( #564 ) ) ;
#125 = DIRECTION ( 'NONE',  ( 0.7071067811865474617, 0.0000000000000000000, -0.7071067811865474617 ) ) ;
#126 =( NAMED_UNIT ( * ) SI_UNIT ( $, .STERADIAN. ) SOLID_ANGLE_UNIT ( ) );
#127 = COLOUR_RGB ( '',0.6666666666666666297, 0.6980392156862744724, 0.7686274509803920907 ) ;
#128 = EDGE_CURVE ( 'NONE', #1728, #1877, #1055, .T. ) ;
#129 = PRESENTATION_STYLE_ASSIGNMENT (( #814 ) ) ;
#130 = PRESENTATION_LAYER_ASSIGNMENT (  '', '', ( #1727 ) ) ;
#131 = ORIENTED_EDGE ( 'NONE', *, *, #1170, .F. ) ;
#132 = FILL_AREA_STYLE_COLOUR ( '', #405 ) ;
#133 = FILL_AREA_STYLE_COLOUR ( '', #2725 ) ;
#134 = UNCERTAINTY_MEASURE_WITH_UNIT (LENGTH_MEASURE( 1.000000000000000082E-05 ), #2370, 'distance_accuracy_value', 'NONE');
#135 = ORIENTED_EDGE ( 'NONE', *, *, #1133, .T. ) ;
#136 = ORIENTED_EDGE ( 'NONE', *, *, #645, .T. ) ;
#137 = SURFACE_STYLE_FILL_AREA ( #1788 ) ;
#138 = ORIENTED_EDGE ( 'NONE', *, *, #2673, .F. ) ;
#139 = DIRECTION ( 'NONE',  ( 1.000000000000000000, 0.0000000000000000000, 0.0000000000000000000 ) ) ;
#140 = PRESENTATION_STYLE_ASSIGNMENT (( #1998 ) ) ;
#141 = FILL_AREA_STYLE_COLOUR ( '', #332 ) ;
#142 = AXIS2_PLACEMENT_3D ( 'NONE', #1970, #2681, #406 ) ;
#143 =( GEOMETRIC_REPRESENTATION_CONTEXT ( 3 ) GLOBAL_UNCERTAINTY_ASSIGNED_CONTEXT ( ( #23 ) ) GLOBAL_UNIT_ASSIGNED_CONTEXT ( ( #2412, #1254, #2184 ) ) REPRESENTATION_CONTEXT ( 'NONE', 'WORKASPACE' ) );
#144 = SURFACE_SIDE_STYLE ('',( #573 ) ) ;
#145 = DIRECTION ( 'NONE',  ( -0.0000000000000000000, 0.0000000000000000000, -1.000000000000000000 ) ) ;
#146 = EDGE_CURVE ( 'NONE', #2545, #2023, #2929, .T. ) ;
#147 = ORIENTED_EDGE ( 'NONE', *, *, #75, .T. ) ;
#148 =( NAMED_UNIT ( * ) SI_UNIT ( $, .STERADIAN. ) SOLID_ANGLE_UNIT ( ) );
#149 = AXIS2_PLACEMENT_3D ( 'NONE', #845, #1848, #2971 ) ;
#150 = DIRECTION ( 'NONE',  ( -1.000000000000000000, 0.0000000000000000000, 0.0000000000000000000 ) ) ;
#151 = EDGE_CURVE ( 'NONE', #1234, #2772, #1450, .T. ) ;
#152 = EDGE_LOOP ( 'NONE', ( #2278, #1402, #424, #2700 ) ) ;
#153 = ORIENTED_EDGE ( 'NONE', *, *, #383, .T. ) ;
#154 = CARTESIAN_POINT ( 'NONE',  ( -12.44142135623730816, 3.799999999999999822, 10.85857864376268900 ) ) ;
#155 = ORIENTED_EDGE ( 'NONE', *, *, #2942, .T. ) ;
#156 = CARTESIAN_POINT ( 'NONE',  ( 10.80000000000000249, 0.2000000000000000944, 12.49999999999999822 ) ) ;
#157 = FACE_OUTER_BOUND ( 'NONE', #2747, .T. ) ;
#158 =( NAMED_UNIT ( * ) PLANE_ANGLE_UNIT ( ) SI_UNIT ( $, .RADIAN. ) );
#159 = DIRECTION ( 'NONE',  ( -0.7071067811865474617, 0.0000000000000000000, -0.7071067811865474617 ) ) ;
#160 = MECHANICAL_DESIGN_GEOMETRIC_PRESENTATION_REPRESENTATION (  '', ( #1023 ), #2420 ) ;
#161 =( LENGTH_UNIT ( ) NAMED_UNIT ( * ) SI_UNIT ( .MILLI., .METRE. ) );
#162 = STYLED_ITEM ( 'NONE', ( #1285 ), #1722 ) ;
#163 = CIRCLE ( 'NONE', #1860, 0.5000000000000002220 ) ;
#164 = SURFACE_SIDE_STYLE ('',( #589 ) ) ;
#165 = SURFACE_STYLE_FILL_AREA ( #2886 ) ;
#166 =( NAMED_UNIT ( * ) PLANE_ANGLE_UNIT ( ) SI_UNIT ( $, .RADIAN. ) );
#167 = UNCERTAINTY_MEASURE_WITH_UNIT (LENGTH_MEASURE( 1.000000000000000082E-05 ), #415, 'distance_accuracy_value', 'NONE');
#168 = ORIENTED_EDGE ( 'NONE', *, *, #1724, .F. ) ;
#169 = VERTEX_POINT ( 'NONE', #1248 ) ;
#170 =( NAMED_UNIT ( * ) SI_UNIT ( $, .STERADIAN. ) SOLID_ANGLE_UNIT ( ) );
#171 = ORIENTED_EDGE ( 'NONE', *, *, #151, .F. ) ;
#172 = EDGE_CURVE ( 'NONE', #561, #2424, #537, .T. ) ;
#173 =( GEOMETRIC_REPRESENTATION_CONTEXT ( 3 ) GLOBAL_UNCERTAINTY_ASSIGNED_CONTEXT ( ( #565 ) ) GLOBAL_UNIT_ASSIGNED_CONTEXT ( ( #2315, #2108, #526 ) ) REPRESENTATION_CONTEXT ( 'NONE', 'WORKASPACE' ) );
#174 = SURFACE_SIDE_STYLE ('',( #440 ) ) ;
#175 = CARTESIAN_POINT ( 'NONE',  ( -10.71715728752538332, 3.799999999999999822, -12.30000000000000249 ) ) ;
#176 = VECTOR ( 'NONE', #1152, 1000.000000000000000 ) ;
#177 = DIRECTION ( 'NONE',  ( 0.0000000000000000000, 0.0000000000000000000, -1.000000000000000000 ) ) ;
#178 = PRESENTATION_STYLE_ASSIGNMENT (( #1384 ) ) ;
#179 = DIRECTION ( 'NONE',  ( 0.7071067811865474617, 0.0000000000000000000, 0.7071067811865474617 ) ) ;
#180 =( GEOMETRIC_REPRESENTATION_CONTEXT ( 3 ) GLOBAL_UNCERTAINTY_ASSIGNED_CONTEXT ( ( #387 ) ) GLOBAL_UNIT_ASSIGNED_CONTEXT ( ( #2368, #2800, #739 ) ) REPRESENTATION_CONTEXT ( 'NONE', 'WORKASPACE' ) );
#181 = LINE ( 'NONE', #2693, #1797 ) ;
#182 = SURFACE_STYLE_FILL_AREA ( #421 ) ;
#183 = SURFACE_STYLE_USAGE ( .BOTH. , #2652 ) ;
#184 = ORIENTED_EDGE ( 'NONE', *, *, #2089, .T. ) ;
#185 =( NAMED_UNIT ( * ) PLANE_ANGLE_UNIT ( ) SI_UNIT ( $, .RADIAN. ) );
#186 = VERTEX_POINT ( 'NONE', #768 ) ;
#187 = CARTESIAN_POINT ( 'NONE',  ( -12.50000000000000178, 4.000000000000000000, -10.80000000000000249 ) ) ;
#188 = SURFACE_STYLE_USAGE ( .BOTH. , #174 ) ;
#189 = ADVANCED_FACE ( 'NONE', ( #998 ), #795, .T. ) ;
#190 = SURFACE_STYLE_FILL_AREA ( #2940 ) ;
#191 = DIRECTION ( 'NONE',  ( -0.7071067811865474617, -0.0000000000000000000, -0.7071067811865474617 ) ) ;
#192 = EDGE_CURVE ( 'NONE', #2055, #481, #318, .T. ) ;
#193 =( NAMED_UNIT ( * ) PLANE_ANGLE_UNIT ( ) SI_UNIT ( $, .RADIAN. ) );
#194 = PRESENTATION_LAYER_ASSIGNMENT (  '', '', ( #2074 ) ) ;
#195 = CIRCLE ( 'NONE', #43, 0.2000000000000005107 ) ;
#196 =( LENGTH_UNIT ( ) NAMED_UNIT ( * ) SI_UNIT ( .MILLI., .METRE. ) );
#197 = CARTESIAN_POINT ( 'NONE',  ( 10.49999999999999822, 4.000000000000000000, 10.50000000000000000 ) ) ;
#198 = COLOUR_RGB ( '',0.9960784313725490335, 0.8705882352941176627, 0.7607843137254901578 ) ;
#199 = VECTOR ( 'NONE', #2753, 1000.000000000000000 ) ;
#200 = AXIS2_PLACEMENT_3D ( 'NONE', #1781, #1016, #113 ) ;
#201 = CARTESIAN_POINT ( 'NONE',  ( -12.00000000000000178, -0.01000000000000000021, -10.59289321881345458 ) ) ;
#202 = DIRECTION ( 'NONE',  ( -0.7071067811865475727, 0.0000000000000000000, -0.7071067811865475727 ) ) ;
#203 = UNCERTAINTY_MEASURE_WITH_UNIT (LENGTH_MEASURE( 1.000000000000000082E-05 ), #429, 'distance_accuracy_value', 'NONE');
#204 = VERTEX_POINT ( 'NONE', #810 ) ;
#205 = FILL_AREA_STYLE_COLOUR ( '', #2749 ) ;
#206 = ORIENTED_EDGE ( 'NONE', *, *, #1265, .T. ) ;
#207 =( NAMED_UNIT ( * ) SI_UNIT ( $, .STERADIAN. ) SOLID_ANGLE_UNIT ( ) );
#208 = AXIS2_PLACEMENT_3D ( 'NONE', #1929, #2561, #501 ) ;
#209 = FACE_OUTER_BOUND ( 'NONE', #2768, .T. ) ;
#210 =( LENGTH_UNIT ( ) NAMED_UNIT ( * ) SI_UNIT ( .MILLI., .METRE. ) );
#211 = DIRECTION ( 'NONE',  ( 0.0000000000000000000, 1.000000000000000000, 0.0000000000000000000 ) ) ;
#212 = DIRECTION ( 'NONE',  ( 0.0000000000000000000, -1.000000000000000000, 0.0000000000000000000 ) ) ;
#213 = CYLINDRICAL_SURFACE ( 'NONE', #1192, 0.2000000000000005107 ) ;
#214 = CARTESIAN_POINT ( 'NONE',  ( -10.71715728752538332, 3.799999999999999822, -12.30000000000000249 ) ) ;
#215 = EDGE_CURVE ( 'NONE', #836, #1082, #1691, .T. ) ;
#216 = MECHANICAL_DESIGN_GEOMETRIC_PRESENTATION_REPRESENTATION (  '', ( #2280 ), #599 ) ;
#217 = LINE ( 'NONE', #2520, #2352 ) ;
#218 = VECTOR ( 'NONE', #881, 1000.000000000000000 ) ;
#219 = DIRECTION ( 'NONE',  ( 0.0000000000000000000, -1.000000000000000000, 0.0000000000000000000 ) ) ;
#220 = DIRECTION ( 'NONE',  ( -0.7071067811865474617, 0.0000000000000000000, 0.7071067811865474617 ) ) ;
#221 = ORIENTED_EDGE ( 'NONE', *, *, #1503, .T. ) ;
#222 = SURFACE_STYLE_FILL_AREA ( #488 ) ;
#223 = ORIENTED_EDGE ( 'NONE', *, *, #19, .T. ) ;
#224 = CARTESIAN_POINT ( 'NONE',  ( 1.699999999999999734, -0.2999999999999999334, 1.899999999999999911 ) ) ;
#225 = DIRECTION ( 'NONE',  ( 0.0000000000000000000, 0.0000000000000000000, -1.000000000000000000 ) ) ;
#226 = DIRECTION ( 'NONE',  ( 0.0000000000000000000, 1.000000000000000000, 0.0000000000000000000 ) ) ;
#227 = LINE ( 'NONE', #27, #1603 ) ;
#228 = FACE_OUTER_BOUND ( 'NONE', #2209, .T. ) ;
#229 = FILL_AREA_STYLE ('',( #698 ) ) ;
#230 = STYLED_ITEM ( 'NONE', ( #2222 ), #668 ) ;
#231 = DIRECTION ( 'NONE',  ( 0.0000000000000000000, -1.000000000000000000, 0.0000000000000000000 ) ) ;
#232 = EDGE_CURVE ( 'NONE', #2772, #2424, #1937, .T. ) ;
#233 = CYLINDRICAL_SURFACE ( 'NONE', #1969, 0.2000000000000005107 ) ;
#234 = CARTESIAN_POINT ( 'NONE',  ( -12.30000000000000249, 0.2000000000000000111, -10.71715728752538332 ) ) ;
#235 = UNCERTAINTY_MEASURE_WITH_UNIT (LENGTH_MEASURE( 1.000000000000000082E-05 ), #1409, 'distance_accuracy_value', 'NONE');
#236 = ORIENTED_EDGE ( 'NONE', *, *, #799, .T. ) ;
#237 = FILL_AREA_STYLE ('',( #205 ) ) ;
#238 =( NAMED_UNIT ( * ) SI_UNIT ( $, .STERADIAN. ) SOLID_ANGLE_UNIT ( ) );
#239 =( NAMED_UNIT ( * ) PLANE_ANGLE_UNIT ( ) SI_UNIT ( $, .RADIAN. ) );
#240 = SURFACE_STYLE_USAGE ( .BOTH. , #1136 ) ;
#241 = ORIENTED_EDGE ( 'NONE', *, *, #379, .T. ) ;
#242 = PRODUCT ( '64CBA960-4CF0-4CC6-8D83-D833B5A58E0E', '64CBA960-4CF0-4CC6-8D83-D833B5A58E0E', '', ( #1373 ) ) ;
#243 = PRESENTATION_STYLE_ASSIGNMENT (( #2491 ) ) ;
#244 = CARTESIAN_POINT ( 'NONE',  ( 12.30000000000000249, 4.000000000000000000, 10.71715728752538155 ) ) ;
#245 = LINE ( 'NONE', #1386, #1617 ) ;
#246 = CARTESIAN_POINT ( 'NONE',  ( 12.00000000000000178, 0.0000000000000000000, 10.59289321881345103 ) ) ;
#247 = ADVANCED_FACE ( 'NONE', ( #1474 ), #1507, .F. ) ;
#248 = FACE_OUTER_BOUND ( 'NONE', #2607, .T. ) ;
#249 = MECHANICAL_DESIGN_GEOMETRIC_PRESENTATION_REPRESENTATION (  '', ( #2583 ), #1236 ) ;
#250 = EDGE_LOOP ( 'NONE', ( #2362, #833, #1958, #1993 ) ) ;
#251 = CARTESIAN_POINT ( 'NONE',  ( -10.59289321881345458, -0.0000000000000000000, -12.00000000000000178 ) ) ;
#252 = AXIS2_PLACEMENT_3D ( 'NONE', #2003, #202, #220 ) ;
#253 = SURFACE_STYLE_FILL_AREA ( #2730 ) ;
#254 = PRODUCT_DEFINITION_FORMATION_WITH_SPECIFIED_SOURCE ( 'ANY', '', #242, .NOT_KNOWN. ) ;
#255 = EDGE_CURVE ( 'NONE', #2533, #54, #2239, .T. ) ;
#256 = VECTOR ( 'NONE', #1075, 1000.000000000000114 ) ;
#257 = STYLED_ITEM ( 'NONE', ( #1193 ), #361 ) ;
#258 = COLOUR_RGB ( '',0.9960784313725490335, 0.8705882352941176627, 0.7607843137254901578 ) ;
#259 = ORIENTED_EDGE ( 'NONE', *, *, #1133, .F. ) ;
#260 = COLOUR_RGB ( '',0.7921568627450980005, 0.8196078431372548767, 0.9333333333333333481 ) ;
#261 = CARTESIAN_POINT ( 'NONE',  ( 12.30000000000000249, 3.799999999999999822, 10.71715728752538155 ) ) ;
#262 = DIRECTION ( 'NONE',  ( -1.606225440719266120E-16, -0.0000000000000000000, -1.000000000000000000 ) ) ;
#263 = ORIENTED_EDGE ( 'NONE', *, *, #1165, .T. ) ;
#264 = FACE_OUTER_BOUND ( 'NONE', #1047, .T. ) ;
#265 = DIRECTION ( 'NONE',  ( 0.0000000000000000000, 0.0000000000000000000, -1.000000000000000000 ) ) ;
#266 = UNCERTAINTY_MEASURE_WITH_UNIT (LENGTH_MEASURE( 1.000000000000000082E-05 ), #2399, 'distance_accuracy_value', 'NONE');
#267 = VERTEX_POINT ( 'NONE', #2251 ) ;
#268 =( NAMED_UNIT ( * ) SI_UNIT ( $, .STERADIAN. ) SOLID_ANGLE_UNIT ( ) );
#269 = CARTESIAN_POINT ( 'NONE',  ( 12.44142135623730816, 3.799999999999999822, -10.85857864376269255 ) ) ;
#270 = ADVANCED_FACE ( 'NONE', ( #1309 ), #825, .T. ) ;
#271 = STYLED_ITEM ( 'NONE', ( #1875 ), #1854 ) ;
#272 =( LENGTH_UNIT ( ) NAMED_UNIT ( * ) SI_UNIT ( .MILLI., .METRE. ) );
#273 =( LENGTH_UNIT ( ) NAMED_UNIT ( * ) SI_UNIT ( .MILLI., .METRE. ) );
#274 = VERTEX_POINT ( 'NONE', #394 ) ;
#275 = PRESENTATION_STYLE_ASSIGNMENT (( #2314 ) ) ;
#276 =( NAMED_UNIT ( * ) SI_UNIT ( $, .STERADIAN. ) SOLID_ANGLE_UNIT ( ) );
#277 = COLOUR_RGB ( '',0.9960784313725490335, 0.8705882352941176627, 0.7607843137254901578 ) ;
#278 =( LENGTH_UNIT ( ) NAMED_UNIT ( * ) SI_UNIT ( .MILLI., .METRE. ) );
#279 = UNCERTAINTY_MEASURE_WITH_UNIT (LENGTH_MEASURE( 1.000000000000000082E-05 ), #2493, 'distance_accuracy_value', 'NONE');
#280 = ORIENTED_EDGE ( 'NONE', *, *, #750, .F. ) ;
#281 = SURFACE_STYLE_USAGE ( .BOTH. , #988 ) ;
#282 = CARTESIAN_POINT ( 'NONE',  ( -10.71715728752537977, 0.0000000000000000000, 12.29999999999999893 ) ) ;
#283 = ORIENTED_EDGE ( 'NONE', *, *, #2355, .T. ) ;
#284 = VECTOR ( 'NONE', #191, 1000.000000000000114 ) ;
#285 = PLANE ( 'NONE',  #778 ) ;
#286 = EDGE_CURVE ( 'NONE', #1161, #2918, #536, .T. ) ;
#287 = ADVANCED_FACE ( 'NONE', ( #2205 ), #1568, .T. ) ;
#288 = SPHERICAL_SURFACE ( 'NONE', #401, 0.2000000000000000111 ) ;
#289 = EDGE_LOOP ( 'NONE', ( #24, #1036, #815 ) ) ;
#290 = SURFACE_STYLE_FILL_AREA ( #2328 ) ;
#291 = FACE_OUTER_BOUND ( 'NONE', #2638, .T. ) ;
#292 = ORIENTED_EDGE ( 'NONE', *, *, #1562, .F. ) ;
#293 = DIRECTION ( 'NONE',  ( 0.7071067811865474617, 0.0000000000000000000, -0.7071067811865474617 ) ) ;
#294 = LINE ( 'NONE', #1190, #1492 ) ;
#295 =( NAMED_UNIT ( * ) PLANE_ANGLE_UNIT ( ) SI_UNIT ( $, .RADIAN. ) );
#296 = CIRCLE ( 'NONE', #2353, 0.2000000000000005107 ) ;
#297 = CARTESIAN_POINT ( 'NONE',  ( -10.71715728752538332, 0.2000000000000000944, -12.50000000000000178 ) ) ;
#298 = CARTESIAN_POINT ( 'NONE',  ( -12.49999999999999822, 4.000000000000000000, 10.71715728752537800 ) ) ;
#299 = COLOUR_RGB ( '',0.6666666666666666297, 0.6980392156862744724, 0.7686274509803920907 ) ;
#300 = STYLED_ITEM ( 'NONE', ( #2443 ), #270 ) ;
#301 = PRESENTATION_LAYER_ASSIGNMENT (  '', '', ( #634 ) ) ;
#302 = FILL_AREA_STYLE_COLOUR ( '', #2078 ) ;
#303 =( GEOMETRIC_REPRESENTATION_CONTEXT ( 3 ) GLOBAL_UNCERTAINTY_ASSIGNED_CONTEXT ( ( #2961 ) ) GLOBAL_UNIT_ASSIGNED_CONTEXT ( ( #1222, #1527, #2677 ) ) REPRESENTATION_CONTEXT ( 'NONE', 'WORKASPACE' ) );
#304 = CARTESIAN_POINT ( 'NONE',  ( -12.30000000000000249, 3.799999999999999822, -10.71715728752538332 ) ) ;
#305 = SURFACE_STYLE_FILL_AREA ( #2325 ) ;
#306 = EDGE_CURVE ( 'NONE', #1499, #169, #2309, .T. ) ;
#307 = CARTESIAN_POINT ( 'NONE',  ( 1.699999999999999734, -0.2999999999999999334, 2.305000000000000160 ) ) ;
#308 = SURFACE_SIDE_STYLE ('',( #53 ) ) ;
#309 = ORIENTED_EDGE ( 'NONE', *, *, #441, .F. ) ;
#310 =( NAMED_UNIT ( * ) PLANE_ANGLE_UNIT ( ) SI_UNIT ( $, .RADIAN. ) );
#311 =( NAMED_UNIT ( * ) SI_UNIT ( $, .STERADIAN. ) SOLID_ANGLE_UNIT ( ) );
#312 = DIRECTION ( 'NONE',  ( 0.7071067811865474617, 0.0000000000000000000, 0.7071067811865474617 ) ) ;
#313 = FILL_AREA_STYLE_COLOUR ( '', #1466 ) ;
#314 = FILL_AREA_STYLE_COLOUR ( '', #347 ) ;
#315 = FILL_AREA_STYLE_COLOUR ( '', #416 ) ;
#316 = VECTOR ( 'NONE', #231, 1000.000000000000000 ) ;
#317 = CARTESIAN_POINT ( 'NONE',  ( 10.71715728752538332, 0.2000000000000000944, 12.29999999999999893 ) ) ;
#318 = LINE ( 'NONE', #601, #2500 ) ;
#319 = COLOUR_RGB ( '',0.9960784313725490335, 0.8705882352941176627, 0.7607843137254901578 ) ;
#320 = DIRECTION ( 'NONE',  ( -8.260587980841936314E-17, 0.0000000000000000000, -1.000000000000000000 ) ) ;
#321 = LINE ( 'NONE', #2327, #1739 ) ;
#322 = DIRECTION ( 'NONE',  ( -1.000000000000000000, -0.0000000000000000000, -0.0000000000000000000 ) ) ;
#323 = PRESENTATION_LAYER_ASSIGNMENT (  '', '', ( #1268 ) ) ;
#324 = EDGE_CURVE ( 'NONE', #2039, #474, #1291, .T. ) ;
#325 = ORIENTED_EDGE ( 'NONE', *, *, #2468, .T. ) ;
#326 = CARTESIAN_POINT ( 'NONE',  ( 1.699999999999999734, -3.000000000000000000, 1.494999999999999885 ) ) ;
#327 =( NAMED_UNIT ( * ) PLANE_ANGLE_UNIT ( ) SI_UNIT ( $, .RADIAN. ) );
#328 = SPHERICAL_SURFACE ( 'NONE', #1425, 0.2000000000000000111 ) ;
#329 = STYLED_ITEM ( 'NONE', ( #2340 ), #899 ) ;
#330 = SURFACE_STYLE_USAGE ( .BOTH. , #1473 ) ;
#331 = PRESENTATION_STYLE_ASSIGNMENT (( #1731 ) ) ;
#332 = COLOUR_RGB ( '',0.9960784313725490335, 0.8705882352941176627, 0.7607843137254901578 ) ;
#333 = DIRECTION ( 'NONE',  ( -0.7071067811865474617, 0.0000000000000000000, -0.7071067811865474617 ) ) ;
#334 = DIRECTION ( 'NONE',  ( 0.0000000000000000000, 0.0000000000000000000, 1.000000000000000000 ) ) ;
#335 = CARTESIAN_POINT ( 'NONE',  ( 1.700000000000001066, 4.000000000000000000, 1.399999999999999689 ) ) ;
#336 = ORIENTED_EDGE ( 'NONE', *, *, #823, .T. ) ;
#337 = CARTESIAN_POINT ( 'NONE',  ( -12.30000000000000249, 0.2000000000000000944, -10.80000000000000249 ) ) ;
#338 = EDGE_CURVE ( 'NONE', #1134, #786, #1325, .T. ) ;
#339 = ORIENTED_EDGE ( 'NONE', *, *, #2960, .T. ) ;
#340 = EDGE_CURVE ( 'NONE', #1877, #1728, #1930, .T. ) ;
#341 = MECHANICAL_DESIGN_GEOMETRIC_PRESENTATION_REPRESENTATION (  '', ( #2925 ), #1926 ) ;
#342 = COLOUR_RGB ( '',0.9960784313725490335, 0.8705882352941176627, 0.7607843137254901578 ) ;
#343 = STYLED_ITEM ( 'NONE', ( #648 ), #485 ) ;
#344 = DIRECTION ( 'NONE',  ( -1.637629531557875484E-16, -0.0000000000000000000, -1.000000000000000000 ) ) ;
#345 = STYLED_ITEM ( 'NONE', ( #1091 ), #2297 ) ;
#346 =( NAMED_UNIT ( * ) PLANE_ANGLE_UNIT ( ) SI_UNIT ( $, .RADIAN. ) );
#347 = COLOUR_RGB ( '',0.6666666666666666297, 0.6980392156862744724, 0.7686274509803920907 ) ;
#348 = STYLED_ITEM ( 'NONE', ( #2256 ), #2031 ) ;
#349 =( NAMED_UNIT ( * ) PLANE_ANGLE_UNIT ( ) SI_UNIT ( $, .RADIAN. ) );
#350 =( GEOMETRIC_REPRESENTATION_CONTEXT ( 3 ) GLOBAL_UNCERTAINTY_ASSIGNED_CONTEXT ( ( #849 ) ) GLOBAL_UNIT_ASSIGNED_CONTEXT ( ( #2582, #521, #2817 ) ) REPRESENTATION_CONTEXT ( 'NONE', 'WORKASPACE' ) );
#351 =( NAMED_UNIT ( * ) SI_UNIT ( $, .STERADIAN. ) SOLID_ANGLE_UNIT ( ) );
#352 = ORIENTED_EDGE ( 'NONE', *, *, #1995, .T. ) ;
#353 =( NAMED_UNIT ( * ) PLANE_ANGLE_UNIT ( ) SI_UNIT ( $, .RADIAN. ) );
#354 =( LENGTH_UNIT ( ) NAMED_UNIT ( * ) SI_UNIT ( .MILLI., .METRE. ) );
#355 = DIRECTION ( 'NONE',  ( 0.7071067811865474617, -0.0000000000000000000, 0.7071067811865474617 ) ) ;
#356 = UNCERTAINTY_MEASURE_WITH_UNIT (LENGTH_MEASURE( 1.000000000000000082E-05 ), #1228, 'distance_accuracy_value', 'NONE');
#357 = ORIENTED_EDGE ( 'NONE', *, *, #1063, .T. ) ;
#358 = FILL_AREA_STYLE_COLOUR ( '', #1310 ) ;
#359 = SURFACE_STYLE_FILL_AREA ( #1501 ) ;
#360 = CIRCLE ( 'NONE', #1754, 0.2000000000000005107 ) ;
#361 = ADVANCED_FACE ( 'NONE', ( #2606 ), #1700, .T. ) ;
#362 = DIRECTION ( 'NONE',  ( 1.000000000000000000, 0.0000000000000000000, 0.0000000000000000000 ) ) ;
#363 = DIRECTION ( 'NONE',  ( 0.0000000000000000000, 1.000000000000000000, 0.0000000000000000000 ) ) ;
#364 = COLOUR_RGB ( '',0.9960784313725490335, 0.8705882352941176627, 0.7607843137254901578 ) ;
#365 = LINE ( 'NONE', #1266, #2736 ) ;
#366 =( GEOMETRIC_REPRESENTATION_CONTEXT ( 3 ) GLOBAL_UNCERTAINTY_ASSIGNED_CONTEXT ( ( #1120 ) ) GLOBAL_UNIT_ASSIGNED_CONTEXT ( ( #777, #1916, #107 ) ) REPRESENTATION_CONTEXT ( 'NONE', 'WORKASPACE' ) );
#367 =( LENGTH_UNIT ( ) NAMED_UNIT ( * ) SI_UNIT ( .MILLI., .METRE. ) );
#368 = PRESENTATION_LAYER_ASSIGNMENT (  '', '', ( #271 ) ) ;
#369 = ORIENTED_EDGE ( 'NONE', *, *, #2674, .F. ) ;
#370 = CARTESIAN_POINT ( 'NONE',  ( -12.30000000000000071, 3.799999999999999822, 1.975657292084697407E-15 ) ) ;
#371 = ORIENTED_EDGE ( 'NONE', *, *, #1615, .F. ) ;
#372 = ORIENTED_EDGE ( 'NONE', *, *, #1417, .F. ) ;
#373 = DIRECTION ( 'NONE',  ( -1.637629531557875484E-16, -0.0000000000000000000, -1.000000000000000000 ) ) ;
#374 = ORIENTED_EDGE ( 'NONE', *, *, #1676, .T. ) ;
#375 = COLOUR_RGB ( '',0.9960784313725490335, 0.8705882352941176627, 0.7607843137254901578 ) ;
#376 = PRESENTATION_STYLE_ASSIGNMENT (( #2891 ) ) ;
#377 = DIRECTION ( 'NONE',  ( 1.000000000000000000, 0.0000000000000000000, 0.0000000000000000000 ) ) ;
#378 = CARTESIAN_POINT ( 'NONE',  ( 10.71715728752538332, 0.2000000000000000944, 12.49999999999999822 ) ) ;
#379 = EDGE_CURVE ( 'NONE', #744, #16, #195, .T. ) ;
#380 = CARTESIAN_POINT ( 'NONE',  ( 10.71715728752538332, 0.2000000000000000111, 12.29999999999999893 ) ) ;
#381 =( GEOMETRIC_REPRESENTATION_CONTEXT ( 3 ) GLOBAL_UNCERTAINTY_ASSIGNED_CONTEXT ( ( #2004 ) ) GLOBAL_UNIT_ASSIGNED_CONTEXT ( ( #1264, #1488, #126 ) ) REPRESENTATION_CONTEXT ( 'NONE', 'WORKASPACE' ) );
#382 =( NAMED_UNIT ( * ) SI_UNIT ( $, .STERADIAN. ) SOLID_ANGLE_UNIT ( ) );
#383 = EDGE_CURVE ( 'NONE', #806, #1464, #2302, .T. ) ;
#384 = EDGE_LOOP ( 'NONE', ( #2427, #236, #610, #2244, #1388, #1668, #1422, #1974 ) ) ;
#385 = FACE_OUTER_BOUND ( 'NONE', #496, .T. ) ;
#386 = CARTESIAN_POINT ( 'NONE',  ( 10.49999999999999822, 4.009999999999999787, 10.50000000000000000 ) ) ;
#387 = UNCERTAINTY_MEASURE_WITH_UNIT (LENGTH_MEASURE( 1.000000000000000082E-05 ), #2368, 'distance_accuracy_value', 'NONE');
#388 = ORIENTED_EDGE ( 'NONE', *, *, #1027, .F. ) ;
#389 = ORIENTED_EDGE ( 'NONE', *, *, #1541, .F. ) ;
#390 = FILL_AREA_STYLE ('',( #358 ) ) ;
#391 = ORIENTED_EDGE ( 'NONE', *, *, #2193, .T. ) ;
#392 = SURFACE_SIDE_STYLE ('',( #2688 ) ) ;
#393 = SPHERICAL_SURFACE ( 'NONE', #1551, 0.2000000000000000111 ) ;
#394 = CARTESIAN_POINT ( 'NONE',  ( 10.85857864376269255, 0.2000000000000000944, 12.44142135623730816 ) ) ;
#395 = DIRECTION ( 'NONE',  ( 1.000000000000000000, 0.0000000000000000000, 0.0000000000000000000 ) ) ;
#396 = PRESENTATION_LAYER_ASSIGNMENT (  '', '', ( #2021 ) ) ;
#397 = DIRECTION ( 'NONE',  ( -0.7071067811865475727, 0.0000000000000000000, 0.7071067811865475727 ) ) ;
#398 = PRESENTATION_LAYER_ASSIGNMENT (  '', '', ( #2978 ) ) ;
#399 = MECHANICAL_DESIGN_GEOMETRIC_PRESENTATION_REPRESENTATION (  '', ( #1496 ), #1444 ) ;
#400 = DIRECTION ( 'NONE',  ( 0.0000000000000000000, 1.000000000000000000, 0.0000000000000000000 ) ) ;
#401 = AXIS2_PLACEMENT_3D ( 'NONE', #1650, #982, #2357 ) ;
#402 = AXIS2_PLACEMENT_3D ( 'NONE', #2762, #428, #1108 ) ;
#403 = AXIS2_PLACEMENT_3D ( 'NONE', #317, #1435, #1157 ) ;
#404 = EDGE_CURVE ( 'NONE', #70, #2787, #1385, .T. ) ;
#405 = COLOUR_RGB ( '',0.9960784313725490335, 0.8705882352941176627, 0.7607843137254901578 ) ;
#406 = DIRECTION ( 'NONE',  ( 0.0000000000000000000, 0.0000000000000000000, 1.000000000000000000 ) ) ;
#407 = DIRECTION ( 'NONE',  ( 1.000000000000000000, 0.0000000000000000000, 0.0000000000000000000 ) ) ;
#408 = ORIENTED_EDGE ( 'NONE', *, *, #2474, .F. ) ;
#409 = ORIENTED_EDGE ( 'NONE', *, *, #324, .T. ) ;
#410 = DIRECTION ( 'NONE',  ( 0.0000000000000000000, 0.0000000000000000000, 1.000000000000000000 ) ) ;
#411 = ORIENTED_EDGE ( 'NONE', *, *, #1636, .F. ) ;
#412 = DIRECTION ( 'NONE',  ( 0.0000000000000000000, -1.000000000000000000, 0.0000000000000000000 ) ) ;
#413 = SURFACE_STYLE_USAGE ( .BOTH. , #2464 ) ;
#414 = LINE ( 'NONE', #685, #945 ) ;
#415 =( LENGTH_UNIT ( ) NAMED_UNIT ( * ) SI_UNIT ( .MILLI., .METRE. ) );
#416 = COLOUR_RGB ( '',0.9960784313725490335, 0.8705882352941176627, 0.7607843137254901578 ) ;
#417 = DIRECTION ( 'NONE',  ( -0.7071067811865475727, 0.0000000000000000000, 0.7071067811865475727 ) ) ;
#418 = CIRCLE ( 'NONE', #552, 0.9998999899979994499 ) ;
#419 =( NAMED_UNIT ( * ) SI_UNIT ( $, .STERADIAN. ) SOLID_ANGLE_UNIT ( ) );
#420 = EDGE_CURVE ( 'NONE', #2937, #1484, #1256, .T. ) ;
#421 = FILL_AREA_STYLE ('',( #2472 ) ) ;
#422 =( NAMED_UNIT ( * ) SI_UNIT ( $, .STERADIAN. ) SOLID_ANGLE_UNIT ( ) );
#423 = UNCERTAINTY_MEASURE_WITH_UNIT (LENGTH_MEASURE( 1.000000000000000082E-05 ), #1457, 'distance_accuracy_value', 'NONE');
#424 = ORIENTED_EDGE ( 'NONE', *, *, #1885, .F. ) ;
#425 = SURFACE_SIDE_STYLE ('',( #2203 ) ) ;
#426 = VERTEX_POINT ( 'NONE', #2858 ) ;
#427 =( LENGTH_UNIT ( ) NAMED_UNIT ( * ) SI_UNIT ( .MILLI., .METRE. ) );
#428 = DIRECTION ( 'NONE',  ( 0.0000000000000000000, 1.000000000000000000, 0.0000000000000000000 ) ) ;
#429 =( LENGTH_UNIT ( ) NAMED_UNIT ( * ) SI_UNIT ( .MILLI., .METRE. ) );
#430 = FACE_OUTER_BOUND ( 'NONE', #2898, .T. ) ;
#431 = SURFACE_STYLE_USAGE ( .BOTH. , #2048 ) ;
#432 = CARTESIAN_POINT ( 'NONE',  ( -10.59289321881345458, 0.0000000000000000000, -12.00000000000000178 ) ) ;
#433 = AXIS2_PLACEMENT_3D ( 'NONE', #2013, #177, #1371 ) ;
#434 =( NAMED_UNIT ( * ) SI_UNIT ( $, .STERADIAN. ) SOLID_ANGLE_UNIT ( ) );
#435 = CARTESIAN_POINT ( 'NONE',  ( 10.71715728752538332, 0.0000000000000000000, 12.29999999999999893 ) ) ;
#436 = ORIENTED_EDGE ( 'NONE', *, *, #2851, .F. ) ;
#437 = ORIENTED_EDGE ( 'NONE', *, *, #1323, .F. ) ;
#438 =( LENGTH_UNIT ( ) NAMED_UNIT ( * ) SI_UNIT ( .MILLI., .METRE. ) );
#439 = EDGE_CURVE ( 'NONE', #2888, #1675, #1438, .T. ) ;
#440 = SURFACE_STYLE_FILL_AREA ( #1837 ) ;
#441 = EDGE_CURVE ( 'NONE', #2935, #2326, #1945, .T. ) ;
#442 =( NAMED_UNIT ( * ) SI_UNIT ( $, .STERADIAN. ) SOLID_ANGLE_UNIT ( ) );
#443 = LINE ( 'NONE', #2692, #316 ) ;
#444 = PRESENTATION_LAYER_ASSIGNMENT (  '', '', ( #1967 ) ) ;
#445 = MECHANICAL_DESIGN_GEOMETRIC_PRESENTATION_REPRESENTATION (  '', ( #2536 ), #1790 ) ;
#446 = CARTESIAN_POINT ( 'NONE',  ( 12.00000000000000178, -0.01000000000000000021, 10.59289321881345103 ) ) ;
#447 = VECTOR ( 'NONE', #2839, 1000.000000000000000 ) ;
#448 = COLOUR_RGB ( '',0.6666666666666666297, 0.6980392156862744724, 0.7686274509803920907 ) ;
#449 = DIRECTION ( 'NONE',  ( 1.000000000000000000, 0.0000000000000000000, 0.0000000000000000000 ) ) ;
#450 = UNCERTAINTY_MEASURE_WITH_UNIT (LENGTH_MEASURE( 1.000000000000000082E-05 ), #2724, 'distance_accuracy_value', 'NONE');
#451 = MECHANICAL_DESIGN_GEOMETRIC_PRESENTATION_REPRESENTATION (  '', ( #1746 ), #2934 ) ;
#452 = ORIENTED_EDGE ( 'NONE', *, *, #1280, .F. ) ;
#453 = CYLINDRICAL_SURFACE ( 'NONE', #2185, 0.2000000000000005107 ) ;
#454 = ORIENTED_EDGE ( 'NONE', *, *, #2960, .F. ) ;
#455 = CARTESIAN_POINT ( 'NONE',  ( 10.71715728752537977, 0.2000000000000000944, -12.30000000000000249 ) ) ;
#456 = DIRECTION ( 'NONE',  ( 0.0000000000000000000, -0.0000000000000000000, -1.000000000000000000 ) ) ;
#457 = ORIENTED_EDGE ( 'NONE', *, *, #151, .T. ) ;
#458 = CARTESIAN_POINT ( 'NONE',  ( -10.71715728752537977, 4.000000000000000000, 12.49999999999999822 ) ) ;
#459 = ADVANCED_FACE ( 'NONE', ( #1894 ), #57, .T. ) ;
#460 = CARTESIAN_POINT ( 'NONE',  ( 1.700000000000001066, 4.009999999999999787, 0.9001000100020003503 ) ) ;
#461 = CIRCLE ( 'NONE', #730, 0.5000000000000000000 ) ;
#462 = SURFACE_STYLE_FILL_AREA ( #2959 ) ;
#463 = ORIENTED_EDGE ( 'NONE', *, *, #1044, .T. ) ;
#464 = COLOUR_RGB ( '',0.9960784313725490335, 0.8705882352941176627, 0.7607843137254901578 ) ;
#465 = CARTESIAN_POINT ( 'NONE',  ( 12.29999999999999893, 4.000000000000000000, -10.71715728752537977 ) ) ;
#466 = PRESENTATION_STYLE_ASSIGNMENT (( #188 ) ) ;
#467 = ORIENTED_EDGE ( 'NONE', *, *, #128, .F. ) ;
#468 = ADVANCED_FACE ( 'NONE', ( #2200 ), #870, .T. ) ;
#469 = FILL_AREA_STYLE_COLOUR ( '', #1605 ) ;
#470 = DIRECTION ( 'NONE',  ( -0.0000000000000000000, 1.000000000000000000, -0.0000000000000000000 ) ) ;
#471 = EDGE_CURVE ( 'NONE', #806, #2039, #2926, .T. ) ;
#472 = CARTESIAN_POINT ( 'NONE',  ( 10.71715728752538155, 4.000000000000000000, 12.49999999999999822 ) ) ;
#473 = UNCERTAINTY_MEASURE_WITH_UNIT (LENGTH_MEASURE( 1.000000000000000082E-05 ), #1086, 'distance_accuracy_value', 'NONE');
#474 = VERTEX_POINT ( 'NONE', #637 ) ;
#475 = MECHANICAL_DESIGN_GEOMETRIC_PRESENTATION_REPRESENTATION (  '', ( #83 ), #1329 ) ;
#476 = PRESENTATION_STYLE_ASSIGNMENT (( #1163 ) ) ;
#477 =( NAMED_UNIT ( * ) SI_UNIT ( $, .STERADIAN. ) SOLID_ANGLE_UNIT ( ) );
#478 = ORIENTED_EDGE ( 'NONE', *, *, #1495, .T. ) ;
#479 = SURFACE_SIDE_STYLE ('',( #1631 ) ) ;
#480 = CARTESIAN_POINT ( 'NONE',  ( -12.30000000000000249, 0.0000000000000000000, -10.80000000000000249 ) ) ;
#481 = VERTEX_POINT ( 'NONE', #1272 ) ;
#482 = PLANE ( 'NONE',  #2272 ) ;
#483 = SURFACE_SIDE_STYLE ('',( #2257 ) ) ;
#484 = AXIS2_PLACEMENT_3D ( 'NONE', #2429, #1960, #377 ) ;
#485 = ADVANCED_FACE ( 'NONE', ( #1034 ), #2637, .F. ) ;
#486 = UNCERTAINTY_MEASURE_WITH_UNIT (LENGTH_MEASURE( 1.000000000000000082E-05 ), #354, 'distance_accuracy_value', 'NONE');
#487 = EDGE_LOOP ( 'NONE', ( #2008, #2099, #1913, #1965 ) ) ;
#488 = FILL_AREA_STYLE ('',( #652 ) ) ;
#489 = STYLED_ITEM ( 'NONE', ( #608 ), #2274 ) ;
#490 = VECTOR ( 'NONE', #1282, 1000.000000000000114 ) ;
#491 = FACE_OUTER_BOUND ( 'NONE', #1269, .T. ) ;
#492 = PRESENTATION_LAYER_ASSIGNMENT (  '', '', ( #1011 ) ) ;
#493 = CARTESIAN_POINT ( 'NONE',  ( 10.49999999999999822, 4.000000000000000000, -10.50000000000000178 ) ) ;
#494 = LINE ( 'NONE', #2305, #2748 ) ;
#495 = FACE_OUTER_BOUND ( 'NONE', #2201, .T. ) ;
#496 = EDGE_LOOP ( 'NONE', ( #1773, #2667, #566, #309 ) ) ;
#497 = UNCERTAINTY_MEASURE_WITH_UNIT (LENGTH_MEASURE( 1.000000000000000082E-05 ), #1336, 'distance_accuracy_value', 'NONE');
#498 = ORIENTED_EDGE ( 'NONE', *, *, #954, .T. ) ;
#499 = CARTESIAN_POINT ( 'NONE',  ( 1.699999999999999734, -0.2999999999999999334, 1.899999999999999911 ) ) ;
#500 = FACE_OUTER_BOUND ( 'NONE', #1274, .T. ) ;
#501 = DIRECTION ( 'NONE',  ( 1.734723475976802677E-14, 0.0000000000000000000, -1.000000000000000000 ) ) ;
#502 = PRESENTATION_LAYER_ASSIGNMENT (  '', '', ( #2696 ) ) ;
#503 = EDGE_CURVE ( 'NONE', #594, #1990, #1988, .T. ) ;
#504 = AXIS2_PLACEMENT_3D ( 'NONE', #639, #2024, #1774 ) ;
#505 =( NAMED_UNIT ( * ) PLANE_ANGLE_UNIT ( ) SI_UNIT ( $, .RADIAN. ) );
#506 = ORIENTED_EDGE ( 'NONE', *, *, #2518, .F. ) ;
#507 =( GEOMETRIC_REPRESENTATION_CONTEXT ( 3 ) GLOBAL_UNCERTAINTY_ASSIGNED_CONTEXT ( ( #2714 ) ) GLOBAL_UNIT_ASSIGNED_CONTEXT ( ( #2605, #545, #2807 ) ) REPRESENTATION_CONTEXT ( 'NONE', 'WORKASPACE' ) );
#508 = PLANE ( 'NONE',  #2567 ) ;
#509 = PRESENTATION_LAYER_ASSIGNMENT (  '', '', ( #1419 ) ) ;
#510 = ORIENTED_EDGE ( 'NONE', *, *, #112, .F. ) ;
#511 = PRESENTATION_LAYER_ASSIGNMENT (  '', '', ( #2387 ) ) ;
#512 = ORIENTED_EDGE ( 'NONE', *, *, #1169, .F. ) ;
#513 = FACE_OUTER_BOUND ( 'NONE', #623, .T. ) ;
#514 = FACE_OUTER_BOUND ( 'NONE', #1890, .T. ) ;
#515 = LINE ( 'NONE', #1237, #2260 ) ;
#516 = SURFACE_STYLE_USAGE ( .BOTH. , #746 ) ;
#517 = STYLED_ITEM ( 'NONE', ( #1475 ), #884 ) ;
#518 = DIRECTION ( 'NONE',  ( -0.0000000000000000000, 1.000000000000000000, -0.0000000000000000000 ) ) ;
#519 = FILL_AREA_STYLE ('',( #1704 ) ) ;
#520 = LINE ( 'NONE', #298, #1513 ) ;
#521 =( NAMED_UNIT ( * ) PLANE_ANGLE_UNIT ( ) SI_UNIT ( $, .RADIAN. ) );
#522 = ADVANCED_FACE ( 'NONE', ( #2915 ), #1411, .T. ) ;
#523 =( NAMED_UNIT ( * ) SI_UNIT ( $, .STERADIAN. ) SOLID_ANGLE_UNIT ( ) );
#524 = FILL_AREA_STYLE_COLOUR ( '', #2781 ) ;
#525 = CARTESIAN_POINT ( 'NONE',  ( 10.71715728752538332, 4.000000000000000000, 12.29999999999999893 ) ) ;
#526 =( NAMED_UNIT ( * ) SI_UNIT ( $, .STERADIAN. ) SOLID_ANGLE_UNIT ( ) );
#527 = ORIENTED_EDGE ( 'NONE', *, *, #1859, .T. ) ;
#528 = CYLINDRICAL_SURFACE ( 'NONE', #841, 0.2000000000000005107 ) ;
#529 = CARTESIAN_POINT ( 'NONE',  ( 10.59289321881345103, -0.01000000000000000021, -12.00000000000000178 ) ) ;
#530 = AXIS2_PLACEMENT_3D ( 'NONE', #1452, #1239, #1469 ) ;
#531 = AXIS2_PLACEMENT_3D ( 'NONE', #1414, #2332, #1005 ) ;
#532 =( NAMED_UNIT ( * ) SI_UNIT ( $, .STERADIAN. ) SOLID_ANGLE_UNIT ( ) );
#533 = COLOUR_RGB ( '',0.9960784313725490335, 0.8705882352941176627, 0.7607843137254901578 ) ;
#534 =( NAMED_UNIT ( * ) PLANE_ANGLE_UNIT ( ) SI_UNIT ( $, .RADIAN. ) );
#535 = APPLICATION_CONTEXT ( 'automotive_design' ) ;
#536 = CIRCLE ( 'NONE', #1053, 0.2000000000000002887 ) ;
#537 = CIRCLE ( 'NONE', #2221, 0.2000000000000005107 ) ;
#538 = CIRCLE ( 'NONE', #2841, 0.2000000000000005107 ) ;
#539 = SURFACE_STYLE_FILL_AREA ( #725 ) ;
#540 = DIRECTION ( 'NONE',  ( -0.7071067811865474617, 0.0000000000000000000, -0.7071067811865474617 ) ) ;
#541 = EDGE_CURVE ( 'NONE', #1734, #1161, #2904, .T. ) ;
#542 = CARTESIAN_POINT ( 'NONE',  ( -10.71715728752538332, 0.2000000000000000944, -12.30000000000000249 ) ) ;
#543 = DIRECTION ( 'NONE',  ( -1.637629531557875731E-16, 0.0000000000000000000, -1.000000000000000000 ) ) ;
#544 = VERTEX_POINT ( 'NONE', #201 ) ;
#545 =( NAMED_UNIT ( * ) PLANE_ANGLE_UNIT ( ) SI_UNIT ( $, .RADIAN. ) );
#546 = SURFACE_STYLE_USAGE ( .BOTH. , #1467 ) ;
#547 = DIRECTION ( 'NONE',  ( -0.7071067811865474617, 0.0000000000000000000, -0.7071067811865474617 ) ) ;
#548 = PRESENTATION_STYLE_ASSIGNMENT (( #1415 ) ) ;
#549 = DIRECTION ( 'NONE',  ( 0.0000000000000000000, 0.0000000000000000000, 1.000000000000000000 ) ) ;
#550 = VECTOR ( 'NONE', #322, 1000.000000000000000 ) ;
#551 = CARTESIAN_POINT ( 'NONE',  ( 12.30000000000000249, 0.2000000000000000944, 10.71715728752538155 ) ) ;
#552 = AXIS2_PLACEMENT_3D ( 'NONE', #2596, #805, #410 ) ;
#553 = VECTOR ( 'NONE', #262, 1000.000000000000000 ) ;
#554 = PLANE ( 'NONE',  #2413 ) ;
#555 = CARTESIAN_POINT ( 'NONE',  ( -11.99999999999999822, 0.0000000000000000000, 10.59289321881345103 ) ) ;
#556 = MECHANICAL_DESIGN_GEOMETRIC_PRESENTATION_REPRESENTATION (  '', ( #116 ), #1863 ) ;
#557 = PRESENTATION_STYLE_ASSIGNMENT (( #1667 ) ) ;
#558 = FACE_OUTER_BOUND ( 'NONE', #2263, .T. ) ;
#559 = ADVANCED_FACE ( 'NONE', ( #248 ), #900, .T. ) ;
#560 = DIRECTION ( 'NONE',  ( 1.000000000000000000, 0.0000000000000000000, 0.0000000000000000000 ) ) ;
#561 = VERTEX_POINT ( 'NONE', #942 ) ;
#562 = EDGE_CURVE ( 'NONE', #1954, #2055, #2508, .T. ) ;
#563 = LINE ( 'NONE', #1893, #722 ) ;
#564 = STYLED_ITEM ( 'NONE', ( #1595 ), #683 ) ;
#565 = UNCERTAINTY_MEASURE_WITH_UNIT (LENGTH_MEASURE( 1.000000000000000082E-05 ), #2315, 'distance_accuracy_value', 'NONE');
#566 = ORIENTED_EDGE ( 'NONE', *, *, #1836, .F. ) ;
#567 = SURFACE_SIDE_STYLE ('',( #77 ) ) ;
#568 = CARTESIAN_POINT ( 'NONE',  ( -11.99999999999999822, 0.0000000000000000000, 10.59289321881345103 ) ) ;
#569 = STYLED_ITEM ( 'NONE', ( #557 ), #859 ) ;
#570 = CARTESIAN_POINT ( 'NONE',  ( 12.29999999999999893, 0.2000000000000000944, -10.71715728752538332 ) ) ;
#571 = FILL_AREA_STYLE ('',( #781 ) ) ;
#572 = TOROIDAL_SURFACE ( 'NONE', #2249, 0.5000000000000002220, 0.5000000000000000000 ) ;
#573 = SURFACE_STYLE_FILL_AREA ( #1941 ) ;
#574 = LINE ( 'NONE', #2207, #1811 ) ;
#575 = ORIENTED_EDGE ( 'NONE', *, *, #2230, .T. ) ;
#576 = SURFACE_STYLE_USAGE ( .BOTH. , #164 ) ;
#577 = EDGE_CURVE ( 'NONE', #928, #204, #1118, .T. ) ;
#578 = ORIENTED_EDGE ( 'NONE', *, *, #1393, .F. ) ;
#579 = DIRECTION ( 'NONE',  ( 0.0000000000000000000, 0.0000000000000000000, -1.000000000000000000 ) ) ;
#580 = FILL_AREA_STYLE_COLOUR ( '', #127 ) ;
#581 = MECHANICAL_DESIGN_GEOMETRIC_PRESENTATION_REPRESENTATION (  '', ( #858 ), #1879 ) ;
#582 = PRESENTATION_LAYER_ASSIGNMENT (  '', '', ( #489 ) ) ;
#583 = VECTOR ( 'NONE', #1733, 1000.000000000000000 ) ;
#584 =( GEOMETRIC_REPRESENTATION_CONTEXT ( 3 ) GLOBAL_UNCERTAINTY_ASSIGNED_CONTEXT ( ( #1832 ) ) GLOBAL_UNIT_ASSIGNED_CONTEXT ( ( #196, #1376, #1142 ) ) REPRESENTATION_CONTEXT ( 'NONE', 'WORKASPACE' ) );
#585 = CYLINDRICAL_SURFACE ( 'NONE', #200, 0.2000000000000002887 ) ;
#586 = MECHANICAL_DESIGN_GEOMETRIC_PRESENTATION_REPRESENTATION (  '', ( #2461 ), #965 ) ;
#587 = DIRECTION ( 'NONE',  ( 0.0000000000000000000, 0.0000000000000000000, 1.000000000000000000 ) ) ;
#588 = ORIENTED_EDGE ( 'NONE', *, *, #1720, .F. ) ;
#589 = SURFACE_STYLE_FILL_AREA ( #2227 ) ;
#590 = LINE ( 'NONE', #1062, #1840 ) ;
#591 = DIRECTION ( 'NONE',  ( 0.0000000000000000000, 0.0000000000000000000, 1.000000000000000000 ) ) ;
#592 = UNCERTAINTY_MEASURE_WITH_UNIT (LENGTH_MEASURE( 1.000000000000000082E-05 ), #2624, 'distance_accuracy_value', 'NONE');
#593 = EDGE_LOOP ( 'NONE', ( #2202, #2337, #2804, #1656 ) ) ;
#594 = VERTEX_POINT ( 'NONE', #1148 ) ;
#595 = CARTESIAN_POINT ( 'NONE',  ( -11.99999999999999822, -0.01000000000000000021, 10.59289321881345103 ) ) ;
#596 = ORIENTED_EDGE ( 'NONE', *, *, #2121, .T. ) ;
#597 = DIRECTION ( 'NONE',  ( 0.7071067811865475727, -0.0000000000000000000, 0.7071067811865475727 ) ) ;
#598 = ADVANCED_FACE ( 'NONE', ( #2974 ), #1653, .F. ) ;
#599 =( GEOMETRIC_REPRESENTATION_CONTEXT ( 3 ) GLOBAL_UNCERTAINTY_ASSIGNED_CONTEXT ( ( #1396 ) ) GLOBAL_UNIT_ASSIGNED_CONTEXT ( ( #272, #996, #1677 ) ) REPRESENTATION_CONTEXT ( 'NONE', 'WORKASPACE' ) );
#600 = DIRECTION ( 'NONE',  ( -0.0000000000000000000, -0.0000000000000000000, 1.000000000000000000 ) ) ;
#601 = CARTESIAN_POINT ( 'NONE',  ( 12.49999999999999822, 0.2000000000000000944, -10.80000000000000249 ) ) ;
#602 = SURFACE_SIDE_STYLE ('',( #1231 ) ) ;
#603 = AXIS2_PLACEMENT_3D ( 'NONE', #2924, #1129, #700 ) ;
#604 = VECTOR ( 'NONE', #2847, 1000.000000000000000 ) ;
#605 = DIRECTION ( 'NONE',  ( 0.0000000000000000000, 0.0000000000000000000, 1.000000000000000000 ) ) ;
#606 = ORIENTED_EDGE ( 'NONE', *, *, #2755, .T. ) ;
#607 = DIRECTION ( 'NONE',  ( 1.000000000000000000, -0.0000000000000000000, -0.0000000000000000000 ) ) ;
#608 = PRESENTATION_STYLE_ASSIGNMENT (( #2020 ) ) ;
#609 = ORIENTED_EDGE ( 'NONE', *, *, #1400, .T. ) ;
#610 = ORIENTED_EDGE ( 'NONE', *, *, #2011, .T. ) ;
#611 = VERTEX_POINT ( 'NONE', #1443 ) ;
#612 = CARTESIAN_POINT ( 'NONE',  ( -12.30000000000000249, 0.2000000000000000944, -10.71715728752538332 ) ) ;
#613 = CARTESIAN_POINT ( 'NONE',  ( 10.79999999999999893, 3.799999999999999822, -12.50000000000000178 ) ) ;
#614 = SURFACE_SIDE_STYLE ('',( #2892 ) ) ;
#615 = ADVANCED_FACE ( 'NONE', ( #291 ), #2572, .T. ) ;
#616 = COLOUR_RGB ( '',0.9960784313725490335, 0.8705882352941176627, 0.7607843137254901578 ) ;
#617 = ORIENTED_EDGE ( 'NONE', *, *, #471, .T. ) ;
#618 = CARTESIAN_POINT ( 'NONE',  ( 10.71715728752537977, 3.799999999999999822, -12.30000000000000249 ) ) ;
#619 =( LENGTH_UNIT ( ) NAMED_UNIT ( * ) SI_UNIT ( .MILLI., .METRE. ) );
#620 =( LENGTH_UNIT ( ) NAMED_UNIT ( * ) SI_UNIT ( .MILLI., .METRE. ) );
#621 = ORIENTED_EDGE ( 'NONE', *, *, #771, .T. ) ;
#622 = ORIENTED_EDGE ( 'NONE', *, *, #1280, .T. ) ;
#623 = EDGE_LOOP ( 'NONE', ( #575, #819, #1031 ) ) ;
#624 = CARTESIAN_POINT ( 'NONE',  ( -10.65857864376269326, 0.0000000000000000000, -12.35857864376269255 ) ) ;
#625 = PLANE ( 'NONE',  #433 ) ;
#626 = MECHANICAL_DESIGN_GEOMETRIC_PRESENTATION_REPRESENTATION (  '', ( #2978 ), #2356 ) ;
#627 = AXIS2_PLACEMENT_3D ( 'NONE', #2577, #1482, #2157 ) ;
#628 = AXIS2_PLACEMENT_3D ( 'NONE', #337, #2550, #745 ) ;
#629 = CARTESIAN_POINT ( 'NONE',  ( -12.29999999999999893, 0.0000000000000000000, 10.71715728752537977 ) ) ;
#630 = ADVANCED_FACE ( 'NONE', ( #2428 ), #2009, .F. ) ;
#631 = PLANE ( 'NONE',  #978 ) ;
#632 =( GEOMETRIC_REPRESENTATION_CONTEXT ( 3 ) GLOBAL_UNCERTAINTY_ASSIGNED_CONTEXT ( ( #592 ) ) GLOBAL_UNIT_ASSIGNED_CONTEXT ( ( #2624, #64, #2849 ) ) REPRESENTATION_CONTEXT ( 'NONE', 'WORKASPACE' ) );
#633 = ADVANCED_BREP_SHAPE_REPRESENTATION ( '64CBA960-4CF0-4CC6-8D83-D833B5A58E0E', ( #1862, #1553 ), #2680 ) ;
#634 = STYLED_ITEM ( 'NONE', ( #2131 ), #2586 ) ;
#635 = CARTESIAN_POINT ( 'NONE',  ( -10.59289321881345103, -0.01000000000000000021, 11.99999999999999822 ) ) ;
#636 = CIRCLE ( 'NONE', #1652, 0.4049999999999999711 ) ;
#637 = CARTESIAN_POINT ( 'NONE',  ( 1.700000000000001066, 4.500000000000000888, 1.399999999999999689 ) ) ;
#638 = ORIENTED_EDGE ( 'NONE', *, *, #172, .F. ) ;
#639 = CARTESIAN_POINT ( 'NONE',  ( 1.699999999999999734, -3.000000000000000000, 1.899999999999999911 ) ) ;
#640 = ORIENTED_EDGE ( 'NONE', *, *, #839, .F. ) ;
#641 = DIRECTION ( 'NONE',  ( -1.000000000000000000, 0.0000000000000000000, 0.0000000000000000000 ) ) ;
#642 =( NAMED_UNIT ( * ) PLANE_ANGLE_UNIT ( ) SI_UNIT ( $, .RADIAN. ) );
#643 = DIRECTION ( 'NONE',  ( -0.0000000000000000000, 1.000000000000000000, -0.0000000000000000000 ) ) ;
#644 = CIRCLE ( 'NONE', #1520, 0.2000000000000005107 ) ;
#645 = EDGE_CURVE ( 'NONE', #1593, #928, #2266, .T. ) ;
#646 = FACE_OUTER_BOUND ( 'NONE', #850, .T. ) ;
#647 = STYLED_ITEM ( 'NONE', ( #2964 ), #1780 ) ;
#648 = PRESENTATION_STYLE_ASSIGNMENT (( #1755 ) ) ;
#649 = ADVANCED_FACE ( 'NONE', ( #2487 ), #1534, .T. ) ;
#650 = UNCERTAINTY_MEASURE_WITH_UNIT (LENGTH_MEASURE( 1.000000000000000082E-05 ), #902, 'distance_accuracy_value', 'NONE');
#651 = ORIENTED_EDGE ( 'NONE', *, *, #1633, .T. ) ;
#652 = FILL_AREA_STYLE_COLOUR ( '', #2952 ) ;
#653 = ORIENTED_EDGE ( 'NONE', *, *, #2980, .T. ) ;
#654 = FILL_AREA_STYLE ('',( #1322 ) ) ;
#655 = PRESENTATION_LAYER_ASSIGNMENT (  '', '', ( #1030 ) ) ;
#656 = LINE ( 'NONE', #2010, #2830 ) ;
#657 = PRESENTATION_LAYER_ASSIGNMENT (  '', '', ( #699 ) ) ;
#658 = CARTESIAN_POINT ( 'NONE',  ( -10.50000000000000000, 4.009999999999999787, 10.50000000000000000 ) ) ;
#659 = SURFACE_SIDE_STYLE ('',( #1616 ) ) ;
#660 = CARTESIAN_POINT ( 'NONE',  ( -10.85857864376269255, 4.000000000000000000, -12.44142135623731171 ) ) ;
#661 = PRESENTATION_LAYER_ASSIGNMENT (  '', '', ( #329 ) ) ;
#662 = DIRECTION ( 'NONE',  ( 0.0000000000000000000, 0.0000000000000000000, 1.000000000000000000 ) ) ;
#663 = FILL_AREA_STYLE ('',( #913 ) ) ;
#664 = SURFACE_STYLE_FILL_AREA ( #1786 ) ;
#665 = EDGE_LOOP ( 'NONE', ( #2965, #1203, #1350 ) ) ;
#666 = ORIENTED_EDGE ( 'NONE', *, *, #2694, .F. ) ;
#667 = DIRECTION ( 'NONE',  ( 0.0000000000000000000, 0.0000000000000000000, -1.000000000000000000 ) ) ;
#668 = ADVANCED_FACE ( 'NONE', ( #2640 ), #2240, .F. ) ;
#669 = SURFACE_STYLE_FILL_AREA ( #1 ) ;
#670 = PRESENTATION_STYLE_ASSIGNMENT (( #2778 ) ) ;
#671 = CARTESIAN_POINT ( 'NONE',  ( -11.50857864376269291, 4.000000000000000000, -11.50857864376269291 ) ) ;
#672 = CARTESIAN_POINT ( 'NONE',  ( 10.85857864376268900, 3.799999999999999822, -12.44142135623731171 ) ) ;
#673 = DIRECTION ( 'NONE',  ( -0.0000000000000000000, 1.000000000000000000, -0.0000000000000000000 ) ) ;
#674 = MECHANICAL_DESIGN_GEOMETRIC_PRESENTATION_REPRESENTATION (  '', ( #1967 ), #808 ) ;
#675 = CIRCLE ( 'NONE', #2450, 0.2000000000000005107 ) ;
#676 = FILL_AREA_STYLE_COLOUR ( '', #2538 ) ;
#677 = UNCERTAINTY_MEASURE_WITH_UNIT (LENGTH_MEASURE( 1.000000000000000082E-05 ), #2721, 'distance_accuracy_value', 'NONE');
#678 = MECHANICAL_DESIGN_GEOMETRIC_PRESENTATION_REPRESENTATION (  '', ( #348 ), #584 ) ;
#679 = ORIENTED_EDGE ( 'NONE', *, *, #192, .F. ) ;
#680 = ORIENTED_EDGE ( 'NONE', *, *, #383, .F. ) ;
#681 = CYLINDRICAL_SURFACE ( 'NONE', #2908, 0.2000000000000005107 ) ;
#682 = PRESENTATION_STYLE_ASSIGNMENT (( #14 ) ) ;
#683 = ADVANCED_FACE ( 'NONE', ( #2479 ), #681, .T. ) ;
#684 = ORIENTED_EDGE ( 'NONE', *, *, #954, .F. ) ;
#685 = CARTESIAN_POINT ( 'NONE',  ( -10.79999999999999893, 0.0000000000000000000, 12.29999999999999893 ) ) ;
#686 =( NAMED_UNIT ( * ) PLANE_ANGLE_UNIT ( ) SI_UNIT ( $, .RADIAN. ) );
#687 = CARTESIAN_POINT ( 'NONE',  ( 10.85857864376268900, 0.2000000000000000944, -12.44142135623731171 ) ) ;
#688 = DIRECTION ( 'NONE',  ( 0.0000000000000000000, -0.0000000000000000000, -1.000000000000000000 ) ) ;
#689 = CIRCLE ( 'NONE', #2043, 0.2999999999999999334 ) ;
#690 = PRESENTATION_STYLE_ASSIGNMENT (( #2744 ) ) ;
#691 = ORIENTED_EDGE ( 'NONE', *, *, #2765, .F. ) ;
#692 = PRESENTATION_LAYER_ASSIGNMENT (  '', '', ( #13 ) ) ;
#693 = DIRECTION ( 'NONE',  ( 0.0000000000000000000, 0.0000000000000000000, -1.000000000000000000 ) ) ;
#694 = DIRECTION ( 'NONE',  ( 0.0000000000000000000, -1.000000000000000000, 0.0000000000000000000 ) ) ;
#695 = DIRECTION ( 'NONE',  ( 0.0000000000000000000, 0.0000000000000000000, 1.000000000000000000 ) ) ;
#696 = DIRECTION ( 'NONE',  ( -0.0000000000000000000, 1.000000000000000000, -0.0000000000000000000 ) ) ;
#697 = SURFACE_STYLE_FILL_AREA ( #2294 ) ;
#698 = FILL_AREA_STYLE_COLOUR ( '', #258 ) ;
#699 = STYLED_ITEM ( 'NONE', ( #890 ), #714 ) ;
#700 = DIRECTION ( 'NONE',  ( 1.000000000000000000, 0.0000000000000000000, 0.0000000000000000000 ) ) ;
#701 = EDGE_CURVE ( 'NONE', #2456, #2918, #1625, .T. ) ;
#702 = DIRECTION ( 'NONE',  ( 0.7071067811865474617, 0.0000000000000000000, -0.7071067811865474617 ) ) ;
#703 = SURFACE_STYLE_USAGE ( .BOTH. , #1572 ) ;
#704 = VECTOR ( 'NONE', #1918, 1000.000000000000114 ) ;
#705 = UNCERTAINTY_MEASURE_WITH_UNIT (LENGTH_MEASURE( 1.000000000000000082E-05 ), #1658, 'distance_accuracy_value', 'NONE');
#706 = EDGE_LOOP ( 'NONE', ( #2169, #2441, #120 ) ) ;
#707 = AXIS2_PLACEMENT_3D ( 'NONE', #2431, #797, #2672 ) ;
#708 = CARTESIAN_POINT ( 'NONE',  ( -10.79999999999999893, 0.2000000000000000944, 12.29999999999999893 ) ) ;
#709 = CARTESIAN_POINT ( 'NONE',  ( 0.0000000000000000000, 4.000000000000000000, -12.30000000000000249 ) ) ;
#710 = FILL_AREA_STYLE ('',( #1164 ) ) ;
#711 = CARTESIAN_POINT ( 'NONE',  ( -12.50000000000000178, 3.799999999999999822, -10.71715728752538332 ) ) ;
#712 = CARTESIAN_POINT ( 'NONE',  ( 10.49999999999999822, 4.009999999999999787, -10.50000000000000178 ) ) ;
#713 = SURFACE_STYLE_USAGE ( .BOTH. , #1198 ) ;
#714 = ADVANCED_FACE ( 'NONE', ( #1124 ), #1876, .F. ) ;
#715 = STYLED_ITEM ( 'NONE', ( #794 ), #2161 ) ;
#716 = COLOUR_RGB ( '',0.9960784313725490335, 0.8705882352941176627, 0.7607843137254901578 ) ;
#717 = CARTESIAN_POINT ( 'NONE',  ( 12.50000000000000178, 4.000000000000000000, 10.71715728752538155 ) ) ;
#718 = ORIENTED_EDGE ( 'NONE', *, *, #2551, .T. ) ;
#719 = DIRECTION ( 'NONE',  ( 0.7071067811865474617, 0.0000000000000000000, -0.7071067811865474617 ) ) ;
#720 = FILL_AREA_STYLE ('',( #1642 ) ) ;
#721 = DIRECTION ( 'NONE',  ( 1.000000000000000000, 0.0000000000000000000, 0.0000000000000000000 ) ) ;
#722 = VECTOR ( 'NONE', #1206, 1000.000000000000000 ) ;
#723 = CARTESIAN_POINT ( 'NONE',  ( -10.50000000000000178, 4.009999999999999787, -10.50000000000000178 ) ) ;
#724 = FILL_AREA_STYLE ('',( #1403 ) ) ;
#725 = FILL_AREA_STYLE ('',( #302 ) ) ;
#726 =( NAMED_UNIT ( * ) PLANE_ANGLE_UNIT ( ) SI_UNIT ( $, .RADIAN. ) );
#727 = DIRECTION ( 'NONE',  ( 0.7071067811865475727, 0.0000000000000000000, -0.7071067811865475727 ) ) ;
#728 = VERTEX_POINT ( 'NONE', #465 ) ;
#729 =( NAMED_UNIT ( * ) PLANE_ANGLE_UNIT ( ) SI_UNIT ( $, .RADIAN. ) );
#730 = AXIS2_PLACEMENT_3D ( 'NONE', #335, #1233, #2558 ) ;
#731 = ORIENTED_EDGE ( 'NONE', *, *, #2468, .F. ) ;
#732 =( NAMED_UNIT ( * ) SI_UNIT ( $, .STERADIAN. ) SOLID_ANGLE_UNIT ( ) );
#733 =( LENGTH_UNIT ( ) NAMED_UNIT ( * ) SI_UNIT ( .MILLI., .METRE. ) );
#734 = PRESENTATION_LAYER_ASSIGNMENT (  '', '', ( #2646 ) ) ;
#735 = ADVANCED_FACE ( 'NONE', ( #500 ), #1368, .T. ) ;
#736 =( GEOMETRIC_REPRESENTATION_CONTEXT ( 3 ) GLOBAL_UNCERTAINTY_ASSIGNED_CONTEXT ( ( #266 ) ) GLOBAL_UNIT_ASSIGNED_CONTEXT ( ( #2399, #327, #1485 ) ) REPRESENTATION_CONTEXT ( 'NONE', 'WORKASPACE' ) );
#737 = CARTESIAN_POINT ( 'NONE',  ( -12.50000000000000178, 3.799999999999999822, -10.80000000000000249 ) ) ;
#738 = EDGE_LOOP ( 'NONE', ( #975, #1874, #1682, #2316 ) ) ;
#739 =( NAMED_UNIT ( * ) SI_UNIT ( $, .STERADIAN. ) SOLID_ANGLE_UNIT ( ) );
#740 = DIRECTION ( 'NONE',  ( 1.000000000000000000, 0.0000000000000000000, 0.0000000000000000000 ) ) ;
#741 = VERTEX_POINT ( 'NONE', #1892 ) ;
#742 = LINE ( 'NONE', #1478, #1159 ) ;
#743 = FILL_AREA_STYLE ('',( #2139 ) ) ;
#744 = VERTEX_POINT ( 'NONE', #2575 ) ;
#745 = DIRECTION ( 'NONE',  ( -1.000000000000000000, 0.0000000000000000000, 0.0000000000000000000 ) ) ;
#746 = SURFACE_SIDE_STYLE ('',( #2812 ) ) ;
#747 = COLOUR_RGB ( '',0.6666666666666666297, 0.6980392156862744724, 0.7686274509803920907 ) ;
#748 = LINE ( 'NONE', #737, #604 ) ;
#749 = SURFACE_STYLE_FILL_AREA ( #1917 ) ;
#750 = EDGE_CURVE ( 'NONE', #426, #2095, #1171, .T. ) ;
#751 =( LENGTH_UNIT ( ) NAMED_UNIT ( * ) SI_UNIT ( .MILLI., .METRE. ) );
#752 = SURFACE_STYLE_FILL_AREA ( #571 ) ;
#753 = CARTESIAN_POINT ( 'NONE',  ( -10.50000000000000178, 4.009999999999999787, -10.50000000000000178 ) ) ;
#754 = SURFACE_STYLE_FILL_AREA ( #2788 ) ;
#755 = PLANE ( 'NONE',  #1307 ) ;
#756 = EDGE_LOOP ( 'NONE', ( #1594, #1664, #1021 ) ) ;
#757 = FILL_AREA_STYLE ('',( #2346 ) ) ;
#758 = SURFACE_STYLE_FILL_AREA ( #1915 ) ;
#759 = COLOUR_RGB ( '',0.6666666666666666297, 0.6980392156862744724, 0.7686274509803920907 ) ;
#760 =( GEOMETRIC_REPRESENTATION_CONTEXT ( 3 ) GLOBAL_UNCERTAINTY_ASSIGNED_CONTEXT ( ( #2682 ) ) GLOBAL_UNIT_ASSIGNED_CONTEXT ( ( #427, #239, #855 ) ) REPRESENTATION_CONTEXT ( 'NONE', 'WORKASPACE' ) );
#761 = PRESENTATION_STYLE_ASSIGNMENT (( #2129 ) ) ;
#762 = AXIS2_PLACEMENT_3D ( 'NONE', #1804, #1348, #1131 ) ;
#763 = CARTESIAN_POINT ( 'NONE',  ( 1.699999999999999734, -0.2999999999999999334, 2.604999999999999982 ) ) ;
#764 = STYLED_ITEM ( 'NONE', ( #2599 ), #2417 ) ;
#765 = VECTOR ( 'NONE', #2271, 1000.000000000000000 ) ;
#766 = VECTOR ( 'NONE', #696, 1000.000000000000000 ) ;
#767 = ADVANCED_FACE ( 'NONE', ( #514 ), #528, .T. ) ;
#768 = CARTESIAN_POINT ( 'NONE',  ( -10.71715728752537977, 4.000000000000000000, 12.29999999999999893 ) ) ;
#769 = DIRECTION ( 'NONE',  ( 0.0000000000000000000, 1.000000000000000000, 0.0000000000000000000 ) ) ;
#770 = EDGE_CURVE ( 'NONE', #169, #274, #1688, .T. ) ;
#771 = EDGE_CURVE ( 'NONE', #1772, #1234, #2564, .T. ) ;
#772 =( NAMED_UNIT ( * ) SI_UNIT ( $, .STERADIAN. ) SOLID_ANGLE_UNIT ( ) );
#773 = PRESENTATION_STYLE_ASSIGNMENT (( #984 ) ) ;
#774 = ORIENTED_EDGE ( 'NONE', *, *, #750, .T. ) ;
#775 = FILL_AREA_STYLE ('',( #88 ) ) ;
#776 = SURFACE_STYLE_USAGE ( .BOTH. , #979 ) ;
#777 =( LENGTH_UNIT ( ) NAMED_UNIT ( * ) SI_UNIT ( .MILLI., .METRE. ) );
#778 = AXIS2_PLACEMENT_3D ( 'NONE', #967, #1689, #2130 ) ;
#779 = DIRECTION ( 'NONE',  ( 0.7071067811865474617, -0.0000000000000000000, -0.7071067811865474617 ) ) ;
#780 = VECTOR ( 'NONE', #2578, 1000.000000000000000 ) ;
#781 = FILL_AREA_STYLE_COLOUR ( '', #915 ) ;
#782 = AXIS2_PLACEMENT_3D ( 'NONE', #499, #71, #1204 ) ;
#783 = DIRECTION ( 'NONE',  ( 1.734723475976802677E-14, -0.0000000000000000000, 1.000000000000000000 ) ) ;
#784 = ADVANCED_FACE ( 'NONE', ( #1212 ), #328, .T. ) ;
#785 = MECHANICAL_DESIGN_GEOMETRIC_PRESENTATION_REPRESENTATION (  '', ( #230 ), #1369 ) ;
#786 = VERTEX_POINT ( 'NONE', #2190 ) ;
#787 = FILL_AREA_STYLE ('',( #2199 ) ) ;
#788 = FILL_AREA_STYLE_COLOUR ( '', #1187 ) ;
#789 =( GEOMETRIC_REPRESENTATION_CONTEXT ( 3 ) GLOBAL_UNCERTAINTY_ASSIGNED_CONTEXT ( ( #1529 ) ) GLOBAL_UNIT_ASSIGNED_CONTEXT ( ( #1448, #2364, #311 ) ) REPRESENTATION_CONTEXT ( 'NONE', 'WORKASPACE' ) );
#790 = ORIENTED_EDGE ( 'NONE', *, *, #1085, .T. ) ;
#791 = CARTESIAN_POINT ( 'NONE',  ( 10.71715728752538155, 3.799999999999999822, -12.30000000000000249 ) ) ;
#792 = CARTESIAN_POINT ( 'NONE',  ( -12.50000000000000178, 3.799999999999999822, -10.80000000000000249 ) ) ;
#793 = PRESENTATION_LAYER_ASSIGNMENT (  '', '', ( #569 ) ) ;
#794 = PRESENTATION_STYLE_ASSIGNMENT (( #330 ) ) ;
#795 = CYLINDRICAL_SURFACE ( 'NONE', #1145, 0.2000000000000005107 ) ;
#796 = CIRCLE ( 'NONE', #2489, 0.2000000000000002609 ) ;
#797 = DIRECTION ( 'NONE',  ( 0.0000000000000000000, 0.0000000000000000000, -1.000000000000000000 ) ) ;
#798 = LINE ( 'NONE', #1509, #583 ) ;
#799 = EDGE_CURVE ( 'NONE', #971, #1257, #1471, .T. ) ;
#800 = EDGE_LOOP ( 'NONE', ( #2299, #2947, #2653, #1286 ) ) ;
#801 =( NAMED_UNIT ( * ) PLANE_ANGLE_UNIT ( ) SI_UNIT ( $, .RADIAN. ) );
#802 = PRESENTATION_STYLE_ASSIGNMENT (( #1784 ) ) ;
#803 =( NAMED_UNIT ( * ) PLANE_ANGLE_UNIT ( ) SI_UNIT ( $, .RADIAN. ) );
#804 = ORIENTED_EDGE ( 'NONE', *, *, #1098, .T. ) ;
#805 = DIRECTION ( 'NONE',  ( -0.0000000000000000000, -1.000000000000000000, -0.0000000000000000000 ) ) ;
#806 = VERTEX_POINT ( 'NONE', #2385 ) ;
#807 =( NAMED_UNIT ( * ) PLANE_ANGLE_UNIT ( ) SI_UNIT ( $, .RADIAN. ) );
#808 =( GEOMETRIC_REPRESENTATION_CONTEXT ( 3 ) GLOBAL_UNCERTAINTY_ASSIGNED_CONTEXT ( ( #1160 ) ) GLOBAL_UNIT_ASSIGNED_CONTEXT ( ( #619, #2857, #419 ) ) REPRESENTATION_CONTEXT ( 'NONE', 'WORKASPACE' ) );
#809 = AXIS2_PLACEMENT_3D ( 'NONE', #1612, #2268, #2059 ) ;
#810 = CARTESIAN_POINT ( 'NONE',  ( 10.71715728752538332, 3.799999999999999822, 12.49999999999999822 ) ) ;
#811 =( LENGTH_UNIT ( ) NAMED_UNIT ( * ) SI_UNIT ( .MILLI., .METRE. ) );
#812 = CIRCLE ( 'NONE', #2408, 0.2000000000000002887 ) ;
#813 = PRESENTATION_LAYER_ASSIGNMENT (  '', '', ( #1746 ) ) ;
#814 = SURFACE_STYLE_USAGE ( .BOTH. , #2196 ) ;
#815 = ORIENTED_EDGE ( 'NONE', *, *, #1265, .F. ) ;
#816 = DIRECTION ( 'NONE',  ( 0.0000000000000000000, 1.000000000000000000, 0.0000000000000000000 ) ) ;
#817 = UNCERTAINTY_MEASURE_WITH_UNIT (LENGTH_MEASURE( 1.000000000000000082E-05 ), #2058, 'distance_accuracy_value', 'NONE');
#818 = ORIENTED_EDGE ( 'NONE', *, *, #1654, .F. ) ;
#819 = ORIENTED_EDGE ( 'NONE', *, *, #2375, .T. ) ;
#820 = CYLINDRICAL_SURFACE ( 'NONE', #1619, 0.2000000000000005107 ) ;
#821 = ORIENTED_EDGE ( 'NONE', *, *, #771, .F. ) ;
#822 =( NAMED_UNIT ( * ) PLANE_ANGLE_UNIT ( ) SI_UNIT ( $, .RADIAN. ) );
#823 = EDGE_CURVE ( 'NONE', #267, #1161, #2848, .T. ) ;
#824 = MECHANICAL_DESIGN_GEOMETRIC_PRESENTATION_REPRESENTATION (  '', ( #1899 ), #1987 ) ;
#825 = PLANE ( 'NONE',  #2358 ) ;
#826 = SURFACE_STYLE_USAGE ( .BOTH. , #614 ) ;
#827 = CIRCLE ( 'NONE', #2281, 0.2000000000000005107 ) ;
#828 = CIRCLE ( 'NONE', #2283, 0.2000000000000005107 ) ;
#829 = FACE_OUTER_BOUND ( 'NONE', #2895, .T. ) ;
#830 = VERTEX_POINT ( 'NONE', #1716 ) ;
#831 =( NAMED_UNIT ( * ) PLANE_ANGLE_UNIT ( ) SI_UNIT ( $, .RADIAN. ) );
#832 = CARTESIAN_POINT ( 'NONE',  ( 12.44142135623730816, 4.000000000000000000, -10.85857864376269255 ) ) ;
#833 = ORIENTED_EDGE ( 'NONE', *, *, #2355, .F. ) ;
#834 = ORIENTED_EDGE ( 'NONE', *, *, #839, .T. ) ;
#835 = CARTESIAN_POINT ( 'NONE',  ( -10.71715728752538332, 0.2000000000000000111, -12.30000000000000249 ) ) ;
#836 = VERTEX_POINT ( 'NONE', #568 ) ;
#837 = PRESENTATION_LAYER_ASSIGNMENT (  '', '', ( #2430 ) ) ;
#838 = SURFACE_STYLE_FILL_AREA ( #2418 ) ;
#839 = EDGE_CURVE ( 'NONE', #2455, #1810, #1486, .T. ) ;
#840 = DIRECTION ( 'NONE',  ( -0.7071067811865475727, 0.0000000000000000000, 0.7071067811865475727 ) ) ;
#841 = AXIS2_PLACEMENT_3D ( 'NONE', #1229, #1456, #1024 ) ;
#842 = PLANE ( 'NONE',  #707 ) ;
#843 = PRESENTATION_STYLE_ASSIGNMENT (( #2661 ) ) ;
#844 = CARTESIAN_POINT ( 'NONE',  ( 10.59289321881345458, -0.01000000000000000021, 11.99999999999999822 ) ) ;
#845 = CARTESIAN_POINT ( 'NONE',  ( 10.71715728752537977, 0.2000000000000000111, -12.30000000000000249 ) ) ;
#846 = SURFACE_SIDE_STYLE ('',( #1316 ) ) ;
#847 = CARTESIAN_POINT ( 'NONE',  ( -10.71715728752538332, 3.799999999999999822, -12.30000000000000249 ) ) ;
#848 = FILL_AREA_STYLE ('',( #939 ) ) ;
#849 = UNCERTAINTY_MEASURE_WITH_UNIT (LENGTH_MEASURE( 1.000000000000000082E-05 ), #2582, 'distance_accuracy_value', 'NONE');
#850 = EDGE_LOOP ( 'NONE', ( #1709, #680, #617, #437 ) ) ;
#851 = ORIENTED_EDGE ( 'NONE', *, *, #2375, .F. ) ;
#852 = CARTESIAN_POINT ( 'NONE',  ( 12.30000000000000249, 0.0000000000000000000, 10.71715728752537977 ) ) ;
#853 = ORIENTED_EDGE ( 'NONE', *, *, #439, .F. ) ;
#854 = DIRECTION ( 'NONE',  ( 0.0000000000000000000, 1.000000000000000000, 0.0000000000000000000 ) ) ;
#855 =( NAMED_UNIT ( * ) SI_UNIT ( $, .STERADIAN. ) SOLID_ANGLE_UNIT ( ) );
#856 = PRESENTATION_LAYER_ASSIGNMENT (  '', '', ( #2583 ) ) ;
#857 = DIRECTION ( 'NONE',  ( -0.7071067811865474617, 0.0000000000000000000, 0.7071067811865474617 ) ) ;
#858 = STYLED_ITEM ( 'NONE', ( #1208 ), #459 ) ;
#859 = ADVANCED_FACE ( 'NONE', ( #2400 ), #508, .F. ) ;
#860 = AXIS2_PLACEMENT_3D ( 'NONE', #869, #2958, #1143 ) ;
#861 = DIRECTION ( 'NONE',  ( 0.0000000000000000000, 0.0000000000000000000, -1.000000000000000000 ) ) ;
#862 = MECHANICAL_DESIGN_GEOMETRIC_PRESENTATION_REPRESENTATION (  '', ( #2459 ), #47 ) ;
#863 = LINE ( 'NONE', #2506, #218 ) ;
#864 = EDGE_CURVE ( 'NONE', #2718, #1578, #1216, .T. ) ;
#865 = CIRCLE ( 'NONE', #2223, 0.2000000000000005107 ) ;
#866 = VECTOR ( 'NONE', #2866, 1000.000000000000000 ) ;
#867 = LINE ( 'NONE', #446, #99 ) ;
#868 =( GEOMETRIC_REPRESENTATION_CONTEXT ( 3 ) GLOBAL_UNCERTAINTY_ASSIGNED_CONTEXT ( ( #677 ) ) GLOBAL_UNIT_ASSIGNED_CONTEXT ( ( #2721, #933, #1401 ) ) REPRESENTATION_CONTEXT ( 'NONE', 'WORKASPACE' ) );
#869 = CARTESIAN_POINT ( 'NONE',  ( -10.50000000000000178, 4.009999999999999787, -10.50000000000000178 ) ) ;
#870 = CYLINDRICAL_SURFACE ( 'NONE', #2165, 0.2000000000000005107 ) ;
#871 = FACE_OUTER_BOUND ( 'NONE', #487, .T. ) ;
#872 = UNCERTAINTY_MEASURE_WITH_UNIT (LENGTH_MEASURE( 1.000000000000000082E-05 ), #2805, 'distance_accuracy_value', 'NONE');
#873 = ORIENTED_EDGE ( 'NONE', *, *, #1995, .F. ) ;
#874 = EDGE_LOOP ( 'NONE', ( #653, #1407, #2457, #622 ) ) ;
#875 = SURFACE_STYLE_FILL_AREA ( #1792 ) ;
#876 =( NAMED_UNIT ( * ) PLANE_ANGLE_UNIT ( ) SI_UNIT ( $, .RADIAN. ) );
#877 =( LENGTH_UNIT ( ) NAMED_UNIT ( * ) SI_UNIT ( .MILLI., .METRE. ) );
#878 = DIRECTION ( 'NONE',  ( 0.0000000000000000000, 1.000000000000000000, 0.0000000000000000000 ) ) ;
#879 = DIRECTION ( 'NONE',  ( 1.000000000000000000, 0.0000000000000000000, -0.0000000000000000000 ) ) ;
#880 = AXIS2_PLACEMENT_3D ( 'NONE', #2100, #2780, #2369 ) ;
#881 = DIRECTION ( 'NONE',  ( -0.0000000000000000000, 1.000000000000000000, -0.0000000000000000000 ) ) ;
#882 = PRESENTATION_LAYER_ASSIGNMENT (  '', '', ( #162 ) ) ;
#883 = DIRECTION ( 'NONE',  ( 0.0000000000000000000, 0.0000000000000000000, -1.000000000000000000 ) ) ;
#884 = ADVANCED_FACE ( 'NONE', ( #938 ), #2092, .T. ) ;
#885 = AXIS2_PLACEMENT_3D ( 'NONE', #2843, #2574, #39 ) ;
#886 = DIRECTION ( 'NONE',  ( 0.0000000000000000000, -1.000000000000000000, 0.0000000000000000000 ) ) ;
#887 = VERTEX_POINT ( 'NONE', #2104 ) ;
#888 = FACE_OUTER_BOUND ( 'NONE', #1003, .T. ) ;
#889 = ORIENTED_EDGE ( 'NONE', *, *, #215, .F. ) ;
#890 = PRESENTATION_STYLE_ASSIGNMENT (( #2535 ) ) ;
#891 = STYLED_ITEM ( 'NONE', ( #2713 ), #559 ) ;
#892 = DIRECTION ( 'NONE',  ( -0.0000000000000000000, 1.000000000000000000, 0.0000000000000000000 ) ) ;
#893 = FILL_AREA_STYLE ('',( #1628 ) ) ;
#894 = DIRECTION ( 'NONE',  ( 0.0000000000000000000, 0.0000000000000000000, 1.000000000000000000 ) ) ;
#895 = PRESENTATION_STYLE_ASSIGNMENT (( #1100 ) ) ;
#896 = CARTESIAN_POINT ( 'NONE',  ( -12.29999999999999893, 4.000000000000000000, 10.71715728752537977 ) ) ;
#897 = CARTESIAN_POINT ( 'NONE',  ( -10.85857864376269255, 0.2000000000000000944, -12.44142135623731171 ) ) ;
#898 = FILL_AREA_STYLE ('',( #676 ) ) ;
#899 = ADVANCED_FACE ( 'NONE', ( #1880 ), #1749, .T. ) ;
#900 = SPHERICAL_SURFACE ( 'NONE', #1868, 0.2000000000000000111 ) ;
#901 = ORIENTED_EDGE ( 'NONE', *, *, #2791, .F. ) ;
#902 =( LENGTH_UNIT ( ) NAMED_UNIT ( * ) SI_UNIT ( .MILLI., .METRE. ) );
#903 = ORIENTED_EDGE ( 'NONE', *, *, #1690, .F. ) ;
#904 = ADVANCED_FACE ( 'NONE', ( #1199 ), #2180, .T. ) ;
#905 = SURFACE_SIDE_STYLE ('',( #669 ) ) ;
#906 = EDGE_LOOP ( 'NONE', ( #718, #952, #2806 ) ) ;
#907 = SURFACE_STYLE_FILL_AREA ( #775 ) ;
#908 = AXIS2_PLACEMENT_3D ( 'NONE', #2396, #1726, #1020 ) ;
#909 = DIRECTION ( 'NONE',  ( -0.7071067811865474617, -0.0000000000000000000, 0.7071067811865474617 ) ) ;
#910 = VECTOR ( 'NONE', #2972, 1000.000000000000000 ) ;
#911 = MECHANICAL_DESIGN_GEOMETRIC_PRESENTATION_REPRESENTATION (  '', ( #2264 ), #1548 ) ;
#912 = DIRECTION ( 'NONE',  ( 0.0000000000000000000, 1.000000000000000000, 0.0000000000000000000 ) ) ;
#913 = FILL_AREA_STYLE_COLOUR ( '', #759 ) ;
#914 =( GEOMETRIC_REPRESENTATION_CONTEXT ( 3 ) GLOBAL_UNCERTAINTY_ASSIGNED_CONTEXT ( ( #917 ) ) GLOBAL_UNIT_ASSIGNED_CONTEXT ( ( #620, #2452, #2897 ) ) REPRESENTATION_CONTEXT ( 'NONE', 'WORKASPACE' ) );
#915 = COLOUR_RGB ( '',0.9960784313725490335, 0.8705882352941176627, 0.7607843137254901578 ) ;
#916 = AXIS2_PLACEMENT_3D ( 'NONE', #2351, #1645, #2566 ) ;
#917 = UNCERTAINTY_MEASURE_WITH_UNIT (LENGTH_MEASURE( 1.000000000000000082E-05 ), #620, 'distance_accuracy_value', 'NONE');
#918 = VECTOR ( 'NONE', #1235, 1000.000000000000000 ) ;
#919 = ORIENTED_EDGE ( 'NONE', *, *, #2284, .T. ) ;
#920 = LINE ( 'NONE', #2282, #199 ) ;
#921 = ADVANCED_FACE ( 'NONE', ( #2865 ), #842, .F. ) ;
#922 = CARTESIAN_POINT ( 'NONE',  ( 11.99999999999999822, -0.01000000000000000021, -10.59289321881345458 ) ) ;
#923 = DIRECTION ( 'NONE',  ( 0.0000000000000000000, 0.0000000000000000000, -1.000000000000000000 ) ) ;
#924 = COLOUR_RGB ( '',0.6666666666666666297, 0.6980392156862744724, 0.7686274509803920907 ) ;
#925 = SURFACE_SIDE_STYLE ('',( #2081 ) ) ;
#926 = PRESENTATION_STYLE_ASSIGNMENT (( #8 ) ) ;
#927 = AXIS2_PLACEMENT_3D ( 'NONE', #1715, #1195, #2608 ) ;
#928 = VERTEX_POINT ( 'NONE', #378 ) ;
#929 = VECTOR ( 'NONE', #2154, 1000.000000000000000 ) ;
#930 = FILL_AREA_STYLE ('',( #1851 ) ) ;
#931 = SURFACE_STYLE_FILL_AREA ( #720 ) ;
#932 = MECHANICAL_DESIGN_GEOMETRIC_PRESENTATION_REPRESENTATION (  '', ( #2590 ), #1500 ) ;
#933 =( NAMED_UNIT ( * ) PLANE_ANGLE_UNIT ( ) SI_UNIT ( $, .RADIAN. ) );
#934 = ORIENTED_EDGE ( 'NONE', *, *, #1169, .T. ) ;
#935 = DIRECTION ( 'NONE',  ( 0.0000000000000000000, -1.000000000000000000, -8.673617379884030739E-15 ) ) ;
#936 =( GEOMETRIC_REPRESENTATION_CONTEXT ( 3 ) GLOBAL_UNCERTAINTY_ASSIGNED_CONTEXT ( ( #2621 ) ) GLOBAL_UNIT_ASSIGNED_CONTEXT ( ( #1132, #1873, #2053 ) ) REPRESENTATION_CONTEXT ( 'NONE', 'WORKASPACE' ) );
#937 = ADVANCED_FACE ( 'NONE', ( #2206 ), #625, .F. ) ;
#938 = FACE_OUTER_BOUND ( 'NONE', #665, .T. ) ;
#939 = FILL_AREA_STYLE_COLOUR ( '', #2587 ) ;
#940 = DIRECTION ( 'NONE',  ( 0.7071067811865475727, 0.0000000000000000000, 0.7071067811865475727 ) ) ;
#941 = VECTOR ( 'NONE', #2623, 1000.000000000000000 ) ;
#942 = CARTESIAN_POINT ( 'NONE',  ( -12.49999999999999822, 0.2000000000000000944, 10.71715728752537977 ) ) ;
#943 = UNCERTAINTY_MEASURE_WITH_UNIT (LENGTH_MEASURE( 1.000000000000000082E-05 ), #2122, 'distance_accuracy_value', 'NONE');
#944 = ORIENTED_EDGE ( 'NONE', *, *, #2694, .T. ) ;
#945 = VECTOR ( 'NONE', #1842, 1000.000000000000000 ) ;
#946 = FACE_OUTER_BOUND ( 'NONE', #738, .T. ) ;
#947 =( NAMED_UNIT ( * ) PLANE_ANGLE_UNIT ( ) SI_UNIT ( $, .RADIAN. ) );
#948 = UNCERTAINTY_MEASURE_WITH_UNIT (LENGTH_MEASURE( 1.000000000000000082E-05 ), #2258, 'distance_accuracy_value', 'NONE');
#949 = FACE_OUTER_BOUND ( 'NONE', #2219, .T. ) ;
#950 = EDGE_LOOP ( 'NONE', ( #2392, #2217, #1018, #135 ) ) ;
#951 = EDGE_CURVE ( 'NONE', #2918, #744, #1856, .T. ) ;
#952 = ORIENTED_EDGE ( 'NONE', *, *, #2518, .T. ) ;
#953 = CARTESIAN_POINT ( 'NONE',  ( -10.50000000000000178, 4.009999999999999787, -10.50000000000000178 ) ) ;
#954 = EDGE_CURVE ( 'NONE', #741, #1134, #2030, .T. ) ;
#955 = SURFACE_STYLE_USAGE ( .BOTH. , #1002 ) ;
#956 = PRESENTATION_LAYER_ASSIGNMENT (  '', '', ( #2264 ) ) ;
#957 = DIRECTION ( 'NONE',  ( -0.7071067811865475727, 0.0000000000000000000, -0.7071067811865475727 ) ) ;
#958 = ORIENTED_EDGE ( 'NONE', *, *, #1183, .T. ) ;
#959 = CYLINDRICAL_SURFACE ( 'NONE', #1347, 0.2000000000000002887 ) ;
#960 = SURFACE_STYLE_USAGE ( .BOTH. , #2794 ) ;
#961 = AXIS2_PLACEMENT_3D ( 'NONE', #1764, #840, #2029 ) ;
#962 = VECTOR ( 'NONE', #2320, 1000.000000000000000 ) ;
#963 = STYLED_ITEM ( 'NONE', ( #895 ), #2547 ) ;
#964 = FACE_OUTER_BOUND ( 'NONE', #950, .T. ) ;
#965 =( GEOMETRIC_REPRESENTATION_CONTEXT ( 3 ) GLOBAL_UNCERTAINTY_ASSIGNED_CONTEXT ( ( #423 ) ) GLOBAL_UNIT_ASSIGNED_CONTEXT ( ( #1457, #81, #2832 ) ) REPRESENTATION_CONTEXT ( 'NONE', 'WORKASPACE' ) );
#966 = CARTESIAN_POINT ( 'NONE',  ( -12.44142135623731171, 4.000000000000000000, -10.85857864376269255 ) ) ;
#967 = CARTESIAN_POINT ( 'NONE',  ( -10.59289321881345103, -0.01000000000000000021, 11.99999999999999822 ) ) ;
#968 = SURFACE_STYLE_USAGE ( .BOTH. , #2553 ) ;
#969 = CARTESIAN_POINT ( 'NONE',  ( 10.59289321881345103, -0.01000000000000000021, -12.00000000000000178 ) ) ;
#970 = SURFACE_STYLE_FILL_AREA ( #2163 ) ;
#971 = VERTEX_POINT ( 'NONE', #922 ) ;
#972 =( NAMED_UNIT ( * ) SI_UNIT ( $, .STERADIAN. ) SOLID_ANGLE_UNIT ( ) );
#973 = MECHANICAL_DESIGN_GEOMETRIC_PRESENTATION_REPRESENTATION (  '', ( #2696 ), #2893 ) ;
#974 = EDGE_CURVE ( 'NONE', #2279, #2772, #414, .T. ) ;
#975 = ORIENTED_EDGE ( 'NONE', *, *, #1724, .T. ) ;
#976 = LINE ( 'NONE', #87, #929 ) ;
#977 = SURFACE_STYLE_USAGE ( .BOTH. , #2739 ) ;
#978 = AXIS2_PLACEMENT_3D ( 'NONE', #844, #145, #2627 ) ;
#979 = SURFACE_SIDE_STYLE ('',( #2382 ) ) ;
#980 = SURFACE_SIDE_STYLE ('',( #2862 ) ) ;
#981 = CARTESIAN_POINT ( 'NONE',  ( 12.49999999999999822, 3.799999999999999822, -10.71715728752538332 ) ) ;
#982 = DIRECTION ( 'NONE',  ( 0.0000000000000000000, 1.000000000000000000, 0.0000000000000000000 ) ) ;
#983 = MECHANICAL_DESIGN_GEOMETRIC_PRESENTATION_REPRESENTATION (  '', ( #1030 ), #2192 ) ;
#984 = SURFACE_STYLE_USAGE ( .BOTH. , #2343 ) ;
#985 =( NAMED_UNIT ( * ) PLANE_ANGLE_UNIT ( ) SI_UNIT ( $, .RADIAN. ) );
#986 = ORIENTED_EDGE ( 'NONE', *, *, #1521, .F. ) ;
#987 = SURFACE_STYLE_FILL_AREA ( #1891 ) ;
#988 = SURFACE_SIDE_STYLE ('',( #56 ) ) ;
#989 = FILL_AREA_STYLE_COLOUR ( '', #1550 ) ;
#990 = ADVANCED_FACE ( 'NONE', ( #228 ), #572, .T. ) ;
#991 =( GEOMETRIC_REPRESENTATION_CONTEXT ( 3 ) GLOBAL_UNCERTAINTY_ASSIGNED_CONTEXT ( ( #1066 ) ) GLOBAL_UNIT_ASSIGNED_CONTEXT ( ( #1196, #534, #2349 ) ) REPRESENTATION_CONTEXT ( 'NONE', 'WORKASPACE' ) );
#992 = CARTESIAN_POINT ( 'NONE',  ( 11.99999999999999822, 0.0000000000000000000, -10.59289321881345458 ) ) ;
#993 =( NAMED_UNIT ( * ) PLANE_ANGLE_UNIT ( ) SI_UNIT ( $, .RADIAN. ) );
#994 = DIRECTION ( 'NONE',  ( 1.000000000000000000, 0.0000000000000000000, 0.0000000000000000000 ) ) ;
#995 = EDGE_CURVE ( 'NONE', #2095, #728, #1599, .T. ) ;
#996 =( NAMED_UNIT ( * ) PLANE_ANGLE_UNIT ( ) SI_UNIT ( $, .RADIAN. ) );
#997 =( NAMED_UNIT ( * ) SI_UNIT ( $, .STERADIAN. ) SOLID_ANGLE_UNIT ( ) );
#998 = FACE_OUTER_BOUND ( 'NONE', #2204, .T. ) ;
#999 =( NAMED_UNIT ( * ) SI_UNIT ( $, .STERADIAN. ) SOLID_ANGLE_UNIT ( ) );
#1000 = SURFACE_SIDE_STYLE ('',( #305 ) ) ;
#1001 = CARTESIAN_POINT ( 'NONE',  ( 12.49999999999999822, 3.799999999999999822, -10.80000000000000249 ) ) ;
#1002 = SURFACE_SIDE_STYLE ('',( #290 ) ) ;
#1003 = EDGE_LOOP ( 'NONE', ( #606, #1048, #1743, #138 ) ) ;
#1004 = SURFACE_STYLE_FILL_AREA ( #2549 ) ;
#1005 = DIRECTION ( 'NONE',  ( 0.0000000000000000000, 0.0000000000000000000, 1.000000000000000000 ) ) ;
#1006 = CARTESIAN_POINT ( 'NONE',  ( 1.699999999999999734, -3.000000000000000000, 1.899999999999999911 ) ) ;
#1007 = MECHANICAL_DESIGN_GEOMETRIC_PRESENTATION_REPRESENTATION (  '', ( #764 ), #2454 ) ;
#1008 = CARTESIAN_POINT ( 'NONE',  ( 11.99999999999999822, -0.01000000000000000021, -10.59289321881345458 ) ) ;
#1009 = VECTOR ( 'NONE', #1902, 1000.000000000000000 ) ;
#1010 = MECHANICAL_DESIGN_GEOMETRIC_PRESENTATION_REPRESENTATION (  '', ( #1798 ), #1449 ) ;
#1011 = STYLED_ITEM ( 'NONE', ( #178 ), #2581 ) ;
#1012 = EDGE_CURVE ( 'NONE', #2440, #1675, #2922, .T. ) ;
#1013 = PRESENTATION_STYLE_ASSIGNMENT (( #1920 ) ) ;
#1014 = AXIS2_PLACEMENT_3D ( 'NONE', #1381, #226, #721 ) ;
#1015 = FILL_AREA_STYLE ('',( #1557 ) ) ;
#1016 = DIRECTION ( 'NONE',  ( 0.7071067811865475727, 0.0000000000000000000, -0.7071067811865475727 ) ) ;
#1017 = CARTESIAN_POINT ( 'NONE',  ( 12.30000000000000249, 0.2000000000000000111, 10.71715728752537977 ) ) ;
#1018 = ORIENTED_EDGE ( 'NONE', *, *, #1820, .T. ) ;
#1019 = CYLINDRICAL_SURFACE ( 'NONE', #2683, 0.2000000000000002887 ) ;
#1020 = DIRECTION ( 'NONE',  ( 0.0000000000000000000, 0.0000000000000000000, 1.000000000000000000 ) ) ;
#1021 = ORIENTED_EDGE ( 'NONE', *, *, #2252, .F. ) ;
#1022 = CARTESIAN_POINT ( 'NONE',  ( -12.50000000000000178, 4.000000000000000000, -10.71715728752538332 ) ) ;
#1023 = STYLED_ITEM ( 'NONE', ( #1202 ), #1244 ) ;
#1024 = DIRECTION ( 'NONE',  ( 0.0000000000000000000, 0.0000000000000000000, -1.000000000000000000 ) ) ;
#1025 = CIRCLE ( 'NONE', #504, 0.4049999999999999711 ) ;
#1026 = SURFACE_STYLE_USAGE ( .BOTH. , #109 ) ;
#1027 = EDGE_CURVE ( 'NONE', #426, #1954, #28, .T. ) ;
#1028 = CARTESIAN_POINT ( 'NONE',  ( -12.29999999999999893, 3.799999999999999822, 10.71715728752537977 ) ) ;
#1029 = EDGE_CURVE ( 'NONE', #830, #741, #2707, .T. ) ;
#1030 = STYLED_ITEM ( 'NONE', ( #1176 ), #615 ) ;
#1031 = ORIENTED_EDGE ( 'NONE', *, *, #2473, .F. ) ;
#1032 = FACE_OUTER_BOUND ( 'NONE', #1093, .T. ) ;
#1033 = STYLED_ITEM ( 'NONE', ( #2110 ), #767 ) ;
#1034 = FACE_OUTER_BOUND ( 'NONE', #2068, .T. ) ;
#1035 = UNCERTAINTY_MEASURE_WITH_UNIT (LENGTH_MEASURE( 1.000000000000000082E-05 ), #2660, 'distance_accuracy_value', 'NONE');
#1036 = ORIENTED_EDGE ( 'NONE', *, *, #172, .T. ) ;
#1037 = DIRECTION ( 'NONE',  ( 1.000000000000000000, 0.0000000000000000000, 0.0000000000000000000 ) ) ;
#1038 = EDGE_LOOP ( 'NONE', ( #51, #691, #1530, #2917, #889, #2798, #640, #2647 ) ) ;
#1039 = DIRECTION ( 'NONE',  ( -1.000000000000000000, 0.0000000000000000000, 0.0000000000000000000 ) ) ;
#1040 = VECTOR ( 'NONE', #2145, 1000.000000000000000 ) ;
#1041 =( GEOMETRIC_REPRESENTATION_CONTEXT ( 3 ) GLOBAL_UNCERTAINTY_ASSIGNED_CONTEXT ( ( #203 ) ) GLOBAL_UNIT_ASSIGNED_CONTEXT ( ( #429, #2941, #2754 ) ) REPRESENTATION_CONTEXT ( 'NONE', 'WORKASPACE' ) );
#1042 = CARTESIAN_POINT ( 'NONE',  ( 12.29999999999999893, 3.799999999999999822, -10.71715728752537977 ) ) ;
#1043 = ORIENTED_EDGE ( 'NONE', *, *, #232, .F. ) ;
#1044 = EDGE_CURVE ( 'NONE', #611, #1593, #2273, .T. ) ;
#1045 = SURFACE_SIDE_STYLE ('',( #2914 ) ) ;
#1046 = ORIENTED_EDGE ( 'NONE', *, *, #215, .T. ) ;
#1047 = EDGE_LOOP ( 'NONE', ( #944, #1757, #2057 ) ) ;
#1048 = ORIENTED_EDGE ( 'NONE', *, *, #1495, .F. ) ;
#1049 = PRESENTATION_STYLE_ASSIGNMENT (( #2657 ) ) ;
#1050 =( GEOMETRIC_REPRESENTATION_CONTEXT ( 3 ) GLOBAL_UNCERTAINTY_ASSIGNED_CONTEXT ( ( #1639 ) ) GLOBAL_UNIT_ASSIGNED_CONTEXT ( ( #733, #1430, #2394 ) ) REPRESENTATION_CONTEXT ( 'NONE', 'WORKASPACE' ) );
#1051 = AXIS2_PLACEMENT_3D ( 'NONE', #570, #600, #1997 ) ;
#1052 = MECHANICAL_DESIGN_GEOMETRIC_PRESENTATION_REPRESENTATION (  '', ( #1101 ), #2732 ) ;
#1053 = AXIS2_PLACEMENT_3D ( 'NONE', #175, #1796, #1583 ) ;
#1054 = PRESENTATION_STYLE_ASSIGNMENT (( #1732 ) ) ;
#1055 = CIRCLE ( 'NONE', #1242, 0.6281885425213137308 ) ;
#1056 = MECHANICAL_DESIGN_GEOMETRIC_PRESENTATION_REPRESENTATION (  '', ( #963 ), #1931 ) ;
#1057 = COLOUR_RGB ( '',0.9960784313725490335, 0.8705882352941176627, 0.7607843137254901578 ) ;
#1058 =( NAMED_UNIT ( * ) PLANE_ANGLE_UNIT ( ) SI_UNIT ( $, .RADIAN. ) );
#1059 = DIRECTION ( 'NONE',  ( -0.7071067811865474617, 0.0000000000000000000, 0.7071067811865474617 ) ) ;
#1060 = ORIENTED_EDGE ( 'NONE', *, *, #15, .F. ) ;
#1061 = SURFACE_STYLE_USAGE ( .BOTH. , #2648 ) ;
#1062 = CARTESIAN_POINT ( 'NONE',  ( -10.80000000000000249, 3.799999999999999822, -12.50000000000000178 ) ) ;
#1063 = EDGE_CURVE ( 'NONE', #2533, #2456, #796, .T. ) ;
#1064 = DIRECTION ( 'NONE',  ( 0.0000000000000000000, 0.0000000000000000000, 1.000000000000000000 ) ) ;
#1065 = CARTESIAN_POINT ( 'NONE',  ( -12.29999999999999893, 0.2000000000000000111, 10.71715728752537977 ) ) ;
#1066 = UNCERTAINTY_MEASURE_WITH_UNIT (LENGTH_MEASURE( 1.000000000000000082E-05 ), #1196, 'distance_accuracy_value', 'NONE');
#1067 = ORIENTED_EDGE ( 'NONE', *, *, #503, .F. ) ;
#1068 = EDGE_LOOP ( 'NONE', ( #153, #2216 ) ) ;
#1069 = EDGE_LOOP ( 'NONE', ( #1241, #1884, #919, #1123 ) ) ;
#1070 = PRESENTATION_LAYER_ASSIGNMENT (  '', '', ( #2280 ) ) ;
#1071 = LINE ( 'NONE', #2177, #1737 ) ;
#1072 = MECHANICAL_DESIGN_GEOMETRIC_PRESENTATION_REPRESENTATION (  '', ( #13 ), #2603 ) ;
#1073 = SURFACE_SIDE_STYLE ('',( #1962 ) ) ;
#1074 = VECTOR ( 'NONE', #2310, 1000.000000000000000 ) ;
#1075 = DIRECTION ( 'NONE',  ( 0.7071067811865474617, 0.0000000000000000000, 0.7071067811865474617 ) ) ;
#1076 = VECTOR ( 'NONE', #293, 1000.000000000000114 ) ;
#1077 = AXIS2_PLACEMENT_3D ( 'NONE', #1776, #1277, #1549 ) ;
#1078 = PRESENTATION_STYLE_ASSIGNMENT (( #1575 ) ) ;
#1079 = ORIENTED_EDGE ( 'NONE', *, *, #2530, .F. ) ;
#1080 = ORIENTED_EDGE ( 'NONE', *, *, #1541, .T. ) ;
#1081 = PLANE ( 'NONE',  #1944 ) ;
#1082 = VERTEX_POINT ( 'NONE', #1356 ) ;
#1083 = MECHANICAL_DESIGN_GEOMETRIC_PRESENTATION_REPRESENTATION (  '', ( #699 ), #2334 ) ;
#1084 = ADVANCED_FACE ( 'NONE', ( #2954 ), #285, .F. ) ;
#1085 = EDGE_CURVE ( 'NONE', #561, #1772, #1255, .T. ) ;
#1086 =( LENGTH_UNIT ( ) NAMED_UNIT ( * ) SI_UNIT ( .MILLI., .METRE. ) );
#1087 = VECTOR ( 'NONE', #1827, 1000.000000000000000 ) ;
#1088 = LINE ( 'NONE', #2406, #1518 ) ;
#1089 = CARTESIAN_POINT ( 'NONE',  ( 0.0000000000000000000, 4.000000000000000000, 0.0000000000000000000 ) ) ;
#1090 = FILL_AREA_STYLE ('',( #1299 ) ) ;
#1091 = PRESENTATION_STYLE_ASSIGNMENT (( #1119 ) ) ;
#1092 = UNCERTAINTY_MEASURE_WITH_UNIT (LENGTH_MEASURE( 1.000000000000000082E-05 ), #210, 'distance_accuracy_value', 'NONE');
#1093 = EDGE_LOOP ( 'NONE', ( #206, #1043, #171, #821 ) ) ;
#1094 = ORIENTED_EDGE ( 'NONE', *, *, #2156, .T. ) ;
#1095 = DIRECTION ( 'NONE',  ( 0.7071067811865475727, 0.0000000000000000000, 0.7071067811865475727 ) ) ;
#1096 = CIRCLE ( 'NONE', #531, 0.2000000000000005107 ) ;
#1097 = MECHANICAL_DESIGN_GEOMETRIC_PRESENTATION_REPRESENTATION (  '', ( #715 ), #1238 ) ;
#1098 = EDGE_CURVE ( 'NONE', #1954, #2095, #2371, .T. ) ;
#1099 = PRESENTATION_LAYER_ASSIGNMENT (  '', '', ( #2731 ) ) ;
#1100 = SURFACE_STYLE_USAGE ( .BOTH. , #659 ) ;
#1101 = STYLED_ITEM ( 'NONE', ( #1405 ), #2339 ) ;
#1102 = LINE ( 'NONE', #480, #553 ) ;
#1103 = SURFACE_STYLE_FILL_AREA ( #1363 ) ;
#1104 = SURFACE_STYLE_USAGE ( .BOTH. , #2726 ) ;
#1105 = ORIENTED_EDGE ( 'NONE', *, *, #2885, .F. ) ;
#1106 = VERTEX_POINT ( 'NONE', #2829 ) ;
#1107 =( NAMED_UNIT ( * ) PLANE_ANGLE_UNIT ( ) SI_UNIT ( $, .RADIAN. ) );
#1108 = DIRECTION ( 'NONE',  ( 0.0000000000000000000, 0.0000000000000000000, 1.000000000000000000 ) ) ;
#1109 = CARTESIAN_POINT ( 'NONE',  ( 10.71715728752537622, 3.799999999999999822, -12.30000000000000249 ) ) ;
#1110 = CIRCLE ( 'NONE', #111, 0.2000000000000002887 ) ;
#1111 = CARTESIAN_POINT ( 'NONE',  ( -10.71715728752538332, 0.0000000000000000000, -12.30000000000000249 ) ) ;
#1112 = EDGE_CURVE ( 'NONE', #267, #16, #1357, .T. ) ;
#1113 = DIRECTION ( 'NONE',  ( -0.7071067811865474617, 0.0000000000000000000, 0.7071067811865474617 ) ) ;
#1114 =( GEOMETRIC_REPRESENTATION_CONTEXT ( 3 ) GLOBAL_UNCERTAINTY_ASSIGNED_CONTEXT ( ( #9 ) ) GLOBAL_UNIT_ASSIGNED_CONTEXT ( ( #1532, #2877, #2668 ) ) REPRESENTATION_CONTEXT ( 'NONE', 'WORKASPACE' ) );
#1115 = CARTESIAN_POINT ( 'NONE',  ( 12.50000000000000178, 3.799999999999999822, 10.71715728752538155 ) ) ;
#1116 = FACE_OUTER_BOUND ( 'NONE', #2478, .T. ) ;
#1117 = ADVANCED_FACE ( 'NONE', ( #1181 ), #1433, .T. ) ;
#1118 = LINE ( 'NONE', #472, #2609 ) ;
#1119 = SURFACE_STYLE_USAGE ( .BOTH. , #2259 ) ;
#1120 = UNCERTAINTY_MEASURE_WITH_UNIT (LENGTH_MEASURE( 1.000000000000000082E-05 ), #777, 'distance_accuracy_value', 'NONE');
#1121 = ORIENTED_EDGE ( 'NONE', *, *, #2488, .T. ) ;
#1122 = SURFACE_SIDE_STYLE ('',( #222 ) ) ;
#1123 = ORIENTED_EDGE ( 'NONE', *, *, #420, .T. ) ;
#1124 = FACE_OUTER_BOUND ( 'NONE', #1069, .T. ) ;
#1125 = PLANE ( 'NONE',  #809 ) ;
#1126 = SURFACE_STYLE_FILL_AREA ( #710 ) ;
#1127 = ORIENTED_EDGE ( 'NONE', *, *, #1170, .T. ) ;
#1128 = DIRECTION ( 'NONE',  ( 0.0000000000000000000, 1.000000000000000000, 0.0000000000000000000 ) ) ;
#1129 = DIRECTION ( 'NONE',  ( 0.0000000000000000000, 1.000000000000000000, 0.0000000000000000000 ) ) ;
#1130 =( LENGTH_UNIT ( ) NAMED_UNIT ( * ) SI_UNIT ( .MILLI., .METRE. ) );
#1131 = DIRECTION ( 'NONE',  ( 0.7071067811865474617, 0.0000000000000000000, -0.7071067811865474617 ) ) ;
#1132 =( LENGTH_UNIT ( ) NAMED_UNIT ( * ) SI_UNIT ( .MILLI., .METRE. ) );
#1133 = EDGE_CURVE ( 'NONE', #561, #2888, #520, .T. ) ;
#1134 = VERTEX_POINT ( 'NONE', #712 ) ;
#1135 = DIRECTION ( 'NONE',  ( 0.0000000000000000000, 0.0000000000000000000, 1.000000000000000000 ) ) ;
#1136 = SURFACE_SIDE_STYLE ('',( #2291 ) ) ;
#1137 = VERTEX_POINT ( 'NONE', #981 ) ;
#1138 = CYLINDRICAL_SURFACE ( 'NONE', #1980, 0.2000000000000005107 ) ;
#1139 = DIRECTION ( 'NONE',  ( 8.260587980841936314E-17, 0.0000000000000000000, 1.000000000000000000 ) ) ;
#1140 = COLOUR_RGB ( '',0.9960784313725490335, 0.8705882352941176627, 0.7607843137254901578 ) ;
#1141 = ORIENTED_EDGE ( 'NONE', *, *, #562, .F. ) ;
#1142 =( NAMED_UNIT ( * ) SI_UNIT ( $, .STERADIAN. ) SOLID_ANGLE_UNIT ( ) );
#1143 = DIRECTION ( 'NONE',  ( 1.000000000000000000, 0.0000000000000000000, -0.0000000000000000000 ) ) ;
#1144 = AXIS2_PLACEMENT_3D ( 'NONE', #1489, #1279, #2466 ) ;
#1145 = AXIS2_PLACEMENT_3D ( 'NONE', #1961, #2643, #2880 ) ;
#1146 = PRESENTATION_LAYER_ASSIGNMENT (  '', '', ( #2459 ) ) ;
#1147 = COLOUR_RGB ( '',0.6666666666666666297, 0.6980392156862744724, 0.7686274509803920907 ) ;
#1148 = CARTESIAN_POINT ( 'NONE',  ( -10.59289321881345458, -0.01000000000000000021, -12.00000000000000178 ) ) ;
#1149 = UNCERTAINTY_MEASURE_WITH_UNIT (LENGTH_MEASURE( 1.000000000000000082E-05 ), #751, 'distance_accuracy_value', 'NONE');
#1150 = TOROIDAL_SURFACE ( 'NONE', #1194, 0.5000000000000002220, 0.5000000000000000000 ) ;
#1151 = EDGE_LOOP ( 'NONE', ( #184, #679, #131, #1480 ) ) ;
#1152 = DIRECTION ( 'NONE',  ( -1.000000000000000000, 0.0000000000000000000, 0.0000000000000000000 ) ) ;
#1153 = EDGE_CURVE ( 'NONE', #1563, #426, #494, .T. ) ;
#1154 = SPHERICAL_SURFACE ( 'NONE', #1014, 0.2000000000000000111 ) ;
#1155 = ORIENTED_EDGE ( 'NONE', *, *, #1820, .F. ) ;
#1156 = SURFACE_STYLE_FILL_AREA ( #46 ) ;
#1157 = DIRECTION ( 'NONE',  ( 0.0000000000000000000, 0.0000000000000000000, -1.000000000000000000 ) ) ;
#1158 =( NAMED_UNIT ( * ) PLANE_ANGLE_UNIT ( ) SI_UNIT ( $, .RADIAN. ) );
#1159 = VECTOR ( 'NONE', #2390, 1000.000000000000000 ) ;
#1160 = UNCERTAINTY_MEASURE_WITH_UNIT (LENGTH_MEASURE( 1.000000000000000082E-05 ), #619, 'distance_accuracy_value', 'NONE');
#1161 = VERTEX_POINT ( 'NONE', #1472 ) ;
#1162 = AXIS2_PLACEMENT_3D ( 'NONE', #708, #1367, #1135 ) ;
#1163 = SURFACE_STYLE_USAGE ( .BOTH. , #1822 ) ;
#1164 = FILL_AREA_STYLE_COLOUR ( '', #2175 ) ;
#1165 = EDGE_CURVE ( 'NONE', #1563, #2055, #360, .T. ) ;
#1166 = CARTESIAN_POINT ( 'NONE',  ( 1.699999999999999734, -3.000000000000000000, 2.305000000000000160 ) ) ;
#1167 =( LENGTH_UNIT ( ) NAMED_UNIT ( * ) SI_UNIT ( .MILLI., .METRE. ) );
#1168 = FACE_OUTER_BOUND ( 'NONE', #2969, .T. ) ;
#1169 = EDGE_CURVE ( 'NONE', #1178, #1877, #2042, .T. ) ;
#1170 = EDGE_CURVE ( 'NONE', #1659, #2055, #2091, .T. ) ;
#1171 = CIRCLE ( 'NONE', #1420, 0.2000000000000002609 ) ;
#1172 = CARTESIAN_POINT ( 'NONE',  ( 11.50857864376268935, 3.799999999999999822, -11.50857864376268935 ) ) ;
#1173 = EDGE_LOOP ( 'NONE', ( #1531, #901, #2495, #2901 ) ) ;
#1174 = FACE_OUTER_BOUND ( 'NONE', #2025, .T. ) ;
#1175 = STYLED_ITEM ( 'NONE', ( #2613 ), #904 ) ;
#1176 = PRESENTATION_STYLE_ASSIGNMENT (( #2790 ) ) ;
#1177 = UNCERTAINTY_MEASURE_WITH_UNIT (LENGTH_MEASURE( 1.000000000000000082E-05 ), #2438, 'distance_accuracy_value', 'NONE');
#1178 = VERTEX_POINT ( 'NONE', #307 ) ;
#1179 = LINE ( 'NONE', #2576, #2166 ) ;
#1180 = VERTEX_POINT ( 'NONE', #1942 ) ;
#1181 = FACE_OUTER_BOUND ( 'NONE', #2878, .T. ) ;
#1182 = SURFACE_STYLE_FILL_AREA ( #2837 ) ;
#1183 = EDGE_CURVE ( 'NONE', #1234, #2440, #742, .T. ) ;
#1184 = FACE_BOUND ( 'NONE', #1038, .T. ) ;
#1185 = ORIENTED_EDGE ( 'NONE', *, *, #2089, .F. ) ;
#1186 = DIRECTION ( 'NONE',  ( 0.0000000000000000000, -1.000000000000000000, 0.0000000000000000000 ) ) ;
#1187 = COLOUR_RGB ( '',0.9960784313725490335, 0.8705882352941176627, 0.7607843137254901578 ) ;
#1188 = ORIENTED_EDGE ( 'NONE', *, *, #404, .T. ) ;
#1189 = FILL_AREA_STYLE_COLOUR ( '', #1999 ) ;
#1190 = CARTESIAN_POINT ( 'NONE',  ( -10.50000000000000000, 4.009999999999999787, 10.50000000000000000 ) ) ;
#1191 = VECTOR ( 'NONE', #344, 1000.000000000000000 ) ;
#1192 = AXIS2_PLACEMENT_3D ( 'NONE', #244, #2063, #861 ) ;
#1193 = PRESENTATION_STYLE_ASSIGNMENT (( #776 ) ) ;
#1194 = AXIS2_PLACEMENT_3D ( 'NONE', #1620, #912, #662 ) ;
#1195 = DIRECTION ( 'NONE',  ( 1.000000000000000000, 0.0000000000000000000, -1.606225440719266120E-16 ) ) ;
#1196 =( LENGTH_UNIT ( ) NAMED_UNIT ( * ) SI_UNIT ( .MILLI., .METRE. ) );
#1197 = DIRECTION ( 'NONE',  ( -0.0000000000000000000, 1.000000000000000000, -0.0000000000000000000 ) ) ;
#1198 = SURFACE_SIDE_STYLE ('',( #2102 ) ) ;
#1199 = FACE_OUTER_BOUND ( 'NONE', #250, .T. ) ;
#1200 = DIRECTION ( 'NONE',  ( -0.7071067811865474617, 0.0000000000000000000, 0.7071067811865474617 ) ) ;
#1201 = ADVANCED_FACE ( 'NONE', ( #2344 ), #2546, .T. ) ;
#1202 = PRESENTATION_STYLE_ASSIGNMENT (( #36 ) ) ;
#1203 = ORIENTED_EDGE ( 'NONE', *, *, #1112, .T. ) ;
#1204 = DIRECTION ( 'NONE',  ( 0.0000000000000000000, 0.0000000000000000000, -1.000000000000000000 ) ) ;
#1205 = PRESENTATION_STYLE_ASSIGNMENT (( #960 ) ) ;
#1206 = DIRECTION ( 'NONE',  ( 1.606225440719266120E-16, 0.0000000000000000000, 1.000000000000000000 ) ) ;
#1207 = COLOUR_RGB ( '',0.6666666666666666297, 0.6980392156862744724, 0.7686274509803920907 ) ;
#1208 = PRESENTATION_STYLE_ASSIGNMENT (( #516 ) ) ;
#1209 =( GEOMETRIC_REPRESENTATION_CONTEXT ( 3 ) GLOBAL_UNCERTAINTY_ASSIGNED_CONTEXT ( ( #2532 ) ) GLOBAL_UNIT_ASSIGNED_CONTEXT ( ( #2936, #185, #170 ) ) REPRESENTATION_CONTEXT ( 'NONE', 'WORKASPACE' ) );
#1210 = FILL_AREA_STYLE ('',( #313 ) ) ;
#1211 = DIRECTION ( 'NONE',  ( 0.7071067811865474617, 0.0000000000000000000, 0.7071067811865474617 ) ) ;
#1212 = FACE_OUTER_BOUND ( 'NONE', #1896, .T. ) ;
#1213 = SURFACE_STYLE_USAGE ( .BOTH. , #29 ) ;
#1214 = PRESENTATION_STYLE_ASSIGNMENT (( #968 ) ) ;
#1215 = CARTESIAN_POINT ( 'NONE',  ( -10.71715728752537977, 0.2000000000000000944, 12.29999999999999893 ) ) ;
#1216 = LINE ( 'NONE', #969, #2615 ) ;
#1217 = DIRECTION ( 'NONE',  ( 0.7071067811865475727, -1.226634733346698758E-14, 0.7071067811865475727 ) ) ;
#1218 = AXIS2_PLACEMENT_3D ( 'NONE', #234, #1831, #2770 ) ;
#1219 = LINE ( 'NONE', #1001, #2930 ) ;
#1220 = DIRECTION ( 'NONE',  ( 1.606225440719266120E-16, 0.0000000000000000000, 1.000000000000000000 ) ) ;
#1221 = EDGE_LOOP ( 'NONE', ( #1515, #2331, #2422, #2656 ) ) ;
#1222 =( LENGTH_UNIT ( ) NAMED_UNIT ( * ) SI_UNIT ( .MILLI., .METRE. ) );
#1223 = MECHANICAL_DESIGN_GEOMETRIC_PRESENTATION_REPRESENTATION (  '', ( #2716 ), #991 ) ;
#1224 = CARTESIAN_POINT ( 'NONE',  ( 10.80000000000000249, 3.799999999999999822, 12.49999999999999822 ) ) ;
#1225 = EDGE_CURVE ( 'NONE', #1464, #474, #461, .T. ) ;
#1226 = DIRECTION ( 'NONE',  ( -0.0000000000000000000, -0.0000000000000000000, 1.000000000000000000 ) ) ;
#1227 = COLOUR_RGB ( '',0.6666666666666666297, 0.6980392156862744724, 0.7686274509803920907 ) ;
#1228 =( LENGTH_UNIT ( ) NAMED_UNIT ( * ) SI_UNIT ( .MILLI., .METRE. ) );
#1229 = CARTESIAN_POINT ( 'NONE',  ( -10.71715728752538332, 4.000000000000000000, -12.30000000000000249 ) ) ;
#1230 = PRESENTATION_STYLE_ASSIGNMENT (( #1026 ) ) ;
#1231 = SURFACE_STYLE_FILL_AREA ( #1292 ) ;
#1232 = CARTESIAN_POINT ( 'NONE',  ( 0.0000000000000000000, 0.0000000000000000000, 0.0000000000000000000 ) ) ;
#1233 = DIRECTION ( 'NONE',  ( 1.000000000000000000, -0.0000000000000000000, 1.224646799147353207E-16 ) ) ;
#1234 = VERTEX_POINT ( 'NONE', #2167 ) ;
#1235 = DIRECTION ( 'NONE',  ( -0.0000000000000000000, 1.000000000000000000, -0.0000000000000000000 ) ) ;
#1236 =( GEOMETRIC_REPRESENTATION_CONTEXT ( 3 ) GLOBAL_UNCERTAINTY_ASSIGNED_CONTEXT ( ( #2022 ) ) GLOBAL_UNIT_ASSIGNED_CONTEXT ( ( #2051, #1590, #434 ) ) REPRESENTATION_CONTEXT ( 'NONE', 'WORKASPACE' ) );
#1237 = CARTESIAN_POINT ( 'NONE',  ( 10.59289321881345103, 0.0000000000000000000, -12.00000000000000178 ) ) ;
#1238 =( GEOMETRIC_REPRESENTATION_CONTEXT ( 3 ) GLOBAL_UNCERTAINTY_ASSIGNED_CONTEXT ( ( #2298 ) ) GLOBAL_UNIT_ASSIGNED_CONTEXT ( ( #95, #1506, #1936 ) ) REPRESENTATION_CONTEXT ( 'NONE', 'WORKASPACE' ) );
#1239 = DIRECTION ( 'NONE',  ( 0.0000000000000000000, -1.000000000000000000, 0.0000000000000000000 ) ) ;
#1240 = UNCERTAINTY_MEASURE_WITH_UNIT (LENGTH_MEASURE( 1.000000000000000082E-05 ), #2236, 'distance_accuracy_value', 'NONE');
#1241 = ORIENTED_EDGE ( 'NONE', *, *, #2873, .T. ) ;
#1242 = AXIS2_PLACEMENT_3D ( 'NONE', #1703, #91, #549 ) ;
#1243 = PRESENTATION_STYLE_ASSIGNMENT (( #2828 ) ) ;
#1244 = ADVANCED_FACE ( 'NONE', ( #1174 ), #755, .F. ) ;
#1245 = AXIS2_PLACEMENT_3D ( 'NONE', #618, #1297, #2000 ) ;
#1246 = COLOUR_RGB ( '',0.9960784313725490335, 0.8705882352941176627, 0.7607843137254901578 ) ;
#1247 = SPHERICAL_SURFACE ( 'NONE', #484, 0.2000000000000000111 ) ;
#1248 = CARTESIAN_POINT ( 'NONE',  ( 10.85857864376269255, 3.799999999999999822, 12.44142135623730816 ) ) ;
#1249 = EDGE_CURVE ( 'NONE', #786, #2342, #1462, .T. ) ;
#1250 = CARTESIAN_POINT ( 'NONE',  ( 10.71715728752537622, 4.000000000000000000, -12.30000000000000249 ) ) ;
#1251 = CARTESIAN_POINT ( 'NONE',  ( -12.29999999999999893, 0.2000000000000000111, 10.71715728752537977 ) ) ;
#1252 = VERTEX_POINT ( 'NONE', #2151 ) ;
#1253 = CARTESIAN_POINT ( 'NONE',  ( 1.699999999999999734, -0.01000000000000002623, 2.528188542521313753 ) ) ;
#1254 =( NAMED_UNIT ( * ) PLANE_ANGLE_UNIT ( ) SI_UNIT ( $, .RADIAN. ) );
#1255 = CIRCLE ( 'NONE', #60, 0.2000000000000005107 ) ;
#1256 = LINE ( 'NONE', #1932, #1791 ) ;
#1257 = VERTEX_POINT ( 'NONE', #85 ) ;
#1258 = SPHERICAL_SURFACE ( 'NONE', #2554, 0.2000000000000000111 ) ;
#1259 = AXIS2_PLACEMENT_3D ( 'NONE', #2467, #417, #179 ) ;
#1260 = SURFACE_SIDE_STYLE ('',( #359 ) ) ;
#1261 =( NAMED_UNIT ( * ) SI_UNIT ( $, .STERADIAN. ) SOLID_ANGLE_UNIT ( ) );
#1262 = CARTESIAN_POINT ( 'NONE',  ( -12.35857864376268900, 0.0000000000000000000, 10.65857864376268971 ) ) ;
#1263 = MECHANICAL_DESIGN_GEOMETRIC_PRESENTATION_REPRESENTATION (  '', ( #647 ), #2556 ) ;
#1264 =( LENGTH_UNIT ( ) NAMED_UNIT ( * ) SI_UNIT ( .MILLI., .METRE. ) );
#1265 = EDGE_CURVE ( 'NONE', #1772, #2424, #1110, .T. ) ;
#1266 = CARTESIAN_POINT ( 'NONE',  ( 10.79999999999999893, 0.0000000000000000000, -12.30000000000000249 ) ) ;
#1267 = FILL_AREA_STYLE_COLOUR ( '', #1207 ) ;
#1268 = STYLED_ITEM ( 'NONE', ( #690 ), #598 ) ;
#1269 = EDGE_LOOP ( 'NONE', ( #2669, #1608, #2684, #1833 ) ) ;
#1270 = DIRECTION ( 'NONE',  ( 0.7071067811865475727, 0.0000000000000000000, 0.7071067811865475727 ) ) ;
#1271 = LINE ( 'NONE', #386, #1440 ) ;
#1272 = CARTESIAN_POINT ( 'NONE',  ( 12.49999999999999822, 0.2000000000000000944, -10.71715728752538332 ) ) ;
#1273 = ORIENTED_EDGE ( 'NONE', *, *, #701, .T. ) ;
#1274 = EDGE_LOOP ( 'NONE', ( #1775, #1808, #2548, #1355 ) ) ;
#1275 = LINE ( 'NONE', #2218, #1666 ) ;
#1276 = ORIENTED_EDGE ( 'NONE', *, *, #1720, .T. ) ;
#1277 = DIRECTION ( 'NONE',  ( 0.0000000000000000000, 1.000000000000000000, 0.0000000000000000000 ) ) ;
#1278 = COLOUR_RGB ( '',0.9960784313725490335, 0.8705882352941176627, 0.7607843137254901578 ) ;
#1279 = DIRECTION ( 'NONE',  ( 0.0000000000000000000, -1.000000000000000000, 0.0000000000000000000 ) ) ;
#1280 = EDGE_CURVE ( 'NONE', #481, #1137, #574, .T. ) ;
#1281 = ORIENTED_EDGE ( 'NONE', *, *, #2395, .F. ) ;
#1282 = DIRECTION ( 'NONE',  ( -0.7071067811865474617, 0.0000000000000000000, -0.7071067811865474617 ) ) ;
#1283 = ORIENTED_EDGE ( 'NONE', *, *, #995, .F. ) ;
#1284 = ORIENTED_EDGE ( 'NONE', *, *, #1165, .F. ) ;
#1285 = PRESENTATION_STYLE_ASSIGNMENT (( #1758 ) ) ;
#1286 = ORIENTED_EDGE ( 'NONE', *, *, #2769, .T. ) ;
#1287 = SURFACE_SIDE_STYLE ('',( #2247 ) ) ;
#1288 = AXIS2_PLACEMENT_3D ( 'NONE', #2238, #892, #2513 ) ;
#1289 = DIRECTION ( 'NONE',  ( 0.0000000000000000000, 0.0000000000000000000, -1.000000000000000000 ) ) ;
#1290 = AXIS2_PLACEMENT_3D ( 'NONE', #1380, #694, #2751 ) ;
#1291 = CIRCLE ( 'NONE', #402, 0.5000000000000002220 ) ;
#1292 = FILL_AREA_STYLE ('',( #2644 ) ) ;
#1293 =( GEOMETRIC_REPRESENTATION_CONTEXT ( 3 ) GLOBAL_UNCERTAINTY_ASSIGNED_CONTEXT ( ( #1149 ) ) GLOBAL_UNIT_ASSIGNED_CONTEXT ( ( #751, #2801, #997 ) ) REPRESENTATION_CONTEXT ( 'NONE', 'WORKASPACE' ) );
#1294 = STYLED_ITEM ( 'NONE', ( #1683 ), #1862 ) ;
#1295 = SURFACE_SIDE_STYLE ('',( #2421 ) ) ;
#1296 = EDGE_CURVE ( 'NONE', #1580, #2887, #2446, .T. ) ;
#1297 = DIRECTION ( 'NONE',  ( 0.0000000000000000000, 1.000000000000000000, 0.0000000000000000000 ) ) ;
#1298 = CARTESIAN_POINT ( 'NONE',  ( -10.80000000000000249, 0.2000000000000000944, -12.30000000000000249 ) ) ;
#1299 = FILL_AREA_STYLE_COLOUR ( '', #1838 ) ;
#1300 = ADVANCED_FACE ( 'NONE', ( #115 ), #631, .F. ) ;
#1301 = SURFACE_STYLE_FILL_AREA ( #2037 ) ;
#1302 = EDGE_CURVE ( 'NONE', #1629, #1728, #689, .T. ) ;
#1303 = EDGE_LOOP ( 'NONE', ( #1491, #1624, #774, #731 ) ) ;
#1304 = ORIENTED_EDGE ( 'NONE', *, *, #1461, .T. ) ;
#1305 = VERTEX_POINT ( 'NONE', #2894 ) ;
#1306 = DIRECTION ( 'NONE',  ( 0.7071067811865474617, 0.0000000000000000000, -0.7071067811865474617 ) ) ;
#1307 = AXIS2_PLACEMENT_3D ( 'NONE', #1693, #2592, #543 ) ;
#1308 = FACE_OUTER_BOUND ( 'NONE', #1850, .T. ) ;
#1309 = FACE_OUTER_BOUND ( 'NONE', #2398, .T. ) ;
#1310 = COLOUR_RGB ( '',0.9960784313725490335, 0.8705882352941176627, 0.7607843137254901578 ) ;
#1311 =( NAMED_UNIT ( * ) SI_UNIT ( $, .STERADIAN. ) SOLID_ANGLE_UNIT ( ) );
#1312 =( NAMED_UNIT ( * ) SI_UNIT ( $, .STERADIAN. ) SOLID_ANGLE_UNIT ( ) );
#1313 = VECTOR ( 'NONE', #2510, 1000.000000000000000 ) ;
#1314 = CARTESIAN_POINT ( 'NONE',  ( 1.699999999999999734, -0.2999999999999999334, 1.194999999999999840 ) ) ;
#1315 = CARTESIAN_POINT ( 'NONE',  ( 10.71715728752538332, 3.799999999999999822, 12.29999999999999893 ) ) ;
#1316 = SURFACE_STYLE_FILL_AREA ( #2436 ) ;
#1317 = MECHANICAL_DESIGN_GEOMETRIC_PRESENTATION_REPRESENTATION (  '', ( #1419 ), #123 ) ;
#1318 = DIRECTION ( 'NONE',  ( 1.000000000000000000, 0.0000000000000000000, -1.606225440719268832E-16 ) ) ;
#1319 = CYLINDRICAL_SURFACE ( 'NONE', #2407, 0.2000000000000002887 ) ;
#1320 = ORIENTED_EDGE ( 'NONE', *, *, #1153, .F. ) ;
#1321 = ORIENTED_EDGE ( 'NONE', *, *, #1249, .F. ) ;
#1322 = FILL_AREA_STYLE_COLOUR ( '', #2097 ) ;
#1323 = EDGE_CURVE ( 'NONE', #474, #2039, #163, .T. ) ;
#1324 = SURFACE_STYLE_USAGE ( .BOTH. , #905 ) ;
#1325 = LINE ( 'NONE', #1339, #765 ) ;
#1326 = COLOUR_RGB ( '',0.9960784313725490335, 0.8705882352941176627, 0.7607843137254901578 ) ;
#1327 = CARTESIAN_POINT ( 'NONE',  ( 1.700000000000001066, 4.000000000000000000, 1.899999999999999911 ) ) ;
#1328 = DIRECTION ( 'NONE',  ( 1.000000000000000000, 0.0000000000000000000, -0.0000000000000000000 ) ) ;
#1329 =( GEOMETRIC_REPRESENTATION_CONTEXT ( 3 ) GLOBAL_UNCERTAINTY_ASSIGNED_CONTEXT ( ( #2483 ) ) GLOBAL_UNIT_ASSIGNED_CONTEXT ( ( #811, #346, #1508 ) ) REPRESENTATION_CONTEXT ( 'NONE', 'WORKASPACE' ) );
#1330 =( NAMED_UNIT ( * ) SI_UNIT ( $, .STERADIAN. ) SOLID_ANGLE_UNIT ( ) );
#1331 = FILL_AREA_STYLE ('',( #469 ) ) ;
#1332 = DIRECTION ( 'NONE',  ( 1.606225440719266120E-16, 0.0000000000000000000, 1.000000000000000000 ) ) ;
#1333 = LINE ( 'NONE', #832, #1555 ) ;
#1334 = UNCERTAINTY_MEASURE_WITH_UNIT (LENGTH_MEASURE( 1.000000000000000082E-05 ), #1538, 'distance_accuracy_value', 'NONE');
#1335 = ORIENTED_EDGE ( 'NONE', *, *, #1503, .F. ) ;
#1336 =( LENGTH_UNIT ( ) NAMED_UNIT ( * ) SI_UNIT ( .MILLI., .METRE. ) );
#1337 = ORIENTED_EDGE ( 'NONE', *, *, #340, .F. ) ;
#1338 = ADVANCED_FACE ( 'NONE', ( #829 ), #2910, .F. ) ;
#1339 = CARTESIAN_POINT ( 'NONE',  ( 10.49999999999999822, 4.009999999999999787, -10.50000000000000178 ) ) ;
#1340 = STYLED_ITEM ( 'NONE', ( #1711 ), #2738 ) ;
#1341 = DIRECTION ( 'NONE',  ( 1.000000000000000000, 0.0000000000000000000, 0.0000000000000000000 ) ) ;
#1342 = PRESENTATION_LAYER_ASSIGNMENT (  '', '', ( #2580 ) ) ;
#1343 = PRESENTATION_LAYER_ASSIGNMENT (  '', '', ( #2928 ) ) ;
#1344 = COLOUR_RGB ( '',0.9960784313725490335, 0.8705882352941176627, 0.7607843137254901578 ) ;
#1345 = AXIS2_PLACEMENT_3D ( 'NONE', #1042, #783, #2645 ) ;
#1346 = CARTESIAN_POINT ( 'NONE',  ( -10.79999999999999893, 3.799999999999999822, 12.49999999999999822 ) ) ;
#1347 = AXIS2_PLACEMENT_3D ( 'NONE', #2448, #1270, #1783 ) ;
#1348 = DIRECTION ( 'NONE',  ( 0.7071067811865475727, 0.0000000000000000000, 0.7071067811865475727 ) ) ;
#1349 = DIRECTION ( 'NONE',  ( 0.0000000000000000000, 1.000000000000000000, 0.0000000000000000000 ) ) ;
#1350 = ORIENTED_EDGE ( 'NONE', *, *, #379, .F. ) ;
#1351 = DIRECTION ( 'NONE',  ( 0.0000000000000000000, -1.000000000000000000, 0.0000000000000000000 ) ) ;
#1352 = EDGE_LOOP ( 'NONE', ( #1105, #2112, #1121, #1640 ) ) ;
#1353 = CARTESIAN_POINT ( 'NONE',  ( -10.71715728752537977, 4.000000000000000000, 12.29999999999999893 ) ) ;
#1354 = DIRECTION ( 'NONE',  ( -1.000000000000000000, 0.0000000000000000000, 1.606225440719268832E-16 ) ) ;
#1355 = ORIENTED_EDGE ( 'NONE', *, *, #951, .F. ) ;
#1356 = CARTESIAN_POINT ( 'NONE',  ( -12.00000000000000178, -0.0000000000000000000, -10.59289321881345458 ) ) ;
#1357 = CIRCLE ( 'NONE', #880, 0.2000000000000005107 ) ;
#1358 = FACE_OUTER_BOUND ( 'NONE', #2823, .T. ) ;
#1359 = MECHANICAL_DESIGN_GEOMETRIC_PRESENTATION_REPRESENTATION (  '', ( #2646 ), #62 ) ;
#1360 = LINE ( 'NONE', #2709, #1468 ) ;
#1361 = EDGE_CURVE ( 'NONE', #1257, #2887, #1088, .T. ) ;
#1362 = STYLED_ITEM ( 'NONE', ( #2111 ), #1598 ) ;
#1363 = FILL_AREA_STYLE ('',( #2529 ) ) ;
#1364 = CARTESIAN_POINT ( 'NONE',  ( 1.699999999999999734, -3.000000000000000000, 1.495000000000000107 ) ) ;
#1365 = UNCERTAINTY_MEASURE_WITH_UNIT (LENGTH_MEASURE( 1.000000000000000082E-05 ), #1552, 'distance_accuracy_value', 'NONE');
#1366 = EDGE_LOOP ( 'NONE', ( #609, #1991, #2176, #2559 ) ) ;
#1367 = DIRECTION ( 'NONE',  ( -1.000000000000000000, 0.0000000000000000000, 0.0000000000000000000 ) ) ;
#1368 = CYLINDRICAL_SURFACE ( 'NONE', #2863, 0.2000000000000002887 ) ;
#1369 =( GEOMETRIC_REPRESENTATION_CONTEXT ( 3 ) GLOBAL_UNCERTAINTY_ASSIGNED_CONTEXT ( ( #105 ) ) GLOBAL_UNIT_ASSIGNED_CONTEXT ( ( #438, #1107, #238 ) ) REPRESENTATION_CONTEXT ( 'NONE', 'WORKASPACE' ) );
#1370 = ORIENTED_EDGE ( 'NONE', *, *, #324, .F. ) ;
#1371 = DIRECTION ( 'NONE',  ( -1.000000000000000000, 0.0000000000000000000, -0.0000000000000000000 ) ) ;
#1372 = DIRECTION ( 'NONE',  ( 0.0000000000000000000, 0.0000000000000000000, -1.000000000000000000 ) ) ;
#1373 = PRODUCT_CONTEXT ( 'NONE', #2628, 'mechanical' ) ;
#1374 = CARTESIAN_POINT ( 'NONE',  ( -10.71715728752537977, 0.2000000000000000944, 12.29999999999999893 ) ) ;
#1375 = ORIENTED_EDGE ( 'NONE', *, *, #577, .T. ) ;
#1376 =( NAMED_UNIT ( * ) PLANE_ANGLE_UNIT ( ) SI_UNIT ( $, .RADIAN. ) );
#1377 = ADVANCED_FACE ( 'NONE', ( #2016 ), #1604, .T. ) ;
#1378 = SURFACE_STYLE_FILL_AREA ( #663 ) ;
#1379 = ORIENTED_EDGE ( 'NONE', *, *, #93, .T. ) ;
#1380 = CARTESIAN_POINT ( 'NONE',  ( -12.29999999999999893, 4.000000000000000000, 10.71715728752537977 ) ) ;
#1381 = CARTESIAN_POINT ( 'NONE',  ( -10.71715728752537977, 3.799999999999999822, 12.29999999999999893 ) ) ;
#1382 = EDGE_LOOP ( 'NONE', ( #1094, #371, #1789, #2509 ) ) ;
#1383 = CARTESIAN_POINT ( 'NONE',  ( 10.71715728752537977, 3.799999999999999822, -12.30000000000000249 ) ) ;
#1384 = SURFACE_STYLE_USAGE ( .BOTH. , #479 ) ;
#1385 = CIRCLE ( 'NONE', #2208, 0.4049999999999999711 ) ;
#1386 = CARTESIAN_POINT ( 'NONE',  ( -10.50000000000000178, 4.000000000000000000, -10.50000000000000178 ) ) ;
#1387 = CIRCLE ( 'NONE', #1973, 0.2000000000000005107 ) ;
#1388 = ORIENTED_EDGE ( 'NONE', *, *, #1885, .T. ) ;
#1389 = SURFACE_STYLE_USAGE ( .BOTH. , #925 ) ;
#1390 = COLOUR_RGB ( '',0.7921568627450980005, 0.8196078431372548767, 0.9333333333333333481 ) ;
#1391 = VECTOR ( 'NONE', #2492, 1000.000000000000000 ) ;
#1392 = MECHANICAL_DESIGN_GEOMETRIC_PRESENTATION_REPRESENTATION (  '', ( #257 ), #2777 ) ;
#1393 = EDGE_CURVE ( 'NONE', #2345, #1810, #863, .T. ) ;
#1394 =( GEOMETRIC_REPRESENTATION_CONTEXT ( 3 ) GLOBAL_UNCERTAINTY_ASSIGNED_CONTEXT ( ( #37 ) ) GLOBAL_UNIT_ASSIGNED_CONTEXT ( ( #2517, #686, #2708 ) ) REPRESENTATION_CONTEXT ( 'NONE', 'WORKASPACE' ) );
#1395 = FILL_AREA_STYLE_COLOUR ( '', #1525 ) ;
#1396 = UNCERTAINTY_MEASURE_WITH_UNIT (LENGTH_MEASURE( 1.000000000000000082E-05 ), #272, 'distance_accuracy_value', 'NONE');
#1397 = PRESENTATION_LAYER_ASSIGNMENT (  '', '', ( #102 ) ) ;
#1398 = ORIENTED_EDGE ( 'NONE', *, *, #1296, .T. ) ;
#1399 = CARTESIAN_POINT ( 'NONE',  ( -10.71715728752537977, 0.2000000000000000111, 12.29999999999999893 ) ) ;
#1400 = EDGE_CURVE ( 'NONE', #1234, #1593, #827, .T. ) ;
#1401 =( NAMED_UNIT ( * ) SI_UNIT ( $, .STERADIAN. ) SOLID_ANGLE_UNIT ( ) );
#1402 = ORIENTED_EDGE ( 'NONE', *, *, #19, .F. ) ;
#1403 = FILL_AREA_STYLE_COLOUR ( '', #2870 ) ;
#1404 = DIRECTION ( 'NONE',  ( 0.0000000000000000000, -1.000000000000000000, 0.0000000000000000000 ) ) ;
#1405 = PRESENTATION_STYLE_ASSIGNMENT (( #1679 ) ) ;
#1406 = PRESENTATION_LAYER_ASSIGNMENT (  '', '', ( #1023 ) ) ;
#1407 = ORIENTED_EDGE ( 'NONE', *, *, #562, .T. ) ;
#1408 =( LENGTH_UNIT ( ) NAMED_UNIT ( * ) SI_UNIT ( .MILLI., .METRE. ) );
#1409 =( LENGTH_UNIT ( ) NAMED_UNIT ( * ) SI_UNIT ( .MILLI., .METRE. ) );
#1410 = PRESENTATION_LAYER_ASSIGNMENT (  '', '', ( #114 ) ) ;
#1411 = SPHERICAL_SURFACE ( 'NONE', #1218, 0.2000000000000000111 ) ;
#1412 = EDGE_LOOP ( 'NONE', ( #2246, #1545, #2198 ) ) ;
#1413 = CIRCLE ( 'NONE', #2855, 0.2000000000000002887 ) ;
#1414 = CARTESIAN_POINT ( 'NONE',  ( -10.71715728752537977, 3.799999999999999822, 12.29999999999999893 ) ) ;
#1415 = SURFACE_STYLE_USAGE ( .BOTH. , #567 ) ;
#1416 = DIRECTION ( 'NONE',  ( -1.000000000000000000, -0.0000000000000000000, -0.0000000000000000000 ) ) ;
#1417 = EDGE_CURVE ( 'NONE', #2342, #2552, #245, .T. ) ;
#1418 =( NAMED_UNIT ( * ) SI_UNIT ( $, .STERADIAN. ) SOLID_ANGLE_UNIT ( ) );
#1419 = STYLED_ITEM ( 'NONE', ( #376 ), #630 ) ;
#1420 = AXIS2_PLACEMENT_3D ( 'NONE', #72, #2824, #2560 ) ;
#1421 = SURFACE_STYLE_USAGE ( .BOTH. , #2354 ) ;
#1422 = ORIENTED_EDGE ( 'NONE', *, *, #2015, .T. ) ;
#1423 = DIRECTION ( 'NONE',  ( 1.606225440719266120E-16, -0.0000000000000000000, 1.000000000000000000 ) ) ;
#1424 = SURFACE_STYLE_FILL_AREA ( #1681 ) ;
#1425 = AXIS2_PLACEMENT_3D ( 'NONE', #79, #2610, #994 ) ;
#1426 =( NAMED_UNIT ( * ) PLANE_ANGLE_UNIT ( ) SI_UNIT ( $, .RADIAN. ) );
#1427 = VERTEX_POINT ( 'NONE', #896 ) ;
#1428 = VECTOR ( 'NONE', #2740, 1000.000000000000000 ) ;
#1429 = FILL_AREA_STYLE_COLOUR ( '', #2704 ) ;
#1430 =( NAMED_UNIT ( * ) PLANE_ANGLE_UNIT ( ) SI_UNIT ( $, .RADIAN. ) );
#1431 = CARTESIAN_POINT ( 'NONE',  ( 1.699999999999999734, -3.000000000000000000, 1.899999999999999911 ) ) ;
#1432 = UNCERTAINTY_MEASURE_WITH_UNIT (LENGTH_MEASURE( 1.000000000000000082E-05 ), #877, 'distance_accuracy_value', 'NONE');
#1433 = SPHERICAL_SURFACE ( 'NONE', #2598, 0.2000000000000000111 ) ;
#1434 = EDGE_CURVE ( 'NONE', #1675, #1772, #443, .T. ) ;
#1435 = DIRECTION ( 'NONE',  ( -0.0000000000000000000, 1.000000000000000000, -0.0000000000000000000 ) ) ;
#1436 = EDGE_CURVE ( 'NONE', #594, #2718, #1634, .T. ) ;
#1437 =( NAMED_UNIT ( * ) SI_UNIT ( $, .STERADIAN. ) SOLID_ANGLE_UNIT ( ) );
#1438 = CIRCLE ( 'NONE', #908, 0.2000000000000005107 ) ;
#1439 = FILL_AREA_STYLE_COLOUR ( '', #1390 ) ;
#1440 = VECTOR ( 'NONE', #1725, 1000.000000000000000 ) ;
#1441 =( NAMED_UNIT ( * ) SI_UNIT ( $, .STERADIAN. ) SOLID_ANGLE_UNIT ( ) );
#1442 = STYLED_ITEM ( 'NONE', ( #466 ), #2248 ) ;
#1443 = CARTESIAN_POINT ( 'NONE',  ( -10.71715728752537977, 3.799999999999999822, 12.49999999999999822 ) ) ;
#1444 =( GEOMETRIC_REPRESENTATION_CONTEXT ( 3 ) GLOBAL_UNCERTAINTY_ASSIGNED_CONTEXT ( ( #1577 ) ) GLOBAL_UNIT_ASSIGNED_CONTEXT ( ( #1408, #2822, #2093 ) ) REPRESENTATION_CONTEXT ( 'NONE', 'WORKASPACE' ) );
#1445 = ORIENTED_EDGE ( 'NONE', *, *, #1417, .T. ) ;
#1446 = FILL_AREA_STYLE_COLOUR ( '', #260 ) ;
#1447 = COLOUR_RGB ( '',0.9960784313725490335, 0.8705882352941176627, 0.7607843137254901578 ) ;
#1448 =( LENGTH_UNIT ( ) NAMED_UNIT ( * ) SI_UNIT ( .MILLI., .METRE. ) );
#1449 =( GEOMETRIC_REPRESENTATION_CONTEXT ( 3 ) GLOBAL_UNCERTAINTY_ASSIGNED_CONTEXT ( ( #1035 ) ) GLOBAL_UNIT_ASSIGNED_CONTEXT ( ( #2660, #158, #1537 ) ) REPRESENTATION_CONTEXT ( 'NONE', 'WORKASPACE' ) );
#1450 = CIRCLE ( 'NONE', #1845, 0.2000000000000002887 ) ;
#1451 = MECHANICAL_DESIGN_GEOMETRIC_PRESENTATION_REPRESENTATION (  '', ( #634 ), #350 ) ;
#1452 = CARTESIAN_POINT ( 'NONE',  ( 1.699999999999999734, -3.000000000000000000, 1.899999999999999911 ) ) ;
#1453 = MECHANICAL_DESIGN_GEOMETRIC_PRESENTATION_REPRESENTATION (  '', ( #2541 ), #1701 ) ;
#1454 = DIRECTION ( 'NONE',  ( 0.0000000000000000000, 0.0000000000000000000, -1.000000000000000000 ) ) ;
#1455 = DIRECTION ( 'NONE',  ( 1.000000000000000000, 0.0000000000000000000, 0.0000000000000000000 ) ) ;
#1456 = DIRECTION ( 'NONE',  ( -0.0000000000000000000, -1.000000000000000000, 0.0000000000000000000 ) ) ;
#1457 =( LENGTH_UNIT ( ) NAMED_UNIT ( * ) SI_UNIT ( .MILLI., .METRE. ) );
#1458 = DIRECTION ( 'NONE',  ( 0.7071067811865475727, 0.0000000000000000000, 0.7071067811865475727 ) ) ;
#1459 = PLANE ( 'NONE',  #1144 ) ;
#1460 = CARTESIAN_POINT ( 'NONE',  ( 12.44142135623730816, 0.2000000000000000944, -10.85857864376269255 ) ) ;
#1461 = EDGE_CURVE ( 'NONE', #1659, #2279, #2255, .T. ) ;
#1462 = LINE ( 'NONE', #2377, #550 ) ;
#1463 = AXIS2_PLACEMENT_3D ( 'NONE', #261, #2321, #935 ) ;
#1464 = VERTEX_POINT ( 'NONE', #460 ) ;
#1465 = LINE ( 'NONE', #1481, #1076 ) ;
#1466 = COLOUR_RGB ( '',0.9960784313725490335, 0.8705882352941176627, 0.7607843137254901578 ) ;
#1467 = SURFACE_SIDE_STYLE ('',( #758 ) ) ;
#1468 = VECTOR ( 'NONE', #1113, 1000.000000000000114 ) ;
#1469 = DIRECTION ( 'NONE',  ( 0.0000000000000000000, -0.0000000000000000000, -1.000000000000000000 ) ) ;
#1470 = CARTESIAN_POINT ( 'NONE',  ( -10.71715728752538332, 0.2000000000000000111, -12.30000000000000249 ) ) ;
#1471 = LINE ( 'NONE', #1008, #1040 ) ;
#1472 = CARTESIAN_POINT ( 'NONE',  ( -10.85857864376269255, 3.799999999999999822, -12.44142135623731171 ) ) ;
#1473 = SURFACE_SIDE_STYLE ('',( #838 ) ) ;
#1474 = FACE_OUTER_BOUND ( 'NONE', #2292, .T. ) ;
#1475 = PRESENTATION_STYLE_ASSIGNMENT (( #2147 ) ) ;
#1476 = DIRECTION ( 'NONE',  ( 0.0000000000000000000, 0.0000000000000000000, 1.000000000000000000 ) ) ;
#1477 =( GEOMETRIC_REPRESENTATION_CONTEXT ( 3 ) GLOBAL_UNCERTAINTY_ASSIGNED_CONTEXT ( ( #1498 ) ) GLOBAL_UNIT_ASSIGNED_CONTEXT ( ( #2979, #2086, #477 ) ) REPRESENTATION_CONTEXT ( 'NONE', 'WORKASPACE' ) );
#1478 = CARTESIAN_POINT ( 'NONE',  ( -10.85857864376268900, 4.000000000000000000, 12.44142135623730816 ) ) ;
#1479 = EDGE_CURVE ( 'NONE', #2887, #2455, #1360, .T. ) ;
#1480 = ORIENTED_EDGE ( 'NONE', *, *, #2121, .F. ) ;
#1481 = CARTESIAN_POINT ( 'NONE',  ( -12.00000000000000178, -0.0000000000000000000, -10.59289321881345458 ) ) ;
#1482 = DIRECTION ( 'NONE',  ( -0.0000000000000000000, -1.000000000000000000, -0.0000000000000000000 ) ) ;
#1483 = PRESENTATION_LAYER_ASSIGNMENT (  '', '', ( #2391 ) ) ;
#1484 = VERTEX_POINT ( 'NONE', #687 ) ;
#1485 =( NAMED_UNIT ( * ) SI_UNIT ( $, .STERADIAN. ) SOLID_ANGLE_UNIT ( ) );
#1486 = LINE ( 'NONE', #1730, #2152 ) ;
#1487 = CARTESIAN_POINT ( 'NONE',  ( 12.30000000000000249, 0.0000000000000000000, 10.79999999999999893 ) ) ;
#1488 =( NAMED_UNIT ( * ) PLANE_ANGLE_UNIT ( ) SI_UNIT ( $, .RADIAN. ) );
#1489 = CARTESIAN_POINT ( 'NONE',  ( 0.0000000000000000000, 0.0000000000000000000, 0.0000000000000000000 ) ) ;
#1490 = DIRECTION ( 'NONE',  ( 0.7071067811865475727, 0.0000000000000000000, 0.7071067811865475727 ) ) ;
#1491 = ORIENTED_EDGE ( 'NONE', *, *, #306, .T. ) ;
#1492 = VECTOR ( 'NONE', #1685, 1000.000000000000000 ) ;
#1493 = MECHANICAL_DESIGN_GEOMETRIC_PRESENTATION_REPRESENTATION (  '', ( #1442 ), #760 ) ;
#1494 = PRESENTATION_LAYER_ASSIGNMENT (  '', '', ( #2404 ) ) ;
#1495 = EDGE_CURVE ( 'NONE', #204, #611, #1618, .T. ) ;
#1496 = STYLED_ITEM ( 'NONE', ( #773 ), #633 ) ;
#1497 =( LENGTH_UNIT ( ) NAMED_UNIT ( * ) SI_UNIT ( .MILLI., .METRE. ) );
#1498 = UNCERTAINTY_MEASURE_WITH_UNIT (LENGTH_MEASURE( 1.000000000000000082E-05 ), #2979, 'distance_accuracy_value', 'NONE');
#1499 = VERTEX_POINT ( 'NONE', #2527 ) ;
#1500 =( GEOMETRIC_REPRESENTATION_CONTEXT ( 3 ) GLOBAL_UNCERTAINTY_ASSIGNED_CONTEXT ( ( #134 ) ) GLOBAL_UNIT_ASSIGNED_CONTEXT ( ( #2370, #82, #2835 ) ) REPRESENTATION_CONTEXT ( 'NONE', 'WORKASPACE' ) );
#1501 = FILL_AREA_STYLE ('',( #580 ) ) ;
#1502 = MECHANICAL_DESIGN_GEOMETRIC_PRESENTATION_REPRESENTATION (  '', ( #97 ), #1846 ) ;
#1503 = EDGE_CURVE ( 'NONE', #2424, #1252, #1102, .T. ) ;
#1504 = PRESENTATION_LAYER_ASSIGNMENT (  '', '', ( #348 ) ) ;
#1505 = CIRCLE ( 'NONE', #208, 0.2000000000000005107 ) ;
#1506 =( NAMED_UNIT ( * ) PLANE_ANGLE_UNIT ( ) SI_UNIT ( $, .RADIAN. ) );
#1507 = PLANE ( 'NONE',  #100 ) ;
#1508 =( NAMED_UNIT ( * ) SI_UNIT ( $, .STERADIAN. ) SOLID_ANGLE_UNIT ( ) );
#1509 = CARTESIAN_POINT ( 'NONE',  ( -10.50000000000000000, 4.000000000000000000, 10.50000000000000000 ) ) ;
#1510 = CARTESIAN_POINT ( 'NONE',  ( 1.700000000000001066, 4.500000000000000888, 1.899999999999999911 ) ) ;
#1511 = ORIENTED_EDGE ( 'NONE', *, *, #1012, .F. ) ;
#1512 =( NAMED_UNIT ( * ) PLANE_ANGLE_UNIT ( ) SI_UNIT ( $, .RADIAN. ) );
#1513 = VECTOR ( 'NONE', #1197, 1000.000000000000000 ) ;
#1514 = EDGE_LOOP ( 'NONE', ( #2715, #1769, #372, #1321 ) ) ;
#1515 = ORIENTED_EDGE ( 'NONE', *, *, #1761, .T. ) ;
#1516 = CARTESIAN_POINT ( 'NONE',  ( 12.49999999999999822, 4.000000000000000000, -10.80000000000000249 ) ) ;
#1517 = ORIENTED_EDGE ( 'NONE', *, *, #1361, .F. ) ;
#1518 = VECTOR ( 'NONE', #673, 1000.000000000000000 ) ;
#1519 = SURFACE_STYLE_USAGE ( .BOTH. , #1287 ) ;
#1520 = AXIS2_PLACEMENT_3D ( 'NONE', #2245, #2889, #579 ) ;
#1521 = EDGE_CURVE ( 'NONE', #1484, #1180, #2750, .T. ) ;
#1522 = CARTESIAN_POINT ( 'NONE',  ( -12.29999999999999893, 0.2000000000000000944, 10.71715728752537977 ) ) ;
#1523 = LINE ( 'NONE', #1560, #256 ) ;
#1524 = FILL_AREA_STYLE ('',( #1267 ) ) ;
#1525 = COLOUR_RGB ( '',0.9960784313725490335, 0.8705882352941176627, 0.7607843137254901578 ) ;
#1526 = ORIENTED_EDGE ( 'NONE', *, *, #75, .F. ) ;
#1527 =( NAMED_UNIT ( * ) PLANE_ANGLE_UNIT ( ) SI_UNIT ( $, .RADIAN. ) );
#1528 =( NAMED_UNIT ( * ) SI_UNIT ( $, .STERADIAN. ) SOLID_ANGLE_UNIT ( ) );
#1529 = UNCERTAINTY_MEASURE_WITH_UNIT (LENGTH_MEASURE( 1.000000000000000082E-05 ), #1448, 'distance_accuracy_value', 'NONE');
#1530 = ORIENTED_EDGE ( 'NONE', *, *, #1761, .F. ) ;
#1531 = ORIENTED_EDGE ( 'NONE', *, *, #1521, .T. ) ;
#1532 =( LENGTH_UNIT ( ) NAMED_UNIT ( * ) SI_UNIT ( .MILLI., .METRE. ) );
#1533 = ORIENTED_EDGE ( 'NONE', *, *, #2380, .T. ) ;
#1534 = SPHERICAL_SURFACE ( 'NONE', #2810, 0.2000000000000000111 ) ;
#1535 = PRESENTATION_LAYER_ASSIGNMENT (  '', '', ( #2716 ) ) ;
#1536 =( NAMED_UNIT ( * ) PLANE_ANGLE_UNIT ( ) SI_UNIT ( $, .RADIAN. ) );
#1537 =( NAMED_UNIT ( * ) SI_UNIT ( $, .STERADIAN. ) SOLID_ANGLE_UNIT ( ) );
#1538 =( LENGTH_UNIT ( ) NAMED_UNIT ( * ) SI_UNIT ( .MILLI., .METRE. ) );
#1539 = EDGE_CURVE ( 'NONE', #1161, #2023, #1570, .T. ) ;
#1540 = CARTESIAN_POINT ( 'NONE',  ( 1.699999999999999734, -3.000000000000000000, 2.305000000000000160 ) ) ;
#1541 = EDGE_CURVE ( 'NONE', #1734, #2918, #2701, .T. ) ;
#1542 = ORIENTED_EDGE ( 'NONE', *, *, #995, .T. ) ;
#1543 =( LENGTH_UNIT ( ) NAMED_UNIT ( * ) SI_UNIT ( .MILLI., .METRE. ) );
#1544 = SPHERICAL_SURFACE ( 'NONE', #1601, 0.2000000000000000111 ) ;
#1545 = ORIENTED_EDGE ( 'NONE', *, *, #439, .T. ) ;
#1546 = ORIENTED_EDGE ( 'NONE', *, *, #2530, .T. ) ;
#1547 = ORIENTED_EDGE ( 'NONE', *, *, #2015, .F. ) ;
#1548 =( GEOMETRIC_REPRESENTATION_CONTEXT ( 3 ) GLOBAL_UNCERTAINTY_ASSIGNED_CONTEXT ( ( #2330 ) ) GLOBAL_UNIT_ASSIGNED_CONTEXT ( ( #1778, #1536, #1949 ) ) REPRESENTATION_CONTEXT ( 'NONE', 'WORKASPACE' ) );
#1549 = DIRECTION ( 'NONE',  ( 1.000000000000000000, 0.0000000000000000000, 0.0000000000000000000 ) ) ;
#1550 = COLOUR_RGB ( '',0.9960784313725490335, 0.8705882352941176627, 0.7607843137254901578 ) ;
#1551 = AXIS2_PLACEMENT_3D ( 'NONE', #2670, #2224, #139 ) ;
#1552 =( LENGTH_UNIT ( ) NAMED_UNIT ( * ) SI_UNIT ( .MILLI., .METRE. ) );
#1553 = AXIS2_PLACEMENT_3D ( 'NONE', #1232, #334, #2308 ) ;
#1554 = DIRECTION ( 'NONE',  ( 0.7071067811865474617, 0.0000000000000000000, 0.7071067811865474617 ) ) ;
#1555 = VECTOR ( 'NONE', #886, 1000.000000000000000 ) ;
#1556 = VECTOR ( 'NONE', #2706, 1000.000000000000114 ) ;
#1557 = FILL_AREA_STYLE_COLOUR ( '', #747 ) ;
#1558 = STYLED_ITEM ( 'NONE', ( #1857 ), #2534 ) ;
#1559 = CIRCLE ( 'NONE', #1933, 0.2000000000000002887 ) ;
#1560 = CARTESIAN_POINT ( 'NONE',  ( -11.50857864376268935, 4.000000000000000000, 11.50857864376268935 ) ) ;
#1561 = FILL_AREA_STYLE_COLOUR ( '', #2799 ) ;
#1562 = EDGE_CURVE ( 'NONE', #2888, #16, #748, .T. ) ;
#1563 = VERTEX_POINT ( 'NONE', #44 ) ;
#1564 = DIRECTION ( 'NONE',  ( -0.0000000000000000000, -1.000000000000000000, -0.0000000000000000000 ) ) ;
#1565 = ORIENTED_EDGE ( 'NONE', *, *, #2674, .T. ) ;
#1566 = DIRECTION ( 'NONE',  ( 1.000000000000000000, 0.0000000000000000000, 0.0000000000000000000 ) ) ;
#1567 = FILL_AREA_STYLE_COLOUR ( '', #533 ) ;
#1568 = CYLINDRICAL_SURFACE ( 'NONE', #961, 0.2000000000000002887 ) ;
#1569 = FILL_AREA_STYLE ('',( #2014 ) ) ;
#1570 = LINE ( 'NONE', #660, #1663 ) ;
#1571 = SURFACE_STYLE_USAGE ( .BOTH. , #2017 ) ;
#1572 = SURFACE_SIDE_STYLE ('',( #1378 ) ) ;
#1573 = AXIS2_PLACEMENT_3D ( 'NONE', #2329, #957, #1888 ) ;
#1574 = EDGE_CURVE ( 'NONE', #2729, #1252, #2853, .T. ) ;
#1575 = SURFACE_STYLE_USAGE ( .BOTH. , #2423 ) ;
#1576 = PLANE ( 'NONE',  #252 ) ;
#1577 = UNCERTAINTY_MEASURE_WITH_UNIT (LENGTH_MEASURE( 1.000000000000000082E-05 ), #1408, 'distance_accuracy_value', 'NONE');
#1578 = VERTEX_POINT ( 'NONE', #1934 ) ;
#1579 = DIRECTION ( 'NONE',  ( 1.000000000000000000, -0.0000000000000000000, -0.0000000000000000000 ) ) ;
#1580 = VERTEX_POINT ( 'NONE', #992 ) ;
#1581 = SURFACE_SIDE_STYLE ('',( #875 ) ) ;
#1582 = DIRECTION ( 'NONE',  ( 0.7071067811865474617, -0.0000000000000000000, -0.7071067811865474617 ) ) ;
#1583 = DIRECTION ( 'NONE',  ( -0.7071067811865474617, 0.0000000000000000000, -0.7071067811865474617 ) ) ;
#1584 = MECHANICAL_DESIGN_GEOMETRIC_PRESENTATION_REPRESENTATION (  '', ( #1175 ), #381 ) ;
#1585 =( NAMED_UNIT ( * ) PLANE_ANGLE_UNIT ( ) SI_UNIT ( $, .RADIAN. ) );
#1586 =( NAMED_UNIT ( * ) PLANE_ANGLE_UNIT ( ) SI_UNIT ( $, .RADIAN. ) );
#1587 = STYLED_ITEM ( 'NONE', ( #1908 ), #1084 ) ;
#1588 = FILL_AREA_STYLE ('',( #2481 ) ) ;
#1589 = DIRECTION ( 'NONE',  ( 0.0000000000000000000, -1.000000000000000000, 0.0000000000000000000 ) ) ;
#1590 =( NAMED_UNIT ( * ) PLANE_ANGLE_UNIT ( ) SI_UNIT ( $, .RADIAN. ) );
#1591 = FILL_AREA_STYLE_COLOUR ( '', #2215 ) ;
#1592 = UNCERTAINTY_MEASURE_WITH_UNIT (LENGTH_MEASURE( 1.000000000000000082E-05 ), #2872, 'distance_accuracy_value', 'NONE');
#1593 = VERTEX_POINT ( 'NONE', #1702 ) ;
#1594 = ORIENTED_EDGE ( 'NONE', *, *, #2156, .F. ) ;
#1595 = PRESENTATION_STYLE_ASSIGNMENT (( #2523 ) ) ;
#1596 = SURFACE_STYLE_FILL_AREA ( #1826 ) ;
#1597 = PRODUCT_DEFINITION ( 'UNKNOWN', '', #254, #2225 ) ;
#1598 = ADVANCED_FACE ( 'NONE', ( #964 ), #2860, .F. ) ;
#1599 = LINE ( 'NONE', #2062, #1428 ) ;
#1600 = MECHANICAL_DESIGN_GEOMETRIC_PRESENTATION_REPRESENTATION (  '', ( #2939 ), #2213 ) ;
#1601 = AXIS2_PLACEMENT_3D ( 'NONE', #1065, #2698, #407 ) ;
#1602 = STYLED_ITEM ( 'NONE', ( #331 ), #247 ) ;
#1603 = VECTOR ( 'NONE', #2061, 1000.000000000000114 ) ;
#1604 = SPHERICAL_SURFACE ( 'NONE', #603, 0.2000000000000000111 ) ;
#1605 = COLOUR_RGB ( '',0.6666666666666666297, 0.6980392156862744724, 0.7686274509803920907 ) ;
#1606 = CARTESIAN_POINT ( 'NONE',  ( -12.29999999999999893, 3.799999999999999822, 10.71715728752537977 ) ) ;
#1607 =( LENGTH_UNIT ( ) NAMED_UNIT ( * ) SI_UNIT ( .MILLI., .METRE. ) );
#1608 = ORIENTED_EDGE ( 'NONE', *, *, #2885, .T. ) ;
#1609 = DIRECTION ( 'NONE',  ( 1.000000000000000000, 0.0000000000000000000, 0.0000000000000000000 ) ) ;
#1610 = ORIENTED_EDGE ( 'NONE', *, *, #2101, .F. ) ;
#1611 = SURFACE_SIDE_STYLE ('',( #931 ) ) ;
#1612 = CARTESIAN_POINT ( 'NONE',  ( 0.0000000000000000000, 4.009999999999999787, 0.0000000000000000000 ) ) ;
#1613 = EDGE_LOOP ( 'NONE', ( #122, #1335, #638, #1155 ) ) ;
#1614 = CARTESIAN_POINT ( 'NONE',  ( 10.49999999999999822, 4.009999999999999787, -10.50000000000000178 ) ) ;
#1615 = EDGE_CURVE ( 'NONE', #16, #1305, #90, .T. ) ;
#1616 = SURFACE_STYLE_FILL_AREA ( #229 ) ;
#1617 = VECTOR ( 'NONE', #1139, 1000.000000000000000 ) ;
#1618 = LINE ( 'NONE', #1346, #1074 ) ;
#1619 = AXIS2_PLACEMENT_3D ( 'NONE', #1809, #1351, #2262 ) ;
#1620 = CARTESIAN_POINT ( 'NONE',  ( 1.700000000000001066, 4.000000000000000000, 1.899999999999999911 ) ) ;
#1621 = DIRECTION ( 'NONE',  ( 0.0000000000000000000, -1.000000000000000000, 0.0000000000000000000 ) ) ;
#1622 = DIRECTION ( 'NONE',  ( 0.0000000000000000000, 0.0000000000000000000, 1.000000000000000000 ) ) ;
#1623 = UNCERTAINTY_MEASURE_WITH_UNIT (LENGTH_MEASURE( 1.000000000000000082E-05 ), #1882, 'distance_accuracy_value', 'NONE');
#1624 = ORIENTED_EDGE ( 'NONE', *, *, #2712, .F. ) ;
#1625 = LINE ( 'NONE', #709, #176 ) ;
#1626 = COLOUR_RGB ( '',0.9960784313725490335, 0.8705882352941176627, 0.7607843137254901578 ) ;
#1627 = COLOUR_RGB ( '',0.9960784313725490335, 0.8705882352941176627, 0.7607843137254901578 ) ;
#1628 = FILL_AREA_STYLE_COLOUR ( '', #1968 ) ;
#1629 = VERTEX_POINT ( 'NONE', #1948 ) ;
#1630 = DIRECTION ( 'NONE',  ( -0.0000000000000000000, 1.000000000000000000, -0.0000000000000000000 ) ) ;
#1631 = SURFACE_STYLE_FILL_AREA ( #2756 ) ;
#1632 = AXIS2_PLACEMENT_3D ( 'NONE', #304, #769, #2820 ) ;
#1633 = EDGE_CURVE ( 'NONE', #106, #2023, #828, .T. ) ;
#1634 = LINE ( 'NONE', #7, #1994 ) ;
#1635 =( GEOMETRIC_REPRESENTATION_CONTEXT ( 3 ) GLOBAL_UNCERTAINTY_ASSIGNED_CONTEXT ( ( #1334 ) ) GLOBAL_UNIT_ASSIGNED_CONTEXT ( ( #1538, #1585, #1311 ) ) REPRESENTATION_CONTEXT ( 'NONE', 'WORKASPACE' ) );
#1636 = EDGE_CURVE ( 'NONE', #2573, #2456, #2233, .T. ) ;
#1637 = PLANE ( 'NONE',  #860 ) ;
#1638 = ADVANCED_FACE ( 'NONE', ( #1729 ), #1258, .T. ) ;
#1639 = UNCERTAINTY_MEASURE_WITH_UNIT (LENGTH_MEASURE( 1.000000000000000082E-05 ), #733, 'distance_accuracy_value', 'NONE');
#1640 = ORIENTED_EDGE ( 'NONE', *, *, #2197, .T. ) ;
#1641 = SURFACE_STYLE_USAGE ( .BOTH. , #2760 ) ;
#1642 = FILL_AREA_STYLE_COLOUR ( '', #1627 ) ;
#1643 = LINE ( 'NONE', #2537, #766 ) ;
#1644 = SURFACE_STYLE_USAGE ( .BOTH. , #2113 ) ;
#1645 = DIRECTION ( 'NONE',  ( -1.000000000000000000, 0.0000000000000000000, 1.637629531557875731E-16 ) ) ;
#1646 = PRESENTATION_LAYER_ASSIGNMENT (  '', '', ( #2925 ) ) ;
#1647 = PRESENTATION_LAYER_ASSIGNMENT (  '', '', ( #1442 ) ) ;
#1648 =( GEOMETRIC_REPRESENTATION_CONTEXT ( 3 ) GLOBAL_UNCERTAINTY_ASSIGNED_CONTEXT ( ( #948 ) ) GLOBAL_UNIT_ASSIGNED_CONTEXT ( ( #2258, #803, #2437 ) ) REPRESENTATION_CONTEXT ( 'NONE', 'WORKASPACE' ) );
#1649 = COLOUR_RGB ( '',0.9960784313725490335, 0.8705882352941176627, 0.7607843137254901578 ) ;
#1650 = CARTESIAN_POINT ( 'NONE',  ( -10.71715728752538332, 3.799999999999999822, -12.30000000000000249 ) ) ;
#1651 = DIRECTION ( 'NONE',  ( -8.673617379884013384E-15, 0.0000000000000000000, 1.000000000000000000 ) ) ;
#1652 = AXIS2_PLACEMENT_3D ( 'NONE', #2944, #1589, #883 ) ;
#1653 = PLANE ( 'NONE',  #1573 ) ;
#1654 = EDGE_CURVE ( 'NONE', #1464, #806, #418, .T. ) ;
#1655 = PRESENTATION_LAYER_ASSIGNMENT (  '', '', ( #2939 ) ) ;
#1656 = ORIENTED_EDGE ( 'NONE', *, *, #1153, .T. ) ;
#1657 = CARTESIAN_POINT ( 'NONE',  ( 10.79999999999999893, 4.000000000000000000, -12.50000000000000178 ) ) ;
#1658 =( LENGTH_UNIT ( ) NAMED_UNIT ( * ) SI_UNIT ( .MILLI., .METRE. ) );
#1659 = VERTEX_POINT ( 'NONE', #852 ) ;
#1660 = FILL_AREA_STYLE ('',( #2585 ) ) ;
#1661 = AXIS2_PLACEMENT_3D ( 'NONE', #763, #2597, #1665 ) ;
#1662 = CARTESIAN_POINT ( 'NONE',  ( -10.59289321881345103, -0.01000000000000000021, 11.99999999999999822 ) ) ;
#1663 = VECTOR ( 'NONE', #2275, 1000.000000000000000 ) ;
#1664 = ORIENTED_EDGE ( 'NONE', *, *, #1574, .T. ) ;
#1665 = DIRECTION ( 'NONE',  ( 0.0000000000000000000, 0.0000000000000000000, -1.000000000000000000 ) ) ;
#1666 = VECTOR ( 'NONE', #1564, 1000.000000000000000 ) ;
#1667 = SURFACE_STYLE_USAGE ( .BOTH. , #1260 ) ;
#1668 = ORIENTED_EDGE ( 'NONE', *, *, #1690, .T. ) ;
#1669 = COLOUR_RGB ( '',0.6666666666666666297, 0.6980392156862744724, 0.7686274509803920907 ) ;
#1670 = DIRECTION ( 'NONE',  ( -0.7071067811865475727, 0.0000000000000000000, 0.7071067811865475727 ) ) ;
#1671 = DIRECTION ( 'NONE',  ( 0.7071067811865475727, -0.0000000000000000000, 0.7071067811865475727 ) ) ;
#1672 = ADVANCED_FACE ( 'NONE', ( #1992 ), #1081, .F. ) ;
#1673 =( NAMED_UNIT ( * ) SI_UNIT ( $, .STERADIAN. ) SOLID_ANGLE_UNIT ( ) );
#1674 = DIRECTION ( 'NONE',  ( 0.7071067811865474617, 0.0000000000000000000, 0.7071067811865474617 ) ) ;
#1675 = VERTEX_POINT ( 'NONE', #154 ) ;
#1676 = EDGE_CURVE ( 'NONE', #481, #2937, #644, .T. ) ;
#1677 =( NAMED_UNIT ( * ) SI_UNIT ( $, .STERADIAN. ) SOLID_ANGLE_UNIT ( ) );
#1678 =( GEOMETRIC_REPRESENTATION_CONTEXT ( 3 ) GLOBAL_UNCERTAINTY_ASSIGNED_CONTEXT ( ( #1240 ) ) GLOBAL_UNIT_ASSIGNED_CONTEXT ( ( #2236, #807, #207 ) ) REPRESENTATION_CONTEXT ( 'NONE', 'WORKASPACE' ) );
#1679 = SURFACE_STYLE_USAGE ( .BOTH. , #1000 ) ;
#1680 =( NAMED_UNIT ( * ) SI_UNIT ( $, .STERADIAN. ) SOLID_ANGLE_UNIT ( ) );
#1681 = FILL_AREA_STYLE ('',( #2107 ) ) ;
#1682 = ORIENTED_EDGE ( 'NONE', *, *, #2551, .F. ) ;
#1683 = PRESENTATION_STYLE_ASSIGNMENT (( #55 ) ) ;
#1684 = DIRECTION ( 'NONE',  ( 0.7071067811865474617, 0.0000000000000000000, 0.7071067811865474617 ) ) ;
#1685 = DIRECTION ( 'NONE',  ( -0.0000000000000000000, -1.000000000000000000, -0.0000000000000000000 ) ) ;
#1686 = DIRECTION ( 'NONE',  ( -1.000000000000000000, 0.0000000000000000000, 0.0000000000000000000 ) ) ;
#1687 = CARTESIAN_POINT ( 'NONE',  ( 10.59289321881345103, -0.01000000000000000021, -12.00000000000000178 ) ) ;
#1688 = LINE ( 'NONE', #2160, #941 ) ;
#1689 = DIRECTION ( 'NONE',  ( 0.7071067811865475727, 0.0000000000000000000, -0.7071067811865475727 ) ) ;
#1690 = EDGE_CURVE ( 'NONE', #887, #544, #2900, .T. ) ;
#1691 = LINE ( 'NONE', #555, #1191 ) ;
#1692 = PRESENTATION_LAYER_ASSIGNMENT (  '', '', ( #1340 ) ) ;
#1693 = CARTESIAN_POINT ( 'NONE',  ( -11.99999999999999822, -0.01000000000000000021, 10.59289321881345103 ) ) ;
#1694 = COLOUR_RGB ( '',0.6666666666666666297, 0.6980392156862744724, 0.7686274509803920907 ) ;
#1695 = ORIENTED_EDGE ( 'NONE', *, *, #1249, .T. ) ;
#1696 = CARTESIAN_POINT ( 'NONE',  ( 12.29999999999999893, 0.2000000000000000111, -10.71715728752538332 ) ) ;
#1697 = PRESENTATION_LAYER_ASSIGNMENT (  '', '', ( #1101 ) ) ;
#1698 = FACE_OUTER_BOUND ( 'NONE', #1613, .T. ) ;
#1699 = PRESENTATION_LAYER_ASSIGNMENT (  '', '', ( #1602 ) ) ;
#1700 = PLANE ( 'NONE',  #530 ) ;
#1701 =( GEOMETRIC_REPRESENTATION_CONTEXT ( 3 ) GLOBAL_UNCERTAINTY_ASSIGNED_CONTEXT ( ( #1592 ) ) GLOBAL_UNIT_ASSIGNED_CONTEXT ( ( #2872, #801, #2469 ) ) REPRESENTATION_CONTEXT ( 'NONE', 'WORKASPACE' ) );
#1702 = CARTESIAN_POINT ( 'NONE',  ( -10.71715728752537977, 0.2000000000000000944, 12.49999999999999822 ) ) ;
#1703 = CARTESIAN_POINT ( 'NONE',  ( 1.699999999999999734, -0.01000000000000002623, 1.899999999999999911 ) ) ;
#1704 = FILL_AREA_STYLE_COLOUR ( '', #1278 ) ;
#1705 = DIRECTION ( 'NONE',  ( 0.0000000000000000000, 0.0000000000000000000, -1.000000000000000000 ) ) ;
#1706 = DIRECTION ( 'NONE',  ( 0.0000000000000000000, 0.0000000000000000000, 1.000000000000000000 ) ) ;
#1707 = EDGE_CURVE ( 'NONE', #2787, #70, #1025, .T. ) ;
#1708 = CARTESIAN_POINT ( 'NONE',  ( -12.50000000000000178, 0.2000000000000000944, -10.80000000000000249 ) ) ;
#1709 = ORIENTED_EDGE ( 'NONE', *, *, #1225, .F. ) ;
#1710 = SURFACE_SIDE_STYLE ('',( #1004 ) ) ;
#1711 = PRESENTATION_STYLE_ASSIGNMENT (( #977 ) ) ;
#1712 =( LENGTH_UNIT ( ) NAMED_UNIT ( * ) SI_UNIT ( .MILLI., .METRE. ) );
#1713 = PRESENTATION_LAYER_ASSIGNMENT (  '', '', ( #116 ) ) ;
#1714 = UNCERTAINTY_MEASURE_WITH_UNIT (LENGTH_MEASURE( 1.000000000000000082E-05 ), #1497, 'distance_accuracy_value', 'NONE');
#1715 = CARTESIAN_POINT ( 'NONE',  ( -12.50000000000000178, 4.000000000000000000, -10.80000000000000249 ) ) ;
#1716 = CARTESIAN_POINT ( 'NONE',  ( -10.50000000000000000, 4.009999999999999787, 10.50000000000000000 ) ) ;
#1717 = SURFACE_STYLE_FILL_AREA ( #2642 ) ;
#1718 = MECHANICAL_DESIGN_GEOMETRIC_PRESENTATION_REPRESENTATION (  '', ( #2430 ), #1678 ) ;
#1719 = DIRECTION ( 'NONE',  ( 1.000000000000000000, 0.0000000000000000000, 0.0000000000000000000 ) ) ;
#1720 = EDGE_CURVE ( 'NONE', #2439, #2342, #1275, .T. ) ;
#1721 = ORIENTED_EDGE ( 'NONE', *, *, #1935, .T. ) ;
#1722 = ADVANCED_FACE ( 'NONE', ( #2477 ), #820, .T. ) ;
#1723 = PRESENTATION_STYLE_ASSIGNMENT (( #576 ) ) ;
#1724 = EDGE_CURVE ( 'NONE', #1593, #2772, #1996, .T. ) ;
#1725 = DIRECTION ( 'NONE',  ( -0.0000000000000000000, -1.000000000000000000, -0.0000000000000000000 ) ) ;
#1726 = DIRECTION ( 'NONE',  ( 0.0000000000000000000, 1.000000000000000000, 0.0000000000000000000 ) ) ;
#1727 = STYLED_ITEM ( 'NONE', ( #243 ), #990 ) ;
#1728 = VERTEX_POINT ( 'NONE', #2949 ) ;
#1729 = FACE_OUTER_BOUND ( 'NONE', #706, .T. ) ;
#1730 = CARTESIAN_POINT ( 'NONE',  ( 10.59289321881345458, 0.0000000000000000000, 11.99999999999999822 ) ) ;
#1731 = SURFACE_STYLE_USAGE ( .BOTH. , #110 ) ;
#1732 = SURFACE_STYLE_USAGE ( .BOTH. , #1073 ) ;
#1733 = DIRECTION ( 'NONE',  ( 1.000000000000000000, 0.0000000000000000000, 0.0000000000000000000 ) ) ;
#1734 = VERTEX_POINT ( 'NONE', #2317 ) ;
#1735 = AXIS2_PLACEMENT_3D ( 'NONE', #1298, #2678, #118 ) ;
#1736 = DIRECTION ( 'NONE',  ( -1.000000000000000000, 0.0000000000000000000, 0.0000000000000000000 ) ) ;
#1737 = VECTOR ( 'NONE', #1747, 1000.000000000000114 ) ;
#1738 = ADVANCED_FACE ( 'NONE', ( #888 ), #453, .T. ) ;
#1739 = VECTOR ( 'NONE', #2376, 1000.000000000000000 ) ;
#1740 = VECTOR ( 'NONE', #1200, 1000.000000000000114 ) ;
#1741 = ORIENTED_EDGE ( 'NONE', *, *, #2197, .F. ) ;
#1742 = DIRECTION ( 'NONE',  ( -1.000000000000000000, 0.0000000000000000000, 1.606225440719266120E-16 ) ) ;
#1743 = ORIENTED_EDGE ( 'NONE', *, *, #2659, .F. ) ;
#1744 = AXIS2_PLACEMENT_3D ( 'NONE', #2827, #2814, #1455 ) ;
#1745 = FILL_AREA_STYLE_COLOUR ( '', #74 ) ;
#1746 = STYLED_ITEM ( 'NONE', ( #1816 ), #1952 ) ;
#1747 = DIRECTION ( 'NONE',  ( 0.7071067811865474617, 0.0000000000000000000, -0.7071067811865474617 ) ) ;
#1748 = SURFACE_STYLE_FILL_AREA ( #2389 ) ;
#1749 = SPHERICAL_SURFACE ( 'NONE', #2485, 0.2000000000000000111 ) ;
#1750 = DIRECTION ( 'NONE',  ( 0.7071067811865474617, 0.0000000000000000000, -0.7071067811865474617 ) ) ;
#1751 =( NAMED_UNIT ( * ) PLANE_ANGLE_UNIT ( ) SI_UNIT ( $, .RADIAN. ) );
#1752 = ORIENTED_EDGE ( 'NONE', *, *, #1302, .T. ) ;
#1753 = SURFACE_STYLE_FILL_AREA ( #787 ) ;
#1754 = AXIS2_PLACEMENT_3D ( 'NONE', #551, #2386, #1705 ) ;
#1755 = SURFACE_STYLE_USAGE ( .BOTH. , #2875 ) ;
#1756 = ORIENTED_EDGE ( 'NONE', *, *, #1225, .T. ) ;
#1757 = ORIENTED_EDGE ( 'NONE', *, *, #2641, .T. ) ;
#1758 = SURFACE_STYLE_USAGE ( .BOTH. , #425 ) ;
#1759 = ORIENTED_EDGE ( 'NONE', *, *, #2851, .T. ) ;
#1760 = FILL_AREA_STYLE_COLOUR ( '', #2956 ) ;
#1761 = EDGE_CURVE ( 'NONE', #1990, #1578, #2522, .T. ) ;
#1762 = AXIS2_PLACEMENT_3D ( 'NONE', #791, #2367, #2563 ) ;
#1763 = FILL_AREA_STYLE_COLOUR ( '', #2498 ) ;
#1764 = CARTESIAN_POINT ( 'NONE',  ( 10.65857864376269326, 0.2000000000000000944, 12.35857864376268900 ) ) ;
#1765 = PRESENTATION_STYLE_ASSIGNMENT (( #826 ) ) ;
#1766 = DIRECTION ( 'NONE',  ( 0.0000000000000000000, -0.0000000000000000000, 1.000000000000000000 ) ) ;
#1767 = SURFACE_STYLE_FILL_AREA ( #1524 ) ;
#1768 = MECHANICAL_DESIGN_GEOMETRIC_PRESENTATION_REPRESENTATION (  '', ( #891 ), #1818 ) ;
#1769 = ORIENTED_EDGE ( 'NONE', *, *, #2502, .F. ) ;
#1770 = CARTESIAN_POINT ( 'NONE',  ( -12.35857864376268900, 0.2000000000000000944, 10.65857864376268971 ) ) ;
#1771 = FILL_AREA_STYLE ('',( #2212 ) ) ;
#1772 = VERTEX_POINT ( 'NONE', #2096 ) ;
#1773 = ORIENTED_EDGE ( 'NONE', *, *, #2211, .T. ) ;
#1774 = DIRECTION ( 'NONE',  ( 0.0000000000000000000, 0.0000000000000000000, -1.000000000000000000 ) ) ;
#1775 = ORIENTED_EDGE ( 'NONE', *, *, #286, .F. ) ;
#1776 = CARTESIAN_POINT ( 'NONE',  ( 12.29999999999999893, 0.2000000000000000111, -10.71715728752538332 ) ) ;
#1777 = PRESENTATION_LAYER_ASSIGNMENT (  '', '', ( #83 ) ) ;
#1778 =( LENGTH_UNIT ( ) NAMED_UNIT ( * ) SI_UNIT ( .MILLI., .METRE. ) );
#1779 = CARTESIAN_POINT ( 'NONE',  ( 10.71715728752538332, 3.799999999999999822, 12.29999999999999893 ) ) ;
#1780 = ADVANCED_FACE ( 'NONE', ( #946 ), #2717, .T. ) ;
#1781 = CARTESIAN_POINT ( 'NONE',  ( 11.50857864376269291, 3.799999999999999822, 11.50857864376269291 ) ) ;
#1782 = DIRECTION ( 'NONE',  ( -0.0000000000000000000, 1.000000000000000000, -0.0000000000000000000 ) ) ;
#1783 = DIRECTION ( 'NONE',  ( 0.7071067811865474617, 0.0000000000000000000, -0.7071067811865474617 ) ) ;
#1784 = SURFACE_STYLE_USAGE ( .BOTH. , #846 ) ;
#1785 =( NAMED_UNIT ( * ) SI_UNIT ( $, .STERADIAN. ) SOLID_ANGLE_UNIT ( ) );
#1786 = FILL_AREA_STYLE ('',( #1591 ) ) ;
#1787 = ORIENTED_EDGE ( 'NONE', *, *, #340, .T. ) ;
#1788 = FILL_AREA_STYLE ('',( #2655 ) ) ;
#1789 = ORIENTED_EDGE ( 'NONE', *, *, #1112, .F. ) ;
#1790 =( GEOMETRIC_REPRESENTATION_CONTEXT ( 3 ) GLOBAL_UNCERTAINTY_ASSIGNED_CONTEXT ( ( #705 ) ) GLOBAL_UNIT_ASSIGNED_CONTEXT ( ( #1658, #505, #1261 ) ) REPRESENTATION_CONTEXT ( 'NONE', 'WORKASPACE' ) );
#1791 = VECTOR ( 'NONE', #547, 1000.000000000000114 ) ;
#1792 = FILL_AREA_STYLE ('',( #1745 ) ) ;
#1793 = MECHANICAL_DESIGN_GEOMETRIC_PRESENTATION_REPRESENTATION (  '', ( #2074 ), #41 ) ;
#1794 = PRESENTATION_LAYER_ASSIGNMENT (  '', '', ( #764 ) ) ;
#1795 =( GEOMETRIC_REPRESENTATION_CONTEXT ( 3 ) GLOBAL_UNCERTAINTY_ASSIGNED_CONTEXT ( ( #2699 ) ) GLOBAL_UNIT_ASSIGNED_CONTEXT ( ( #2136, #35, #1680 ) ) REPRESENTATION_CONTEXT ( 'NONE', 'WORKASPACE' ) );
#1796 = DIRECTION ( 'NONE',  ( 0.7071067811865475727, 0.0000000000000000000, -0.7071067811865475727 ) ) ;
#1797 = VECTOR ( 'NONE', #702, 1000.000000000000114 ) ;
#1798 = STYLED_ITEM ( 'NONE', ( #140 ), #287 ) ;
#1799 = CIRCLE ( 'NONE', #2938, 0.2000000000000005107 ) ;
#1800 = MECHANICAL_DESIGN_GEOMETRIC_PRESENTATION_REPRESENTATION (  '', ( #102 ), #868 ) ;
#1801 = ADVANCED_FACE ( 'NONE', ( #2069 ), #2237, .F. ) ;
#1802 = DIRECTION ( 'NONE',  ( -0.0000000000000000000, 1.000000000000000000, -0.0000000000000000000 ) ) ;
#1803 = DIRECTION ( 'NONE',  ( -0.7071067811865474617, 0.0000000000000000000, 0.7071067811865474617 ) ) ;
#1804 = CARTESIAN_POINT ( 'NONE',  ( -11.50857864376268935, 3.799999999999999822, 11.50857864376268935 ) ) ;
#1805 = PRESENTATION_STYLE_ASSIGNMENT (( #2931 ) ) ;
#1806 = FILL_AREA_STYLE_COLOUR ( '', #299 ) ;
#1807 = UNCERTAINTY_MEASURE_WITH_UNIT (LENGTH_MEASURE( 1.000000000000000082E-05 ), #273, 'distance_accuracy_value', 'NONE');
#1808 = ORIENTED_EDGE ( 'NONE', *, *, #823, .F. ) ;
#1809 = CARTESIAN_POINT ( 'NONE',  ( 10.71715728752538155, 4.000000000000000000, -12.30000000000000249 ) ) ;
#1810 = VERTEX_POINT ( 'NONE', #11 ) ;
#1811 = VECTOR ( 'NONE', #1782, 1000.000000000000000 ) ;
#1812 =( NAMED_UNIT ( * ) SI_UNIT ( $, .STERADIAN. ) SOLID_ANGLE_UNIT ( ) );
#1813 = MECHANICAL_DESIGN_GEOMETRIC_PRESENTATION_REPRESENTATION (  '', ( #2948 ), #1114 ) ;
#1814 = DIRECTION ( 'NONE',  ( 0.0000000000000000000, 0.0000000000000000000, 1.000000000000000000 ) ) ;
#1815 = SURFACE_STYLE_FILL_AREA ( #1569 ) ;
#1816 = PRESENTATION_STYLE_ASSIGNMENT (( #1571 ) ) ;
#1817 = CARTESIAN_POINT ( 'NONE',  ( -12.49999999999999822, 3.799999999999999822, 10.71715728752537977 ) ) ;
#1818 =( GEOMETRIC_REPRESENTATION_CONTEXT ( 3 ) GLOBAL_UNCERTAINTY_ASSIGNED_CONTEXT ( ( #2846 ) ) GLOBAL_UNIT_ASSIGNED_CONTEXT ( ( #1607, #2036, #2288 ) ) REPRESENTATION_CONTEXT ( 'NONE', 'WORKASPACE' ) );
#1819 = DIRECTION ( 'NONE',  ( 0.0000000000000000000, 1.000000000000000000, 0.0000000000000000000 ) ) ;
#1820 = EDGE_CURVE ( 'NONE', #1305, #561, #976, .T. ) ;
#1821 = EDGE_LOOP ( 'NONE', ( #834, #578, #2183, #155 ) ) ;
#1822 = SURFACE_SIDE_STYLE ('',( #2977 ) ) ;
#1823 = ORIENTED_EDGE ( 'NONE', *, *, #2473, .T. ) ;
#1824 = DIRECTION ( 'NONE',  ( -1.000000000000000000, 0.0000000000000000000, 0.0000000000000000000 ) ) ;
#1825 = SURFACE_SIDE_STYLE ('',( #2524 ) ) ;
#1826 = FILL_AREA_STYLE ('',( #2906 ) ) ;
#1827 = DIRECTION ( 'NONE',  ( -0.0000000000000000000, -0.0000000000000000000, -1.000000000000000000 ) ) ;
#1828 = PRESENTATION_LAYER_ASSIGNMENT (  '', '', ( #1587 ) ) ;
#1829 = DIRECTION ( 'NONE',  ( 1.000000000000000000, -0.0000000000000000000, -0.0000000000000000000 ) ) ;
#1830 = DIRECTION ( 'NONE',  ( -0.7071067811865475727, 0.0000000000000000000, 0.7071067811865475727 ) ) ;
#1831 = DIRECTION ( 'NONE',  ( 0.0000000000000000000, 1.000000000000000000, 0.0000000000000000000 ) ) ;
#1832 = UNCERTAINTY_MEASURE_WITH_UNIT (LENGTH_MEASURE( 1.000000000000000082E-05 ), #196, 'distance_accuracy_value', 'NONE');
#1833 = ORIENTED_EDGE ( 'NONE', *, *, #2488, .F. ) ;
#1834 =( NAMED_UNIT ( * ) PLANE_ANGLE_UNIT ( ) SI_UNIT ( $, .RADIAN. ) );
#1835 = ORIENTED_EDGE ( 'NONE', *, *, #306, .F. ) ;
#1836 = EDGE_CURVE ( 'NONE', #2326, #2937, #1413, .T. ) ;
#1837 = FILL_AREA_STYLE ('',( #2044 ) ) ;
#1838 = COLOUR_RGB ( '',0.6666666666666666297, 0.6980392156862744724, 0.7686274509803920907 ) ;
#1839 = ORIENTED_EDGE ( 'NONE', *, *, #1434, .F. ) ;
#1840 = VECTOR ( 'NONE', #607, 1000.000000000000000 ) ;
#1841 = LINE ( 'NONE', #2795, #1887 ) ;
#1842 = DIRECTION ( 'NONE',  ( -1.000000000000000000, -0.0000000000000000000, 0.0000000000000000000 ) ) ;
#1843 = AXIS2_PLACEMENT_3D ( 'NONE', #2290, #412, #225 ) ;
#1844 = CARTESIAN_POINT ( 'NONE',  ( -10.80000000000000249, 4.000000000000000000, -12.50000000000000178 ) ) ;
#1845 = AXIS2_PLACEMENT_3D ( 'NONE', #1215, #1458, #125 ) ;
#1846 =( GEOMETRIC_REPRESENTATION_CONTEXT ( 3 ) GLOBAL_UNCERTAINTY_ASSIGNED_CONTEXT ( ( #167 ) ) GLOBAL_UNIT_ASSIGNED_CONTEXT ( ( #415, #1058, #1983 ) ) REPRESENTATION_CONTEXT ( 'NONE', 'WORKASPACE' ) );
#1847 = DIRECTION ( 'NONE',  ( 0.0000000000000000000, 0.0000000000000000000, -1.000000000000000000 ) ) ;
#1848 = DIRECTION ( 'NONE',  ( 1.000000000000000000, 0.0000000000000000000, 8.673617379884013384E-15 ) ) ;
#1849 = SURFACE_STYLE_FILL_AREA ( #2094 ) ;
#1850 = EDGE_LOOP ( 'NONE', ( #498, #147, #339, #2557 ) ) ;
#1851 = FILL_AREA_STYLE_COLOUR ( '', #1669 ) ;
#1852 = DIRECTION ( 'NONE',  ( 0.0000000000000000000, 0.0000000000000000000, 1.000000000000000000 ) ) ;
#1853 = SURFACE_SIDE_STYLE ('',( #1126 ) ) ;
#1854 = ADVANCED_FACE ( 'NONE', ( #513 ), #2363, .T. ) ;
#1855 = ORIENTED_EDGE ( 'NONE', *, *, #864, .T. ) ;
#1856 = LINE ( 'NONE', #671, #2913 ) ;
#1857 = PRESENTATION_STYLE_ASSIGNMENT (( #2723 ) ) ;
#1858 = EDGE_CURVE ( 'NONE', #1082, #1990, #1465, .T. ) ;
#1859 = EDGE_CURVE ( 'NONE', #544, #1082, #2393, .T. ) ;
#1860 = AXIS2_PLACEMENT_3D ( 'NONE', #1510, #400, #605 ) ;
#1861 = SURFACE_STYLE_FILL_AREA ( #1588 ) ;
#1862 = MANIFOLD_SOLID_BREP ( 'Filete3', #2782 ) ;
#1863 =( GEOMETRIC_REPRESENTATION_CONTEXT ( 3 ) GLOBAL_UNCERTAINTY_ASSIGNED_CONTEXT ( ( #2038 ) ) GLOBAL_UNIT_ASSIGNED_CONTEXT ( ( #2773, #310, #732 ) ) REPRESENTATION_CONTEXT ( 'NONE', 'WORKASPACE' ) );
#1864 = FACE_OUTER_BOUND ( 'NONE', #2618, .T. ) ;
#1865 = UNCERTAINTY_MEASURE_WITH_UNIT (LENGTH_MEASURE( 1.000000000000000082E-05 ), #1966, 'distance_accuracy_value', 'NONE');
#1866 = ORIENTED_EDGE ( 'NONE', *, *, #1971, .F. ) ;
#1867 = SURFACE_STYLE_FILL_AREA ( #930 ) ;
#1868 = AXIS2_PLACEMENT_3D ( 'NONE', #2531, #1819, #449 ) ;
#1869 = AXIS2_PLACEMENT_3D ( 'NONE', #224, #2774, #667 ) ;
#1870 = ORIENTED_EDGE ( 'NONE', *, *, #1905, .T. ) ;
#1871 = FILL_AREA_STYLE_COLOUR ( '', #1147 ) ;
#1872 = ADVANCED_FACE ( 'NONE', ( #385 ), #959, .T. ) ;
#1873 =( NAMED_UNIT ( * ) PLANE_ANGLE_UNIT ( ) SI_UNIT ( $, .RADIAN. ) );
#1874 = ORIENTED_EDGE ( 'NONE', *, *, #974, .F. ) ;
#1875 = PRESENTATION_STYLE_ASSIGNMENT (( #104 ) ) ;
#1876 = PLANE ( 'NONE',  #22 ) ;
#1877 = VERTEX_POINT ( 'NONE', #1253 ) ;
#1878 = CIRCLE ( 'NONE', #2834, 0.2000000000000002887 ) ;
#1879 =( GEOMETRIC_REPRESENTATION_CONTEXT ( 3 ) GLOBAL_UNCERTAINTY_ASSIGNED_CONTEXT ( ( #1714 ) ) GLOBAL_UNIT_ASSIGNED_CONTEXT ( ( #1497, #76, #1673 ) ) REPRESENTATION_CONTEXT ( 'NONE', 'WORKASPACE' ) );
#1880 = FACE_OUTER_BOUND ( 'NONE', #2871, .T. ) ;
#1881 = MECHANICAL_DESIGN_GEOMETRIC_PRESENTATION_REPRESENTATION (  '', ( #345 ), #2629 ) ;
#1882 =( LENGTH_UNIT ( ) NAMED_UNIT ( * ) SI_UNIT ( .MILLI., .METRE. ) );
#1883 = VECTOR ( 'NONE', #2179, 1000.000000000000114 ) ;
#1884 = ORIENTED_EDGE ( 'NONE', *, *, #255, .T. ) ;
#1885 = EDGE_CURVE ( 'NONE', #2345, #887, #2912, .T. ) ;
#1886 = DIRECTION ( 'NONE',  ( 1.000000000000000000, 0.0000000000000000000, 8.673617379884013384E-15 ) ) ;
#1887 = VECTOR ( 'NONE', #2365, 1000.000000000000000 ) ;
#1888 = DIRECTION ( 'NONE',  ( -0.7071067811865474617, 0.0000000000000000000, 0.7071067811865474617 ) ) ;
#1889 = UNCERTAINTY_MEASURE_WITH_UNIT (LENGTH_MEASURE( 1.000000000000000082E-05 ), #1167, 'distance_accuracy_value', 'NONE');
#1890 = EDGE_LOOP ( 'NONE', ( #651, #1985, #1927, #38 ) ) ;
#1891 = FILL_AREA_STYLE ('',( #1446 ) ) ;
#1892 = CARTESIAN_POINT ( 'NONE',  ( 10.49999999999999822, 4.009999999999999787, 10.50000000000000000 ) ) ;
#1893 = CARTESIAN_POINT ( 'NONE',  ( -12.30000000000000071, 4.000000000000000000, 1.975657292084697407E-15 ) ) ;
#1894 = FACE_OUTER_BOUND ( 'NONE', #1352, .T. ) ;
#1895 = SURFACE_SIDE_STYLE ('',( #2826 ) ) ;
#1896 = EDGE_LOOP ( 'NONE', ( #2497, #1127, #1284 ) ) ;
#1897 = DIRECTION ( 'NONE',  ( -0.0000000000000000000, 1.000000000000000000, -0.0000000000000000000 ) ) ;
#1898 = APPLICATION_PROTOCOL_DEFINITION ( 'draft international standard', 'automotive_design', 1998, #535 ) ;
#1899 = STYLED_ITEM ( 'NONE', ( #2616 ), #1300 ) ;
#1900 = MECHANICAL_DESIGN_GEOMETRIC_PRESENTATION_REPRESENTATION (  '', ( #2235 ), #2135 ) ;
#1901 = EDGE_LOOP ( 'NONE', ( #103, #1060, #2639, #1079 ) ) ;
#1902 = DIRECTION ( 'NONE',  ( 8.260587980841936314E-17, 0.0000000000000000000, 1.000000000000000000 ) ) ;
#1903 = ORIENTED_EDGE ( 'NONE', *, *, #232, .T. ) ;
#1904 = CYLINDRICAL_SURFACE ( 'NONE', #628, 0.2000000000000005107 ) ;
#1905 = EDGE_CURVE ( 'NONE', #204, #169, #865, .T. ) ;
#1906 = CARTESIAN_POINT ( 'NONE',  ( 12.35857864376268900, 0.0000000000000000000, -10.65857864376269326 ) ) ;
#1907 = SURFACE_SIDE_STYLE ('',( #749 ) ) ;
#1908 = PRESENTATION_STYLE_ASSIGNMENT (( #1644 ) ) ;
#1909 = PRESENTATION_LAYER_ASSIGNMENT (  '', '', ( #230 ) ) ;
#1910 = CARTESIAN_POINT ( 'NONE',  ( 12.30000000000000249, 0.2000000000000000944, 10.71715728752537977 ) ) ;
#1911 =( NAMED_UNIT ( * ) SI_UNIT ( $, .STERADIAN. ) SOLID_ANGLE_UNIT ( ) );
#1912 =( GEOMETRIC_REPRESENTATION_CONTEXT ( 3 ) GLOBAL_UNCERTAINTY_ASSIGNED_CONTEXT ( ( #2067 ) ) GLOBAL_UNIT_ASSIGNED_CONTEXT ( ( #49, #2802, #523 ) ) REPRESENTATION_CONTEXT ( 'NONE', 'WORKASPACE' ) );
#1913 = ORIENTED_EDGE ( 'NONE', *, *, #2011, .F. ) ;
#1914 = PRESENTATION_STYLE_ASSIGNMENT (( #1641 ) ) ;
#1915 = FILL_AREA_STYLE ('',( #989 ) ) ;
#1916 =( NAMED_UNIT ( * ) PLANE_ANGLE_UNIT ( ) SI_UNIT ( $, .RADIAN. ) );
#1917 = FILL_AREA_STYLE ('',( #314 ) ) ;
#1918 = DIRECTION ( 'NONE',  ( 0.7071067811865474617, 0.0000000000000000000, 0.7071067811865474617 ) ) ;
#1919 = ADVANCED_FACE ( 'NONE', ( #1032 ), #1019, .T. ) ;
#1920 = SURFACE_STYLE_USAGE ( .BOTH. , #96 ) ;
#1921 = DIRECTION ( 'NONE',  ( -0.0000000000000000000, 1.000000000000000000, -0.0000000000000000000 ) ) ;
#1922 =( NAMED_UNIT ( * ) PLANE_ANGLE_UNIT ( ) SI_UNIT ( $, .RADIAN. ) );
#1923 = AXIS2_PLACEMENT_3D ( 'NONE', #455, #1095, #2921 ) ;
#1924 = AXIS2_PLACEMENT_3D ( 'NONE', #2214, #150, #1064 ) ;
#1925 = SURFACE_STYLE_FILL_AREA ( #68 ) ;
#1926 =( GEOMETRIC_REPRESENTATION_CONTEXT ( 3 ) GLOBAL_UNCERTAINTY_ASSIGNED_CONTEXT ( ( #279 ) ) GLOBAL_UNIT_ASSIGNED_CONTEXT ( ( #2493, #2695, #2035 ) ) REPRESENTATION_CONTEXT ( 'NONE', 'WORKASPACE' ) );
#1927 = ORIENTED_EDGE ( 'NONE', *, *, #541, .F. ) ;
#1928 = COLOUR_RGB ( '',0.9960784313725490335, 0.8705882352941176627, 0.7607843137254901578 ) ;
#1929 = CARTESIAN_POINT ( 'NONE',  ( 10.71715728752538688, 3.799999999999999822, 12.29999999999999893 ) ) ;
#1930 = CIRCLE ( 'NONE', #2458, 0.6281885425213137308 ) ;
#1931 =( GEOMETRIC_REPRESENTATION_CONTEXT ( 3 ) GLOBAL_UNCERTAINTY_ASSIGNED_CONTEXT ( ( #473 ) ) GLOBAL_UNIT_ASSIGNED_CONTEXT ( ( #1086, #1586, #442 ) ) REPRESENTATION_CONTEXT ( 'NONE', 'WORKASPACE' ) );
#1932 = CARTESIAN_POINT ( 'NONE',  ( 10.79999999999999893, 0.2000000000000000944, -12.50000000000000178 ) ) ;
#1933 = AXIS2_PLACEMENT_3D ( 'NONE', #2927, #1830, #2286 ) ;
#1934 = CARTESIAN_POINT ( 'NONE',  ( 10.59289321881345103, 0.0000000000000000000, -12.00000000000000178 ) ) ;
#1935 = EDGE_CURVE ( 'NONE', #2533, #2573, #2411, .T. ) ;
#1936 =( NAMED_UNIT ( * ) SI_UNIT ( $, .STERADIAN. ) SOLID_ANGLE_UNIT ( ) );
#1937 = LINE ( 'NONE', #1262, #1883 ) ;
#1938 = FILL_AREA_STYLE ('',( #141 ) ) ;
#1939 = EDGE_CURVE ( 'NONE', #2935, #1180, #1981, .T. ) ;
#1940 = EDGE_CURVE ( 'NONE', #1427, #1675, #2123, .T. ) ;
#1941 = FILL_AREA_STYLE ('',( #2625 ) ) ;
#1942 = CARTESIAN_POINT ( 'NONE',  ( 10.71715728752538155, 0.2000000000000000944, -12.50000000000000178 ) ) ;
#1943 = ORIENTED_EDGE ( 'NONE', *, *, #2565, .F. ) ;
#1944 = AXIS2_PLACEMENT_3D ( 'NONE', #1516, #1742, #2415 ) ;
#1945 = LINE ( 'NONE', #1906, #2071 ) ;
#1946 = MECHANICAL_DESIGN_GEOMETRIC_PRESENTATION_REPRESENTATION (  '', ( #271 ), #507 ) ;
#1947 = ORIENTED_EDGE ( 'NONE', *, *, #2211, .F. ) ;
#1948 = CARTESIAN_POINT ( 'NONE',  ( 1.699999999999999734, -0.2999999999999999334, 1.494999999999999885 ) ) ;
#1949 =( NAMED_UNIT ( * ) SI_UNIT ( $, .STERADIAN. ) SOLID_ANGLE_UNIT ( ) );
#1950 = CARTESIAN_POINT ( 'NONE',  ( 12.30000000000000249, 3.799999999999999822, 10.71715728752537977 ) ) ;
#1951 = LINE ( 'NONE', #2852, #2119 ) ;
#1952 = ADVANCED_FACE ( 'NONE', ( #646 ), #1150, .T. ) ;
#1953 = CARTESIAN_POINT ( 'NONE',  ( 11.99999999999999822, 0.0000000000000000000, -10.59289321881345458 ) ) ;
#1954 = VERTEX_POINT ( 'NONE', #1115 ) ;
#1955 = PRESENTATION_STYLE_ASSIGNMENT (( #1061 ) ) ;
#1956 = CARTESIAN_POINT ( 'NONE',  ( 0.0000000000000000000, 3.799999999999999822, -12.30000000000000249 ) ) ;
#1957 = AXIS2_PLACEMENT_3D ( 'NONE', #2480, #878, #1814 ) ;
#1958 = ORIENTED_EDGE ( 'NONE', *, *, #146, .F. ) ;
#1959 = ORIENTED_EDGE ( 'NONE', *, *, #1434, .T. ) ;
#1960 = DIRECTION ( 'NONE',  ( 0.0000000000000000000, 1.000000000000000000, 0.0000000000000000000 ) ) ;
#1961 = CARTESIAN_POINT ( 'NONE',  ( 12.29999999999999893, 4.000000000000000000, -10.71715728752538332 ) ) ;
#1962 = SURFACE_STYLE_FILL_AREA ( #1015 ) ;
#1963 = FILL_AREA_STYLE ('',( #1561 ) ) ;
#1964 = EDGE_CURVE ( 'NONE', #744, #267, #1559, .T. ) ;
#1965 = ORIENTED_EDGE ( 'NONE', *, *, #1361, .T. ) ;
#1966 =( LENGTH_UNIT ( ) NAMED_UNIT ( * ) SI_UNIT ( .MILLI., .METRE. ) );
#1967 = STYLED_ITEM ( 'NONE', ( #802 ), #2868 ) ;
#1968 = COLOUR_RGB ( '',0.9960784313725490335, 0.8705882352941176627, 0.7607843137254901578 ) ;
#1969 = AXIS2_PLACEMENT_3D ( 'NONE', #525, #1186, #265 ) ;
#1970 = CARTESIAN_POINT ( 'NONE',  ( 1.700000000000001066, 4.000000000000000000, 2.400000000000000355 ) ) ;
#1971 = EDGE_CURVE ( 'NONE', #1629, #1178, #636, .T. ) ;
#1972 = UNCERTAINTY_MEASURE_WITH_UNIT (LENGTH_MEASURE( 1.000000000000000082E-05 ), #1543, 'distance_accuracy_value', 'NONE');
#1973 = AXIS2_PLACEMENT_3D ( 'NONE', #542, #740, #1476 ) ;
#1974 = ORIENTED_EDGE ( 'NONE', *, *, #1436, .T. ) ;
#1975 = ORIENTED_EDGE ( 'NONE', *, *, #770, .F. ) ;
#1976 = ORIENTED_EDGE ( 'NONE', *, *, #2230, .F. ) ;
#1977 = PRESENTATION_LAYER_ASSIGNMENT (  '', '', ( #300 ) ) ;
#1978 = VECTOR ( 'NONE', #1416, 1000.000000000000000 ) ;
#1979 = DIRECTION ( 'NONE',  ( 1.000000000000000000, 0.0000000000000000000, 0.0000000000000000000 ) ) ;
#1980 = AXIS2_PLACEMENT_3D ( 'NONE', #48, #1404, #2338 ) ;
#1981 = CIRCLE ( 'NONE', #149, 0.2000000000000005107 ) ;
#1982 = CARTESIAN_POINT ( 'NONE',  ( 1.700000000000001066, 4.500000000000000888, 1.899999999999999911 ) ) ;
#1983 =( NAMED_UNIT ( * ) SI_UNIT ( $, .STERADIAN. ) SOLID_ANGLE_UNIT ( ) );
#1984 = DIRECTION ( 'NONE',  ( -1.000000000000000000, -0.0000000000000000000, -0.0000000000000000000 ) ) ;
#1985 = ORIENTED_EDGE ( 'NONE', *, *, #1539, .F. ) ;
#1986 = FACE_OUTER_BOUND ( 'NONE', #2073, .T. ) ;
#1987 =( GEOMETRIC_REPRESENTATION_CONTEXT ( 3 ) GLOBAL_UNCERTAINTY_ASSIGNED_CONTEXT ( ( #2243 ) ) GLOBAL_UNIT_ASSIGNED_CONTEXT ( ( #367, #2869, #351 ) ) REPRESENTATION_CONTEXT ( 'NONE', 'WORKASPACE' ) );
#1988 = LINE ( 'NONE', #2002, #2026 ) ;
#1989 = FACE_OUTER_BOUND ( 'NONE', #289, .T. ) ;
#1990 = VERTEX_POINT ( 'NONE', #432 ) ;
#1991 = ORIENTED_EDGE ( 'NONE', *, *, #1044, .F. ) ;
#1992 = FACE_OUTER_BOUND ( 'NONE', #874, .T. ) ;
#1993 = ORIENTED_EDGE ( 'NONE', *, *, #2193, .F. ) ;
#1994 = VECTOR ( 'NONE', #2742, 1000.000000000000000 ) ;
#1995 = EDGE_CURVE ( 'NONE', #971, #1580, #2049, .T. ) ;
#1996 = CIRCLE ( 'NONE', #65, 0.2000000000000005107 ) ;
#1997 = DIRECTION ( 'NONE',  ( -1.000000000000000000, 0.0000000000000000000, 0.0000000000000000000 ) ) ;
#1998 = SURFACE_STYLE_USAGE ( .BOTH. , #2490 ) ;
#1999 = COLOUR_RGB ( '',0.9960784313725490335, 0.8705882352941176627, 0.7607843137254901578 ) ;
#2000 = DIRECTION ( 'NONE',  ( 0.0000000000000000000, 0.0000000000000000000, 1.000000000000000000 ) ) ;
#2001 = FACE_BOUND ( 'NONE', #1514, .T. ) ;
#2002 = CARTESIAN_POINT ( 'NONE',  ( -10.59289321881345458, -0.01000000000000000021, -12.00000000000000178 ) ) ;
#2003 = CARTESIAN_POINT ( 'NONE',  ( 12.00000000000000178, -0.01000000000000000021, 10.59289321881345103 ) ) ;
#2004 = UNCERTAINTY_MEASURE_WITH_UNIT (LENGTH_MEASURE( 1.000000000000000082E-05 ), #1264, 'distance_accuracy_value', 'NONE');
#2005 = ORIENTED_EDGE ( 'NONE', *, *, #2565, .T. ) ;
#2006 = EDGE_LOOP ( 'NONE', ( #2289, #1511, #666, #2118 ) ) ;
#2007 = MECHANICAL_DESIGN_GEOMETRIC_PRESENTATION_REPRESENTATION (  '', ( #329 ), #2103 ) ;
#2008 = ORIENTED_EDGE ( 'NONE', *, *, #1479, .T. ) ;
#2009 = PLANE ( 'NONE',  #2333 ) ;
#2010 = CARTESIAN_POINT ( 'NONE',  ( 10.59289321881345458, -0.01000000000000000021, 11.99999999999999822 ) ) ;
#2011 = EDGE_CURVE ( 'NONE', #1257, #1106, #867, .T. ) ;
#2012 = FILL_AREA_STYLE_COLOUR ( '', #1344 ) ;
#2013 = CARTESIAN_POINT ( 'NONE',  ( -10.79999999999999893, 4.000000000000000000, 12.49999999999999822 ) ) ;
#2014 = FILL_AREA_STYLE_COLOUR ( '', #2270 ) ;
#2015 = EDGE_CURVE ( 'NONE', #544, #594, #181, .T. ) ;
#2016 = FACE_OUTER_BOUND ( 'NONE', #2041, .T. ) ;
#2017 = SURFACE_SIDE_STYLE ('',( #1103 ) ) ;
#2018 = LINE ( 'NONE', #1364, #910 ) ;
#2019 = SURFACE_SIDE_STYLE ('',( #182 ) ) ;
#2020 = SURFACE_STYLE_USAGE ( .BOTH. , #2054 ) ;
#2021 = STYLED_ITEM ( 'NONE', ( #2470 ), #2833 ) ;
#2022 = UNCERTAINTY_MEASURE_WITH_UNIT (LENGTH_MEASURE( 1.000000000000000082E-05 ), #2051, 'distance_accuracy_value', 'NONE');
#2023 = VERTEX_POINT ( 'NONE', #897 ) ;
#2024 = DIRECTION ( 'NONE',  ( 0.0000000000000000000, -1.000000000000000000, 0.0000000000000000000 ) ) ;
#2025 = EDGE_LOOP ( 'NONE', ( #1046, #2859, #903, #223 ) ) ;
#2026 = VECTOR ( 'NONE', #2896, 1000.000000000000000 ) ;
#2027 =( NAMED_UNIT ( * ) SI_UNIT ( $, .STERADIAN. ) SOLID_ANGLE_UNIT ( ) );
#2028 = MECHANICAL_DESIGN_GEOMETRIC_PRESENTATION_REPRESENTATION (  '', ( #2928 ), #2838 ) ;
#2029 = DIRECTION ( 'NONE',  ( 0.7071067811865474617, 0.0000000000000000000, 0.7071067811865474617 ) ) ;
#2030 = LINE ( 'NONE', #1614, #1087 ) ;
#2031 = ADVANCED_FACE ( 'NONE', ( #1864 ), #482, .F. ) ;
#2032 = FACE_OUTER_BOUND ( 'NONE', #1382, .T. ) ;
#2033 = ADVANCED_FACE ( 'NONE', ( #264 ), #1154, .T. ) ;
#2034 =( NAMED_UNIT ( * ) PLANE_ANGLE_UNIT ( ) SI_UNIT ( $, .RADIAN. ) );
#2035 =( NAMED_UNIT ( * ) SI_UNIT ( $, .STERADIAN. ) SOLID_ANGLE_UNIT ( ) );
#2036 =( NAMED_UNIT ( * ) PLANE_ANGLE_UNIT ( ) SI_UNIT ( $, .RADIAN. ) );
#2037 = FILL_AREA_STYLE ('',( #1806 ) ) ;
#2038 = UNCERTAINTY_MEASURE_WITH_UNIT (LENGTH_MEASURE( 1.000000000000000082E-05 ), #2773, 'distance_accuracy_value', 'NONE');
#2039 = VERTEX_POINT ( 'NONE', #2060 ) ;
#2040 =( NAMED_UNIT ( * ) SI_UNIT ( $, .STERADIAN. ) SOLID_ANGLE_UNIT ( ) );
#2041 = EDGE_LOOP ( 'NONE', ( #2124, #1870, #1835 ) ) ;
#2042 = CIRCLE ( 'NONE', #1661, 0.2999999999999999334 ) ;
#2043 = AXIS2_PLACEMENT_3D ( 'NONE', #1314, #1984, #587 ) ;
#2044 = FILL_AREA_STYLE_COLOUR ( '', #1694 ) ;
#2045 = CARTESIAN_POINT ( 'NONE',  ( 1.699999999999999734, -0.01000000000000002623, 1.899999999999999911 ) ) ;
#2046 = DIRECTION ( 'NONE',  ( -0.7071067811865563435, 0.0000000000000000000, 0.7071067811865388020 ) ) ;
#2047 = LINE ( 'NONE', #2254, #2882 ) ;
#2048 = SURFACE_SIDE_STYLE ('',( #1861 ) ) ;
#2049 = LINE ( 'NONE', #2743, #1391 ) ;
#2050 = ADVANCED_FACE ( 'NONE', ( #491 ), #2, .T. ) ;
#2051 =( LENGTH_UNIT ( ) NAMED_UNIT ( * ) SI_UNIT ( .MILLI., .METRE. ) );
#2052 = PRESENTATION_LAYER_ASSIGNMENT (  '', '', ( #891 ) ) ;
#2053 =( NAMED_UNIT ( * ) SI_UNIT ( $, .STERADIAN. ) SOLID_ANGLE_UNIT ( ) );
#2054 = SURFACE_SIDE_STYLE ('',( #664 ) ) ;
#2055 = VERTEX_POINT ( 'NONE', #26 ) ;
#2056 = SURFACE_STYLE_USAGE ( .BOTH. , #1122 ) ;
#2057 = ORIENTED_EDGE ( 'NONE', *, *, #2755, .F. ) ;
#2058 =( LENGTH_UNIT ( ) NAMED_UNIT ( * ) SI_UNIT ( .MILLI., .METRE. ) );
#2059 = DIRECTION ( 'NONE',  ( 0.0000000000000000000, -0.0000000000000000000, 1.000000000000000000 ) ) ;
#2060 = CARTESIAN_POINT ( 'NONE',  ( 1.700000000000001066, 4.500000000000000888, 2.400000000000000355 ) ) ;
#2061 = DIRECTION ( 'NONE',  ( -0.7071067811865474617, 0.0000000000000000000, -0.7071067811865474617 ) ) ;
#2062 = CARTESIAN_POINT ( 'NONE',  ( 12.30000000000000071, 4.000000000000000000, -1.975657292084697407E-15 ) ) ;
#2063 = DIRECTION ( 'NONE',  ( 0.0000000000000000000, -1.000000000000000000, 0.0000000000000000000 ) ) ;
#2064 = FILL_AREA_STYLE_COLOUR ( '', #1649 ) ;
#2065 = ADVANCED_FACE ( 'NONE', ( #949 ), #1247, .T. ) ;
#2066 = FILL_AREA_STYLE_COLOUR ( '', #1626 ) ;
#2067 = UNCERTAINTY_MEASURE_WITH_UNIT (LENGTH_MEASURE( 1.000000000000000082E-05 ), #49, 'distance_accuracy_value', 'NONE');
#2068 = EDGE_LOOP ( 'NONE', ( #2666, #4, #684, #2514 ) ) ;
#2069 = FACE_OUTER_BOUND ( 'NONE', #2521, .T. ) ;
#2070 = CARTESIAN_POINT ( 'NONE',  ( 12.30000000000000071, 3.799999999999999822, -1.975657292084697407E-15 ) ) ;
#2071 = VECTOR ( 'NONE', #355, 1000.000000000000114 ) ;
#2072 =( NAMED_UNIT ( * ) SI_UNIT ( $, .STERADIAN. ) SOLID_ANGLE_UNIT ( ) );
#2073 = EDGE_LOOP ( 'NONE', ( #2593, #2842, #325, #1542, #2005, #1273, #2084, #1565 ) ) ;
#2074 = STYLED_ITEM ( 'NONE', ( #2650 ), #2811 ) ;
#2075 = AXIS2_PLACEMENT_3D ( 'NONE', #2070, #2463, #1354 ) ;
#2076 = FILL_AREA_STYLE_COLOUR ( '', #1246 ) ;
#2077 = AXIS2_PLACEMENT_3D ( 'NONE', #2148, #1217, #2134 ) ;
#2078 = COLOUR_RGB ( '',0.6666666666666666297, 0.6980392156862744724, 0.7686274509803920907 ) ;
#2079 = PRESENTATION_STYLE_ASSIGNMENT (( #431 ) ) ;
#2080 = PRESENTATION_LAYER_ASSIGNMENT (  '', '', ( #1294 ) ) ;
#2081 = SURFACE_STYLE_FILL_AREA ( #1331 ) ;
#2082 = FACE_OUTER_BOUND ( 'NONE', #2006, .T. ) ;
#2083 = SURFACE_SIDE_STYLE ('',( #462 ) ) ;
#2084 = ORIENTED_EDGE ( 'NONE', *, *, #951, .T. ) ;
#2085 =( NAMED_UNIT ( * ) SI_UNIT ( $, .STERADIAN. ) SOLID_ANGLE_UNIT ( ) );
#2086 =( NAMED_UNIT ( * ) PLANE_ANGLE_UNIT ( ) SI_UNIT ( $, .RADIAN. ) );
#2087 =( NAMED_UNIT ( * ) PLANE_ANGLE_UNIT ( ) SI_UNIT ( $, .RADIAN. ) );
#2088 = ORIENTED_EDGE ( 'NONE', *, *, #577, .F. ) ;
#2089 = EDGE_CURVE ( 'NONE', #2326, #481, #42, .T. ) ;
#2090 = CARTESIAN_POINT ( 'NONE',  ( -12.29999999999999893, 0.2000000000000000944, 10.71715728752537977 ) ) ;
#2091 = CIRCLE ( 'NONE', #2471, 0.2000000000000005107 ) ;
#2092 = SPHERICAL_SURFACE ( 'NONE', #1632, 0.2000000000000000111 ) ;
#2093 =( NAMED_UNIT ( * ) SI_UNIT ( $, .STERADIAN. ) SOLID_ANGLE_UNIT ( ) );
#2094 = FILL_AREA_STYLE ('',( #2066 ) ) ;
#2095 = VERTEX_POINT ( 'NONE', #2658 ) ;
#2096 = CARTESIAN_POINT ( 'NONE',  ( -12.44142135623730816, 0.2000000000000000944, 10.85857864376268900 ) ) ;
#2097 = COLOUR_RGB ( '',0.6666666666666666297, 0.6980392156862744724, 0.7686274509803920907 ) ;
#2098 = DIRECTION ( 'NONE',  ( -0.0000000000000000000, 1.000000000000000000, -0.0000000000000000000 ) ) ;
#2099 = ORIENTED_EDGE ( 'NONE', *, *, #2942, .F. ) ;
#2100 = CARTESIAN_POINT ( 'NONE',  ( -12.30000000000000249, 3.799999999999999822, -10.71715728752538332 ) ) ;
#2101 = EDGE_CURVE ( 'NONE', #274, #1563, #1071, .T. ) ;
#2102 = SURFACE_STYLE_FILL_AREA ( #63 ) ;
#2103 =( GEOMETRIC_REPRESENTATION_CONTEXT ( 3 ) GLOBAL_UNCERTAINTY_ASSIGNED_CONTEXT ( ( #2933 ) ) GLOBAL_UNIT_ASSIGNED_CONTEXT ( ( #66, #1158, #2766 ) ) REPRESENTATION_CONTEXT ( 'NONE', 'WORKASPACE' ) );
#2104 = CARTESIAN_POINT ( 'NONE',  ( -11.99999999999999822, -0.01000000000000000021, 10.59289321881345103 ) ) ;
#2105 = MECHANICAL_DESIGN_GEOMETRIC_PRESENTATION_REPRESENTATION (  '', ( #2391 ), #1635 ) ;
#2106 = EDGE_LOOP ( 'NONE', ( #283, #1379, #336, #2737 ) ) ;
#2107 = FILL_AREA_STYLE_COLOUR ( '', #924 ) ;
#2108 =( NAMED_UNIT ( * ) PLANE_ANGLE_UNIT ( ) SI_UNIT ( $, .RADIAN. ) );
#2109 = ORIENTED_EDGE ( 'NONE', *, *, #1858, .T. ) ;
#2110 = PRESENTATION_STYLE_ASSIGNMENT (( #281 ) ) ;
#2111 = PRESENTATION_STYLE_ASSIGNMENT (( #58 ) ) ;
#2112 = ORIENTED_EDGE ( 'NONE', *, *, #404, .F. ) ;
#2113 = SURFACE_SIDE_STYLE ('',( #2816 ) ) ;
#2114 = FACE_BOUND ( 'NONE', #2759, .T. ) ;
#2115 = VECTOR ( 'NONE', #1582, 1000.000000000000114 ) ;
#2116 = DIRECTION ( 'NONE',  ( 1.000000000000000000, 0.0000000000000000000, -8.260587980841936314E-17 ) ) ;
#2117 = FILL_AREA_STYLE_COLOUR ( '', #1447 ) ;
#2118 = ORIENTED_EDGE ( 'NONE', *, *, #2432, .F. ) ;
#2119 = VECTOR ( 'NONE', #1750, 1000.000000000000114 ) ;
#2120 = PRODUCT_RELATED_PRODUCT_CATEGORY ( 'part', '', ( #242 ) ) ;
#2121 = EDGE_CURVE ( 'NONE', #2326, #1659, #2879, .T. ) ;
#2122 =( LENGTH_UNIT ( ) NAMED_UNIT ( * ) SI_UNIT ( .MILLI., .METRE. ) );
#2123 = CIRCLE ( 'NONE', #2171, 0.2000000000000002887 ) ;
#2124 = ORIENTED_EDGE ( 'NONE', *, *, #2659, .T. ) ;
#2125 = CARTESIAN_POINT ( 'NONE',  ( -12.00000000000000178, -0.01000000000000000021, -10.59289321881345458 ) ) ;
#2126 = FILL_AREA_STYLE ('',( #1189 ) ) ;
#2127 = FACE_OUTER_BOUND ( 'NONE', #2312, .T. ) ;
#2128 = CARTESIAN_POINT ( 'NONE',  ( -10.71715728752538332, 0.2000000000000000944, -12.30000000000000249 ) ) ;
#2129 = SURFACE_STYLE_USAGE ( .BOTH. , #1907 ) ;
#2130 = DIRECTION ( 'NONE',  ( -0.7071067811865474617, 0.0000000000000000000, -0.7071067811865474617 ) ) ;
#2131 = PRESENTATION_STYLE_ASSIGNMENT (( #713 ) ) ;
#2132 = FILL_AREA_STYLE_COLOUR ( '', #198 ) ;
#2133 = PRESENTATION_LAYER_ASSIGNMENT (  '', '', ( #1899 ) ) ;
#2134 = DIRECTION ( 'NONE',  ( 0.7071067811865474617, 0.0000000000000000000, -0.7071067811865474617 ) ) ;
#2135 =( GEOMETRIC_REPRESENTATION_CONTEXT ( 3 ) GLOBAL_UNCERTAINTY_ASSIGNED_CONTEXT ( ( #450 ) ) GLOBAL_UNIT_ASSIGNED_CONTEXT ( ( #2724, #193, #1330 ) ) REPRESENTATION_CONTEXT ( 'NONE', 'WORKASPACE' ) );
#2136 =( LENGTH_UNIT ( ) NAMED_UNIT ( * ) SI_UNIT ( .MILLI., .METRE. ) );
#2137 = FILL_AREA_STYLE_COLOUR ( '', #2850 ) ;
#2138 = PRESENTATION_LAYER_ASSIGNMENT (  '', '', ( #1362 ) ) ;
#2139 = FILL_AREA_STYLE_COLOUR ( '', #375 ) ;
#2140 = ADVANCED_FACE ( 'NONE', ( #2442 ), #393, .T. ) ;
#2141 = ORIENTED_EDGE ( 'NONE', *, *, #541, .T. ) ;
#2142 = CARTESIAN_POINT ( 'NONE',  ( -11.50857864376269291, 3.799999999999999822, -11.50857864376269291 ) ) ;
#2143 = DIRECTION ( 'NONE',  ( 0.0000000000000000000, -1.000000000000000000, 0.0000000000000000000 ) ) ;
#2144 = FILL_AREA_STYLE_COLOUR ( '', #319 ) ;
#2145 = DIRECTION ( 'NONE',  ( 1.637629531557875484E-16, 0.0000000000000000000, 1.000000000000000000 ) ) ;
#2146 = CARTESIAN_POINT ( 'NONE',  ( -12.49999999999999822, 4.000000000000000000, 10.79999999999999893 ) ) ;
#2147 = SURFACE_STYLE_USAGE ( .BOTH. , #2542 ) ;
#2148 = CARTESIAN_POINT ( 'NONE',  ( 12.29999999999999893, 3.799999999999999822, -10.71715728752538332 ) ) ;
#2149 = MECHANICAL_DESIGN_GEOMETRIC_PRESENTATION_REPRESENTATION (  '', ( #1033 ), #180 ) ;
#2150 = SURFACE_SIDE_STYLE ('',( #754 ) ) ;
#2151 = CARTESIAN_POINT ( 'NONE',  ( -12.30000000000000249, 0.0000000000000000000, -10.71715728752538332 ) ) ;
#2152 = VECTOR ( 'NONE', #1039, 1000.000000000000000 ) ;
#2153 = ORIENTED_EDGE ( 'NONE', *, *, #2765, .T. ) ;
#2154 = DIRECTION ( 'NONE',  ( 1.606225440719266120E-16, 0.0000000000000000000, 1.000000000000000000 ) ) ;
#2155 = CARTESIAN_POINT ( 'NONE',  ( -12.44142135623731171, 0.2000000000000000944, -10.85857864376269255 ) ) ;
#2156 = EDGE_CURVE ( 'NONE', #2729, #1305, #675, .T. ) ;
#2157 = DIRECTION ( 'NONE',  ( 0.0000000000000000000, 0.0000000000000000000, 1.000000000000000000 ) ) ;
#2158 = DIRECTION ( 'NONE',  ( -0.0000000000000000000, 1.000000000000000000, 0.0000000000000000000 ) ) ;
#2159 = PLANE ( 'NONE',  #1744 ) ;
#2160 = CARTESIAN_POINT ( 'NONE',  ( 10.85857864376269255, 4.000000000000000000, 12.44142135623730816 ) ) ;
#2161 = ADVANCED_FACE ( 'NONE', ( #157 ), #2388, .T. ) ;
#2162 = SURFACE_STYLE_USAGE ( .BOTH. , #602 ) ;
#2163 = FILL_AREA_STYLE ('',( #2117 ) ) ;
#2164 = CIRCLE ( 'NONE', #1923, 0.2000000000000002887 ) ;
#2165 = AXIS2_PLACEMENT_3D ( 'NONE', #370, #1332, #1318 ) ;
#2166 = VECTOR ( 'NONE', #2143, 1000.000000000000000 ) ;
#2167 = CARTESIAN_POINT ( 'NONE',  ( -10.85857864376268900, 0.2000000000000000944, 12.44142135623730816 ) ) ;
#2168 = PRESENTATION_LAYER_ASSIGNMENT (  '', '', ( #345 ) ) ;
#2169 = ORIENTED_EDGE ( 'NONE', *, *, #2336, .F. ) ;
#2170 = DIRECTION ( 'NONE',  ( 0.7071067811865475727, 0.0000000000000000000, 0.7071067811865475727 ) ) ;
#2171 = AXIS2_PLACEMENT_3D ( 'NONE', #1606, #2957, #2711 ) ;
#2172 = DIRECTION ( 'NONE',  ( 0.0000000000000000000, 1.000000000000000000, -0.0000000000000000000 ) ) ;
#2173 = MECHANICAL_DESIGN_GEOMETRIC_PRESENTATION_REPRESENTATION (  '', ( #1011 ), #1293 ) ;
#2174 = DIRECTION ( 'NONE',  ( 0.0000000000000000000, 0.0000000000000000000, 1.000000000000000000 ) ) ;
#2175 = COLOUR_RGB ( '',0.9960784313725490335, 0.8705882352941176627, 0.7607843137254901578 ) ;
#2176 = ORIENTED_EDGE ( 'NONE', *, *, #2641, .F. ) ;
#2177 = CARTESIAN_POINT ( 'NONE',  ( 12.50000000000000178, 0.2000000000000000944, 10.79999999999999893 ) ) ;
#2178 = EDGE_CURVE ( 'NONE', #1106, #2345, #656, .T. ) ;
#2179 = DIRECTION ( 'NONE',  ( -0.7071067811865474617, -0.0000000000000000000, -0.7071067811865474617 ) ) ;
#2180 = CYLINDRICAL_SURFACE ( 'NONE', #2664, 0.2000000000000002887 ) ;
#2181 = DIRECTION ( 'NONE',  ( 1.637629531557875484E-16, 0.0000000000000000000, 1.000000000000000000 ) ) ;
#2182 = MECHANICAL_DESIGN_GEOMETRIC_PRESENTATION_REPRESENTATION (  '', ( #1587 ), #12 ) ;
#2183 = ORIENTED_EDGE ( 'NONE', *, *, #2178, .F. ) ;
#2184 =( NAMED_UNIT ( * ) SI_UNIT ( $, .STERADIAN. ) SOLID_ANGLE_UNIT ( ) );
#2185 = AXIS2_PLACEMENT_3D ( 'NONE', #2702, #1609, #2496 ) ;
#2186 = UNCERTAINTY_MEASURE_WITH_UNIT (LENGTH_MEASURE( 1.000000000000000082E-05 ), #278, 'distance_accuracy_value', 'NONE');
#2187 = ORIENTED_EDGE ( 'NONE', *, *, #799, .F. ) ;
#2188 = SURFACE_STYLE_USAGE ( .BOTH. , #2685 ) ;
#2189 = ORIENTED_EDGE ( 'NONE', *, *, #1676, .F. ) ;
#2190 = CARTESIAN_POINT ( 'NONE',  ( 10.49999999999999822, 4.000000000000000000, -10.50000000000000178 ) ) ;
#2191 = DIRECTION ( 'NONE',  ( 1.606225440719266120E-16, -0.0000000000000000000, 1.000000000000000000 ) ) ;
#2192 =( GEOMETRIC_REPRESENTATION_CONTEXT ( 3 ) GLOBAL_UNCERTAINTY_ASSIGNED_CONTEXT ( ( #2186 ) ) GLOBAL_UNIT_ASSIGNED_CONTEXT ( ( #278, #1426, #972 ) ) REPRESENTATION_CONTEXT ( 'NONE', 'WORKASPACE' ) );
#2193 = EDGE_CURVE ( 'NONE', #1252, #2545, #2734, .T. ) ;
#2194 = DIRECTION ( 'NONE',  ( 1.000000000000000000, -0.0000000000000000000, -0.0000000000000000000 ) ) ;
#2195 = MECHANICAL_DESIGN_GEOMETRIC_PRESENTATION_REPRESENTATION (  '', ( #564 ), #1477 ) ;
#2196 = SURFACE_SIDE_STYLE ('',( #1767 ) ) ;
#2197 = EDGE_CURVE ( 'NONE', #1178, #1629, #2584, .T. ) ;
#2198 = ORIENTED_EDGE ( 'NONE', *, *, #1940, .F. ) ;
#2199 = FILL_AREA_STYLE_COLOUR ( '', #1057 ) ;
#2200 = FACE_OUTER_BOUND ( 'NONE', #2654, .T. ) ;
#2201 = EDGE_LOOP ( 'NONE', ( #1304, #2727, #1903, #221, #391, #1546, #2410, #596 ) ) ;
#2202 = ORIENTED_EDGE ( 'NONE', *, *, #2712, .T. ) ;
#2203 = SURFACE_STYLE_FILL_AREA ( #390 ) ;
#2204 = EDGE_LOOP ( 'NONE', ( #374, #2604, #1976, #452 ) ) ;
#2205 = FACE_OUTER_BOUND ( 'NONE', #2976, .T. ) ;
#2206 = FACE_OUTER_BOUND ( 'NONE', #2856, .T. ) ;
#2207 = CARTESIAN_POINT ( 'NONE',  ( 12.49999999999999822, 4.000000000000000000, -10.71715728752538332 ) ) ;
#2208 = AXIS2_PLACEMENT_3D ( 'NONE', #1006, #2594, #2366 ) ;
#2209 = EDGE_LOOP ( 'NONE', ( #818, #1756, #1370, #117 ) ) ;
#2210 = DIRECTION ( 'NONE',  ( 0.0000000000000000000, 0.0000000000000000000, 1.000000000000000000 ) ) ;
#2211 = EDGE_CURVE ( 'NONE', #2935, #1484, #2164, .T. ) ;
#2212 = FILL_AREA_STYLE_COLOUR ( '', #2304 ) ;
#2213 =( GEOMETRIC_REPRESENTATION_CONTEXT ( 3 ) GLOBAL_UNCERTAINTY_ASSIGNED_CONTEXT ( ( #1092 ) ) GLOBAL_UNIT_ASSIGNED_CONTEXT ( ( #210, #2087, #2072 ) ) REPRESENTATION_CONTEXT ( 'NONE', 'WORKASPACE' ) );
#2214 = CARTESIAN_POINT ( 'NONE',  ( 10.49999999999999822, 4.009999999999999787, -10.50000000000000178 ) ) ;
#2215 = COLOUR_RGB ( '',0.9960784313725490335, 0.8705882352941176627, 0.7607843137254901578 ) ;
#2216 = ORIENTED_EDGE ( 'NONE', *, *, #1654, .T. ) ;
#2217 = ORIENTED_EDGE ( 'NONE', *, *, #1615, .T. ) ;
#2218 = CARTESIAN_POINT ( 'NONE',  ( -10.50000000000000178, 4.009999999999999787, -10.50000000000000178 ) ) ;
#2219 = EDGE_LOOP ( 'NONE', ( #1947, #2622, #986 ) ) ;
#2220 = AXIS2_PLACEMENT_3D ( 'NONE', #1779, #2671, #1554 ) ;
#2221 = AXIS2_PLACEMENT_3D ( 'NONE', #1522, #1706, #362 ) ;
#2222 = PRESENTATION_STYLE_ASSIGNMENT (( #1519 ) ) ;
#2223 = AXIS2_PLACEMENT_3D ( 'NONE', #1315, #816, #2210 ) ;
#2224 = DIRECTION ( 'NONE',  ( 0.0000000000000000000, 1.000000000000000000, 0.0000000000000000000 ) ) ;
#2225 = PRODUCT_DEFINITION_CONTEXT ( 'detailed design', #535, 'design' ) ;
#2226 = FACE_OUTER_BOUND ( 'NONE', #1303, .T. ) ;
#2227 = FILL_AREA_STYLE ('',( #132 ) ) ;
#2228 = PLANE ( 'NONE',  #2494 ) ;
#2229 = VECTOR ( 'NONE', #2181, 1000.000000000000000 ) ;
#2230 = EDGE_CURVE ( 'NONE', #1137, #54, #2776, .T. ) ;
#2231 = ORIENTED_EDGE ( 'NONE', *, *, #2980, .F. ) ;
#2232 = ORIENTED_EDGE ( 'NONE', *, *, #1836, .T. ) ;
#2233 = CIRCLE ( 'NONE', #1762, 0.2000000000000000944 ) ;
#2234 = ORIENTED_EDGE ( 'NONE', *, *, #286, .T. ) ;
#2235 = STYLED_ITEM ( 'NONE', ( #2079 ), #1377 ) ;
#2236 =( LENGTH_UNIT ( ) NAMED_UNIT ( * ) SI_UNIT ( .MILLI., .METRE. ) );
#2237 = TOROIDAL_SURFACE ( 'NONE', #782, 0.7049999999999999600, 0.2999999999999999889 ) ;
#2238 = CARTESIAN_POINT ( 'NONE',  ( 12.29999999999999893, 3.799999999999999822, -10.71715728752538332 ) ) ;
#2239 = LINE ( 'NONE', #613, #1556 ) ;
#2240 = TOROIDAL_SURFACE ( 'NONE', #1869, 0.7049999999999999600, 0.2999999999999999889 ) ;
#2241 = DIRECTION ( 'NONE',  ( -0.7071067811865475727, 0.0000000000000000000, -0.7071067811865475727 ) ) ;
#2242 = SURFACE_STYLE_FILL_AREA ( #848 ) ;
#2243 = UNCERTAINTY_MEASURE_WITH_UNIT (LENGTH_MEASURE( 1.000000000000000082E-05 ), #367, 'distance_accuracy_value', 'NONE');
#2244 = ORIENTED_EDGE ( 'NONE', *, *, #2178, .T. ) ;
#2245 = CARTESIAN_POINT ( 'NONE',  ( 12.29999999999999893, 0.2000000000000000944, -10.71715728752538332 ) ) ;
#2246 = ORIENTED_EDGE ( 'NONE', *, *, #2474, .T. ) ;
#2247 = SURFACE_STYLE_FILL_AREA ( #654 ) ;
#2248 = ADVANCED_FACE ( 'NONE', ( #2705, #1308 ), #1125, .T. ) ;
#2249 = AXIS2_PLACEMENT_3D ( 'NONE', #1327, #1128, #894 ) ;
#2250 = PRESENTATION_STYLE_ASSIGNMENT (( #1324 ) ) ;
#2251 = CARTESIAN_POINT ( 'NONE',  ( -12.44142135623731171, 3.799999999999999822, -10.85857864376269255 ) ) ;
#2252 = EDGE_CURVE ( 'NONE', #1305, #1252, #296, .T. ) ;
#2253 = ADVANCED_FACE ( 'NONE', ( #209 ), #2967, .T. ) ;
#2254 = CARTESIAN_POINT ( 'NONE',  ( 11.50857864376268758, 4.000000000000000000, -11.50857864376268758 ) ) ;
#2255 = LINE ( 'NONE', #2943, #2374 ) ;
#2256 = PRESENTATION_STYLE_ASSIGNMENT (( #1389 ) ) ;
#2257 = SURFACE_STYLE_FILL_AREA ( #898 ) ;
#2258 =( LENGTH_UNIT ( ) NAMED_UNIT ( * ) SI_UNIT ( .MILLI., .METRE. ) );
#2259 = SURFACE_SIDE_STYLE ('',( #1301 ) ) ;
#2260 = VECTOR ( 'NONE', #312, 1000.000000000000114 ) ;
#2261 = ORIENTED_EDGE ( 'NONE', *, *, #2769, .F. ) ;
#2262 = DIRECTION ( 'NONE',  ( 0.0000000000000000000, 0.0000000000000000000, -1.000000000000000000 ) ) ;
#2263 = EDGE_LOOP ( 'NONE', ( #2141, #2234, #389 ) ) ;
#2264 = STYLED_ITEM ( 'NONE', ( #1230 ), #2140 ) ;
#2265 = COLOUR_RGB ( '',0.6666666666666666297, 0.6980392156862744724, 0.7686274509803920907 ) ;
#2266 = LINE ( 'NONE', #156, #20 ) ;
#2267 =( GEOMETRIC_REPRESENTATION_CONTEXT ( 3 ) GLOBAL_UNCERTAINTY_ASSIGNED_CONTEXT ( ( #1432 ) ) GLOBAL_UNIT_ASSIGNED_CONTEXT ( ( #877, #642, #1812 ) ) REPRESENTATION_CONTEXT ( 'NONE', 'WORKASPACE' ) );
#2268 = DIRECTION ( 'NONE',  ( 0.0000000000000000000, 1.000000000000000000, 0.0000000000000000000 ) ) ;
#2269 = FILL_AREA_STYLE ('',( #2319 ) ) ;
#2270 = COLOUR_RGB ( '',0.9960784313725490335, 0.8705882352941176627, 0.7607843137254901578 ) ;
#2271 = DIRECTION ( 'NONE',  ( -0.0000000000000000000, -1.000000000000000000, -0.0000000000000000000 ) ) ;
#2272 = AXIS2_PLACEMENT_3D ( 'NONE', #21, #940, #2313 ) ;
#2273 = LINE ( 'NONE', #458, #2341 ) ;
#2274 = ADVANCED_FACE ( 'NONE', ( #1989 ), #1544, .T. ) ;
#2275 = DIRECTION ( 'NONE',  ( 0.0000000000000000000, -1.000000000000000000, 0.0000000000000000000 ) ) ;
#2276 = CARTESIAN_POINT ( 'NONE',  ( -10.71715728752538332, 4.000000000000000000, -12.30000000000000249 ) ) ;
#2277 = UNCERTAINTY_MEASURE_WITH_UNIT (LENGTH_MEASURE( 1.000000000000000082E-05 ), #161, 'distance_accuracy_value', 'NONE');
#2278 = ORIENTED_EDGE ( 'NONE', *, *, #52, .T. ) ;
#2279 = VERTEX_POINT ( 'NONE', #435 ) ;
#2280 = STYLED_ITEM ( 'NONE', ( #61 ), #1117 ) ;
#2281 = AXIS2_PLACEMENT_3D ( 'NONE', #1374, #1802, #923 ) ;
#2282 = CARTESIAN_POINT ( 'NONE',  ( -10.80000000000000249, 0.2000000000000000944, -12.50000000000000178 ) ) ;
#2283 = AXIS2_PLACEMENT_3D ( 'NONE', #2128, #2158, #1454 ) ;
#2284 = EDGE_CURVE ( 'NONE', #54, #2937, #1333, .T. ) ;
#2285 = CARTESIAN_POINT ( 'NONE',  ( 10.71715728752538155, 0.2000000000000000944, -12.30000000000000249 ) ) ;
#2286 = DIRECTION ( 'NONE',  ( 0.7071067811865474617, 0.0000000000000000000, 0.7071067811865474617 ) ) ;
#2287 = FACE_OUTER_BOUND ( 'NONE', #2434, .T. ) ;
#2288 =( NAMED_UNIT ( * ) SI_UNIT ( $, .STERADIAN. ) SOLID_ANGLE_UNIT ( ) );
#2289 = ORIENTED_EDGE ( 'NONE', *, *, #1940, .T. ) ;
#2290 = CARTESIAN_POINT ( 'NONE',  ( 1.699999999999999734, -0.2999999999999999334, 1.899999999999999911 ) ) ;
#2291 = SURFACE_STYLE_FILL_AREA ( #2269 ) ;
#2292 = EDGE_LOOP ( 'NONE', ( #958, #2486, #1959, #621 ) ) ;
#2293 = PRESENTATION_LAYER_ASSIGNMENT (  '', '', ( #1175 ) ) ;
#2294 = FILL_AREA_STYLE ('',( #2516 ) ) ;
#2295 = CARTESIAN_POINT ( 'NONE',  ( 10.71715728752538155, 3.799999999999999822, -12.50000000000000178 ) ) ;
#2296 = DIRECTION ( 'NONE',  ( -0.0000000000000000000, 1.000000000000000000, -0.0000000000000000000 ) ) ;
#2297 = ADVANCED_FACE ( 'NONE', ( #871 ), #1576, .F. ) ;
#2298 = UNCERTAINTY_MEASURE_WITH_UNIT (LENGTH_MEASURE( 1.000000000000000082E-05 ), #95, 'distance_accuracy_value', 'NONE');
#2299 = ORIENTED_EDGE ( 'NONE', *, *, #2502, .T. ) ;
#2300 = DIRECTION ( 'NONE',  ( 0.0000000000000000000, 0.0000000000000000000, 1.000000000000000000 ) ) ;
#2301 = PRESENTATION_LAYER_ASSIGNMENT (  '', '', ( #2536 ) ) ;
#2302 = CIRCLE ( 'NONE', #627, 0.9998999899979994499 ) ;
#2303 = ORIENTED_EDGE ( 'NONE', *, *, #2601, .T. ) ;
#2304 = COLOUR_RGB ( '',0.9960784313725490335, 0.8705882352941176627, 0.7607843137254901578 ) ;
#2305 = CARTESIAN_POINT ( 'NONE',  ( 12.44142135623731171, 4.000000000000000000, 10.85857864376268900 ) ) ;
#2306 = AXIS2_PLACEMENT_3D ( 'NONE', #1910, #727, #333 ) ;
#2307 =( GEOMETRIC_REPRESENTATION_CONTEXT ( 3 ) GLOBAL_UNCERTAINTY_ASSIGNED_CONTEXT ( ( #1865 ) ) GLOBAL_UNIT_ASSIGNED_CONTEXT ( ( #1966, #353, #148 ) ) REPRESENTATION_CONTEXT ( 'NONE', 'WORKASPACE' ) );
#2308 = DIRECTION ( 'NONE',  ( 1.000000000000000000, 0.0000000000000000000, 0.0000000000000000000 ) ) ;
#2309 = CIRCLE ( 'NONE', #2220, 0.2000000000000002887 ) ;
#2310 = DIRECTION ( 'NONE',  ( -1.000000000000000000, -0.0000000000000000000, -0.0000000000000000000 ) ) ;
#2311 = PRESENTATION_LAYER_ASSIGNMENT (  '', '', ( #2884 ) ) ;
#2312 = EDGE_LOOP ( 'NONE', ( #1080, #10, #411, #436 ) ) ;
#2313 = DIRECTION ( 'NONE',  ( 0.7071067811865474617, 0.0000000000000000000, -0.7071067811865474617 ) ) ;
#2314 = SURFACE_STYLE_USAGE ( .BOTH. , #2150 ) ;
#2315 =( LENGTH_UNIT ( ) NAMED_UNIT ( * ) SI_UNIT ( .MILLI., .METRE. ) );
#2316 = ORIENTED_EDGE ( 'NONE', *, *, #645, .F. ) ;
#2317 = CARTESIAN_POINT ( 'NONE',  ( -10.71715728752538332, 3.799999999999999822, -12.50000000000000178 ) ) ;
#2318 = ADVANCED_FACE ( 'NONE', ( #2916 ), #1319, .T. ) ;
#2319 = FILL_AREA_STYLE_COLOUR ( '', #2543 ) ;
#2320 = DIRECTION ( 'NONE',  ( -0.0000000000000000000, -0.0000000000000000000, -1.000000000000000000 ) ) ;
#2321 = DIRECTION ( 'NONE',  ( 0.0000000000000000000, -8.673617379884032317E-15, 1.000000000000000000 ) ) ;
#2322 = AXIS2_PLACEMENT_3D ( 'NONE', #2789, #1220, #560 ) ;
#2323 = FACE_OUTER_BOUND ( 'NONE', #384, .T. ) ;
#2324 = AXIS2_PLACEMENT_3D ( 'NONE', #2813, #2797, #1674 ) ;
#2325 = FILL_AREA_STYLE ('',( #524 ) ) ;
#2326 = VERTEX_POINT ( 'NONE', #2569 ) ;
#2327 = CARTESIAN_POINT ( 'NONE',  ( 10.59289321881345458, -0.01000000000000000021, 11.99999999999999822 ) ) ;
#2328 = FILL_AREA_STYLE ('',( #2137 ) ) ;
#2329 = CARTESIAN_POINT ( 'NONE',  ( 10.80000000000000249, 4.000000000000000000, 12.49999999999999822 ) ) ;
#2330 = UNCERTAINTY_MEASURE_WITH_UNIT (LENGTH_MEASURE( 1.000000000000000082E-05 ), #1778, 'distance_accuracy_value', 'NONE');
#2331 = ORIENTED_EDGE ( 'NONE', *, *, #864, .F. ) ;
#2332 = DIRECTION ( 'NONE',  ( 1.000000000000000000, -0.0000000000000000000, -0.0000000000000000000 ) ) ;
#2333 = AXIS2_PLACEMENT_3D ( 'NONE', #187, #597, #1306 ) ;
#2334 =( GEOMETRIC_REPRESENTATION_CONTEXT ( 3 ) GLOBAL_UNCERTAINTY_ASSIGNED_CONTEXT ( ( #817 ) ) GLOBAL_UNIT_ASSIGNED_CONTEXT ( ( #2058, #947, #268 ) ) REPRESENTATION_CONTEXT ( 'NONE', 'WORKASPACE' ) );
#2335 = FILL_AREA_STYLE ('',( #2144 ) ) ;
#2336 = EDGE_CURVE ( 'NONE', #2545, #106, #1387, .T. ) ;
#2337 = ORIENTED_EDGE ( 'NONE', *, *, #770, .T. ) ;
#2338 = DIRECTION ( 'NONE',  ( 0.0000000000000000000, 0.0000000000000000000, -1.000000000000000000 ) ) ;
#2339 = ADVANCED_FACE ( 'NONE', ( #558 ), #288, .T. ) ;
#2340 = PRESENTATION_STYLE_ASSIGNMENT (( #1421 ) ) ;
#2341 = VECTOR ( 'NONE', #212, 1000.000000000000000 ) ;
#2342 = VERTEX_POINT ( 'NONE', #33 ) ;
#2343 = SURFACE_SIDE_STYLE ('',( #1925 ) ) ;
#2344 = FACE_OUTER_BOUND ( 'NONE', #1151, .T. ) ;
#2345 = VERTEX_POINT ( 'NONE', #1662 ) ;
#2346 = FILL_AREA_STYLE_COLOUR ( '', #277 ) ;
#2347 = CARTESIAN_POINT ( 'NONE',  ( -10.71715728752537977, 3.799999999999999822, 12.29999999999999893 ) ) ;
#2348 =( NAMED_UNIT ( * ) SI_UNIT ( $, .STERADIAN. ) SOLID_ANGLE_UNIT ( ) );
#2349 =( NAMED_UNIT ( * ) SI_UNIT ( $, .STERADIAN. ) SOLID_ANGLE_UNIT ( ) );
#2350 = DIRECTION ( 'NONE',  ( 0.0000000000000000000, 1.000000000000000000, 0.0000000000000000000 ) ) ;
#2351 = CARTESIAN_POINT ( 'NONE',  ( 11.99999999999999822, -0.01000000000000000021, -10.59289321881345458 ) ) ;
#2352 = VECTOR ( 'NONE', #470, 1000.000000000000000 ) ;
#2353 = AXIS2_PLACEMENT_3D ( 'NONE', #2690, #1852, #641 ) ;
#2354 = SURFACE_SIDE_STYLE ('',( #2555 ) ) ;
#2355 = EDGE_CURVE ( 'NONE', #2023, #2729, #2767, .T. ) ;
#2356 =( GEOMETRIC_REPRESENTATION_CONTEXT ( 3 ) GLOBAL_UNCERTAINTY_ASSIGNED_CONTEXT ( ( #1365 ) ) GLOBAL_UNIT_ASSIGNED_CONTEXT ( ( #1552, #876, #2501 ) ) REPRESENTATION_CONTEXT ( 'NONE', 'WORKASPACE' ) );
#2357 = DIRECTION ( 'NONE',  ( 1.000000000000000000, 0.0000000000000000000, 0.0000000000000000000 ) ) ;
#2358 = AXIS2_PLACEMENT_3D ( 'NONE', #1982, #211, #2504 ) ;
#2359 = VECTOR ( 'NONE', #1211, 1000.000000000000114 ) ;
#2360 = AXIS2_PLACEMENT_3D ( 'NONE', #1844, #2691, #879 ) ;
#2361 = APPLICATION_PROTOCOL_DEFINITION ( 'draft international standard', 'automotive_design', 1998, #2628 ) ;
#2362 = ORIENTED_EDGE ( 'NONE', *, *, #1574, .F. ) ;
#2363 = SPHERICAL_SURFACE ( 'NONE', #885, 0.2000000000000000111 ) ;
#2364 =( NAMED_UNIT ( * ) PLANE_ANGLE_UNIT ( ) SI_UNIT ( $, .RADIAN. ) );
#2365 = DIRECTION ( 'NONE',  ( 1.000000000000000000, 0.0000000000000000000, 0.0000000000000000000 ) ) ;
#2366 = DIRECTION ( 'NONE',  ( 0.0000000000000000000, 0.0000000000000000000, -1.000000000000000000 ) ) ;
#2367 = DIRECTION ( 'NONE',  ( 1.000000000000000000, 2.602085213965209695E-14, 0.0000000000000000000 ) ) ;
#2368 =( LENGTH_UNIT ( ) NAMED_UNIT ( * ) SI_UNIT ( .MILLI., .METRE. ) );
#2369 = DIRECTION ( 'NONE',  ( 0.0000000000000000000, 0.0000000000000000000, 1.000000000000000000 ) ) ;
#2370 =( LENGTH_UNIT ( ) NAMED_UNIT ( * ) SI_UNIT ( .MILLI., .METRE. ) );
#2371 = CIRCLE ( 'NONE', #1463, 0.2000000000000000944 ) ;
#2372 = DIRECTION ( 'NONE',  ( -0.7071067811865475727, 0.0000000000000000000, -0.7071067811865475727 ) ) ;
#2373 = PRESENTATION_LAYER_ASSIGNMENT (  '', '', ( #2948 ) ) ;
#2374 = VECTOR ( 'NONE', #909, 1000.000000000000114 ) ;
#2375 = EDGE_CURVE ( 'NONE', #54, #728, #2499, .T. ) ;
#2376 = DIRECTION ( 'NONE',  ( -0.0000000000000000000, 1.000000000000000000, -0.0000000000000000000 ) ) ;
#2377 = CARTESIAN_POINT ( 'NONE',  ( -10.50000000000000178, 4.000000000000000000, -10.50000000000000178 ) ) ;
#2378 = MECHANICAL_DESIGN_GEOMETRIC_PRESENTATION_REPRESENTATION (  '', ( #114 ), #736 ) ;
#2379 = EDGE_LOOP ( 'NONE', ( #1741, #934, #1787, #2883 ) ) ;
#2380 = EDGE_CURVE ( 'NONE', #106, #1734, #2544, .T. ) ;
#2381 = DIRECTION ( 'NONE',  ( 0.0000000000000000000, 0.0000000000000000000, 1.000000000000000000 ) ) ;
#2382 = SURFACE_STYLE_FILL_AREA ( #119 ) ;
#2383 = MECHANICAL_DESIGN_GEOMETRIC_PRESENTATION_REPRESENTATION (  '', ( #1268 ), #173 ) ;
#2384 = DIRECTION ( 'NONE',  ( 0.7071067811865475727, 0.0000000000000000000, -0.7071067811865475727 ) ) ;
#2385 = CARTESIAN_POINT ( 'NONE',  ( 1.700000000000001066, 4.009999999999999787, 2.899899989997999583 ) ) ;
#2386 = DIRECTION ( 'NONE',  ( -0.0000000000000000000, 1.000000000000000000, -0.0000000000000000000 ) ) ;
#2387 = STYLED_ITEM ( 'NONE', ( #1205 ), #735 ) ;
#2388 = CYLINDRICAL_SURFACE ( 'NONE', #2075, 0.2000000000000005107 ) ;
#2389 = FILL_AREA_STYLE ('',( #2132 ) ) ;
#2390 = DIRECTION ( 'NONE',  ( -0.0000000000000000000, 1.000000000000000000, -0.0000000000000000000 ) ) ;
#2391 = STYLED_ITEM ( 'NONE', ( #1765 ), #937 ) ;
#2392 = ORIENTED_EDGE ( 'NONE', *, *, #1562, .T. ) ;
#2393 = LINE ( 'NONE', #2125, #918 ) ;
#2394 =( NAMED_UNIT ( * ) SI_UNIT ( $, .STERADIAN. ) SOLID_ANGLE_UNIT ( ) );
#2395 = EDGE_CURVE ( 'NONE', #1563, #1659, #2881, .T. ) ;
#2396 = CARTESIAN_POINT ( 'NONE',  ( -12.29999999999999893, 3.799999999999999822, 10.71715728752537977 ) ) ;
#2397 = UNCERTAINTY_MEASURE_WITH_UNIT (LENGTH_MEASURE( 1.000000000000000082E-05 ), #2902, 'distance_accuracy_value', 'NONE');
#2398 = EDGE_LOOP ( 'NONE', ( #409, #2890 ) ) ;
#2399 =( LENGTH_UNIT ( ) NAMED_UNIT ( * ) SI_UNIT ( .MILLI., .METRE. ) );
#2400 = FACE_OUTER_BOUND ( 'NONE', #2528, .T. ) ;
#2401 = CARTESIAN_POINT ( 'NONE',  ( -12.35857864376269255, 0.2000000000000000944, -10.65857864376269326 ) ) ;
#2402 = AXIS2_PLACEMENT_3D ( 'NONE', #1956, #1736, #2874 ) ;
#2403 = VECTOR ( 'NONE', #2191, 1000.000000000000000 ) ;
#2404 = STYLED_ITEM ( 'NONE', ( #1805 ), #522 ) ;
#2405 = MECHANICAL_DESIGN_GEOMETRIC_PRESENTATION_REPRESENTATION (  '', ( #2731 ), #1795 ) ;
#2406 = CARTESIAN_POINT ( 'NONE',  ( 12.00000000000000178, -0.01000000000000000021, 10.59289321881345103 ) ) ;
#2407 = AXIS2_PLACEMENT_3D ( 'NONE', #1172, #2372, #50 ) ;
#2408 = AXIS2_PLACEMENT_3D ( 'NONE', #380, #397, #2419 ) ;
#2409 = PRESENTATION_LAYER_ASSIGNMENT (  '', '', ( #2590 ) ) ;
#2410 = ORIENTED_EDGE ( 'NONE', *, *, #441, .T. ) ;
#2411 = CIRCLE ( 'NONE', #1245, 0.2000000000000005107 ) ;
#2412 =( LENGTH_UNIT ( ) NAMED_UNIT ( * ) SI_UNIT ( .MILLI., .METRE. ) );
#2413 = AXIS2_PLACEMENT_3D ( 'NONE', #18, #30, #456 ) ;
#2414 = ORIENTED_EDGE ( 'NONE', *, *, #1063, .F. ) ;
#2415 = DIRECTION ( 'NONE',  ( 1.606225440719266120E-16, 0.0000000000000000000, 1.000000000000000000 ) ) ;
#2416 = DIRECTION ( 'NONE',  ( 0.0000000000000000000, 0.0000000000000000000, 1.000000000000000000 ) ) ;
#2417 = ADVANCED_FACE ( 'NONE', ( #495, #1184 ), #1459, .T. ) ;
#2418 = FILL_AREA_STYLE ('',( #2905 ) ) ;
#2419 = DIRECTION ( 'NONE',  ( 0.7071067811865474617, 0.0000000000000000000, 0.7071067811865474617 ) ) ;
#2420 =( GEOMETRIC_REPRESENTATION_CONTEXT ( 3 ) GLOBAL_UNCERTAINTY_ASSIGNED_CONTEXT ( ( #235 ) ) GLOBAL_UNIT_ASSIGNED_CONTEXT ( ( #1409, #985, #1441 ) ) REPRESENTATION_CONTEXT ( 'NONE', 'WORKASPACE' ) );
#2421 = SURFACE_STYLE_FILL_AREA ( #1963 ) ;
#2422 = ORIENTED_EDGE ( 'NONE', *, *, #1436, .F. ) ;
#2423 = SURFACE_SIDE_STYLE ('',( #165 ) ) ;
#2424 = VERTEX_POINT ( 'NONE', #629 ) ;
#2425 = ORIENTED_EDGE ( 'NONE', *, *, #1707, .T. ) ;
#2426 = DIRECTION ( 'NONE',  ( 0.0000000000000000000, 1.000000000000000000, 0.0000000000000000000 ) ) ;
#2427 = ORIENTED_EDGE ( 'NONE', *, *, #112, .T. ) ;
#2428 = FACE_OUTER_BOUND ( 'NONE', #2106, .T. ) ;
#2429 = CARTESIAN_POINT ( 'NONE',  ( 10.71715728752537977, 0.2000000000000000111, -12.30000000000000249 ) ) ;
#2430 = STYLED_ITEM ( 'NONE', ( #1049 ), #649 ) ;
#2431 = CARTESIAN_POINT ( 'NONE',  ( -10.50000000000000000, 4.009999999999999787, 10.50000000000000000 ) ) ;
#2432 = EDGE_CURVE ( 'NONE', #1427, #186, #1523, .T. ) ;
#2433 = CARTESIAN_POINT ( 'NONE',  ( -10.50000000000000178, 4.009999999999999787, -10.50000000000000178 ) ) ;
#2434 = EDGE_LOOP ( 'NONE', ( #2303, #1975, #86, #2088 ) ) ;
#2435 = MECHANICAL_DESIGN_GEOMETRIC_PRESENTATION_REPRESENTATION (  '', ( #569 ), #2911 ) ;
#2436 = FILL_AREA_STYLE ('',( #788 ) ) ;
#2437 =( NAMED_UNIT ( * ) SI_UNIT ( $, .STERADIAN. ) SOLID_ANGLE_UNIT ( ) );
#2438 =( LENGTH_UNIT ( ) NAMED_UNIT ( * ) SI_UNIT ( .MILLI., .METRE. ) );
#2439 = VERTEX_POINT ( 'NONE', #2433 ) ;
#2440 = VERTEX_POINT ( 'NONE', #2909 ) ;
#2441 = ORIENTED_EDGE ( 'NONE', *, *, #146, .T. ) ;
#2442 = FACE_OUTER_BOUND ( 'NONE', #906, .T. ) ;
#2443 = PRESENTATION_STYLE_ASSIGNMENT (( #413 ) ) ;
#2444 = CARTESIAN_POINT ( 'NONE',  ( 10.59289321881345458, 0.0000000000000000000, 11.99999999999999822 ) ) ;
#2445 = ADVANCED_FACE ( 'NONE', ( #2226 ), #585, .T. ) ;
#2446 = LINE ( 'NONE', #1953, #2229 ) ;
#2447 = PRESENTATION_LAYER_ASSIGNMENT (  '', '', ( #858 ) ) ;
#2448 = CARTESIAN_POINT ( 'NONE',  ( 10.65857864376268971, 0.2000000000000000944, -12.35857864376269255 ) ) ;
#2449 = MECHANICAL_DESIGN_GEOMETRIC_PRESENTATION_REPRESENTATION (  '', ( #1340 ), #1050 ) ;
#2450 = AXIS2_PLACEMENT_3D ( 'NONE', #612, #2864, #1289 ) ;
#2451 = PRESENTATION_LAYER_ASSIGNMENT (  '', '', ( #1496 ) ) ;
#2452 =( NAMED_UNIT ( * ) PLANE_ANGLE_UNIT ( ) SI_UNIT ( $, .RADIAN. ) );
#2453 = UNCERTAINTY_MEASURE_WITH_UNIT (LENGTH_MEASURE( 1.000000000000000082E-05 ), #2568, 'distance_accuracy_value', 'NONE');
#2454 =( GEOMETRIC_REPRESENTATION_CONTEXT ( 3 ) GLOBAL_UNCERTAINTY_ASSIGNED_CONTEXT ( ( #1623 ) ) GLOBAL_UNIT_ASSIGNED_CONTEXT ( ( #1882, #349, #1312 ) ) REPRESENTATION_CONTEXT ( 'NONE', 'WORKASPACE' ) );
#2455 = VERTEX_POINT ( 'NONE', #2444 ) ;
#2456 = VERTEX_POINT ( 'NONE', #1250 ) ;
#2457 = ORIENTED_EDGE ( 'NONE', *, *, #192, .T. ) ;
#2458 = AXIS2_PLACEMENT_3D ( 'NONE', #2045, #2953, #2174 ) ;
#2459 = STYLED_ITEM ( 'NONE', ( #761 ), #108 ) ;
#2460 = FILL_AREA_STYLE ('',( #1760 ) ) ;
#2461 = STYLED_ITEM ( 'NONE', ( #1214 ), #2617 ) ;
#2462 = MECHANICAL_DESIGN_GEOMETRIC_PRESENTATION_REPRESENTATION (  '', ( #1294 ), #303 ) ;
#2463 = DIRECTION ( 'NONE',  ( -1.606225440719266120E-16, 0.0000000000000000000, -1.000000000000000000 ) ) ;
#2464 = SURFACE_SIDE_STYLE ('',( #1596 ) ) ;
#2465 = SURFACE_SIDE_STYLE ('',( #697 ) ) ;
#2466 = DIRECTION ( 'NONE',  ( 0.0000000000000000000, -0.0000000000000000000, -1.000000000000000000 ) ) ;
#2467 = CARTESIAN_POINT ( 'NONE',  ( 10.59289321881345103, -0.01000000000000000021, -12.00000000000000178 ) ) ;
#2468 = EDGE_CURVE ( 'NONE', #1499, #2095, #1951, .T. ) ;
#2469 =( NAMED_UNIT ( * ) SI_UNIT ( $, .STERADIAN. ) SOLID_ANGLE_UNIT ( ) );
#2470 = PRESENTATION_STYLE_ASSIGNMENT (( #2665 ) ) ;
#2471 = AXIS2_PLACEMENT_3D ( 'NONE', #1017, #1651, #1886 ) ;
#2472 = FILL_AREA_STYLE_COLOUR ( '', #716 ) ;
#2473 = EDGE_CURVE ( 'NONE', #1137, #728, #101, .T. ) ;
#2474 = EDGE_CURVE ( 'NONE', #1427, #2888, #538, .T. ) ;
#2475 = ORIENTED_EDGE ( 'NONE', *, *, #128, .T. ) ;
#2476 = AXIS2_PLACEMENT_3D ( 'NONE', #214, #1829, #2416 ) ;
#2477 = FACE_OUTER_BOUND ( 'NONE', #1173, .T. ) ;
#2478 = EDGE_LOOP ( 'NONE', ( #1695, #588, #1526, #2633 ) ) ;
#2479 = FACE_OUTER_BOUND ( 'NONE', #1366, .T. ) ;
#2480 = CARTESIAN_POINT ( 'NONE',  ( 12.30000000000000249, 3.799999999999999822, 10.71715728752537977 ) ) ;
#2481 = FILL_AREA_STYLE_COLOUR ( '', #364 ) ;
#2482 = PRESENTATION_STYLE_ASSIGNMENT (( #703 ) ) ;
#2483 = UNCERTAINTY_MEASURE_WITH_UNIT (LENGTH_MEASURE( 1.000000000000000082E-05 ), #811, 'distance_accuracy_value', 'NONE');
#2484 = ORIENTED_EDGE ( 'NONE', *, *, #1400, .F. ) ;
#2485 = AXIS2_PLACEMENT_3D ( 'NONE', #1950, #363, #395 ) ;
#2486 = ORIENTED_EDGE ( 'NONE', *, *, #1012, .T. ) ;
#2487 = FACE_OUTER_BOUND ( 'NONE', #1412, .T. ) ;
#2488 = EDGE_CURVE ( 'NONE', #70, #1178, #2614, .T. ) ;
#2489 = AXIS2_PLACEMENT_3D ( 'NONE', #1109, #2722, #2046 ) ;
#2490 = SURFACE_SIDE_STYLE ('',( #190 ) ) ;
#2491 = SURFACE_STYLE_USAGE ( .BOTH. , #2465 ) ;
#2492 = DIRECTION ( 'NONE',  ( -0.0000000000000000000, 1.000000000000000000, -0.0000000000000000000 ) ) ;
#2493 =( LENGTH_UNIT ( ) NAMED_UNIT ( * ) SI_UNIT ( .MILLI., .METRE. ) );
#2494 = AXIS2_PLACEMENT_3D ( 'NONE', #1089, #1621, #688 ) ;
#2495 = ORIENTED_EDGE ( 'NONE', *, *, #1935, .F. ) ;
#2496 = DIRECTION ( 'NONE',  ( 0.0000000000000000000, 0.0000000000000000000, -1.000000000000000000 ) ) ;
#2497 = ORIENTED_EDGE ( 'NONE', *, *, #2395, .T. ) ;
#2498 = COLOUR_RGB ( '',0.9960784313725490335, 0.8705882352941176627, 0.7607843137254901578 ) ;
#2499 = CIRCLE ( 'NONE', #2077, 0.2000000000000002887 ) ;
#2500 = VECTOR ( 'NONE', #2612, 1000.000000000000000 ) ;
#2501 =( NAMED_UNIT ( * ) SI_UNIT ( $, .STERADIAN. ) SOLID_ANGLE_UNIT ( ) );
#2502 = EDGE_CURVE ( 'NONE', #2552, #2876, #798, .T. ) ;
#2503 = PRESENTATION_LAYER_ASSIGNMENT (  '', '', ( #1558 ) ) ;
#2504 = DIRECTION ( 'NONE',  ( 0.0000000000000000000, -0.0000000000000000000, 1.000000000000000000 ) ) ;
#2505 = CARTESIAN_POINT ( 'NONE',  ( -12.49999999999999822, 3.799999999999999822, 10.79999999999999893 ) ) ;
#2506 = CARTESIAN_POINT ( 'NONE',  ( -10.59289321881345103, -0.01000000000000000021, 11.99999999999999822 ) ) ;
#2507 = CYLINDRICAL_SURFACE ( 'NONE', #762, 0.2000000000000002887 ) ;
#2508 = LINE ( 'NONE', #717, #2861 ) ;
#2509 = ORIENTED_EDGE ( 'NONE', *, *, #93, .F. ) ;
#2510 = DIRECTION ( 'NONE',  ( 1.000000000000000000, 0.0000000000000000000, 0.0000000000000000000 ) ) ;
#2511 = DIRECTION ( 'NONE',  ( 0.7071067811865474617, 0.0000000000000000000, 0.7071067811865474617 ) ) ;
#2512 = PRESENTATION_LAYER_ASSIGNMENT (  '', '', ( #2235 ) ) ;
#2513 = DIRECTION ( 'NONE',  ( 0.0000000000000000000, 0.0000000000000000000, 1.000000000000000000 ) ) ;
#2514 = ORIENTED_EDGE ( 'NONE', *, *, #2815, .T. ) ;
#2515 = MECHANICAL_DESIGN_GEOMETRIC_PRESENTATION_REPRESENTATION (  '', ( #1362 ), #366 ) ;
#2516 = FILL_AREA_STYLE_COLOUR ( '', #1227 ) ;
#2517 =( LENGTH_UNIT ( ) NAMED_UNIT ( * ) SI_UNIT ( .MILLI., .METRE. ) );
#2518 = EDGE_CURVE ( 'NONE', #2279, #274, #812, .T. ) ;
#2519 = MECHANICAL_DESIGN_GEOMETRIC_PRESENTATION_REPRESENTATION (  '', ( #2404 ), #936 ) ;
#2520 = CARTESIAN_POINT ( 'NONE',  ( 10.85857864376268900, 4.000000000000000000, -12.44142135623731171 ) ) ;
#2521 = EDGE_LOOP ( 'NONE', ( #512, #1866, #1752, #2475 ) ) ;
#2522 = LINE ( 'NONE', #251, #1313 ) ;
#2523 = SURFACE_STYLE_USAGE ( .BOTH. , #2966 ) ;
#2524 = SURFACE_STYLE_FILL_AREA ( #893 ) ;
#2525 = LINE ( 'NONE', #493, #962 ) ;
#2526 = CARTESIAN_POINT ( 'NONE',  ( -10.50000000000000000, 4.000000000000000000, 10.50000000000000000 ) ) ;
#2527 = CARTESIAN_POINT ( 'NONE',  ( 10.71715728752538688, 4.000000000000000000, 12.29999999999999893 ) ) ;
#2528 = EDGE_LOOP ( 'NONE', ( #1445, #2261, #454, #1276 ) ) ;
#2529 = FILL_AREA_STYLE_COLOUR ( '', #2784 ) ;
#2530 = EDGE_CURVE ( 'NONE', #2545, #2935, #365, .T. ) ;
#2531 = CARTESIAN_POINT ( 'NONE',  ( -10.71715728752537977, 0.2000000000000000111, 12.29999999999999893 ) ) ;
#2532 = UNCERTAINTY_MEASURE_WITH_UNIT (LENGTH_MEASURE( 1.000000000000000082E-05 ), #2936, 'distance_accuracy_value', 'NONE');
#2533 = VERTEX_POINT ( 'NONE', #672 ) ;
#2534 = ADVANCED_FACE ( 'NONE', ( #430 ), #6, .F. ) ;
#2535 = SURFACE_STYLE_USAGE ( .BOTH. , #1611 ) ;
#2536 = STYLED_ITEM ( 'NONE', ( #670 ), #2065 ) ;
#2537 = CARTESIAN_POINT ( 'NONE',  ( -11.99999999999999822, -0.01000000000000000021, 10.59289321881345103 ) ) ;
#2538 = COLOUR_RGB ( '',0.9960784313725490335, 0.8705882352941176627, 0.7607843137254901578 ) ;
#2539 =( NAMED_UNIT ( * ) PLANE_ANGLE_UNIT ( ) SI_UNIT ( $, .RADIAN. ) );
#2540 = PLANE ( 'NONE',  #916 ) ;
#2541 = STYLED_ITEM ( 'NONE', ( #1955 ), #1919 ) ;
#2542 = SURFACE_SIDE_STYLE ('',( #1182 ) ) ;
#2543 = COLOUR_RGB ( '',0.6666666666666666297, 0.6980392156862744724, 0.7686274509803920907 ) ;
#2544 = LINE ( 'NONE', #2588, #447 ) ;
#2545 = VERTEX_POINT ( 'NONE', #1111 ) ;
#2546 = CYLINDRICAL_SURFACE ( 'NONE', #2322, 0.2000000000000005107 ) ;
#2547 = ADVANCED_FACE ( 'NONE', ( #1358 ), #213, .T. ) ;
#2548 = ORIENTED_EDGE ( 'NONE', *, *, #1964, .F. ) ;
#2549 = FILL_AREA_STYLE ('',( #1429 ) ) ;
#2550 = DIRECTION ( 'NONE',  ( -1.606225440719266120E-16, 0.0000000000000000000, -1.000000000000000000 ) ) ;
#2551 = EDGE_CURVE ( 'NONE', #928, #2279, #1799, .T. ) ;
#2552 = VERTEX_POINT ( 'NONE', #2526 ) ;
#2553 = SURFACE_SIDE_STYLE ('',( #539 ) ) ;
#2554 = AXIS2_PLACEMENT_3D ( 'NONE', #835, #2426, #1037 ) ;
#2555 = SURFACE_STYLE_FILL_AREA ( #1660 ) ;
#2556 =( GEOMETRIC_REPRESENTATION_CONTEXT ( 3 ) GLOBAL_UNCERTAINTY_ASSIGNED_CONTEXT ( ( #650 ) ) GLOBAL_UNIT_ASSIGNED_CONTEXT ( ( #902, #1834, #2085 ) ) REPRESENTATION_CONTEXT ( 'NONE', 'WORKASPACE' ) );
#2557 = ORIENTED_EDGE ( 'NONE', *, *, #1029, .T. ) ;
#2558 = DIRECTION ( 'NONE',  ( 0.0000000000000000000, 0.0000000000000000000, -1.000000000000000000 ) ) ;
#2559 = ORIENTED_EDGE ( 'NONE', *, *, #1183, .F. ) ;
#2560 = DIRECTION ( 'NONE',  ( -0.7071067811865563435, 0.0000000000000000000, -0.7071067811865388020 ) ) ;
#2561 = DIRECTION ( 'NONE',  ( 1.000000000000000000, -0.0000000000000000000, 1.734723475976802677E-14 ) ) ;
#2562 = AXIS2_PLACEMENT_3D ( 'NONE', #847, #1349, #1622 ) ;
#2563 = DIRECTION ( 'NONE',  ( -2.602085213965209379E-14, 1.000000000000000000, 0.0000000000000000000 ) ) ;
#2564 = LINE ( 'NONE', #92, #704 ) ;
#2565 = EDGE_CURVE ( 'NONE', #728, #2456, #2047, .T. ) ;
#2566 = DIRECTION ( 'NONE',  ( 1.637629531557875731E-16, 0.0000000000000000000, 1.000000000000000000 ) ) ;
#2567 = AXIS2_PLACEMENT_3D ( 'NONE', #753, #2116, #320 ) ;
#2568 =( LENGTH_UNIT ( ) NAMED_UNIT ( * ) SI_UNIT ( .MILLI., .METRE. ) );
#2569 = CARTESIAN_POINT ( 'NONE',  ( 12.29999999999999893, 0.0000000000000000000, -10.71715728752538332 ) ) ;
#2570 = LINE ( 'NONE', #953, #1009 ) ;
#2571 = SURFACE_SIDE_STYLE ('',( #1424 ) ) ;
#2572 = SPHERICAL_SURFACE ( 'NONE', #1077, 0.2000000000000000111 ) ;
#2573 = VERTEX_POINT ( 'NONE', #2295 ) ;
#2574 = DIRECTION ( 'NONE',  ( 0.0000000000000000000, 1.000000000000000000, 0.0000000000000000000 ) ) ;
#2575 = CARTESIAN_POINT ( 'NONE',  ( -12.30000000000000249, 4.000000000000000000, -10.71715728752538332 ) ) ;
#2576 = CARTESIAN_POINT ( 'NONE',  ( 10.71715728752538155, 4.000000000000000000, -12.50000000000000178 ) ) ;
#2577 = CARTESIAN_POINT ( 'NONE',  ( 1.700000000000001066, 4.009999999999999787, 1.899999999999999911 ) ) ;
#2578 = DIRECTION ( 'NONE',  ( 0.0000000000000000000, -1.000000000000000000, 0.0000000000000000000 ) ) ;
#2579 = LINE ( 'NONE', #1687, #2359 ) ;
#2580 = STYLED_ITEM ( 'NONE', ( #1078 ), #468 ) ;
#2581 = ADVANCED_FACE ( 'NONE', ( #2032 ), #1138, .T. ) ;
#2582 =( LENGTH_UNIT ( ) NAMED_UNIT ( * ) SI_UNIT ( .MILLI., .METRE. ) );
#2583 = STYLED_ITEM ( 'NONE', ( #2482 ), #2903 ) ;
#2584 = CIRCLE ( 'NONE', #1843, 0.4049999999999999711 ) ;
#2585 = FILL_AREA_STYLE_COLOUR ( '', #25 ) ;
#2586 = ADVANCED_FACE ( 'NONE', ( #1168 ), #2540, .F. ) ;
#2587 = COLOUR_RGB ( '',0.9960784313725490335, 0.8705882352941176627, 0.7607843137254901578 ) ;
#2588 = CARTESIAN_POINT ( 'NONE',  ( -10.71715728752538332, 4.000000000000000000, -12.50000000000000178 ) ) ;
#2589 = MECHANICAL_DESIGN_GEOMETRIC_PRESENTATION_REPRESENTATION (  '', ( #300 ), #2267 ) ;
#2590 = STYLED_ITEM ( 'NONE', ( #1013 ), #189 ) ;
#2591 = CIRCLE ( 'NONE', #403, 0.2000000000000005107 ) ;
#2592 = DIRECTION ( 'NONE',  ( 1.000000000000000000, 0.0000000000000000000, -1.637629531557875731E-16 ) ) ;
#2593 = ORIENTED_EDGE ( 'NONE', *, *, #2432, .T. ) ;
#2594 = DIRECTION ( 'NONE',  ( 0.0000000000000000000, -1.000000000000000000, 0.0000000000000000000 ) ) ;
#2595 = UNCERTAINTY_MEASURE_WITH_UNIT (LENGTH_MEASURE( 1.000000000000000082E-05 ), #1712, 'distance_accuracy_value', 'NONE');
#2596 = CARTESIAN_POINT ( 'NONE',  ( 1.700000000000001066, 4.009999999999999787, 1.899999999999999911 ) ) ;
#2597 = DIRECTION ( 'NONE',  ( 1.000000000000000000, 0.0000000000000000000, -1.224646799147353207E-16 ) ) ;
#2598 = AXIS2_PLACEMENT_3D ( 'NONE', #1383, #2350, #2764 ) ;
#2599 = PRESENTATION_STYLE_ASSIGNMENT (( #2821 ) ) ;
#2600 = MECHANICAL_DESIGN_GEOMETRIC_PRESENTATION_REPRESENTATION (  '', ( #162 ), #1209 ) ;
#2601 = EDGE_CURVE ( 'NONE', #928, #274, #2591, .T. ) ;
#2602 = PRESENTATION_STYLE_ASSIGNMENT (( #955 ) ) ;
#2603 =( GEOMETRIC_REPRESENTATION_CONTEXT ( 3 ) GLOBAL_UNCERTAINTY_ASSIGNED_CONTEXT ( ( #497 ) ) GLOBAL_UNIT_ASSIGNED_CONTEXT ( ( #1336, #2728, #2040 ) ) REPRESENTATION_CONTEXT ( 'NONE', 'WORKASPACE' ) );
#2604 = ORIENTED_EDGE ( 'NONE', *, *, #2284, .F. ) ;
#2605 =( LENGTH_UNIT ( ) NAMED_UNIT ( * ) SI_UNIT ( .MILLI., .METRE. ) );
#2606 = FACE_OUTER_BOUND ( 'NONE', #2899, .T. ) ;
#2607 = EDGE_LOOP ( 'NONE', ( #2484, #457, #168 ) ) ;
#2608 = DIRECTION ( 'NONE',  ( -1.606225440719266120E-16, 0.0000000000000000000, -1.000000000000000000 ) ) ;
#2609 = VECTOR ( 'NONE', #2296, 1000.000000000000000 ) ;
#2610 = DIRECTION ( 'NONE',  ( 0.0000000000000000000, 1.000000000000000000, 0.0000000000000000000 ) ) ;
#2611 = COLOUR_RGB ( '',0.9960784313725490335, 0.8705882352941176627, 0.7607843137254901578 ) ;
#2612 = DIRECTION ( 'NONE',  ( -1.606225440719266120E-16, 0.0000000000000000000, -1.000000000000000000 ) ) ;
#2613 = PRESENTATION_STYLE_ASSIGNMENT (( #2162 ) ) ;
#2614 = LINE ( 'NONE', #1540, #866 ) ;
#2615 = VECTOR ( 'NONE', #1921, 1000.000000000000000 ) ;
#2616 = PRESENTATION_STYLE_ASSIGNMENT (( #2854 ) ) ;
#2617 = ADVANCED_FACE ( 'NONE', ( #2323, #2114 ), #554, .T. ) ;
#2618 = EDGE_LOOP ( 'NONE', ( #2109, #1067, #1547, #527 ) ) ;
#2619 = FACE_OUTER_BOUND ( 'NONE', #1901, .T. ) ;
#2620 = FILL_AREA_STYLE ('',( #2796 ) ) ;
#2621 = UNCERTAINTY_MEASURE_WITH_UNIT (LENGTH_MEASURE( 1.000000000000000082E-05 ), #1132, 'distance_accuracy_value', 'NONE');
#2622 = ORIENTED_EDGE ( 'NONE', *, *, #1939, .T. ) ;
#2623 = DIRECTION ( 'NONE',  ( 0.0000000000000000000, -1.000000000000000000, 0.0000000000000000000 ) ) ;
#2624 =( LENGTH_UNIT ( ) NAMED_UNIT ( * ) SI_UNIT ( .MILLI., .METRE. ) );
#2625 = FILL_AREA_STYLE_COLOUR ( '', #1928 ) ;
#2626 = MECHANICAL_DESIGN_GEOMETRIC_PRESENTATION_REPRESENTATION (  '', ( #2580 ), #94 ) ;
#2627 = DIRECTION ( 'NONE',  ( -1.000000000000000000, 0.0000000000000000000, 0.0000000000000000000 ) ) ;
#2628 = APPLICATION_CONTEXT ( 'automotive_design' ) ;
#2629 =( GEOMETRIC_REPRESENTATION_CONTEXT ( 3 ) GLOBAL_UNCERTAINTY_ASSIGNED_CONTEXT ( ( #2746 ) ) GLOBAL_UNIT_ASSIGNED_CONTEXT ( ( #2946, #166, #422 ) ) REPRESENTATION_CONTEXT ( 'NONE', 'WORKASPACE' ) );
#2630 = MECHANICAL_DESIGN_GEOMETRIC_PRESENTATION_REPRESENTATION (  '', ( #1602 ), #632 ) ;
#2631 = VECTOR ( 'NONE', #518, 1000.000000000000000 ) ;
#2632 = PRESENTATION_LAYER_ASSIGNMENT (  '', '', ( #963 ) ) ;
#2633 = ORIENTED_EDGE ( 'NONE', *, *, #338, .T. ) ;
#2634 = MECHANICAL_DESIGN_GEOMETRIC_PRESENTATION_REPRESENTATION (  '', ( #2884 ), #2307 ) ;
#2635 = CYLINDRICAL_SURFACE ( 'NONE', #1735, 0.2000000000000005107 ) ;
#2636 = AXIS2_PLACEMENT_3D ( 'NONE', #2809, #2172, #2381 ) ;
#2637 = PLANE ( 'NONE',  #1924 ) ;
#2638 = EDGE_LOOP ( 'NONE', ( #1185, #2232, #2189 ) ) ;
#2639 = ORIENTED_EDGE ( 'NONE', *, *, #1939, .F. ) ;
#2640 = FACE_OUTER_BOUND ( 'NONE', #2379, .T. ) ;
#2641 = EDGE_CURVE ( 'NONE', #2440, #611, #2785, .T. ) ;
#2642 = FILL_AREA_STYLE ('',( #1763 ) ) ;
#2643 = DIRECTION ( 'NONE',  ( 0.0000000000000000000, -1.000000000000000000, 0.0000000000000000000 ) ) ;
#2644 = FILL_AREA_STYLE_COLOUR ( '', #616 ) ;
#2645 = DIRECTION ( 'NONE',  ( -1.000000000000000000, 0.0000000000000000000, 1.734723475976802677E-14 ) ) ;
#2646 = STYLED_ITEM ( 'NONE', ( #129 ), #1338 ) ;
#2647 = ORIENTED_EDGE ( 'NONE', *, *, #1479, .F. ) ;
#2648 = SURFACE_SIDE_STYLE ('',( #1753 ) ) ;
#2649 = VECTOR ( 'NONE', #373, 1000.000000000000000 ) ;
#2650 = PRESENTATION_STYLE_ASSIGNMENT (( #546 ) ) ;
#2651 = DIRECTION ( 'NONE',  ( -0.0000000000000000000, 1.000000000000000000, -0.0000000000000000000 ) ) ;
#2652 = SURFACE_SIDE_STYLE ('',( #2242 ) ) ;
#2653 = ORIENTED_EDGE ( 'NONE', *, *, #1029, .F. ) ;
#2654 = EDGE_LOOP ( 'NONE', ( #241, #292, #408, #369 ) ) ;
#2655 = FILL_AREA_STYLE_COLOUR ( '', #464 ) ;
#2656 = ORIENTED_EDGE ( 'NONE', *, *, #503, .T. ) ;
#2657 = SURFACE_STYLE_USAGE ( .BOTH. , #392 ) ;
#2658 = CARTESIAN_POINT ( 'NONE',  ( 12.30000000000000249, 4.000000000000000000, 10.71715728752538332 ) ) ;
#2659 = EDGE_CURVE ( 'NONE', #1499, #204, #1505, .T. ) ;
#2660 =( LENGTH_UNIT ( ) NAMED_UNIT ( * ) SI_UNIT ( .MILLI., .METRE. ) );
#2661 = SURFACE_STYLE_USAGE ( .BOTH. , #144 ) ;
#2662 = ORIENTED_EDGE ( 'NONE', *, *, #2791, .T. ) ;
#2663 = DIRECTION ( 'NONE',  ( -0.7071067811865474617, 0.0000000000000000000, 0.7071067811865474617 ) ) ;
#2664 = AXIS2_PLACEMENT_3D ( 'NONE', #2401, #98, #159 ) ;
#2665 = SURFACE_STYLE_USAGE ( .BOTH. , #1045 ) ;
#2666 = ORIENTED_EDGE ( 'NONE', *, *, #32, .T. ) ;
#2667 = ORIENTED_EDGE ( 'NONE', *, *, #420, .F. ) ;
#2668 =( NAMED_UNIT ( * ) SI_UNIT ( $, .STERADIAN. ) SOLID_ANGLE_UNIT ( ) );
#2669 = ORIENTED_EDGE ( 'NONE', *, *, #1707, .F. ) ;
#2670 = CARTESIAN_POINT ( 'NONE',  ( 10.71715728752538332, 0.2000000000000000111, 12.29999999999999893 ) ) ;
#2671 = DIRECTION ( 'NONE',  ( 0.7071067811865475727, -1.226634733346698758E-14, -0.7071067811865475727 ) ) ;
#2672 = DIRECTION ( 'NONE',  ( -1.000000000000000000, 0.0000000000000000000, -0.0000000000000000000 ) ) ;
#2673 = EDGE_CURVE ( 'NONE', #186, #1499, #1841, .T. ) ;
#2674 = EDGE_CURVE ( 'NONE', #744, #1427, #563, .T. ) ;
#2675 = AXIS2_PLACEMENT_3D ( 'NONE', #2752, #2098, #695 ) ;
#2676 = AXIS2_PLACEMENT_3D ( 'NONE', #1431, #2651, #591 ) ;
#2677 =( NAMED_UNIT ( * ) SI_UNIT ( $, .STERADIAN. ) SOLID_ANGLE_UNIT ( ) );
#2678 = DIRECTION ( 'NONE',  ( 1.000000000000000000, 0.0000000000000000000, -0.0000000000000000000 ) ) ;
#2679 = MECHANICAL_DESIGN_GEOMETRIC_PRESENTATION_REPRESENTATION (  '', ( #489 ), #914 ) ;
#2680 =( GEOMETRIC_REPRESENTATION_CONTEXT ( 3 ) GLOBAL_UNCERTAINTY_ASSIGNED_CONTEXT ( ( #872 ) ) GLOBAL_UNIT_ASSIGNED_CONTEXT ( ( #2805, #729, #1911 ) ) REPRESENTATION_CONTEXT ( 'NONE', 'WORKASPACE' ) );
#2681 = DIRECTION ( 'NONE',  ( -1.000000000000000000, 0.0000000000000000000, 0.0000000000000000000 ) ) ;
#2682 = UNCERTAINTY_MEASURE_WITH_UNIT (LENGTH_MEASURE( 1.000000000000000082E-05 ), #427, 'distance_accuracy_value', 'NONE');
#2683 = AXIS2_PLACEMENT_3D ( 'NONE', #1770, #2241, #2663 ) ;
#2684 = ORIENTED_EDGE ( 'NONE', *, *, #1971, .T. ) ;
#2685 = SURFACE_SIDE_STYLE ('',( #137 ) ) ;
#2686 = ORIENTED_EDGE ( 'NONE', *, *, #1098, .F. ) ;
#2687 = PRESENTATION_LAYER_ASSIGNMENT (  '', '', ( #257 ) ) ;
#2688 = SURFACE_STYLE_FILL_AREA ( #2460 ) ;
#2689 = PRESENTATION_LAYER_ASSIGNMENT (  '', '', ( #2461 ) ) ;
#2690 = CARTESIAN_POINT ( 'NONE',  ( -12.30000000000000249, 0.2000000000000000111, -10.71715728752538332 ) ) ;
#2691 = DIRECTION ( 'NONE',  ( 0.0000000000000000000, 0.0000000000000000000, 1.000000000000000000 ) ) ;
#2692 = CARTESIAN_POINT ( 'NONE',  ( -12.44142135623730816, 4.000000000000000000, 10.85857864376268900 ) ) ;
#2693 = CARTESIAN_POINT ( 'NONE',  ( -12.00000000000000178, -0.01000000000000000021, -10.59289321881345458 ) ) ;
#2694 = EDGE_CURVE ( 'NONE', #186, #2440, #1878, .T. ) ;
#2695 =( NAMED_UNIT ( * ) PLANE_ANGLE_UNIT ( ) SI_UNIT ( $, .RADIAN. ) );
#2696 = STYLED_ITEM ( 'NONE', ( #2602 ), #1201 ) ;
#2697 = SURFACE_STYLE_FILL_AREA ( #1090 ) ;
#2698 = DIRECTION ( 'NONE',  ( 0.0000000000000000000, 1.000000000000000000, 0.0000000000000000000 ) ) ;
#2699 = UNCERTAINTY_MEASURE_WITH_UNIT (LENGTH_MEASURE( 1.000000000000000082E-05 ), #2136, 'distance_accuracy_value', 'NONE');
#2700 = ORIENTED_EDGE ( 'NONE', *, *, #1393, .T. ) ;
#2701 = CIRCLE ( 'NONE', #2476, 0.2000000000000005107 ) ;
#2702 = CARTESIAN_POINT ( 'NONE',  ( 0.0000000000000000000, 3.799999999999999822, 12.29999999999999893 ) ) ;
#2703 = EDGE_LOOP ( 'NONE', ( #357, #1943, #851, #2950 ) ) ;
#2704 = COLOUR_RGB ( '',0.9960784313725490335, 0.8705882352941176627, 0.7607843137254901578 ) ;
#2705 = FACE_BOUND ( 'NONE', #1068, .T. ) ;
#2706 = DIRECTION ( 'NONE',  ( 0.7071067811865474617, -0.0000000000000000000, 0.7071067811865474617 ) ) ;
#2707 = LINE ( 'NONE', #658, #2720 ) ;
#2708 =( NAMED_UNIT ( * ) SI_UNIT ( $, .STERADIAN. ) SOLID_ANGLE_UNIT ( ) );
#2709 = CARTESIAN_POINT ( 'NONE',  ( 12.00000000000000178, 0.0000000000000000000, 10.59289321881345103 ) ) ;
#2710 = PRESENTATION_LAYER_ASSIGNMENT (  '', '', ( #1033 ) ) ;
#2711 = DIRECTION ( 'NONE',  ( -0.7071067811865474617, 0.0000000000000000000, 0.7071067811865474617 ) ) ;
#2712 = EDGE_CURVE ( 'NONE', #426, #169, #2825, .T. ) ;
#2713 = PRESENTATION_STYLE_ASSIGNMENT (( #1104 ) ) ;
#2714 = UNCERTAINTY_MEASURE_WITH_UNIT (LENGTH_MEASURE( 1.000000000000000082E-05 ), #2605, 'distance_accuracy_value', 'NONE');
#2715 = ORIENTED_EDGE ( 'NONE', *, *, #32, .F. ) ;
#2716 = STYLED_ITEM ( 'NONE', ( #1243 ), #784 ) ;
#2717 = CYLINDRICAL_SURFACE ( 'NONE', #1162, 0.2000000000000005107 ) ;
#2718 = VERTEX_POINT ( 'NONE', #529 ) ;
#2719 = FILL_AREA_STYLE_COLOUR ( '', #2611 ) ;
#2720 = VECTOR ( 'NONE', #1341, 1000.000000000000000 ) ;
#2721 =( LENGTH_UNIT ( ) NAMED_UNIT ( * ) SI_UNIT ( .MILLI., .METRE. ) );
#2722 = DIRECTION ( 'NONE',  ( 0.7071067811865389130, -0.0000000000000000000, 0.7071067811865562325 ) ) ;
#2723 = SURFACE_STYLE_USAGE ( .BOTH. , #2955 ) ;
#2724 =( LENGTH_UNIT ( ) NAMED_UNIT ( * ) SI_UNIT ( .MILLI., .METRE. ) );
#2725 = COLOUR_RGB ( '',0.9960784313725490335, 0.8705882352941176627, 0.7607843137254901578 ) ;
#2726 = SURFACE_SIDE_STYLE ('',( #1849 ) ) ;
#2727 = ORIENTED_EDGE ( 'NONE', *, *, #974, .T. ) ;
#2728 =( NAMED_UNIT ( * ) PLANE_ANGLE_UNIT ( ) SI_UNIT ( $, .RADIAN. ) );
#2729 = VERTEX_POINT ( 'NONE', #2155 ) ;
#2730 = FILL_AREA_STYLE ('',( #2719 ) ) ;
#2731 = STYLED_ITEM ( 'NONE', ( #275 ), #2923 ) ;
#2732 =( GEOMETRIC_REPRESENTATION_CONTEXT ( 3 ) GLOBAL_UNCERTAINTY_ASSIGNED_CONTEXT ( ( #1807 ) ) GLOBAL_UNIT_ASSIGNED_CONTEXT ( ( #273, #1922, #1437 ) ) REPRESENTATION_CONTEXT ( 'NONE', 'WORKASPACE' ) );
#2733 = PRESENTATION_LAYER_ASSIGNMENT (  '', '', ( #1798 ) ) ;
#2734 = LINE ( 'NONE', #624, #2115 ) ;
#2735 = AXIS2_PLACEMENT_3D ( 'NONE', #1470, #2384, #59 ) ;
#2736 = VECTOR ( 'NONE', #2194, 1000.000000000000000 ) ;
#2737 = ORIENTED_EDGE ( 'NONE', *, *, #1539, .T. ) ;
#2738 = ADVANCED_FACE ( 'NONE', ( #1698 ), #1904, .T. ) ;
#2739 = SURFACE_SIDE_STYLE ('',( #907 ) ) ;
#2740 = DIRECTION ( 'NONE',  ( -1.606225440719266120E-16, 0.0000000000000000000, -1.000000000000000000 ) ) ;
#2741 = DIRECTION ( 'NONE',  ( -0.7071067811865474617, 0.0000000000000000000, -0.7071067811865474617 ) ) ;
#2742 = DIRECTION ( 'NONE',  ( 1.000000000000000000, 0.0000000000000000000, 0.0000000000000000000 ) ) ;
#2743 = CARTESIAN_POINT ( 'NONE',  ( 11.99999999999999822, -0.01000000000000000021, -10.59289321881345458 ) ) ;
#2744 = SURFACE_STYLE_USAGE ( .BOTH. , #2083 ) ;
#2745 = PRODUCT_DEFINITION_SHAPE ( 'NONE', 'NONE',  #1597 ) ;
#2746 = UNCERTAINTY_MEASURE_WITH_UNIT (LENGTH_MEASURE( 1.000000000000000082E-05 ), #2946, 'distance_accuracy_value', 'NONE');
#2747 = EDGE_LOOP ( 'NONE', ( #1823, #1283, #2686, #2231 ) ) ;
#2748 = VECTOR ( 'NONE', #1630, 1000.000000000000000 ) ;
#2749 = COLOUR_RGB ( '',0.9960784313725490335, 0.8705882352941176627, 0.7607843137254901578 ) ;
#2750 = CIRCLE ( 'NONE', #2945, 0.2000000000000005107 ) ;
#2751 = DIRECTION ( 'NONE',  ( 0.0000000000000000000, 0.0000000000000000000, -1.000000000000000000 ) ) ;
#2752 = CARTESIAN_POINT ( 'NONE',  ( 1.699999999999999734, -3.000000000000000000, 1.899999999999999911 ) ) ;
#2753 = DIRECTION ( 'NONE',  ( -1.000000000000000000, 0.0000000000000000000, 0.0000000000000000000 ) ) ;
#2754 =( NAMED_UNIT ( * ) SI_UNIT ( $, .STERADIAN. ) SOLID_ANGLE_UNIT ( ) );
#2755 = EDGE_CURVE ( 'NONE', #186, #611, #1096, .T. ) ;
#2756 = FILL_AREA_STYLE ('',( #2076 ) ) ;
#2757 =( NAMED_UNIT ( * ) SI_UNIT ( $, .STERADIAN. ) SOLID_ANGLE_UNIT ( ) );
#2758 = MECHANICAL_DESIGN_GEOMETRIC_PRESENTATION_REPRESENTATION (  '', ( #2387 ), #789 ) ;
#2759 = EDGE_LOOP ( 'NONE', ( #467, #1337 ) ) ;
#2760 = SURFACE_SIDE_STYLE ('',( #1867 ) ) ;
#2761 = DIRECTION ( 'NONE',  ( 0.0000000000000000000, -1.000000000000000000, 0.0000000000000000000 ) ) ;
#2762 = CARTESIAN_POINT ( 'NONE',  ( 1.700000000000001066, 4.500000000000000888, 1.899999999999999911 ) ) ;
#2763 = MECHANICAL_DESIGN_GEOMETRIC_PRESENTATION_REPRESENTATION (  '', ( #1727 ), #1041 ) ;
#2764 = DIRECTION ( 'NONE',  ( 1.000000000000000000, 0.0000000000000000000, 0.0000000000000000000 ) ) ;
#2765 = EDGE_CURVE ( 'NONE', #1578, #1580, #515, .T. ) ;
#2766 =( NAMED_UNIT ( * ) SI_UNIT ( $, .STERADIAN. ) SOLID_ANGLE_UNIT ( ) );
#2767 = LINE ( 'NONE', #1708, #1740 ) ;
#2768 = EDGE_LOOP ( 'NONE', ( #790, #1839, #853, #259 ) ) ;
#2769 = EDGE_CURVE ( 'NONE', #830, #2552, #294, .T. ) ;
#2770 = DIRECTION ( 'NONE',  ( 1.000000000000000000, 0.0000000000000000000, 0.0000000000000000000 ) ) ;
#2771 = UNCERTAINTY_MEASURE_WITH_UNIT (LENGTH_MEASURE( 1.000000000000000082E-05 ), #1130, 'distance_accuracy_value', 'NONE');
#2772 = VERTEX_POINT ( 'NONE', #282 ) ;
#2773 =( LENGTH_UNIT ( ) NAMED_UNIT ( * ) SI_UNIT ( .MILLI., .METRE. ) );
#2774 = DIRECTION ( 'NONE',  ( 0.0000000000000000000, -1.000000000000000000, 0.0000000000000000000 ) ) ;
#2775 = VECTOR ( 'NONE', #40, 1000.000000000000114 ) ;
#2776 = CIRCLE ( 'NONE', #1288, 0.2000000000000005107 ) ;
#2777 =( GEOMETRIC_REPRESENTATION_CONTEXT ( 3 ) GLOBAL_UNCERTAINTY_ASSIGNED_CONTEXT ( ( #2595 ) ) GLOBAL_UNIT_ASSIGNED_CONTEXT ( ( #1712, #295, #532 ) ) REPRESENTATION_CONTEXT ( 'NONE', 'WORKASPACE' ) );
#2778 = SURFACE_STYLE_USAGE ( .BOTH. , #1825 ) ;
#2779 = LINE ( 'NONE', #723, #1978 ) ;
#2780 = DIRECTION ( 'NONE',  ( 0.0000000000000000000, 1.000000000000000000, 0.0000000000000000000 ) ) ;
#2781 = COLOUR_RGB ( '',0.9960784313725490335, 0.8705882352941176627, 0.7607843137254901578 ) ;
#2782 = CLOSED_SHELL ( 'NONE', ( #668, #2050, #990, #2417, #2868, #2534, #630, #1598, #247, #937, #598, #1672, #714, #485, #2903, #859, #921, #2248, #270, #1952, #2617, #1338, #2586, #2297, #1300, #1084, #1244, #2031, #108, #361, #459, #1801, #904, #522, #1638, #2738, #2581, #735, #767, #2833, #2274, #884, #2339, #2065, #1919, #2253, #468, #2811, #1722, #1872, #559, #649, #1117, #615, #1780, #683, #2907, #2318, #189, #1201, #287, #2140, #2033, #1854, #784, #2923, #1738, #2161, #2547, #1377, #899, #2445 ) ) ;
#2783 = PRESENTATION_LAYER_ASSIGNMENT (  '', '', ( #97 ) ) ;
#2784 = COLOUR_RGB ( '',0.6666666666666666297, 0.6980392156862744724, 0.7686274509803920907 ) ;
#2785 = CIRCLE ( 'NONE', #2636, 0.2000000000000005107 ) ;
#2786 = FILL_AREA_STYLE_COLOUR ( '', #1326 ) ;
#2787 = VERTEX_POINT ( 'NONE', #326 ) ;
#2788 = FILL_AREA_STYLE ('',( #2064 ) ) ;
#2789 = CARTESIAN_POINT ( 'NONE',  ( 12.29999999999999893, 0.2000000000000000944, -10.80000000000000249 ) ) ;
#2790 = SURFACE_STYLE_USAGE ( .BOTH. , #308 ) ;
#2791 = EDGE_CURVE ( 'NONE', #2573, #1180, #1179, .T. ) ;
#2792 = ORIENTED_EDGE ( 'NONE', *, *, #15, .T. ) ;
#2793 = SURFACE_SIDE_STYLE ('',( #987 ) ) ;
#2794 = SURFACE_SIDE_STYLE ('',( #2808 ) ) ;
#2795 = CARTESIAN_POINT ( 'NONE',  ( 0.0000000000000000000, 4.000000000000000000, 12.29999999999999893 ) ) ;
#2796 = FILL_AREA_STYLE_COLOUR ( '', #2265 ) ;
#2797 = DIRECTION ( 'NONE',  ( -0.7071067811865475727, 0.0000000000000000000, 0.7071067811865475727 ) ) ;
#2798 = ORIENTED_EDGE ( 'NONE', *, *, #52, .F. ) ;
#2799 = COLOUR_RGB ( '',0.6666666666666666297, 0.6980392156862744724, 0.7686274509803920907 ) ;
#2800 =( NAMED_UNIT ( * ) PLANE_ANGLE_UNIT ( ) SI_UNIT ( $, .RADIAN. ) );
#2801 =( NAMED_UNIT ( * ) PLANE_ANGLE_UNIT ( ) SI_UNIT ( $, .RADIAN. ) );
#2802 =( NAMED_UNIT ( * ) PLANE_ANGLE_UNIT ( ) SI_UNIT ( $, .RADIAN. ) );
#2803 =( NAMED_UNIT ( * ) PLANE_ANGLE_UNIT ( ) SI_UNIT ( $, .RADIAN. ) );
#2804 = ORIENTED_EDGE ( 'NONE', *, *, #2101, .T. ) ;
#2805 =( LENGTH_UNIT ( ) NAMED_UNIT ( * ) SI_UNIT ( .MILLI., .METRE. ) );
#2806 = ORIENTED_EDGE ( 'NONE', *, *, #2601, .F. ) ;
#2807 =( NAMED_UNIT ( * ) SI_UNIT ( $, .STERADIAN. ) SOLID_ANGLE_UNIT ( ) );
#2808 = SURFACE_STYLE_FILL_AREA ( #2126 ) ;
#2809 = CARTESIAN_POINT ( 'NONE',  ( -10.71715728752537977, 3.799999999999999822, 12.29999999999999893 ) ) ;
#2810 = AXIS2_PLACEMENT_3D ( 'NONE', #2920, #854, #1566 ) ;
#2811 = ADVANCED_FACE ( 'NONE', ( #2127 ), #73, .T. ) ;
#2812 = SURFACE_STYLE_FILL_AREA ( #2620 ) ;
#2813 = CARTESIAN_POINT ( 'NONE',  ( -12.30000000000000249, 0.2000000000000000944, -10.71715728752538332 ) ) ;
#2814 = DIRECTION ( 'NONE',  ( -0.0000000000000000000, 0.0000000000000000000, 1.000000000000000000 ) ) ;
#2815 = EDGE_CURVE ( 'NONE', #741, #2876, #1271, .T. ) ;
#2816 = SURFACE_STYLE_FILL_AREA ( #724 ) ;
#2817 =( NAMED_UNIT ( * ) SI_UNIT ( $, .STERADIAN. ) SOLID_ANGLE_UNIT ( ) );
#2818 = DIRECTION ( 'NONE',  ( 0.7071067811865475727, 0.0000000000000000000, -0.7071067811865475727 ) ) ;
#2819 = PRESENTATION_LAYER_ASSIGNMENT (  '', '', ( #517 ) ) ;
#2820 = DIRECTION ( 'NONE',  ( 1.000000000000000000, 0.0000000000000000000, 0.0000000000000000000 ) ) ;
#2821 = SURFACE_STYLE_USAGE ( .BOTH. , #67 ) ;
#2822 =( NAMED_UNIT ( * ) PLANE_ANGLE_UNIT ( ) SI_UNIT ( $, .RADIAN. ) );
#2823 = EDGE_LOOP ( 'NONE', ( #263, #1141, #388, #1320 ) ) ;
#2824 = DIRECTION ( 'NONE',  ( -0.7071067811865388020, -0.0000000000000000000, 0.7071067811865562325 ) ) ;
#2825 = LINE ( 'NONE', #1224, #2775 ) ;
#2826 = SURFACE_STYLE_FILL_AREA ( #2335 ) ;
#2827 = CARTESIAN_POINT ( 'NONE',  ( -10.59289321881345458, -0.01000000000000000021, -12.00000000000000178 ) ) ;
#2828 = SURFACE_STYLE_USAGE ( .BOTH. , #980 ) ;
#2829 = CARTESIAN_POINT ( 'NONE',  ( 10.59289321881345458, -0.01000000000000000021, 11.99999999999999822 ) ) ;
#2830 = VECTOR ( 'NONE', #1824, 1000.000000000000000 ) ;
#2831 = MECHANICAL_DESIGN_GEOMETRIC_PRESENTATION_REPRESENTATION (  '', ( #343 ), #1648 ) ;
#2832 =( NAMED_UNIT ( * ) SI_UNIT ( $, .STERADIAN. ) SOLID_ANGLE_UNIT ( ) );
#2833 = ADVANCED_FACE ( 'NONE', ( #2619 ), #2635, .T. ) ;
#2834 = AXIS2_PLACEMENT_3D ( 'NONE', #2347, #1671, #2844 ) ;
#2835 =( NAMED_UNIT ( * ) SI_UNIT ( $, .STERADIAN. ) SOLID_ANGLE_UNIT ( ) );
#2836 = PRESENTATION_LAYER_ASSIGNMENT (  '', '', ( #715 ) ) ;
#2837 = FILL_AREA_STYLE ('',( #2786 ) ) ;
#2838 =( GEOMETRIC_REPRESENTATION_CONTEXT ( 3 ) GLOBAL_UNCERTAINTY_ASSIGNED_CONTEXT ( ( #1177 ) ) GLOBAL_UNIT_ASSIGNED_CONTEXT ( ( #2438, #2803, #772 ) ) REPRESENTATION_CONTEXT ( 'NONE', 'WORKASPACE' ) );
#2839 = DIRECTION ( 'NONE',  ( -0.0000000000000000000, 1.000000000000000000, -0.0000000000000000000 ) ) ;
#2840 = COLOUR_RGB ( '',0.6666666666666666297, 0.6980392156862744724, 0.7686274509803920907 ) ;
#2841 = AXIS2_PLACEMENT_3D ( 'NONE', #1028, #1766, #1719 ) ;
#2842 = ORIENTED_EDGE ( 'NONE', *, *, #2673, .T. ) ;
#2843 = CARTESIAN_POINT ( 'NONE',  ( 12.29999999999999893, 3.799999999999999822, -10.71715728752538332 ) ) ;
#2844 = DIRECTION ( 'NONE',  ( 0.7071067811865474617, 0.0000000000000000000, -0.7071067811865474617 ) ) ;
#2845 = FILL_AREA_STYLE_COLOUR ( '', #2840 ) ;
#2846 = UNCERTAINTY_MEASURE_WITH_UNIT (LENGTH_MEASURE( 1.000000000000000082E-05 ), #1607, 'distance_accuracy_value', 'NONE');
#2847 = DIRECTION ( 'NONE',  ( -1.606225440719266120E-16, -0.0000000000000000000, -1.000000000000000000 ) ) ;
#2848 = LINE ( 'NONE', #792, #2963 ) ;
#2849 =( NAMED_UNIT ( * ) SI_UNIT ( $, .STERADIAN. ) SOLID_ANGLE_UNIT ( ) );
#2850 = COLOUR_RGB ( '',0.9960784313725490335, 0.8705882352941176627, 0.7607843137254901578 ) ;
#2851 = EDGE_CURVE ( 'NONE', #1734, #2573, #590, .T. ) ;
#2852 = CARTESIAN_POINT ( 'NONE',  ( 11.50857864376269291, 4.000000000000000000, 11.50857864376269291 ) ) ;
#2853 = CIRCLE ( 'NONE', #2324, 0.2000000000000002887 ) ;
#2854 = SURFACE_STYLE_USAGE ( .BOTH. , #1295 ) ;
#2855 = AXIS2_PLACEMENT_3D ( 'NONE', #1696, #2170, #719 ) ;
#2856 = EDGE_LOOP ( 'NONE', ( #1375, #478, #463, #136 ) ) ;
#2857 =( NAMED_UNIT ( * ) PLANE_ANGLE_UNIT ( ) SI_UNIT ( $, .RADIAN. ) );
#2858 = CARTESIAN_POINT ( 'NONE',  ( 12.44142135623731171, 3.799999999999999822, 10.85857864376268900 ) ) ;
#2859 = ORIENTED_EDGE ( 'NONE', *, *, #1859, .F. ) ;
#2860 = PLANE ( 'NONE',  #927 ) ;
#2861 = VECTOR ( 'NONE', #219, 1000.000000000000000 ) ;
#2862 = SURFACE_STYLE_FILL_AREA ( #519 ) ;
#2863 = AXIS2_PLACEMENT_3D ( 'NONE', #2142, #1670, #1684 ) ;
#2864 = DIRECTION ( 'NONE',  ( 0.0000000000000000000, 1.000000000000000000, -0.0000000000000000000 ) ) ;
#2865 = FACE_OUTER_BOUND ( 'NONE', #800, .T. ) ;
#2866 = DIRECTION ( 'NONE',  ( -0.0000000000000000000, 1.000000000000000000, -0.0000000000000000000 ) ) ;
#2867 = MECHANICAL_DESIGN_GEOMETRIC_PRESENTATION_REPRESENTATION (  '', ( #517 ), #1912 ) ;
#2868 = ADVANCED_FACE ( 'NONE', ( #1986, #2001 ), #2228, .F. ) ;
#2869 =( NAMED_UNIT ( * ) PLANE_ANGLE_UNIT ( ) SI_UNIT ( $, .RADIAN. ) );
#2870 = COLOUR_RGB ( '',0.6666666666666666297, 0.6980392156862744724, 0.7686274509803920907 ) ;
#2871 = EDGE_LOOP ( 'NONE', ( #2919, #804, #280 ) ) ;
#2872 =( LENGTH_UNIT ( ) NAMED_UNIT ( * ) SI_UNIT ( .MILLI., .METRE. ) );
#2873 = EDGE_CURVE ( 'NONE', #1484, #2533, #217, .T. ) ;
#2874 = DIRECTION ( 'NONE',  ( 0.0000000000000000000, 0.0000000000000000000, 1.000000000000000000 ) ) ;
#2875 = SURFACE_SIDE_STYLE ('',( #2697 ) ) ;
#2876 = VERTEX_POINT ( 'NONE', #197 ) ;
#2877 =( NAMED_UNIT ( * ) PLANE_ANGLE_UNIT ( ) SI_UNIT ( $, .RADIAN. ) );
#2878 = EDGE_LOOP ( 'NONE', ( #1721, #34, #2414 ) ) ;
#2879 = LINE ( 'NONE', #1487, #2403 ) ;
#2880 = DIRECTION ( 'NONE',  ( 0.0000000000000000000, 0.0000000000000000000, -1.000000000000000000 ) ) ;
#2881 = CIRCLE ( 'NONE', #2306, 0.2000000000000002887 ) ;
#2882 = VECTOR ( 'NONE', #2741, 1000.000000000000114 ) ;
#2883 = ORIENTED_EDGE ( 'NONE', *, *, #1302, .F. ) ;
#2884 = STYLED_ITEM ( 'NONE', ( #1723 ), #1872 ) ;
#2885 = EDGE_CURVE ( 'NONE', #2787, #1629, #2018, .T. ) ;
#2886 = FILL_AREA_STYLE ('',( #133 ) ) ;
#2887 = VERTEX_POINT ( 'NONE', #246 ) ;
#2888 = VERTEX_POINT ( 'NONE', #1817 ) ;
#2889 = DIRECTION ( 'NONE',  ( -0.0000000000000000000, 1.000000000000000000, -0.0000000000000000000 ) ) ;
#2890 = ORIENTED_EDGE ( 'NONE', *, *, #1323, .T. ) ;
#2891 = SURFACE_STYLE_USAGE ( .BOTH. , #1581 ) ;
#2892 = SURFACE_STYLE_FILL_AREA ( #1938 ) ;
#2893 =( GEOMETRIC_REPRESENTATION_CONTEXT ( 3 ) GLOBAL_UNCERTAINTY_ASSIGNED_CONTEXT ( ( #943 ) ) GLOBAL_UNIT_ASSIGNED_CONTEXT ( ( #2122, #69, #276 ) ) REPRESENTATION_CONTEXT ( 'NONE', 'WORKASPACE' ) );
#2894 = CARTESIAN_POINT ( 'NONE',  ( -12.50000000000000178, 0.2000000000000000944, -10.71715728752538332 ) ) ;
#2895 = EDGE_LOOP ( 'NONE', ( #2153, #873, #510, #1855 ) ) ;
#2896 = DIRECTION ( 'NONE',  ( -0.0000000000000000000, 1.000000000000000000, -0.0000000000000000000 ) ) ;
#2897 =( NAMED_UNIT ( * ) SI_UNIT ( $, .STERADIAN. ) SOLID_ANGLE_UNIT ( ) );
#2898 = EDGE_LOOP ( 'NONE', ( #1533, #1759, #2662, #2792 ) ) ;
#2899 = EDGE_LOOP ( 'NONE', ( #1188, #2425 ) ) ;
#2900 = LINE ( 'NONE', #595, #2649 ) ;
#2901 = ORIENTED_EDGE ( 'NONE', *, *, #2873, .F. ) ;
#2902 =( LENGTH_UNIT ( ) NAMED_UNIT ( * ) SI_UNIT ( .MILLI., .METRE. ) );
#2903 = ADVANCED_FACE ( 'NONE', ( #1116 ), #1637, .F. ) ;
#2904 = CIRCLE ( 'NONE', #2562, 0.2000000000000005107 ) ;
#2905 = FILL_AREA_STYLE_COLOUR ( '', #342 ) ;
#2906 = FILL_AREA_STYLE_COLOUR ( '', #448 ) ;
#2907 = ADVANCED_FACE ( 'NONE', ( #2082 ), #2507, .T. ) ;
#2908 = AXIS2_PLACEMENT_3D ( 'NONE', #1353, #2761, #693 ) ;
#2909 = CARTESIAN_POINT ( 'NONE',  ( -10.85857864376268900, 3.799999999999999822, 12.44142135623730816 ) ) ;
#2910 = PLANE ( 'NONE',  #1259 ) ;
#2911 =( GEOMETRIC_REPRESENTATION_CONTEXT ( 3 ) GLOBAL_UNCERTAINTY_ASSIGNED_CONTEXT ( ( #2453 ) ) GLOBAL_UNIT_ASSIGNED_CONTEXT ( ( #2568, #726, #999 ) ) REPRESENTATION_CONTEXT ( 'NONE', 'WORKASPACE' ) );
#2912 = LINE ( 'NONE', #635, #490 ) ;
#2913 = VECTOR ( 'NONE', #857, 1000.000000000000114 ) ;
#2914 = SURFACE_STYLE_FILL_AREA ( #1771 ) ;
#2915 = FACE_OUTER_BOUND ( 'NONE', #756, .T. ) ;
#2916 = FACE_OUTER_BOUND ( 'NONE', #2703, .T. ) ;
#2917 = ORIENTED_EDGE ( 'NONE', *, *, #1858, .F. ) ;
#2918 = VERTEX_POINT ( 'NONE', #2276 ) ;
#2919 = ORIENTED_EDGE ( 'NONE', *, *, #1027, .T. ) ;
#2920 = CARTESIAN_POINT ( 'NONE',  ( -12.29999999999999893, 3.799999999999999822, 10.71715728752537977 ) ) ;
#2921 = DIRECTION ( 'NONE',  ( -0.7071067811865474617, 0.0000000000000000000, 0.7071067811865474617 ) ) ;
#2922 = LINE ( 'NONE', #2505, #284 ) ;
#2923 = ADVANCED_FACE ( 'NONE', ( #2287 ), #233, .T. ) ;
#2924 = CARTESIAN_POINT ( 'NONE',  ( 10.71715728752538332, 3.799999999999999822, 12.29999999999999893 ) ) ;
#2925 = STYLED_ITEM ( 'NONE', ( #926 ), #2907 ) ;
#2926 = CIRCLE ( 'NONE', #142, 0.5000000000000000000 ) ;
#2927 = CARTESIAN_POINT ( 'NONE',  ( -12.30000000000000249, 3.799999999999999822, -10.71715728752538332 ) ) ;
#2928 = STYLED_ITEM ( 'NONE', ( #2932 ), #2318 ) ;
#2929 = CIRCLE ( 'NONE', #2735, 0.2000000000000002887 ) ;
#2930 = VECTOR ( 'NONE', #1423, 1000.000000000000000 ) ;
#2931 = SURFACE_STYLE_USAGE ( .BOTH. , #2019 ) ;
#2932 = PRESENTATION_STYLE_ASSIGNMENT (( #183 ) ) ;
#2933 = UNCERTAINTY_MEASURE_WITH_UNIT (LENGTH_MEASURE( 1.000000000000000082E-05 ), #66, 'distance_accuracy_value', 'NONE');
#2934 =( GEOMETRIC_REPRESENTATION_CONTEXT ( 3 ) GLOBAL_UNCERTAINTY_ASSIGNED_CONTEXT ( ( #2771 ) ) GLOBAL_UNIT_ASSIGNED_CONTEXT ( ( #1130, #2034, #2757 ) ) REPRESENTATION_CONTEXT ( 'NONE', 'WORKASPACE' ) );
#2935 = VERTEX_POINT ( 'NONE', #84 ) ;
#2936 =( LENGTH_UNIT ( ) NAMED_UNIT ( * ) SI_UNIT ( .MILLI., .METRE. ) );
#2937 = VERTEX_POINT ( 'NONE', #1460 ) ;
#2938 = AXIS2_PLACEMENT_3D ( 'NONE', #2970, #1328, #1372 ) ;
#2939 = STYLED_ITEM ( 'NONE', ( #2968 ), #2050 ) ;
#2940 = FILL_AREA_STYLE ('',( #2012 ) ) ;
#2941 =( NAMED_UNIT ( * ) PLANE_ANGLE_UNIT ( ) SI_UNIT ( $, .RADIAN. ) );
#2942 = EDGE_CURVE ( 'NONE', #1106, #2455, #321, .T. ) ;
#2943 = CARTESIAN_POINT ( 'NONE',  ( 10.65857864376269326, 0.0000000000000000000, 12.35857864376268900 ) ) ;
#2944 = CARTESIAN_POINT ( 'NONE',  ( 1.699999999999999734, -0.2999999999999999334, 1.899999999999999911 ) ) ;
#2945 = AXIS2_PLACEMENT_3D ( 'NONE', #2285, #643, #1847 ) ;
#2946 =( LENGTH_UNIT ( ) NAMED_UNIT ( * ) SI_UNIT ( .MILLI., .METRE. ) );
#2947 = ORIENTED_EDGE ( 'NONE', *, *, #2815, .F. ) ;
#2948 = STYLED_ITEM ( 'NONE', ( #121 ), #1672 ) ;
#2949 = CARTESIAN_POINT ( 'NONE',  ( 1.699999999999999734, -0.01000000000000002623, 1.271811457478686291 ) ) ;
#2950 = ORIENTED_EDGE ( 'NONE', *, *, #255, .F. ) ;
#2951 = DIRECTION ( 'NONE',  ( -0.7071067811865475727, 0.0000000000000000000, 0.7071067811865475727 ) ) ;
#2952 = COLOUR_RGB ( '',0.9960784313725490335, 0.8705882352941176627, 0.7607843137254901578 ) ;
#2953 = DIRECTION ( 'NONE',  ( 0.0000000000000000000, -1.000000000000000000, 0.0000000000000000000 ) ) ;
#2954 = FACE_OUTER_BOUND ( 'NONE', #152, .T. ) ;
#2955 = SURFACE_SIDE_STYLE ('',( #1815 ) ) ;
#2956 = COLOUR_RGB ( '',0.9960784313725490335, 0.8705882352941176627, 0.7607843137254901578 ) ;
#2957 = DIRECTION ( 'NONE',  ( 0.7071067811865475727, -0.0000000000000000000, 0.7071067811865475727 ) ) ;
#2958 = DIRECTION ( 'NONE',  ( 0.0000000000000000000, 0.0000000000000000000, 1.000000000000000000 ) ) ;
#2959 = FILL_AREA_STYLE ('',( #1395 ) ) ;
#2960 = EDGE_CURVE ( 'NONE', #2439, #830, #2570, .T. ) ;
#2961 = UNCERTAINTY_MEASURE_WITH_UNIT (LENGTH_MEASURE( 1.000000000000000082E-05 ), #1222, 'distance_accuracy_value', 'NONE');
#2962 = ORIENTED_EDGE ( 'NONE', *, *, #1461, .F. ) ;
#2963 = VECTOR ( 'NONE', #779, 1000.000000000000114 ) ;
#2964 = PRESENTATION_STYLE_ASSIGNMENT (( #2056 ) ) ;
#2965 = ORIENTED_EDGE ( 'NONE', *, *, #1964, .T. ) ;
#2966 = SURFACE_SIDE_STYLE ('',( #253 ) ) ;
#2967 = CYLINDRICAL_SURFACE ( 'NONE', #1290, 0.2000000000000005107 ) ;
#2968 = PRESENTATION_STYLE_ASSIGNMENT (( #240 ) ) ;
#2969 = EDGE_LOOP ( 'NONE', ( #1398, #1517, #2187, #352 ) ) ;
#2970 = CARTESIAN_POINT ( 'NONE',  ( 10.71715728752538332, 0.2000000000000000944, 12.29999999999999893 ) ) ;
#2971 = DIRECTION ( 'NONE',  ( 8.673617379884013384E-15, 0.0000000000000000000, -1.000000000000000000 ) ) ;
#2972 = DIRECTION ( 'NONE',  ( -0.0000000000000000000, 1.000000000000000000, -0.0000000000000000000 ) ) ;
#2973 = PRESENTATION_LAYER_ASSIGNMENT (  '', '', ( #343 ) ) ;
#2974 = FACE_OUTER_BOUND ( 'NONE', #593, .T. ) ;
#2975 = MECHANICAL_DESIGN_GEOMETRIC_PRESENTATION_REPRESENTATION (  '', ( #2021 ), #143 ) ;
#2976 = EDGE_LOOP ( 'NONE', ( #506, #2962, #1281, #1610 ) ) ;
#2977 = SURFACE_STYLE_FILL_AREA ( #237 ) ;
#2978 = STYLED_ITEM ( 'NONE', ( #2250 ), #2253 ) ;
#2979 =( LENGTH_UNIT ( ) NAMED_UNIT ( * ) SI_UNIT ( .MILLI., .METRE. ) );
#2980 = EDGE_CURVE ( 'NONE', #1137, #1954, #1219, .T. ) ;
ENDSEC;
END-ISO-10303-21;
