ISO-10303-21;
HEADER;
FILE_DESCRIPTION(('KiCad electronic assembly'),'2;1');
FILE_NAME('10790-V1.0.step','2024-10-31T21:13:22',('Pcbnew'),('Kicad'),
  'Open CASCADE STEP processor 7.7','KiCad to STEP converter','Unknown'
  );
FILE_SCHEMA(('AUTOMOTIVE_DESIGN { 1 0 10303 214 1 1 1 1 }'));
ENDSEC;
DATA;
#1 = APPLICATION_PROTOCOL_DEFINITION('international standard',
  'automotive_design',2000,#2);
#2 = APPLICATION_CONTEXT(
  'core data for automotive mechanical design processes');
#3 = SHAPE_DEFINITION_REPRESENTATION(#4,#10);
#4 = PRODUCT_DEFINITION_SHAPE('','',#5);
#5 = PRODUCT_DEFINITION('design','',#6,#9);
#6 = PRODUCT_DEFINITION_FORMATION('','',#7);
#7 = PRODUCT('10790-V1.0 1','10790-V1.0 1','',(#8));
#8 = PRODUCT_CONTEXT('',#2,'mechanical');
#9 = PRODUCT_DEFINITION_CONTEXT('part definition',#2,'design');
#10 = SHAPE_REPRESENTATION('',(#11,#15,#19,#23,#27,#31,#35,#39),#43);
#11 = AXIS2_PLACEMENT_3D('',#12,#13,#14);
#12 = CARTESIAN_POINT('',(0.,0.,0.));
#13 = DIRECTION('',(0.,0.,1.));
#14 = DIRECTION('',(1.,0.,-0.));
#15 = AXIS2_PLACEMENT_3D('',#16,#17,#18);
#16 = CARTESIAN_POINT('',(-2.058628,1.938698,0.85));
#17 = DIRECTION('',(0.,0.,1.));
#18 = DIRECTION('',(1.,0.,0.));
#19 = AXIS2_PLACEMENT_3D('',#20,#21,#22);
#20 = CARTESIAN_POINT('',(0.7,-13.85,2.65));
#21 = DIRECTION('',(0.,-1.,1.110223024625E-16));
#22 = DIRECTION('',(1.,0.,0.));
#23 = AXIS2_PLACEMENT_3D('',#24,#25,#26);
#24 = CARTESIAN_POINT('',(-5.409985,2.190289,0.85));
#25 = DIRECTION('',(-0.,0.,1.));
#26 = DIRECTION('',(1.110223024625E-16,-1.,0.));
#27 = AXIS2_PLACEMENT_3D('',#28,#29,#30);
#28 = CARTESIAN_POINT('',(7.51,-4.48,0.85));
#29 = DIRECTION('',(0.,-0.,1.));
#30 = DIRECTION('',(1.144237745222E-17,1.,0.));
#31 = AXIS2_PLACEMENT_3D('',#32,#33,#34);
#32 = CARTESIAN_POINT('',(-3.978628,1.938698,0.85));
#33 = DIRECTION('',(0.,0.,1.));
#34 = DIRECTION('',(1.,0.,0.));
#35 = AXIS2_PLACEMENT_3D('',#36,#37,#38);
#36 = CARTESIAN_POINT('',(-7.07498,1.580289,0.85));
#37 = DIRECTION('',(0.,0.,1.));
#38 = DIRECTION('',(-1.,1.224646799147E-16,0.));
#39 = AXIS2_PLACEMENT_3D('',#40,#41,#42);
#40 = CARTESIAN_POINT('',(0.,0.,0.));
#41 = DIRECTION('',(0.,0.,1.));
#42 = DIRECTION('',(1.,0.,-0.));
#43 = ( GEOMETRIC_REPRESENTATION_CONTEXT(3) 
GLOBAL_UNCERTAINTY_ASSIGNED_CONTEXT((#47)) GLOBAL_UNIT_ASSIGNED_CONTEXT(
(#44,#45,#46)) REPRESENTATION_CONTEXT('Context #1',
  '3D Context with UNIT and UNCERTAINTY') );
#44 = ( LENGTH_UNIT() NAMED_UNIT(*) SI_UNIT(.MILLI.,.METRE.) );
#45 = ( NAMED_UNIT(*) PLANE_ANGLE_UNIT() SI_UNIT($,.RADIAN.) );
#46 = ( NAMED_UNIT(*) SI_UNIT($,.STERADIAN.) SOLID_ANGLE_UNIT() );
#47 = UNCERTAINTY_MEASURE_WITH_UNIT(LENGTH_MEASURE(2.E-06),#44,
  'distance_accuracy_value','confusion accuracy');
#48 = PRODUCT_RELATED_PRODUCT_CATEGORY('part',$,(#7));
#49 = SHAPE_DEFINITION_REPRESENTATION(#50,#56);
#50 = PRODUCT_DEFINITION_SHAPE('','',#51);
#51 = PRODUCT_DEFINITION('design','',#52,#55);
#52 = PRODUCT_DEFINITION_FORMATION('','',#53);
#53 = PRODUCT('C_0402_1005Metric','C_0402_1005Metric','',(#54));
#54 = PRODUCT_CONTEXT('',#2,'mechanical');
#55 = PRODUCT_DEFINITION_CONTEXT('part definition',#2,'design');
#56 = SHAPE_REPRESENTATION('',(#11,#57),#61);
#57 = AXIS2_PLACEMENT_3D('',#58,#59,#60);
#58 = CARTESIAN_POINT('',(0.,0.,0.));
#59 = DIRECTION('',(0.,0.,1.));
#60 = DIRECTION('',(1.,0.,-0.));
#61 = ( GEOMETRIC_REPRESENTATION_CONTEXT(3) 
GLOBAL_UNCERTAINTY_ASSIGNED_CONTEXT((#65)) GLOBAL_UNIT_ASSIGNED_CONTEXT(
(#62,#63,#64)) REPRESENTATION_CONTEXT('Context #1',
  '3D Context with UNIT and UNCERTAINTY') );
#62 = ( LENGTH_UNIT() NAMED_UNIT(*) SI_UNIT(.MILLI.,.METRE.) );
#63 = ( NAMED_UNIT(*) PLANE_ANGLE_UNIT() SI_UNIT($,.RADIAN.) );
#64 = ( NAMED_UNIT(*) SI_UNIT($,.STERADIAN.) SOLID_ANGLE_UNIT() );
#65 = UNCERTAINTY_MEASURE_WITH_UNIT(LENGTH_MEASURE(1.E-07),#62,
  'distance_accuracy_value','confusion accuracy');
#66 = CONTEXT_DEPENDENT_SHAPE_REPRESENTATION(#67,#69);
#67 = ( REPRESENTATION_RELATIONSHIP('','',#56,#10) 
REPRESENTATION_RELATIONSHIP_WITH_TRANSFORMATION(#68) 
SHAPE_REPRESENTATION_RELATIONSHIP() );
#68 = ITEM_DEFINED_TRANSFORMATION('','',#11,#15);
#69 = PRODUCT_DEFINITION_SHAPE('Placement','Placement of an item',#70);
#70 = NEXT_ASSEMBLY_USAGE_OCCURRENCE('2','R2','',#5,#51,$);
#71 = PRODUCT_RELATED_PRODUCT_CATEGORY('part',$,(#53));
#72 = SHAPE_DEFINITION_REPRESENTATION(#73,#79);
#73 = PRODUCT_DEFINITION_SHAPE('','',#74);
#74 = PRODUCT_DEFINITION('design','',#75,#78);
#75 = PRODUCT_DEFINITION_FORMATION('','',#76);
#76 = PRODUCT('C_0402_1005Metric','C_0402_1005Metric','',(#77));
#77 = PRODUCT_CONTEXT('',#2,'mechanical');
#78 = PRODUCT_DEFINITION_CONTEXT('part definition',#2,'design');
#79 = ADVANCED_BREP_SHAPE_REPRESENTATION('',(#11,#80),#934);
#80 = MANIFOLD_SOLID_BREP('',#81);
#81 = CLOSED_SHELL('',(#82,#158,#189,#214,#239,#263,#287,#312,#337,#354,
    #440,#472,#496,#521,#545,#570,#594,#619,#636,#722,#753,#778,#803,
    #827,#851,#876,#901,#918));
#82 = ADVANCED_FACE('',(#83),#153,.F.);
#83 = FACE_BOUND('',#84,.F.);
#84 = EDGE_LOOP('',(#85,#95,#104,#112,#121,#129,#138,#146));
#85 = ORIENTED_EDGE('',*,*,#86,.F.);
#86 = EDGE_CURVE('',#87,#89,#91,.T.);
#87 = VERTEX_POINT('',#88);
#88 = CARTESIAN_POINT('',(-0.5,-0.25,2.E-02));
#89 = VERTEX_POINT('',#90);
#90 = CARTESIAN_POINT('',(-0.5,-0.25,0.48));
#91 = LINE('',#92,#93);
#92 = CARTESIAN_POINT('',(-0.5,-0.25,0.));
#93 = VECTOR('',#94,1.);
#94 = DIRECTION('',(0.,0.,1.));
#95 = ORIENTED_EDGE('',*,*,#96,.T.);
#96 = EDGE_CURVE('',#87,#97,#99,.T.);
#97 = VERTEX_POINT('',#98);
#98 = CARTESIAN_POINT('',(-0.5,-0.23,0.));
#99 = CIRCLE('',#100,2.E-02);
#100 = AXIS2_PLACEMENT_3D('',#101,#102,#103);
#101 = CARTESIAN_POINT('',(-0.5,-0.23,2.E-02));
#102 = DIRECTION('',(1.,0.,-0.));
#103 = DIRECTION('',(0.,0.,1.));
#104 = ORIENTED_EDGE('',*,*,#105,.T.);
#105 = EDGE_CURVE('',#97,#106,#108,.T.);
#106 = VERTEX_POINT('',#107);
#107 = CARTESIAN_POINT('',(-0.5,0.23,0.));
#108 = LINE('',#109,#110);
#109 = CARTESIAN_POINT('',(-0.5,-0.25,0.));
#110 = VECTOR('',#111,1.);
#111 = DIRECTION('',(0.,1.,0.));
#112 = ORIENTED_EDGE('',*,*,#113,.F.);
#113 = EDGE_CURVE('',#114,#106,#116,.T.);
#114 = VERTEX_POINT('',#115);
#115 = CARTESIAN_POINT('',(-0.5,0.25,2.E-02));
#116 = CIRCLE('',#117,2.E-02);
#117 = AXIS2_PLACEMENT_3D('',#118,#119,#120);
#118 = CARTESIAN_POINT('',(-0.5,0.23,2.E-02));
#119 = DIRECTION('',(-1.,0.,0.));
#120 = DIRECTION('',(0.,0.,1.));
#121 = ORIENTED_EDGE('',*,*,#122,.T.);
#122 = EDGE_CURVE('',#114,#123,#125,.T.);
#123 = VERTEX_POINT('',#124);
#124 = CARTESIAN_POINT('',(-0.5,0.25,0.48));
#125 = LINE('',#126,#127);
#126 = CARTESIAN_POINT('',(-0.5,0.25,0.));
#127 = VECTOR('',#128,1.);
#128 = DIRECTION('',(0.,0.,1.));
#129 = ORIENTED_EDGE('',*,*,#130,.T.);
#130 = EDGE_CURVE('',#123,#131,#133,.T.);
#131 = VERTEX_POINT('',#132);
#132 = CARTESIAN_POINT('',(-0.5,0.23,0.5));
#133 = CIRCLE('',#134,2.E-02);
#134 = AXIS2_PLACEMENT_3D('',#135,#136,#137);
#135 = CARTESIAN_POINT('',(-0.5,0.23,0.48));
#136 = DIRECTION('',(1.,0.,-0.));
#137 = DIRECTION('',(0.,0.,1.));
#138 = ORIENTED_EDGE('',*,*,#139,.F.);
#139 = EDGE_CURVE('',#140,#131,#142,.T.);
#140 = VERTEX_POINT('',#141);
#141 = CARTESIAN_POINT('',(-0.5,-0.23,0.5));
#142 = LINE('',#143,#144);
#143 = CARTESIAN_POINT('',(-0.5,-0.25,0.5));
#144 = VECTOR('',#145,1.);
#145 = DIRECTION('',(0.,1.,0.));
#146 = ORIENTED_EDGE('',*,*,#147,.F.);
#147 = EDGE_CURVE('',#89,#140,#148,.T.);
#148 = CIRCLE('',#149,2.E-02);
#149 = AXIS2_PLACEMENT_3D('',#150,#151,#152);
#150 = CARTESIAN_POINT('',(-0.5,-0.23,0.48));
#151 = DIRECTION('',(-1.,0.,0.));
#152 = DIRECTION('',(0.,0.,1.));
#153 = PLANE('',#154);
#154 = AXIS2_PLACEMENT_3D('',#155,#156,#157);
#155 = CARTESIAN_POINT('',(-0.5,-0.25,0.));
#156 = DIRECTION('',(1.,0.,0.));
#157 = DIRECTION('',(0.,0.,1.));
#158 = ADVANCED_FACE('',(#159),#184,.F.);
#159 = FACE_BOUND('',#160,.F.);
#160 = EDGE_LOOP('',(#161,#171,#177,#178));
#161 = ORIENTED_EDGE('',*,*,#162,.F.);
#162 = EDGE_CURVE('',#163,#165,#167,.T.);
#163 = VERTEX_POINT('',#164);
#164 = CARTESIAN_POINT('',(-0.3,-0.25,2.E-02));
#165 = VERTEX_POINT('',#166);
#166 = CARTESIAN_POINT('',(-0.3,-0.25,0.48));
#167 = LINE('',#168,#169);
#168 = CARTESIAN_POINT('',(-0.3,-0.25,0.));
#169 = VECTOR('',#170,1.);
#170 = DIRECTION('',(0.,0.,1.));
#171 = ORIENTED_EDGE('',*,*,#172,.F.);
#172 = EDGE_CURVE('',#87,#163,#173,.T.);
#173 = LINE('',#174,#175);
#174 = CARTESIAN_POINT('',(-0.5,-0.25,2.E-02));
#175 = VECTOR('',#176,1.);
#176 = DIRECTION('',(1.,0.,0.));
#177 = ORIENTED_EDGE('',*,*,#86,.T.);
#178 = ORIENTED_EDGE('',*,*,#179,.T.);
#179 = EDGE_CURVE('',#89,#165,#180,.T.);
#180 = LINE('',#181,#182);
#181 = CARTESIAN_POINT('',(-0.5,-0.25,0.48));
#182 = VECTOR('',#183,1.);
#183 = DIRECTION('',(1.,0.,0.));
#184 = PLANE('',#185);
#185 = AXIS2_PLACEMENT_3D('',#186,#187,#188);
#186 = CARTESIAN_POINT('',(-0.5,-0.25,0.));
#187 = DIRECTION('',(0.,1.,0.));
#188 = DIRECTION('',(0.,-0.,1.));
#189 = ADVANCED_FACE('',(#190),#209,.T.);
#190 = FACE_BOUND('',#191,.T.);
#191 = EDGE_LOOP('',(#192,#193,#201,#208));
#192 = ORIENTED_EDGE('',*,*,#96,.T.);
#193 = ORIENTED_EDGE('',*,*,#194,.T.);
#194 = EDGE_CURVE('',#97,#195,#197,.T.);
#195 = VERTEX_POINT('',#196);
#196 = CARTESIAN_POINT('',(-0.3,-0.23,0.));
#197 = LINE('',#198,#199);
#198 = CARTESIAN_POINT('',(-0.5,-0.23,0.));
#199 = VECTOR('',#200,1.);
#200 = DIRECTION('',(1.,0.,0.));
#201 = ORIENTED_EDGE('',*,*,#202,.F.);
#202 = EDGE_CURVE('',#163,#195,#203,.T.);
#203 = CIRCLE('',#204,2.E-02);
#204 = AXIS2_PLACEMENT_3D('',#205,#206,#207);
#205 = CARTESIAN_POINT('',(-0.3,-0.23,2.E-02));
#206 = DIRECTION('',(1.,0.,-0.));
#207 = DIRECTION('',(0.,0.,1.));
#208 = ORIENTED_EDGE('',*,*,#172,.F.);
#209 = CYLINDRICAL_SURFACE('',#210,2.E-02);
#210 = AXIS2_PLACEMENT_3D('',#211,#212,#213);
#211 = CARTESIAN_POINT('',(-0.5,-0.23,2.E-02));
#212 = DIRECTION('',(1.,0.,0.));
#213 = DIRECTION('',(0.,-1.,0.));
#214 = ADVANCED_FACE('',(#215),#234,.T.);
#215 = FACE_BOUND('',#216,.T.);
#216 = EDGE_LOOP('',(#217,#218,#227,#233));
#217 = ORIENTED_EDGE('',*,*,#179,.T.);
#218 = ORIENTED_EDGE('',*,*,#219,.T.);
#219 = EDGE_CURVE('',#165,#220,#222,.T.);
#220 = VERTEX_POINT('',#221);
#221 = CARTESIAN_POINT('',(-0.3,-0.23,0.5));
#222 = CIRCLE('',#223,2.E-02);
#223 = AXIS2_PLACEMENT_3D('',#224,#225,#226);
#224 = CARTESIAN_POINT('',(-0.3,-0.23,0.48));
#225 = DIRECTION('',(-1.,0.,0.));
#226 = DIRECTION('',(0.,0.,1.));
#227 = ORIENTED_EDGE('',*,*,#228,.F.);
#228 = EDGE_CURVE('',#140,#220,#229,.T.);
#229 = LINE('',#230,#231);
#230 = CARTESIAN_POINT('',(-0.5,-0.23,0.5));
#231 = VECTOR('',#232,1.);
#232 = DIRECTION('',(1.,0.,0.));
#233 = ORIENTED_EDGE('',*,*,#147,.F.);
#234 = CYLINDRICAL_SURFACE('',#235,2.E-02);
#235 = AXIS2_PLACEMENT_3D('',#236,#237,#238);
#236 = CARTESIAN_POINT('',(-0.5,-0.23,0.48));
#237 = DIRECTION('',(1.,0.,0.));
#238 = DIRECTION('',(0.,-1.,0.));
#239 = ADVANCED_FACE('',(#240),#258,.F.);
#240 = FACE_BOUND('',#241,.F.);
#241 = EDGE_LOOP('',(#242,#243,#244,#252));
#242 = ORIENTED_EDGE('',*,*,#105,.F.);
#243 = ORIENTED_EDGE('',*,*,#194,.T.);
#244 = ORIENTED_EDGE('',*,*,#245,.T.);
#245 = EDGE_CURVE('',#195,#246,#248,.T.);
#246 = VERTEX_POINT('',#247);
#247 = CARTESIAN_POINT('',(-0.3,0.23,0.));
#248 = LINE('',#249,#250);
#249 = CARTESIAN_POINT('',(-0.3,-0.25,0.));
#250 = VECTOR('',#251,1.);
#251 = DIRECTION('',(0.,1.,0.));
#252 = ORIENTED_EDGE('',*,*,#253,.F.);
#253 = EDGE_CURVE('',#106,#246,#254,.T.);
#254 = LINE('',#255,#256);
#255 = CARTESIAN_POINT('',(-0.5,0.23,0.));
#256 = VECTOR('',#257,1.);
#257 = DIRECTION('',(1.,0.,0.));
#258 = PLANE('',#259);
#259 = AXIS2_PLACEMENT_3D('',#260,#261,#262);
#260 = CARTESIAN_POINT('',(-0.5,-0.25,0.));
#261 = DIRECTION('',(0.,0.,1.));
#262 = DIRECTION('',(1.,0.,-0.));
#263 = ADVANCED_FACE('',(#264),#282,.T.);
#264 = FACE_BOUND('',#265,.T.);
#265 = EDGE_LOOP('',(#266,#267,#268,#276));
#266 = ORIENTED_EDGE('',*,*,#139,.F.);
#267 = ORIENTED_EDGE('',*,*,#228,.T.);
#268 = ORIENTED_EDGE('',*,*,#269,.T.);
#269 = EDGE_CURVE('',#220,#270,#272,.T.);
#270 = VERTEX_POINT('',#271);
#271 = CARTESIAN_POINT('',(-0.3,0.23,0.5));
#272 = LINE('',#273,#274);
#273 = CARTESIAN_POINT('',(-0.3,-0.25,0.5));
#274 = VECTOR('',#275,1.);
#275 = DIRECTION('',(0.,1.,0.));
#276 = ORIENTED_EDGE('',*,*,#277,.F.);
#277 = EDGE_CURVE('',#131,#270,#278,.T.);
#278 = LINE('',#279,#280);
#279 = CARTESIAN_POINT('',(-0.5,0.23,0.5));
#280 = VECTOR('',#281,1.);
#281 = DIRECTION('',(1.,0.,0.));
#282 = PLANE('',#283);
#283 = AXIS2_PLACEMENT_3D('',#284,#285,#286);
#284 = CARTESIAN_POINT('',(-0.5,-0.25,0.5));
#285 = DIRECTION('',(0.,0.,1.));
#286 = DIRECTION('',(1.,0.,-0.));
#287 = ADVANCED_FACE('',(#288),#307,.T.);
#288 = FACE_BOUND('',#289,.T.);
#289 = EDGE_LOOP('',(#290,#298,#305,#306));
#290 = ORIENTED_EDGE('',*,*,#291,.T.);
#291 = EDGE_CURVE('',#114,#292,#294,.T.);
#292 = VERTEX_POINT('',#293);
#293 = CARTESIAN_POINT('',(-0.3,0.25,2.E-02));
#294 = LINE('',#295,#296);
#295 = CARTESIAN_POINT('',(-0.5,0.25,2.E-02));
#296 = VECTOR('',#297,1.);
#297 = DIRECTION('',(1.,0.,0.));
#298 = ORIENTED_EDGE('',*,*,#299,.T.);
#299 = EDGE_CURVE('',#292,#246,#300,.T.);
#300 = CIRCLE('',#301,2.E-02);
#301 = AXIS2_PLACEMENT_3D('',#302,#303,#304);
#302 = CARTESIAN_POINT('',(-0.3,0.23,2.E-02));
#303 = DIRECTION('',(-1.,0.,0.));
#304 = DIRECTION('',(0.,0.,1.));
#305 = ORIENTED_EDGE('',*,*,#253,.F.);
#306 = ORIENTED_EDGE('',*,*,#113,.F.);
#307 = CYLINDRICAL_SURFACE('',#308,2.E-02);
#308 = AXIS2_PLACEMENT_3D('',#309,#310,#311);
#309 = CARTESIAN_POINT('',(-0.5,0.23,2.E-02));
#310 = DIRECTION('',(1.,0.,0.));
#311 = DIRECTION('',(-0.,1.,0.));
#312 = ADVANCED_FACE('',(#313),#332,.T.);
#313 = FACE_BOUND('',#314,.T.);
#314 = EDGE_LOOP('',(#315,#316,#317,#326));
#315 = ORIENTED_EDGE('',*,*,#130,.T.);
#316 = ORIENTED_EDGE('',*,*,#277,.T.);
#317 = ORIENTED_EDGE('',*,*,#318,.F.);
#318 = EDGE_CURVE('',#319,#270,#321,.T.);
#319 = VERTEX_POINT('',#320);
#320 = CARTESIAN_POINT('',(-0.3,0.25,0.48));
#321 = CIRCLE('',#322,2.E-02);
#322 = AXIS2_PLACEMENT_3D('',#323,#324,#325);
#323 = CARTESIAN_POINT('',(-0.3,0.23,0.48));
#324 = DIRECTION('',(1.,0.,-0.));
#325 = DIRECTION('',(0.,0.,1.));
#326 = ORIENTED_EDGE('',*,*,#327,.F.);
#327 = EDGE_CURVE('',#123,#319,#328,.T.);
#328 = LINE('',#329,#330);
#329 = CARTESIAN_POINT('',(-0.5,0.25,0.48));
#330 = VECTOR('',#331,1.);
#331 = DIRECTION('',(1.,0.,0.));
#332 = CYLINDRICAL_SURFACE('',#333,2.E-02);
#333 = AXIS2_PLACEMENT_3D('',#334,#335,#336);
#334 = CARTESIAN_POINT('',(-0.5,0.23,0.48));
#335 = DIRECTION('',(1.,0.,0.));
#336 = DIRECTION('',(-0.,1.,0.));
#337 = ADVANCED_FACE('',(#338),#349,.T.);
#338 = FACE_BOUND('',#339,.T.);
#339 = EDGE_LOOP('',(#340,#346,#347,#348));
#340 = ORIENTED_EDGE('',*,*,#341,.F.);
#341 = EDGE_CURVE('',#292,#319,#342,.T.);
#342 = LINE('',#343,#344);
#343 = CARTESIAN_POINT('',(-0.3,0.25,0.));
#344 = VECTOR('',#345,1.);
#345 = DIRECTION('',(0.,0.,1.));
#346 = ORIENTED_EDGE('',*,*,#291,.F.);
#347 = ORIENTED_EDGE('',*,*,#122,.T.);
#348 = ORIENTED_EDGE('',*,*,#327,.T.);
#349 = PLANE('',#350);
#350 = AXIS2_PLACEMENT_3D('',#351,#352,#353);
#351 = CARTESIAN_POINT('',(-0.5,0.25,0.));
#352 = DIRECTION('',(0.,1.,0.));
#353 = DIRECTION('',(0.,-0.,1.));
#354 = ADVANCED_FACE('',(#355,#365),#435,.T.);
#355 = FACE_BOUND('',#356,.T.);
#356 = EDGE_LOOP('',(#357,#358,#359,#360,#361,#362,#363,#364));
#357 = ORIENTED_EDGE('',*,*,#162,.F.);
#358 = ORIENTED_EDGE('',*,*,#202,.T.);
#359 = ORIENTED_EDGE('',*,*,#245,.T.);
#360 = ORIENTED_EDGE('',*,*,#299,.F.);
#361 = ORIENTED_EDGE('',*,*,#341,.T.);
#362 = ORIENTED_EDGE('',*,*,#318,.T.);
#363 = ORIENTED_EDGE('',*,*,#269,.F.);
#364 = ORIENTED_EDGE('',*,*,#219,.F.);
#365 = FACE_BOUND('',#366,.T.);
#366 = EDGE_LOOP('',(#367,#378,#386,#395,#403,#412,#420,#429));
#367 = ORIENTED_EDGE('',*,*,#368,.F.);
#368 = EDGE_CURVE('',#369,#371,#373,.T.);
#369 = VERTEX_POINT('',#370);
#370 = CARTESIAN_POINT('',(-0.3,-0.23,4.E-02));
#371 = VERTEX_POINT('',#372);
#372 = CARTESIAN_POINT('',(-0.3,-0.21,2.E-02));
#373 = CIRCLE('',#374,2.E-02);
#374 = AXIS2_PLACEMENT_3D('',#375,#376,#377);
#375 = CARTESIAN_POINT('',(-0.3,-0.21,4.E-02));
#376 = DIRECTION('',(1.,0.,-0.));
#377 = DIRECTION('',(0.,0.,1.));
#378 = ORIENTED_EDGE('',*,*,#379,.T.);
#379 = EDGE_CURVE('',#369,#380,#382,.T.);
#380 = VERTEX_POINT('',#381);
#381 = CARTESIAN_POINT('',(-0.3,-0.23,0.46));
#382 = LINE('',#383,#384);
#383 = CARTESIAN_POINT('',(-0.3,-0.23,2.E-02));
#384 = VECTOR('',#385,1.);
#385 = DIRECTION('',(0.,0.,1.));
#386 = ORIENTED_EDGE('',*,*,#387,.T.);
#387 = EDGE_CURVE('',#380,#388,#390,.T.);
#388 = VERTEX_POINT('',#389);
#389 = CARTESIAN_POINT('',(-0.3,-0.21,0.48));
#390 = CIRCLE('',#391,2.E-02);
#391 = AXIS2_PLACEMENT_3D('',#392,#393,#394);
#392 = CARTESIAN_POINT('',(-0.3,-0.21,0.46));
#393 = DIRECTION('',(-1.,0.,0.));
#394 = DIRECTION('',(0.,0.,1.));
#395 = ORIENTED_EDGE('',*,*,#396,.T.);
#396 = EDGE_CURVE('',#388,#397,#399,.T.);
#397 = VERTEX_POINT('',#398);
#398 = CARTESIAN_POINT('',(-0.3,0.21,0.48));
#399 = LINE('',#400,#401);
#400 = CARTESIAN_POINT('',(-0.3,-0.23,0.48));
#401 = VECTOR('',#402,1.);
#402 = DIRECTION('',(0.,1.,0.));
#403 = ORIENTED_EDGE('',*,*,#404,.F.);
#404 = EDGE_CURVE('',#405,#397,#407,.T.);
#405 = VERTEX_POINT('',#406);
#406 = CARTESIAN_POINT('',(-0.3,0.23,0.46));
#407 = CIRCLE('',#408,2.E-02);
#408 = AXIS2_PLACEMENT_3D('',#409,#410,#411);
#409 = CARTESIAN_POINT('',(-0.3,0.21,0.46));
#410 = DIRECTION('',(1.,0.,-0.));
#411 = DIRECTION('',(0.,0.,1.));
#412 = ORIENTED_EDGE('',*,*,#413,.F.);
#413 = EDGE_CURVE('',#414,#405,#416,.T.);
#414 = VERTEX_POINT('',#415);
#415 = CARTESIAN_POINT('',(-0.3,0.23,4.E-02));
#416 = LINE('',#417,#418);
#417 = CARTESIAN_POINT('',(-0.3,0.23,2.E-02));
#418 = VECTOR('',#419,1.);
#419 = DIRECTION('',(0.,0.,1.));
#420 = ORIENTED_EDGE('',*,*,#421,.T.);
#421 = EDGE_CURVE('',#414,#422,#424,.T.);
#422 = VERTEX_POINT('',#423);
#423 = CARTESIAN_POINT('',(-0.3,0.21,2.E-02));
#424 = CIRCLE('',#425,2.E-02);
#425 = AXIS2_PLACEMENT_3D('',#426,#427,#428);
#426 = CARTESIAN_POINT('',(-0.3,0.21,4.E-02));
#427 = DIRECTION('',(-1.,0.,0.));
#428 = DIRECTION('',(0.,0.,1.));
#429 = ORIENTED_EDGE('',*,*,#430,.F.);
#430 = EDGE_CURVE('',#371,#422,#431,.T.);
#431 = LINE('',#432,#433);
#432 = CARTESIAN_POINT('',(-0.3,-0.23,2.E-02));
#433 = VECTOR('',#434,1.);
#434 = DIRECTION('',(0.,1.,0.));
#435 = PLANE('',#436);
#436 = AXIS2_PLACEMENT_3D('',#437,#438,#439);
#437 = CARTESIAN_POINT('',(-0.3,-0.25,0.));
#438 = DIRECTION('',(1.,0.,0.));
#439 = DIRECTION('',(0.,0.,1.));
#440 = ADVANCED_FACE('',(#441),#467,.T.);
#441 = FACE_BOUND('',#442,.T.);
#442 = EDGE_LOOP('',(#443,#444,#452,#461));
#443 = ORIENTED_EDGE('',*,*,#368,.T.);
#444 = ORIENTED_EDGE('',*,*,#445,.T.);
#445 = EDGE_CURVE('',#371,#446,#448,.T.);
#446 = VERTEX_POINT('',#447);
#447 = CARTESIAN_POINT('',(0.3,-0.21,2.E-02));
#448 = LINE('',#449,#450);
#449 = CARTESIAN_POINT('',(-0.3,-0.21,2.E-02));
#450 = VECTOR('',#451,1.);
#451 = DIRECTION('',(1.,0.,0.));
#452 = ORIENTED_EDGE('',*,*,#453,.F.);
#453 = EDGE_CURVE('',#454,#446,#456,.T.);
#454 = VERTEX_POINT('',#455);
#455 = CARTESIAN_POINT('',(0.3,-0.23,4.E-02));
#456 = CIRCLE('',#457,2.E-02);
#457 = AXIS2_PLACEMENT_3D('',#458,#459,#460);
#458 = CARTESIAN_POINT('',(0.3,-0.21,4.E-02));
#459 = DIRECTION('',(1.,0.,-0.));
#460 = DIRECTION('',(0.,0.,1.));
#461 = ORIENTED_EDGE('',*,*,#462,.F.);
#462 = EDGE_CURVE('',#369,#454,#463,.T.);
#463 = LINE('',#464,#465);
#464 = CARTESIAN_POINT('',(-0.3,-0.23,4.E-02));
#465 = VECTOR('',#466,1.);
#466 = DIRECTION('',(1.,0.,0.));
#467 = CYLINDRICAL_SURFACE('',#468,2.E-02);
#468 = AXIS2_PLACEMENT_3D('',#469,#470,#471);
#469 = CARTESIAN_POINT('',(-0.3,-0.21,4.E-02));
#470 = DIRECTION('',(1.,0.,0.));
#471 = DIRECTION('',(0.,-1.,0.));
#472 = ADVANCED_FACE('',(#473),#491,.F.);
#473 = FACE_BOUND('',#474,.F.);
#474 = EDGE_LOOP('',(#475,#476,#477,#485));
#475 = ORIENTED_EDGE('',*,*,#430,.F.);
#476 = ORIENTED_EDGE('',*,*,#445,.T.);
#477 = ORIENTED_EDGE('',*,*,#478,.T.);
#478 = EDGE_CURVE('',#446,#479,#481,.T.);
#479 = VERTEX_POINT('',#480);
#480 = CARTESIAN_POINT('',(0.3,0.21,2.E-02));
#481 = LINE('',#482,#483);
#482 = CARTESIAN_POINT('',(0.3,-0.23,2.E-02));
#483 = VECTOR('',#484,1.);
#484 = DIRECTION('',(0.,1.,0.));
#485 = ORIENTED_EDGE('',*,*,#486,.F.);
#486 = EDGE_CURVE('',#422,#479,#487,.T.);
#487 = LINE('',#488,#489);
#488 = CARTESIAN_POINT('',(-0.3,0.21,2.E-02));
#489 = VECTOR('',#490,1.);
#490 = DIRECTION('',(1.,0.,0.));
#491 = PLANE('',#492);
#492 = AXIS2_PLACEMENT_3D('',#493,#494,#495);
#493 = CARTESIAN_POINT('',(-0.3,-0.23,2.E-02));
#494 = DIRECTION('',(0.,0.,1.));
#495 = DIRECTION('',(1.,0.,-0.));
#496 = ADVANCED_FACE('',(#497),#516,.T.);
#497 = FACE_BOUND('',#498,.T.);
#498 = EDGE_LOOP('',(#499,#507,#514,#515));
#499 = ORIENTED_EDGE('',*,*,#500,.T.);
#500 = EDGE_CURVE('',#414,#501,#503,.T.);
#501 = VERTEX_POINT('',#502);
#502 = CARTESIAN_POINT('',(0.3,0.23,4.E-02));
#503 = LINE('',#504,#505);
#504 = CARTESIAN_POINT('',(-0.3,0.23,4.E-02));
#505 = VECTOR('',#506,1.);
#506 = DIRECTION('',(1.,0.,0.));
#507 = ORIENTED_EDGE('',*,*,#508,.T.);
#508 = EDGE_CURVE('',#501,#479,#509,.T.);
#509 = CIRCLE('',#510,2.E-02);
#510 = AXIS2_PLACEMENT_3D('',#511,#512,#513);
#511 = CARTESIAN_POINT('',(0.3,0.21,4.E-02));
#512 = DIRECTION('',(-1.,0.,0.));
#513 = DIRECTION('',(0.,0.,1.));
#514 = ORIENTED_EDGE('',*,*,#486,.F.);
#515 = ORIENTED_EDGE('',*,*,#421,.F.);
#516 = CYLINDRICAL_SURFACE('',#517,2.E-02);
#517 = AXIS2_PLACEMENT_3D('',#518,#519,#520);
#518 = CARTESIAN_POINT('',(-0.3,0.21,4.E-02));
#519 = DIRECTION('',(1.,0.,0.));
#520 = DIRECTION('',(-0.,1.,0.));
#521 = ADVANCED_FACE('',(#522),#540,.T.);
#522 = FACE_BOUND('',#523,.T.);
#523 = EDGE_LOOP('',(#524,#532,#533,#534));
#524 = ORIENTED_EDGE('',*,*,#525,.F.);
#525 = EDGE_CURVE('',#501,#526,#528,.T.);
#526 = VERTEX_POINT('',#527);
#527 = CARTESIAN_POINT('',(0.3,0.23,0.46));
#528 = LINE('',#529,#530);
#529 = CARTESIAN_POINT('',(0.3,0.23,2.E-02));
#530 = VECTOR('',#531,1.);
#531 = DIRECTION('',(0.,0.,1.));
#532 = ORIENTED_EDGE('',*,*,#500,.F.);
#533 = ORIENTED_EDGE('',*,*,#413,.T.);
#534 = ORIENTED_EDGE('',*,*,#535,.T.);
#535 = EDGE_CURVE('',#405,#526,#536,.T.);
#536 = LINE('',#537,#538);
#537 = CARTESIAN_POINT('',(-0.3,0.23,0.46));
#538 = VECTOR('',#539,1.);
#539 = DIRECTION('',(1.,0.,0.));
#540 = PLANE('',#541);
#541 = AXIS2_PLACEMENT_3D('',#542,#543,#544);
#542 = CARTESIAN_POINT('',(-0.3,0.23,2.E-02));
#543 = DIRECTION('',(0.,1.,0.));
#544 = DIRECTION('',(0.,-0.,1.));
#545 = ADVANCED_FACE('',(#546),#565,.T.);
#546 = FACE_BOUND('',#547,.T.);
#547 = EDGE_LOOP('',(#548,#549,#557,#564));
#548 = ORIENTED_EDGE('',*,*,#404,.T.);
#549 = ORIENTED_EDGE('',*,*,#550,.T.);
#550 = EDGE_CURVE('',#397,#551,#553,.T.);
#551 = VERTEX_POINT('',#552);
#552 = CARTESIAN_POINT('',(0.3,0.21,0.48));
#553 = LINE('',#554,#555);
#554 = CARTESIAN_POINT('',(-0.3,0.21,0.48));
#555 = VECTOR('',#556,1.);
#556 = DIRECTION('',(1.,0.,0.));
#557 = ORIENTED_EDGE('',*,*,#558,.F.);
#558 = EDGE_CURVE('',#526,#551,#559,.T.);
#559 = CIRCLE('',#560,2.E-02);
#560 = AXIS2_PLACEMENT_3D('',#561,#562,#563);
#561 = CARTESIAN_POINT('',(0.3,0.21,0.46));
#562 = DIRECTION('',(1.,0.,-0.));
#563 = DIRECTION('',(0.,0.,1.));
#564 = ORIENTED_EDGE('',*,*,#535,.F.);
#565 = CYLINDRICAL_SURFACE('',#566,2.E-02);
#566 = AXIS2_PLACEMENT_3D('',#567,#568,#569);
#567 = CARTESIAN_POINT('',(-0.3,0.21,0.46));
#568 = DIRECTION('',(1.,0.,0.));
#569 = DIRECTION('',(-0.,1.,0.));
#570 = ADVANCED_FACE('',(#571),#589,.T.);
#571 = FACE_BOUND('',#572,.T.);
#572 = EDGE_LOOP('',(#573,#574,#582,#588));
#573 = ORIENTED_EDGE('',*,*,#396,.F.);
#574 = ORIENTED_EDGE('',*,*,#575,.T.);
#575 = EDGE_CURVE('',#388,#576,#578,.T.);
#576 = VERTEX_POINT('',#577);
#577 = CARTESIAN_POINT('',(0.3,-0.21,0.48));
#578 = LINE('',#579,#580);
#579 = CARTESIAN_POINT('',(-0.3,-0.21,0.48));
#580 = VECTOR('',#581,1.);
#581 = DIRECTION('',(1.,0.,0.));
#582 = ORIENTED_EDGE('',*,*,#583,.T.);
#583 = EDGE_CURVE('',#576,#551,#584,.T.);
#584 = LINE('',#585,#586);
#585 = CARTESIAN_POINT('',(0.3,-0.23,0.48));
#586 = VECTOR('',#587,1.);
#587 = DIRECTION('',(0.,1.,0.));
#588 = ORIENTED_EDGE('',*,*,#550,.F.);
#589 = PLANE('',#590);
#590 = AXIS2_PLACEMENT_3D('',#591,#592,#593);
#591 = CARTESIAN_POINT('',(-0.3,-0.23,0.48));
#592 = DIRECTION('',(0.,0.,1.));
#593 = DIRECTION('',(1.,0.,-0.));
#594 = ADVANCED_FACE('',(#595),#614,.T.);
#595 = FACE_BOUND('',#596,.T.);
#596 = EDGE_LOOP('',(#597,#605,#612,#613));
#597 = ORIENTED_EDGE('',*,*,#598,.T.);
#598 = EDGE_CURVE('',#380,#599,#601,.T.);
#599 = VERTEX_POINT('',#600);
#600 = CARTESIAN_POINT('',(0.3,-0.23,0.46));
#601 = LINE('',#602,#603);
#602 = CARTESIAN_POINT('',(-0.3,-0.23,0.46));
#603 = VECTOR('',#604,1.);
#604 = DIRECTION('',(1.,0.,0.));
#605 = ORIENTED_EDGE('',*,*,#606,.T.);
#606 = EDGE_CURVE('',#599,#576,#607,.T.);
#607 = CIRCLE('',#608,2.E-02);
#608 = AXIS2_PLACEMENT_3D('',#609,#610,#611);
#609 = CARTESIAN_POINT('',(0.3,-0.21,0.46));
#610 = DIRECTION('',(-1.,0.,0.));
#611 = DIRECTION('',(0.,0.,1.));
#612 = ORIENTED_EDGE('',*,*,#575,.F.);
#613 = ORIENTED_EDGE('',*,*,#387,.F.);
#614 = CYLINDRICAL_SURFACE('',#615,2.E-02);
#615 = AXIS2_PLACEMENT_3D('',#616,#617,#618);
#616 = CARTESIAN_POINT('',(-0.3,-0.21,0.46));
#617 = DIRECTION('',(1.,0.,0.));
#618 = DIRECTION('',(0.,-1.,0.));
#619 = ADVANCED_FACE('',(#620),#631,.F.);
#620 = FACE_BOUND('',#621,.F.);
#621 = EDGE_LOOP('',(#622,#628,#629,#630));
#622 = ORIENTED_EDGE('',*,*,#623,.F.);
#623 = EDGE_CURVE('',#454,#599,#624,.T.);
#624 = LINE('',#625,#626);
#625 = CARTESIAN_POINT('',(0.3,-0.23,2.E-02));
#626 = VECTOR('',#627,1.);
#627 = DIRECTION('',(0.,0.,1.));
#628 = ORIENTED_EDGE('',*,*,#462,.F.);
#629 = ORIENTED_EDGE('',*,*,#379,.T.);
#630 = ORIENTED_EDGE('',*,*,#598,.T.);
#631 = PLANE('',#632);
#632 = AXIS2_PLACEMENT_3D('',#633,#634,#635);
#633 = CARTESIAN_POINT('',(-0.3,-0.23,2.E-02));
#634 = DIRECTION('',(0.,1.,0.));
#635 = DIRECTION('',(0.,-0.,1.));
#636 = ADVANCED_FACE('',(#637,#707),#717,.F.);
#637 = FACE_BOUND('',#638,.F.);
#638 = EDGE_LOOP('',(#639,#649,#658,#666,#675,#683,#692,#700));
#639 = ORIENTED_EDGE('',*,*,#640,.F.);
#640 = EDGE_CURVE('',#641,#643,#645,.T.);
#641 = VERTEX_POINT('',#642);
#642 = CARTESIAN_POINT('',(0.3,-0.25,2.E-02));
#643 = VERTEX_POINT('',#644);
#644 = CARTESIAN_POINT('',(0.3,-0.25,0.48));
#645 = LINE('',#646,#647);
#646 = CARTESIAN_POINT('',(0.3,-0.25,0.));
#647 = VECTOR('',#648,1.);
#648 = DIRECTION('',(0.,0.,1.));
#649 = ORIENTED_EDGE('',*,*,#650,.T.);
#650 = EDGE_CURVE('',#641,#651,#653,.T.);
#651 = VERTEX_POINT('',#652);
#652 = CARTESIAN_POINT('',(0.3,-0.23,0.));
#653 = CIRCLE('',#654,2.E-02);
#654 = AXIS2_PLACEMENT_3D('',#655,#656,#657);
#655 = CARTESIAN_POINT('',(0.3,-0.23,2.E-02));
#656 = DIRECTION('',(1.,0.,-0.));
#657 = DIRECTION('',(0.,0.,1.));
#658 = ORIENTED_EDGE('',*,*,#659,.T.);
#659 = EDGE_CURVE('',#651,#660,#662,.T.);
#660 = VERTEX_POINT('',#661);
#661 = CARTESIAN_POINT('',(0.3,0.23,0.));
#662 = LINE('',#663,#664);
#663 = CARTESIAN_POINT('',(0.3,-0.25,0.));
#664 = VECTOR('',#665,1.);
#665 = DIRECTION('',(0.,1.,0.));
#666 = ORIENTED_EDGE('',*,*,#667,.F.);
#667 = EDGE_CURVE('',#668,#660,#670,.T.);
#668 = VERTEX_POINT('',#669);
#669 = CARTESIAN_POINT('',(0.3,0.25,2.E-02));
#670 = CIRCLE('',#671,2.E-02);
#671 = AXIS2_PLACEMENT_3D('',#672,#673,#674);
#672 = CARTESIAN_POINT('',(0.3,0.23,2.E-02));
#673 = DIRECTION('',(-1.,0.,0.));
#674 = DIRECTION('',(0.,0.,1.));
#675 = ORIENTED_EDGE('',*,*,#676,.T.);
#676 = EDGE_CURVE('',#668,#677,#679,.T.);
#677 = VERTEX_POINT('',#678);
#678 = CARTESIAN_POINT('',(0.3,0.25,0.48));
#679 = LINE('',#680,#681);
#680 = CARTESIAN_POINT('',(0.3,0.25,0.));
#681 = VECTOR('',#682,1.);
#682 = DIRECTION('',(0.,0.,1.));
#683 = ORIENTED_EDGE('',*,*,#684,.T.);
#684 = EDGE_CURVE('',#677,#685,#687,.T.);
#685 = VERTEX_POINT('',#686);
#686 = CARTESIAN_POINT('',(0.3,0.23,0.5));
#687 = CIRCLE('',#688,2.E-02);
#688 = AXIS2_PLACEMENT_3D('',#689,#690,#691);
#689 = CARTESIAN_POINT('',(0.3,0.23,0.48));
#690 = DIRECTION('',(1.,0.,-0.));
#691 = DIRECTION('',(0.,0.,1.));
#692 = ORIENTED_EDGE('',*,*,#693,.F.);
#693 = EDGE_CURVE('',#694,#685,#696,.T.);
#694 = VERTEX_POINT('',#695);
#695 = CARTESIAN_POINT('',(0.3,-0.23,0.5));
#696 = LINE('',#697,#698);
#697 = CARTESIAN_POINT('',(0.3,-0.25,0.5));
#698 = VECTOR('',#699,1.);
#699 = DIRECTION('',(0.,1.,0.));
#700 = ORIENTED_EDGE('',*,*,#701,.F.);
#701 = EDGE_CURVE('',#643,#694,#702,.T.);
#702 = CIRCLE('',#703,2.E-02);
#703 = AXIS2_PLACEMENT_3D('',#704,#705,#706);
#704 = CARTESIAN_POINT('',(0.3,-0.23,0.48));
#705 = DIRECTION('',(-1.,0.,0.));
#706 = DIRECTION('',(0.,0.,1.));
#707 = FACE_BOUND('',#708,.F.);
#708 = EDGE_LOOP('',(#709,#710,#711,#712,#713,#714,#715,#716));
#709 = ORIENTED_EDGE('',*,*,#453,.F.);
#710 = ORIENTED_EDGE('',*,*,#623,.T.);
#711 = ORIENTED_EDGE('',*,*,#606,.T.);
#712 = ORIENTED_EDGE('',*,*,#583,.T.);
#713 = ORIENTED_EDGE('',*,*,#558,.F.);
#714 = ORIENTED_EDGE('',*,*,#525,.F.);
#715 = ORIENTED_EDGE('',*,*,#508,.T.);
#716 = ORIENTED_EDGE('',*,*,#478,.F.);
#717 = PLANE('',#718);
#718 = AXIS2_PLACEMENT_3D('',#719,#720,#721);
#719 = CARTESIAN_POINT('',(0.3,-0.25,0.));
#720 = DIRECTION('',(1.,0.,0.));
#721 = DIRECTION('',(0.,0.,1.));
#722 = ADVANCED_FACE('',(#723),#748,.F.);
#723 = FACE_BOUND('',#724,.F.);
#724 = EDGE_LOOP('',(#725,#735,#741,#742));
#725 = ORIENTED_EDGE('',*,*,#726,.F.);
#726 = EDGE_CURVE('',#727,#729,#731,.T.);
#727 = VERTEX_POINT('',#728);
#728 = CARTESIAN_POINT('',(0.5,-0.25,2.E-02));
#729 = VERTEX_POINT('',#730);
#730 = CARTESIAN_POINT('',(0.5,-0.25,0.48));
#731 = LINE('',#732,#733);
#732 = CARTESIAN_POINT('',(0.5,-0.25,0.));
#733 = VECTOR('',#734,1.);
#734 = DIRECTION('',(0.,0.,1.));
#735 = ORIENTED_EDGE('',*,*,#736,.F.);
#736 = EDGE_CURVE('',#641,#727,#737,.T.);
#737 = LINE('',#738,#739);
#738 = CARTESIAN_POINT('',(0.3,-0.25,2.E-02));
#739 = VECTOR('',#740,1.);
#740 = DIRECTION('',(1.,0.,0.));
#741 = ORIENTED_EDGE('',*,*,#640,.T.);
#742 = ORIENTED_EDGE('',*,*,#743,.T.);
#743 = EDGE_CURVE('',#643,#729,#744,.T.);
#744 = LINE('',#745,#746);
#745 = CARTESIAN_POINT('',(0.3,-0.25,0.48));
#746 = VECTOR('',#747,1.);
#747 = DIRECTION('',(1.,0.,0.));
#748 = PLANE('',#749);
#749 = AXIS2_PLACEMENT_3D('',#750,#751,#752);
#750 = CARTESIAN_POINT('',(0.3,-0.25,0.));
#751 = DIRECTION('',(0.,1.,0.));
#752 = DIRECTION('',(0.,-0.,1.));
#753 = ADVANCED_FACE('',(#754),#773,.T.);
#754 = FACE_BOUND('',#755,.T.);
#755 = EDGE_LOOP('',(#756,#757,#765,#772));
#756 = ORIENTED_EDGE('',*,*,#650,.T.);
#757 = ORIENTED_EDGE('',*,*,#758,.T.);
#758 = EDGE_CURVE('',#651,#759,#761,.T.);
#759 = VERTEX_POINT('',#760);
#760 = CARTESIAN_POINT('',(0.5,-0.23,0.));
#761 = LINE('',#762,#763);
#762 = CARTESIAN_POINT('',(0.3,-0.23,0.));
#763 = VECTOR('',#764,1.);
#764 = DIRECTION('',(1.,0.,0.));
#765 = ORIENTED_EDGE('',*,*,#766,.F.);
#766 = EDGE_CURVE('',#727,#759,#767,.T.);
#767 = CIRCLE('',#768,2.E-02);
#768 = AXIS2_PLACEMENT_3D('',#769,#770,#771);
#769 = CARTESIAN_POINT('',(0.5,-0.23,2.E-02));
#770 = DIRECTION('',(1.,0.,-0.));
#771 = DIRECTION('',(0.,0.,1.));
#772 = ORIENTED_EDGE('',*,*,#736,.F.);
#773 = CYLINDRICAL_SURFACE('',#774,2.E-02);
#774 = AXIS2_PLACEMENT_3D('',#775,#776,#777);
#775 = CARTESIAN_POINT('',(0.3,-0.23,2.E-02));
#776 = DIRECTION('',(1.,0.,0.));
#777 = DIRECTION('',(0.,-1.,0.));
#778 = ADVANCED_FACE('',(#779),#798,.T.);
#779 = FACE_BOUND('',#780,.T.);
#780 = EDGE_LOOP('',(#781,#782,#791,#797));
#781 = ORIENTED_EDGE('',*,*,#743,.T.);
#782 = ORIENTED_EDGE('',*,*,#783,.T.);
#783 = EDGE_CURVE('',#729,#784,#786,.T.);
#784 = VERTEX_POINT('',#785);
#785 = CARTESIAN_POINT('',(0.5,-0.23,0.5));
#786 = CIRCLE('',#787,2.E-02);
#787 = AXIS2_PLACEMENT_3D('',#788,#789,#790);
#788 = CARTESIAN_POINT('',(0.5,-0.23,0.48));
#789 = DIRECTION('',(-1.,0.,0.));
#790 = DIRECTION('',(0.,0.,1.));
#791 = ORIENTED_EDGE('',*,*,#792,.F.);
#792 = EDGE_CURVE('',#694,#784,#793,.T.);
#793 = LINE('',#794,#795);
#794 = CARTESIAN_POINT('',(0.3,-0.23,0.5));
#795 = VECTOR('',#796,1.);
#796 = DIRECTION('',(1.,0.,0.));
#797 = ORIENTED_EDGE('',*,*,#701,.F.);
#798 = CYLINDRICAL_SURFACE('',#799,2.E-02);
#799 = AXIS2_PLACEMENT_3D('',#800,#801,#802);
#800 = CARTESIAN_POINT('',(0.3,-0.23,0.48));
#801 = DIRECTION('',(1.,0.,0.));
#802 = DIRECTION('',(0.,-1.,0.));
#803 = ADVANCED_FACE('',(#804),#822,.F.);
#804 = FACE_BOUND('',#805,.F.);
#805 = EDGE_LOOP('',(#806,#807,#808,#816));
#806 = ORIENTED_EDGE('',*,*,#659,.F.);
#807 = ORIENTED_EDGE('',*,*,#758,.T.);
#808 = ORIENTED_EDGE('',*,*,#809,.T.);
#809 = EDGE_CURVE('',#759,#810,#812,.T.);
#810 = VERTEX_POINT('',#811);
#811 = CARTESIAN_POINT('',(0.5,0.23,0.));
#812 = LINE('',#813,#814);
#813 = CARTESIAN_POINT('',(0.5,-0.25,0.));
#814 = VECTOR('',#815,1.);
#815 = DIRECTION('',(0.,1.,0.));
#816 = ORIENTED_EDGE('',*,*,#817,.F.);
#817 = EDGE_CURVE('',#660,#810,#818,.T.);
#818 = LINE('',#819,#820);
#819 = CARTESIAN_POINT('',(0.3,0.23,0.));
#820 = VECTOR('',#821,1.);
#821 = DIRECTION('',(1.,0.,0.));
#822 = PLANE('',#823);
#823 = AXIS2_PLACEMENT_3D('',#824,#825,#826);
#824 = CARTESIAN_POINT('',(0.3,-0.25,0.));
#825 = DIRECTION('',(0.,0.,1.));
#826 = DIRECTION('',(1.,0.,-0.));
#827 = ADVANCED_FACE('',(#828),#846,.T.);
#828 = FACE_BOUND('',#829,.T.);
#829 = EDGE_LOOP('',(#830,#831,#832,#840));
#830 = ORIENTED_EDGE('',*,*,#693,.F.);
#831 = ORIENTED_EDGE('',*,*,#792,.T.);
#832 = ORIENTED_EDGE('',*,*,#833,.T.);
#833 = EDGE_CURVE('',#784,#834,#836,.T.);
#834 = VERTEX_POINT('',#835);
#835 = CARTESIAN_POINT('',(0.5,0.23,0.5));
#836 = LINE('',#837,#838);
#837 = CARTESIAN_POINT('',(0.5,-0.25,0.5));
#838 = VECTOR('',#839,1.);
#839 = DIRECTION('',(0.,1.,0.));
#840 = ORIENTED_EDGE('',*,*,#841,.F.);
#841 = EDGE_CURVE('',#685,#834,#842,.T.);
#842 = LINE('',#843,#844);
#843 = CARTESIAN_POINT('',(0.3,0.23,0.5));
#844 = VECTOR('',#845,1.);
#845 = DIRECTION('',(1.,0.,0.));
#846 = PLANE('',#847);
#847 = AXIS2_PLACEMENT_3D('',#848,#849,#850);
#848 = CARTESIAN_POINT('',(0.3,-0.25,0.5));
#849 = DIRECTION('',(0.,0.,1.));
#850 = DIRECTION('',(1.,0.,-0.));
#851 = ADVANCED_FACE('',(#852),#871,.T.);
#852 = FACE_BOUND('',#853,.T.);
#853 = EDGE_LOOP('',(#854,#862,#869,#870));
#854 = ORIENTED_EDGE('',*,*,#855,.T.);
#855 = EDGE_CURVE('',#668,#856,#858,.T.);
#856 = VERTEX_POINT('',#857);
#857 = CARTESIAN_POINT('',(0.5,0.25,2.E-02));
#858 = LINE('',#859,#860);
#859 = CARTESIAN_POINT('',(0.3,0.25,2.E-02));
#860 = VECTOR('',#861,1.);
#861 = DIRECTION('',(1.,0.,0.));
#862 = ORIENTED_EDGE('',*,*,#863,.T.);
#863 = EDGE_CURVE('',#856,#810,#864,.T.);
#864 = CIRCLE('',#865,2.E-02);
#865 = AXIS2_PLACEMENT_3D('',#866,#867,#868);
#866 = CARTESIAN_POINT('',(0.5,0.23,2.E-02));
#867 = DIRECTION('',(-1.,0.,0.));
#868 = DIRECTION('',(0.,0.,1.));
#869 = ORIENTED_EDGE('',*,*,#817,.F.);
#870 = ORIENTED_EDGE('',*,*,#667,.F.);
#871 = CYLINDRICAL_SURFACE('',#872,2.E-02);
#872 = AXIS2_PLACEMENT_3D('',#873,#874,#875);
#873 = CARTESIAN_POINT('',(0.3,0.23,2.E-02));
#874 = DIRECTION('',(1.,0.,0.));
#875 = DIRECTION('',(-0.,1.,0.));
#876 = ADVANCED_FACE('',(#877),#896,.T.);
#877 = FACE_BOUND('',#878,.T.);
#878 = EDGE_LOOP('',(#879,#880,#881,#890));
#879 = ORIENTED_EDGE('',*,*,#684,.T.);
#880 = ORIENTED_EDGE('',*,*,#841,.T.);
#881 = ORIENTED_EDGE('',*,*,#882,.F.);
#882 = EDGE_CURVE('',#883,#834,#885,.T.);
#883 = VERTEX_POINT('',#884);
#884 = CARTESIAN_POINT('',(0.5,0.25,0.48));
#885 = CIRCLE('',#886,2.E-02);
#886 = AXIS2_PLACEMENT_3D('',#887,#888,#889);
#887 = CARTESIAN_POINT('',(0.5,0.23,0.48));
#888 = DIRECTION('',(1.,0.,-0.));
#889 = DIRECTION('',(0.,0.,1.));
#890 = ORIENTED_EDGE('',*,*,#891,.F.);
#891 = EDGE_CURVE('',#677,#883,#892,.T.);
#892 = LINE('',#893,#894);
#893 = CARTESIAN_POINT('',(0.3,0.25,0.48));
#894 = VECTOR('',#895,1.);
#895 = DIRECTION('',(1.,0.,0.));
#896 = CYLINDRICAL_SURFACE('',#897,2.E-02);
#897 = AXIS2_PLACEMENT_3D('',#898,#899,#900);
#898 = CARTESIAN_POINT('',(0.3,0.23,0.48));
#899 = DIRECTION('',(1.,0.,0.));
#900 = DIRECTION('',(-0.,1.,0.));
#901 = ADVANCED_FACE('',(#902),#913,.T.);
#902 = FACE_BOUND('',#903,.T.);
#903 = EDGE_LOOP('',(#904,#910,#911,#912));
#904 = ORIENTED_EDGE('',*,*,#905,.F.);
#905 = EDGE_CURVE('',#856,#883,#906,.T.);
#906 = LINE('',#907,#908);
#907 = CARTESIAN_POINT('',(0.5,0.25,0.));
#908 = VECTOR('',#909,1.);
#909 = DIRECTION('',(0.,0.,1.));
#910 = ORIENTED_EDGE('',*,*,#855,.F.);
#911 = ORIENTED_EDGE('',*,*,#676,.T.);
#912 = ORIENTED_EDGE('',*,*,#891,.T.);
#913 = PLANE('',#914);
#914 = AXIS2_PLACEMENT_3D('',#915,#916,#917);
#915 = CARTESIAN_POINT('',(0.3,0.25,0.));
#916 = DIRECTION('',(0.,1.,0.));
#917 = DIRECTION('',(0.,-0.,1.));
#918 = ADVANCED_FACE('',(#919),#929,.T.);
#919 = FACE_BOUND('',#920,.T.);
#920 = EDGE_LOOP('',(#921,#922,#923,#924,#925,#926,#927,#928));
#921 = ORIENTED_EDGE('',*,*,#726,.F.);
#922 = ORIENTED_EDGE('',*,*,#766,.T.);
#923 = ORIENTED_EDGE('',*,*,#809,.T.);
#924 = ORIENTED_EDGE('',*,*,#863,.F.);
#925 = ORIENTED_EDGE('',*,*,#905,.T.);
#926 = ORIENTED_EDGE('',*,*,#882,.T.);
#927 = ORIENTED_EDGE('',*,*,#833,.F.);
#928 = ORIENTED_EDGE('',*,*,#783,.F.);
#929 = PLANE('',#930);
#930 = AXIS2_PLACEMENT_3D('',#931,#932,#933);
#931 = CARTESIAN_POINT('',(0.5,-0.25,0.));
#932 = DIRECTION('',(1.,0.,0.));
#933 = DIRECTION('',(0.,0.,1.));
#934 = ( GEOMETRIC_REPRESENTATION_CONTEXT(3) 
GLOBAL_UNCERTAINTY_ASSIGNED_CONTEXT((#938)) GLOBAL_UNIT_ASSIGNED_CONTEXT
((#935,#936,#937)) REPRESENTATION_CONTEXT('Context #1',
  '3D Context with UNIT and UNCERTAINTY') );
#935 = ( LENGTH_UNIT() NAMED_UNIT(*) SI_UNIT(.MILLI.,.METRE.) );
#936 = ( NAMED_UNIT(*) PLANE_ANGLE_UNIT() SI_UNIT($,.RADIAN.) );
#937 = ( NAMED_UNIT(*) SI_UNIT($,.STERADIAN.) SOLID_ANGLE_UNIT() );
#938 = UNCERTAINTY_MEASURE_WITH_UNIT(LENGTH_MEASURE(1.E-07),#935,
  'distance_accuracy_value','confusion accuracy');
#939 = CONTEXT_DEPENDENT_SHAPE_REPRESENTATION(#940,#942);
#940 = ( REPRESENTATION_RELATIONSHIP('','',#79,#56) 
REPRESENTATION_RELATIONSHIP_WITH_TRANSFORMATION(#941) 
SHAPE_REPRESENTATION_RELATIONSHIP() );
#941 = ITEM_DEFINED_TRANSFORMATION('','',#11,#57);
#942 = PRODUCT_DEFINITION_SHAPE('Placement','Placement of an item',#943
  );
#943 = NEXT_ASSEMBLY_USAGE_OCCURRENCE('1','=>[0:1:1:3]','',#51,#74,$);
#944 = PRODUCT_RELATED_PRODUCT_CATEGORY('part',$,(#76));
#945 = SHAPE_DEFINITION_REPRESENTATION(#946,#952);
#946 = PRODUCT_DEFINITION_SHAPE('','',#947);
#947 = PRODUCT_DEFINITION('design','',#948,#951);
#948 = PRODUCT_DEFINITION_FORMATION('','',#949);
#949 = PRODUCT('pbz-126','pbz-126','',(#950));
#950 = PRODUCT_CONTEXT('',#2,'mechanical');
#951 = PRODUCT_DEFINITION_CONTEXT('part definition',#2,'design');
#952 = SHAPE_REPRESENTATION('',(#11,#953),#957);
#953 = AXIS2_PLACEMENT_3D('',#954,#955,#956);
#954 = CARTESIAN_POINT('',(0.,0.,0.));
#955 = DIRECTION('',(0.,0.,1.));
#956 = DIRECTION('',(1.,0.,-0.));
#957 = ( GEOMETRIC_REPRESENTATION_CONTEXT(3) 
GLOBAL_UNCERTAINTY_ASSIGNED_CONTEXT((#961)) GLOBAL_UNIT_ASSIGNED_CONTEXT
((#958,#959,#960)) REPRESENTATION_CONTEXT('Context #1',
  '3D Context with UNIT and UNCERTAINTY') );
#958 = ( LENGTH_UNIT() NAMED_UNIT(*) SI_UNIT(.MILLI.,.METRE.) );
#959 = ( NAMED_UNIT(*) PLANE_ANGLE_UNIT() SI_UNIT($,.RADIAN.) );
#960 = ( NAMED_UNIT(*) SI_UNIT($,.STERADIAN.) SOLID_ANGLE_UNIT() );
#961 = UNCERTAINTY_MEASURE_WITH_UNIT(LENGTH_MEASURE(1.E-07),#958,
  'distance_accuracy_value','confusion accuracy');
#962 = CONTEXT_DEPENDENT_SHAPE_REPRESENTATION(#963,#965);
#963 = ( REPRESENTATION_RELATIONSHIP('','',#952,#10) 
REPRESENTATION_RELATIONSHIP_WITH_TRANSFORMATION(#964) 
SHAPE_REPRESENTATION_RELATIONSHIP() );
#964 = ITEM_DEFINED_TRANSFORMATION('','',#11,#19);
#965 = PRODUCT_DEFINITION_SHAPE('Placement','Placement of an item',#966
  );
#966 = NEXT_ASSEMBLY_USAGE_OCCURRENCE('4','U2','',#5,#947,$);
#967 = PRODUCT_RELATED_PRODUCT_CATEGORY('part',$,(#949));
#968 = SHAPE_DEFINITION_REPRESENTATION(#969,#975);
#969 = PRODUCT_DEFINITION_SHAPE('','',#970);
#970 = PRODUCT_DEFINITION('design','',#971,#974);
#971 = PRODUCT_DEFINITION_FORMATION('','',#972);
#972 = PRODUCT('pbz-126','pbz-126','',(#973));
#973 = PRODUCT_CONTEXT('',#2,'mechanical');
#974 = PRODUCT_DEFINITION_CONTEXT('part definition',#2,'design');
#975 = ADVANCED_BREP_SHAPE_REPRESENTATION('',(#11,#976),#2858);
#976 = MANIFOLD_SOLID_BREP('',#977);
#977 = CLOSED_SHELL('',(#978,#1018,#1074,#1130,#1170,#1201,#1232,#1249,
    #1266,#1319,#1372,#1384,#1396,#1436,#1467,#1498,#1515,#1532,#1580,
    #1633,#1645,#1657,#1697,#1728,#1759,#1817,#1875,#1923,#1976,#1988,
    #2000,#2040,#2071,#2095,#2119,#2167,#2225,#2237,#2249,#2289,#2320,
    #2344,#2368,#2421,#2474,#2486,#2498,#2538,#2569,#2600,#2617,#2634,
    #2682,#2730,#2742,#2754,#2766,#2778,#2795,#2812,#2829,#2846));
#978 = ADVANCED_FACE('',(#979),#1013,.T.);
#979 = FACE_BOUND('',#980,.T.);
#980 = EDGE_LOOP('',(#981,#991,#999,#1007));
#981 = ORIENTED_EDGE('',*,*,#982,.F.);
#982 = EDGE_CURVE('',#983,#985,#987,.T.);
#983 = VERTEX_POINT('',#984);
#984 = CARTESIAN_POINT('',(8.641142551667,-1.8,-13.34894736842));
#985 = VERTEX_POINT('',#986);
#986 = CARTESIAN_POINT('',(8.841142551667,-1.8,-13.34894736842));
#987 = LINE('',#988,#989);
#988 = CARTESIAN_POINT('',(7.523108562917,-1.8,-13.34894736842));
#989 = VECTOR('',#990,1.);
#990 = DIRECTION('',(1.,0.,-2.805431539066E-14));
#991 = ORIENTED_EDGE('',*,*,#992,.F.);
#992 = EDGE_CURVE('',#993,#983,#995,.T.);
#993 = VERTEX_POINT('',#994);
#994 = CARTESIAN_POINT('',(8.641142551667,-1.8,-19.68480523288));
#995 = LINE('',#996,#997);
#996 = CARTESIAN_POINT('',(8.641142551664,-1.8,-115.8989473684));
#997 = VECTOR('',#998,1.);
#998 = DIRECTION('',(2.805431539066E-14,-0.,1.));
#999 = ORIENTED_EDGE('',*,*,#1000,.F.);
#1000 = EDGE_CURVE('',#1001,#993,#1003,.T.);
#1001 = VERTEX_POINT('',#1002);
#1002 = CARTESIAN_POINT('',(8.841142551667,-1.8,-19.68480523288));
#1003 = LINE('',#1004,#1005);
#1004 = CARTESIAN_POINT('',(8.841142551667,-1.8,-19.68480523288));
#1005 = VECTOR('',#1006,1.);
#1006 = DIRECTION('',(-1.,-0.,2.805431539066E-14));
#1007 = ORIENTED_EDGE('',*,*,#1008,.T.);
#1008 = EDGE_CURVE('',#1001,#985,#1009,.T.);
#1009 = LINE('',#1010,#1011);
#1010 = CARTESIAN_POINT('',(8.841142551664,-1.8,-115.8989473684));
#1011 = VECTOR('',#1012,1.);
#1012 = DIRECTION('',(2.805431539066E-14,-0.,1.));
#1013 = PLANE('',#1014);
#1014 = AXIS2_PLACEMENT_3D('',#1015,#1016,#1017);
#1015 = CARTESIAN_POINT('',(8.841142551664,-1.8,-115.8989473684));
#1016 = DIRECTION('',(0.,-1.,-0.));
#1017 = DIRECTION('',(-2.805431539066E-14,0.,-1.));
#1018 = ADVANCED_FACE('',(#1019),#1069,.F.);
#1019 = FACE_BOUND('',#1020,.T.);
#1020 = EDGE_LOOP('',(#1021,#1031,#1039,#1047,#1055,#1063));
#1021 = ORIENTED_EDGE('',*,*,#1022,.F.);
#1022 = EDGE_CURVE('',#1023,#1025,#1027,.T.);
#1023 = VERTEX_POINT('',#1024);
#1024 = CARTESIAN_POINT('',(4.021142551666,0.,-8.018947368416));
#1025 = VERTEX_POINT('',#1026);
#1026 = CARTESIAN_POINT('',(-10.13885744833,0.,-8.018947368415));
#1027 = LINE('',#1028,#1029);
#1028 = CARTESIAN_POINT('',(100.24114255166,0.,-8.018947368421));
#1029 = VECTOR('',#1030,1.);
#1030 = DIRECTION('',(-1.,0.,5.427104160196E-14));
#1031 = ORIENTED_EDGE('',*,*,#1032,.F.);
#1032 = EDGE_CURVE('',#1033,#1023,#1035,.T.);
#1033 = VERTEX_POINT('',#1034);
#1034 = CARTESIAN_POINT('',(4.021142551668,0.,-11.77894736842));
#1035 = LINE('',#1036,#1037);
#1036 = CARTESIAN_POINT('',(4.021142551665,0.,-107.5589473684));
#1037 = VECTOR('',#1038,1.);
#1038 = DIRECTION('',(4.024388390663E-14,0.,1.));
#1039 = ORIENTED_EDGE('',*,*,#1040,.F.);
#1040 = EDGE_CURVE('',#1041,#1033,#1043,.T.);
#1041 = VERTEX_POINT('',#1042);
#1042 = CARTESIAN_POINT('',(8.621142551665,0.,-11.77894736841));
#1043 = LINE('',#1044,#1045);
#1044 = CARTESIAN_POINT('',(104.84114255166,0.,-11.77894736842));
#1045 = VECTOR('',#1046,1.);
#1046 = DIRECTION('',(-1.,0.,4.030511624659E-14));
#1047 = ORIENTED_EDGE('',*,*,#1048,.F.);
#1048 = EDGE_CURVE('',#1049,#1041,#1051,.T.);
#1049 = VERTEX_POINT('',#1050);
#1050 = CARTESIAN_POINT('',(8.621142551667,0.,-19.67894736842));
#1051 = LINE('',#1052,#1053);
#1052 = CARTESIAN_POINT('',(8.621142551664,0.,-115.8989473684));
#1053 = VECTOR('',#1054,1.);
#1054 = DIRECTION('',(2.805431539066E-14,0.,1.));
#1055 = ORIENTED_EDGE('',*,*,#1056,.F.);
#1056 = EDGE_CURVE('',#1057,#1049,#1059,.T.);
#1057 = VERTEX_POINT('',#1058);
#1058 = CARTESIAN_POINT('',(-10.13885744833,0.,-19.67894736842));
#1059 = LINE('',#1060,#1061);
#1060 = CARTESIAN_POINT('',(-106.3588574483,0.,-19.67894736842));
#1061 = VECTOR('',#1062,1.);
#1062 = DIRECTION('',(1.,0.,-1.402715769533E-14));
#1063 = ORIENTED_EDGE('',*,*,#1064,.F.);
#1064 = EDGE_CURVE('',#1025,#1057,#1065,.T.);
#1065 = LINE('',#1066,#1067);
#1066 = CARTESIAN_POINT('',(-10.13885744833,0.,88.201052631579));
#1067 = VECTOR('',#1068,1.);
#1068 = DIRECTION('',(0.,0.,-1.));
#1069 = PLANE('',#1070);
#1070 = AXIS2_PLACEMENT_3D('',#1071,#1072,#1073);
#1071 = CARTESIAN_POINT('',(0.,0.,0.));
#1072 = DIRECTION('',(0.,-1.,-0.));
#1073 = DIRECTION('',(0.,0.,-1.));
#1074 = ADVANCED_FACE('',(#1075),#1125,.T.);
#1075 = FACE_BOUND('',#1076,.T.);
#1076 = EDGE_LOOP('',(#1077,#1087,#1095,#1103,#1111,#1119));
#1077 = ORIENTED_EDGE('',*,*,#1078,.T.);
#1078 = EDGE_CURVE('',#1079,#1081,#1083,.T.);
#1079 = VERTEX_POINT('',#1080);
#1080 = CARTESIAN_POINT('',(4.021142551607,-0.2,-11.77894736841));
#1081 = VERTEX_POINT('',#1082);
#1082 = CARTESIAN_POINT('',(4.021142551669,-0.2,-8.018947368422));
#1083 = LINE('',#1084,#1085);
#1084 = CARTESIAN_POINT('',(4.021142551665,-0.2,-107.5589473684));
#1085 = VECTOR('',#1086,1.);
#1086 = DIRECTION('',(4.024388390663E-14,0.,1.));
#1087 = ORIENTED_EDGE('',*,*,#1088,.T.);
#1088 = EDGE_CURVE('',#1081,#1089,#1091,.T.);
#1089 = VERTEX_POINT('',#1090);
#1090 = CARTESIAN_POINT('',(-10.13885744833,-0.2,-8.018947368415));
#1091 = LINE('',#1092,#1093);
#1092 = CARTESIAN_POINT('',(100.24114255166,-0.2,-8.018947368421));
#1093 = VECTOR('',#1094,1.);
#1094 = DIRECTION('',(-1.,0.,5.427104160196E-14));
#1095 = ORIENTED_EDGE('',*,*,#1096,.T.);
#1096 = EDGE_CURVE('',#1089,#1097,#1099,.T.);
#1097 = VERTEX_POINT('',#1098);
#1098 = CARTESIAN_POINT('',(-10.13885744833,-0.2,-19.67894736842));
#1099 = LINE('',#1100,#1101);
#1100 = CARTESIAN_POINT('',(-10.13885744833,-0.2,88.201052631579));
#1101 = VECTOR('',#1102,1.);
#1102 = DIRECTION('',(0.,0.,-1.));
#1103 = ORIENTED_EDGE('',*,*,#1104,.T.);
#1104 = EDGE_CURVE('',#1097,#1105,#1107,.T.);
#1105 = VERTEX_POINT('',#1106);
#1106 = CARTESIAN_POINT('',(8.621142551664,-0.2,-19.67894736842));
#1107 = LINE('',#1108,#1109);
#1108 = CARTESIAN_POINT('',(-106.3588574483,-0.2,-19.67894736842));
#1109 = VECTOR('',#1110,1.);
#1110 = DIRECTION('',(1.,0.,-1.402715769533E-14));
#1111 = ORIENTED_EDGE('',*,*,#1112,.T.);
#1112 = EDGE_CURVE('',#1105,#1113,#1115,.T.);
#1113 = VERTEX_POINT('',#1114);
#1114 = CARTESIAN_POINT('',(8.621142551667,-0.2,-11.77894736842));
#1115 = LINE('',#1116,#1117);
#1116 = CARTESIAN_POINT('',(8.621142551664,-0.2,-115.8989473684));
#1117 = VECTOR('',#1118,1.);
#1118 = DIRECTION('',(2.805431539066E-14,0.,1.));
#1119 = ORIENTED_EDGE('',*,*,#1120,.T.);
#1120 = EDGE_CURVE('',#1113,#1079,#1121,.T.);
#1121 = LINE('',#1122,#1123);
#1122 = CARTESIAN_POINT('',(104.84114255166,-0.2,-11.77894736842));
#1123 = VECTOR('',#1124,1.);
#1124 = DIRECTION('',(-1.,0.,4.030511624659E-14));
#1125 = PLANE('',#1126);
#1126 = AXIS2_PLACEMENT_3D('',#1127,#1128,#1129);
#1127 = CARTESIAN_POINT('',(0.,-0.2,0.));
#1128 = DIRECTION('',(0.,-1.,-0.));
#1129 = DIRECTION('',(0.,0.,-1.));
#1130 = ADVANCED_FACE('',(#1131),#1165,.T.);
#1131 = FACE_BOUND('',#1132,.T.);
#1132 = EDGE_LOOP('',(#1133,#1143,#1151,#1159));
#1133 = ORIENTED_EDGE('',*,*,#1134,.T.);
#1134 = EDGE_CURVE('',#1135,#1137,#1139,.T.);
#1135 = VERTEX_POINT('',#1136);
#1136 = CARTESIAN_POINT('',(-10.35885744833,-1.8,-19.6848052329));
#1137 = VERTEX_POINT('',#1138);
#1138 = CARTESIAN_POINT('',(-10.15885744833,-1.8,-19.6848052329));
#1139 = LINE('',#1140,#1141);
#1140 = CARTESIAN_POINT('',(-10.35885744833,-1.8,-19.6848052329));
#1141 = VECTOR('',#1142,1.);
#1142 = DIRECTION('',(1.,-0.,-0.));
#1143 = ORIENTED_EDGE('',*,*,#1144,.F.);
#1144 = EDGE_CURVE('',#1145,#1137,#1147,.T.);
#1145 = VERTEX_POINT('',#1146);
#1146 = CARTESIAN_POINT('',(-10.15885744833,-1.8,-8.013089504036));
#1147 = LINE('',#1148,#1149);
#1148 = CARTESIAN_POINT('',(-10.15885744833,-1.8,88.201052631579));
#1149 = VECTOR('',#1150,1.);
#1150 = DIRECTION('',(-0.,-0.,-1.));
#1151 = ORIENTED_EDGE('',*,*,#1152,.F.);
#1152 = EDGE_CURVE('',#1153,#1145,#1155,.T.);
#1153 = VERTEX_POINT('',#1154);
#1154 = CARTESIAN_POINT('',(-10.35885744833,-1.8,-8.013089504036));
#1155 = LINE('',#1156,#1157);
#1156 = CARTESIAN_POINT('',(-10.35885744833,-1.8,-8.013089504036));
#1157 = VECTOR('',#1158,1.);
#1158 = DIRECTION('',(1.,-0.,-0.));
#1159 = ORIENTED_EDGE('',*,*,#1160,.T.);
#1160 = EDGE_CURVE('',#1153,#1135,#1161,.T.);
#1161 = LINE('',#1162,#1163);
#1162 = CARTESIAN_POINT('',(-10.35885744833,-1.8,88.201052631579));
#1163 = VECTOR('',#1164,1.);
#1164 = DIRECTION('',(-0.,-0.,-1.));
#1165 = PLANE('',#1166);
#1166 = AXIS2_PLACEMENT_3D('',#1167,#1168,#1169);
#1167 = CARTESIAN_POINT('',(-10.35885744833,-1.8,88.201052631579));
#1168 = DIRECTION('',(0.,-1.,0.));
#1169 = DIRECTION('',(0.,0.,1.));
#1170 = ADVANCED_FACE('',(#1171),#1196,.T.);
#1171 = FACE_BOUND('',#1172,.T.);
#1172 = EDGE_LOOP('',(#1173,#1174,#1182,#1190));
#1173 = ORIENTED_EDGE('',*,*,#1152,.T.);
#1174 = ORIENTED_EDGE('',*,*,#1175,.T.);
#1175 = EDGE_CURVE('',#1145,#1176,#1178,.T.);
#1176 = VERTEX_POINT('',#1177);
#1177 = CARTESIAN_POINT('',(-10.15885744833,-0.22,-8.013089504034));
#1178 = LINE('',#1179,#1180);
#1179 = CARTESIAN_POINT('',(-10.15885744833,-1.8,-8.013089504036));
#1180 = VECTOR('',#1181,1.);
#1181 = DIRECTION('',(0.,1.,-0.));
#1182 = ORIENTED_EDGE('',*,*,#1183,.F.);
#1183 = EDGE_CURVE('',#1184,#1176,#1186,.T.);
#1184 = VERTEX_POINT('',#1185);
#1185 = CARTESIAN_POINT('',(-10.35885744833,-0.22,-8.013089504034));
#1186 = LINE('',#1187,#1188);
#1187 = CARTESIAN_POINT('',(-10.35885744833,-0.22,-8.013089504036));
#1188 = VECTOR('',#1189,1.);
#1189 = DIRECTION('',(1.,-0.,-0.));
#1190 = ORIENTED_EDGE('',*,*,#1191,.F.);
#1191 = EDGE_CURVE('',#1153,#1184,#1192,.T.);
#1192 = LINE('',#1193,#1194);
#1193 = CARTESIAN_POINT('',(-10.35885744833,-1.8,-8.013089504036));
#1194 = VECTOR('',#1195,1.);
#1195 = DIRECTION('',(0.,1.,-0.));
#1196 = PLANE('',#1197);
#1197 = AXIS2_PLACEMENT_3D('',#1198,#1199,#1200);
#1198 = CARTESIAN_POINT('',(-10.35885744833,-1.8,-8.013089504036));
#1199 = DIRECTION('',(0.,0.,1.));
#1200 = DIRECTION('',(0.,1.,-0.));
#1201 = ADVANCED_FACE('',(#1202),#1227,.F.);
#1202 = FACE_BOUND('',#1203,.T.);
#1203 = EDGE_LOOP('',(#1204,#1212,#1220,#1226));
#1204 = ORIENTED_EDGE('',*,*,#1205,.F.);
#1205 = EDGE_CURVE('',#1206,#1135,#1208,.T.);
#1206 = VERTEX_POINT('',#1207);
#1207 = CARTESIAN_POINT('',(-10.35885744833,-0.22,-19.6848052329));
#1208 = LINE('',#1209,#1210);
#1209 = CARTESIAN_POINT('',(-10.35885744833,-1.8,-19.6848052329));
#1210 = VECTOR('',#1211,1.);
#1211 = DIRECTION('',(-0.,-1.,0.));
#1212 = ORIENTED_EDGE('',*,*,#1213,.T.);
#1213 = EDGE_CURVE('',#1206,#1214,#1216,.T.);
#1214 = VERTEX_POINT('',#1215);
#1215 = CARTESIAN_POINT('',(-10.15885744833,-0.22,-19.6848052329));
#1216 = LINE('',#1217,#1218);
#1217 = CARTESIAN_POINT('',(-10.35885744833,-0.22,-19.6848052329));
#1218 = VECTOR('',#1219,1.);
#1219 = DIRECTION('',(1.,-0.,-0.));
#1220 = ORIENTED_EDGE('',*,*,#1221,.T.);
#1221 = EDGE_CURVE('',#1214,#1137,#1222,.T.);
#1222 = LINE('',#1223,#1224);
#1223 = CARTESIAN_POINT('',(-10.15885744833,-1.8,-19.6848052329));
#1224 = VECTOR('',#1225,1.);
#1225 = DIRECTION('',(-0.,-1.,0.));
#1226 = ORIENTED_EDGE('',*,*,#1134,.F.);
#1227 = PLANE('',#1228);
#1228 = AXIS2_PLACEMENT_3D('',#1229,#1230,#1231);
#1229 = CARTESIAN_POINT('',(-10.35885744833,-1.8,-19.6848052329));
#1230 = DIRECTION('',(0.,0.,1.));
#1231 = DIRECTION('',(0.,1.,-0.));
#1232 = ADVANCED_FACE('',(#1233),#1244,.F.);
#1233 = FACE_BOUND('',#1234,.T.);
#1234 = EDGE_LOOP('',(#1235,#1241,#1242,#1243));
#1235 = ORIENTED_EDGE('',*,*,#1236,.F.);
#1236 = EDGE_CURVE('',#1176,#1214,#1237,.T.);
#1237 = LINE('',#1238,#1239);
#1238 = CARTESIAN_POINT('',(-10.15885744833,-0.22,88.201052631579));
#1239 = VECTOR('',#1240,1.);
#1240 = DIRECTION('',(-0.,-0.,-1.));
#1241 = ORIENTED_EDGE('',*,*,#1175,.F.);
#1242 = ORIENTED_EDGE('',*,*,#1144,.T.);
#1243 = ORIENTED_EDGE('',*,*,#1221,.F.);
#1244 = PLANE('',#1245);
#1245 = AXIS2_PLACEMENT_3D('',#1246,#1247,#1248);
#1246 = CARTESIAN_POINT('',(-10.15885744833,-1.8,88.201052631579));
#1247 = DIRECTION('',(-1.,0.,0.));
#1248 = DIRECTION('',(0.,0.,1.));
#1249 = ADVANCED_FACE('',(#1250),#1261,.T.);
#1250 = FACE_BOUND('',#1251,.T.);
#1251 = EDGE_LOOP('',(#1252,#1258,#1259,#1260));
#1252 = ORIENTED_EDGE('',*,*,#1253,.T.);
#1253 = EDGE_CURVE('',#1184,#1206,#1254,.T.);
#1254 = LINE('',#1255,#1256);
#1255 = CARTESIAN_POINT('',(-10.35885744833,-0.22,88.201052631579));
#1256 = VECTOR('',#1257,1.);
#1257 = DIRECTION('',(-0.,-0.,-1.));
#1258 = ORIENTED_EDGE('',*,*,#1205,.T.);
#1259 = ORIENTED_EDGE('',*,*,#1160,.F.);
#1260 = ORIENTED_EDGE('',*,*,#1191,.T.);
#1261 = PLANE('',#1262);
#1262 = AXIS2_PLACEMENT_3D('',#1263,#1264,#1265);
#1263 = CARTESIAN_POINT('',(-10.35885744833,-1.8,88.201052631579));
#1264 = DIRECTION('',(-1.,0.,0.));
#1265 = DIRECTION('',(0.,0.,1.));
#1266 = ADVANCED_FACE('',(#1267),#1290,.F.);
#1267 = FACE_BOUND('',#1268,.F.);
#1268 = EDGE_LOOP('',(#1269,#1276,#1282,#1289));
#1269 = ORIENTED_EDGE('',*,*,#1270,.T.);
#1270 = EDGE_CURVE('',#1184,#1025,#1271,.T.);
#1271 = ( BOUNDED_CURVE() B_SPLINE_CURVE(3,(#1272,#1273,#1274,#1275),
.UNSPECIFIED.,.F.,.F.) B_SPLINE_CURVE_WITH_KNOTS((4,4),(3.14159265359,
4.712388980389),.PIECEWISE_BEZIER_KNOTS.) CURVE() 
GEOMETRIC_REPRESENTATION_ITEM() RATIONAL_B_SPLINE_CURVE((1.,
0.804737854123,0.804737854123,1.)) REPRESENTATION_ITEM('') );
#1272 = CARTESIAN_POINT('',(-10.35885744833,-0.22,-8.013089504034));
#1273 = CARTESIAN_POINT('',(-10.35885744833,-9.112698372166E-02,
    -8.013089504034));
#1274 = CARTESIAN_POINT('',(-10.26773046461,5.33511894538E-13,
    -8.015515910909));
#1275 = CARTESIAN_POINT('',(-10.13885744833,0.,-8.018947368415));
#1276 = ORIENTED_EDGE('',*,*,#1277,.T.);
#1277 = EDGE_CURVE('',#1025,#1089,#1278,.T.);
#1278 = LINE('',#1279,#1280);
#1279 = CARTESIAN_POINT('',(-10.13885744833,0.,-8.018947368419));
#1280 = VECTOR('',#1281,1.);
#1281 = DIRECTION('',(-0.,-1.,-0.));
#1282 = ORIENTED_EDGE('',*,*,#1283,.F.);
#1283 = EDGE_CURVE('',#1176,#1089,#1284,.T.);
#1284 = ( BOUNDED_CURVE() B_SPLINE_CURVE(3,(#1285,#1286,#1287,#1288),
.UNSPECIFIED.,.F.,.F.) B_SPLINE_CURVE_WITH_KNOTS((4,4),(3.14159265359,
4.712388980377),.PIECEWISE_BEZIER_KNOTS.) CURVE() 
GEOMETRIC_REPRESENTATION_ITEM() RATIONAL_B_SPLINE_CURVE((1.,
0.804737854126,0.804737854126,1.)) REPRESENTATION_ITEM('') );
#1285 = CARTESIAN_POINT('',(-10.15885744833,-0.22,-8.013089504034));
#1286 = CARTESIAN_POINT('',(-10.15885744833,-0.208284271248,
    -8.013089504034));
#1287 = CARTESIAN_POINT('',(-10.15057317708,-0.2,-8.015515910909));
#1288 = CARTESIAN_POINT('',(-10.13885744833,-0.2,-8.018947368415));
#1289 = ORIENTED_EDGE('',*,*,#1183,.F.);
#1290 = ( BOUNDED_SURFACE() B_SPLINE_SURFACE(3,3,(
    (#1291,#1292,#1293,#1294)
    ,(#1295,#1296,#1297,#1298)
    ,(#1299,#1300,#1301,#1302)
    ,(#1303,#1304,#1305,#1306)
    ,(#1307,#1308,#1309,#1310)
    ,(#1311,#1312,#1313,#1314)
    ,(#1315,#1316,#1317,#1318
)),.UNSPECIFIED.,.T.,.F.,.F.) B_SPLINE_SURFACE_WITH_KNOTS((1,3,3,3,1),(4
    ,4),(-0.5,0.,0.5,1.,1.5),(0.,1.),.UNSPECIFIED.) 
GEOMETRIC_REPRESENTATION_ITEM() RATIONAL_B_SPLINE_SURFACE((
    (1.,1.,1.,1.)
    ,(0.333333333333,0.333333333333,0.333333333333,0.333333333333)
    ,(0.333333333333,0.333333333333,0.333333333333,0.333333333333)
    ,(1.,1.,1.,1.)
    ,(0.333333333333,0.333333333333,0.333333333333,0.333333333333)
    ,(0.333333333333,0.333333333333,0.333333333333,0.333333333333)
,(1.,1.,1.,1.))) REPRESENTATION_ITEM('') SURFACE() );
#1291 = CARTESIAN_POINT('',(-9.918857448336,-0.22,-8.024805232804));
#1292 = CARTESIAN_POINT('',(-9.985524115002,-0.22,-8.024805232804));
#1293 = CARTESIAN_POINT('',(-10.05219078166,-0.22,-8.024805232804));
#1294 = CARTESIAN_POINT('',(-10.11885744833,-0.22,-8.024805232804));
#1295 = CARTESIAN_POINT('',(-9.918857448336,-0.66,-8.024805232804));
#1296 = CARTESIAN_POINT('',(-9.985524115002,-0.526666666667,
    -8.024805232804));
#1297 = CARTESIAN_POINT('',(-10.05219078166,-0.393333333333,
    -8.024805232804));
#1298 = CARTESIAN_POINT('',(-10.11885744833,-0.26,-8.024805232804));
#1299 = CARTESIAN_POINT('',(-10.35885744833,-0.66,-8.013089504034));
#1300 = CARTESIAN_POINT('',(-10.29219078166,-0.526666666667,
    -8.013089504034));
#1301 = CARTESIAN_POINT('',(-10.225524115,-0.393333333333,
    -8.013089504034));
#1302 = CARTESIAN_POINT('',(-10.15885744833,-0.26,-8.013089504034));
#1303 = CARTESIAN_POINT('',(-10.35885744833,-0.22,-8.013089504034));
#1304 = CARTESIAN_POINT('',(-10.29219078166,-0.22,-8.013089504034));
#1305 = CARTESIAN_POINT('',(-10.225524115,-0.22,-8.013089504034));
#1306 = CARTESIAN_POINT('',(-10.15885744833,-0.22,-8.013089504034));
#1307 = CARTESIAN_POINT('',(-10.35885744833,0.22,-8.013089504034));
#1308 = CARTESIAN_POINT('',(-10.29219078166,8.666666666667E-02,
    -8.013089504034));
#1309 = CARTESIAN_POINT('',(-10.225524115,-4.666666666667E-02,
    -8.013089504034));
#1310 = CARTESIAN_POINT('',(-10.15885744833,-0.18,-8.013089504034));
#1311 = CARTESIAN_POINT('',(-9.918857448336,0.22,-8.024805232804));
#1312 = CARTESIAN_POINT('',(-9.985524115002,8.666666666667E-02,
    -8.024805232804));
#1313 = CARTESIAN_POINT('',(-10.05219078166,-4.666666666667E-02,
    -8.024805232804));
#1314 = CARTESIAN_POINT('',(-10.11885744833,-0.18,-8.024805232804));
#1315 = CARTESIAN_POINT('',(-9.918857448336,-0.22,-8.024805232804));
#1316 = CARTESIAN_POINT('',(-9.985524115002,-0.22,-8.024805232804));
#1317 = CARTESIAN_POINT('',(-10.05219078166,-0.22,-8.024805232804));
#1318 = CARTESIAN_POINT('',(-10.11885744833,-0.22,-8.024805232804));
#1319 = ADVANCED_FACE('',(#1320),#1343,.F.);
#1320 = FACE_BOUND('',#1321,.F.);
#1321 = EDGE_LOOP('',(#1322,#1323,#1330,#1336));
#1322 = ORIENTED_EDGE('',*,*,#1213,.T.);
#1323 = ORIENTED_EDGE('',*,*,#1324,.F.);
#1324 = EDGE_CURVE('',#1097,#1214,#1325,.T.);
#1325 = ( BOUNDED_CURVE() B_SPLINE_CURVE(3,(#1326,#1327,#1328,#1329),
.UNSPECIFIED.,.F.,.F.) B_SPLINE_CURVE_WITH_KNOTS((4,4),(4.712388980414,
6.28318530718),.PIECEWISE_BEZIER_KNOTS.) CURVE() 
GEOMETRIC_REPRESENTATION_ITEM() RATIONAL_B_SPLINE_CURVE((1.,
0.804737854131,0.804737854131,1.)) REPRESENTATION_ITEM('') );
#1326 = CARTESIAN_POINT('',(-10.13885744833,-0.2,-19.67894736842));
#1327 = CARTESIAN_POINT('',(-10.15057317708,-0.2,-19.68237882598));
#1328 = CARTESIAN_POINT('',(-10.15885744833,-0.208284271248,
    -19.6848052329));
#1329 = CARTESIAN_POINT('',(-10.15885744833,-0.22,-19.6848052329));
#1330 = ORIENTED_EDGE('',*,*,#1331,.F.);
#1331 = EDGE_CURVE('',#1057,#1097,#1332,.T.);
#1332 = LINE('',#1333,#1334);
#1333 = CARTESIAN_POINT('',(-10.13885744833,0.,-19.67894736841));
#1334 = VECTOR('',#1335,1.);
#1335 = DIRECTION('',(-0.,-1.,-0.));
#1336 = ORIENTED_EDGE('',*,*,#1337,.T.);
#1337 = EDGE_CURVE('',#1057,#1206,#1338,.T.);
#1338 = ( BOUNDED_CURVE() B_SPLINE_CURVE(3,(#1339,#1340,#1341,#1342),
.UNSPECIFIED.,.F.,.F.) B_SPLINE_CURVE_WITH_KNOTS((4,4),(4.712388980391,
6.28318530718),.PIECEWISE_BEZIER_KNOTS.) CURVE() 
GEOMETRIC_REPRESENTATION_ITEM() RATIONAL_B_SPLINE_CURVE((1.,
0.804737854126,0.804737854126,1.)) REPRESENTATION_ITEM('') );
#1339 = CARTESIAN_POINT('',(-10.13885744833,0.,-19.67894736842));
#1340 = CARTESIAN_POINT('',(-10.26773046461,-7.824130388928E-13,
    -19.68237882598));
#1341 = CARTESIAN_POINT('',(-10.35885744833,-9.11269837227E-02,
    -19.6848052329));
#1342 = CARTESIAN_POINT('',(-10.35885744833,-0.22,-19.6848052329));
#1343 = ( BOUNDED_SURFACE() B_SPLINE_SURFACE(3,3,(
    (#1344,#1345,#1346,#1347)
    ,(#1348,#1349,#1350,#1351)
    ,(#1352,#1353,#1354,#1355)
    ,(#1356,#1357,#1358,#1359)
    ,(#1360,#1361,#1362,#1363)
    ,(#1364,#1365,#1366,#1367)
    ,(#1368,#1369,#1370,#1371
)),.UNSPECIFIED.,.T.,.F.,.F.) B_SPLINE_SURFACE_WITH_KNOTS((1,3,3,3,1),(4
    ,4),(-0.5,0.,0.5,1.,1.5),(0.,1.),.UNSPECIFIED.) 
GEOMETRIC_REPRESENTATION_ITEM() RATIONAL_B_SPLINE_SURFACE((
    (1.,1.,1.,1.)
    ,(0.333333333333,0.333333333333,0.333333333333,0.333333333333)
    ,(0.333333333333,0.333333333333,0.333333333333,0.333333333333)
    ,(1.,1.,1.,1.)
    ,(0.333333333333,0.333333333333,0.333333333333,0.333333333333)
    ,(0.333333333333,0.333333333333,0.333333333333,0.333333333333)
,(1.,1.,1.,1.))) REPRESENTATION_ITEM('') SURFACE() );
#1344 = CARTESIAN_POINT('',(-10.35885744833,-0.22,-19.6848052329));
#1345 = CARTESIAN_POINT('',(-10.29219078166,-0.22,-19.6848052329));
#1346 = CARTESIAN_POINT('',(-10.225524115,-0.22,-19.6848052329));
#1347 = CARTESIAN_POINT('',(-10.15885744833,-0.22,-19.6848052329));
#1348 = CARTESIAN_POINT('',(-10.35885744833,-0.66,-19.6848052329));
#1349 = CARTESIAN_POINT('',(-10.29219078166,-0.526666666667,
    -19.6848052329));
#1350 = CARTESIAN_POINT('',(-10.225524115,-0.393333333333,-19.6848052329
    ));
#1351 = CARTESIAN_POINT('',(-10.15885744833,-0.26,-19.6848052329));
#1352 = CARTESIAN_POINT('',(-9.918857448336,-0.66,-19.67308950393));
#1353 = CARTESIAN_POINT('',(-9.985524115002,-0.526666666667,
    -19.67308950393));
#1354 = CARTESIAN_POINT('',(-10.05219078166,-0.393333333333,
    -19.67308950393));
#1355 = CARTESIAN_POINT('',(-10.11885744833,-0.26,-19.67308950393));
#1356 = CARTESIAN_POINT('',(-9.918857448336,-0.22,-19.67308950393));
#1357 = CARTESIAN_POINT('',(-9.985524115002,-0.22,-19.67308950393));
#1358 = CARTESIAN_POINT('',(-10.05219078166,-0.22,-19.67308950393));
#1359 = CARTESIAN_POINT('',(-10.11885744833,-0.22,-19.67308950393));
#1360 = CARTESIAN_POINT('',(-9.918857448336,0.22,-19.67308950393));
#1361 = CARTESIAN_POINT('',(-9.985524115002,8.666666666667E-02,
    -19.67308950393));
#1362 = CARTESIAN_POINT('',(-10.05219078166,-4.666666666667E-02,
    -19.67308950393));
#1363 = CARTESIAN_POINT('',(-10.11885744833,-0.18,-19.67308950393));
#1364 = CARTESIAN_POINT('',(-10.35885744833,0.22,-19.6848052329));
#1365 = CARTESIAN_POINT('',(-10.29219078166,8.666666666667E-02,
    -19.6848052329));
#1366 = CARTESIAN_POINT('',(-10.225524115,-4.666666666667E-02,
    -19.6848052329));
#1367 = CARTESIAN_POINT('',(-10.15885744833,-0.18,-19.6848052329));
#1368 = CARTESIAN_POINT('',(-10.35885744833,-0.22,-19.6848052329));
#1369 = CARTESIAN_POINT('',(-10.29219078166,-0.22,-19.6848052329));
#1370 = CARTESIAN_POINT('',(-10.225524115,-0.22,-19.6848052329));
#1371 = CARTESIAN_POINT('',(-10.15885744833,-0.22,-19.6848052329));
#1372 = ADVANCED_FACE('',(#1373),#1379,.F.);
#1373 = FACE_BOUND('',#1374,.F.);
#1374 = EDGE_LOOP('',(#1375,#1376,#1377,#1378));
#1375 = ORIENTED_EDGE('',*,*,#1324,.T.);
#1376 = ORIENTED_EDGE('',*,*,#1236,.F.);
#1377 = ORIENTED_EDGE('',*,*,#1283,.T.);
#1378 = ORIENTED_EDGE('',*,*,#1096,.T.);
#1379 = CYLINDRICAL_SURFACE('',#1380,2.E-02);
#1380 = AXIS2_PLACEMENT_3D('',#1381,#1382,#1383);
#1381 = CARTESIAN_POINT('',(-10.13885744833,-0.22,88.201052631579));
#1382 = DIRECTION('',(0.,0.,-1.));
#1383 = DIRECTION('',(-1.,0.,0.));
#1384 = ADVANCED_FACE('',(#1385),#1391,.T.);
#1385 = FACE_BOUND('',#1386,.T.);
#1386 = EDGE_LOOP('',(#1387,#1388,#1389,#1390));
#1387 = ORIENTED_EDGE('',*,*,#1064,.T.);
#1388 = ORIENTED_EDGE('',*,*,#1337,.T.);
#1389 = ORIENTED_EDGE('',*,*,#1253,.F.);
#1390 = ORIENTED_EDGE('',*,*,#1270,.T.);
#1391 = CYLINDRICAL_SURFACE('',#1392,0.22);
#1392 = AXIS2_PLACEMENT_3D('',#1393,#1394,#1395);
#1393 = CARTESIAN_POINT('',(-10.13885744833,-0.22,88.201052631579));
#1394 = DIRECTION('',(0.,0.,-1.));
#1395 = DIRECTION('',(-1.,0.,0.));
#1396 = ADVANCED_FACE('',(#1397),#1431,.T.);
#1397 = FACE_BOUND('',#1398,.T.);
#1398 = EDGE_LOOP('',(#1399,#1409,#1417,#1425));
#1399 = ORIENTED_EDGE('',*,*,#1400,.T.);
#1400 = EDGE_CURVE('',#1401,#1403,#1405,.T.);
#1401 = VERTEX_POINT('',#1402);
#1402 = CARTESIAN_POINT('',(8.627000416141,-1.8,-19.89894736842));
#1403 = VERTEX_POINT('',#1404);
#1404 = CARTESIAN_POINT('',(8.627000416141,-1.8,-19.69894736842));
#1405 = LINE('',#1406,#1407);
#1406 = CARTESIAN_POINT('',(8.627000416141,-1.8,-19.89894736842));
#1407 = VECTOR('',#1408,1.);
#1408 = DIRECTION('',(1.402715769533E-14,-0.,1.));
#1409 = ORIENTED_EDGE('',*,*,#1410,.F.);
#1410 = EDGE_CURVE('',#1411,#1403,#1413,.T.);
#1411 = VERTEX_POINT('',#1412);
#1412 = CARTESIAN_POINT('',(-10.14471531272,-1.8,-19.69894736842));
#1413 = LINE('',#1414,#1415);
#1414 = CARTESIAN_POINT('',(-106.3588574483,-1.8,-19.69894736842));
#1415 = VECTOR('',#1416,1.);
#1416 = DIRECTION('',(1.,-0.,-1.402715769533E-14));
#1417 = ORIENTED_EDGE('',*,*,#1418,.F.);
#1418 = EDGE_CURVE('',#1419,#1411,#1421,.T.);
#1419 = VERTEX_POINT('',#1420);
#1420 = CARTESIAN_POINT('',(-10.14471531272,-1.8,-19.89894736842));
#1421 = LINE('',#1422,#1423);
#1422 = CARTESIAN_POINT('',(-10.14471531272,-1.8,-19.89894736842));
#1423 = VECTOR('',#1424,1.);
#1424 = DIRECTION('',(1.402715769533E-14,-0.,1.));
#1425 = ORIENTED_EDGE('',*,*,#1426,.T.);
#1426 = EDGE_CURVE('',#1419,#1401,#1427,.T.);
#1427 = LINE('',#1428,#1429);
#1428 = CARTESIAN_POINT('',(-106.3588574483,-1.8,-19.89894736842));
#1429 = VECTOR('',#1430,1.);
#1430 = DIRECTION('',(1.,-0.,-1.402715769533E-14));
#1431 = PLANE('',#1432);
#1432 = AXIS2_PLACEMENT_3D('',#1433,#1434,#1435);
#1433 = CARTESIAN_POINT('',(-106.3588574483,-1.8,-19.89894736842));
#1434 = DIRECTION('',(-0.,-1.,0.));
#1435 = DIRECTION('',(-1.,0.,1.402715769533E-14));
#1436 = ADVANCED_FACE('',(#1437),#1462,.T.);
#1437 = FACE_BOUND('',#1438,.T.);
#1438 = EDGE_LOOP('',(#1439,#1440,#1448,#1456));
#1439 = ORIENTED_EDGE('',*,*,#1418,.T.);
#1440 = ORIENTED_EDGE('',*,*,#1441,.T.);
#1441 = EDGE_CURVE('',#1411,#1442,#1444,.T.);
#1442 = VERTEX_POINT('',#1443);
#1443 = CARTESIAN_POINT('',(-10.14471531272,-0.22,-19.69894736842));
#1444 = LINE('',#1445,#1446);
#1445 = CARTESIAN_POINT('',(-10.14471531272,-1.8,-19.69894736842));
#1446 = VECTOR('',#1447,1.);
#1447 = DIRECTION('',(0.,1.,0.));
#1448 = ORIENTED_EDGE('',*,*,#1449,.F.);
#1449 = EDGE_CURVE('',#1450,#1442,#1452,.T.);
#1450 = VERTEX_POINT('',#1451);
#1451 = CARTESIAN_POINT('',(-10.14471531272,-0.22,-19.89894736842));
#1452 = LINE('',#1453,#1454);
#1453 = CARTESIAN_POINT('',(-10.14471531272,-0.22,-19.89894736842));
#1454 = VECTOR('',#1455,1.);
#1455 = DIRECTION('',(1.402715769533E-14,-0.,1.));
#1456 = ORIENTED_EDGE('',*,*,#1457,.F.);
#1457 = EDGE_CURVE('',#1419,#1450,#1458,.T.);
#1458 = LINE('',#1459,#1460);
#1459 = CARTESIAN_POINT('',(-10.14471531272,-1.8,-19.89894736842));
#1460 = VECTOR('',#1461,1.);
#1461 = DIRECTION('',(0.,1.,0.));
#1462 = PLANE('',#1463);
#1463 = AXIS2_PLACEMENT_3D('',#1464,#1465,#1466);
#1464 = CARTESIAN_POINT('',(-10.14471531272,-1.8,-19.89894736842));
#1465 = DIRECTION('',(-1.,0.,1.402715769533E-14));
#1466 = DIRECTION('',(0.,1.,0.));
#1467 = ADVANCED_FACE('',(#1468),#1493,.F.);
#1468 = FACE_BOUND('',#1469,.T.);
#1469 = EDGE_LOOP('',(#1470,#1478,#1486,#1492));
#1470 = ORIENTED_EDGE('',*,*,#1471,.F.);
#1471 = EDGE_CURVE('',#1472,#1401,#1474,.T.);
#1472 = VERTEX_POINT('',#1473);
#1473 = CARTESIAN_POINT('',(8.627000416141,-0.22,-19.89894736842));
#1474 = LINE('',#1475,#1476);
#1475 = CARTESIAN_POINT('',(8.627000416141,-1.8,-19.89894736842));
#1476 = VECTOR('',#1477,1.);
#1477 = DIRECTION('',(-0.,-1.,-0.));
#1478 = ORIENTED_EDGE('',*,*,#1479,.T.);
#1479 = EDGE_CURVE('',#1472,#1480,#1482,.T.);
#1480 = VERTEX_POINT('',#1481);
#1481 = CARTESIAN_POINT('',(8.627000416141,-0.22,-19.69894736842));
#1482 = LINE('',#1483,#1484);
#1483 = CARTESIAN_POINT('',(8.627000416141,-0.22,-19.89894736842));
#1484 = VECTOR('',#1485,1.);
#1485 = DIRECTION('',(1.402715769533E-14,-0.,1.));
#1486 = ORIENTED_EDGE('',*,*,#1487,.T.);
#1487 = EDGE_CURVE('',#1480,#1403,#1488,.T.);
#1488 = LINE('',#1489,#1490);
#1489 = CARTESIAN_POINT('',(8.627000416141,-1.8,-19.69894736842));
#1490 = VECTOR('',#1491,1.);
#1491 = DIRECTION('',(-0.,-1.,-0.));
#1492 = ORIENTED_EDGE('',*,*,#1400,.F.);
#1493 = PLANE('',#1494);
#1494 = AXIS2_PLACEMENT_3D('',#1495,#1496,#1497);
#1495 = CARTESIAN_POINT('',(8.627000416141,-1.8,-19.89894736842));
#1496 = DIRECTION('',(-1.,0.,1.402715769533E-14));
#1497 = DIRECTION('',(0.,1.,0.));
#1498 = ADVANCED_FACE('',(#1499),#1510,.F.);
#1499 = FACE_BOUND('',#1500,.T.);
#1500 = EDGE_LOOP('',(#1501,#1507,#1508,#1509));
#1501 = ORIENTED_EDGE('',*,*,#1502,.F.);
#1502 = EDGE_CURVE('',#1442,#1480,#1503,.T.);
#1503 = LINE('',#1504,#1505);
#1504 = CARTESIAN_POINT('',(-106.3588574483,-0.22,-19.69894736842));
#1505 = VECTOR('',#1506,1.);
#1506 = DIRECTION('',(1.,-0.,-1.402715769533E-14));
#1507 = ORIENTED_EDGE('',*,*,#1441,.F.);
#1508 = ORIENTED_EDGE('',*,*,#1410,.T.);
#1509 = ORIENTED_EDGE('',*,*,#1487,.F.);
#1510 = PLANE('',#1511);
#1511 = AXIS2_PLACEMENT_3D('',#1512,#1513,#1514);
#1512 = CARTESIAN_POINT('',(-106.3588574483,-1.8,-19.69894736842));
#1513 = DIRECTION('',(-1.402715769533E-14,0.,-1.));
#1514 = DIRECTION('',(-1.,0.,1.402715769533E-14));
#1515 = ADVANCED_FACE('',(#1516),#1527,.T.);
#1516 = FACE_BOUND('',#1517,.T.);
#1517 = EDGE_LOOP('',(#1518,#1524,#1525,#1526));
#1518 = ORIENTED_EDGE('',*,*,#1519,.T.);
#1519 = EDGE_CURVE('',#1450,#1472,#1520,.T.);
#1520 = LINE('',#1521,#1522);
#1521 = CARTESIAN_POINT('',(-106.3588574483,-0.22,-19.89894736842));
#1522 = VECTOR('',#1523,1.);
#1523 = DIRECTION('',(1.,-0.,-1.402715769533E-14));
#1524 = ORIENTED_EDGE('',*,*,#1471,.T.);
#1525 = ORIENTED_EDGE('',*,*,#1426,.F.);
#1526 = ORIENTED_EDGE('',*,*,#1457,.T.);
#1527 = PLANE('',#1528);
#1528 = AXIS2_PLACEMENT_3D('',#1529,#1530,#1531);
#1529 = CARTESIAN_POINT('',(-106.3588574483,-1.8,-19.89894736842));
#1530 = DIRECTION('',(-1.402715769533E-14,0.,-1.));
#1531 = DIRECTION('',(-1.,0.,1.402715769533E-14));
#1532 = ADVANCED_FACE('',(#1533),#1551,.F.);
#1533 = FACE_BOUND('',#1534,.F.);
#1534 = EDGE_LOOP('',(#1535,#1542,#1543,#1550));
#1535 = ORIENTED_EDGE('',*,*,#1536,.T.);
#1536 = EDGE_CURVE('',#1450,#1057,#1537,.T.);
#1537 = ( BOUNDED_CURVE() B_SPLINE_CURVE(3,(#1538,#1539,#1540,#1541),
.UNSPECIFIED.,.F.,.F.) B_SPLINE_CURVE_WITH_KNOTS((4,4),(3.14159265359,
4.712388980385),.PIECEWISE_BEZIER_KNOTS.) CURVE() 
GEOMETRIC_REPRESENTATION_ITEM() RATIONAL_B_SPLINE_CURVE((1.,
0.804737854124,0.804737854124,1.)) REPRESENTATION_ITEM('') );
#1538 = CARTESIAN_POINT('',(-10.14471531272,-0.22,-19.89894736842));
#1539 = CARTESIAN_POINT('',(-10.14471531272,-9.112698372208E-02,
    -19.89894736842));
#1540 = CARTESIAN_POINT('',(-10.14228890584,3.431465279955E-18,
    -19.8078203847));
#1541 = CARTESIAN_POINT('',(-10.13885744833,0.,-19.67894736842));
#1542 = ORIENTED_EDGE('',*,*,#1331,.T.);
#1543 = ORIENTED_EDGE('',*,*,#1544,.F.);
#1544 = EDGE_CURVE('',#1442,#1097,#1545,.T.);
#1545 = ( BOUNDED_CURVE() B_SPLINE_CURVE(3,(#1546,#1547,#1548,#1549),
.UNSPECIFIED.,.F.,.F.) B_SPLINE_CURVE_WITH_KNOTS((4,4),(3.14159265359,
4.712388980463),.PIECEWISE_BEZIER_KNOTS.) CURVE() 
GEOMETRIC_REPRESENTATION_ITEM() RATIONAL_B_SPLINE_CURVE((1.,
0.804737854106,0.804737854106,1.)) REPRESENTATION_ITEM('') );
#1546 = CARTESIAN_POINT('',(-10.14471531272,-0.22,-19.69894736842));
#1547 = CARTESIAN_POINT('',(-10.14471531272,-0.208284271247,
    -19.69894736842));
#1548 = CARTESIAN_POINT('',(-10.14228890584,-0.199999999999,
    -19.69066309717));
#1549 = CARTESIAN_POINT('',(-10.13885744833,-0.2,-19.67894736842));
#1550 = ORIENTED_EDGE('',*,*,#1449,.F.);
#1551 = ( BOUNDED_SURFACE() B_SPLINE_SURFACE(3,3,(
    (#1552,#1553,#1554,#1555)
    ,(#1556,#1557,#1558,#1559)
    ,(#1560,#1561,#1562,#1563)
    ,(#1564,#1565,#1566,#1567)
    ,(#1568,#1569,#1570,#1571)
    ,(#1572,#1573,#1574,#1575)
    ,(#1576,#1577,#1578,#1579
)),.UNSPECIFIED.,.T.,.F.,.F.) B_SPLINE_SURFACE_WITH_KNOTS((1,3,3,3,1),(4
    ,4),(-0.5,0.,0.5,1.,1.5),(0.,1.),.UNSPECIFIED.) 
GEOMETRIC_REPRESENTATION_ITEM() RATIONAL_B_SPLINE_SURFACE((
    (1.,1.,1.,1.)
    ,(0.333333333333,0.333333333333,0.333333333333,0.333333333333)
    ,(0.333333333333,0.333333333333,0.333333333333,0.333333333333)
    ,(1.,1.,1.,1.)
    ,(0.333333333333,0.333333333333,0.333333333333,0.333333333333)
    ,(0.333333333333,0.333333333333,0.333333333333,0.333333333333)
,(1.,1.,1.,1.))) REPRESENTATION_ITEM('') SURFACE() );
#1552 = CARTESIAN_POINT('',(-10.13299958395,-0.22,-19.45894736842));
#1553 = CARTESIAN_POINT('',(-10.13299958395,-0.22,-19.52561403508));
#1554 = CARTESIAN_POINT('',(-10.13299958395,-0.22,-19.59228070175));
#1555 = CARTESIAN_POINT('',(-10.13299958395,-0.22,-19.65894736842));
#1556 = CARTESIAN_POINT('',(-10.13299958395,-0.66,-19.45894736842));
#1557 = CARTESIAN_POINT('',(-10.13299958395,-0.526666666667,
    -19.52561403508));
#1558 = CARTESIAN_POINT('',(-10.13299958395,-0.393333333333,
    -19.59228070175));
#1559 = CARTESIAN_POINT('',(-10.13299958395,-0.26,-19.65894736842));
#1560 = CARTESIAN_POINT('',(-10.14471531272,-0.66,-19.89894736842));
#1561 = CARTESIAN_POINT('',(-10.14471531272,-0.526666666667,
    -19.83228070175));
#1562 = CARTESIAN_POINT('',(-10.14471531272,-0.393333333333,
    -19.76561403508));
#1563 = CARTESIAN_POINT('',(-10.14471531272,-0.26,-19.69894736842));
#1564 = CARTESIAN_POINT('',(-10.14471531272,-0.22,-19.89894736842));
#1565 = CARTESIAN_POINT('',(-10.14471531272,-0.22,-19.83228070175));
#1566 = CARTESIAN_POINT('',(-10.14471531272,-0.22,-19.76561403508));
#1567 = CARTESIAN_POINT('',(-10.14471531272,-0.22,-19.69894736842));
#1568 = CARTESIAN_POINT('',(-10.14471531272,0.22,-19.89894736842));
#1569 = CARTESIAN_POINT('',(-10.14471531272,8.666666666667E-02,
    -19.83228070175));
#1570 = CARTESIAN_POINT('',(-10.14471531272,-4.666666666667E-02,
    -19.76561403508));
#1571 = CARTESIAN_POINT('',(-10.14471531272,-0.18,-19.69894736842));
#1572 = CARTESIAN_POINT('',(-10.13299958395,0.22,-19.45894736842));
#1573 = CARTESIAN_POINT('',(-10.13299958395,8.666666666667E-02,
    -19.52561403508));
#1574 = CARTESIAN_POINT('',(-10.13299958395,-4.666666666667E-02,
    -19.59228070175));
#1575 = CARTESIAN_POINT('',(-10.13299958395,-0.18,-19.65894736842));
#1576 = CARTESIAN_POINT('',(-10.13299958395,-0.22,-19.45894736842));
#1577 = CARTESIAN_POINT('',(-10.13299958395,-0.22,-19.52561403508));
#1578 = CARTESIAN_POINT('',(-10.13299958395,-0.22,-19.59228070175));
#1579 = CARTESIAN_POINT('',(-10.13299958395,-0.22,-19.65894736842));
#1580 = ADVANCED_FACE('',(#1581),#1604,.F.);
#1581 = FACE_BOUND('',#1582,.F.);
#1582 = EDGE_LOOP('',(#1583,#1584,#1591,#1597));
#1583 = ORIENTED_EDGE('',*,*,#1479,.T.);
#1584 = ORIENTED_EDGE('',*,*,#1585,.F.);
#1585 = EDGE_CURVE('',#1105,#1480,#1586,.T.);
#1586 = ( BOUNDED_CURVE() B_SPLINE_CURVE(3,(#1587,#1588,#1589,#1590),
.UNSPECIFIED.,.F.,.F.) B_SPLINE_CURVE_WITH_KNOTS((4,4),(4.712388980385,
6.28318530718),.PIECEWISE_BEZIER_KNOTS.) CURVE() 
GEOMETRIC_REPRESENTATION_ITEM() RATIONAL_B_SPLINE_CURVE((1.,
0.804737854124,0.804737854124,1.)) REPRESENTATION_ITEM('') );
#1587 = CARTESIAN_POINT('',(8.621142551664,-0.2,-19.67894736842));
#1588 = CARTESIAN_POINT('',(8.624574009228,-0.2,-19.69066309717));
#1589 = CARTESIAN_POINT('',(8.627000416141,-0.208284271247,
    -19.69894736842));
#1590 = CARTESIAN_POINT('',(8.627000416141,-0.22,-19.69894736842));
#1591 = ORIENTED_EDGE('',*,*,#1592,.F.);
#1592 = EDGE_CURVE('',#1049,#1105,#1593,.T.);
#1593 = LINE('',#1594,#1595);
#1594 = CARTESIAN_POINT('',(8.621142551664,0.,-19.67894736842));
#1595 = VECTOR('',#1596,1.);
#1596 = DIRECTION('',(-0.,-1.,2.046549315456E-15));
#1597 = ORIENTED_EDGE('',*,*,#1598,.T.);
#1598 = EDGE_CURVE('',#1049,#1472,#1599,.T.);
#1599 = ( BOUNDED_CURVE() B_SPLINE_CURVE(3,(#1600,#1601,#1602,#1603),
.UNSPECIFIED.,.F.,.F.) B_SPLINE_CURVE_WITH_KNOTS((4,4),(4.712388980375,
6.28318530718),.PIECEWISE_BEZIER_KNOTS.) CURVE() 
GEOMETRIC_REPRESENTATION_ITEM() RATIONAL_B_SPLINE_CURVE((1.,
0.804737854122,0.804737854122,1.)) REPRESENTATION_ITEM('') );
#1600 = CARTESIAN_POINT('',(8.621142551667,0.,-19.67894736842));
#1601 = CARTESIAN_POINT('',(8.624574009228,1.294618621892E-12,
    -19.80782038469));
#1602 = CARTESIAN_POINT('',(8.627000416141,-9.112698372105E-02,
    -19.89894736842));
#1603 = CARTESIAN_POINT('',(8.627000416141,-0.22,-19.89894736842));
#1604 = ( BOUNDED_SURFACE() B_SPLINE_SURFACE(3,3,(
    (#1605,#1606,#1607,#1608)
    ,(#1609,#1610,#1611,#1612)
    ,(#1613,#1614,#1615,#1616)
    ,(#1617,#1618,#1619,#1620)
    ,(#1621,#1622,#1623,#1624)
    ,(#1625,#1626,#1627,#1628)
    ,(#1629,#1630,#1631,#1632
)),.UNSPECIFIED.,.T.,.F.,.F.) B_SPLINE_SURFACE_WITH_KNOTS((1,3,3,3,1),(4
    ,4),(-0.5,0.,0.5,1.,1.5),(0.,1.),.UNSPECIFIED.) 
GEOMETRIC_REPRESENTATION_ITEM() RATIONAL_B_SPLINE_SURFACE((
    (1.,1.,1.,1.)
    ,(0.333333333333,0.333333333333,0.333333333333,0.333333333333)
    ,(0.333333333333,0.333333333333,0.333333333333,0.333333333333)
    ,(1.,1.,1.,1.)
    ,(0.333333333333,0.333333333333,0.333333333333,0.333333333333)
    ,(0.333333333333,0.333333333333,0.333333333333,0.333333333333)
,(1.,1.,1.,1.))) REPRESENTATION_ITEM('') SURFACE() );
#1605 = CARTESIAN_POINT('',(8.627000416141,-0.22,-19.89894736842));
#1606 = CARTESIAN_POINT('',(8.627000416141,-0.22,-19.83228070175));
#1607 = CARTESIAN_POINT('',(8.627000416141,-0.22,-19.76561403508));
#1608 = CARTESIAN_POINT('',(8.627000416141,-0.22,-19.69894736842));
#1609 = CARTESIAN_POINT('',(8.627000416141,-0.66,-19.89894736842));
#1610 = CARTESIAN_POINT('',(8.627000416141,-0.526666666667,
    -19.83228070175));
#1611 = CARTESIAN_POINT('',(8.627000416141,-0.393333333333,
    -19.76561403508));
#1612 = CARTESIAN_POINT('',(8.627000416141,-0.26,-19.69894736842));
#1613 = CARTESIAN_POINT('',(8.615284687188,-0.66,-19.45894736842));
#1614 = CARTESIAN_POINT('',(8.615284687188,-0.526666666667,
    -19.52561403508));
#1615 = CARTESIAN_POINT('',(8.615284687188,-0.393333333333,
    -19.59228070175));
#1616 = CARTESIAN_POINT('',(8.615284687188,-0.26,-19.65894736842));
#1617 = CARTESIAN_POINT('',(8.615284687188,-0.22,-19.45894736842));
#1618 = CARTESIAN_POINT('',(8.615284687188,-0.22,-19.52561403508));
#1619 = CARTESIAN_POINT('',(8.615284687188,-0.22,-19.59228070175));
#1620 = CARTESIAN_POINT('',(8.615284687188,-0.22,-19.65894736842));
#1621 = CARTESIAN_POINT('',(8.615284687188,0.22,-19.45894736842));
#1622 = CARTESIAN_POINT('',(8.615284687188,8.666666666667E-02,
    -19.52561403508));
#1623 = CARTESIAN_POINT('',(8.615284687188,-4.666666666667E-02,
    -19.59228070175));
#1624 = CARTESIAN_POINT('',(8.615284687188,-0.18,-19.65894736842));
#1625 = CARTESIAN_POINT('',(8.627000416141,0.22,-19.89894736842));
#1626 = CARTESIAN_POINT('',(8.627000416141,8.666666666667E-02,
    -19.83228070175));
#1627 = CARTESIAN_POINT('',(8.627000416141,-4.666666666667E-02,
    -19.76561403508));
#1628 = CARTESIAN_POINT('',(8.627000416141,-0.18,-19.69894736842));
#1629 = CARTESIAN_POINT('',(8.627000416141,-0.22,-19.89894736842));
#1630 = CARTESIAN_POINT('',(8.627000416141,-0.22,-19.83228070175));
#1631 = CARTESIAN_POINT('',(8.627000416141,-0.22,-19.76561403508));
#1632 = CARTESIAN_POINT('',(8.627000416141,-0.22,-19.69894736842));
#1633 = ADVANCED_FACE('',(#1634),#1640,.F.);
#1634 = FACE_BOUND('',#1635,.F.);
#1635 = EDGE_LOOP('',(#1636,#1637,#1638,#1639));
#1636 = ORIENTED_EDGE('',*,*,#1585,.T.);
#1637 = ORIENTED_EDGE('',*,*,#1502,.F.);
#1638 = ORIENTED_EDGE('',*,*,#1544,.T.);
#1639 = ORIENTED_EDGE('',*,*,#1104,.T.);
#1640 = CYLINDRICAL_SURFACE('',#1641,2.E-02);
#1641 = AXIS2_PLACEMENT_3D('',#1642,#1643,#1644);
#1642 = CARTESIAN_POINT('',(-106.3588574483,-0.22,-19.67894736842));
#1643 = DIRECTION('',(1.,0.,-1.402715769533E-14));
#1644 = DIRECTION('',(-1.402715769533E-14,-0.,-1.));
#1645 = ADVANCED_FACE('',(#1646),#1652,.T.);
#1646 = FACE_BOUND('',#1647,.T.);
#1647 = EDGE_LOOP('',(#1648,#1649,#1650,#1651));
#1648 = ORIENTED_EDGE('',*,*,#1056,.T.);
#1649 = ORIENTED_EDGE('',*,*,#1598,.T.);
#1650 = ORIENTED_EDGE('',*,*,#1519,.F.);
#1651 = ORIENTED_EDGE('',*,*,#1536,.T.);
#1652 = CYLINDRICAL_SURFACE('',#1653,0.22);
#1653 = AXIS2_PLACEMENT_3D('',#1654,#1655,#1656);
#1654 = CARTESIAN_POINT('',(-106.3588574483,-0.22,-19.67894736842));
#1655 = DIRECTION('',(1.,0.,-1.402715769533E-14));
#1656 = DIRECTION('',(-1.402715769533E-14,-0.,-1.));
#1657 = ADVANCED_FACE('',(#1658),#1692,.T.);
#1658 = FACE_BOUND('',#1659,.T.);
#1659 = EDGE_LOOP('',(#1660,#1670,#1678,#1686));
#1660 = ORIENTED_EDGE('',*,*,#1661,.F.);
#1661 = EDGE_CURVE('',#1662,#1664,#1666,.T.);
#1662 = VERTEX_POINT('',#1663);
#1663 = CARTESIAN_POINT('',(8.641142551667,-1.8,-12.34894736842));
#1664 = VERTEX_POINT('',#1665);
#1665 = CARTESIAN_POINT('',(8.641142551667,-1.8,-11.773089504));
#1666 = LINE('',#1667,#1668);
#1667 = CARTESIAN_POINT('',(8.641142551664,-1.8,-115.8989473684));
#1668 = VECTOR('',#1669,1.);
#1669 = DIRECTION('',(2.805431539066E-14,-0.,1.));
#1670 = ORIENTED_EDGE('',*,*,#1671,.T.);
#1671 = EDGE_CURVE('',#1662,#1672,#1674,.T.);
#1672 = VERTEX_POINT('',#1673);
#1673 = CARTESIAN_POINT('',(8.841142551667,-1.8,-12.34894736842));
#1674 = LINE('',#1675,#1676);
#1675 = CARTESIAN_POINT('',(7.523108562917,-1.8,-12.34894736842));
#1676 = VECTOR('',#1677,1.);
#1677 = DIRECTION('',(1.,0.,-2.805431539066E-14));
#1678 = ORIENTED_EDGE('',*,*,#1679,.T.);
#1679 = EDGE_CURVE('',#1672,#1680,#1682,.T.);
#1680 = VERTEX_POINT('',#1681);
#1681 = CARTESIAN_POINT('',(8.841142551667,-1.8,-11.773089504));
#1682 = LINE('',#1683,#1684);
#1683 = CARTESIAN_POINT('',(8.841142551664,-1.8,-115.8989473684));
#1684 = VECTOR('',#1685,1.);
#1685 = DIRECTION('',(2.805431539066E-14,-0.,1.));
#1686 = ORIENTED_EDGE('',*,*,#1687,.T.);
#1687 = EDGE_CURVE('',#1680,#1664,#1688,.T.);
#1688 = LINE('',#1689,#1690);
#1689 = CARTESIAN_POINT('',(8.841142551667,-1.8,-11.773089504));
#1690 = VECTOR('',#1691,1.);
#1691 = DIRECTION('',(-1.,-0.,2.805431539066E-14));
#1692 = PLANE('',#1693);
#1693 = AXIS2_PLACEMENT_3D('',#1694,#1695,#1696);
#1694 = CARTESIAN_POINT('',(8.841142551664,-1.8,-115.8989473684));
#1695 = DIRECTION('',(0.,-1.,-0.));
#1696 = DIRECTION('',(-2.805431539066E-14,0.,-1.));
#1697 = ADVANCED_FACE('',(#1698),#1723,.T.);
#1698 = FACE_BOUND('',#1699,.T.);
#1699 = EDGE_LOOP('',(#1700,#1701,#1709,#1717));
#1700 = ORIENTED_EDGE('',*,*,#1000,.T.);
#1701 = ORIENTED_EDGE('',*,*,#1702,.T.);
#1702 = EDGE_CURVE('',#993,#1703,#1705,.T.);
#1703 = VERTEX_POINT('',#1704);
#1704 = CARTESIAN_POINT('',(8.641142551667,-0.22,-19.68480523288));
#1705 = LINE('',#1706,#1707);
#1706 = CARTESIAN_POINT('',(8.641142551667,-1.8,-19.68480523288));
#1707 = VECTOR('',#1708,1.);
#1708 = DIRECTION('',(0.,1.,0.));
#1709 = ORIENTED_EDGE('',*,*,#1710,.F.);
#1710 = EDGE_CURVE('',#1711,#1703,#1713,.T.);
#1711 = VERTEX_POINT('',#1712);
#1712 = CARTESIAN_POINT('',(8.841142551667,-0.22,-19.68480523288));
#1713 = LINE('',#1714,#1715);
#1714 = CARTESIAN_POINT('',(8.841142551667,-0.22,-19.68480523288));
#1715 = VECTOR('',#1716,1.);
#1716 = DIRECTION('',(-1.,-0.,2.805431539066E-14));
#1717 = ORIENTED_EDGE('',*,*,#1718,.F.);
#1718 = EDGE_CURVE('',#1001,#1711,#1719,.T.);
#1719 = LINE('',#1720,#1721);
#1720 = CARTESIAN_POINT('',(8.841142551667,-1.8,-19.68480523288));
#1721 = VECTOR('',#1722,1.);
#1722 = DIRECTION('',(0.,1.,0.));
#1723 = PLANE('',#1724);
#1724 = AXIS2_PLACEMENT_3D('',#1725,#1726,#1727);
#1725 = CARTESIAN_POINT('',(8.841142551667,-1.8,-19.68480523288));
#1726 = DIRECTION('',(-2.805431539066E-14,0.,-1.));
#1727 = DIRECTION('',(0.,1.,0.));
#1728 = ADVANCED_FACE('',(#1729),#1754,.F.);
#1729 = FACE_BOUND('',#1730,.T.);
#1730 = EDGE_LOOP('',(#1731,#1739,#1747,#1753));
#1731 = ORIENTED_EDGE('',*,*,#1732,.F.);
#1732 = EDGE_CURVE('',#1733,#1680,#1735,.T.);
#1733 = VERTEX_POINT('',#1734);
#1734 = CARTESIAN_POINT('',(8.841142551667,-0.22,-11.773089504));
#1735 = LINE('',#1736,#1737);
#1736 = CARTESIAN_POINT('',(8.841142551667,-1.8,-11.773089504));
#1737 = VECTOR('',#1738,1.);
#1738 = DIRECTION('',(-0.,-1.,-0.));
#1739 = ORIENTED_EDGE('',*,*,#1740,.T.);
#1740 = EDGE_CURVE('',#1733,#1741,#1743,.T.);
#1741 = VERTEX_POINT('',#1742);
#1742 = CARTESIAN_POINT('',(8.641142551667,-0.22,-11.773089504));
#1743 = LINE('',#1744,#1745);
#1744 = CARTESIAN_POINT('',(8.841142551667,-0.22,-11.773089504));
#1745 = VECTOR('',#1746,1.);
#1746 = DIRECTION('',(-1.,-0.,2.805431539066E-14));
#1747 = ORIENTED_EDGE('',*,*,#1748,.T.);
#1748 = EDGE_CURVE('',#1741,#1664,#1749,.T.);
#1749 = LINE('',#1750,#1751);
#1750 = CARTESIAN_POINT('',(8.641142551667,-1.8,-11.773089504));
#1751 = VECTOR('',#1752,1.);
#1752 = DIRECTION('',(-0.,-1.,-0.));
#1753 = ORIENTED_EDGE('',*,*,#1687,.F.);
#1754 = PLANE('',#1755);
#1755 = AXIS2_PLACEMENT_3D('',#1756,#1757,#1758);
#1756 = CARTESIAN_POINT('',(8.841142551667,-1.8,-11.773089504));
#1757 = DIRECTION('',(-2.805431539066E-14,0.,-1.));
#1758 = DIRECTION('',(0.,1.,0.));
#1759 = ADVANCED_FACE('',(#1760),#1812,.F.);
#1760 = FACE_BOUND('',#1761,.T.);
#1761 = EDGE_LOOP('',(#1762,#1768,#1769,#1770,#1778,#1787,#1795,#1804,
    #1810,#1811));
#1762 = ORIENTED_EDGE('',*,*,#1763,.F.);
#1763 = EDGE_CURVE('',#1703,#1741,#1764,.T.);
#1764 = LINE('',#1765,#1766);
#1765 = CARTESIAN_POINT('',(8.641142551664,-0.22,-115.8989473684));
#1766 = VECTOR('',#1767,1.);
#1767 = DIRECTION('',(2.805431539066E-14,-0.,1.));
#1768 = ORIENTED_EDGE('',*,*,#1702,.F.);
#1769 = ORIENTED_EDGE('',*,*,#992,.T.);
#1770 = ORIENTED_EDGE('',*,*,#1771,.T.);
#1771 = EDGE_CURVE('',#983,#1772,#1774,.T.);
#1772 = VERTEX_POINT('',#1773);
#1773 = CARTESIAN_POINT('',(8.641142551667,-2.1,-13.34894736842));
#1774 = LINE('',#1775,#1776);
#1775 = CARTESIAN_POINT('',(8.641142551667,-1.8,-13.34894736842));
#1776 = VECTOR('',#1777,1.);
#1777 = DIRECTION('',(0.,-1.,0.));
#1778 = ORIENTED_EDGE('',*,*,#1779,.T.);
#1779 = EDGE_CURVE('',#1772,#1780,#1782,.T.);
#1780 = VERTEX_POINT('',#1781);
#1781 = CARTESIAN_POINT('',(8.641142551667,-2.3,-13.14894736842));
#1782 = CIRCLE('',#1783,0.2);
#1783 = AXIS2_PLACEMENT_3D('',#1784,#1785,#1786);
#1784 = CARTESIAN_POINT('',(8.641142551667,-2.1,-13.14894736842));
#1785 = DIRECTION('',(-1.,-0.,2.805431539066E-14));
#1786 = DIRECTION('',(-2.805431539066E-14,0.,-1.));
#1787 = ORIENTED_EDGE('',*,*,#1788,.T.);
#1788 = EDGE_CURVE('',#1780,#1789,#1791,.T.);
#1789 = VERTEX_POINT('',#1790);
#1790 = CARTESIAN_POINT('',(8.641142551667,-2.3,-12.54894736842));
#1791 = LINE('',#1792,#1793);
#1792 = CARTESIAN_POINT('',(8.641142551667,-2.3,-12.54894736842));
#1793 = VECTOR('',#1794,1.);
#1794 = DIRECTION('',(2.805431539066E-14,0.,1.));
#1795 = ORIENTED_EDGE('',*,*,#1796,.T.);
#1796 = EDGE_CURVE('',#1789,#1797,#1799,.T.);
#1797 = VERTEX_POINT('',#1798);
#1798 = CARTESIAN_POINT('',(8.641142551667,-2.1,-12.34894736842));
#1799 = CIRCLE('',#1800,0.2);
#1800 = AXIS2_PLACEMENT_3D('',#1801,#1802,#1803);
#1801 = CARTESIAN_POINT('',(8.641142551667,-2.1,-12.54894736842));
#1802 = DIRECTION('',(-1.,-0.,2.805431539066E-14));
#1803 = DIRECTION('',(-2.805431539066E-14,0.,-1.));
#1804 = ORIENTED_EDGE('',*,*,#1805,.T.);
#1805 = EDGE_CURVE('',#1797,#1662,#1806,.T.);
#1806 = LINE('',#1807,#1808);
#1807 = CARTESIAN_POINT('',(8.641142551667,-1.8,-12.34894736842));
#1808 = VECTOR('',#1809,1.);
#1809 = DIRECTION('',(-0.,1.,0.));
#1810 = ORIENTED_EDGE('',*,*,#1661,.T.);
#1811 = ORIENTED_EDGE('',*,*,#1748,.F.);
#1812 = PLANE('',#1813);
#1813 = AXIS2_PLACEMENT_3D('',#1814,#1815,#1816);
#1814 = CARTESIAN_POINT('',(8.641142551664,-1.8,-115.8989473684));
#1815 = DIRECTION('',(1.,0.,-2.805431539066E-14));
#1816 = DIRECTION('',(-2.805431539066E-14,0.,-1.));
#1817 = ADVANCED_FACE('',(#1818),#1870,.T.);
#1818 = FACE_BOUND('',#1819,.T.);
#1819 = EDGE_LOOP('',(#1820,#1826,#1827,#1828,#1836,#1845,#1853,#1862,
    #1868,#1869));
#1820 = ORIENTED_EDGE('',*,*,#1821,.T.);
#1821 = EDGE_CURVE('',#1711,#1733,#1822,.T.);
#1822 = LINE('',#1823,#1824);
#1823 = CARTESIAN_POINT('',(8.841142551664,-0.22,-115.8989473684));
#1824 = VECTOR('',#1825,1.);
#1825 = DIRECTION('',(2.805431539066E-14,-0.,1.));
#1826 = ORIENTED_EDGE('',*,*,#1732,.T.);
#1827 = ORIENTED_EDGE('',*,*,#1679,.F.);
#1828 = ORIENTED_EDGE('',*,*,#1829,.T.);
#1829 = EDGE_CURVE('',#1672,#1830,#1832,.T.);
#1830 = VERTEX_POINT('',#1831);
#1831 = CARTESIAN_POINT('',(8.841142551667,-2.1,-12.34894736842));
#1832 = LINE('',#1833,#1834);
#1833 = CARTESIAN_POINT('',(8.841142551667,-1.8,-12.34894736842));
#1834 = VECTOR('',#1835,1.);
#1835 = DIRECTION('',(0.,-1.,0.));
#1836 = ORIENTED_EDGE('',*,*,#1837,.T.);
#1837 = EDGE_CURVE('',#1830,#1838,#1840,.T.);
#1838 = VERTEX_POINT('',#1839);
#1839 = CARTESIAN_POINT('',(8.841142551667,-2.3,-12.54894736842));
#1840 = CIRCLE('',#1841,0.2);
#1841 = AXIS2_PLACEMENT_3D('',#1842,#1843,#1844);
#1842 = CARTESIAN_POINT('',(8.841142551667,-2.1,-12.54894736842));
#1843 = DIRECTION('',(1.,0.,-2.805431539066E-14));
#1844 = DIRECTION('',(2.805431539066E-14,0.,1.));
#1845 = ORIENTED_EDGE('',*,*,#1846,.T.);
#1846 = EDGE_CURVE('',#1838,#1847,#1849,.T.);
#1847 = VERTEX_POINT('',#1848);
#1848 = CARTESIAN_POINT('',(8.841142551667,-2.3,-13.14894736842));
#1849 = LINE('',#1850,#1851);
#1850 = CARTESIAN_POINT('',(8.841142551667,-2.3,-12.54894736842));
#1851 = VECTOR('',#1852,1.);
#1852 = DIRECTION('',(-2.891205793295E-14,0.,-1.));
#1853 = ORIENTED_EDGE('',*,*,#1854,.T.);
#1854 = EDGE_CURVE('',#1847,#1855,#1857,.T.);
#1855 = VERTEX_POINT('',#1856);
#1856 = CARTESIAN_POINT('',(8.841142551667,-2.1,-13.34894736842));
#1857 = CIRCLE('',#1858,0.2);
#1858 = AXIS2_PLACEMENT_3D('',#1859,#1860,#1861);
#1859 = CARTESIAN_POINT('',(8.841142551667,-2.1,-13.14894736842));
#1860 = DIRECTION('',(1.,0.,-2.805431539066E-14));
#1861 = DIRECTION('',(2.805431539066E-14,0.,1.));
#1862 = ORIENTED_EDGE('',*,*,#1863,.T.);
#1863 = EDGE_CURVE('',#1855,#985,#1864,.T.);
#1864 = LINE('',#1865,#1866);
#1865 = CARTESIAN_POINT('',(8.841142551667,-1.8,-13.34894736842));
#1866 = VECTOR('',#1867,1.);
#1867 = DIRECTION('',(-0.,1.,-0.));
#1868 = ORIENTED_EDGE('',*,*,#1008,.F.);
#1869 = ORIENTED_EDGE('',*,*,#1718,.T.);
#1870 = PLANE('',#1871);
#1871 = AXIS2_PLACEMENT_3D('',#1872,#1873,#1874);
#1872 = CARTESIAN_POINT('',(8.841142551664,-1.8,-115.8989473684));
#1873 = DIRECTION('',(1.,0.,-2.805431539066E-14));
#1874 = DIRECTION('',(-2.805431539066E-14,0.,-1.));
#1875 = ADVANCED_FACE('',(#1876),#1894,.F.);
#1876 = FACE_BOUND('',#1877,.F.);
#1877 = EDGE_LOOP('',(#1878,#1885,#1886,#1893));
#1878 = ORIENTED_EDGE('',*,*,#1879,.T.);
#1879 = EDGE_CURVE('',#1711,#1049,#1880,.T.);
#1880 = ( BOUNDED_CURVE() B_SPLINE_CURVE(3,(#1881,#1882,#1883,#1884),
.UNSPECIFIED.,.F.,.F.) B_SPLINE_CURVE_WITH_KNOTS((4,4),(3.14159265359,
4.712388980385),.PIECEWISE_BEZIER_KNOTS.) CURVE() 
GEOMETRIC_REPRESENTATION_ITEM() RATIONAL_B_SPLINE_CURVE((1.,
0.804737854124,0.804737854124,1.)) REPRESENTATION_ITEM('') );
#1881 = CARTESIAN_POINT('',(8.841142551667,-0.22,-19.68480523288));
#1882 = CARTESIAN_POINT('',(8.841142551667,-9.112698372208E-02,
    -19.68480523288));
#1883 = CARTESIAN_POINT('',(8.750015567945,5.764157390423E-17,
    -19.68237882597));
#1884 = CARTESIAN_POINT('',(8.621142551667,0.,-19.67894736842));
#1885 = ORIENTED_EDGE('',*,*,#1592,.T.);
#1886 = ORIENTED_EDGE('',*,*,#1887,.F.);
#1887 = EDGE_CURVE('',#1703,#1105,#1888,.T.);
#1888 = ( BOUNDED_CURVE() B_SPLINE_CURVE(3,(#1889,#1890,#1891,#1892),
.UNSPECIFIED.,.F.,.F.) B_SPLINE_CURVE_WITH_KNOTS((4,4),(3.14159265359,
4.712388980481),.PIECEWISE_BEZIER_KNOTS.) CURVE() 
GEOMETRIC_REPRESENTATION_ITEM() RATIONAL_B_SPLINE_CURVE((1.,
0.804737854102,0.804737854102,1.)) REPRESENTATION_ITEM('') );
#1889 = CARTESIAN_POINT('',(8.641142551667,-0.22,-19.68480523288));
#1890 = CARTESIAN_POINT('',(8.641142551667,-0.208284271247,
    -19.68480523288));
#1891 = CARTESIAN_POINT('',(8.632858280419,-0.199999999999,
    -19.68237882597));
#1892 = CARTESIAN_POINT('',(8.621142551664,-0.2,-19.67894736842));
#1893 = ORIENTED_EDGE('',*,*,#1710,.F.);
#1894 = ( BOUNDED_SURFACE() B_SPLINE_SURFACE(3,3,(
    (#1895,#1896,#1897,#1898)
    ,(#1899,#1900,#1901,#1902)
    ,(#1903,#1904,#1905,#1906)
    ,(#1907,#1908,#1909,#1910)
    ,(#1911,#1912,#1913,#1914)
    ,(#1915,#1916,#1917,#1918)
    ,(#1919,#1920,#1921,#1922
)),.UNSPECIFIED.,.T.,.F.,.F.) B_SPLINE_SURFACE_WITH_KNOTS((1,3,3,3,1),(4
    ,4),(-0.5,0.,0.5,1.,1.5),(0.,1.),.UNSPECIFIED.) 
GEOMETRIC_REPRESENTATION_ITEM() RATIONAL_B_SPLINE_SURFACE((
    (1.,1.,1.,1.)
    ,(0.333333333333,0.333333333333,0.333333333333,0.333333333333)
    ,(0.333333333333,0.333333333333,0.333333333333,0.333333333333)
    ,(1.,1.,1.,1.)
    ,(0.333333333333,0.333333333333,0.333333333333,0.333333333333)
    ,(0.333333333333,0.333333333333,0.333333333333,0.333333333333)
,(1.,1.,1.,1.))) REPRESENTATION_ITEM('') SURFACE() );
#1895 = CARTESIAN_POINT('',(8.401142551667,-0.22,-19.67308950395));
#1896 = CARTESIAN_POINT('',(8.467809218334,-0.22,-19.67308950395));
#1897 = CARTESIAN_POINT('',(8.534475885,-0.22,-19.67308950395));
#1898 = CARTESIAN_POINT('',(8.601142551667,-0.22,-19.67308950395));
#1899 = CARTESIAN_POINT('',(8.401142551667,-0.66,-19.67308950395));
#1900 = CARTESIAN_POINT('',(8.467809218334,-0.526666666667,
    -19.67308950395));
#1901 = CARTESIAN_POINT('',(8.534475885,-0.393333333333,-19.67308950395)
  );
#1902 = CARTESIAN_POINT('',(8.601142551667,-0.26,-19.67308950395));
#1903 = CARTESIAN_POINT('',(8.841142551667,-0.66,-19.68480523288));
#1904 = CARTESIAN_POINT('',(8.774475885,-0.526666666667,-19.68480523288)
  );
#1905 = CARTESIAN_POINT('',(8.707809218334,-0.393333333333,
    -19.68480523288));
#1906 = CARTESIAN_POINT('',(8.641142551667,-0.26,-19.68480523288));
#1907 = CARTESIAN_POINT('',(8.841142551667,-0.22,-19.68480523288));
#1908 = CARTESIAN_POINT('',(8.774475885,-0.22,-19.68480523288));
#1909 = CARTESIAN_POINT('',(8.707809218334,-0.22,-19.68480523288));
#1910 = CARTESIAN_POINT('',(8.641142551667,-0.22,-19.68480523288));
#1911 = CARTESIAN_POINT('',(8.841142551667,0.22,-19.68480523288));
#1912 = CARTESIAN_POINT('',(8.774475885,8.666666666667E-02,
    -19.68480523288));
#1913 = CARTESIAN_POINT('',(8.707809218334,-4.666666666667E-02,
    -19.68480523288));
#1914 = CARTESIAN_POINT('',(8.641142551667,-0.18,-19.68480523288));
#1915 = CARTESIAN_POINT('',(8.401142551667,0.22,-19.67308950395));
#1916 = CARTESIAN_POINT('',(8.467809218334,8.666666666667E-02,
    -19.67308950395));
#1917 = CARTESIAN_POINT('',(8.534475885,-4.666666666667E-02,
    -19.67308950395));
#1918 = CARTESIAN_POINT('',(8.601142551667,-0.18,-19.67308950395));
#1919 = CARTESIAN_POINT('',(8.401142551667,-0.22,-19.67308950395));
#1920 = CARTESIAN_POINT('',(8.467809218334,-0.22,-19.67308950395));
#1921 = CARTESIAN_POINT('',(8.534475885,-0.22,-19.67308950395));
#1922 = CARTESIAN_POINT('',(8.601142551667,-0.22,-19.67308950395));
#1923 = ADVANCED_FACE('',(#1924),#1947,.F.);
#1924 = FACE_BOUND('',#1925,.F.);
#1925 = EDGE_LOOP('',(#1926,#1927,#1934,#1940));
#1926 = ORIENTED_EDGE('',*,*,#1740,.T.);
#1927 = ORIENTED_EDGE('',*,*,#1928,.F.);
#1928 = EDGE_CURVE('',#1113,#1741,#1929,.T.);
#1929 = ( BOUNDED_CURVE() B_SPLINE_CURVE(3,(#1930,#1931,#1932,#1933),
.UNSPECIFIED.,.F.,.F.) B_SPLINE_CURVE_WITH_KNOTS((4,4),(4.712388980385,
6.28318530718),.PIECEWISE_BEZIER_KNOTS.) CURVE() 
GEOMETRIC_REPRESENTATION_ITEM() RATIONAL_B_SPLINE_CURVE((1.,
0.804737854124,0.804737854124,1.)) REPRESENTATION_ITEM('') );
#1930 = CARTESIAN_POINT('',(8.621142551667,-0.2,-11.77894736842));
#1931 = CARTESIAN_POINT('',(8.63285828042,-0.2,-11.77551591089));
#1932 = CARTESIAN_POINT('',(8.641142551667,-0.208284271247,-11.773089504
    ));
#1933 = CARTESIAN_POINT('',(8.641142551667,-0.22,-11.773089504));
#1934 = ORIENTED_EDGE('',*,*,#1935,.F.);
#1935 = EDGE_CURVE('',#1041,#1113,#1936,.T.);
#1936 = LINE('',#1937,#1938);
#1937 = CARTESIAN_POINT('',(8.621142551667,0.,-11.77894736842));
#1938 = VECTOR('',#1939,1.);
#1939 = DIRECTION('',(-1.177341224733E-15,-1.,-0.));
#1940 = ORIENTED_EDGE('',*,*,#1941,.T.);
#1941 = EDGE_CURVE('',#1041,#1733,#1942,.T.);
#1942 = ( BOUNDED_CURVE() B_SPLINE_CURVE(3,(#1943,#1944,#1945,#1946),
.UNSPECIFIED.,.F.,.F.) B_SPLINE_CURVE_WITH_KNOTS((4,4),(4.712388980375,
6.28318530718),.PIECEWISE_BEZIER_KNOTS.) CURVE() 
GEOMETRIC_REPRESENTATION_ITEM() RATIONAL_B_SPLINE_CURVE((1.,
0.804737854122,0.804737854122,1.)) REPRESENTATION_ITEM('') );
#1943 = CARTESIAN_POINT('',(8.621142551665,0.,-11.77894736841));
#1944 = CARTESIAN_POINT('',(8.750015567944,1.284574145693E-12,
    -11.77551591089));
#1945 = CARTESIAN_POINT('',(8.841142551667,-9.112698372106E-02,
    -11.773089504));
#1946 = CARTESIAN_POINT('',(8.841142551667,-0.22,-11.773089504));
#1947 = ( BOUNDED_SURFACE() B_SPLINE_SURFACE(3,3,(
    (#1948,#1949,#1950,#1951)
    ,(#1952,#1953,#1954,#1955)
    ,(#1956,#1957,#1958,#1959)
    ,(#1960,#1961,#1962,#1963)
    ,(#1964,#1965,#1966,#1967)
    ,(#1968,#1969,#1970,#1971)
    ,(#1972,#1973,#1974,#1975
)),.UNSPECIFIED.,.T.,.F.,.F.) B_SPLINE_SURFACE_WITH_KNOTS((1,3,3,3,1),(4
    ,4),(-0.5,0.,0.5,1.,1.5),(0.,1.),.UNSPECIFIED.) 
GEOMETRIC_REPRESENTATION_ITEM() RATIONAL_B_SPLINE_SURFACE((
    (1.,1.,1.,1.)
    ,(0.333333333333,0.333333333333,0.333333333333,0.333333333333)
    ,(0.333333333333,0.333333333333,0.333333333333,0.333333333333)
    ,(1.,1.,1.,1.)
    ,(0.333333333333,0.333333333333,0.333333333333,0.333333333333)
    ,(0.333333333333,0.333333333333,0.333333333333,0.333333333333)
,(1.,1.,1.,1.))) REPRESENTATION_ITEM('') SURFACE() );
#1948 = CARTESIAN_POINT('',(8.841142551667,-0.22,-11.773089504));
#1949 = CARTESIAN_POINT('',(8.774475885001,-0.22,-11.773089504));
#1950 = CARTESIAN_POINT('',(8.707809218334,-0.22,-11.773089504));
#1951 = CARTESIAN_POINT('',(8.641142551667,-0.22,-11.773089504));
#1952 = CARTESIAN_POINT('',(8.841142551667,-0.66,-11.773089504));
#1953 = CARTESIAN_POINT('',(8.774475885001,-0.526666666667,-11.773089504
    ));
#1954 = CARTESIAN_POINT('',(8.707809218334,-0.393333333333,-11.773089504
    ));
#1955 = CARTESIAN_POINT('',(8.641142551667,-0.26,-11.773089504));
#1956 = CARTESIAN_POINT('',(8.401142551667,-0.66,-11.78480523283));
#1957 = CARTESIAN_POINT('',(8.467809218334,-0.526666666667,
    -11.78480523283));
#1958 = CARTESIAN_POINT('',(8.534475885001,-0.393333333333,
    -11.78480523283));
#1959 = CARTESIAN_POINT('',(8.601142551667,-0.26,-11.78480523283));
#1960 = CARTESIAN_POINT('',(8.401142551667,-0.22,-11.78480523283));
#1961 = CARTESIAN_POINT('',(8.467809218334,-0.22,-11.78480523283));
#1962 = CARTESIAN_POINT('',(8.534475885001,-0.22,-11.78480523283));
#1963 = CARTESIAN_POINT('',(8.601142551667,-0.22,-11.78480523283));
#1964 = CARTESIAN_POINT('',(8.401142551667,0.22,-11.78480523283));
#1965 = CARTESIAN_POINT('',(8.467809218334,8.666666666667E-02,
    -11.78480523283));
#1966 = CARTESIAN_POINT('',(8.534475885001,-4.666666666667E-02,
    -11.78480523283));
#1967 = CARTESIAN_POINT('',(8.601142551667,-0.18,-11.78480523283));
#1968 = CARTESIAN_POINT('',(8.841142551667,0.22,-11.773089504));
#1969 = CARTESIAN_POINT('',(8.774475885001,8.666666666667E-02,
    -11.773089504));
#1970 = CARTESIAN_POINT('',(8.707809218334,-4.666666666667E-02,
    -11.773089504));
#1971 = CARTESIAN_POINT('',(8.641142551667,-0.18,-11.773089504));
#1972 = CARTESIAN_POINT('',(8.841142551667,-0.22,-11.773089504));
#1973 = CARTESIAN_POINT('',(8.774475885001,-0.22,-11.773089504));
#1974 = CARTESIAN_POINT('',(8.707809218334,-0.22,-11.773089504));
#1975 = CARTESIAN_POINT('',(8.641142551667,-0.22,-11.773089504));
#1976 = ADVANCED_FACE('',(#1977),#1983,.F.);
#1977 = FACE_BOUND('',#1978,.F.);
#1978 = EDGE_LOOP('',(#1979,#1980,#1981,#1982));
#1979 = ORIENTED_EDGE('',*,*,#1928,.T.);
#1980 = ORIENTED_EDGE('',*,*,#1763,.F.);
#1981 = ORIENTED_EDGE('',*,*,#1887,.T.);
#1982 = ORIENTED_EDGE('',*,*,#1112,.T.);
#1983 = CYLINDRICAL_SURFACE('',#1984,2.E-02);
#1984 = AXIS2_PLACEMENT_3D('',#1985,#1986,#1987);
#1985 = CARTESIAN_POINT('',(8.621142551664,-0.22,-115.8989473684));
#1986 = DIRECTION('',(2.805431539066E-14,0.,1.));
#1987 = DIRECTION('',(1.,0.,-2.805431539066E-14));
#1988 = ADVANCED_FACE('',(#1989),#1995,.T.);
#1989 = FACE_BOUND('',#1990,.T.);
#1990 = EDGE_LOOP('',(#1991,#1992,#1993,#1994));
#1991 = ORIENTED_EDGE('',*,*,#1048,.T.);
#1992 = ORIENTED_EDGE('',*,*,#1941,.T.);
#1993 = ORIENTED_EDGE('',*,*,#1821,.F.);
#1994 = ORIENTED_EDGE('',*,*,#1879,.T.);
#1995 = CYLINDRICAL_SURFACE('',#1996,0.22);
#1996 = AXIS2_PLACEMENT_3D('',#1997,#1998,#1999);
#1997 = CARTESIAN_POINT('',(8.621142551664,-0.22,-115.8989473684));
#1998 = DIRECTION('',(2.805431539066E-14,0.,1.));
#1999 = DIRECTION('',(1.,0.,-2.805431539066E-14));
#2000 = ADVANCED_FACE('',(#2001),#2035,.T.);
#2001 = FACE_BOUND('',#2002,.T.);
#2002 = EDGE_LOOP('',(#2003,#2013,#2021,#2029));
#2003 = ORIENTED_EDGE('',*,*,#2004,.T.);
#2004 = EDGE_CURVE('',#2005,#2007,#2009,.T.);
#2005 = VERTEX_POINT('',#2006);
#2006 = CARTESIAN_POINT('',(8.627000416093,-1.8,-11.55894736841));
#2007 = VERTEX_POINT('',#2008);
#2008 = CARTESIAN_POINT('',(5.835284687331,-1.8,-11.55894736841));
#2009 = LINE('',#2010,#2011);
#2010 = CARTESIAN_POINT('',(104.84114255166,-1.8,-11.55894736842));
#2011 = VECTOR('',#2012,1.);
#2012 = DIRECTION('',(-1.,-0.,4.030511624659E-14));
#2013 = ORIENTED_EDGE('',*,*,#2014,.F.);
#2014 = EDGE_CURVE('',#2015,#2007,#2017,.T.);
#2015 = VERTEX_POINT('',#2016);
#2016 = CARTESIAN_POINT('',(5.835284687331,-1.8,-11.75894736841));
#2017 = LINE('',#2018,#2019);
#2018 = CARTESIAN_POINT('',(5.835284687331,-1.8,-19.89994736842));
#2019 = VECTOR('',#2020,1.);
#2020 = DIRECTION('',(-0.,-0.,1.));
#2021 = ORIENTED_EDGE('',*,*,#2022,.F.);
#2022 = EDGE_CURVE('',#2023,#2015,#2025,.T.);
#2023 = VERTEX_POINT('',#2024);
#2024 = CARTESIAN_POINT('',(8.627000416093,-1.8,-11.75894736841));
#2025 = LINE('',#2026,#2027);
#2026 = CARTESIAN_POINT('',(104.84114255166,-1.8,-11.75894736842));
#2027 = VECTOR('',#2028,1.);
#2028 = DIRECTION('',(-1.,-0.,4.030511624659E-14));
#2029 = ORIENTED_EDGE('',*,*,#2030,.F.);
#2030 = EDGE_CURVE('',#2005,#2023,#2031,.T.);
#2031 = LINE('',#2032,#2033);
#2032 = CARTESIAN_POINT('',(8.627000416093,-1.8,-11.55894736841));
#2033 = VECTOR('',#2034,1.);
#2034 = DIRECTION('',(-4.030511624659E-14,-0.,-1.));
#2035 = PLANE('',#2036);
#2036 = AXIS2_PLACEMENT_3D('',#2037,#2038,#2039);
#2037 = CARTESIAN_POINT('',(104.84114255166,-1.8,-11.55894736842));
#2038 = DIRECTION('',(0.,-1.,0.));
#2039 = DIRECTION('',(1.,0.,-4.030511624659E-14));
#2040 = ADVANCED_FACE('',(#2041),#2066,.T.);
#2041 = FACE_BOUND('',#2042,.T.);
#2042 = EDGE_LOOP('',(#2043,#2044,#2052,#2060));
#2043 = ORIENTED_EDGE('',*,*,#2030,.T.);
#2044 = ORIENTED_EDGE('',*,*,#2045,.T.);
#2045 = EDGE_CURVE('',#2023,#2046,#2048,.T.);
#2046 = VERTEX_POINT('',#2047);
#2047 = CARTESIAN_POINT('',(8.627000416094,-0.22,-11.75894736841));
#2048 = LINE('',#2049,#2050);
#2049 = CARTESIAN_POINT('',(8.627000416093,-1.8,-11.75894736841));
#2050 = VECTOR('',#2051,1.);
#2051 = DIRECTION('',(-0.,1.,0.));
#2052 = ORIENTED_EDGE('',*,*,#2053,.F.);
#2053 = EDGE_CURVE('',#2054,#2046,#2056,.T.);
#2054 = VERTEX_POINT('',#2055);
#2055 = CARTESIAN_POINT('',(8.627000416094,-0.22,-11.55894736841));
#2056 = LINE('',#2057,#2058);
#2057 = CARTESIAN_POINT('',(8.627000416093,-0.22,-11.55894736841));
#2058 = VECTOR('',#2059,1.);
#2059 = DIRECTION('',(-4.030511624659E-14,-0.,-1.));
#2060 = ORIENTED_EDGE('',*,*,#2061,.F.);
#2061 = EDGE_CURVE('',#2005,#2054,#2062,.T.);
#2062 = LINE('',#2063,#2064);
#2063 = CARTESIAN_POINT('',(8.627000416093,-1.8,-11.55894736841));
#2064 = VECTOR('',#2065,1.);
#2065 = DIRECTION('',(-0.,1.,0.));
#2066 = PLANE('',#2067);
#2067 = AXIS2_PLACEMENT_3D('',#2068,#2069,#2070);
#2068 = CARTESIAN_POINT('',(8.627000416093,-1.8,-11.55894736841));
#2069 = DIRECTION('',(1.,0.,-4.030511624659E-14));
#2070 = DIRECTION('',(0.,1.,0.));
#2071 = ADVANCED_FACE('',(#2072),#2090,.F.);
#2072 = FACE_BOUND('',#2073,.T.);
#2073 = EDGE_LOOP('',(#2074,#2075,#2083,#2089));
#2074 = ORIENTED_EDGE('',*,*,#2022,.T.);
#2075 = ORIENTED_EDGE('',*,*,#2076,.F.);
#2076 = EDGE_CURVE('',#2077,#2015,#2079,.T.);
#2077 = VERTEX_POINT('',#2078);
#2078 = CARTESIAN_POINT('',(4.255284687331,-0.22,-11.75894736841));
#2079 = LINE('',#2080,#2081);
#2080 = CARTESIAN_POINT('',(4.255284687332,-0.22,-11.75894736841));
#2081 = VECTOR('',#2082,1.);
#2082 = DIRECTION('',(0.707106781187,-0.707106781187,-2.850002101448E-14
    ));
#2083 = ORIENTED_EDGE('',*,*,#2084,.F.);
#2084 = EDGE_CURVE('',#2046,#2077,#2085,.T.);
#2085 = LINE('',#2086,#2087);
#2086 = CARTESIAN_POINT('',(104.84114255166,-0.22,-11.75894736842));
#2087 = VECTOR('',#2088,1.);
#2088 = DIRECTION('',(-1.,-0.,4.030511624659E-14));
#2089 = ORIENTED_EDGE('',*,*,#2045,.F.);
#2090 = PLANE('',#2091);
#2091 = AXIS2_PLACEMENT_3D('',#2092,#2093,#2094);
#2092 = CARTESIAN_POINT('',(104.84114255166,-1.8,-11.75894736842));
#2093 = DIRECTION('',(4.030511624659E-14,0.,1.));
#2094 = DIRECTION('',(1.,0.,-4.030511624659E-14));
#2095 = ADVANCED_FACE('',(#2096),#2114,.T.);
#2096 = FACE_BOUND('',#2097,.T.);
#2097 = EDGE_LOOP('',(#2098,#2106,#2107,#2108));
#2098 = ORIENTED_EDGE('',*,*,#2099,.F.);
#2099 = EDGE_CURVE('',#2007,#2100,#2102,.T.);
#2100 = VERTEX_POINT('',#2101);
#2101 = CARTESIAN_POINT('',(4.255284687331,-0.22,-11.55894736841));
#2102 = LINE('',#2103,#2104);
#2103 = CARTESIAN_POINT('',(4.255284687331,-0.22,-11.55894736841));
#2104 = VECTOR('',#2105,1.);
#2105 = DIRECTION('',(-0.707106781187,0.707106781187,-0.));
#2106 = ORIENTED_EDGE('',*,*,#2004,.F.);
#2107 = ORIENTED_EDGE('',*,*,#2061,.T.);
#2108 = ORIENTED_EDGE('',*,*,#2109,.T.);
#2109 = EDGE_CURVE('',#2054,#2100,#2110,.T.);
#2110 = LINE('',#2111,#2112);
#2111 = CARTESIAN_POINT('',(104.84114255166,-0.22,-11.55894736842));
#2112 = VECTOR('',#2113,1.);
#2113 = DIRECTION('',(-1.,-0.,4.030511624659E-14));
#2114 = PLANE('',#2115);
#2115 = AXIS2_PLACEMENT_3D('',#2116,#2117,#2118);
#2116 = CARTESIAN_POINT('',(104.84114255166,-1.8,-11.55894736842));
#2117 = DIRECTION('',(4.030511624659E-14,0.,1.));
#2118 = DIRECTION('',(1.,0.,-4.030511624659E-14));
#2119 = ADVANCED_FACE('',(#2120),#2138,.F.);
#2120 = FACE_BOUND('',#2121,.F.);
#2121 = EDGE_LOOP('',(#2122,#2129,#2130,#2137));
#2122 = ORIENTED_EDGE('',*,*,#2123,.T.);
#2123 = EDGE_CURVE('',#2054,#1041,#2124,.T.);
#2124 = ( BOUNDED_CURVE() B_SPLINE_CURVE(3,(#2125,#2126,#2127,#2128),
.UNSPECIFIED.,.F.,.F.) B_SPLINE_CURVE_WITH_KNOTS((4,4),(3.14159265359,
4.712388980385),.PIECEWISE_BEZIER_KNOTS.) CURVE() 
GEOMETRIC_REPRESENTATION_ITEM() RATIONAL_B_SPLINE_CURVE((1.,
0.804737854124,0.804737854124,1.)) REPRESENTATION_ITEM('') );
#2125 = CARTESIAN_POINT('',(8.627000416094,-0.22,-11.55894736841));
#2126 = CARTESIAN_POINT('',(8.627000416094,-9.112698372208E-02,
    -11.55894736841));
#2127 = CARTESIAN_POINT('',(8.624574009201,3.431465279955E-18,
    -11.65007435213));
#2128 = CARTESIAN_POINT('',(8.621142551665,0.,-11.77894736841));
#2129 = ORIENTED_EDGE('',*,*,#1935,.T.);
#2130 = ORIENTED_EDGE('',*,*,#2131,.F.);
#2131 = EDGE_CURVE('',#2046,#1113,#2132,.T.);
#2132 = ( BOUNDED_CURVE() B_SPLINE_CURVE(3,(#2133,#2134,#2135,#2136),
.UNSPECIFIED.,.F.,.F.) B_SPLINE_CURVE_WITH_KNOTS((4,4),(3.14159265359,
4.712388980528),.PIECEWISE_BEZIER_KNOTS.) CURVE() 
GEOMETRIC_REPRESENTATION_ITEM() RATIONAL_B_SPLINE_CURVE((1.,
0.804737854091,0.804737854091,1.)) REPRESENTATION_ITEM('') );
#2133 = CARTESIAN_POINT('',(8.627000416094,-0.22,-11.75894736841));
#2134 = CARTESIAN_POINT('',(8.627000416094,-0.208284271246,
    -11.75894736841));
#2135 = CARTESIAN_POINT('',(8.6245740092,-0.199999999998,-11.76723163966
    ));
#2136 = CARTESIAN_POINT('',(8.621142551667,-0.2,-11.77894736842));
#2137 = ORIENTED_EDGE('',*,*,#2053,.F.);
#2138 = ( BOUNDED_SURFACE() B_SPLINE_SURFACE(3,3,(
    (#2139,#2140,#2141,#2142)
    ,(#2143,#2144,#2145,#2146)
    ,(#2147,#2148,#2149,#2150)
    ,(#2151,#2152,#2153,#2154)
    ,(#2155,#2156,#2157,#2158)
    ,(#2159,#2160,#2161,#2162)
    ,(#2163,#2164,#2165,#2166
)),.UNSPECIFIED.,.T.,.F.,.F.) B_SPLINE_SURFACE_WITH_KNOTS((1,3,3,3,1),(4
    ,4),(-0.5,0.,0.5,1.,1.5),(0.,1.),.UNSPECIFIED.) 
GEOMETRIC_REPRESENTATION_ITEM() RATIONAL_B_SPLINE_SURFACE((
    (1.,1.,1.,1.)
    ,(0.333333333333,0.333333333333,0.333333333333,0.333333333333)
    ,(0.333333333333,0.333333333333,0.333333333333,0.333333333333)
    ,(1.,1.,1.,1.)
    ,(0.333333333333,0.333333333333,0.333333333333,0.333333333333)
    ,(0.333333333333,0.333333333333,0.333333333333,0.333333333333)
,(1.,1.,1.,1.))) REPRESENTATION_ITEM('') SURFACE() );
#2139 = CARTESIAN_POINT('',(8.615284687236,-0.22,-11.99894736841));
#2140 = CARTESIAN_POINT('',(8.615284687236,-0.22,-11.93228070175));
#2141 = CARTESIAN_POINT('',(8.615284687236,-0.22,-11.86561403508));
#2142 = CARTESIAN_POINT('',(8.615284687236,-0.22,-11.79894736841));
#2143 = CARTESIAN_POINT('',(8.615284687236,-0.66,-11.99894736841));
#2144 = CARTESIAN_POINT('',(8.615284687236,-0.526666666667,
    -11.93228070175));
#2145 = CARTESIAN_POINT('',(8.615284687236,-0.393333333333,
    -11.86561403508));
#2146 = CARTESIAN_POINT('',(8.615284687236,-0.26,-11.79894736841));
#2147 = CARTESIAN_POINT('',(8.627000416094,-0.66,-11.55894736841));
#2148 = CARTESIAN_POINT('',(8.627000416094,-0.526666666667,
    -11.62561403508));
#2149 = CARTESIAN_POINT('',(8.627000416094,-0.393333333333,
    -11.69228070175));
#2150 = CARTESIAN_POINT('',(8.627000416094,-0.26,-11.75894736841));
#2151 = CARTESIAN_POINT('',(8.627000416094,-0.22,-11.55894736841));
#2152 = CARTESIAN_POINT('',(8.627000416094,-0.22,-11.62561403508));
#2153 = CARTESIAN_POINT('',(8.627000416094,-0.22,-11.69228070175));
#2154 = CARTESIAN_POINT('',(8.627000416094,-0.22,-11.75894736841));
#2155 = CARTESIAN_POINT('',(8.627000416094,0.22,-11.55894736841));
#2156 = CARTESIAN_POINT('',(8.627000416094,8.666666666667E-02,
    -11.62561403508));
#2157 = CARTESIAN_POINT('',(8.627000416094,-4.666666666667E-02,
    -11.69228070175));
#2158 = CARTESIAN_POINT('',(8.627000416094,-0.18,-11.75894736841));
#2159 = CARTESIAN_POINT('',(8.615284687236,0.22,-11.99894736841));
#2160 = CARTESIAN_POINT('',(8.615284687236,8.666666666667E-02,
    -11.93228070175));
#2161 = CARTESIAN_POINT('',(8.615284687236,-4.666666666667E-02,
    -11.86561403508));
#2162 = CARTESIAN_POINT('',(8.615284687236,-0.18,-11.79894736841));
#2163 = CARTESIAN_POINT('',(8.615284687236,-0.22,-11.99894736841));
#2164 = CARTESIAN_POINT('',(8.615284687236,-0.22,-11.93228070175));
#2165 = CARTESIAN_POINT('',(8.615284687236,-0.22,-11.86561403508));
#2166 = CARTESIAN_POINT('',(8.615284687236,-0.22,-11.79894736841));
#2167 = ADVANCED_FACE('',(#2168),#2196,.F.);
#2168 = FACE_BOUND('',#2169,.F.);
#2169 = EDGE_LOOP('',(#2170,#2176,#2183,#2189));
#2170 = ORIENTED_EDGE('',*,*,#2171,.T.);
#2171 = EDGE_CURVE('',#2100,#2077,#2172,.T.);
#2172 = LINE('',#2173,#2174);
#2173 = CARTESIAN_POINT('',(4.255284687331,-0.22,-11.55894736841));
#2174 = VECTOR('',#2175,1.);
#2175 = DIRECTION('',(-4.030511624659E-14,-0.,-1.));
#2176 = ORIENTED_EDGE('',*,*,#2177,.F.);
#2177 = EDGE_CURVE('',#1079,#2077,#2178,.T.);
#2178 = ( BOUNDED_CURVE() B_SPLINE_CURVE(3,(#2179,#2180,#2181,#2182),
.UNSPECIFIED.,.F.,.F.) B_SPLINE_CURVE_WITH_KNOTS((4,4),(1.570796326795,
3.14159265359),.PIECEWISE_BEZIER_KNOTS.) CURVE() 
GEOMETRIC_REPRESENTATION_ITEM() RATIONAL_B_SPLINE_CURVE((1.,
0.804737854124,0.804737854124,1.)) REPRESENTATION_ITEM('') );
#2179 = CARTESIAN_POINT('',(4.021142551607,-0.2,-11.77894736841));
#2180 = CARTESIAN_POINT('',(4.158299839155,-0.2,-11.76723163966));
#2181 = CARTESIAN_POINT('',(4.25528468727,-0.208284271247,
    -11.75894736841));
#2182 = CARTESIAN_POINT('',(4.255284687331,-0.22,-11.75894736841));
#2183 = ORIENTED_EDGE('',*,*,#2184,.F.);
#2184 = EDGE_CURVE('',#1033,#1079,#2185,.T.);
#2185 = LINE('',#2186,#2187);
#2186 = CARTESIAN_POINT('',(4.021142551607,0.,-11.77894736841));
#2187 = VECTOR('',#2188,1.);
#2188 = DIRECTION('',(-0.,-1.,3.815632935334E-15));
#2189 = ORIENTED_EDGE('',*,*,#2190,.T.);
#2190 = EDGE_CURVE('',#1033,#2100,#2191,.T.);
#2191 = ( BOUNDED_CURVE() B_SPLINE_CURVE(3,(#2192,#2193,#2194,#2195),
.UNSPECIFIED.,.F.,.F.) B_SPLINE_CURVE_WITH_KNOTS((4,4),(1.570796326908,
3.14159265359),.PIECEWISE_BEZIER_KNOTS.) CURVE() 
GEOMETRIC_REPRESENTATION_ITEM() RATIONAL_B_SPLINE_CURVE((1.,
0.804737854151,0.804737854151,1.)) REPRESENTATION_ITEM('') );
#2192 = CARTESIAN_POINT('',(4.021142551668,0.,-11.77894736842));
#2193 = CARTESIAN_POINT('',(4.158299839169,-1.453829907307E-11,
    -11.65007435212));
#2194 = CARTESIAN_POINT('',(4.25528468727,-9.112698373361E-02,
    -11.55894736841));
#2195 = CARTESIAN_POINT('',(4.255284687331,-0.22,-11.55894736841));
#2196 = ( BOUNDED_SURFACE() B_SPLINE_SURFACE(3,3,(
    (#2197,#2198,#2199,#2200)
    ,(#2201,#2202,#2203,#2204)
    ,(#2205,#2206,#2207,#2208)
    ,(#2209,#2210,#2211,#2212)
    ,(#2213,#2214,#2215,#2216)
    ,(#2217,#2218,#2219,#2220)
    ,(#2221,#2222,#2223,#2224
)),.UNSPECIFIED.,.T.,.F.,.F.) B_SPLINE_SURFACE_WITH_KNOTS((1,3,3,3,1),(4
    ,4),(-0.5,0.,0.5,1.,1.5),(0.,1.),.UNSPECIFIED.) 
GEOMETRIC_REPRESENTATION_ITEM() RATIONAL_B_SPLINE_SURFACE((
    (1.,1.,1.,1.)
    ,(0.333333333333,0.333333333333,0.333333333333,0.333333333333)
    ,(0.333333333333,0.333333333333,0.333333333333,0.333333333333)
    ,(1.,1.,1.,1.)
    ,(0.333333333333,0.333333333333,0.333333333333,0.333333333333)
    ,(0.333333333333,0.333333333333,0.333333333333,0.333333333333)
,(1.,1.,1.,1.))) REPRESENTATION_ITEM('') SURFACE() );
#2197 = CARTESIAN_POINT('',(3.787000415945,-0.22,-11.99894736841));
#2198 = CARTESIAN_POINT('',(3.787000415945,-0.22,-11.93228070175));
#2199 = CARTESIAN_POINT('',(3.787000415945,-0.22,-11.86561403508));
#2200 = CARTESIAN_POINT('',(3.787000415945,-0.22,-11.79894736841));
#2201 = CARTESIAN_POINT('',(3.787000415945,0.22,-11.99894736841));
#2202 = CARTESIAN_POINT('',(3.787000415945,8.666666666667E-02,
    -11.93228070175));
#2203 = CARTESIAN_POINT('',(3.787000415945,-4.666666666667E-02,
    -11.86561403508));
#2204 = CARTESIAN_POINT('',(3.787000415945,-0.18,-11.79894736841));
#2205 = CARTESIAN_POINT('',(4.25528468727,0.22,-11.55894736841));
#2206 = CARTESIAN_POINT('',(4.25528468727,8.666666666667E-02,
    -11.62561403508));
#2207 = CARTESIAN_POINT('',(4.25528468727,-4.666666666667E-02,
    -11.69228070175));
#2208 = CARTESIAN_POINT('',(4.25528468727,-0.18,-11.75894736841));
#2209 = CARTESIAN_POINT('',(4.25528468727,-0.22,-11.55894736841));
#2210 = CARTESIAN_POINT('',(4.25528468727,-0.22,-11.62561403508));
#2211 = CARTESIAN_POINT('',(4.25528468727,-0.22,-11.69228070175));
#2212 = CARTESIAN_POINT('',(4.25528468727,-0.22,-11.75894736841));
#2213 = CARTESIAN_POINT('',(4.25528468727,-0.66,-11.55894736841));
#2214 = CARTESIAN_POINT('',(4.25528468727,-0.526666666667,
    -11.62561403508));
#2215 = CARTESIAN_POINT('',(4.25528468727,-0.393333333333,
    -11.69228070175));
#2216 = CARTESIAN_POINT('',(4.25528468727,-0.26,-11.75894736841));
#2217 = CARTESIAN_POINT('',(3.787000415945,-0.66,-11.99894736841));
#2218 = CARTESIAN_POINT('',(3.787000415945,-0.526666666667,
    -11.93228070175));
#2219 = CARTESIAN_POINT('',(3.787000415945,-0.393333333333,
    -11.86561403508));
#2220 = CARTESIAN_POINT('',(3.787000415945,-0.26,-11.79894736841));
#2221 = CARTESIAN_POINT('',(3.787000415945,-0.22,-11.99894736841));
#2222 = CARTESIAN_POINT('',(3.787000415945,-0.22,-11.93228070175));
#2223 = CARTESIAN_POINT('',(3.787000415945,-0.22,-11.86561403508));
#2224 = CARTESIAN_POINT('',(3.787000415945,-0.22,-11.79894736841));
#2225 = ADVANCED_FACE('',(#2226),#2232,.F.);
#2226 = FACE_BOUND('',#2227,.F.);
#2227 = EDGE_LOOP('',(#2228,#2229,#2230,#2231));
#2228 = ORIENTED_EDGE('',*,*,#2177,.T.);
#2229 = ORIENTED_EDGE('',*,*,#2084,.F.);
#2230 = ORIENTED_EDGE('',*,*,#2131,.T.);
#2231 = ORIENTED_EDGE('',*,*,#1120,.T.);
#2232 = CYLINDRICAL_SURFACE('',#2233,2.E-02);
#2233 = AXIS2_PLACEMENT_3D('',#2234,#2235,#2236);
#2234 = CARTESIAN_POINT('',(104.84114255166,-0.22,-11.77894736842));
#2235 = DIRECTION('',(-1.,0.,4.030511624659E-14));
#2236 = DIRECTION('',(4.030511624659E-14,0.,1.));
#2237 = ADVANCED_FACE('',(#2238),#2244,.T.);
#2238 = FACE_BOUND('',#2239,.T.);
#2239 = EDGE_LOOP('',(#2240,#2241,#2242,#2243));
#2240 = ORIENTED_EDGE('',*,*,#1040,.T.);
#2241 = ORIENTED_EDGE('',*,*,#2190,.T.);
#2242 = ORIENTED_EDGE('',*,*,#2109,.F.);
#2243 = ORIENTED_EDGE('',*,*,#2123,.T.);
#2244 = CYLINDRICAL_SURFACE('',#2245,0.22);
#2245 = AXIS2_PLACEMENT_3D('',#2246,#2247,#2248);
#2246 = CARTESIAN_POINT('',(104.84114255166,-0.22,-11.77894736842));
#2247 = DIRECTION('',(-1.,0.,4.030511624659E-14));
#2248 = DIRECTION('',(4.030511624659E-14,0.,1.));
#2249 = ADVANCED_FACE('',(#2250),#2284,.T.);
#2250 = FACE_BOUND('',#2251,.T.);
#2251 = EDGE_LOOP('',(#2252,#2262,#2270,#2278));
#2252 = ORIENTED_EDGE('',*,*,#2253,.F.);
#2253 = EDGE_CURVE('',#2254,#2256,#2258,.T.);
#2254 = VERTEX_POINT('',#2255);
#2255 = CARTESIAN_POINT('',(4.041142551668,-1.8,-9.964805232753));
#2256 = VERTEX_POINT('',#2257);
#2257 = CARTESIAN_POINT('',(4.041142551669,-1.8,-8.013089503934));
#2258 = LINE('',#2259,#2260);
#2259 = CARTESIAN_POINT('',(4.041142551665,-1.8,-107.5589473684));
#2260 = VECTOR('',#2261,1.);
#2261 = DIRECTION('',(4.024388390663E-14,-0.,1.));
#2262 = ORIENTED_EDGE('',*,*,#2263,.T.);
#2263 = EDGE_CURVE('',#2254,#2264,#2266,.T.);
#2264 = VERTEX_POINT('',#2265);
#2265 = CARTESIAN_POINT('',(4.241142551668,-1.8,-9.964805232753));
#2266 = LINE('',#2267,#2268);
#2267 = CARTESIAN_POINT('',(-10.35985744833,-1.8,-9.964805232753));
#2268 = VECTOR('',#2269,1.);
#2269 = DIRECTION('',(1.,-0.,-4.202024074603E-14));
#2270 = ORIENTED_EDGE('',*,*,#2271,.T.);
#2271 = EDGE_CURVE('',#2264,#2272,#2274,.T.);
#2272 = VERTEX_POINT('',#2273);
#2273 = CARTESIAN_POINT('',(4.241142551669,-1.8,-8.013089503934));
#2274 = LINE('',#2275,#2276);
#2275 = CARTESIAN_POINT('',(4.241142551665,-1.8,-107.5589473684));
#2276 = VECTOR('',#2277,1.);
#2277 = DIRECTION('',(4.024388390663E-14,-0.,1.));
#2278 = ORIENTED_EDGE('',*,*,#2279,.T.);
#2279 = EDGE_CURVE('',#2272,#2256,#2280,.T.);
#2280 = LINE('',#2281,#2282);
#2281 = CARTESIAN_POINT('',(4.241142551669,-1.8,-8.013089503934));
#2282 = VECTOR('',#2283,1.);
#2283 = DIRECTION('',(-1.,-0.,4.024388390663E-14));
#2284 = PLANE('',#2285);
#2285 = AXIS2_PLACEMENT_3D('',#2286,#2287,#2288);
#2286 = CARTESIAN_POINT('',(4.241142551665,-1.8,-107.5589473684));
#2287 = DIRECTION('',(0.,-1.,-0.));
#2288 = DIRECTION('',(-4.024388390663E-14,0.,-1.));
#2289 = ADVANCED_FACE('',(#2290),#2315,.F.);
#2290 = FACE_BOUND('',#2291,.T.);
#2291 = EDGE_LOOP('',(#2292,#2300,#2308,#2314));
#2292 = ORIENTED_EDGE('',*,*,#2293,.F.);
#2293 = EDGE_CURVE('',#2294,#2272,#2296,.T.);
#2294 = VERTEX_POINT('',#2295);
#2295 = CARTESIAN_POINT('',(4.241142551669,-0.22,-8.013089503934));
#2296 = LINE('',#2297,#2298);
#2297 = CARTESIAN_POINT('',(4.241142551669,-1.8,-8.013089503934));
#2298 = VECTOR('',#2299,1.);
#2299 = DIRECTION('',(-0.,-1.,-0.));
#2300 = ORIENTED_EDGE('',*,*,#2301,.T.);
#2301 = EDGE_CURVE('',#2294,#2302,#2304,.T.);
#2302 = VERTEX_POINT('',#2303);
#2303 = CARTESIAN_POINT('',(4.041142551669,-0.22,-8.013089503935));
#2304 = LINE('',#2305,#2306);
#2305 = CARTESIAN_POINT('',(4.241142551669,-0.22,-8.013089503934));
#2306 = VECTOR('',#2307,1.);
#2307 = DIRECTION('',(-1.,-0.,4.024388390663E-14));
#2308 = ORIENTED_EDGE('',*,*,#2309,.T.);
#2309 = EDGE_CURVE('',#2302,#2256,#2310,.T.);
#2310 = LINE('',#2311,#2312);
#2311 = CARTESIAN_POINT('',(4.041142551669,-1.8,-8.013089503934));
#2312 = VECTOR('',#2313,1.);
#2313 = DIRECTION('',(-0.,-1.,-0.));
#2314 = ORIENTED_EDGE('',*,*,#2279,.F.);
#2315 = PLANE('',#2316);
#2316 = AXIS2_PLACEMENT_3D('',#2317,#2318,#2319);
#2317 = CARTESIAN_POINT('',(4.241142551669,-1.8,-8.013089503934));
#2318 = DIRECTION('',(-4.024388390663E-14,0.,-1.));
#2319 = DIRECTION('',(0.,1.,0.));
#2320 = ADVANCED_FACE('',(#2321),#2339,.F.);
#2321 = FACE_BOUND('',#2322,.T.);
#2322 = EDGE_LOOP('',(#2323,#2331,#2337,#2338));
#2323 = ORIENTED_EDGE('',*,*,#2324,.F.);
#2324 = EDGE_CURVE('',#2325,#2302,#2327,.T.);
#2325 = VERTEX_POINT('',#2326);
#2326 = CARTESIAN_POINT('',(4.041142551668,-0.22,-11.5448052328));
#2327 = LINE('',#2328,#2329);
#2328 = CARTESIAN_POINT('',(4.041142551665,-0.22,-107.5589473684));
#2329 = VECTOR('',#2330,1.);
#2330 = DIRECTION('',(4.024388390663E-14,-0.,1.));
#2331 = ORIENTED_EDGE('',*,*,#2332,.F.);
#2332 = EDGE_CURVE('',#2254,#2325,#2333,.T.);
#2333 = LINE('',#2334,#2335);
#2334 = CARTESIAN_POINT('',(4.041142551668,-0.219999999958,
    -11.54480523279));
#2335 = VECTOR('',#2336,1.);
#2336 = DIRECTION('',(-2.845672321166E-14,0.707106781187,-0.707106781187
    ));
#2337 = ORIENTED_EDGE('',*,*,#2253,.T.);
#2338 = ORIENTED_EDGE('',*,*,#2309,.F.);
#2339 = PLANE('',#2340);
#2340 = AXIS2_PLACEMENT_3D('',#2341,#2342,#2343);
#2341 = CARTESIAN_POINT('',(4.041142551665,-1.8,-107.5589473684));
#2342 = DIRECTION('',(1.,0.,-4.024388390663E-14));
#2343 = DIRECTION('',(-4.024388390663E-14,0.,-1.));
#2344 = ADVANCED_FACE('',(#2345),#2363,.T.);
#2345 = FACE_BOUND('',#2346,.T.);
#2346 = EDGE_LOOP('',(#2347,#2355,#2361,#2362));
#2347 = ORIENTED_EDGE('',*,*,#2348,.F.);
#2348 = EDGE_CURVE('',#2349,#2264,#2351,.T.);
#2349 = VERTEX_POINT('',#2350);
#2350 = CARTESIAN_POINT('',(4.241142551668,-0.219999999958,
    -11.54480523279));
#2351 = LINE('',#2352,#2353);
#2352 = CARTESIAN_POINT('',(4.241142551668,-0.219999999958,
    -11.54480523279));
#2353 = VECTOR('',#2354,1.);
#2354 = DIRECTION('',(2.95013416873E-14,-0.707106781187,0.707106781187)
  );
#2355 = ORIENTED_EDGE('',*,*,#2356,.T.);
#2356 = EDGE_CURVE('',#2349,#2294,#2357,.T.);
#2357 = LINE('',#2358,#2359);
#2358 = CARTESIAN_POINT('',(4.241142551665,-0.22,-107.5589473684));
#2359 = VECTOR('',#2360,1.);
#2360 = DIRECTION('',(4.024388390663E-14,-0.,1.));
#2361 = ORIENTED_EDGE('',*,*,#2293,.T.);
#2362 = ORIENTED_EDGE('',*,*,#2271,.F.);
#2363 = PLANE('',#2364);
#2364 = AXIS2_PLACEMENT_3D('',#2365,#2366,#2367);
#2365 = CARTESIAN_POINT('',(4.241142551665,-1.8,-107.5589473684));
#2366 = DIRECTION('',(1.,0.,-4.024388390663E-14));
#2367 = DIRECTION('',(-4.024388390663E-14,0.,-1.));
#2368 = ADVANCED_FACE('',(#2369),#2392,.F.);
#2369 = FACE_BOUND('',#2370,.F.);
#2370 = EDGE_LOOP('',(#2371,#2378,#2379,#2386));
#2371 = ORIENTED_EDGE('',*,*,#2372,.T.);
#2372 = EDGE_CURVE('',#2349,#1033,#2373,.T.);
#2373 = ( BOUNDED_CURVE() B_SPLINE_CURVE(3,(#2374,#2375,#2376,#2377),
.UNSPECIFIED.,.F.,.F.) B_SPLINE_CURVE_WITH_KNOTS((4,4),(
1.921540649365E-10,1.570796326795),.PIECEWISE_BEZIER_KNOTS.) CURVE() 
GEOMETRIC_REPRESENTATION_ITEM() RATIONAL_B_SPLINE_CURVE((1.,
0.80473785417,0.80473785417,1.)) REPRESENTATION_ITEM('') );
#2374 = CARTESIAN_POINT('',(4.241142551668,-0.219999999958,
    -11.54480523279));
#2375 = CARTESIAN_POINT('',(4.241142551644,-9.112698369944E-02,
    -11.54480523283));
#2376 = CARTESIAN_POINT('',(4.150015567927,4.433588417993E-17,
    -11.64179008092));
#2377 = CARTESIAN_POINT('',(4.021142551668,0.,-11.77894736842));
#2378 = ORIENTED_EDGE('',*,*,#2184,.T.);
#2379 = ORIENTED_EDGE('',*,*,#2380,.F.);
#2380 = EDGE_CURVE('',#2325,#1079,#2381,.T.);
#2381 = ( BOUNDED_CURVE() B_SPLINE_CURVE(3,(#2382,#2383,#2384,#2385),
.UNSPECIFIED.,.F.,.F.) B_SPLINE_CURVE_WITH_KNOTS((4,4),(0.,
1.570796326795),.PIECEWISE_BEZIER_KNOTS.) CURVE() 
GEOMETRIC_REPRESENTATION_ITEM() RATIONAL_B_SPLINE_CURVE((1.,
0.804737854124,0.804737854124,1.)) REPRESENTATION_ITEM('') );
#2382 = CARTESIAN_POINT('',(4.041142551668,-0.22,-11.5448052328));
#2383 = CARTESIAN_POINT('',(4.041142551668,-0.208284271247,
    -11.5448052328));
#2384 = CARTESIAN_POINT('',(4.032858280421,-0.2,-11.6417900809));
#2385 = CARTESIAN_POINT('',(4.021142551607,-0.2,-11.77894736841));
#2386 = ORIENTED_EDGE('',*,*,#2387,.F.);
#2387 = EDGE_CURVE('',#2349,#2325,#2388,.T.);
#2388 = LINE('',#2389,#2390);
#2389 = CARTESIAN_POINT('',(4.241142551668,-0.22,-11.54480523279));
#2390 = VECTOR('',#2391,1.);
#2391 = DIRECTION('',(-1.,-0.,4.024388390663E-14));
#2392 = ( BOUNDED_SURFACE() B_SPLINE_SURFACE(3,3,(
    (#2393,#2394,#2395,#2396)
    ,(#2397,#2398,#2399,#2400)
    ,(#2401,#2402,#2403,#2404)
    ,(#2405,#2406,#2407,#2408)
    ,(#2409,#2410,#2411,#2412)
    ,(#2413,#2414,#2415,#2416)
    ,(#2417,#2418,#2419,#2420
)),.UNSPECIFIED.,.T.,.F.,.F.) B_SPLINE_SURFACE_WITH_KNOTS((1,3,3,3,1),(4
    ,4),(-0.5,0.,0.5,1.,1.5),(0.,1.),.UNSPECIFIED.) 
GEOMETRIC_REPRESENTATION_ITEM() RATIONAL_B_SPLINE_SURFACE((
    (1.,1.,1.,1.)
    ,(0.333333333333,0.333333333333,0.333333333333,0.333333333333)
    ,(0.333333333333,0.333333333333,0.333333333333,0.333333333333)
    ,(1.,1.,1.,1.)
    ,(0.333333333333,0.333333333333,0.333333333333,0.333333333333)
    ,(0.333333333333,0.333333333333,0.333333333333,0.333333333333)
,(1.,1.,1.,1.))) REPRESENTATION_ITEM('') SURFACE() );
#2393 = CARTESIAN_POINT('',(4.241142551668,-0.22,-11.5448052328));
#2394 = CARTESIAN_POINT('',(4.174475885002,-0.22,-11.5448052328));
#2395 = CARTESIAN_POINT('',(4.107809218335,-0.22,-11.5448052328));
#2396 = CARTESIAN_POINT('',(4.041142551668,-0.22,-11.5448052328));
#2397 = CARTESIAN_POINT('',(4.241142551668,0.22,-11.5448052328));
#2398 = CARTESIAN_POINT('',(4.174475885002,8.666666666667E-02,
    -11.5448052328));
#2399 = CARTESIAN_POINT('',(4.107809218335,-4.666666666667E-02,
    -11.5448052328));
#2400 = CARTESIAN_POINT('',(4.041142551668,-0.18,-11.5448052328));
#2401 = CARTESIAN_POINT('',(3.801142551668,0.22,-12.01308950405));
#2402 = CARTESIAN_POINT('',(3.867809218335,8.666666666667E-02,
    -12.01308950405));
#2403 = CARTESIAN_POINT('',(3.934475885002,-4.666666666667E-02,
    -12.01308950405));
#2404 = CARTESIAN_POINT('',(4.001142551668,-0.18,-12.01308950405));
#2405 = CARTESIAN_POINT('',(3.801142551668,-0.22,-12.01308950405));
#2406 = CARTESIAN_POINT('',(3.867809218335,-0.22,-12.01308950405));
#2407 = CARTESIAN_POINT('',(3.934475885002,-0.22,-12.01308950405));
#2408 = CARTESIAN_POINT('',(4.001142551668,-0.22,-12.01308950405));
#2409 = CARTESIAN_POINT('',(3.801142551668,-0.66,-12.01308950405));
#2410 = CARTESIAN_POINT('',(3.867809218335,-0.526666666667,
    -12.01308950405));
#2411 = CARTESIAN_POINT('',(3.934475885002,-0.393333333333,
    -12.01308950405));
#2412 = CARTESIAN_POINT('',(4.001142551668,-0.26,-12.01308950405));
#2413 = CARTESIAN_POINT('',(4.241142551668,-0.66,-11.5448052328));
#2414 = CARTESIAN_POINT('',(4.174475885002,-0.526666666667,
    -11.5448052328));
#2415 = CARTESIAN_POINT('',(4.107809218335,-0.393333333333,
    -11.5448052328));
#2416 = CARTESIAN_POINT('',(4.041142551668,-0.26,-11.5448052328));
#2417 = CARTESIAN_POINT('',(4.241142551668,-0.22,-11.5448052328));
#2418 = CARTESIAN_POINT('',(4.174475885002,-0.22,-11.5448052328));
#2419 = CARTESIAN_POINT('',(4.107809218335,-0.22,-11.5448052328));
#2420 = CARTESIAN_POINT('',(4.041142551668,-0.22,-11.5448052328));
#2421 = ADVANCED_FACE('',(#2422),#2445,.F.);
#2422 = FACE_BOUND('',#2423,.F.);
#2423 = EDGE_LOOP('',(#2424,#2425,#2432,#2438));
#2424 = ORIENTED_EDGE('',*,*,#2301,.T.);
#2425 = ORIENTED_EDGE('',*,*,#2426,.F.);
#2426 = EDGE_CURVE('',#1081,#2302,#2427,.T.);
#2427 = ( BOUNDED_CURVE() B_SPLINE_CURVE(3,(#2428,#2429,#2430,#2431),
.UNSPECIFIED.,.F.,.F.) B_SPLINE_CURVE_WITH_KNOTS((4,4),(4.712388980385,
6.28318530718),.PIECEWISE_BEZIER_KNOTS.) CURVE() 
GEOMETRIC_REPRESENTATION_ITEM() RATIONAL_B_SPLINE_CURVE((1.,
0.804737854124,0.804737854124,1.)) REPRESENTATION_ITEM('') );
#2428 = CARTESIAN_POINT('',(4.021142551669,-0.2,-8.018947368422));
#2429 = CARTESIAN_POINT('',(4.032858280421,-0.2,-8.015515910852));
#2430 = CARTESIAN_POINT('',(4.041142551669,-0.208284271247,
    -8.013089503935));
#2431 = CARTESIAN_POINT('',(4.041142551669,-0.22,-8.013089503935));
#2432 = ORIENTED_EDGE('',*,*,#2433,.F.);
#2433 = EDGE_CURVE('',#1023,#1081,#2434,.T.);
#2434 = LINE('',#2435,#2436);
#2435 = CARTESIAN_POINT('',(4.021142551669,0.,-8.018947368422));
#2436 = VECTOR('',#2437,1.);
#2437 = DIRECTION('',(1.816809253059E-15,-1.,-0.));
#2438 = ORIENTED_EDGE('',*,*,#2439,.T.);
#2439 = EDGE_CURVE('',#1023,#2294,#2440,.T.);
#2440 = ( BOUNDED_CURVE() B_SPLINE_CURVE(3,(#2441,#2442,#2443,#2444),
.UNSPECIFIED.,.F.,.F.) B_SPLINE_CURVE_WITH_KNOTS((4,4),(4.712388980373,
6.28318530718),.PIECEWISE_BEZIER_KNOTS.) CURVE() 
GEOMETRIC_REPRESENTATION_ITEM() RATIONAL_B_SPLINE_CURVE((1.,
0.804737854122,0.804737854122,1.)) REPRESENTATION_ITEM('') );
#2441 = CARTESIAN_POINT('',(4.021142551666,0.,-8.018947368416));
#2442 = CARTESIAN_POINT('',(4.150015567945,1.530868668619E-12,
    -8.015515910852));
#2443 = CARTESIAN_POINT('',(4.241142551669,-9.112698372087E-02,
    -8.013089503935));
#2444 = CARTESIAN_POINT('',(4.241142551669,-0.22,-8.013089503934));
#2445 = ( BOUNDED_SURFACE() B_SPLINE_SURFACE(3,3,(
    (#2446,#2447,#2448,#2449)
    ,(#2450,#2451,#2452,#2453)
    ,(#2454,#2455,#2456,#2457)
    ,(#2458,#2459,#2460,#2461)
    ,(#2462,#2463,#2464,#2465)
    ,(#2466,#2467,#2468,#2469)
    ,(#2470,#2471,#2472,#2473
)),.UNSPECIFIED.,.T.,.F.,.F.) B_SPLINE_SURFACE_WITH_KNOTS((1,3,3,3,1),(4
    ,4),(-0.5,0.,0.5,1.,1.5),(0.,1.),.UNSPECIFIED.) 
GEOMETRIC_REPRESENTATION_ITEM() RATIONAL_B_SPLINE_SURFACE((
    (1.,1.,1.,1.)
    ,(0.333333333333,0.333333333333,0.333333333333,0.333333333333)
    ,(0.333333333333,0.333333333333,0.333333333333,0.333333333333)
    ,(1.,1.,1.,1.)
    ,(0.333333333333,0.333333333333,0.333333333333,0.333333333333)
    ,(0.333333333333,0.333333333333,0.333333333333,0.333333333333)
,(1.,1.,1.,1.))) REPRESENTATION_ITEM('') SURFACE() );
#2446 = CARTESIAN_POINT('',(4.241142551669,-0.22,-8.013089503935));
#2447 = CARTESIAN_POINT('',(4.174475885002,-0.22,-8.013089503935));
#2448 = CARTESIAN_POINT('',(4.107809218335,-0.22,-8.013089503935));
#2449 = CARTESIAN_POINT('',(4.041142551669,-0.22,-8.013089503935));
#2450 = CARTESIAN_POINT('',(4.241142551669,-0.66,-8.013089503935));
#2451 = CARTESIAN_POINT('',(4.174475885002,-0.526666666667,
    -8.013089503935));
#2452 = CARTESIAN_POINT('',(4.107809218335,-0.393333333333,
    -8.013089503935));
#2453 = CARTESIAN_POINT('',(4.041142551669,-0.26,-8.013089503935));
#2454 = CARTESIAN_POINT('',(3.801142551669,-0.66,-8.024805232909));
#2455 = CARTESIAN_POINT('',(3.867809218335,-0.526666666667,
    -8.024805232909));
#2456 = CARTESIAN_POINT('',(3.934475885002,-0.393333333333,
    -8.024805232909));
#2457 = CARTESIAN_POINT('',(4.001142551669,-0.26,-8.024805232909));
#2458 = CARTESIAN_POINT('',(3.801142551669,-0.22,-8.024805232909));
#2459 = CARTESIAN_POINT('',(3.867809218335,-0.22,-8.024805232909));
#2460 = CARTESIAN_POINT('',(3.934475885002,-0.22,-8.024805232909));
#2461 = CARTESIAN_POINT('',(4.001142551669,-0.22,-8.024805232909));
#2462 = CARTESIAN_POINT('',(3.801142551669,0.22,-8.024805232909));
#2463 = CARTESIAN_POINT('',(3.867809218335,8.666666666667E-02,
    -8.024805232909));
#2464 = CARTESIAN_POINT('',(3.934475885002,-4.666666666667E-02,
    -8.024805232909));
#2465 = CARTESIAN_POINT('',(4.001142551669,-0.18,-8.024805232909));
#2466 = CARTESIAN_POINT('',(4.241142551669,0.22,-8.013089503935));
#2467 = CARTESIAN_POINT('',(4.174475885002,8.666666666667E-02,
    -8.013089503935));
#2468 = CARTESIAN_POINT('',(4.107809218335,-4.666666666667E-02,
    -8.013089503935));
#2469 = CARTESIAN_POINT('',(4.041142551669,-0.18,-8.013089503935));
#2470 = CARTESIAN_POINT('',(4.241142551669,-0.22,-8.013089503935));
#2471 = CARTESIAN_POINT('',(4.174475885002,-0.22,-8.013089503935));
#2472 = CARTESIAN_POINT('',(4.107809218335,-0.22,-8.013089503935));
#2473 = CARTESIAN_POINT('',(4.041142551669,-0.22,-8.013089503935));
#2474 = ADVANCED_FACE('',(#2475),#2481,.F.);
#2475 = FACE_BOUND('',#2476,.F.);
#2476 = EDGE_LOOP('',(#2477,#2478,#2479,#2480));
#2477 = ORIENTED_EDGE('',*,*,#2426,.T.);
#2478 = ORIENTED_EDGE('',*,*,#2324,.F.);
#2479 = ORIENTED_EDGE('',*,*,#2380,.T.);
#2480 = ORIENTED_EDGE('',*,*,#1078,.T.);
#2481 = CYLINDRICAL_SURFACE('',#2482,2.E-02);
#2482 = AXIS2_PLACEMENT_3D('',#2483,#2484,#2485);
#2483 = CARTESIAN_POINT('',(4.021142551665,-0.22,-107.5589473684));
#2484 = DIRECTION('',(4.024388390663E-14,0.,1.));
#2485 = DIRECTION('',(1.,0.,-4.024388390663E-14));
#2486 = ADVANCED_FACE('',(#2487),#2493,.T.);
#2487 = FACE_BOUND('',#2488,.T.);
#2488 = EDGE_LOOP('',(#2489,#2490,#2491,#2492));
#2489 = ORIENTED_EDGE('',*,*,#1032,.T.);
#2490 = ORIENTED_EDGE('',*,*,#2439,.T.);
#2491 = ORIENTED_EDGE('',*,*,#2356,.F.);
#2492 = ORIENTED_EDGE('',*,*,#2372,.T.);
#2493 = CYLINDRICAL_SURFACE('',#2494,0.22);
#2494 = AXIS2_PLACEMENT_3D('',#2495,#2496,#2497);
#2495 = CARTESIAN_POINT('',(4.021142551665,-0.22,-107.5589473684));
#2496 = DIRECTION('',(4.024388390663E-14,0.,1.));
#2497 = DIRECTION('',(1.,0.,-4.024388390663E-14));
#2498 = ADVANCED_FACE('',(#2499),#2533,.T.);
#2499 = FACE_BOUND('',#2500,.T.);
#2500 = EDGE_LOOP('',(#2501,#2511,#2519,#2527));
#2501 = ORIENTED_EDGE('',*,*,#2502,.T.);
#2502 = EDGE_CURVE('',#2503,#2505,#2507,.T.);
#2503 = VERTEX_POINT('',#2504);
#2504 = CARTESIAN_POINT('',(-10.14471531272,-1.8,-7.798947368415));
#2505 = VERTEX_POINT('',#2506);
#2506 = CARTESIAN_POINT('',(-10.14471531272,-1.8,-7.998947368415));
#2507 = LINE('',#2508,#2509);
#2508 = CARTESIAN_POINT('',(-10.14471531272,-1.8,-7.798947368415));
#2509 = VECTOR('',#2510,1.);
#2510 = DIRECTION('',(-5.427104160196E-14,-0.,-1.));
#2511 = ORIENTED_EDGE('',*,*,#2512,.F.);
#2512 = EDGE_CURVE('',#2513,#2505,#2515,.T.);
#2513 = VERTEX_POINT('',#2514);
#2514 = CARTESIAN_POINT('',(4.027000416135,-1.8,-7.998947368416));
#2515 = LINE('',#2516,#2517);
#2516 = CARTESIAN_POINT('',(100.24114255166,-1.8,-7.998947368421));
#2517 = VECTOR('',#2518,1.);
#2518 = DIRECTION('',(-1.,-0.,5.427104160196E-14));
#2519 = ORIENTED_EDGE('',*,*,#2520,.F.);
#2520 = EDGE_CURVE('',#2521,#2513,#2523,.T.);
#2521 = VERTEX_POINT('',#2522);
#2522 = CARTESIAN_POINT('',(4.027000416135,-1.8,-7.798947368416));
#2523 = LINE('',#2524,#2525);
#2524 = CARTESIAN_POINT('',(4.027000416135,-1.8,-7.798947368416));
#2525 = VECTOR('',#2526,1.);
#2526 = DIRECTION('',(-5.427104160196E-14,-0.,-1.));
#2527 = ORIENTED_EDGE('',*,*,#2528,.T.);
#2528 = EDGE_CURVE('',#2521,#2503,#2529,.T.);
#2529 = LINE('',#2530,#2531);
#2530 = CARTESIAN_POINT('',(100.24114255166,-1.8,-7.798947368421));
#2531 = VECTOR('',#2532,1.);
#2532 = DIRECTION('',(-1.,-0.,5.427104160196E-14));
#2533 = PLANE('',#2534);
#2534 = AXIS2_PLACEMENT_3D('',#2535,#2536,#2537);
#2535 = CARTESIAN_POINT('',(100.24114255166,-1.8,-7.798947368421));
#2536 = DIRECTION('',(0.,-1.,0.));
#2537 = DIRECTION('',(1.,0.,-5.427104160196E-14));
#2538 = ADVANCED_FACE('',(#2539),#2564,.T.);
#2539 = FACE_BOUND('',#2540,.T.);
#2540 = EDGE_LOOP('',(#2541,#2542,#2550,#2558));
#2541 = ORIENTED_EDGE('',*,*,#2520,.T.);
#2542 = ORIENTED_EDGE('',*,*,#2543,.T.);
#2543 = EDGE_CURVE('',#2513,#2544,#2546,.T.);
#2544 = VERTEX_POINT('',#2545);
#2545 = CARTESIAN_POINT('',(4.027000416136,-0.22,-7.998947368416));
#2546 = LINE('',#2547,#2548);
#2547 = CARTESIAN_POINT('',(4.027000416135,-1.8,-7.998947368416));
#2548 = VECTOR('',#2549,1.);
#2549 = DIRECTION('',(-0.,1.,0.));
#2550 = ORIENTED_EDGE('',*,*,#2551,.F.);
#2551 = EDGE_CURVE('',#2552,#2544,#2554,.T.);
#2552 = VERTEX_POINT('',#2553);
#2553 = CARTESIAN_POINT('',(4.027000416136,-0.22,-7.798947368416));
#2554 = LINE('',#2555,#2556);
#2555 = CARTESIAN_POINT('',(4.027000416135,-0.22,-7.798947368416));
#2556 = VECTOR('',#2557,1.);
#2557 = DIRECTION('',(-5.427104160196E-14,-0.,-1.));
#2558 = ORIENTED_EDGE('',*,*,#2559,.F.);
#2559 = EDGE_CURVE('',#2521,#2552,#2560,.T.);
#2560 = LINE('',#2561,#2562);
#2561 = CARTESIAN_POINT('',(4.027000416135,-1.8,-7.798947368416));
#2562 = VECTOR('',#2563,1.);
#2563 = DIRECTION('',(-0.,1.,0.));
#2564 = PLANE('',#2565);
#2565 = AXIS2_PLACEMENT_3D('',#2566,#2567,#2568);
#2566 = CARTESIAN_POINT('',(4.027000416135,-1.8,-7.798947368416));
#2567 = DIRECTION('',(1.,0.,-5.427104160196E-14));
#2568 = DIRECTION('',(0.,1.,0.));
#2569 = ADVANCED_FACE('',(#2570),#2595,.F.);
#2570 = FACE_BOUND('',#2571,.T.);
#2571 = EDGE_LOOP('',(#2572,#2580,#2588,#2594));
#2572 = ORIENTED_EDGE('',*,*,#2573,.F.);
#2573 = EDGE_CURVE('',#2574,#2503,#2576,.T.);
#2574 = VERTEX_POINT('',#2575);
#2575 = CARTESIAN_POINT('',(-10.14471531272,-0.22,-7.798947368415));
#2576 = LINE('',#2577,#2578);
#2577 = CARTESIAN_POINT('',(-10.14471531272,-1.8,-7.798947368415));
#2578 = VECTOR('',#2579,1.);
#2579 = DIRECTION('',(0.,-1.,-0.));
#2580 = ORIENTED_EDGE('',*,*,#2581,.T.);
#2581 = EDGE_CURVE('',#2574,#2582,#2584,.T.);
#2582 = VERTEX_POINT('',#2583);
#2583 = CARTESIAN_POINT('',(-10.14471531272,-0.22,-7.998947368415));
#2584 = LINE('',#2585,#2586);
#2585 = CARTESIAN_POINT('',(-10.14471531272,-0.22,-7.798947368415));
#2586 = VECTOR('',#2587,1.);
#2587 = DIRECTION('',(-5.427104160196E-14,-0.,-1.));
#2588 = ORIENTED_EDGE('',*,*,#2589,.T.);
#2589 = EDGE_CURVE('',#2582,#2505,#2590,.T.);
#2590 = LINE('',#2591,#2592);
#2591 = CARTESIAN_POINT('',(-10.14471531272,-1.8,-7.998947368415));
#2592 = VECTOR('',#2593,1.);
#2593 = DIRECTION('',(0.,-1.,-0.));
#2594 = ORIENTED_EDGE('',*,*,#2502,.F.);
#2595 = PLANE('',#2596);
#2596 = AXIS2_PLACEMENT_3D('',#2597,#2598,#2599);
#2597 = CARTESIAN_POINT('',(-10.14471531272,-1.8,-7.798947368415));
#2598 = DIRECTION('',(1.,0.,-5.427104160196E-14));
#2599 = DIRECTION('',(0.,1.,0.));
#2600 = ADVANCED_FACE('',(#2601),#2612,.F.);
#2601 = FACE_BOUND('',#2602,.T.);
#2602 = EDGE_LOOP('',(#2603,#2609,#2610,#2611));
#2603 = ORIENTED_EDGE('',*,*,#2604,.F.);
#2604 = EDGE_CURVE('',#2544,#2582,#2605,.T.);
#2605 = LINE('',#2606,#2607);
#2606 = CARTESIAN_POINT('',(100.24114255166,-0.22,-7.998947368421));
#2607 = VECTOR('',#2608,1.);
#2608 = DIRECTION('',(-1.,-0.,5.427104160196E-14));
#2609 = ORIENTED_EDGE('',*,*,#2543,.F.);
#2610 = ORIENTED_EDGE('',*,*,#2512,.T.);
#2611 = ORIENTED_EDGE('',*,*,#2589,.F.);
#2612 = PLANE('',#2613);
#2613 = AXIS2_PLACEMENT_3D('',#2614,#2615,#2616);
#2614 = CARTESIAN_POINT('',(100.24114255166,-1.8,-7.998947368421));
#2615 = DIRECTION('',(5.427104160196E-14,0.,1.));
#2616 = DIRECTION('',(1.,0.,-5.427104160196E-14));
#2617 = ADVANCED_FACE('',(#2618),#2629,.T.);
#2618 = FACE_BOUND('',#2619,.T.);
#2619 = EDGE_LOOP('',(#2620,#2626,#2627,#2628));
#2620 = ORIENTED_EDGE('',*,*,#2621,.T.);
#2621 = EDGE_CURVE('',#2552,#2574,#2622,.T.);
#2622 = LINE('',#2623,#2624);
#2623 = CARTESIAN_POINT('',(100.24114255166,-0.22,-7.798947368421));
#2624 = VECTOR('',#2625,1.);
#2625 = DIRECTION('',(-1.,-0.,5.427104160196E-14));
#2626 = ORIENTED_EDGE('',*,*,#2573,.T.);
#2627 = ORIENTED_EDGE('',*,*,#2528,.F.);
#2628 = ORIENTED_EDGE('',*,*,#2559,.T.);
#2629 = PLANE('',#2630);
#2630 = AXIS2_PLACEMENT_3D('',#2631,#2632,#2633);
#2631 = CARTESIAN_POINT('',(100.24114255166,-1.8,-7.798947368421));
#2632 = DIRECTION('',(5.427104160196E-14,0.,1.));
#2633 = DIRECTION('',(1.,0.,-5.427104160196E-14));
#2634 = ADVANCED_FACE('',(#2635),#2653,.F.);
#2635 = FACE_BOUND('',#2636,.F.);
#2636 = EDGE_LOOP('',(#2637,#2644,#2645,#2652));
#2637 = ORIENTED_EDGE('',*,*,#2638,.T.);
#2638 = EDGE_CURVE('',#2552,#1023,#2639,.T.);
#2639 = ( BOUNDED_CURVE() B_SPLINE_CURVE(3,(#2640,#2641,#2642,#2643),
.UNSPECIFIED.,.F.,.F.) B_SPLINE_CURVE_WITH_KNOTS((4,4),(3.14159265359,
4.712388980385),.PIECEWISE_BEZIER_KNOTS.) CURVE() 
GEOMETRIC_REPRESENTATION_ITEM() RATIONAL_B_SPLINE_CURVE((1.,
0.804737854124,0.804737854124,1.)) REPRESENTATION_ITEM('') );
#2640 = CARTESIAN_POINT('',(4.027000416136,-0.22,-7.798947368416));
#2641 = CARTESIAN_POINT('',(4.027000416136,-9.112698372208E-02,
    -7.798947368416));
#2642 = CARTESIAN_POINT('',(4.024574009226,5.764157390423E-17,
    -7.890074352138));
#2643 = CARTESIAN_POINT('',(4.021142551666,0.,-8.018947368416));
#2644 = ORIENTED_EDGE('',*,*,#2433,.T.);
#2645 = ORIENTED_EDGE('',*,*,#2646,.F.);
#2646 = EDGE_CURVE('',#2544,#1081,#2647,.T.);
#2647 = ( BOUNDED_CURVE() B_SPLINE_CURVE(3,(#2648,#2649,#2650,#2651),
.UNSPECIFIED.,.F.,.F.) B_SPLINE_CURVE_WITH_KNOTS((4,4),(3.14159265359,
4.712388980628),.PIECEWISE_BEZIER_KNOTS.) CURVE() 
GEOMETRIC_REPRESENTATION_ITEM() RATIONAL_B_SPLINE_CURVE((1.,
0.804737854067,0.804737854067,1.)) REPRESENTATION_ITEM('') );
#2648 = CARTESIAN_POINT('',(4.027000416136,-0.22,-7.998947368416));
#2649 = CARTESIAN_POINT('',(4.027000416136,-0.208284271245,
    -7.998947368416));
#2650 = CARTESIAN_POINT('',(4.024574009225,-0.199999999997,
    -8.007231639666));
#2651 = CARTESIAN_POINT('',(4.021142551669,-0.2,-8.018947368422));
#2652 = ORIENTED_EDGE('',*,*,#2551,.F.);
#2653 = ( BOUNDED_SURFACE() B_SPLINE_SURFACE(3,3,(
    (#2654,#2655,#2656,#2657)
    ,(#2658,#2659,#2660,#2661)
    ,(#2662,#2663,#2664,#2665)
    ,(#2666,#2667,#2668,#2669)
    ,(#2670,#2671,#2672,#2673)
    ,(#2674,#2675,#2676,#2677)
    ,(#2678,#2679,#2680,#2681
)),.UNSPECIFIED.,.T.,.F.,.F.) B_SPLINE_SURFACE_WITH_KNOTS((1,3,3,3,1),(4
    ,4),(-0.5,0.,0.5,1.,1.5),(0.,1.),.UNSPECIFIED.) 
GEOMETRIC_REPRESENTATION_ITEM() RATIONAL_B_SPLINE_SURFACE((
    (1.,1.,1.,1.)
    ,(0.333333333333,0.333333333333,0.333333333333,0.333333333333)
    ,(0.333333333333,0.333333333333,0.333333333333,0.333333333333)
    ,(1.,1.,1.,1.)
    ,(0.333333333333,0.333333333333,0.333333333333,0.333333333333)
    ,(0.333333333333,0.333333333333,0.333333333333,0.333333333333)
,(1.,1.,1.,1.))) REPRESENTATION_ITEM('') SURFACE() );
#2654 = CARTESIAN_POINT('',(4.015284687195,-0.22,-8.238947368416));
#2655 = CARTESIAN_POINT('',(4.015284687195,-0.22,-8.172280701749));
#2656 = CARTESIAN_POINT('',(4.015284687195,-0.22,-8.105614035082));
#2657 = CARTESIAN_POINT('',(4.015284687195,-0.22,-8.038947368416));
#2658 = CARTESIAN_POINT('',(4.015284687195,-0.66,-8.238947368416));
#2659 = CARTESIAN_POINT('',(4.015284687195,-0.526666666667,
    -8.172280701749));
#2660 = CARTESIAN_POINT('',(4.015284687195,-0.393333333333,
    -8.105614035082));
#2661 = CARTESIAN_POINT('',(4.015284687195,-0.26,-8.038947368416));
#2662 = CARTESIAN_POINT('',(4.027000416136,-0.66,-7.798947368416));
#2663 = CARTESIAN_POINT('',(4.027000416136,-0.526666666667,
    -7.865614035082));
#2664 = CARTESIAN_POINT('',(4.027000416136,-0.393333333333,
    -7.932280701749));
#2665 = CARTESIAN_POINT('',(4.027000416136,-0.26,-7.998947368416));
#2666 = CARTESIAN_POINT('',(4.027000416136,-0.22,-7.798947368416));
#2667 = CARTESIAN_POINT('',(4.027000416136,-0.22,-7.865614035082));
#2668 = CARTESIAN_POINT('',(4.027000416136,-0.22,-7.932280701749));
#2669 = CARTESIAN_POINT('',(4.027000416136,-0.22,-7.998947368416));
#2670 = CARTESIAN_POINT('',(4.027000416136,0.22,-7.798947368416));
#2671 = CARTESIAN_POINT('',(4.027000416136,8.666666666667E-02,
    -7.865614035082));
#2672 = CARTESIAN_POINT('',(4.027000416136,-4.666666666667E-02,
    -7.932280701749));
#2673 = CARTESIAN_POINT('',(4.027000416136,-0.18,-7.998947368416));
#2674 = CARTESIAN_POINT('',(4.015284687195,0.22,-8.238947368416));
#2675 = CARTESIAN_POINT('',(4.015284687195,8.666666666667E-02,
    -8.172280701749));
#2676 = CARTESIAN_POINT('',(4.015284687195,-4.666666666667E-02,
    -8.105614035082));
#2677 = CARTESIAN_POINT('',(4.015284687195,-0.18,-8.038947368416));
#2678 = CARTESIAN_POINT('',(4.015284687195,-0.22,-8.238947368416));
#2679 = CARTESIAN_POINT('',(4.015284687195,-0.22,-8.172280701749));
#2680 = CARTESIAN_POINT('',(4.015284687195,-0.22,-8.105614035082));
#2681 = CARTESIAN_POINT('',(4.015284687195,-0.22,-8.038947368416));
#2682 = ADVANCED_FACE('',(#2683),#2701,.F.);
#2683 = FACE_BOUND('',#2684,.F.);
#2684 = EDGE_LOOP('',(#2685,#2686,#2693,#2694));
#2685 = ORIENTED_EDGE('',*,*,#2581,.T.);
#2686 = ORIENTED_EDGE('',*,*,#2687,.F.);
#2687 = EDGE_CURVE('',#1089,#2582,#2688,.T.);
#2688 = ( BOUNDED_CURVE() B_SPLINE_CURVE(3,(#2689,#2690,#2691,#2692),
.UNSPECIFIED.,.F.,.F.) B_SPLINE_CURVE_WITH_KNOTS((4,4),(4.712388980385,
6.28318530718),.PIECEWISE_BEZIER_KNOTS.) CURVE() 
GEOMETRIC_REPRESENTATION_ITEM() RATIONAL_B_SPLINE_CURVE((1.,
0.804737854124,0.804737854124,1.)) REPRESENTATION_ITEM('') );
#2689 = CARTESIAN_POINT('',(-10.13885744833,-0.2,-8.018947368415));
#2690 = CARTESIAN_POINT('',(-10.14228890584,-0.2,-8.007231639662));
#2691 = CARTESIAN_POINT('',(-10.14471531272,-0.208284271247,
    -7.998947368415));
#2692 = CARTESIAN_POINT('',(-10.14471531272,-0.22,-7.998947368415));
#2693 = ORIENTED_EDGE('',*,*,#1277,.F.);
#2694 = ORIENTED_EDGE('',*,*,#2695,.T.);
#2695 = EDGE_CURVE('',#1025,#2574,#2696,.T.);
#2696 = ( BOUNDED_CURVE() B_SPLINE_CURVE(3,(#2697,#2698,#2699,#2700),
.UNSPECIFIED.,.F.,.F.) B_SPLINE_CURVE_WITH_KNOTS((4,4),(4.712388980385,
6.28318530718),.PIECEWISE_BEZIER_KNOTS.) CURVE() 
GEOMETRIC_REPRESENTATION_ITEM() RATIONAL_B_SPLINE_CURVE((1.,
0.804737854124,0.804737854124,1.)) REPRESENTATION_ITEM('') );
#2697 = CARTESIAN_POINT('',(-10.13885744833,0.,-8.018947368415));
#2698 = CARTESIAN_POINT('',(-10.14228890584,5.077864334432E-17,
    -7.890074352137));
#2699 = CARTESIAN_POINT('',(-10.14471531272,-9.112698372208E-02,
    -7.798947368415));
#2700 = CARTESIAN_POINT('',(-10.14471531272,-0.22,-7.798947368415));
#2701 = ( BOUNDED_SURFACE() B_SPLINE_SURFACE(3,3,(
    (#2702,#2703,#2704,#2705)
    ,(#2706,#2707,#2708,#2709)
    ,(#2710,#2711,#2712,#2713)
    ,(#2714,#2715,#2716,#2717)
    ,(#2718,#2719,#2720,#2721)
    ,(#2722,#2723,#2724,#2725)
    ,(#2726,#2727,#2728,#2729
)),.UNSPECIFIED.,.T.,.F.,.F.) B_SPLINE_SURFACE_WITH_KNOTS((1,3,3,3,1),(4
    ,4),(-0.5,0.,0.5,1.,1.5),(0.,1.),.UNSPECIFIED.) 
GEOMETRIC_REPRESENTATION_ITEM() RATIONAL_B_SPLINE_SURFACE((
    (1.,1.,1.,1.)
    ,(0.333333333333,0.333333333333,0.333333333333,0.333333333333)
    ,(0.333333333333,0.333333333333,0.333333333333,0.333333333333)
    ,(1.,1.,1.,1.)
    ,(0.333333333333,0.333333333333,0.333333333333,0.333333333333)
    ,(0.333333333333,0.333333333333,0.333333333333,0.333333333333)
,(1.,1.,1.,1.))) REPRESENTATION_ITEM('') SURFACE() );
#2702 = CARTESIAN_POINT('',(-10.14471531272,-0.22,-7.798947368415));
#2703 = CARTESIAN_POINT('',(-10.14471531272,-0.22,-7.865614035082));
#2704 = CARTESIAN_POINT('',(-10.14471531272,-0.22,-7.932280701748));
#2705 = CARTESIAN_POINT('',(-10.14471531272,-0.22,-7.998947368415));
#2706 = CARTESIAN_POINT('',(-10.14471531272,-0.66,-7.798947368415));
#2707 = CARTESIAN_POINT('',(-10.14471531272,-0.526666666667,
    -7.865614035082));
#2708 = CARTESIAN_POINT('',(-10.14471531272,-0.393333333333,
    -7.932280701748));
#2709 = CARTESIAN_POINT('',(-10.14471531272,-0.26,-7.998947368415));
#2710 = CARTESIAN_POINT('',(-10.13299958394,-0.66,-8.238947368415));
#2711 = CARTESIAN_POINT('',(-10.13299958394,-0.526666666667,
    -8.172280701748));
#2712 = CARTESIAN_POINT('',(-10.13299958394,-0.393333333333,
    -8.105614035082));
#2713 = CARTESIAN_POINT('',(-10.13299958394,-0.26,-8.038947368415));
#2714 = CARTESIAN_POINT('',(-10.13299958394,-0.22,-8.238947368415));
#2715 = CARTESIAN_POINT('',(-10.13299958394,-0.22,-8.172280701748));
#2716 = CARTESIAN_POINT('',(-10.13299958394,-0.22,-8.105614035082));
#2717 = CARTESIAN_POINT('',(-10.13299958394,-0.22,-8.038947368415));
#2718 = CARTESIAN_POINT('',(-10.13299958394,0.22,-8.238947368415));
#2719 = CARTESIAN_POINT('',(-10.13299958394,8.666666666667E-02,
    -8.172280701748));
#2720 = CARTESIAN_POINT('',(-10.13299958394,-4.666666666667E-02,
    -8.105614035082));
#2721 = CARTESIAN_POINT('',(-10.13299958394,-0.18,-8.038947368415));
#2722 = CARTESIAN_POINT('',(-10.14471531272,0.22,-7.798947368415));
#2723 = CARTESIAN_POINT('',(-10.14471531272,8.666666666667E-02,
    -7.865614035082));
#2724 = CARTESIAN_POINT('',(-10.14471531272,-4.666666666667E-02,
    -7.932280701748));
#2725 = CARTESIAN_POINT('',(-10.14471531272,-0.18,-7.998947368415));
#2726 = CARTESIAN_POINT('',(-10.14471531272,-0.22,-7.798947368415));
#2727 = CARTESIAN_POINT('',(-10.14471531272,-0.22,-7.865614035082));
#2728 = CARTESIAN_POINT('',(-10.14471531272,-0.22,-7.932280701748));
#2729 = CARTESIAN_POINT('',(-10.14471531272,-0.22,-7.998947368415));
#2730 = ADVANCED_FACE('',(#2731),#2737,.F.);
#2731 = FACE_BOUND('',#2732,.F.);
#2732 = EDGE_LOOP('',(#2733,#2734,#2735,#2736));
#2733 = ORIENTED_EDGE('',*,*,#2687,.T.);
#2734 = ORIENTED_EDGE('',*,*,#2604,.F.);
#2735 = ORIENTED_EDGE('',*,*,#2646,.T.);
#2736 = ORIENTED_EDGE('',*,*,#1088,.T.);
#2737 = CYLINDRICAL_SURFACE('',#2738,2.E-02);
#2738 = AXIS2_PLACEMENT_3D('',#2739,#2740,#2741);
#2739 = CARTESIAN_POINT('',(100.24114255166,-0.22,-8.018947368421));
#2740 = DIRECTION('',(-1.,0.,5.427104160196E-14));
#2741 = DIRECTION('',(5.427104160196E-14,0.,1.));
#2742 = ADVANCED_FACE('',(#2743),#2749,.T.);
#2743 = FACE_BOUND('',#2744,.T.);
#2744 = EDGE_LOOP('',(#2745,#2746,#2747,#2748));
#2745 = ORIENTED_EDGE('',*,*,#1022,.T.);
#2746 = ORIENTED_EDGE('',*,*,#2695,.T.);
#2747 = ORIENTED_EDGE('',*,*,#2621,.F.);
#2748 = ORIENTED_EDGE('',*,*,#2638,.T.);
#2749 = CYLINDRICAL_SURFACE('',#2750,0.22);
#2750 = AXIS2_PLACEMENT_3D('',#2751,#2752,#2753);
#2751 = CARTESIAN_POINT('',(100.24114255166,-0.22,-8.018947368421));
#2752 = DIRECTION('',(-1.,0.,5.427104160196E-14));
#2753 = DIRECTION('',(5.427104160196E-14,0.,1.));
#2754 = ADVANCED_FACE('',(#2755),#2761,.F.);
#2755 = FACE_BOUND('',#2756,.T.);
#2756 = EDGE_LOOP('',(#2757,#2758,#2759,#2760));
#2757 = ORIENTED_EDGE('',*,*,#2332,.T.);
#2758 = ORIENTED_EDGE('',*,*,#2387,.F.);
#2759 = ORIENTED_EDGE('',*,*,#2348,.T.);
#2760 = ORIENTED_EDGE('',*,*,#2263,.F.);
#2761 = PLANE('',#2762);
#2762 = AXIS2_PLACEMENT_3D('',#2763,#2764,#2765);
#2763 = CARTESIAN_POINT('',(-10.35985744833,-0.219999999958,
    -11.54480523279));
#2764 = DIRECTION('',(2.971279717861E-14,0.707106781187,0.707106781187)
  );
#2765 = DIRECTION('',(0.,-0.707106781187,0.707106781187));
#2766 = ADVANCED_FACE('',(#2767),#2773,.F.);
#2767 = FACE_BOUND('',#2768,.T.);
#2768 = EDGE_LOOP('',(#2769,#2770,#2771,#2772));
#2769 = ORIENTED_EDGE('',*,*,#2076,.T.);
#2770 = ORIENTED_EDGE('',*,*,#2014,.T.);
#2771 = ORIENTED_EDGE('',*,*,#2099,.T.);
#2772 = ORIENTED_EDGE('',*,*,#2171,.T.);
#2773 = PLANE('',#2774);
#2774 = AXIS2_PLACEMENT_3D('',#2775,#2776,#2777);
#2775 = CARTESIAN_POINT('',(4.255284687331,-0.22,-19.89994736842));
#2776 = DIRECTION('',(0.707106781187,0.707106781187,0.));
#2777 = DIRECTION('',(-0.707106781187,0.707106781187,0.));
#2778 = ADVANCED_FACE('',(#2779),#2790,.T.);
#2779 = FACE_BOUND('',#2780,.T.);
#2780 = EDGE_LOOP('',(#2781,#2782,#2788,#2789));
#2781 = ORIENTED_EDGE('',*,*,#1805,.F.);
#2782 = ORIENTED_EDGE('',*,*,#2783,.T.);
#2783 = EDGE_CURVE('',#1797,#1830,#2784,.T.);
#2784 = LINE('',#2785,#2786);
#2785 = CARTESIAN_POINT('',(7.523108562917,-2.1,-12.34894736842));
#2786 = VECTOR('',#2787,1.);
#2787 = DIRECTION('',(1.,0.,-2.805431539066E-14));
#2788 = ORIENTED_EDGE('',*,*,#1829,.F.);
#2789 = ORIENTED_EDGE('',*,*,#1671,.F.);
#2790 = PLANE('',#2791);
#2791 = AXIS2_PLACEMENT_3D('',#2792,#2793,#2794);
#2792 = CARTESIAN_POINT('',(7.523108562917,-1.8,-12.34894736842));
#2793 = DIRECTION('',(2.805431539066E-14,0.,1.));
#2794 = DIRECTION('',(1.,0.,-2.805431539066E-14));
#2795 = ADVANCED_FACE('',(#2796),#2807,.T.);
#2796 = FACE_BOUND('',#2797,.T.);
#2797 = EDGE_LOOP('',(#2798,#2799,#2800,#2801));
#2798 = ORIENTED_EDGE('',*,*,#1771,.F.);
#2799 = ORIENTED_EDGE('',*,*,#982,.T.);
#2800 = ORIENTED_EDGE('',*,*,#1863,.F.);
#2801 = ORIENTED_EDGE('',*,*,#2802,.F.);
#2802 = EDGE_CURVE('',#1772,#1855,#2803,.T.);
#2803 = LINE('',#2804,#2805);
#2804 = CARTESIAN_POINT('',(7.523108562917,-2.1,-13.34894736842));
#2805 = VECTOR('',#2806,1.);
#2806 = DIRECTION('',(1.,0.,-2.805431539066E-14));
#2807 = PLANE('',#2808);
#2808 = AXIS2_PLACEMENT_3D('',#2809,#2810,#2811);
#2809 = CARTESIAN_POINT('',(7.523108562917,-1.8,-13.34894736842));
#2810 = DIRECTION('',(-2.805431539066E-14,0.,-1.));
#2811 = DIRECTION('',(-1.,0.,2.805431539066E-14));
#2812 = ADVANCED_FACE('',(#2813),#2824,.T.);
#2813 = FACE_BOUND('',#2814,.T.);
#2814 = EDGE_LOOP('',(#2815,#2816,#2817,#2818));
#2815 = ORIENTED_EDGE('',*,*,#1779,.F.);
#2816 = ORIENTED_EDGE('',*,*,#2802,.T.);
#2817 = ORIENTED_EDGE('',*,*,#1854,.F.);
#2818 = ORIENTED_EDGE('',*,*,#2819,.F.);
#2819 = EDGE_CURVE('',#1780,#1847,#2820,.T.);
#2820 = LINE('',#2821,#2822);
#2821 = CARTESIAN_POINT('',(7.523108562917,-2.3,-13.14894736842));
#2822 = VECTOR('',#2823,1.);
#2823 = DIRECTION('',(1.,0.,-2.805431539066E-14));
#2824 = CYLINDRICAL_SURFACE('',#2825,0.2);
#2825 = AXIS2_PLACEMENT_3D('',#2826,#2827,#2828);
#2826 = CARTESIAN_POINT('',(7.523108562917,-2.1,-13.14894736842));
#2827 = DIRECTION('',(1.,0.,-2.805431539066E-14));
#2828 = DIRECTION('',(-2.805431539066E-14,0.,-1.));
#2829 = ADVANCED_FACE('',(#2830),#2841,.T.);
#2830 = FACE_BOUND('',#2831,.T.);
#2831 = EDGE_LOOP('',(#2832,#2833,#2834,#2835));
#2832 = ORIENTED_EDGE('',*,*,#1788,.F.);
#2833 = ORIENTED_EDGE('',*,*,#2819,.T.);
#2834 = ORIENTED_EDGE('',*,*,#1846,.F.);
#2835 = ORIENTED_EDGE('',*,*,#2836,.F.);
#2836 = EDGE_CURVE('',#1789,#1838,#2837,.T.);
#2837 = LINE('',#2838,#2839);
#2838 = CARTESIAN_POINT('',(7.523108562917,-2.3,-12.54894736842));
#2839 = VECTOR('',#2840,1.);
#2840 = DIRECTION('',(1.,0.,-2.805431539066E-14));
#2841 = PLANE('',#2842);
#2842 = AXIS2_PLACEMENT_3D('',#2843,#2844,#2845);
#2843 = CARTESIAN_POINT('',(7.523108562917,-2.3,-12.54894736842));
#2844 = DIRECTION('',(0.,-1.,0.));
#2845 = DIRECTION('',(0.,0.,-1.));
#2846 = ADVANCED_FACE('',(#2847),#2853,.T.);
#2847 = FACE_BOUND('',#2848,.T.);
#2848 = EDGE_LOOP('',(#2849,#2850,#2851,#2852));
#2849 = ORIENTED_EDGE('',*,*,#1796,.F.);
#2850 = ORIENTED_EDGE('',*,*,#2836,.T.);
#2851 = ORIENTED_EDGE('',*,*,#1837,.F.);
#2852 = ORIENTED_EDGE('',*,*,#2783,.F.);
#2853 = CYLINDRICAL_SURFACE('',#2854,0.2);
#2854 = AXIS2_PLACEMENT_3D('',#2855,#2856,#2857);
#2855 = CARTESIAN_POINT('',(7.523108562917,-2.1,-12.54894736842));
#2856 = DIRECTION('',(1.,0.,-2.805431539066E-14));
#2857 = DIRECTION('',(-2.805431539066E-14,0.,-1.));
#2858 = ( GEOMETRIC_REPRESENTATION_CONTEXT(3) 
GLOBAL_UNCERTAINTY_ASSIGNED_CONTEXT((#2862)) 
GLOBAL_UNIT_ASSIGNED_CONTEXT((#2859,#2860,#2861)) REPRESENTATION_CONTEXT
('Context #1','3D Context with UNIT and UNCERTAINTY') );
#2859 = ( LENGTH_UNIT() NAMED_UNIT(*) SI_UNIT(.MILLI.,.METRE.) );
#2860 = ( NAMED_UNIT(*) PLANE_ANGLE_UNIT() SI_UNIT($,.RADIAN.) );
#2861 = ( NAMED_UNIT(*) SI_UNIT($,.STERADIAN.) SOLID_ANGLE_UNIT() );
#2862 = UNCERTAINTY_MEASURE_WITH_UNIT(LENGTH_MEASURE(1.E-07),#2859,
  'distance_accuracy_value','confusion accuracy');
#2863 = CONTEXT_DEPENDENT_SHAPE_REPRESENTATION(#2864,#2866);
#2864 = ( REPRESENTATION_RELATIONSHIP('','',#975,#952) 
REPRESENTATION_RELATIONSHIP_WITH_TRANSFORMATION(#2865) 
SHAPE_REPRESENTATION_RELATIONSHIP() );
#2865 = ITEM_DEFINED_TRANSFORMATION('','',#11,#953);
#2866 = PRODUCT_DEFINITION_SHAPE('Placement','Placement of an item',
  #2867);
#2867 = NEXT_ASSEMBLY_USAGE_OCCURRENCE('3','=>[0:1:1:5]','',#947,#970,$
  );
#2868 = PRODUCT_RELATED_PRODUCT_CATEGORY('part',$,(#972));
#2869 = CONTEXT_DEPENDENT_SHAPE_REPRESENTATION(#2870,#2872);
#2870 = ( REPRESENTATION_RELATIONSHIP('','',#56,#10) 
REPRESENTATION_RELATIONSHIP_WITH_TRANSFORMATION(#2871) 
SHAPE_REPRESENTATION_RELATIONSHIP() );
#2871 = ITEM_DEFINED_TRANSFORMATION('','',#11,#23);
#2872 = PRODUCT_DEFINITION_SHAPE('Placement','Placement of an item',
  #2873);
#2873 = NEXT_ASSEMBLY_USAGE_OCCURRENCE('5','C8','',#5,#51,$);
#2874 = SHAPE_DEFINITION_REPRESENTATION(#2875,#2881);
#2875 = PRODUCT_DEFINITION_SHAPE('','',#2876);
#2876 = PRODUCT_DEFINITION('design','',#2877,#2880);
#2877 = PRODUCT_DEFINITION_FORMATION('','',#2878);
#2878 = PRODUCT('U.FL_Hirose_U.FL-R-SMT-1_Vertical',
  'U.FL_Hirose_U.FL-R-SMT-1_Vertical','',(#2879));
#2879 = PRODUCT_CONTEXT('',#2,'mechanical');
#2880 = PRODUCT_DEFINITION_CONTEXT('part definition',#2,'design');
#2881 = SHAPE_REPRESENTATION('',(#11,#2882),#2886);
#2882 = AXIS2_PLACEMENT_3D('',#2883,#2884,#2885);
#2883 = CARTESIAN_POINT('',(0.,0.,0.));
#2884 = DIRECTION('',(0.,0.,1.));
#2885 = DIRECTION('',(1.,0.,-0.));
#2886 = ( GEOMETRIC_REPRESENTATION_CONTEXT(3) 
GLOBAL_UNCERTAINTY_ASSIGNED_CONTEXT((#2890)) 
GLOBAL_UNIT_ASSIGNED_CONTEXT((#2887,#2888,#2889)) REPRESENTATION_CONTEXT
('Context #1','3D Context with UNIT and UNCERTAINTY') );
#2887 = ( LENGTH_UNIT() NAMED_UNIT(*) SI_UNIT(.MILLI.,.METRE.) );
#2888 = ( NAMED_UNIT(*) PLANE_ANGLE_UNIT() SI_UNIT($,.RADIAN.) );
#2889 = ( NAMED_UNIT(*) SI_UNIT($,.STERADIAN.) SOLID_ANGLE_UNIT() );
#2890 = UNCERTAINTY_MEASURE_WITH_UNIT(LENGTH_MEASURE(1.E-07),#2887,
  'distance_accuracy_value','confusion accuracy');
#2891 = CONTEXT_DEPENDENT_SHAPE_REPRESENTATION(#2892,#2894);
#2892 = ( REPRESENTATION_RELATIONSHIP('','',#2881,#10) 
REPRESENTATION_RELATIONSHIP_WITH_TRANSFORMATION(#2893) 
SHAPE_REPRESENTATION_RELATIONSHIP() );
#2893 = ITEM_DEFINED_TRANSFORMATION('','',#11,#27);
#2894 = PRODUCT_DEFINITION_SHAPE('Placement','Placement of an item',
  #2895);
#2895 = NEXT_ASSEMBLY_USAGE_OCCURRENCE('7','ANT1','',#5,#2876,$);
#2896 = PRODUCT_RELATED_PRODUCT_CATEGORY('part',$,(#2878));
#2897 = SHAPE_DEFINITION_REPRESENTATION(#2898,#2904);
#2898 = PRODUCT_DEFINITION_SHAPE('','',#2899);
#2899 = PRODUCT_DEFINITION('design','',#2900,#2903);
#2900 = PRODUCT_DEFINITION_FORMATION('','',#2901);
#2901 = PRODUCT('U.FL_Hirose_U.FL-R-SMT-1_Vertical',
  'U.FL_Hirose_U.FL-R-SMT-1_Vertical','',(#2902));
#2902 = PRODUCT_CONTEXT('',#2,'mechanical');
#2903 = PRODUCT_DEFINITION_CONTEXT('part definition',#2,'design');
#2904 = ADVANCED_BREP_SHAPE_REPRESENTATION('',(#11,#2905),#4267);
#2905 = MANIFOLD_SOLID_BREP('',#2906);
#2906 = CLOSED_SHELL('',(#2907,#2934,#2959,#2979,#3004,#3024,#3049,#3074
    ,#3099,#3124,#3149,#3192,#3292,#3325,#3388,#3413,#3438,#3494,#3550,
    #3575,#3600,#3640,#3664,#3688,#3705,#3800,#3831,#3855,#3879,#3910,
    #3934,#3958,#3989,#4013,#4037,#4049,#4072,#4130,#4149,#4168,#4185,
    #4197,#4209,#4221,#4241,#4257));
#2907 = ADVANCED_FACE('',(#2908),#2929,.T.);
#2908 = FACE_BOUND('',#2909,.T.);
#2909 = EDGE_LOOP('',(#2910,#2921,#2928));
#2910 = ORIENTED_EDGE('',*,*,#2911,.F.);
#2911 = EDGE_CURVE('',#2912,#2914,#2916,.T.);
#2912 = VERTEX_POINT('',#2913);
#2913 = CARTESIAN_POINT('',(0.2,2.6645352591E-16,1.05));
#2914 = VERTEX_POINT('',#2915);
#2915 = CARTESIAN_POINT('',(4.930380657631E-32,4.440892098501E-16,1.25)
  );
#2916 = CIRCLE('',#2917,0.2);
#2917 = AXIS2_PLACEMENT_3D('',#2918,#2919,#2920);
#2918 = CARTESIAN_POINT('',(0.,4.440892098501E-16,1.05));
#2919 = DIRECTION('',(-8.881784197001E-16,-1.,0.));
#2920 = DIRECTION('',(1.,-8.881784197001E-16,0.));
#2921 = ORIENTED_EDGE('',*,*,#2922,.T.);
#2922 = EDGE_CURVE('',#2912,#2912,#2923,.T.);
#2923 = CIRCLE('',#2924,0.2);
#2924 = AXIS2_PLACEMENT_3D('',#2925,#2926,#2927);
#2925 = CARTESIAN_POINT('',(0.,4.440892098501E-16,1.05));
#2926 = DIRECTION('',(-0.,0.,1.));
#2927 = DIRECTION('',(1.,-8.881784197001E-16,0.));
#2928 = ORIENTED_EDGE('',*,*,#2911,.T.);
#2929 = SPHERICAL_SURFACE('',#2930,0.2);
#2930 = AXIS2_PLACEMENT_3D('',#2931,#2932,#2933);
#2931 = CARTESIAN_POINT('',(0.,4.440892098501E-16,1.05));
#2932 = DIRECTION('',(0.,0.,1.));
#2933 = DIRECTION('',(1.,-8.881784197001E-16,0.));
#2934 = ADVANCED_FACE('',(#2935),#2954,.T.);
#2935 = FACE_BOUND('',#2936,.T.);
#2936 = EDGE_LOOP('',(#2937,#2946,#2952,#2953));
#2937 = ORIENTED_EDGE('',*,*,#2938,.T.);
#2938 = EDGE_CURVE('',#2939,#2939,#2941,.T.);
#2939 = VERTEX_POINT('',#2940);
#2940 = CARTESIAN_POINT('',(0.2,2.6645352591E-16,0.35));
#2941 = CIRCLE('',#2942,0.2);
#2942 = AXIS2_PLACEMENT_3D('',#2943,#2944,#2945);
#2943 = CARTESIAN_POINT('',(9.860761315263E-32,4.440892098501E-16,0.35)
  );
#2944 = DIRECTION('',(-0.,0.,1.));
#2945 = DIRECTION('',(1.,-8.881784197001E-16,0.));
#2946 = ORIENTED_EDGE('',*,*,#2947,.T.);
#2947 = EDGE_CURVE('',#2939,#2912,#2948,.T.);
#2948 = LINE('',#2949,#2950);
#2949 = CARTESIAN_POINT('',(0.2,2.1645352591E-16,0.));
#2950 = VECTOR('',#2951,1.);
#2951 = DIRECTION('',(0.,0.,1.));
#2952 = ORIENTED_EDGE('',*,*,#2922,.F.);
#2953 = ORIENTED_EDGE('',*,*,#2947,.F.);
#2954 = CYLINDRICAL_SURFACE('',#2955,0.2);
#2955 = AXIS2_PLACEMENT_3D('',#2956,#2957,#2958);
#2956 = CARTESIAN_POINT('',(0.,4.440892098501E-16,0.));
#2957 = DIRECTION('',(0.,0.,1.));
#2958 = DIRECTION('',(1.,-8.881784197001E-16,0.));
#2959 = ADVANCED_FACE('',(#2960,#2971),#2974,.T.);
#2960 = FACE_BOUND('',#2961,.T.);
#2961 = EDGE_LOOP('',(#2962));
#2962 = ORIENTED_EDGE('',*,*,#2963,.F.);
#2963 = EDGE_CURVE('',#2964,#2964,#2966,.T.);
#2964 = VERTEX_POINT('',#2965);
#2965 = CARTESIAN_POINT('',(7.993605777301E-16,0.9,0.35));
#2966 = CIRCLE('',#2967,0.9);
#2967 = AXIS2_PLACEMENT_3D('',#2968,#2969,#2970);
#2968 = CARTESIAN_POINT('',(-1.9E-16,5.840892098501E-16,0.35));
#2969 = DIRECTION('',(5.6E-16,-3.9E-16,-1.));
#2970 = DIRECTION('',(1.1081784197E-15,1.,-3.9E-16));
#2971 = FACE_BOUND('',#2972,.T.);
#2972 = EDGE_LOOP('',(#2973));
#2973 = ORIENTED_EDGE('',*,*,#2938,.F.);
#2974 = PLANE('',#2975);
#2975 = AXIS2_PLACEMENT_3D('',#2976,#2977,#2978);
#2976 = CARTESIAN_POINT('',(-1.3,-1.3,0.35));
#2977 = DIRECTION('',(0.,0.,1.));
#2978 = DIRECTION('',(1.,-8.881784197001E-16,0.));
#2979 = ADVANCED_FACE('',(#2980),#2999,.F.);
#2980 = FACE_BOUND('',#2981,.F.);
#2981 = EDGE_LOOP('',(#2982,#2991,#2997,#2998));
#2982 = ORIENTED_EDGE('',*,*,#2983,.T.);
#2983 = EDGE_CURVE('',#2984,#2984,#2986,.T.);
#2984 = VERTEX_POINT('',#2985);
#2985 = CARTESIAN_POINT('',(-2.006394222699E-16,0.9,1.25));
#2986 = CIRCLE('',#2987,0.9);
#2987 = AXIS2_PLACEMENT_3D('',#2988,#2989,#2990);
#2988 = CARTESIAN_POINT('',(-6.9E-16,9.340892098501E-16,1.25));
#2989 = DIRECTION('',(5.6E-16,-3.9E-16,-1.));
#2990 = DIRECTION('',(1.1081784197E-15,1.,-3.9E-16));
#2991 = ORIENTED_EDGE('',*,*,#2992,.F.);
#2992 = EDGE_CURVE('',#2964,#2984,#2993,.T.);
#2993 = LINE('',#2994,#2995);
#2994 = CARTESIAN_POINT('',(4.793605777301E-16,0.9,0.35));
#2995 = VECTOR('',#2996,1.);
#2996 = DIRECTION('',(-3.3E-16,-1.1E-16,1.));
#2997 = ORIENTED_EDGE('',*,*,#2963,.F.);
#2998 = ORIENTED_EDGE('',*,*,#2992,.T.);
#2999 = CYLINDRICAL_SURFACE('',#3000,0.9);
#3000 = AXIS2_PLACEMENT_3D('',#3001,#3002,#3003);
#3001 = CARTESIAN_POINT('',(-1.9E-16,5.840892098501E-16,0.35));
#3002 = DIRECTION('',(-5.6E-16,3.9E-16,1.));
#3003 = DIRECTION('',(1.1081784197E-15,1.,-3.9E-16));
#3004 = ADVANCED_FACE('',(#3005,#3008),#3019,.F.);
#3005 = FACE_BOUND('',#3006,.T.);
#3006 = EDGE_LOOP('',(#3007));
#3007 = ORIENTED_EDGE('',*,*,#2983,.T.);
#3008 = FACE_BOUND('',#3009,.T.);
#3009 = EDGE_LOOP('',(#3010));
#3010 = ORIENTED_EDGE('',*,*,#3011,.F.);
#3011 = EDGE_CURVE('',#3012,#3012,#3014,.T.);
#3012 = VERTEX_POINT('',#3013);
#3013 = CARTESIAN_POINT('',(-1.562305012849E-16,0.95,1.25));
#3014 = CIRCLE('',#3015,0.95);
#3015 = AXIS2_PLACEMENT_3D('',#3016,#3017,#3018);
#3016 = CARTESIAN_POINT('',(-6.9E-16,9.340892098501E-16,1.25));
#3017 = DIRECTION('',(5.6E-16,-3.9E-16,-1.));
#3018 = DIRECTION('',(1.1081784197E-15,1.,-3.9E-16));
#3019 = PLANE('',#3020);
#3020 = AXIS2_PLACEMENT_3D('',#3021,#3022,#3023);
#3021 = CARTESIAN_POINT('',(-6.9E-16,9.340892098501E-16,1.25));
#3022 = DIRECTION('',(5.6E-16,-3.9E-16,-1.));
#3023 = DIRECTION('',(1.1081784197E-15,1.,-3.9E-16));
#3024 = ADVANCED_FACE('',(#3025),#3044,.T.);
#3025 = FACE_BOUND('',#3026,.T.);
#3026 = EDGE_LOOP('',(#3027,#3028,#3036,#3043));
#3027 = ORIENTED_EDGE('',*,*,#3011,.T.);
#3028 = ORIENTED_EDGE('',*,*,#3029,.T.);
#3029 = EDGE_CURVE('',#3012,#3030,#3032,.T.);
#3030 = VERTEX_POINT('',#3031);
#3031 = CARTESIAN_POINT('',(-1.118215802999E-16,1.,1.2));
#3032 = LINE('',#3033,#3034);
#3033 = CARTESIAN_POINT('',(2.137694987151E-16,0.95,1.25));
#3034 = VECTOR('',#3035,1.);
#3035 = DIRECTION('',(7.08036983473E-16,0.707106781187,-0.707106781187)
  );
#3036 = ORIENTED_EDGE('',*,*,#3037,.F.);
#3037 = EDGE_CURVE('',#3030,#3030,#3038,.T.);
#3038 = CIRCLE('',#3039,1.);
#3039 = AXIS2_PLACEMENT_3D('',#3040,#3041,#3042);
#3040 = CARTESIAN_POINT('',(-6.7E-16,9.140892098501E-16,1.2));
#3041 = DIRECTION('',(5.6E-16,-3.9E-16,-1.));
#3042 = DIRECTION('',(1.1081784197E-15,1.,-3.9E-16));
#3043 = ORIENTED_EDGE('',*,*,#3029,.F.);
#3044 = CONICAL_SURFACE('',#3045,0.95,0.785398163397);
#3045 = AXIS2_PLACEMENT_3D('',#3046,#3047,#3048);
#3046 = CARTESIAN_POINT('',(-6.9E-16,9.340892098501E-16,1.25));
#3047 = DIRECTION('',(5.6E-16,-3.9E-16,-1.));
#3048 = DIRECTION('',(1.1081784197E-15,1.,-3.9E-16));
#3049 = ADVANCED_FACE('',(#3050),#3069,.T.);
#3050 = FACE_BOUND('',#3051,.T.);
#3051 = EDGE_LOOP('',(#3052,#3053,#3061,#3068));
#3052 = ORIENTED_EDGE('',*,*,#3037,.T.);
#3053 = ORIENTED_EDGE('',*,*,#3054,.T.);
#3054 = EDGE_CURVE('',#3030,#3055,#3057,.T.);
#3055 = VERTEX_POINT('',#3056);
#3056 = CARTESIAN_POINT('',(8.881784197001E-16,1.,0.729999999995));
#3057 = LINE('',#3058,#3059);
#3058 = CARTESIAN_POINT('',(2.681784197001E-16,1.,1.2));
#3059 = VECTOR('',#3060,1.);
#3060 = DIRECTION('',(3.3E-16,1.1E-16,-1.));
#3061 = ORIENTED_EDGE('',*,*,#3062,.F.);
#3062 = EDGE_CURVE('',#3055,#3055,#3063,.T.);
#3063 = CIRCLE('',#3064,1.);
#3064 = AXIS2_PLACEMENT_3D('',#3065,#3066,#3067);
#3065 = CARTESIAN_POINT('',(-4.1E-16,7.240892098501E-16,0.729999999995)
  );
#3066 = DIRECTION('',(5.6E-16,-3.9E-16,-1.));
#3067 = DIRECTION('',(1.1081784197E-15,1.,-3.9E-16));
#3068 = ORIENTED_EDGE('',*,*,#3054,.F.);
#3069 = CYLINDRICAL_SURFACE('',#3070,1.);
#3070 = AXIS2_PLACEMENT_3D('',#3071,#3072,#3073);
#3071 = CARTESIAN_POINT('',(-6.7E-16,9.140892098501E-16,1.2));
#3072 = DIRECTION('',(5.6E-16,-3.9E-16,-1.));
#3073 = DIRECTION('',(1.1081784197E-15,1.,-3.9E-16));
#3074 = ADVANCED_FACE('',(#3075),#3094,.T.);
#3075 = FACE_BOUND('',#3076,.T.);
#3076 = EDGE_LOOP('',(#3077,#3078,#3086,#3093));
#3077 = ORIENTED_EDGE('',*,*,#3062,.T.);
#3078 = ORIENTED_EDGE('',*,*,#3079,.T.);
#3079 = EDGE_CURVE('',#3055,#3080,#3082,.T.);
#3080 = VERTEX_POINT('',#3081);
#3081 = CARTESIAN_POINT('',(8.526512829121E-16,0.96,0.689999999998));
#3082 = LINE('',#3083,#3084);
#3083 = CARTESIAN_POINT('',(4.181784197001E-16,1.,0.729999999995));
#3084 = VECTOR('',#3085,1.);
#3085 = DIRECTION('',(-2.380369834918E-16,-0.707106781207,
    -0.707106781166));
#3086 = ORIENTED_EDGE('',*,*,#3087,.F.);
#3087 = EDGE_CURVE('',#3080,#3080,#3088,.T.);
#3088 = CIRCLE('',#3089,0.96);
#3089 = AXIS2_PLACEMENT_3D('',#3090,#3091,#3092);
#3090 = CARTESIAN_POINT('',(-3.8E-16,7.140892098501E-16,0.689999999998)
  );
#3091 = DIRECTION('',(5.6E-16,-3.9E-16,-1.));
#3092 = DIRECTION('',(1.1081784197E-15,1.,-3.9E-16));
#3093 = ORIENTED_EDGE('',*,*,#3079,.F.);
#3094 = CONICAL_SURFACE('',#3095,1.,0.785398163427);
#3095 = AXIS2_PLACEMENT_3D('',#3096,#3097,#3098);
#3096 = CARTESIAN_POINT('',(-4.1E-16,7.240892098501E-16,0.729999999995)
  );
#3097 = DIRECTION('',(-5.6E-16,3.9E-16,1.));
#3098 = DIRECTION('',(1.1081784197E-15,1.,-3.9E-16));
#3099 = ADVANCED_FACE('',(#3100),#3119,.T.);
#3100 = FACE_BOUND('',#3101,.T.);
#3101 = EDGE_LOOP('',(#3102,#3103,#3111,#3118));
#3102 = ORIENTED_EDGE('',*,*,#3087,.T.);
#3103 = ORIENTED_EDGE('',*,*,#3104,.T.);
#3104 = EDGE_CURVE('',#3080,#3105,#3107,.T.);
#3105 = VERTEX_POINT('',#3106);
#3106 = CARTESIAN_POINT('',(8.526512829121E-16,0.96,0.589999999998));
#3107 = LINE('',#3108,#3109);
#3108 = CARTESIAN_POINT('',(4.126512829121E-16,0.96,0.689999999998));
#3109 = VECTOR('',#3110,1.);
#3110 = DIRECTION('',(3.3E-16,1.1E-16,-1.));
#3111 = ORIENTED_EDGE('',*,*,#3112,.F.);
#3112 = EDGE_CURVE('',#3105,#3105,#3113,.T.);
#3113 = CIRCLE('',#3114,0.96);
#3114 = AXIS2_PLACEMENT_3D('',#3115,#3116,#3117);
#3115 = CARTESIAN_POINT('',(-3.3E-16,6.740892098501E-16,0.589999999998)
  );
#3116 = DIRECTION('',(5.6E-16,-3.9E-16,-1.));
#3117 = DIRECTION('',(1.1081784197E-15,1.,-3.9E-16));
#3118 = ORIENTED_EDGE('',*,*,#3104,.F.);
#3119 = CYLINDRICAL_SURFACE('',#3120,0.96);
#3120 = AXIS2_PLACEMENT_3D('',#3121,#3122,#3123);
#3121 = CARTESIAN_POINT('',(-3.8E-16,7.140892098501E-16,0.689999999998)
  );
#3122 = DIRECTION('',(5.6E-16,-3.9E-16,-1.));
#3123 = DIRECTION('',(1.1081784197E-15,1.,-3.9E-16));
#3124 = ADVANCED_FACE('',(#3125),#3144,.T.);
#3125 = FACE_BOUND('',#3126,.T.);
#3126 = EDGE_LOOP('',(#3127,#3128,#3136,#3143));
#3127 = ORIENTED_EDGE('',*,*,#3112,.T.);
#3128 = ORIENTED_EDGE('',*,*,#3129,.T.);
#3129 = EDGE_CURVE('',#3105,#3130,#3132,.T.);
#3130 = VERTEX_POINT('',#3131);
#3131 = CARTESIAN_POINT('',(8.881784197001E-16,1.,0.55));
#3132 = LINE('',#3133,#3134);
#3133 = CARTESIAN_POINT('',(4.426512829121E-16,0.96,0.589999999998));
#3134 = VECTOR('',#3135,1.);
#3135 = DIRECTION('',(7.080369834918E-16,0.707106781207,-0.707106781166)
  );
#3136 = ORIENTED_EDGE('',*,*,#3137,.F.);
#3137 = EDGE_CURVE('',#3130,#3130,#3138,.T.);
#3138 = CIRCLE('',#3139,1.);
#3139 = AXIS2_PLACEMENT_3D('',#3140,#3141,#3142);
#3140 = CARTESIAN_POINT('',(-3.1E-16,6.540892098501E-16,0.55));
#3141 = DIRECTION('',(5.6E-16,-3.9E-16,-1.));
#3142 = DIRECTION('',(1.1081784197E-15,1.,-3.9E-16));
#3143 = ORIENTED_EDGE('',*,*,#3129,.F.);
#3144 = CONICAL_SURFACE('',#3145,0.96,0.785398163427);
#3145 = AXIS2_PLACEMENT_3D('',#3146,#3147,#3148);
#3146 = CARTESIAN_POINT('',(-3.3E-16,6.740892098501E-16,0.589999999998)
  );
#3147 = DIRECTION('',(5.6E-16,-3.9E-16,-1.));
#3148 = DIRECTION('',(1.1081784197E-15,1.,-3.9E-16));
#3149 = ADVANCED_FACE('',(#3150),#3187,.T.);
#3150 = FACE_BOUND('',#3151,.T.);
#3151 = EDGE_LOOP('',(#3152,#3153,#3161,#3170,#3179,#3186));
#3152 = ORIENTED_EDGE('',*,*,#3137,.T.);
#3153 = ORIENTED_EDGE('',*,*,#3154,.T.);
#3154 = EDGE_CURVE('',#3130,#3155,#3157,.T.);
#3155 = VERTEX_POINT('',#3156);
#3156 = CARTESIAN_POINT('',(8.881784197001E-16,1.,0.35));
#3157 = LINE('',#3158,#3159);
#3158 = CARTESIAN_POINT('',(4.781784197001E-16,1.,0.55));
#3159 = VECTOR('',#3160,1.);
#3160 = DIRECTION('',(3.3E-16,1.1E-16,-1.));
#3161 = ORIENTED_EDGE('',*,*,#3162,.F.);
#3162 = EDGE_CURVE('',#3163,#3155,#3165,.T.);
#3163 = VERTEX_POINT('',#3164);
#3164 = CARTESIAN_POINT('',(0.953939201417,-0.3,0.35));
#3165 = CIRCLE('',#3166,1.);
#3166 = AXIS2_PLACEMENT_3D('',#3167,#3168,#3169);
#3167 = CARTESIAN_POINT('',(-1.9E-16,5.840892098501E-16,0.35));
#3168 = DIRECTION('',(5.6E-16,-3.9E-16,-1.));
#3169 = DIRECTION('',(1.1081784197E-15,1.,-3.9E-16));
#3170 = ORIENTED_EDGE('',*,*,#3171,.F.);
#3171 = EDGE_CURVE('',#3172,#3163,#3174,.T.);
#3172 = VERTEX_POINT('',#3173);
#3173 = CARTESIAN_POINT('',(0.953939201417,0.3,0.35));
#3174 = CIRCLE('',#3175,1.);
#3175 = AXIS2_PLACEMENT_3D('',#3176,#3177,#3178);
#3176 = CARTESIAN_POINT('',(-1.9E-16,5.840892098501E-16,0.35));
#3177 = DIRECTION('',(5.6E-16,-3.9E-16,-1.));
#3178 = DIRECTION('',(1.1081784197E-15,1.,-3.9E-16));
#3179 = ORIENTED_EDGE('',*,*,#3180,.F.);
#3180 = EDGE_CURVE('',#3155,#3172,#3181,.T.);
#3181 = CIRCLE('',#3182,1.);
#3182 = AXIS2_PLACEMENT_3D('',#3183,#3184,#3185);
#3183 = CARTESIAN_POINT('',(-1.9E-16,5.840892098501E-16,0.35));
#3184 = DIRECTION('',(5.6E-16,-3.9E-16,-1.));
#3185 = DIRECTION('',(1.1081784197E-15,1.,-3.9E-16));
#3186 = ORIENTED_EDGE('',*,*,#3154,.F.);
#3187 = CYLINDRICAL_SURFACE('',#3188,1.);
#3188 = AXIS2_PLACEMENT_3D('',#3189,#3190,#3191);
#3189 = CARTESIAN_POINT('',(-3.1E-16,6.540892098501E-16,0.55));
#3190 = DIRECTION('',(5.6E-16,-3.9E-16,-1.));
#3191 = DIRECTION('',(1.1081784197E-15,1.,-3.9E-16));
#3192 = ADVANCED_FACE('',(#3193),#3287,.T.);
#3193 = FACE_BOUND('',#3194,.T.);
#3194 = EDGE_LOOP('',(#3195,#3205,#3214,#3222,#3231,#3239,#3245,#3246,
    #3247,#3255,#3263,#3272,#3280));
#3195 = ORIENTED_EDGE('',*,*,#3196,.F.);
#3196 = EDGE_CURVE('',#3197,#3199,#3201,.T.);
#3197 = VERTEX_POINT('',#3198);
#3198 = CARTESIAN_POINT('',(-1.3,-1.,0.35));
#3199 = VERTEX_POINT('',#3200);
#3200 = CARTESIAN_POINT('',(-1.3,1.,0.35));
#3201 = LINE('',#3202,#3203);
#3202 = CARTESIAN_POINT('',(-1.3,-1.3,0.35));
#3203 = VECTOR('',#3204,1.);
#3204 = DIRECTION('',(8.881784197001E-16,1.,0.));
#3205 = ORIENTED_EDGE('',*,*,#3206,.T.);
#3206 = EDGE_CURVE('',#3197,#3207,#3209,.T.);
#3207 = VERTEX_POINT('',#3208);
#3208 = CARTESIAN_POINT('',(-1.,-1.3,0.35));
#3209 = CIRCLE('',#3210,0.3);
#3210 = AXIS2_PLACEMENT_3D('',#3211,#3212,#3213);
#3211 = CARTESIAN_POINT('',(-1.,-1.,0.35));
#3212 = DIRECTION('',(0.,0.,1.));
#3213 = DIRECTION('',(-8.881784197001E-16,-1.,0.));
#3214 = ORIENTED_EDGE('',*,*,#3215,.T.);
#3215 = EDGE_CURVE('',#3207,#3216,#3218,.T.);
#3216 = VERTEX_POINT('',#3217);
#3217 = CARTESIAN_POINT('',(1.,-1.3,0.35));
#3218 = LINE('',#3219,#3220);
#3219 = CARTESIAN_POINT('',(-1.3,-1.3,0.35));
#3220 = VECTOR('',#3221,1.);
#3221 = DIRECTION('',(1.,-8.881784197001E-16,0.));
#3222 = ORIENTED_EDGE('',*,*,#3223,.F.);
#3223 = EDGE_CURVE('',#3224,#3216,#3226,.T.);
#3224 = VERTEX_POINT('',#3225);
#3225 = CARTESIAN_POINT('',(1.3,-1.,0.35));
#3226 = CIRCLE('',#3227,0.3);
#3227 = AXIS2_PLACEMENT_3D('',#3228,#3229,#3230);
#3228 = CARTESIAN_POINT('',(1.,-1.,0.35));
#3229 = DIRECTION('',(-0.,0.,-1.));
#3230 = DIRECTION('',(-8.881784197001E-16,-1.,0.));
#3231 = ORIENTED_EDGE('',*,*,#3232,.T.);
#3232 = EDGE_CURVE('',#3224,#3233,#3235,.T.);
#3233 = VERTEX_POINT('',#3234);
#3234 = CARTESIAN_POINT('',(1.3,-0.3,0.35));
#3235 = LINE('',#3236,#3237);
#3236 = CARTESIAN_POINT('',(1.3,-1.3,0.35));
#3237 = VECTOR('',#3238,1.);
#3238 = DIRECTION('',(8.881784197001E-16,1.,0.));
#3239 = ORIENTED_EDGE('',*,*,#3240,.F.);
#3240 = EDGE_CURVE('',#3163,#3233,#3241,.T.);
#3241 = LINE('',#3242,#3243);
#3242 = CARTESIAN_POINT('',(0.95,-0.3,0.35));
#3243 = VECTOR('',#3244,1.);
#3244 = DIRECTION('',(1.,-8.881784197001E-16,0.));
#3245 = ORIENTED_EDGE('',*,*,#3162,.T.);
#3246 = ORIENTED_EDGE('',*,*,#3180,.T.);
#3247 = ORIENTED_EDGE('',*,*,#3248,.T.);
#3248 = EDGE_CURVE('',#3172,#3249,#3251,.T.);
#3249 = VERTEX_POINT('',#3250);
#3250 = CARTESIAN_POINT('',(1.3,0.3,0.35));
#3251 = LINE('',#3252,#3253);
#3252 = CARTESIAN_POINT('',(0.95,0.3,0.35));
#3253 = VECTOR('',#3254,1.);
#3254 = DIRECTION('',(1.,-8.881784197001E-16,0.));
#3255 = ORIENTED_EDGE('',*,*,#3256,.T.);
#3256 = EDGE_CURVE('',#3249,#3257,#3259,.T.);
#3257 = VERTEX_POINT('',#3258);
#3258 = CARTESIAN_POINT('',(1.3,1.,0.35));
#3259 = LINE('',#3260,#3261);
#3260 = CARTESIAN_POINT('',(1.3,-1.3,0.35));
#3261 = VECTOR('',#3262,1.);
#3262 = DIRECTION('',(8.881784197001E-16,1.,0.));
#3263 = ORIENTED_EDGE('',*,*,#3264,.T.);
#3264 = EDGE_CURVE('',#3257,#3265,#3267,.T.);
#3265 = VERTEX_POINT('',#3266);
#3266 = CARTESIAN_POINT('',(1.,1.3,0.35));
#3267 = CIRCLE('',#3268,0.3);
#3268 = AXIS2_PLACEMENT_3D('',#3269,#3270,#3271);
#3269 = CARTESIAN_POINT('',(1.,1.,0.35));
#3270 = DIRECTION('',(0.,0.,1.));
#3271 = DIRECTION('',(-8.881784197001E-16,-1.,0.));
#3272 = ORIENTED_EDGE('',*,*,#3273,.F.);
#3273 = EDGE_CURVE('',#3274,#3265,#3276,.T.);
#3274 = VERTEX_POINT('',#3275);
#3275 = CARTESIAN_POINT('',(-1.,1.3,0.35));
#3276 = LINE('',#3277,#3278);
#3277 = CARTESIAN_POINT('',(-1.3,1.3,0.35));
#3278 = VECTOR('',#3279,1.);
#3279 = DIRECTION('',(1.,-8.881784197001E-16,0.));
#3280 = ORIENTED_EDGE('',*,*,#3281,.F.);
#3281 = EDGE_CURVE('',#3199,#3274,#3282,.T.);
#3282 = CIRCLE('',#3283,0.3);
#3283 = AXIS2_PLACEMENT_3D('',#3284,#3285,#3286);
#3284 = CARTESIAN_POINT('',(-1.,1.,0.35));
#3285 = DIRECTION('',(-0.,0.,-1.));
#3286 = DIRECTION('',(-8.881784197001E-16,-1.,0.));
#3287 = PLANE('',#3288);
#3288 = AXIS2_PLACEMENT_3D('',#3289,#3290,#3291);
#3289 = CARTESIAN_POINT('',(-1.3,-1.3,0.35));
#3290 = DIRECTION('',(0.,0.,1.));
#3291 = DIRECTION('',(1.,-8.881784197001E-16,0.));
#3292 = ADVANCED_FACE('',(#3293),#3320,.T.);
#3293 = FACE_BOUND('',#3294,.T.);
#3294 = EDGE_LOOP('',(#3295,#3296,#3297,#3298,#3306,#3314));
#3295 = ORIENTED_EDGE('',*,*,#3248,.F.);
#3296 = ORIENTED_EDGE('',*,*,#3171,.T.);
#3297 = ORIENTED_EDGE('',*,*,#3240,.T.);
#3298 = ORIENTED_EDGE('',*,*,#3299,.T.);
#3299 = EDGE_CURVE('',#3233,#3300,#3302,.T.);
#3300 = VERTEX_POINT('',#3301);
#3301 = CARTESIAN_POINT('',(1.55,-0.3,0.35));
#3302 = LINE('',#3303,#3304);
#3303 = CARTESIAN_POINT('',(0.95,-0.3,0.35));
#3304 = VECTOR('',#3305,1.);
#3305 = DIRECTION('',(1.,-8.881784197001E-16,0.));
#3306 = ORIENTED_EDGE('',*,*,#3307,.T.);
#3307 = EDGE_CURVE('',#3300,#3308,#3310,.T.);
#3308 = VERTEX_POINT('',#3309);
#3309 = CARTESIAN_POINT('',(1.55,0.3,0.35));
#3310 = LINE('',#3311,#3312);
#3311 = CARTESIAN_POINT('',(1.55,-0.3,0.35));
#3312 = VECTOR('',#3313,1.);
#3313 = DIRECTION('',(8.881784197001E-16,1.,0.));
#3314 = ORIENTED_EDGE('',*,*,#3315,.F.);
#3315 = EDGE_CURVE('',#3249,#3308,#3316,.T.);
#3316 = LINE('',#3317,#3318);
#3317 = CARTESIAN_POINT('',(0.95,0.3,0.35));
#3318 = VECTOR('',#3319,1.);
#3319 = DIRECTION('',(1.,-8.881784197001E-16,0.));
#3320 = PLANE('',#3321);
#3321 = AXIS2_PLACEMENT_3D('',#3322,#3323,#3324);
#3322 = CARTESIAN_POINT('',(0.95,-0.3,0.35));
#3323 = DIRECTION('',(0.,0.,1.));
#3324 = DIRECTION('',(1.,-8.881784197001E-16,0.));
#3325 = ADVANCED_FACE('',(#3326),#3383,.F.);
#3326 = FACE_BOUND('',#3327,.F.);
#3327 = EDGE_LOOP('',(#3328,#3329,#3337,#3345,#3353,#3361,#3369,#3377));
#3328 = ORIENTED_EDGE('',*,*,#3196,.F.);
#3329 = ORIENTED_EDGE('',*,*,#3330,.F.);
#3330 = EDGE_CURVE('',#3331,#3197,#3333,.T.);
#3331 = VERTEX_POINT('',#3332);
#3332 = CARTESIAN_POINT('',(-1.3,-1.,0.));
#3333 = LINE('',#3334,#3335);
#3334 = CARTESIAN_POINT('',(-1.3,-1.,0.));
#3335 = VECTOR('',#3336,1.);
#3336 = DIRECTION('',(0.,0.,1.));
#3337 = ORIENTED_EDGE('',*,*,#3338,.T.);
#3338 = EDGE_CURVE('',#3331,#3339,#3341,.T.);
#3339 = VERTEX_POINT('',#3340);
#3340 = CARTESIAN_POINT('',(-1.3,-0.3,0.));
#3341 = LINE('',#3342,#3343);
#3342 = CARTESIAN_POINT('',(-1.3,-1.3,0.));
#3343 = VECTOR('',#3344,1.);
#3344 = DIRECTION('',(8.881784197001E-16,1.,0.));
#3345 = ORIENTED_EDGE('',*,*,#3346,.F.);
#3346 = EDGE_CURVE('',#3347,#3339,#3349,.T.);
#3347 = VERTEX_POINT('',#3348);
#3348 = CARTESIAN_POINT('',(-1.3,-0.3,0.15));
#3349 = LINE('',#3350,#3351);
#3350 = CARTESIAN_POINT('',(-1.3,-0.3,0.));
#3351 = VECTOR('',#3352,1.);
#3352 = DIRECTION('',(0.,0.,-1.));
#3353 = ORIENTED_EDGE('',*,*,#3354,.T.);
#3354 = EDGE_CURVE('',#3347,#3355,#3357,.T.);
#3355 = VERTEX_POINT('',#3356);
#3356 = CARTESIAN_POINT('',(-1.3,0.3,0.15));
#3357 = LINE('',#3358,#3359);
#3358 = CARTESIAN_POINT('',(-1.3,-0.8,0.15));
#3359 = VECTOR('',#3360,1.);
#3360 = DIRECTION('',(8.881784197001E-16,1.,0.));
#3361 = ORIENTED_EDGE('',*,*,#3362,.T.);
#3362 = EDGE_CURVE('',#3355,#3363,#3365,.T.);
#3363 = VERTEX_POINT('',#3364);
#3364 = CARTESIAN_POINT('',(-1.3,0.3,0.));
#3365 = LINE('',#3366,#3367);
#3366 = CARTESIAN_POINT('',(-1.3,0.3,0.));
#3367 = VECTOR('',#3368,1.);
#3368 = DIRECTION('',(0.,0.,-1.));
#3369 = ORIENTED_EDGE('',*,*,#3370,.T.);
#3370 = EDGE_CURVE('',#3363,#3371,#3373,.T.);
#3371 = VERTEX_POINT('',#3372);
#3372 = CARTESIAN_POINT('',(-1.3,1.,0.));
#3373 = LINE('',#3374,#3375);
#3374 = CARTESIAN_POINT('',(-1.3,-1.3,0.));
#3375 = VECTOR('',#3376,1.);
#3376 = DIRECTION('',(8.881784197001E-16,1.,0.));
#3377 = ORIENTED_EDGE('',*,*,#3378,.T.);
#3378 = EDGE_CURVE('',#3371,#3199,#3379,.T.);
#3379 = LINE('',#3380,#3381);
#3380 = CARTESIAN_POINT('',(-1.3,1.,0.));
#3381 = VECTOR('',#3382,1.);
#3382 = DIRECTION('',(0.,0.,1.));
#3383 = PLANE('',#3384);
#3384 = AXIS2_PLACEMENT_3D('',#3385,#3386,#3387);
#3385 = CARTESIAN_POINT('',(-1.3,-1.3,0.));
#3386 = DIRECTION('',(1.,-8.881784197001E-16,0.));
#3387 = DIRECTION('',(0.,0.,1.));
#3388 = ADVANCED_FACE('',(#3389),#3408,.T.);
#3389 = FACE_BOUND('',#3390,.T.);
#3390 = EDGE_LOOP('',(#3391,#3400,#3406,#3407));
#3391 = ORIENTED_EDGE('',*,*,#3392,.T.);
#3392 = EDGE_CURVE('',#3331,#3393,#3395,.T.);
#3393 = VERTEX_POINT('',#3394);
#3394 = CARTESIAN_POINT('',(-1.,-1.3,0.));
#3395 = CIRCLE('',#3396,0.3);
#3396 = AXIS2_PLACEMENT_3D('',#3397,#3398,#3399);
#3397 = CARTESIAN_POINT('',(-1.,-1.,0.));
#3398 = DIRECTION('',(0.,0.,1.));
#3399 = DIRECTION('',(-8.881784197001E-16,-1.,0.));
#3400 = ORIENTED_EDGE('',*,*,#3401,.T.);
#3401 = EDGE_CURVE('',#3393,#3207,#3402,.T.);
#3402 = LINE('',#3403,#3404);
#3403 = CARTESIAN_POINT('',(-1.,-1.3,0.));
#3404 = VECTOR('',#3405,1.);
#3405 = DIRECTION('',(0.,0.,1.));
#3406 = ORIENTED_EDGE('',*,*,#3206,.F.);
#3407 = ORIENTED_EDGE('',*,*,#3330,.F.);
#3408 = CYLINDRICAL_SURFACE('',#3409,0.3);
#3409 = AXIS2_PLACEMENT_3D('',#3410,#3411,#3412);
#3410 = CARTESIAN_POINT('',(-1.,-1.,0.));
#3411 = DIRECTION('',(0.,0.,1.));
#3412 = DIRECTION('',(-1.,8.881784197001E-16,0.));
#3413 = ADVANCED_FACE('',(#3414),#3433,.T.);
#3414 = FACE_BOUND('',#3415,.T.);
#3415 = EDGE_LOOP('',(#3416,#3417,#3418,#3426));
#3416 = ORIENTED_EDGE('',*,*,#3378,.T.);
#3417 = ORIENTED_EDGE('',*,*,#3281,.T.);
#3418 = ORIENTED_EDGE('',*,*,#3419,.F.);
#3419 = EDGE_CURVE('',#3420,#3274,#3422,.T.);
#3420 = VERTEX_POINT('',#3421);
#3421 = CARTESIAN_POINT('',(-1.,1.3,0.));
#3422 = LINE('',#3423,#3424);
#3423 = CARTESIAN_POINT('',(-1.,1.3,0.));
#3424 = VECTOR('',#3425,1.);
#3425 = DIRECTION('',(0.,0.,1.));
#3426 = ORIENTED_EDGE('',*,*,#3427,.F.);
#3427 = EDGE_CURVE('',#3371,#3420,#3428,.T.);
#3428 = CIRCLE('',#3429,0.3);
#3429 = AXIS2_PLACEMENT_3D('',#3430,#3431,#3432);
#3430 = CARTESIAN_POINT('',(-1.,1.,0.));
#3431 = DIRECTION('',(-0.,0.,-1.));
#3432 = DIRECTION('',(-8.881784197001E-16,-1.,0.));
#3433 = CYLINDRICAL_SURFACE('',#3434,0.3);
#3434 = AXIS2_PLACEMENT_3D('',#3435,#3436,#3437);
#3435 = CARTESIAN_POINT('',(-1.,1.,0.));
#3436 = DIRECTION('',(0.,0.,1.));
#3437 = DIRECTION('',(-1.,8.881784197001E-16,0.));
#3438 = ADVANCED_FACE('',(#3439),#3489,.F.);
#3439 = FACE_BOUND('',#3440,.F.);
#3440 = EDGE_LOOP('',(#3441,#3449,#3450,#3451,#3459,#3467,#3475,#3483));
#3441 = ORIENTED_EDGE('',*,*,#3442,.F.);
#3442 = EDGE_CURVE('',#3393,#3443,#3445,.T.);
#3443 = VERTEX_POINT('',#3444);
#3444 = CARTESIAN_POINT('',(-0.9,-1.3,0.));
#3445 = LINE('',#3446,#3447);
#3446 = CARTESIAN_POINT('',(-1.3,-1.3,0.));
#3447 = VECTOR('',#3448,1.);
#3448 = DIRECTION('',(1.,-8.881784197001E-16,0.));
#3449 = ORIENTED_EDGE('',*,*,#3401,.T.);
#3450 = ORIENTED_EDGE('',*,*,#3215,.T.);
#3451 = ORIENTED_EDGE('',*,*,#3452,.F.);
#3452 = EDGE_CURVE('',#3453,#3216,#3455,.T.);
#3453 = VERTEX_POINT('',#3454);
#3454 = CARTESIAN_POINT('',(1.,-1.3,0.));
#3455 = LINE('',#3456,#3457);
#3456 = CARTESIAN_POINT('',(1.,-1.3,0.));
#3457 = VECTOR('',#3458,1.);
#3458 = DIRECTION('',(0.,0.,1.));
#3459 = ORIENTED_EDGE('',*,*,#3460,.F.);
#3460 = EDGE_CURVE('',#3461,#3453,#3463,.T.);
#3461 = VERTEX_POINT('',#3462);
#3462 = CARTESIAN_POINT('',(0.9,-1.3,0.));
#3463 = LINE('',#3464,#3465);
#3464 = CARTESIAN_POINT('',(-1.3,-1.3,0.));
#3465 = VECTOR('',#3466,1.);
#3466 = DIRECTION('',(1.,-8.881784197001E-16,0.));
#3467 = ORIENTED_EDGE('',*,*,#3468,.F.);
#3468 = EDGE_CURVE('',#3469,#3461,#3471,.T.);
#3469 = VERTEX_POINT('',#3470);
#3470 = CARTESIAN_POINT('',(0.9,-1.3,0.15));
#3471 = LINE('',#3472,#3473);
#3472 = CARTESIAN_POINT('',(0.9,-1.3,0.));
#3473 = VECTOR('',#3474,1.);
#3474 = DIRECTION('',(0.,0.,-1.));
#3475 = ORIENTED_EDGE('',*,*,#3476,.F.);
#3476 = EDGE_CURVE('',#3477,#3469,#3479,.T.);
#3477 = VERTEX_POINT('',#3478);
#3478 = CARTESIAN_POINT('',(-0.9,-1.3,0.15));
#3479 = LINE('',#3480,#3481);
#3480 = CARTESIAN_POINT('',(-1.1,-1.3,0.15));
#3481 = VECTOR('',#3482,1.);
#3482 = DIRECTION('',(1.,-8.881784197001E-16,0.));
#3483 = ORIENTED_EDGE('',*,*,#3484,.T.);
#3484 = EDGE_CURVE('',#3477,#3443,#3485,.T.);
#3485 = LINE('',#3486,#3487);
#3486 = CARTESIAN_POINT('',(-0.9,-1.3,0.));
#3487 = VECTOR('',#3488,1.);
#3488 = DIRECTION('',(0.,0.,-1.));
#3489 = PLANE('',#3490);
#3490 = AXIS2_PLACEMENT_3D('',#3491,#3492,#3493);
#3491 = CARTESIAN_POINT('',(-1.3,-1.3,0.));
#3492 = DIRECTION('',(8.881784197001E-16,1.,0.));
#3493 = DIRECTION('',(0.,-0.,1.));
#3494 = ADVANCED_FACE('',(#3495),#3545,.T.);
#3495 = FACE_BOUND('',#3496,.T.);
#3496 = EDGE_LOOP('',(#3497,#3505,#3506,#3507,#3515,#3523,#3531,#3539));
#3497 = ORIENTED_EDGE('',*,*,#3498,.F.);
#3498 = EDGE_CURVE('',#3420,#3499,#3501,.T.);
#3499 = VERTEX_POINT('',#3500);
#3500 = CARTESIAN_POINT('',(-0.9,1.3,0.));
#3501 = LINE('',#3502,#3503);
#3502 = CARTESIAN_POINT('',(-1.3,1.3,0.));
#3503 = VECTOR('',#3504,1.);
#3504 = DIRECTION('',(1.,-8.881784197001E-16,0.));
#3505 = ORIENTED_EDGE('',*,*,#3419,.T.);
#3506 = ORIENTED_EDGE('',*,*,#3273,.T.);
#3507 = ORIENTED_EDGE('',*,*,#3508,.F.);
#3508 = EDGE_CURVE('',#3509,#3265,#3511,.T.);
#3509 = VERTEX_POINT('',#3510);
#3510 = CARTESIAN_POINT('',(1.,1.3,0.));
#3511 = LINE('',#3512,#3513);
#3512 = CARTESIAN_POINT('',(1.,1.3,0.));
#3513 = VECTOR('',#3514,1.);
#3514 = DIRECTION('',(0.,0.,1.));
#3515 = ORIENTED_EDGE('',*,*,#3516,.F.);
#3516 = EDGE_CURVE('',#3517,#3509,#3519,.T.);
#3517 = VERTEX_POINT('',#3518);
#3518 = CARTESIAN_POINT('',(0.9,1.3,0.));
#3519 = LINE('',#3520,#3521);
#3520 = CARTESIAN_POINT('',(-1.3,1.3,0.));
#3521 = VECTOR('',#3522,1.);
#3522 = DIRECTION('',(1.,-8.881784197001E-16,0.));
#3523 = ORIENTED_EDGE('',*,*,#3524,.F.);
#3524 = EDGE_CURVE('',#3525,#3517,#3527,.T.);
#3525 = VERTEX_POINT('',#3526);
#3526 = CARTESIAN_POINT('',(0.9,1.3,0.15));
#3527 = LINE('',#3528,#3529);
#3528 = CARTESIAN_POINT('',(0.9,1.3,0.));
#3529 = VECTOR('',#3530,1.);
#3530 = DIRECTION('',(0.,0.,-1.));
#3531 = ORIENTED_EDGE('',*,*,#3532,.F.);
#3532 = EDGE_CURVE('',#3533,#3525,#3535,.T.);
#3533 = VERTEX_POINT('',#3534);
#3534 = CARTESIAN_POINT('',(-0.9,1.3,0.15));
#3535 = LINE('',#3536,#3537);
#3536 = CARTESIAN_POINT('',(-1.1,1.3,0.15));
#3537 = VECTOR('',#3538,1.);
#3538 = DIRECTION('',(1.,-8.881784197001E-16,0.));
#3539 = ORIENTED_EDGE('',*,*,#3540,.T.);
#3540 = EDGE_CURVE('',#3533,#3499,#3541,.T.);
#3541 = LINE('',#3542,#3543);
#3542 = CARTESIAN_POINT('',(-0.9,1.3,0.));
#3543 = VECTOR('',#3544,1.);
#3544 = DIRECTION('',(0.,0.,-1.));
#3545 = PLANE('',#3546);
#3546 = AXIS2_PLACEMENT_3D('',#3547,#3548,#3549);
#3547 = CARTESIAN_POINT('',(-1.3,1.3,0.));
#3548 = DIRECTION('',(8.881784197001E-16,1.,0.));
#3549 = DIRECTION('',(0.,-0.,1.));
#3550 = ADVANCED_FACE('',(#3551),#3570,.T.);
#3551 = FACE_BOUND('',#3552,.T.);
#3552 = EDGE_LOOP('',(#3553,#3561,#3562,#3563));
#3553 = ORIENTED_EDGE('',*,*,#3554,.T.);
#3554 = EDGE_CURVE('',#3555,#3224,#3557,.T.);
#3555 = VERTEX_POINT('',#3556);
#3556 = CARTESIAN_POINT('',(1.3,-1.,0.));
#3557 = LINE('',#3558,#3559);
#3558 = CARTESIAN_POINT('',(1.3,-1.,0.));
#3559 = VECTOR('',#3560,1.);
#3560 = DIRECTION('',(0.,0.,1.));
#3561 = ORIENTED_EDGE('',*,*,#3223,.T.);
#3562 = ORIENTED_EDGE('',*,*,#3452,.F.);
#3563 = ORIENTED_EDGE('',*,*,#3564,.F.);
#3564 = EDGE_CURVE('',#3555,#3453,#3565,.T.);
#3565 = CIRCLE('',#3566,0.3);
#3566 = AXIS2_PLACEMENT_3D('',#3567,#3568,#3569);
#3567 = CARTESIAN_POINT('',(1.,-1.,0.));
#3568 = DIRECTION('',(-0.,0.,-1.));
#3569 = DIRECTION('',(-8.881784197001E-16,-1.,0.));
#3570 = CYLINDRICAL_SURFACE('',#3571,0.3);
#3571 = AXIS2_PLACEMENT_3D('',#3572,#3573,#3574);
#3572 = CARTESIAN_POINT('',(1.,-1.,0.));
#3573 = DIRECTION('',(0.,0.,1.));
#3574 = DIRECTION('',(1.,-8.881784197001E-16,0.));
#3575 = ADVANCED_FACE('',(#3576),#3595,.T.);
#3576 = FACE_BOUND('',#3577,.T.);
#3577 = EDGE_LOOP('',(#3578,#3587,#3588,#3589));
#3578 = ORIENTED_EDGE('',*,*,#3579,.T.);
#3579 = EDGE_CURVE('',#3580,#3509,#3582,.T.);
#3580 = VERTEX_POINT('',#3581);
#3581 = CARTESIAN_POINT('',(1.3,1.,0.));
#3582 = CIRCLE('',#3583,0.3);
#3583 = AXIS2_PLACEMENT_3D('',#3584,#3585,#3586);
#3584 = CARTESIAN_POINT('',(1.,1.,0.));
#3585 = DIRECTION('',(0.,0.,1.));
#3586 = DIRECTION('',(-8.881784197001E-16,-1.,0.));
#3587 = ORIENTED_EDGE('',*,*,#3508,.T.);
#3588 = ORIENTED_EDGE('',*,*,#3264,.F.);
#3589 = ORIENTED_EDGE('',*,*,#3590,.F.);
#3590 = EDGE_CURVE('',#3580,#3257,#3591,.T.);
#3591 = LINE('',#3592,#3593);
#3592 = CARTESIAN_POINT('',(1.3,1.,0.));
#3593 = VECTOR('',#3594,1.);
#3594 = DIRECTION('',(0.,0.,1.));
#3595 = CYLINDRICAL_SURFACE('',#3596,0.3);
#3596 = AXIS2_PLACEMENT_3D('',#3597,#3598,#3599);
#3597 = CARTESIAN_POINT('',(1.,1.,0.));
#3598 = DIRECTION('',(0.,0.,1.));
#3599 = DIRECTION('',(1.,-8.881784197001E-16,0.));
#3600 = ADVANCED_FACE('',(#3601),#3635,.T.);
#3601 = FACE_BOUND('',#3602,.T.);
#3602 = EDGE_LOOP('',(#3603,#3604,#3605,#3611,#3612,#3613,#3621,#3629));
#3603 = ORIENTED_EDGE('',*,*,#3232,.F.);
#3604 = ORIENTED_EDGE('',*,*,#3554,.F.);
#3605 = ORIENTED_EDGE('',*,*,#3606,.T.);
#3606 = EDGE_CURVE('',#3555,#3580,#3607,.T.);
#3607 = LINE('',#3608,#3609);
#3608 = CARTESIAN_POINT('',(1.3,-1.3,0.));
#3609 = VECTOR('',#3610,1.);
#3610 = DIRECTION('',(8.881784197001E-16,1.,0.));
#3611 = ORIENTED_EDGE('',*,*,#3590,.T.);
#3612 = ORIENTED_EDGE('',*,*,#3256,.F.);
#3613 = ORIENTED_EDGE('',*,*,#3614,.F.);
#3614 = EDGE_CURVE('',#3615,#3249,#3617,.T.);
#3615 = VERTEX_POINT('',#3616);
#3616 = CARTESIAN_POINT('',(1.3,0.3,0.2));
#3617 = LINE('',#3618,#3619);
#3618 = CARTESIAN_POINT('',(1.3,0.3,0.1));
#3619 = VECTOR('',#3620,1.);
#3620 = DIRECTION('',(0.,0.,1.));
#3621 = ORIENTED_EDGE('',*,*,#3622,.T.);
#3622 = EDGE_CURVE('',#3615,#3623,#3625,.T.);
#3623 = VERTEX_POINT('',#3624);
#3624 = CARTESIAN_POINT('',(1.3,-0.3,0.2));
#3625 = LINE('',#3626,#3627);
#3626 = CARTESIAN_POINT('',(1.3,-0.8,0.2));
#3627 = VECTOR('',#3628,1.);
#3628 = DIRECTION('',(-8.881784197001E-16,-1.,0.));
#3629 = ORIENTED_EDGE('',*,*,#3630,.T.);
#3630 = EDGE_CURVE('',#3623,#3233,#3631,.T.);
#3631 = LINE('',#3632,#3633);
#3632 = CARTESIAN_POINT('',(1.3,-0.3,0.1));
#3633 = VECTOR('',#3634,1.);
#3634 = DIRECTION('',(0.,0.,1.));
#3635 = PLANE('',#3636);
#3636 = AXIS2_PLACEMENT_3D('',#3637,#3638,#3639);
#3637 = CARTESIAN_POINT('',(1.3,-1.3,0.));
#3638 = DIRECTION('',(1.,-8.881784197001E-16,0.));
#3639 = DIRECTION('',(0.,0.,1.));
#3640 = ADVANCED_FACE('',(#3641),#3659,.T.);
#3641 = FACE_BOUND('',#3642,.T.);
#3642 = EDGE_LOOP('',(#3643,#3651,#3652,#3653));
#3643 = ORIENTED_EDGE('',*,*,#3644,.F.);
#3644 = EDGE_CURVE('',#3615,#3645,#3647,.T.);
#3645 = VERTEX_POINT('',#3646);
#3646 = CARTESIAN_POINT('',(1.55,0.3,0.2));
#3647 = LINE('',#3648,#3649);
#3648 = CARTESIAN_POINT('',(0.95,0.3,0.2));
#3649 = VECTOR('',#3650,1.);
#3650 = DIRECTION('',(1.,-8.881784197001E-16,0.));
#3651 = ORIENTED_EDGE('',*,*,#3614,.T.);
#3652 = ORIENTED_EDGE('',*,*,#3315,.T.);
#3653 = ORIENTED_EDGE('',*,*,#3654,.F.);
#3654 = EDGE_CURVE('',#3645,#3308,#3655,.T.);
#3655 = LINE('',#3656,#3657);
#3656 = CARTESIAN_POINT('',(1.55,0.3,0.2));
#3657 = VECTOR('',#3658,1.);
#3658 = DIRECTION('',(0.,0.,1.));
#3659 = PLANE('',#3660);
#3660 = AXIS2_PLACEMENT_3D('',#3661,#3662,#3663);
#3661 = CARTESIAN_POINT('',(0.95,0.3,0.2));
#3662 = DIRECTION('',(8.881784197001E-16,1.,0.));
#3663 = DIRECTION('',(0.,-0.,1.));
#3664 = ADVANCED_FACE('',(#3665),#3683,.T.);
#3665 = FACE_BOUND('',#3666,.T.);
#3666 = EDGE_LOOP('',(#3667,#3675,#3681,#3682));
#3667 = ORIENTED_EDGE('',*,*,#3668,.F.);
#3668 = EDGE_CURVE('',#3669,#3300,#3671,.T.);
#3669 = VERTEX_POINT('',#3670);
#3670 = CARTESIAN_POINT('',(1.55,-0.3,0.2));
#3671 = LINE('',#3672,#3673);
#3672 = CARTESIAN_POINT('',(1.55,-0.3,0.2));
#3673 = VECTOR('',#3674,1.);
#3674 = DIRECTION('',(0.,0.,1.));
#3675 = ORIENTED_EDGE('',*,*,#3676,.T.);
#3676 = EDGE_CURVE('',#3669,#3645,#3677,.T.);
#3677 = LINE('',#3678,#3679);
#3678 = CARTESIAN_POINT('',(1.55,-0.3,0.2));
#3679 = VECTOR('',#3680,1.);
#3680 = DIRECTION('',(8.881784197001E-16,1.,0.));
#3681 = ORIENTED_EDGE('',*,*,#3654,.T.);
#3682 = ORIENTED_EDGE('',*,*,#3307,.F.);
#3683 = PLANE('',#3684);
#3684 = AXIS2_PLACEMENT_3D('',#3685,#3686,#3687);
#3685 = CARTESIAN_POINT('',(1.55,-0.3,0.2));
#3686 = DIRECTION('',(1.,-8.881784197001E-16,0.));
#3687 = DIRECTION('',(0.,0.,1.));
#3688 = ADVANCED_FACE('',(#3689),#3700,.F.);
#3689 = FACE_BOUND('',#3690,.F.);
#3690 = EDGE_LOOP('',(#3691,#3697,#3698,#3699));
#3691 = ORIENTED_EDGE('',*,*,#3692,.F.);
#3692 = EDGE_CURVE('',#3623,#3669,#3693,.T.);
#3693 = LINE('',#3694,#3695);
#3694 = CARTESIAN_POINT('',(0.95,-0.3,0.2));
#3695 = VECTOR('',#3696,1.);
#3696 = DIRECTION('',(1.,-8.881784197001E-16,0.));
#3697 = ORIENTED_EDGE('',*,*,#3630,.T.);
#3698 = ORIENTED_EDGE('',*,*,#3299,.T.);
#3699 = ORIENTED_EDGE('',*,*,#3668,.F.);
#3700 = PLANE('',#3701);
#3701 = AXIS2_PLACEMENT_3D('',#3702,#3703,#3704);
#3702 = CARTESIAN_POINT('',(0.95,-0.3,0.2));
#3703 = DIRECTION('',(8.881784197001E-16,1.,0.));
#3704 = DIRECTION('',(0.,-0.,1.));
#3705 = ADVANCED_FACE('',(#3706),#3795,.F.);
#3706 = FACE_BOUND('',#3707,.F.);
#3707 = EDGE_LOOP('',(#3708,#3709,#3710,#3711,#3719,#3727,#3733,#3734,
    #3735,#3736,#3737,#3738,#3746,#3754,#3760,#3761,#3762,#3763,#3771,
    #3780,#3789));
#3708 = ORIENTED_EDGE('',*,*,#3338,.F.);
#3709 = ORIENTED_EDGE('',*,*,#3392,.T.);
#3710 = ORIENTED_EDGE('',*,*,#3442,.T.);
#3711 = ORIENTED_EDGE('',*,*,#3712,.T.);
#3712 = EDGE_CURVE('',#3443,#3713,#3715,.T.);
#3713 = VERTEX_POINT('',#3714);
#3714 = CARTESIAN_POINT('',(-0.9,-1.1,0.));
#3715 = LINE('',#3716,#3717);
#3716 = CARTESIAN_POINT('',(-0.9,-1.5,0.));
#3717 = VECTOR('',#3718,1.);
#3718 = DIRECTION('',(8.881784197001E-16,1.,0.));
#3719 = ORIENTED_EDGE('',*,*,#3720,.T.);
#3720 = EDGE_CURVE('',#3713,#3721,#3723,.T.);
#3721 = VERTEX_POINT('',#3722);
#3722 = CARTESIAN_POINT('',(0.9,-1.1,0.));
#3723 = LINE('',#3724,#3725);
#3724 = CARTESIAN_POINT('',(-0.9,-1.1,0.));
#3725 = VECTOR('',#3726,1.);
#3726 = DIRECTION('',(1.,-8.881784197001E-16,0.));
#3727 = ORIENTED_EDGE('',*,*,#3728,.F.);
#3728 = EDGE_CURVE('',#3461,#3721,#3729,.T.);
#3729 = LINE('',#3730,#3731);
#3730 = CARTESIAN_POINT('',(0.9,-1.5,0.));
#3731 = VECTOR('',#3732,1.);
#3732 = DIRECTION('',(8.881784197001E-16,1.,0.));
#3733 = ORIENTED_EDGE('',*,*,#3460,.T.);
#3734 = ORIENTED_EDGE('',*,*,#3564,.F.);
#3735 = ORIENTED_EDGE('',*,*,#3606,.T.);
#3736 = ORIENTED_EDGE('',*,*,#3579,.T.);
#3737 = ORIENTED_EDGE('',*,*,#3516,.F.);
#3738 = ORIENTED_EDGE('',*,*,#3739,.F.);
#3739 = EDGE_CURVE('',#3740,#3517,#3742,.T.);
#3740 = VERTEX_POINT('',#3741);
#3741 = CARTESIAN_POINT('',(0.9,1.1,0.));
#3742 = LINE('',#3743,#3744);
#3743 = CARTESIAN_POINT('',(0.9,1.1,0.));
#3744 = VECTOR('',#3745,1.);
#3745 = DIRECTION('',(8.881784197001E-16,1.,0.));
#3746 = ORIENTED_EDGE('',*,*,#3747,.F.);
#3747 = EDGE_CURVE('',#3748,#3740,#3750,.T.);
#3748 = VERTEX_POINT('',#3749);
#3749 = CARTESIAN_POINT('',(-0.9,1.1,0.));
#3750 = LINE('',#3751,#3752);
#3751 = CARTESIAN_POINT('',(-0.9,1.1,0.));
#3752 = VECTOR('',#3753,1.);
#3753 = DIRECTION('',(1.,-8.881784197001E-16,0.));
#3754 = ORIENTED_EDGE('',*,*,#3755,.T.);
#3755 = EDGE_CURVE('',#3748,#3499,#3756,.T.);
#3756 = LINE('',#3757,#3758);
#3757 = CARTESIAN_POINT('',(-0.9,1.1,0.));
#3758 = VECTOR('',#3759,1.);
#3759 = DIRECTION('',(8.881784197001E-16,1.,0.));
#3760 = ORIENTED_EDGE('',*,*,#3498,.F.);
#3761 = ORIENTED_EDGE('',*,*,#3427,.F.);
#3762 = ORIENTED_EDGE('',*,*,#3370,.F.);
#3763 = ORIENTED_EDGE('',*,*,#3764,.T.);
#3764 = EDGE_CURVE('',#3363,#3765,#3767,.T.);
#3765 = VERTEX_POINT('',#3766);
#3766 = CARTESIAN_POINT('',(-0.264575131106,0.3,0.));
#3767 = LINE('',#3768,#3769);
#3768 = CARTESIAN_POINT('',(-1.55,0.3,0.));
#3769 = VECTOR('',#3770,1.);
#3770 = DIRECTION('',(1.,-8.881784197001E-16,0.));
#3771 = ORIENTED_EDGE('',*,*,#3772,.F.);
#3772 = EDGE_CURVE('',#3773,#3765,#3775,.T.);
#3773 = VERTEX_POINT('',#3774);
#3774 = CARTESIAN_POINT('',(0.4,8.881784197001E-17,0.));
#3775 = CIRCLE('',#3776,0.4);
#3776 = AXIS2_PLACEMENT_3D('',#3777,#3778,#3779);
#3777 = CARTESIAN_POINT('',(0.,4.440892098501E-16,0.));
#3778 = DIRECTION('',(-0.,0.,1.));
#3779 = DIRECTION('',(1.,-8.881784197001E-16,0.));
#3780 = ORIENTED_EDGE('',*,*,#3781,.F.);
#3781 = EDGE_CURVE('',#3782,#3773,#3784,.T.);
#3782 = VERTEX_POINT('',#3783);
#3783 = CARTESIAN_POINT('',(-0.264575131106,-0.3,0.));
#3784 = CIRCLE('',#3785,0.4);
#3785 = AXIS2_PLACEMENT_3D('',#3786,#3787,#3788);
#3786 = CARTESIAN_POINT('',(0.,4.440892098501E-16,0.));
#3787 = DIRECTION('',(-0.,0.,1.));
#3788 = DIRECTION('',(1.,-8.881784197001E-16,0.));
#3789 = ORIENTED_EDGE('',*,*,#3790,.F.);
#3790 = EDGE_CURVE('',#3339,#3782,#3791,.T.);
#3791 = LINE('',#3792,#3793);
#3792 = CARTESIAN_POINT('',(-1.55,-0.3,0.));
#3793 = VECTOR('',#3794,1.);
#3794 = DIRECTION('',(1.,-8.881784197001E-16,0.));
#3795 = PLANE('',#3796);
#3796 = AXIS2_PLACEMENT_3D('',#3797,#3798,#3799);
#3797 = CARTESIAN_POINT('',(-1.3,-1.3,0.));
#3798 = DIRECTION('',(0.,0.,1.));
#3799 = DIRECTION('',(1.,-8.881784197001E-16,0.));
#3800 = ADVANCED_FACE('',(#3801),#3826,.T.);
#3801 = FACE_BOUND('',#3802,.T.);
#3802 = EDGE_LOOP('',(#3803,#3811,#3819,#3825));
#3803 = ORIENTED_EDGE('',*,*,#3804,.F.);
#3804 = EDGE_CURVE('',#3805,#3363,#3807,.T.);
#3805 = VERTEX_POINT('',#3806);
#3806 = CARTESIAN_POINT('',(-1.55,0.3,0.));
#3807 = LINE('',#3808,#3809);
#3808 = CARTESIAN_POINT('',(-1.55,0.3,0.));
#3809 = VECTOR('',#3810,1.);
#3810 = DIRECTION('',(1.,-8.881784197001E-16,0.));
#3811 = ORIENTED_EDGE('',*,*,#3812,.T.);
#3812 = EDGE_CURVE('',#3805,#3813,#3815,.T.);
#3813 = VERTEX_POINT('',#3814);
#3814 = CARTESIAN_POINT('',(-1.55,0.3,0.15));
#3815 = LINE('',#3816,#3817);
#3816 = CARTESIAN_POINT('',(-1.55,0.3,0.));
#3817 = VECTOR('',#3818,1.);
#3818 = DIRECTION('',(0.,0.,1.));
#3819 = ORIENTED_EDGE('',*,*,#3820,.T.);
#3820 = EDGE_CURVE('',#3813,#3355,#3821,.T.);
#3821 = LINE('',#3822,#3823);
#3822 = CARTESIAN_POINT('',(-1.55,0.3,0.15));
#3823 = VECTOR('',#3824,1.);
#3824 = DIRECTION('',(1.,-8.881784197001E-16,0.));
#3825 = ORIENTED_EDGE('',*,*,#3362,.T.);
#3826 = PLANE('',#3827);
#3827 = AXIS2_PLACEMENT_3D('',#3828,#3829,#3830);
#3828 = CARTESIAN_POINT('',(-1.55,0.3,0.));
#3829 = DIRECTION('',(8.881784197001E-16,1.,0.));
#3830 = DIRECTION('',(0.,-0.,1.));
#3831 = ADVANCED_FACE('',(#3832),#3850,.T.);
#3832 = FACE_BOUND('',#3833,.T.);
#3833 = EDGE_LOOP('',(#3834,#3835,#3843,#3849));
#3834 = ORIENTED_EDGE('',*,*,#3820,.F.);
#3835 = ORIENTED_EDGE('',*,*,#3836,.F.);
#3836 = EDGE_CURVE('',#3837,#3813,#3839,.T.);
#3837 = VERTEX_POINT('',#3838);
#3838 = CARTESIAN_POINT('',(-1.55,-0.3,0.15));
#3839 = LINE('',#3840,#3841);
#3840 = CARTESIAN_POINT('',(-1.55,-0.3,0.15));
#3841 = VECTOR('',#3842,1.);
#3842 = DIRECTION('',(8.881784197001E-16,1.,0.));
#3843 = ORIENTED_EDGE('',*,*,#3844,.T.);
#3844 = EDGE_CURVE('',#3837,#3347,#3845,.T.);
#3845 = LINE('',#3846,#3847);
#3846 = CARTESIAN_POINT('',(-1.55,-0.3,0.15));
#3847 = VECTOR('',#3848,1.);
#3848 = DIRECTION('',(1.,-8.881784197001E-16,0.));
#3849 = ORIENTED_EDGE('',*,*,#3354,.T.);
#3850 = PLANE('',#3851);
#3851 = AXIS2_PLACEMENT_3D('',#3852,#3853,#3854);
#3852 = CARTESIAN_POINT('',(-1.55,-0.3,0.15));
#3853 = DIRECTION('',(0.,0.,1.));
#3854 = DIRECTION('',(1.,-8.881784197001E-16,0.));
#3855 = ADVANCED_FACE('',(#3856),#3874,.F.);
#3856 = FACE_BOUND('',#3857,.F.);
#3857 = EDGE_LOOP('',(#3858,#3866,#3872,#3873));
#3858 = ORIENTED_EDGE('',*,*,#3859,.F.);
#3859 = EDGE_CURVE('',#3860,#3339,#3862,.T.);
#3860 = VERTEX_POINT('',#3861);
#3861 = CARTESIAN_POINT('',(-1.55,-0.3,0.));
#3862 = LINE('',#3863,#3864);
#3863 = CARTESIAN_POINT('',(-1.55,-0.3,0.));
#3864 = VECTOR('',#3865,1.);
#3865 = DIRECTION('',(1.,-8.881784197001E-16,0.));
#3866 = ORIENTED_EDGE('',*,*,#3867,.T.);
#3867 = EDGE_CURVE('',#3860,#3837,#3868,.T.);
#3868 = LINE('',#3869,#3870);
#3869 = CARTESIAN_POINT('',(-1.55,-0.3,0.));
#3870 = VECTOR('',#3871,1.);
#3871 = DIRECTION('',(0.,0.,1.));
#3872 = ORIENTED_EDGE('',*,*,#3844,.T.);
#3873 = ORIENTED_EDGE('',*,*,#3346,.T.);
#3874 = PLANE('',#3875);
#3875 = AXIS2_PLACEMENT_3D('',#3876,#3877,#3878);
#3876 = CARTESIAN_POINT('',(-1.55,-0.3,0.));
#3877 = DIRECTION('',(8.881784197001E-16,1.,0.));
#3878 = DIRECTION('',(0.,-0.,1.));
#3879 = ADVANCED_FACE('',(#3880),#3905,.F.);
#3880 = FACE_BOUND('',#3881,.F.);
#3881 = EDGE_LOOP('',(#3882,#3890,#3898,#3904));
#3882 = ORIENTED_EDGE('',*,*,#3883,.F.);
#3883 = EDGE_CURVE('',#3884,#3477,#3886,.T.);
#3884 = VERTEX_POINT('',#3885);
#3885 = CARTESIAN_POINT('',(-0.9,-1.5,0.15));
#3886 = LINE('',#3887,#3888);
#3887 = CARTESIAN_POINT('',(-0.9,-1.5,0.15));
#3888 = VECTOR('',#3889,1.);
#3889 = DIRECTION('',(8.881784197001E-16,1.,0.));
#3890 = ORIENTED_EDGE('',*,*,#3891,.F.);
#3891 = EDGE_CURVE('',#3892,#3884,#3894,.T.);
#3892 = VERTEX_POINT('',#3893);
#3893 = CARTESIAN_POINT('',(-0.9,-1.5,0.));
#3894 = LINE('',#3895,#3896);
#3895 = CARTESIAN_POINT('',(-0.9,-1.5,0.));
#3896 = VECTOR('',#3897,1.);
#3897 = DIRECTION('',(0.,0.,1.));
#3898 = ORIENTED_EDGE('',*,*,#3899,.T.);
#3899 = EDGE_CURVE('',#3892,#3443,#3900,.T.);
#3900 = LINE('',#3901,#3902);
#3901 = CARTESIAN_POINT('',(-0.9,-1.5,0.));
#3902 = VECTOR('',#3903,1.);
#3903 = DIRECTION('',(8.881784197001E-16,1.,0.));
#3904 = ORIENTED_EDGE('',*,*,#3484,.F.);
#3905 = PLANE('',#3906);
#3906 = AXIS2_PLACEMENT_3D('',#3907,#3908,#3909);
#3907 = CARTESIAN_POINT('',(-0.9,-1.5,0.));
#3908 = DIRECTION('',(1.,-8.881784197001E-16,0.));
#3909 = DIRECTION('',(0.,0.,1.));
#3910 = ADVANCED_FACE('',(#3911),#3929,.T.);
#3911 = FACE_BOUND('',#3912,.T.);
#3912 = EDGE_LOOP('',(#3913,#3914,#3922,#3928));
#3913 = ORIENTED_EDGE('',*,*,#3883,.F.);
#3914 = ORIENTED_EDGE('',*,*,#3915,.T.);
#3915 = EDGE_CURVE('',#3884,#3916,#3918,.T.);
#3916 = VERTEX_POINT('',#3917);
#3917 = CARTESIAN_POINT('',(0.9,-1.5,0.15));
#3918 = LINE('',#3919,#3920);
#3919 = CARTESIAN_POINT('',(-0.9,-1.5,0.15));
#3920 = VECTOR('',#3921,1.);
#3921 = DIRECTION('',(1.,-8.881784197001E-16,0.));
#3922 = ORIENTED_EDGE('',*,*,#3923,.T.);
#3923 = EDGE_CURVE('',#3916,#3469,#3924,.T.);
#3924 = LINE('',#3925,#3926);
#3925 = CARTESIAN_POINT('',(0.9,-1.5,0.15));
#3926 = VECTOR('',#3927,1.);
#3927 = DIRECTION('',(8.881784197001E-16,1.,0.));
#3928 = ORIENTED_EDGE('',*,*,#3476,.F.);
#3929 = PLANE('',#3930);
#3930 = AXIS2_PLACEMENT_3D('',#3931,#3932,#3933);
#3931 = CARTESIAN_POINT('',(-0.9,-1.5,0.15));
#3932 = DIRECTION('',(0.,0.,1.));
#3933 = DIRECTION('',(1.,-8.881784197001E-16,0.));
#3934 = ADVANCED_FACE('',(#3935),#3953,.T.);
#3935 = FACE_BOUND('',#3936,.T.);
#3936 = EDGE_LOOP('',(#3937,#3938,#3946,#3952));
#3937 = ORIENTED_EDGE('',*,*,#3923,.F.);
#3938 = ORIENTED_EDGE('',*,*,#3939,.F.);
#3939 = EDGE_CURVE('',#3940,#3916,#3942,.T.);
#3940 = VERTEX_POINT('',#3941);
#3941 = CARTESIAN_POINT('',(0.9,-1.5,0.));
#3942 = LINE('',#3943,#3944);
#3943 = CARTESIAN_POINT('',(0.9,-1.5,0.));
#3944 = VECTOR('',#3945,1.);
#3945 = DIRECTION('',(0.,0.,1.));
#3946 = ORIENTED_EDGE('',*,*,#3947,.T.);
#3947 = EDGE_CURVE('',#3940,#3461,#3948,.T.);
#3948 = LINE('',#3949,#3950);
#3949 = CARTESIAN_POINT('',(0.9,-1.5,0.));
#3950 = VECTOR('',#3951,1.);
#3951 = DIRECTION('',(8.881784197001E-16,1.,0.));
#3952 = ORIENTED_EDGE('',*,*,#3468,.F.);
#3953 = PLANE('',#3954);
#3954 = AXIS2_PLACEMENT_3D('',#3955,#3956,#3957);
#3955 = CARTESIAN_POINT('',(0.9,-1.5,0.));
#3956 = DIRECTION('',(1.,-8.881784197001E-16,0.));
#3957 = DIRECTION('',(0.,0.,1.));
#3958 = ADVANCED_FACE('',(#3959),#3984,.F.);
#3959 = FACE_BOUND('',#3960,.F.);
#3960 = EDGE_LOOP('',(#3961,#3962,#3970,#3978));
#3961 = ORIENTED_EDGE('',*,*,#3540,.T.);
#3962 = ORIENTED_EDGE('',*,*,#3963,.T.);
#3963 = EDGE_CURVE('',#3499,#3964,#3966,.T.);
#3964 = VERTEX_POINT('',#3965);
#3965 = CARTESIAN_POINT('',(-0.9,1.5,0.));
#3966 = LINE('',#3967,#3968);
#3967 = CARTESIAN_POINT('',(-0.9,1.1,0.));
#3968 = VECTOR('',#3969,1.);
#3969 = DIRECTION('',(8.881784197001E-16,1.,0.));
#3970 = ORIENTED_EDGE('',*,*,#3971,.T.);
#3971 = EDGE_CURVE('',#3964,#3972,#3974,.T.);
#3972 = VERTEX_POINT('',#3973);
#3973 = CARTESIAN_POINT('',(-0.9,1.5,0.15));
#3974 = LINE('',#3975,#3976);
#3975 = CARTESIAN_POINT('',(-0.9,1.5,0.));
#3976 = VECTOR('',#3977,1.);
#3977 = DIRECTION('',(0.,0.,1.));
#3978 = ORIENTED_EDGE('',*,*,#3979,.F.);
#3979 = EDGE_CURVE('',#3533,#3972,#3980,.T.);
#3980 = LINE('',#3981,#3982);
#3981 = CARTESIAN_POINT('',(-0.9,1.1,0.15));
#3982 = VECTOR('',#3983,1.);
#3983 = DIRECTION('',(8.881784197001E-16,1.,0.));
#3984 = PLANE('',#3985);
#3985 = AXIS2_PLACEMENT_3D('',#3986,#3987,#3988);
#3986 = CARTESIAN_POINT('',(-0.9,1.1,0.));
#3987 = DIRECTION('',(1.,-8.881784197001E-16,0.));
#3988 = DIRECTION('',(0.,0.,1.));
#3989 = ADVANCED_FACE('',(#3990),#4008,.T.);
#3990 = FACE_BOUND('',#3991,.T.);
#3991 = EDGE_LOOP('',(#3992,#3993,#3994,#4002));
#3992 = ORIENTED_EDGE('',*,*,#3979,.F.);
#3993 = ORIENTED_EDGE('',*,*,#3532,.T.);
#3994 = ORIENTED_EDGE('',*,*,#3995,.T.);
#3995 = EDGE_CURVE('',#3525,#3996,#3998,.T.);
#3996 = VERTEX_POINT('',#3997);
#3997 = CARTESIAN_POINT('',(0.9,1.5,0.15));
#3998 = LINE('',#3999,#4000);
#3999 = CARTESIAN_POINT('',(0.9,1.1,0.15));
#4000 = VECTOR('',#4001,1.);
#4001 = DIRECTION('',(8.881784197001E-16,1.,0.));
#4002 = ORIENTED_EDGE('',*,*,#4003,.F.);
#4003 = EDGE_CURVE('',#3972,#3996,#4004,.T.);
#4004 = LINE('',#4005,#4006);
#4005 = CARTESIAN_POINT('',(-0.9,1.5,0.15));
#4006 = VECTOR('',#4007,1.);
#4007 = DIRECTION('',(1.,-8.881784197001E-16,0.));
#4008 = PLANE('',#4009);
#4009 = AXIS2_PLACEMENT_3D('',#4010,#4011,#4012);
#4010 = CARTESIAN_POINT('',(-0.9,1.1,0.15));
#4011 = DIRECTION('',(0.,0.,1.));
#4012 = DIRECTION('',(1.,-8.881784197001E-16,0.));
#4013 = ADVANCED_FACE('',(#4014),#4032,.T.);
#4014 = FACE_BOUND('',#4015,.T.);
#4015 = EDGE_LOOP('',(#4016,#4017,#4025,#4031));
#4016 = ORIENTED_EDGE('',*,*,#3524,.T.);
#4017 = ORIENTED_EDGE('',*,*,#4018,.T.);
#4018 = EDGE_CURVE('',#3517,#4019,#4021,.T.);
#4019 = VERTEX_POINT('',#4020);
#4020 = CARTESIAN_POINT('',(0.9,1.5,0.));
#4021 = LINE('',#4022,#4023);
#4022 = CARTESIAN_POINT('',(0.9,1.1,0.));
#4023 = VECTOR('',#4024,1.);
#4024 = DIRECTION('',(8.881784197001E-16,1.,0.));
#4025 = ORIENTED_EDGE('',*,*,#4026,.T.);
#4026 = EDGE_CURVE('',#4019,#3996,#4027,.T.);
#4027 = LINE('',#4028,#4029);
#4028 = CARTESIAN_POINT('',(0.9,1.5,0.));
#4029 = VECTOR('',#4030,1.);
#4030 = DIRECTION('',(0.,0.,1.));
#4031 = ORIENTED_EDGE('',*,*,#3995,.F.);
#4032 = PLANE('',#4033);
#4033 = AXIS2_PLACEMENT_3D('',#4034,#4035,#4036);
#4034 = CARTESIAN_POINT('',(0.9,1.1,0.));
#4035 = DIRECTION('',(1.,-8.881784197001E-16,0.));
#4036 = DIRECTION('',(0.,0.,1.));
#4037 = ADVANCED_FACE('',(#4038),#4044,.F.);
#4038 = FACE_BOUND('',#4039,.F.);
#4039 = EDGE_LOOP('',(#4040,#4041,#4042,#4043));
#4040 = ORIENTED_EDGE('',*,*,#3622,.T.);
#4041 = ORIENTED_EDGE('',*,*,#3692,.T.);
#4042 = ORIENTED_EDGE('',*,*,#3676,.T.);
#4043 = ORIENTED_EDGE('',*,*,#3644,.F.);
#4044 = PLANE('',#4045);
#4045 = AXIS2_PLACEMENT_3D('',#4046,#4047,#4048);
#4046 = CARTESIAN_POINT('',(0.95,-0.3,0.2));
#4047 = DIRECTION('',(0.,0.,1.));
#4048 = DIRECTION('',(1.,-8.881784197001E-16,0.));
#4049 = ADVANCED_FACE('',(#4050),#4067,.F.);
#4050 = FACE_BOUND('',#4051,.F.);
#4051 = EDGE_LOOP('',(#4052,#4053,#4059,#4060));
#4052 = ORIENTED_EDGE('',*,*,#3764,.F.);
#4053 = ORIENTED_EDGE('',*,*,#4054,.F.);
#4054 = EDGE_CURVE('',#3339,#3363,#4055,.T.);
#4055 = LINE('',#4056,#4057);
#4056 = CARTESIAN_POINT('',(-1.3,-1.3,0.));
#4057 = VECTOR('',#4058,1.);
#4058 = DIRECTION('',(8.881784197001E-16,1.,0.));
#4059 = ORIENTED_EDGE('',*,*,#3790,.T.);
#4060 = ORIENTED_EDGE('',*,*,#4061,.F.);
#4061 = EDGE_CURVE('',#3765,#3782,#4062,.T.);
#4062 = CIRCLE('',#4063,0.4);
#4063 = AXIS2_PLACEMENT_3D('',#4064,#4065,#4066);
#4064 = CARTESIAN_POINT('',(0.,4.440892098501E-16,0.));
#4065 = DIRECTION('',(-0.,0.,1.));
#4066 = DIRECTION('',(1.,-8.881784197001E-16,0.));
#4067 = PLANE('',#4068);
#4068 = AXIS2_PLACEMENT_3D('',#4069,#4070,#4071);
#4069 = CARTESIAN_POINT('',(-1.55,-0.3,0.));
#4070 = DIRECTION('',(0.,0.,1.));
#4071 = DIRECTION('',(1.,-8.881784197001E-16,0.));
#4072 = ADVANCED_FACE('',(#4073),#4125,.F.);
#4073 = FACE_BOUND('',#4074,.F.);
#4074 = EDGE_LOOP('',(#4075,#4076,#4077,#4085,#4093,#4102,#4111,#4119));
#4075 = ORIENTED_EDGE('',*,*,#3781,.T.);
#4076 = ORIENTED_EDGE('',*,*,#3772,.T.);
#4077 = ORIENTED_EDGE('',*,*,#4078,.T.);
#4078 = EDGE_CURVE('',#3765,#4079,#4081,.T.);
#4079 = VERTEX_POINT('',#4080);
#4080 = CARTESIAN_POINT('',(2.6645352591E-16,0.3,0.));
#4081 = LINE('',#4082,#4083);
#4082 = CARTESIAN_POINT('',(-1.55,0.3,0.));
#4083 = VECTOR('',#4084,1.);
#4084 = DIRECTION('',(1.,-8.881784197001E-16,0.));
#4085 = ORIENTED_EDGE('',*,*,#4086,.F.);
#4086 = EDGE_CURVE('',#4087,#4079,#4089,.T.);
#4087 = VERTEX_POINT('',#4088);
#4088 = CARTESIAN_POINT('',(-8.2236431606E-16,0.2,0.));
#4089 = LINE('',#4090,#4091);
#4090 = CARTESIAN_POINT('',(-2.22044604925E-16,-0.3,0.));
#4091 = VECTOR('',#4092,1.);
#4092 = DIRECTION('',(8.881784197001E-16,1.,0.));
#4093 = ORIENTED_EDGE('',*,*,#4094,.F.);
#4094 = EDGE_CURVE('',#4095,#4087,#4097,.T.);
#4095 = VERTEX_POINT('',#4096);
#4096 = CARTESIAN_POINT('',(0.2,2.6645352591E-16,0.));
#4097 = CIRCLE('',#4098,0.2);
#4098 = AXIS2_PLACEMENT_3D('',#4099,#4100,#4101);
#4099 = CARTESIAN_POINT('',(0.,4.440892098501E-16,0.));
#4100 = DIRECTION('',(-0.,0.,1.));
#4101 = DIRECTION('',(1.,-8.881784197001E-16,0.));
#4102 = ORIENTED_EDGE('',*,*,#4103,.F.);
#4103 = EDGE_CURVE('',#4104,#4095,#4106,.T.);
#4104 = VERTEX_POINT('',#4105);
#4105 = CARTESIAN_POINT('',(-1.17763568394E-15,-0.2,0.));
#4106 = CIRCLE('',#4107,0.2);
#4107 = AXIS2_PLACEMENT_3D('',#4108,#4109,#4110);
#4108 = CARTESIAN_POINT('',(0.,4.440892098501E-16,0.));
#4109 = DIRECTION('',(-0.,0.,1.));
#4110 = DIRECTION('',(1.,-8.881784197001E-16,0.));
#4111 = ORIENTED_EDGE('',*,*,#4112,.F.);
#4112 = EDGE_CURVE('',#4113,#4104,#4115,.T.);
#4113 = VERTEX_POINT('',#4114);
#4114 = CARTESIAN_POINT('',(-2.6645352591E-16,-0.3,0.));
#4115 = LINE('',#4116,#4117);
#4116 = CARTESIAN_POINT('',(-2.22044604925E-16,-0.3,0.));
#4117 = VECTOR('',#4118,1.);
#4118 = DIRECTION('',(8.881784197001E-16,1.,0.));
#4119 = ORIENTED_EDGE('',*,*,#4120,.F.);
#4120 = EDGE_CURVE('',#3782,#4113,#4121,.T.);
#4121 = LINE('',#4122,#4123);
#4122 = CARTESIAN_POINT('',(-1.55,-0.3,0.));
#4123 = VECTOR('',#4124,1.);
#4124 = DIRECTION('',(1.,-8.881784197001E-16,0.));
#4125 = PLANE('',#4126);
#4126 = AXIS2_PLACEMENT_3D('',#4127,#4128,#4129);
#4127 = CARTESIAN_POINT('',(0.,4.440892098501E-16,0.));
#4128 = DIRECTION('',(0.,0.,1.));
#4129 = DIRECTION('',(1.,-8.881784197001E-16,0.));
#4130 = ADVANCED_FACE('',(#4131),#4144,.F.);
#4131 = FACE_BOUND('',#4132,.F.);
#4132 = EDGE_LOOP('',(#4133,#4134,#4135,#4136,#4137,#4143));
#4133 = ORIENTED_EDGE('',*,*,#3755,.F.);
#4134 = ORIENTED_EDGE('',*,*,#3747,.T.);
#4135 = ORIENTED_EDGE('',*,*,#3739,.T.);
#4136 = ORIENTED_EDGE('',*,*,#4018,.T.);
#4137 = ORIENTED_EDGE('',*,*,#4138,.F.);
#4138 = EDGE_CURVE('',#3964,#4019,#4139,.T.);
#4139 = LINE('',#4140,#4141);
#4140 = CARTESIAN_POINT('',(-0.9,1.5,0.));
#4141 = VECTOR('',#4142,1.);
#4142 = DIRECTION('',(1.,-8.881784197001E-16,0.));
#4143 = ORIENTED_EDGE('',*,*,#3963,.F.);
#4144 = PLANE('',#4145);
#4145 = AXIS2_PLACEMENT_3D('',#4146,#4147,#4148);
#4146 = CARTESIAN_POINT('',(-0.9,1.1,0.));
#4147 = DIRECTION('',(0.,0.,1.));
#4148 = DIRECTION('',(1.,-8.881784197001E-16,0.));
#4149 = ADVANCED_FACE('',(#4150),#4163,.F.);
#4150 = FACE_BOUND('',#4151,.F.);
#4151 = EDGE_LOOP('',(#4152,#4153,#4159,#4160,#4161,#4162));
#4152 = ORIENTED_EDGE('',*,*,#3899,.F.);
#4153 = ORIENTED_EDGE('',*,*,#4154,.T.);
#4154 = EDGE_CURVE('',#3892,#3940,#4155,.T.);
#4155 = LINE('',#4156,#4157);
#4156 = CARTESIAN_POINT('',(-0.9,-1.5,0.));
#4157 = VECTOR('',#4158,1.);
#4158 = DIRECTION('',(1.,-8.881784197001E-16,0.));
#4159 = ORIENTED_EDGE('',*,*,#3947,.T.);
#4160 = ORIENTED_EDGE('',*,*,#3728,.T.);
#4161 = ORIENTED_EDGE('',*,*,#3720,.F.);
#4162 = ORIENTED_EDGE('',*,*,#3712,.F.);
#4163 = PLANE('',#4164);
#4164 = AXIS2_PLACEMENT_3D('',#4165,#4166,#4167);
#4165 = CARTESIAN_POINT('',(-0.9,-1.5,0.));
#4166 = DIRECTION('',(0.,0.,1.));
#4167 = DIRECTION('',(1.,-8.881784197001E-16,0.));
#4168 = ADVANCED_FACE('',(#4169),#4180,.F.);
#4169 = FACE_BOUND('',#4170,.F.);
#4170 = EDGE_LOOP('',(#4171,#4172,#4178,#4179));
#4171 = ORIENTED_EDGE('',*,*,#3804,.F.);
#4172 = ORIENTED_EDGE('',*,*,#4173,.F.);
#4173 = EDGE_CURVE('',#3860,#3805,#4174,.T.);
#4174 = LINE('',#4175,#4176);
#4175 = CARTESIAN_POINT('',(-1.55,-0.3,0.));
#4176 = VECTOR('',#4177,1.);
#4177 = DIRECTION('',(8.881784197001E-16,1.,0.));
#4178 = ORIENTED_EDGE('',*,*,#3859,.T.);
#4179 = ORIENTED_EDGE('',*,*,#4054,.T.);
#4180 = PLANE('',#4181);
#4181 = AXIS2_PLACEMENT_3D('',#4182,#4183,#4184);
#4182 = CARTESIAN_POINT('',(-1.55,-0.3,0.));
#4183 = DIRECTION('',(0.,0.,1.));
#4184 = DIRECTION('',(1.,-8.881784197001E-16,0.));
#4185 = ADVANCED_FACE('',(#4186),#4192,.F.);
#4186 = FACE_BOUND('',#4187,.F.);
#4187 = EDGE_LOOP('',(#4188,#4189,#4190,#4191));
#4188 = ORIENTED_EDGE('',*,*,#3867,.F.);
#4189 = ORIENTED_EDGE('',*,*,#4173,.T.);
#4190 = ORIENTED_EDGE('',*,*,#3812,.T.);
#4191 = ORIENTED_EDGE('',*,*,#3836,.F.);
#4192 = PLANE('',#4193);
#4193 = AXIS2_PLACEMENT_3D('',#4194,#4195,#4196);
#4194 = CARTESIAN_POINT('',(-1.55,-0.3,0.));
#4195 = DIRECTION('',(1.,-8.881784197001E-16,0.));
#4196 = DIRECTION('',(0.,0.,1.));
#4197 = ADVANCED_FACE('',(#4198),#4204,.F.);
#4198 = FACE_BOUND('',#4199,.F.);
#4199 = EDGE_LOOP('',(#4200,#4201,#4202,#4203));
#4200 = ORIENTED_EDGE('',*,*,#4154,.F.);
#4201 = ORIENTED_EDGE('',*,*,#3891,.T.);
#4202 = ORIENTED_EDGE('',*,*,#3915,.T.);
#4203 = ORIENTED_EDGE('',*,*,#3939,.F.);
#4204 = PLANE('',#4205);
#4205 = AXIS2_PLACEMENT_3D('',#4206,#4207,#4208);
#4206 = CARTESIAN_POINT('',(-0.9,-1.5,0.));
#4207 = DIRECTION('',(8.881784197001E-16,1.,0.));
#4208 = DIRECTION('',(0.,-0.,1.));
#4209 = ADVANCED_FACE('',(#4210),#4216,.T.);
#4210 = FACE_BOUND('',#4211,.T.);
#4211 = EDGE_LOOP('',(#4212,#4213,#4214,#4215));
#4212 = ORIENTED_EDGE('',*,*,#4138,.F.);
#4213 = ORIENTED_EDGE('',*,*,#3971,.T.);
#4214 = ORIENTED_EDGE('',*,*,#4003,.T.);
#4215 = ORIENTED_EDGE('',*,*,#4026,.F.);
#4216 = PLANE('',#4217);
#4217 = AXIS2_PLACEMENT_3D('',#4218,#4219,#4220);
#4218 = CARTESIAN_POINT('',(-0.9,1.5,0.));
#4219 = DIRECTION('',(8.881784197001E-16,1.,0.));
#4220 = DIRECTION('',(0.,-0.,1.));
#4221 = ADVANCED_FACE('',(#4222),#4236,.F.);
#4222 = FACE_BOUND('',#4223,.F.);
#4223 = EDGE_LOOP('',(#4224,#4225,#4226,#4227,#4228,#4235));
#4224 = ORIENTED_EDGE('',*,*,#4078,.F.);
#4225 = ORIENTED_EDGE('',*,*,#4061,.T.);
#4226 = ORIENTED_EDGE('',*,*,#4120,.T.);
#4227 = ORIENTED_EDGE('',*,*,#4112,.T.);
#4228 = ORIENTED_EDGE('',*,*,#4229,.F.);
#4229 = EDGE_CURVE('',#4087,#4104,#4230,.T.);
#4230 = CIRCLE('',#4231,0.2);
#4231 = AXIS2_PLACEMENT_3D('',#4232,#4233,#4234);
#4232 = CARTESIAN_POINT('',(0.,4.440892098501E-16,0.));
#4233 = DIRECTION('',(-0.,0.,1.));
#4234 = DIRECTION('',(1.,-8.881784197001E-16,0.));
#4235 = ORIENTED_EDGE('',*,*,#4086,.T.);
#4236 = PLANE('',#4237);
#4237 = AXIS2_PLACEMENT_3D('',#4238,#4239,#4240);
#4238 = CARTESIAN_POINT('',(0.,4.440892098501E-16,0.));
#4239 = DIRECTION('',(0.,0.,1.));
#4240 = DIRECTION('',(1.,-8.881784197001E-16,0.));
#4241 = ADVANCED_FACE('',(#4242),#4252,.F.);
#4242 = FACE_BOUND('',#4243,.F.);
#4243 = EDGE_LOOP('',(#4244,#4245,#4246));
#4244 = ORIENTED_EDGE('',*,*,#4103,.T.);
#4245 = ORIENTED_EDGE('',*,*,#4094,.T.);
#4246 = ORIENTED_EDGE('',*,*,#4247,.F.);
#4247 = EDGE_CURVE('',#4104,#4087,#4248,.T.);
#4248 = LINE('',#4249,#4250);
#4249 = CARTESIAN_POINT('',(-2.22044604925E-16,-0.3,0.));
#4250 = VECTOR('',#4251,1.);
#4251 = DIRECTION('',(8.881784197001E-16,1.,0.));
#4252 = PLANE('',#4253);
#4253 = AXIS2_PLACEMENT_3D('',#4254,#4255,#4256);
#4254 = CARTESIAN_POINT('',(0.,4.440892098501E-16,0.));
#4255 = DIRECTION('',(0.,0.,1.));
#4256 = DIRECTION('',(1.,-8.881784197001E-16,0.));
#4257 = ADVANCED_FACE('',(#4258),#4262,.F.);
#4258 = FACE_BOUND('',#4259,.F.);
#4259 = EDGE_LOOP('',(#4260,#4261));
#4260 = ORIENTED_EDGE('',*,*,#4247,.T.);
#4261 = ORIENTED_EDGE('',*,*,#4229,.T.);
#4262 = PLANE('',#4263);
#4263 = AXIS2_PLACEMENT_3D('',#4264,#4265,#4266);
#4264 = CARTESIAN_POINT('',(0.,4.440892098501E-16,0.));
#4265 = DIRECTION('',(0.,0.,1.));
#4266 = DIRECTION('',(1.,-8.881784197001E-16,0.));
#4267 = ( GEOMETRIC_REPRESENTATION_CONTEXT(3) 
GLOBAL_UNCERTAINTY_ASSIGNED_CONTEXT((#4271)) 
GLOBAL_UNIT_ASSIGNED_CONTEXT((#4268,#4269,#4270)) REPRESENTATION_CONTEXT
('Context #1','3D Context with UNIT and UNCERTAINTY') );
#4268 = ( LENGTH_UNIT() NAMED_UNIT(*) SI_UNIT(.MILLI.,.METRE.) );
#4269 = ( NAMED_UNIT(*) PLANE_ANGLE_UNIT() SI_UNIT($,.RADIAN.) );
#4270 = ( NAMED_UNIT(*) SI_UNIT($,.STERADIAN.) SOLID_ANGLE_UNIT() );
#4271 = UNCERTAINTY_MEASURE_WITH_UNIT(LENGTH_MEASURE(1.E-07),#4268,
  'distance_accuracy_value','confusion accuracy');
#4272 = CONTEXT_DEPENDENT_SHAPE_REPRESENTATION(#4273,#4275);
#4273 = ( REPRESENTATION_RELATIONSHIP('','',#2904,#2881) 
REPRESENTATION_RELATIONSHIP_WITH_TRANSFORMATION(#4274) 
SHAPE_REPRESENTATION_RELATIONSHIP() );
#4274 = ITEM_DEFINED_TRANSFORMATION('','',#11,#2882);
#4275 = PRODUCT_DEFINITION_SHAPE('Placement','Placement of an item',
  #4276);
#4276 = NEXT_ASSEMBLY_USAGE_OCCURRENCE('6','=>[0:1:1:7]','',#2876,#2899,
  $);
#4277 = PRODUCT_RELATED_PRODUCT_CATEGORY('part',$,(#2901));
#4278 = CONTEXT_DEPENDENT_SHAPE_REPRESENTATION(#4279,#4281);
#4279 = ( REPRESENTATION_RELATIONSHIP('','',#56,#10) 
REPRESENTATION_RELATIONSHIP_WITH_TRANSFORMATION(#4280) 
SHAPE_REPRESENTATION_RELATIONSHIP() );
#4280 = ITEM_DEFINED_TRANSFORMATION('','',#11,#31);
#4281 = PRODUCT_DEFINITION_SHAPE('Placement','Placement of an item',
  #4282);
#4282 = NEXT_ASSEMBLY_USAGE_OCCURRENCE('8','R3','',#5,#51,$);
#4283 = CONTEXT_DEPENDENT_SHAPE_REPRESENTATION(#4284,#4286);
#4284 = ( REPRESENTATION_RELATIONSHIP('','',#56,#10) 
REPRESENTATION_RELATIONSHIP_WITH_TRANSFORMATION(#4285) 
SHAPE_REPRESENTATION_RELATIONSHIP() );
#4285 = ITEM_DEFINED_TRANSFORMATION('','',#11,#35);
#4286 = PRODUCT_DEFINITION_SHAPE('Placement','Placement of an item',
  #4287);
#4287 = NEXT_ASSEMBLY_USAGE_OCCURRENCE('9','LR1','',#5,#51,$);
#4288 = SHAPE_DEFINITION_REPRESENTATION(#4289,#4295);
#4289 = PRODUCT_DEFINITION_SHAPE('','',#4290);
#4290 = PRODUCT_DEFINITION('design','',#4291,#4294);
#4291 = PRODUCT_DEFINITION_FORMATION('','',#4292);
#4292 = PRODUCT('_autosave-10790-V1.0_PCB','_autosave-10790-V1.0_PCB',''
  ,(#4293));
#4293 = PRODUCT_CONTEXT('',#2,'mechanical');
#4294 = PRODUCT_DEFINITION_CONTEXT('part definition',#2,'design');
#4295 = ADVANCED_BREP_SHAPE_REPRESENTATION('',(#11,#4296),#7151);
#4296 = MANIFOLD_SOLID_BREP('',#4297);
#4297 = CLOSED_SHELL('',(#4298,#4338,#5050,#5075,#5779,#5796,#5813,#5830
    ,#5847,#5864,#5881,#5898,#5915,#5932,#5949,#5966,#5983,#6000,#6017,
    #6034,#6051,#6068,#6085,#6102,#6119,#6136,#6153,#6170,#6187,#6204,
    #6221,#6238,#6255,#6272,#6289,#6306,#6323,#6340,#6357,#6374,#6391,
    #6408,#6425,#6442,#6459,#6476,#6493,#6510,#6527,#6544,#6561,#6578,
    #6595,#6612,#6629,#6646,#6663,#6680,#6697,#6714,#6731,#6748,#6765,
    #6782,#6799,#6816,#6833,#6850,#6867,#6884,#6901,#6918,#6935,#6952,
    #6969,#6986,#7003,#7020,#7037,#7054,#7071,#7083,#7105,#7122,#7139));
#4298 = ADVANCED_FACE('',(#4299),#4333,.T.);
#4299 = FACE_BOUND('',#4300,.T.);
#4300 = EDGE_LOOP('',(#4301,#4311,#4319,#4327));
#4301 = ORIENTED_EDGE('',*,*,#4302,.F.);
#4302 = EDGE_CURVE('',#4303,#4305,#4307,.T.);
#4303 = VERTEX_POINT('',#4304);
#4304 = CARTESIAN_POINT('',(10.,-7.,0.));
#4305 = VERTEX_POINT('',#4306);
#4306 = CARTESIAN_POINT('',(9.08,-7.,0.));
#4307 = LINE('',#4308,#4309);
#4308 = CARTESIAN_POINT('',(10.,-7.,0.));
#4309 = VECTOR('',#4310,1.);
#4310 = DIRECTION('',(-1.,0.,0.));
#4311 = ORIENTED_EDGE('',*,*,#4312,.T.);
#4312 = EDGE_CURVE('',#4303,#4313,#4315,.T.);
#4313 = VERTEX_POINT('',#4314);
#4314 = CARTESIAN_POINT('',(10.,-7.,0.8));
#4315 = LINE('',#4316,#4317);
#4316 = CARTESIAN_POINT('',(10.,-7.,0.));
#4317 = VECTOR('',#4318,1.);
#4318 = DIRECTION('',(0.,0.,1.));
#4319 = ORIENTED_EDGE('',*,*,#4320,.T.);
#4320 = EDGE_CURVE('',#4313,#4321,#4323,.T.);
#4321 = VERTEX_POINT('',#4322);
#4322 = CARTESIAN_POINT('',(9.08,-7.,0.8));
#4323 = LINE('',#4324,#4325);
#4324 = CARTESIAN_POINT('',(10.,-7.,0.8));
#4325 = VECTOR('',#4326,1.);
#4326 = DIRECTION('',(-1.,0.,0.));
#4327 = ORIENTED_EDGE('',*,*,#4328,.T.);
#4328 = EDGE_CURVE('',#4321,#4305,#4329,.T.);
#4329 = LINE('',#4330,#4331);
#4330 = CARTESIAN_POINT('',(9.08,-7.,-4.5E-02));
#4331 = VECTOR('',#4332,1.);
#4332 = DIRECTION('',(-0.,-0.,-1.));
#4333 = PLANE('',#4334);
#4334 = AXIS2_PLACEMENT_3D('',#4335,#4336,#4337);
#4335 = CARTESIAN_POINT('',(10.,-7.,0.));
#4336 = DIRECTION('',(0.,-1.,0.));
#4337 = DIRECTION('',(-1.,0.,0.));
#4338 = ADVANCED_FACE('',(#4339,#5009),#5045,.T.);
#4339 = FACE_BOUND('',#4340,.T.);
#4340 = EDGE_LOOP('',(#4341,#4349,#4350,#4359,#4367,#4376,#4384,#4393,
    #4401,#4410,#4418,#4427,#4435,#4444,#4452,#4461,#4469,#4478,#4486,
    #4495,#4503,#4512,#4520,#4529,#4537,#4546,#4554,#4563,#4571,#4580,
    #4588,#4597,#4605,#4613,#4621,#4630,#4639,#4647,#4656,#4665,#4673,
    #4682,#4691,#4699,#4708,#4717,#4725,#4734,#4743,#4751,#4760,#4769,
    #4777,#4786,#4795,#4803,#4812,#4821,#4829,#4838,#4847,#4855,#4864,
    #4873,#4881,#4890,#4899,#4907,#4916,#4925,#4933,#4942,#4951,#4959,
    #4968,#4977,#4985,#4994,#5003));
#4341 = ORIENTED_EDGE('',*,*,#4342,.T.);
#4342 = EDGE_CURVE('',#4343,#4303,#4345,.T.);
#4343 = VERTEX_POINT('',#4344);
#4344 = CARTESIAN_POINT('',(10.,7.,0.));
#4345 = LINE('',#4346,#4347);
#4346 = CARTESIAN_POINT('',(10.,7.,0.));
#4347 = VECTOR('',#4348,1.);
#4348 = DIRECTION('',(0.,-1.,0.));
#4349 = ORIENTED_EDGE('',*,*,#4302,.T.);
#4350 = ORIENTED_EDGE('',*,*,#4351,.F.);
#4351 = EDGE_CURVE('',#4352,#4305,#4354,.T.);
#4352 = VERTEX_POINT('',#4353);
#4353 = CARTESIAN_POINT('',(8.48,-7.,0.));
#4354 = CIRCLE('',#4355,0.3);
#4355 = AXIS2_PLACEMENT_3D('',#4356,#4357,#4358);
#4356 = CARTESIAN_POINT('',(8.78,-7.,0.));
#4357 = DIRECTION('',(-0.,0.,-1.));
#4358 = DIRECTION('',(-5.921189464668E-15,-1.,0.));
#4359 = ORIENTED_EDGE('',*,*,#4360,.T.);
#4360 = EDGE_CURVE('',#4352,#4361,#4363,.T.);
#4361 = VERTEX_POINT('',#4362);
#4362 = CARTESIAN_POINT('',(7.81,-7.,0.));
#4363 = LINE('',#4364,#4365);
#4364 = CARTESIAN_POINT('',(10.,-7.,0.));
#4365 = VECTOR('',#4366,1.);
#4366 = DIRECTION('',(-1.,0.,0.));
#4367 = ORIENTED_EDGE('',*,*,#4368,.F.);
#4368 = EDGE_CURVE('',#4369,#4361,#4371,.T.);
#4369 = VERTEX_POINT('',#4370);
#4370 = CARTESIAN_POINT('',(7.21,-7.,0.));
#4371 = CIRCLE('',#4372,0.3);
#4372 = AXIS2_PLACEMENT_3D('',#4373,#4374,#4375);
#4373 = CARTESIAN_POINT('',(7.51,-7.,0.));
#4374 = DIRECTION('',(-0.,0.,-1.));
#4375 = DIRECTION('',(-0.,-1.,0.));
#4376 = ORIENTED_EDGE('',*,*,#4377,.T.);
#4377 = EDGE_CURVE('',#4369,#4378,#4380,.T.);
#4378 = VERTEX_POINT('',#4379);
#4379 = CARTESIAN_POINT('',(6.54,-7.,0.));
#4380 = LINE('',#4381,#4382);
#4381 = CARTESIAN_POINT('',(10.,-7.,0.));
#4382 = VECTOR('',#4383,1.);
#4383 = DIRECTION('',(-1.,0.,0.));
#4384 = ORIENTED_EDGE('',*,*,#4385,.F.);
#4385 = EDGE_CURVE('',#4386,#4378,#4388,.T.);
#4386 = VERTEX_POINT('',#4387);
#4387 = CARTESIAN_POINT('',(5.94,-7.,0.));
#4388 = CIRCLE('',#4389,0.3);
#4389 = AXIS2_PLACEMENT_3D('',#4390,#4391,#4392);
#4390 = CARTESIAN_POINT('',(6.24,-7.,0.));
#4391 = DIRECTION('',(-0.,0.,-1.));
#4392 = DIRECTION('',(-0.,-1.,0.));
#4393 = ORIENTED_EDGE('',*,*,#4394,.T.);
#4394 = EDGE_CURVE('',#4386,#4395,#4397,.T.);
#4395 = VERTEX_POINT('',#4396);
#4396 = CARTESIAN_POINT('',(5.27,-7.,0.));
#4397 = LINE('',#4398,#4399);
#4398 = CARTESIAN_POINT('',(10.,-7.,0.));
#4399 = VECTOR('',#4400,1.);
#4400 = DIRECTION('',(-1.,0.,0.));
#4401 = ORIENTED_EDGE('',*,*,#4402,.F.);
#4402 = EDGE_CURVE('',#4403,#4395,#4405,.T.);
#4403 = VERTEX_POINT('',#4404);
#4404 = CARTESIAN_POINT('',(4.67,-7.,0.));
#4405 = CIRCLE('',#4406,0.3);
#4406 = AXIS2_PLACEMENT_3D('',#4407,#4408,#4409);
#4407 = CARTESIAN_POINT('',(4.97,-7.,0.));
#4408 = DIRECTION('',(-0.,0.,-1.));
#4409 = DIRECTION('',(-0.,-1.,0.));
#4410 = ORIENTED_EDGE('',*,*,#4411,.T.);
#4411 = EDGE_CURVE('',#4403,#4412,#4414,.T.);
#4412 = VERTEX_POINT('',#4413);
#4413 = CARTESIAN_POINT('',(4.,-7.,0.));
#4414 = LINE('',#4415,#4416);
#4415 = CARTESIAN_POINT('',(10.,-7.,0.));
#4416 = VECTOR('',#4417,1.);
#4417 = DIRECTION('',(-1.,0.,0.));
#4418 = ORIENTED_EDGE('',*,*,#4419,.F.);
#4419 = EDGE_CURVE('',#4420,#4412,#4422,.T.);
#4420 = VERTEX_POINT('',#4421);
#4421 = CARTESIAN_POINT('',(3.4,-7.,0.));
#4422 = CIRCLE('',#4423,0.3);
#4423 = AXIS2_PLACEMENT_3D('',#4424,#4425,#4426);
#4424 = CARTESIAN_POINT('',(3.7,-7.,0.));
#4425 = DIRECTION('',(-0.,0.,-1.));
#4426 = DIRECTION('',(-0.,-1.,0.));
#4427 = ORIENTED_EDGE('',*,*,#4428,.T.);
#4428 = EDGE_CURVE('',#4420,#4429,#4431,.T.);
#4429 = VERTEX_POINT('',#4430);
#4430 = CARTESIAN_POINT('',(2.73,-7.,0.));
#4431 = LINE('',#4432,#4433);
#4432 = CARTESIAN_POINT('',(10.,-7.,0.));
#4433 = VECTOR('',#4434,1.);
#4434 = DIRECTION('',(-1.,0.,0.));
#4435 = ORIENTED_EDGE('',*,*,#4436,.F.);
#4436 = EDGE_CURVE('',#4437,#4429,#4439,.T.);
#4437 = VERTEX_POINT('',#4438);
#4438 = CARTESIAN_POINT('',(2.13,-7.,0.));
#4439 = CIRCLE('',#4440,0.3);
#4440 = AXIS2_PLACEMENT_3D('',#4441,#4442,#4443);
#4441 = CARTESIAN_POINT('',(2.43,-7.,0.));
#4442 = DIRECTION('',(-0.,0.,-1.));
#4443 = DIRECTION('',(1.480297366167E-15,-1.,-0.));
#4444 = ORIENTED_EDGE('',*,*,#4445,.T.);
#4445 = EDGE_CURVE('',#4437,#4446,#4448,.T.);
#4446 = VERTEX_POINT('',#4447);
#4447 = CARTESIAN_POINT('',(1.46,-7.,0.));
#4448 = LINE('',#4449,#4450);
#4449 = CARTESIAN_POINT('',(10.,-7.,0.));
#4450 = VECTOR('',#4451,1.);
#4451 = DIRECTION('',(-1.,0.,0.));
#4452 = ORIENTED_EDGE('',*,*,#4453,.F.);
#4453 = EDGE_CURVE('',#4454,#4446,#4456,.T.);
#4454 = VERTEX_POINT('',#4455);
#4455 = CARTESIAN_POINT('',(0.86,-7.,0.));
#4456 = CIRCLE('',#4457,0.3);
#4457 = AXIS2_PLACEMENT_3D('',#4458,#4459,#4460);
#4458 = CARTESIAN_POINT('',(1.16,-7.,0.));
#4459 = DIRECTION('',(-0.,0.,-1.));
#4460 = DIRECTION('',(-0.,-1.,0.));
#4461 = ORIENTED_EDGE('',*,*,#4462,.T.);
#4462 = EDGE_CURVE('',#4454,#4463,#4465,.T.);
#4463 = VERTEX_POINT('',#4464);
#4464 = CARTESIAN_POINT('',(0.19,-7.,0.));
#4465 = LINE('',#4466,#4467);
#4466 = CARTESIAN_POINT('',(10.,-7.,0.));
#4467 = VECTOR('',#4468,1.);
#4468 = DIRECTION('',(-1.,0.,0.));
#4469 = ORIENTED_EDGE('',*,*,#4470,.F.);
#4470 = EDGE_CURVE('',#4471,#4463,#4473,.T.);
#4471 = VERTEX_POINT('',#4472);
#4472 = CARTESIAN_POINT('',(-0.41,-7.,0.));
#4473 = CIRCLE('',#4474,0.3);
#4474 = AXIS2_PLACEMENT_3D('',#4475,#4476,#4477);
#4475 = CARTESIAN_POINT('',(-0.11,-7.,0.));
#4476 = DIRECTION('',(-0.,0.,-1.));
#4477 = DIRECTION('',(-4.625929269271E-17,-1.,0.));
#4478 = ORIENTED_EDGE('',*,*,#4479,.T.);
#4479 = EDGE_CURVE('',#4471,#4480,#4482,.T.);
#4480 = VERTEX_POINT('',#4481);
#4481 = CARTESIAN_POINT('',(-1.08,-7.,0.));
#4482 = LINE('',#4483,#4484);
#4483 = CARTESIAN_POINT('',(10.,-7.,0.));
#4484 = VECTOR('',#4485,1.);
#4485 = DIRECTION('',(-1.,0.,0.));
#4486 = ORIENTED_EDGE('',*,*,#4487,.F.);
#4487 = EDGE_CURVE('',#4488,#4480,#4490,.T.);
#4488 = VERTEX_POINT('',#4489);
#4489 = CARTESIAN_POINT('',(-1.68,-7.,0.));
#4490 = CIRCLE('',#4491,0.3);
#4491 = AXIS2_PLACEMENT_3D('',#4492,#4493,#4494);
#4492 = CARTESIAN_POINT('',(-1.38,-7.,0.));
#4493 = DIRECTION('',(-0.,0.,-1.));
#4494 = DIRECTION('',(-0.,-1.,0.));
#4495 = ORIENTED_EDGE('',*,*,#4496,.T.);
#4496 = EDGE_CURVE('',#4488,#4497,#4499,.T.);
#4497 = VERTEX_POINT('',#4498);
#4498 = CARTESIAN_POINT('',(-2.35,-7.,0.));
#4499 = LINE('',#4500,#4501);
#4500 = CARTESIAN_POINT('',(10.,-7.,0.));
#4501 = VECTOR('',#4502,1.);
#4502 = DIRECTION('',(-1.,0.,0.));
#4503 = ORIENTED_EDGE('',*,*,#4504,.F.);
#4504 = EDGE_CURVE('',#4505,#4497,#4507,.T.);
#4505 = VERTEX_POINT('',#4506);
#4506 = CARTESIAN_POINT('',(-2.95,-7.,0.));
#4507 = CIRCLE('',#4508,0.3);
#4508 = AXIS2_PLACEMENT_3D('',#4509,#4510,#4511);
#4509 = CARTESIAN_POINT('',(-2.65,-7.,0.));
#4510 = DIRECTION('',(-0.,0.,-1.));
#4511 = DIRECTION('',(1.480297366167E-15,-1.,-0.));
#4512 = ORIENTED_EDGE('',*,*,#4513,.T.);
#4513 = EDGE_CURVE('',#4505,#4514,#4516,.T.);
#4514 = VERTEX_POINT('',#4515);
#4515 = CARTESIAN_POINT('',(-3.62,-7.,0.));
#4516 = LINE('',#4517,#4518);
#4517 = CARTESIAN_POINT('',(10.,-7.,0.));
#4518 = VECTOR('',#4519,1.);
#4519 = DIRECTION('',(-1.,0.,0.));
#4520 = ORIENTED_EDGE('',*,*,#4521,.F.);
#4521 = EDGE_CURVE('',#4522,#4514,#4524,.T.);
#4522 = VERTEX_POINT('',#4523);
#4523 = CARTESIAN_POINT('',(-4.22,-7.,0.));
#4524 = CIRCLE('',#4525,0.3);
#4525 = AXIS2_PLACEMENT_3D('',#4526,#4527,#4528);
#4526 = CARTESIAN_POINT('',(-3.92,-7.,0.));
#4527 = DIRECTION('',(-0.,0.,-1.));
#4528 = DIRECTION('',(-0.,-1.,0.));
#4529 = ORIENTED_EDGE('',*,*,#4530,.T.);
#4530 = EDGE_CURVE('',#4522,#4531,#4533,.T.);
#4531 = VERTEX_POINT('',#4532);
#4532 = CARTESIAN_POINT('',(-4.89,-7.,0.));
#4533 = LINE('',#4534,#4535);
#4534 = CARTESIAN_POINT('',(10.,-7.,0.));
#4535 = VECTOR('',#4536,1.);
#4536 = DIRECTION('',(-1.,0.,0.));
#4537 = ORIENTED_EDGE('',*,*,#4538,.F.);
#4538 = EDGE_CURVE('',#4539,#4531,#4541,.T.);
#4539 = VERTEX_POINT('',#4540);
#4540 = CARTESIAN_POINT('',(-5.49,-7.,0.));
#4541 = CIRCLE('',#4542,0.3);
#4542 = AXIS2_PLACEMENT_3D('',#4543,#4544,#4545);
#4543 = CARTESIAN_POINT('',(-5.19,-7.,0.));
#4544 = DIRECTION('',(-0.,0.,-1.));
#4545 = DIRECTION('',(-2.960594732334E-15,-1.,0.));
#4546 = ORIENTED_EDGE('',*,*,#4547,.T.);
#4547 = EDGE_CURVE('',#4539,#4548,#4550,.T.);
#4548 = VERTEX_POINT('',#4549);
#4549 = CARTESIAN_POINT('',(-6.16,-7.,0.));
#4550 = LINE('',#4551,#4552);
#4551 = CARTESIAN_POINT('',(10.,-7.,0.));
#4552 = VECTOR('',#4553,1.);
#4553 = DIRECTION('',(-1.,0.,0.));
#4554 = ORIENTED_EDGE('',*,*,#4555,.F.);
#4555 = EDGE_CURVE('',#4556,#4548,#4558,.T.);
#4556 = VERTEX_POINT('',#4557);
#4557 = CARTESIAN_POINT('',(-6.76,-7.,0.));
#4558 = CIRCLE('',#4559,0.3);
#4559 = AXIS2_PLACEMENT_3D('',#4560,#4561,#4562);
#4560 = CARTESIAN_POINT('',(-6.46,-7.,0.));
#4561 = DIRECTION('',(-0.,0.,-1.));
#4562 = DIRECTION('',(-0.,-1.,0.));
#4563 = ORIENTED_EDGE('',*,*,#4564,.T.);
#4564 = EDGE_CURVE('',#4556,#4565,#4567,.T.);
#4565 = VERTEX_POINT('',#4566);
#4566 = CARTESIAN_POINT('',(-7.43,-7.,0.));
#4567 = LINE('',#4568,#4569);
#4568 = CARTESIAN_POINT('',(10.,-7.,0.));
#4569 = VECTOR('',#4570,1.);
#4570 = DIRECTION('',(-1.,0.,0.));
#4571 = ORIENTED_EDGE('',*,*,#4572,.F.);
#4572 = EDGE_CURVE('',#4573,#4565,#4575,.T.);
#4573 = VERTEX_POINT('',#4574);
#4574 = CARTESIAN_POINT('',(-8.03,-7.,0.));
#4575 = CIRCLE('',#4576,0.3);
#4576 = AXIS2_PLACEMENT_3D('',#4577,#4578,#4579);
#4577 = CARTESIAN_POINT('',(-7.73,-7.,0.));
#4578 = DIRECTION('',(-0.,0.,-1.));
#4579 = DIRECTION('',(-2.960594732334E-15,-1.,0.));
#4580 = ORIENTED_EDGE('',*,*,#4581,.T.);
#4581 = EDGE_CURVE('',#4573,#4582,#4584,.T.);
#4582 = VERTEX_POINT('',#4583);
#4583 = CARTESIAN_POINT('',(-8.7,-7.,0.));
#4584 = LINE('',#4585,#4586);
#4585 = CARTESIAN_POINT('',(10.,-7.,0.));
#4586 = VECTOR('',#4587,1.);
#4587 = DIRECTION('',(-1.,0.,0.));
#4588 = ORIENTED_EDGE('',*,*,#4589,.F.);
#4589 = EDGE_CURVE('',#4590,#4582,#4592,.T.);
#4590 = VERTEX_POINT('',#4591);
#4591 = CARTESIAN_POINT('',(-9.3,-7.,0.));
#4592 = CIRCLE('',#4593,0.3);
#4593 = AXIS2_PLACEMENT_3D('',#4594,#4595,#4596);
#4594 = CARTESIAN_POINT('',(-9.,-7.,0.));
#4595 = DIRECTION('',(-0.,0.,-1.));
#4596 = DIRECTION('',(-0.,-1.,0.));
#4597 = ORIENTED_EDGE('',*,*,#4598,.T.);
#4598 = EDGE_CURVE('',#4590,#4599,#4601,.T.);
#4599 = VERTEX_POINT('',#4600);
#4600 = CARTESIAN_POINT('',(-10.,-7.,0.));
#4601 = LINE('',#4602,#4603);
#4602 = CARTESIAN_POINT('',(10.,-7.,0.));
#4603 = VECTOR('',#4604,1.);
#4604 = DIRECTION('',(-1.,0.,0.));
#4605 = ORIENTED_EDGE('',*,*,#4606,.T.);
#4606 = EDGE_CURVE('',#4599,#4607,#4609,.T.);
#4607 = VERTEX_POINT('',#4608);
#4608 = CARTESIAN_POINT('',(-10.,7.,0.));
#4609 = LINE('',#4610,#4611);
#4610 = CARTESIAN_POINT('',(-10.,-7.,0.));
#4611 = VECTOR('',#4612,1.);
#4612 = DIRECTION('',(0.,1.,0.));
#4613 = ORIENTED_EDGE('',*,*,#4614,.T.);
#4614 = EDGE_CURVE('',#4607,#4615,#4617,.T.);
#4615 = VERTEX_POINT('',#4616);
#4616 = CARTESIAN_POINT('',(-9.3,7.,0.));
#4617 = LINE('',#4618,#4619);
#4618 = CARTESIAN_POINT('',(-10.,7.,0.));
#4619 = VECTOR('',#4620,1.);
#4620 = DIRECTION('',(1.,0.,0.));
#4621 = ORIENTED_EDGE('',*,*,#4622,.F.);
#4622 = EDGE_CURVE('',#4623,#4615,#4625,.T.);
#4623 = VERTEX_POINT('',#4624);
#4624 = CARTESIAN_POINT('',(-9.,6.7,0.));
#4625 = CIRCLE('',#4626,0.3);
#4626 = AXIS2_PLACEMENT_3D('',#4627,#4628,#4629);
#4627 = CARTESIAN_POINT('',(-9.,7.,0.));
#4628 = DIRECTION('',(-0.,0.,-1.));
#4629 = DIRECTION('',(-0.,-1.,0.));
#4630 = ORIENTED_EDGE('',*,*,#4631,.F.);
#4631 = EDGE_CURVE('',#4632,#4623,#4634,.T.);
#4632 = VERTEX_POINT('',#4633);
#4633 = CARTESIAN_POINT('',(-8.7,7.,0.));
#4634 = CIRCLE('',#4635,0.3);
#4635 = AXIS2_PLACEMENT_3D('',#4636,#4637,#4638);
#4636 = CARTESIAN_POINT('',(-9.,7.,0.));
#4637 = DIRECTION('',(-0.,0.,-1.));
#4638 = DIRECTION('',(-0.,-1.,0.));
#4639 = ORIENTED_EDGE('',*,*,#4640,.T.);
#4640 = EDGE_CURVE('',#4632,#4641,#4643,.T.);
#4641 = VERTEX_POINT('',#4642);
#4642 = CARTESIAN_POINT('',(-8.03,7.,0.));
#4643 = LINE('',#4644,#4645);
#4644 = CARTESIAN_POINT('',(-10.,7.,0.));
#4645 = VECTOR('',#4646,1.);
#4646 = DIRECTION('',(1.,0.,0.));
#4647 = ORIENTED_EDGE('',*,*,#4648,.F.);
#4648 = EDGE_CURVE('',#4649,#4641,#4651,.T.);
#4649 = VERTEX_POINT('',#4650);
#4650 = CARTESIAN_POINT('',(-7.73,6.7,0.));
#4651 = CIRCLE('',#4652,0.3);
#4652 = AXIS2_PLACEMENT_3D('',#4653,#4654,#4655);
#4653 = CARTESIAN_POINT('',(-7.73,7.,0.));
#4654 = DIRECTION('',(-0.,0.,-1.));
#4655 = DIRECTION('',(-2.960594732334E-15,-1.,0.));
#4656 = ORIENTED_EDGE('',*,*,#4657,.F.);
#4657 = EDGE_CURVE('',#4658,#4649,#4660,.T.);
#4658 = VERTEX_POINT('',#4659);
#4659 = CARTESIAN_POINT('',(-7.43,7.,0.));
#4660 = CIRCLE('',#4661,0.3);
#4661 = AXIS2_PLACEMENT_3D('',#4662,#4663,#4664);
#4662 = CARTESIAN_POINT('',(-7.73,7.,0.));
#4663 = DIRECTION('',(-0.,0.,-1.));
#4664 = DIRECTION('',(-2.960594732334E-15,-1.,0.));
#4665 = ORIENTED_EDGE('',*,*,#4666,.T.);
#4666 = EDGE_CURVE('',#4658,#4667,#4669,.T.);
#4667 = VERTEX_POINT('',#4668);
#4668 = CARTESIAN_POINT('',(-6.76,7.,0.));
#4669 = LINE('',#4670,#4671);
#4670 = CARTESIAN_POINT('',(-10.,7.,0.));
#4671 = VECTOR('',#4672,1.);
#4672 = DIRECTION('',(1.,0.,0.));
#4673 = ORIENTED_EDGE('',*,*,#4674,.F.);
#4674 = EDGE_CURVE('',#4675,#4667,#4677,.T.);
#4675 = VERTEX_POINT('',#4676);
#4676 = CARTESIAN_POINT('',(-6.46,6.7,0.));
#4677 = CIRCLE('',#4678,0.3);
#4678 = AXIS2_PLACEMENT_3D('',#4679,#4680,#4681);
#4679 = CARTESIAN_POINT('',(-6.46,7.,0.));
#4680 = DIRECTION('',(-0.,0.,-1.));
#4681 = DIRECTION('',(-0.,-1.,0.));
#4682 = ORIENTED_EDGE('',*,*,#4683,.F.);
#4683 = EDGE_CURVE('',#4684,#4675,#4686,.T.);
#4684 = VERTEX_POINT('',#4685);
#4685 = CARTESIAN_POINT('',(-6.16,7.,0.));
#4686 = CIRCLE('',#4687,0.3);
#4687 = AXIS2_PLACEMENT_3D('',#4688,#4689,#4690);
#4688 = CARTESIAN_POINT('',(-6.46,7.,0.));
#4689 = DIRECTION('',(-0.,0.,-1.));
#4690 = DIRECTION('',(-0.,-1.,0.));
#4691 = ORIENTED_EDGE('',*,*,#4692,.T.);
#4692 = EDGE_CURVE('',#4684,#4693,#4695,.T.);
#4693 = VERTEX_POINT('',#4694);
#4694 = CARTESIAN_POINT('',(-5.49,7.,0.));
#4695 = LINE('',#4696,#4697);
#4696 = CARTESIAN_POINT('',(-10.,7.,0.));
#4697 = VECTOR('',#4698,1.);
#4698 = DIRECTION('',(1.,0.,0.));
#4699 = ORIENTED_EDGE('',*,*,#4700,.F.);
#4700 = EDGE_CURVE('',#4701,#4693,#4703,.T.);
#4701 = VERTEX_POINT('',#4702);
#4702 = CARTESIAN_POINT('',(-5.19,6.7,0.));
#4703 = CIRCLE('',#4704,0.3);
#4704 = AXIS2_PLACEMENT_3D('',#4705,#4706,#4707);
#4705 = CARTESIAN_POINT('',(-5.19,7.,0.));
#4706 = DIRECTION('',(-0.,0.,-1.));
#4707 = DIRECTION('',(-2.960594732334E-15,-1.,0.));
#4708 = ORIENTED_EDGE('',*,*,#4709,.F.);
#4709 = EDGE_CURVE('',#4710,#4701,#4712,.T.);
#4710 = VERTEX_POINT('',#4711);
#4711 = CARTESIAN_POINT('',(-4.89,7.,0.));
#4712 = CIRCLE('',#4713,0.3);
#4713 = AXIS2_PLACEMENT_3D('',#4714,#4715,#4716);
#4714 = CARTESIAN_POINT('',(-5.19,7.,0.));
#4715 = DIRECTION('',(-0.,0.,-1.));
#4716 = DIRECTION('',(-2.960594732334E-15,-1.,0.));
#4717 = ORIENTED_EDGE('',*,*,#4718,.T.);
#4718 = EDGE_CURVE('',#4710,#4719,#4721,.T.);
#4719 = VERTEX_POINT('',#4720);
#4720 = CARTESIAN_POINT('',(-4.22,7.,0.));
#4721 = LINE('',#4722,#4723);
#4722 = CARTESIAN_POINT('',(-10.,7.,0.));
#4723 = VECTOR('',#4724,1.);
#4724 = DIRECTION('',(1.,0.,0.));
#4725 = ORIENTED_EDGE('',*,*,#4726,.F.);
#4726 = EDGE_CURVE('',#4727,#4719,#4729,.T.);
#4727 = VERTEX_POINT('',#4728);
#4728 = CARTESIAN_POINT('',(-3.92,6.7,0.));
#4729 = CIRCLE('',#4730,0.3);
#4730 = AXIS2_PLACEMENT_3D('',#4731,#4732,#4733);
#4731 = CARTESIAN_POINT('',(-3.92,7.,0.));
#4732 = DIRECTION('',(-0.,0.,-1.));
#4733 = DIRECTION('',(-0.,-1.,0.));
#4734 = ORIENTED_EDGE('',*,*,#4735,.F.);
#4735 = EDGE_CURVE('',#4736,#4727,#4738,.T.);
#4736 = VERTEX_POINT('',#4737);
#4737 = CARTESIAN_POINT('',(-3.62,7.,0.));
#4738 = CIRCLE('',#4739,0.3);
#4739 = AXIS2_PLACEMENT_3D('',#4740,#4741,#4742);
#4740 = CARTESIAN_POINT('',(-3.92,7.,0.));
#4741 = DIRECTION('',(-0.,0.,-1.));
#4742 = DIRECTION('',(-0.,-1.,0.));
#4743 = ORIENTED_EDGE('',*,*,#4744,.T.);
#4744 = EDGE_CURVE('',#4736,#4745,#4747,.T.);
#4745 = VERTEX_POINT('',#4746);
#4746 = CARTESIAN_POINT('',(-2.95,7.,0.));
#4747 = LINE('',#4748,#4749);
#4748 = CARTESIAN_POINT('',(-10.,7.,0.));
#4749 = VECTOR('',#4750,1.);
#4750 = DIRECTION('',(1.,0.,0.));
#4751 = ORIENTED_EDGE('',*,*,#4752,.F.);
#4752 = EDGE_CURVE('',#4753,#4745,#4755,.T.);
#4753 = VERTEX_POINT('',#4754);
#4754 = CARTESIAN_POINT('',(-2.65,6.7,0.));
#4755 = CIRCLE('',#4756,0.3);
#4756 = AXIS2_PLACEMENT_3D('',#4757,#4758,#4759);
#4757 = CARTESIAN_POINT('',(-2.65,7.,0.));
#4758 = DIRECTION('',(-0.,0.,-1.));
#4759 = DIRECTION('',(1.480297366167E-15,-1.,-0.));
#4760 = ORIENTED_EDGE('',*,*,#4761,.F.);
#4761 = EDGE_CURVE('',#4762,#4753,#4764,.T.);
#4762 = VERTEX_POINT('',#4763);
#4763 = CARTESIAN_POINT('',(-2.35,7.,0.));
#4764 = CIRCLE('',#4765,0.3);
#4765 = AXIS2_PLACEMENT_3D('',#4766,#4767,#4768);
#4766 = CARTESIAN_POINT('',(-2.65,7.,0.));
#4767 = DIRECTION('',(-0.,0.,-1.));
#4768 = DIRECTION('',(1.480297366167E-15,-1.,-0.));
#4769 = ORIENTED_EDGE('',*,*,#4770,.T.);
#4770 = EDGE_CURVE('',#4762,#4771,#4773,.T.);
#4771 = VERTEX_POINT('',#4772);
#4772 = CARTESIAN_POINT('',(-1.68,7.,0.));
#4773 = LINE('',#4774,#4775);
#4774 = CARTESIAN_POINT('',(-10.,7.,0.));
#4775 = VECTOR('',#4776,1.);
#4776 = DIRECTION('',(1.,0.,0.));
#4777 = ORIENTED_EDGE('',*,*,#4778,.F.);
#4778 = EDGE_CURVE('',#4779,#4771,#4781,.T.);
#4779 = VERTEX_POINT('',#4780);
#4780 = CARTESIAN_POINT('',(-1.38,6.7,0.));
#4781 = CIRCLE('',#4782,0.3);
#4782 = AXIS2_PLACEMENT_3D('',#4783,#4784,#4785);
#4783 = CARTESIAN_POINT('',(-1.38,7.,0.));
#4784 = DIRECTION('',(-0.,0.,-1.));
#4785 = DIRECTION('',(-0.,-1.,0.));
#4786 = ORIENTED_EDGE('',*,*,#4787,.F.);
#4787 = EDGE_CURVE('',#4788,#4779,#4790,.T.);
#4788 = VERTEX_POINT('',#4789);
#4789 = CARTESIAN_POINT('',(-1.08,7.,0.));
#4790 = CIRCLE('',#4791,0.3);
#4791 = AXIS2_PLACEMENT_3D('',#4792,#4793,#4794);
#4792 = CARTESIAN_POINT('',(-1.38,7.,0.));
#4793 = DIRECTION('',(-0.,0.,-1.));
#4794 = DIRECTION('',(-0.,-1.,0.));
#4795 = ORIENTED_EDGE('',*,*,#4796,.T.);
#4796 = EDGE_CURVE('',#4788,#4797,#4799,.T.);
#4797 = VERTEX_POINT('',#4798);
#4798 = CARTESIAN_POINT('',(-0.41,7.,0.));
#4799 = LINE('',#4800,#4801);
#4800 = CARTESIAN_POINT('',(-10.,7.,0.));
#4801 = VECTOR('',#4802,1.);
#4802 = DIRECTION('',(1.,0.,0.));
#4803 = ORIENTED_EDGE('',*,*,#4804,.F.);
#4804 = EDGE_CURVE('',#4805,#4797,#4807,.T.);
#4805 = VERTEX_POINT('',#4806);
#4806 = CARTESIAN_POINT('',(-0.11,6.7,0.));
#4807 = CIRCLE('',#4808,0.3);
#4808 = AXIS2_PLACEMENT_3D('',#4809,#4810,#4811);
#4809 = CARTESIAN_POINT('',(-0.11,7.,0.));
#4810 = DIRECTION('',(-0.,0.,-1.));
#4811 = DIRECTION('',(-4.625929269271E-17,-1.,0.));
#4812 = ORIENTED_EDGE('',*,*,#4813,.F.);
#4813 = EDGE_CURVE('',#4814,#4805,#4816,.T.);
#4814 = VERTEX_POINT('',#4815);
#4815 = CARTESIAN_POINT('',(0.19,7.,0.));
#4816 = CIRCLE('',#4817,0.3);
#4817 = AXIS2_PLACEMENT_3D('',#4818,#4819,#4820);
#4818 = CARTESIAN_POINT('',(-0.11,7.,0.));
#4819 = DIRECTION('',(-0.,0.,-1.));
#4820 = DIRECTION('',(-4.625929269271E-17,-1.,0.));
#4821 = ORIENTED_EDGE('',*,*,#4822,.T.);
#4822 = EDGE_CURVE('',#4814,#4823,#4825,.T.);
#4823 = VERTEX_POINT('',#4824);
#4824 = CARTESIAN_POINT('',(0.86,7.,0.));
#4825 = LINE('',#4826,#4827);
#4826 = CARTESIAN_POINT('',(-10.,7.,0.));
#4827 = VECTOR('',#4828,1.);
#4828 = DIRECTION('',(1.,0.,0.));
#4829 = ORIENTED_EDGE('',*,*,#4830,.F.);
#4830 = EDGE_CURVE('',#4831,#4823,#4833,.T.);
#4831 = VERTEX_POINT('',#4832);
#4832 = CARTESIAN_POINT('',(1.16,6.7,0.));
#4833 = CIRCLE('',#4834,0.3);
#4834 = AXIS2_PLACEMENT_3D('',#4835,#4836,#4837);
#4835 = CARTESIAN_POINT('',(1.16,7.,0.));
#4836 = DIRECTION('',(-0.,0.,-1.));
#4837 = DIRECTION('',(-0.,-1.,0.));
#4838 = ORIENTED_EDGE('',*,*,#4839,.F.);
#4839 = EDGE_CURVE('',#4840,#4831,#4842,.T.);
#4840 = VERTEX_POINT('',#4841);
#4841 = CARTESIAN_POINT('',(1.46,7.,0.));
#4842 = CIRCLE('',#4843,0.3);
#4843 = AXIS2_PLACEMENT_3D('',#4844,#4845,#4846);
#4844 = CARTESIAN_POINT('',(1.16,7.,0.));
#4845 = DIRECTION('',(-0.,0.,-1.));
#4846 = DIRECTION('',(-0.,-1.,0.));
#4847 = ORIENTED_EDGE('',*,*,#4848,.T.);
#4848 = EDGE_CURVE('',#4840,#4849,#4851,.T.);
#4849 = VERTEX_POINT('',#4850);
#4850 = CARTESIAN_POINT('',(2.13,7.,0.));
#4851 = LINE('',#4852,#4853);
#4852 = CARTESIAN_POINT('',(-10.,7.,0.));
#4853 = VECTOR('',#4854,1.);
#4854 = DIRECTION('',(1.,0.,0.));
#4855 = ORIENTED_EDGE('',*,*,#4856,.F.);
#4856 = EDGE_CURVE('',#4857,#4849,#4859,.T.);
#4857 = VERTEX_POINT('',#4858);
#4858 = CARTESIAN_POINT('',(2.43,6.7,0.));
#4859 = CIRCLE('',#4860,0.3);
#4860 = AXIS2_PLACEMENT_3D('',#4861,#4862,#4863);
#4861 = CARTESIAN_POINT('',(2.43,7.,0.));
#4862 = DIRECTION('',(-0.,0.,-1.));
#4863 = DIRECTION('',(1.480297366167E-15,-1.,-0.));
#4864 = ORIENTED_EDGE('',*,*,#4865,.F.);
#4865 = EDGE_CURVE('',#4866,#4857,#4868,.T.);
#4866 = VERTEX_POINT('',#4867);
#4867 = CARTESIAN_POINT('',(2.73,7.,0.));
#4868 = CIRCLE('',#4869,0.3);
#4869 = AXIS2_PLACEMENT_3D('',#4870,#4871,#4872);
#4870 = CARTESIAN_POINT('',(2.43,7.,0.));
#4871 = DIRECTION('',(-0.,0.,-1.));
#4872 = DIRECTION('',(1.480297366167E-15,-1.,-0.));
#4873 = ORIENTED_EDGE('',*,*,#4874,.T.);
#4874 = EDGE_CURVE('',#4866,#4875,#4877,.T.);
#4875 = VERTEX_POINT('',#4876);
#4876 = CARTESIAN_POINT('',(3.4,7.,0.));
#4877 = LINE('',#4878,#4879);
#4878 = CARTESIAN_POINT('',(-10.,7.,0.));
#4879 = VECTOR('',#4880,1.);
#4880 = DIRECTION('',(1.,0.,0.));
#4881 = ORIENTED_EDGE('',*,*,#4882,.F.);
#4882 = EDGE_CURVE('',#4883,#4875,#4885,.T.);
#4883 = VERTEX_POINT('',#4884);
#4884 = CARTESIAN_POINT('',(3.7,6.7,0.));
#4885 = CIRCLE('',#4886,0.3);
#4886 = AXIS2_PLACEMENT_3D('',#4887,#4888,#4889);
#4887 = CARTESIAN_POINT('',(3.7,7.,0.));
#4888 = DIRECTION('',(-0.,0.,-1.));
#4889 = DIRECTION('',(-0.,-1.,0.));
#4890 = ORIENTED_EDGE('',*,*,#4891,.F.);
#4891 = EDGE_CURVE('',#4892,#4883,#4894,.T.);
#4892 = VERTEX_POINT('',#4893);
#4893 = CARTESIAN_POINT('',(4.,7.,0.));
#4894 = CIRCLE('',#4895,0.3);
#4895 = AXIS2_PLACEMENT_3D('',#4896,#4897,#4898);
#4896 = CARTESIAN_POINT('',(3.7,7.,0.));
#4897 = DIRECTION('',(-0.,0.,-1.));
#4898 = DIRECTION('',(-0.,-1.,0.));
#4899 = ORIENTED_EDGE('',*,*,#4900,.T.);
#4900 = EDGE_CURVE('',#4892,#4901,#4903,.T.);
#4901 = VERTEX_POINT('',#4902);
#4902 = CARTESIAN_POINT('',(4.67,7.,0.));
#4903 = LINE('',#4904,#4905);
#4904 = CARTESIAN_POINT('',(-10.,7.,0.));
#4905 = VECTOR('',#4906,1.);
#4906 = DIRECTION('',(1.,0.,0.));
#4907 = ORIENTED_EDGE('',*,*,#4908,.F.);
#4908 = EDGE_CURVE('',#4909,#4901,#4911,.T.);
#4909 = VERTEX_POINT('',#4910);
#4910 = CARTESIAN_POINT('',(4.97,6.7,0.));
#4911 = CIRCLE('',#4912,0.3);
#4912 = AXIS2_PLACEMENT_3D('',#4913,#4914,#4915);
#4913 = CARTESIAN_POINT('',(4.97,7.,0.));
#4914 = DIRECTION('',(-0.,0.,-1.));
#4915 = DIRECTION('',(-0.,-1.,0.));
#4916 = ORIENTED_EDGE('',*,*,#4917,.F.);
#4917 = EDGE_CURVE('',#4918,#4909,#4920,.T.);
#4918 = VERTEX_POINT('',#4919);
#4919 = CARTESIAN_POINT('',(5.27,7.,0.));
#4920 = CIRCLE('',#4921,0.3);
#4921 = AXIS2_PLACEMENT_3D('',#4922,#4923,#4924);
#4922 = CARTESIAN_POINT('',(4.97,7.,0.));
#4923 = DIRECTION('',(-0.,0.,-1.));
#4924 = DIRECTION('',(-0.,-1.,0.));
#4925 = ORIENTED_EDGE('',*,*,#4926,.T.);
#4926 = EDGE_CURVE('',#4918,#4927,#4929,.T.);
#4927 = VERTEX_POINT('',#4928);
#4928 = CARTESIAN_POINT('',(5.94,7.,0.));
#4929 = LINE('',#4930,#4931);
#4930 = CARTESIAN_POINT('',(-10.,7.,0.));
#4931 = VECTOR('',#4932,1.);
#4932 = DIRECTION('',(1.,0.,0.));
#4933 = ORIENTED_EDGE('',*,*,#4934,.F.);
#4934 = EDGE_CURVE('',#4935,#4927,#4937,.T.);
#4935 = VERTEX_POINT('',#4936);
#4936 = CARTESIAN_POINT('',(6.24,6.7,0.));
#4937 = CIRCLE('',#4938,0.3);
#4938 = AXIS2_PLACEMENT_3D('',#4939,#4940,#4941);
#4939 = CARTESIAN_POINT('',(6.24,7.,0.));
#4940 = DIRECTION('',(-0.,0.,-1.));
#4941 = DIRECTION('',(-0.,-1.,0.));
#4942 = ORIENTED_EDGE('',*,*,#4943,.F.);
#4943 = EDGE_CURVE('',#4944,#4935,#4946,.T.);
#4944 = VERTEX_POINT('',#4945);
#4945 = CARTESIAN_POINT('',(6.54,7.,0.));
#4946 = CIRCLE('',#4947,0.3);
#4947 = AXIS2_PLACEMENT_3D('',#4948,#4949,#4950);
#4948 = CARTESIAN_POINT('',(6.24,7.,0.));
#4949 = DIRECTION('',(-0.,0.,-1.));
#4950 = DIRECTION('',(-0.,-1.,0.));
#4951 = ORIENTED_EDGE('',*,*,#4952,.T.);
#4952 = EDGE_CURVE('',#4944,#4953,#4955,.T.);
#4953 = VERTEX_POINT('',#4954);
#4954 = CARTESIAN_POINT('',(7.21,7.,0.));
#4955 = LINE('',#4956,#4957);
#4956 = CARTESIAN_POINT('',(-10.,7.,0.));
#4957 = VECTOR('',#4958,1.);
#4958 = DIRECTION('',(1.,0.,0.));
#4959 = ORIENTED_EDGE('',*,*,#4960,.F.);
#4960 = EDGE_CURVE('',#4961,#4953,#4963,.T.);
#4961 = VERTEX_POINT('',#4962);
#4962 = CARTESIAN_POINT('',(7.51,6.7,0.));
#4963 = CIRCLE('',#4964,0.3);
#4964 = AXIS2_PLACEMENT_3D('',#4965,#4966,#4967);
#4965 = CARTESIAN_POINT('',(7.51,7.,0.));
#4966 = DIRECTION('',(-0.,0.,-1.));
#4967 = DIRECTION('',(-0.,-1.,0.));
#4968 = ORIENTED_EDGE('',*,*,#4969,.F.);
#4969 = EDGE_CURVE('',#4970,#4961,#4972,.T.);
#4970 = VERTEX_POINT('',#4971);
#4971 = CARTESIAN_POINT('',(7.81,7.,0.));
#4972 = CIRCLE('',#4973,0.3);
#4973 = AXIS2_PLACEMENT_3D('',#4974,#4975,#4976);
#4974 = CARTESIAN_POINT('',(7.51,7.,0.));
#4975 = DIRECTION('',(-0.,0.,-1.));
#4976 = DIRECTION('',(-0.,-1.,0.));
#4977 = ORIENTED_EDGE('',*,*,#4978,.T.);
#4978 = EDGE_CURVE('',#4970,#4979,#4981,.T.);
#4979 = VERTEX_POINT('',#4980);
#4980 = CARTESIAN_POINT('',(8.48,7.,0.));
#4981 = LINE('',#4982,#4983);
#4982 = CARTESIAN_POINT('',(-10.,7.,0.));
#4983 = VECTOR('',#4984,1.);
#4984 = DIRECTION('',(1.,0.,0.));
#4985 = ORIENTED_EDGE('',*,*,#4986,.F.);
#4986 = EDGE_CURVE('',#4987,#4979,#4989,.T.);
#4987 = VERTEX_POINT('',#4988);
#4988 = CARTESIAN_POINT('',(8.78,6.7,0.));
#4989 = CIRCLE('',#4990,0.3);
#4990 = AXIS2_PLACEMENT_3D('',#4991,#4992,#4993);
#4991 = CARTESIAN_POINT('',(8.78,7.,0.));
#4992 = DIRECTION('',(-0.,0.,-1.));
#4993 = DIRECTION('',(-5.921189464668E-15,-1.,0.));
#4994 = ORIENTED_EDGE('',*,*,#4995,.F.);
#4995 = EDGE_CURVE('',#4996,#4987,#4998,.T.);
#4996 = VERTEX_POINT('',#4997);
#4997 = CARTESIAN_POINT('',(9.08,7.,0.));
#4998 = CIRCLE('',#4999,0.3);
#4999 = AXIS2_PLACEMENT_3D('',#5000,#5001,#5002);
#5000 = CARTESIAN_POINT('',(8.78,7.,0.));
#5001 = DIRECTION('',(-0.,0.,-1.));
#5002 = DIRECTION('',(-5.921189464668E-15,-1.,0.));
#5003 = ORIENTED_EDGE('',*,*,#5004,.T.);
#5004 = EDGE_CURVE('',#4996,#4343,#5005,.T.);
#5005 = LINE('',#5006,#5007);
#5006 = CARTESIAN_POINT('',(-10.,7.,0.));
#5007 = VECTOR('',#5008,1.);
#5008 = DIRECTION('',(1.,0.,0.));
#5009 = FACE_BOUND('',#5010,.T.);
#5010 = EDGE_LOOP('',(#5011,#5022,#5030,#5039));
#5011 = ORIENTED_EDGE('',*,*,#5012,.F.);
#5012 = EDGE_CURVE('',#5013,#5015,#5017,.T.);
#5013 = VERTEX_POINT('',#5014);
#5014 = CARTESIAN_POINT('',(9.637,-1.3544,0.));
#5015 = VERTEX_POINT('',#5016);
#5016 = CARTESIAN_POINT('',(9.187,-1.3544,0.));
#5017 = CIRCLE('',#5018,0.225);
#5018 = AXIS2_PLACEMENT_3D('',#5019,#5020,#5021);
#5019 = CARTESIAN_POINT('',(9.412,-1.3544,0.));
#5020 = DIRECTION('',(-0.,0.,-1.));
#5021 = DIRECTION('',(-1.,-1.973729821556E-15,0.));
#5022 = ORIENTED_EDGE('',*,*,#5023,.T.);
#5023 = EDGE_CURVE('',#5013,#5024,#5026,.T.);
#5024 = VERTEX_POINT('',#5025);
#5025 = CARTESIAN_POINT('',(9.637,-0.6044,0.));
#5026 = LINE('',#5027,#5028);
#5027 = CARTESIAN_POINT('',(9.637,-0.6772,0.));
#5028 = VECTOR('',#5029,1.);
#5029 = DIRECTION('',(0.,1.,-0.));
#5030 = ORIENTED_EDGE('',*,*,#5031,.F.);
#5031 = EDGE_CURVE('',#5032,#5024,#5034,.T.);
#5032 = VERTEX_POINT('',#5033);
#5033 = CARTESIAN_POINT('',(9.187,-0.6044,0.));
#5034 = CIRCLE('',#5035,0.225);
#5035 = AXIS2_PLACEMENT_3D('',#5036,#5037,#5038);
#5036 = CARTESIAN_POINT('',(9.412,-0.6044,0.));
#5037 = DIRECTION('',(0.,-0.,-1.));
#5038 = DIRECTION('',(1.,0.,-0.));
#5039 = ORIENTED_EDGE('',*,*,#5040,.T.);
#5040 = EDGE_CURVE('',#5032,#5015,#5041,.T.);
#5041 = LINE('',#5042,#5043);
#5042 = CARTESIAN_POINT('',(9.187,-0.3022,0.));
#5043 = VECTOR('',#5044,1.);
#5044 = DIRECTION('',(0.,-1.,0.));
#5045 = PLANE('',#5046);
#5046 = AXIS2_PLACEMENT_3D('',#5047,#5048,#5049);
#5047 = CARTESIAN_POINT('',(0.,0.,0.));
#5048 = DIRECTION('',(-0.,-0.,-1.));
#5049 = DIRECTION('',(-1.,0.,0.));
#5050 = ADVANCED_FACE('',(#5051),#5070,.F.);
#5051 = FACE_BOUND('',#5052,.T.);
#5052 = EDGE_LOOP('',(#5053,#5054,#5063,#5069));
#5053 = ORIENTED_EDGE('',*,*,#4328,.F.);
#5054 = ORIENTED_EDGE('',*,*,#5055,.F.);
#5055 = EDGE_CURVE('',#5056,#4321,#5058,.T.);
#5056 = VERTEX_POINT('',#5057);
#5057 = CARTESIAN_POINT('',(8.48,-7.,0.8));
#5058 = CIRCLE('',#5059,0.3);
#5059 = AXIS2_PLACEMENT_3D('',#5060,#5061,#5062);
#5060 = CARTESIAN_POINT('',(8.78,-7.,0.8));
#5061 = DIRECTION('',(-0.,0.,-1.));
#5062 = DIRECTION('',(-5.921189464668E-15,-1.,0.));
#5063 = ORIENTED_EDGE('',*,*,#5064,.T.);
#5064 = EDGE_CURVE('',#5056,#4352,#5065,.T.);
#5065 = LINE('',#5066,#5067);
#5066 = CARTESIAN_POINT('',(8.48,-7.,-4.5E-02));
#5067 = VECTOR('',#5068,1.);
#5068 = DIRECTION('',(-0.,-0.,-1.));
#5069 = ORIENTED_EDGE('',*,*,#4351,.T.);
#5070 = CYLINDRICAL_SURFACE('',#5071,0.3);
#5071 = AXIS2_PLACEMENT_3D('',#5072,#5073,#5074);
#5072 = CARTESIAN_POINT('',(8.78,-7.,-4.5E-02));
#5073 = DIRECTION('',(-0.,-0.,-1.));
#5074 = DIRECTION('',(-5.921189464668E-15,-1.,0.));
#5075 = ADVANCED_FACE('',(#5076,#5738),#5774,.F.);
#5076 = FACE_BOUND('',#5077,.F.);
#5077 = EDGE_LOOP('',(#5078,#5086,#5087,#5088,#5096,#5105,#5113,#5122,
    #5130,#5139,#5147,#5156,#5164,#5173,#5181,#5190,#5198,#5207,#5215,
    #5224,#5232,#5241,#5249,#5258,#5266,#5275,#5283,#5292,#5300,#5309,
    #5317,#5326,#5334,#5342,#5350,#5359,#5368,#5376,#5385,#5394,#5402,
    #5411,#5420,#5428,#5437,#5446,#5454,#5463,#5472,#5480,#5489,#5498,
    #5506,#5515,#5524,#5532,#5541,#5550,#5558,#5567,#5576,#5584,#5593,
    #5602,#5610,#5619,#5628,#5636,#5645,#5654,#5662,#5671,#5680,#5688,
    #5697,#5706,#5714,#5723,#5732));
#5078 = ORIENTED_EDGE('',*,*,#5079,.T.);
#5079 = EDGE_CURVE('',#5080,#4313,#5082,.T.);
#5080 = VERTEX_POINT('',#5081);
#5081 = CARTESIAN_POINT('',(10.,7.,0.8));
#5082 = LINE('',#5083,#5084);
#5083 = CARTESIAN_POINT('',(10.,7.,0.8));
#5084 = VECTOR('',#5085,1.);
#5085 = DIRECTION('',(0.,-1.,0.));
#5086 = ORIENTED_EDGE('',*,*,#4320,.T.);
#5087 = ORIENTED_EDGE('',*,*,#5055,.F.);
#5088 = ORIENTED_EDGE('',*,*,#5089,.T.);
#5089 = EDGE_CURVE('',#5056,#5090,#5092,.T.);
#5090 = VERTEX_POINT('',#5091);
#5091 = CARTESIAN_POINT('',(7.81,-7.,0.8));
#5092 = LINE('',#5093,#5094);
#5093 = CARTESIAN_POINT('',(10.,-7.,0.8));
#5094 = VECTOR('',#5095,1.);
#5095 = DIRECTION('',(-1.,0.,0.));
#5096 = ORIENTED_EDGE('',*,*,#5097,.F.);
#5097 = EDGE_CURVE('',#5098,#5090,#5100,.T.);
#5098 = VERTEX_POINT('',#5099);
#5099 = CARTESIAN_POINT('',(7.21,-7.,0.8));
#5100 = CIRCLE('',#5101,0.3);
#5101 = AXIS2_PLACEMENT_3D('',#5102,#5103,#5104);
#5102 = CARTESIAN_POINT('',(7.51,-7.,0.8));
#5103 = DIRECTION('',(-0.,0.,-1.));
#5104 = DIRECTION('',(-0.,-1.,0.));
#5105 = ORIENTED_EDGE('',*,*,#5106,.T.);
#5106 = EDGE_CURVE('',#5098,#5107,#5109,.T.);
#5107 = VERTEX_POINT('',#5108);
#5108 = CARTESIAN_POINT('',(6.54,-7.,0.8));
#5109 = LINE('',#5110,#5111);
#5110 = CARTESIAN_POINT('',(10.,-7.,0.8));
#5111 = VECTOR('',#5112,1.);
#5112 = DIRECTION('',(-1.,0.,0.));
#5113 = ORIENTED_EDGE('',*,*,#5114,.F.);
#5114 = EDGE_CURVE('',#5115,#5107,#5117,.T.);
#5115 = VERTEX_POINT('',#5116);
#5116 = CARTESIAN_POINT('',(5.94,-7.,0.8));
#5117 = CIRCLE('',#5118,0.3);
#5118 = AXIS2_PLACEMENT_3D('',#5119,#5120,#5121);
#5119 = CARTESIAN_POINT('',(6.24,-7.,0.8));
#5120 = DIRECTION('',(-0.,0.,-1.));
#5121 = DIRECTION('',(-0.,-1.,0.));
#5122 = ORIENTED_EDGE('',*,*,#5123,.T.);
#5123 = EDGE_CURVE('',#5115,#5124,#5126,.T.);
#5124 = VERTEX_POINT('',#5125);
#5125 = CARTESIAN_POINT('',(5.27,-7.,0.8));
#5126 = LINE('',#5127,#5128);
#5127 = CARTESIAN_POINT('',(10.,-7.,0.8));
#5128 = VECTOR('',#5129,1.);
#5129 = DIRECTION('',(-1.,0.,0.));
#5130 = ORIENTED_EDGE('',*,*,#5131,.F.);
#5131 = EDGE_CURVE('',#5132,#5124,#5134,.T.);
#5132 = VERTEX_POINT('',#5133);
#5133 = CARTESIAN_POINT('',(4.67,-7.,0.8));
#5134 = CIRCLE('',#5135,0.3);
#5135 = AXIS2_PLACEMENT_3D('',#5136,#5137,#5138);
#5136 = CARTESIAN_POINT('',(4.97,-7.,0.8));
#5137 = DIRECTION('',(-0.,0.,-1.));
#5138 = DIRECTION('',(-0.,-1.,0.));
#5139 = ORIENTED_EDGE('',*,*,#5140,.T.);
#5140 = EDGE_CURVE('',#5132,#5141,#5143,.T.);
#5141 = VERTEX_POINT('',#5142);
#5142 = CARTESIAN_POINT('',(4.,-7.,0.8));
#5143 = LINE('',#5144,#5145);
#5144 = CARTESIAN_POINT('',(10.,-7.,0.8));
#5145 = VECTOR('',#5146,1.);
#5146 = DIRECTION('',(-1.,0.,0.));
#5147 = ORIENTED_EDGE('',*,*,#5148,.F.);
#5148 = EDGE_CURVE('',#5149,#5141,#5151,.T.);
#5149 = VERTEX_POINT('',#5150);
#5150 = CARTESIAN_POINT('',(3.4,-7.,0.8));
#5151 = CIRCLE('',#5152,0.3);
#5152 = AXIS2_PLACEMENT_3D('',#5153,#5154,#5155);
#5153 = CARTESIAN_POINT('',(3.7,-7.,0.8));
#5154 = DIRECTION('',(-0.,0.,-1.));
#5155 = DIRECTION('',(-0.,-1.,0.));
#5156 = ORIENTED_EDGE('',*,*,#5157,.T.);
#5157 = EDGE_CURVE('',#5149,#5158,#5160,.T.);
#5158 = VERTEX_POINT('',#5159);
#5159 = CARTESIAN_POINT('',(2.73,-7.,0.8));
#5160 = LINE('',#5161,#5162);
#5161 = CARTESIAN_POINT('',(10.,-7.,0.8));
#5162 = VECTOR('',#5163,1.);
#5163 = DIRECTION('',(-1.,0.,0.));
#5164 = ORIENTED_EDGE('',*,*,#5165,.F.);
#5165 = EDGE_CURVE('',#5166,#5158,#5168,.T.);
#5166 = VERTEX_POINT('',#5167);
#5167 = CARTESIAN_POINT('',(2.13,-7.,0.8));
#5168 = CIRCLE('',#5169,0.3);
#5169 = AXIS2_PLACEMENT_3D('',#5170,#5171,#5172);
#5170 = CARTESIAN_POINT('',(2.43,-7.,0.8));
#5171 = DIRECTION('',(-0.,0.,-1.));
#5172 = DIRECTION('',(1.480297366167E-15,-1.,-0.));
#5173 = ORIENTED_EDGE('',*,*,#5174,.T.);
#5174 = EDGE_CURVE('',#5166,#5175,#5177,.T.);
#5175 = VERTEX_POINT('',#5176);
#5176 = CARTESIAN_POINT('',(1.46,-7.,0.8));
#5177 = LINE('',#5178,#5179);
#5178 = CARTESIAN_POINT('',(10.,-7.,0.8));
#5179 = VECTOR('',#5180,1.);
#5180 = DIRECTION('',(-1.,0.,0.));
#5181 = ORIENTED_EDGE('',*,*,#5182,.F.);
#5182 = EDGE_CURVE('',#5183,#5175,#5185,.T.);
#5183 = VERTEX_POINT('',#5184);
#5184 = CARTESIAN_POINT('',(0.86,-7.,0.8));
#5185 = CIRCLE('',#5186,0.3);
#5186 = AXIS2_PLACEMENT_3D('',#5187,#5188,#5189);
#5187 = CARTESIAN_POINT('',(1.16,-7.,0.8));
#5188 = DIRECTION('',(-0.,0.,-1.));
#5189 = DIRECTION('',(-0.,-1.,0.));
#5190 = ORIENTED_EDGE('',*,*,#5191,.T.);
#5191 = EDGE_CURVE('',#5183,#5192,#5194,.T.);
#5192 = VERTEX_POINT('',#5193);
#5193 = CARTESIAN_POINT('',(0.19,-7.,0.8));
#5194 = LINE('',#5195,#5196);
#5195 = CARTESIAN_POINT('',(10.,-7.,0.8));
#5196 = VECTOR('',#5197,1.);
#5197 = DIRECTION('',(-1.,0.,0.));
#5198 = ORIENTED_EDGE('',*,*,#5199,.F.);
#5199 = EDGE_CURVE('',#5200,#5192,#5202,.T.);
#5200 = VERTEX_POINT('',#5201);
#5201 = CARTESIAN_POINT('',(-0.41,-7.,0.8));
#5202 = CIRCLE('',#5203,0.3);
#5203 = AXIS2_PLACEMENT_3D('',#5204,#5205,#5206);
#5204 = CARTESIAN_POINT('',(-0.11,-7.,0.8));
#5205 = DIRECTION('',(-0.,0.,-1.));
#5206 = DIRECTION('',(-4.625929269271E-17,-1.,0.));
#5207 = ORIENTED_EDGE('',*,*,#5208,.T.);
#5208 = EDGE_CURVE('',#5200,#5209,#5211,.T.);
#5209 = VERTEX_POINT('',#5210);
#5210 = CARTESIAN_POINT('',(-1.08,-7.,0.8));
#5211 = LINE('',#5212,#5213);
#5212 = CARTESIAN_POINT('',(10.,-7.,0.8));
#5213 = VECTOR('',#5214,1.);
#5214 = DIRECTION('',(-1.,0.,0.));
#5215 = ORIENTED_EDGE('',*,*,#5216,.F.);
#5216 = EDGE_CURVE('',#5217,#5209,#5219,.T.);
#5217 = VERTEX_POINT('',#5218);
#5218 = CARTESIAN_POINT('',(-1.68,-7.,0.8));
#5219 = CIRCLE('',#5220,0.3);
#5220 = AXIS2_PLACEMENT_3D('',#5221,#5222,#5223);
#5221 = CARTESIAN_POINT('',(-1.38,-7.,0.8));
#5222 = DIRECTION('',(-0.,0.,-1.));
#5223 = DIRECTION('',(-0.,-1.,0.));
#5224 = ORIENTED_EDGE('',*,*,#5225,.T.);
#5225 = EDGE_CURVE('',#5217,#5226,#5228,.T.);
#5226 = VERTEX_POINT('',#5227);
#5227 = CARTESIAN_POINT('',(-2.35,-7.,0.8));
#5228 = LINE('',#5229,#5230);
#5229 = CARTESIAN_POINT('',(10.,-7.,0.8));
#5230 = VECTOR('',#5231,1.);
#5231 = DIRECTION('',(-1.,0.,0.));
#5232 = ORIENTED_EDGE('',*,*,#5233,.F.);
#5233 = EDGE_CURVE('',#5234,#5226,#5236,.T.);
#5234 = VERTEX_POINT('',#5235);
#5235 = CARTESIAN_POINT('',(-2.95,-7.,0.8));
#5236 = CIRCLE('',#5237,0.3);
#5237 = AXIS2_PLACEMENT_3D('',#5238,#5239,#5240);
#5238 = CARTESIAN_POINT('',(-2.65,-7.,0.8));
#5239 = DIRECTION('',(-0.,0.,-1.));
#5240 = DIRECTION('',(1.480297366167E-15,-1.,-0.));
#5241 = ORIENTED_EDGE('',*,*,#5242,.T.);
#5242 = EDGE_CURVE('',#5234,#5243,#5245,.T.);
#5243 = VERTEX_POINT('',#5244);
#5244 = CARTESIAN_POINT('',(-3.62,-7.,0.8));
#5245 = LINE('',#5246,#5247);
#5246 = CARTESIAN_POINT('',(10.,-7.,0.8));
#5247 = VECTOR('',#5248,1.);
#5248 = DIRECTION('',(-1.,0.,0.));
#5249 = ORIENTED_EDGE('',*,*,#5250,.F.);
#5250 = EDGE_CURVE('',#5251,#5243,#5253,.T.);
#5251 = VERTEX_POINT('',#5252);
#5252 = CARTESIAN_POINT('',(-4.22,-7.,0.8));
#5253 = CIRCLE('',#5254,0.3);
#5254 = AXIS2_PLACEMENT_3D('',#5255,#5256,#5257);
#5255 = CARTESIAN_POINT('',(-3.92,-7.,0.8));
#5256 = DIRECTION('',(-0.,0.,-1.));
#5257 = DIRECTION('',(-0.,-1.,0.));
#5258 = ORIENTED_EDGE('',*,*,#5259,.T.);
#5259 = EDGE_CURVE('',#5251,#5260,#5262,.T.);
#5260 = VERTEX_POINT('',#5261);
#5261 = CARTESIAN_POINT('',(-4.89,-7.,0.8));
#5262 = LINE('',#5263,#5264);
#5263 = CARTESIAN_POINT('',(10.,-7.,0.8));
#5264 = VECTOR('',#5265,1.);
#5265 = DIRECTION('',(-1.,0.,0.));
#5266 = ORIENTED_EDGE('',*,*,#5267,.F.);
#5267 = EDGE_CURVE('',#5268,#5260,#5270,.T.);
#5268 = VERTEX_POINT('',#5269);
#5269 = CARTESIAN_POINT('',(-5.49,-7.,0.8));
#5270 = CIRCLE('',#5271,0.3);
#5271 = AXIS2_PLACEMENT_3D('',#5272,#5273,#5274);
#5272 = CARTESIAN_POINT('',(-5.19,-7.,0.8));
#5273 = DIRECTION('',(-0.,0.,-1.));
#5274 = DIRECTION('',(-2.960594732334E-15,-1.,0.));
#5275 = ORIENTED_EDGE('',*,*,#5276,.T.);
#5276 = EDGE_CURVE('',#5268,#5277,#5279,.T.);
#5277 = VERTEX_POINT('',#5278);
#5278 = CARTESIAN_POINT('',(-6.16,-7.,0.8));
#5279 = LINE('',#5280,#5281);
#5280 = CARTESIAN_POINT('',(10.,-7.,0.8));
#5281 = VECTOR('',#5282,1.);
#5282 = DIRECTION('',(-1.,0.,0.));
#5283 = ORIENTED_EDGE('',*,*,#5284,.F.);
#5284 = EDGE_CURVE('',#5285,#5277,#5287,.T.);
#5285 = VERTEX_POINT('',#5286);
#5286 = CARTESIAN_POINT('',(-6.76,-7.,0.8));
#5287 = CIRCLE('',#5288,0.3);
#5288 = AXIS2_PLACEMENT_3D('',#5289,#5290,#5291);
#5289 = CARTESIAN_POINT('',(-6.46,-7.,0.8));
#5290 = DIRECTION('',(-0.,0.,-1.));
#5291 = DIRECTION('',(-0.,-1.,0.));
#5292 = ORIENTED_EDGE('',*,*,#5293,.T.);
#5293 = EDGE_CURVE('',#5285,#5294,#5296,.T.);
#5294 = VERTEX_POINT('',#5295);
#5295 = CARTESIAN_POINT('',(-7.43,-7.,0.8));
#5296 = LINE('',#5297,#5298);
#5297 = CARTESIAN_POINT('',(10.,-7.,0.8));
#5298 = VECTOR('',#5299,1.);
#5299 = DIRECTION('',(-1.,0.,0.));
#5300 = ORIENTED_EDGE('',*,*,#5301,.F.);
#5301 = EDGE_CURVE('',#5302,#5294,#5304,.T.);
#5302 = VERTEX_POINT('',#5303);
#5303 = CARTESIAN_POINT('',(-8.03,-7.,0.8));
#5304 = CIRCLE('',#5305,0.3);
#5305 = AXIS2_PLACEMENT_3D('',#5306,#5307,#5308);
#5306 = CARTESIAN_POINT('',(-7.73,-7.,0.8));
#5307 = DIRECTION('',(-0.,0.,-1.));
#5308 = DIRECTION('',(-2.960594732334E-15,-1.,0.));
#5309 = ORIENTED_EDGE('',*,*,#5310,.T.);
#5310 = EDGE_CURVE('',#5302,#5311,#5313,.T.);
#5311 = VERTEX_POINT('',#5312);
#5312 = CARTESIAN_POINT('',(-8.7,-7.,0.8));
#5313 = LINE('',#5314,#5315);
#5314 = CARTESIAN_POINT('',(10.,-7.,0.8));
#5315 = VECTOR('',#5316,1.);
#5316 = DIRECTION('',(-1.,0.,0.));
#5317 = ORIENTED_EDGE('',*,*,#5318,.F.);
#5318 = EDGE_CURVE('',#5319,#5311,#5321,.T.);
#5319 = VERTEX_POINT('',#5320);
#5320 = CARTESIAN_POINT('',(-9.3,-7.,0.8));
#5321 = CIRCLE('',#5322,0.3);
#5322 = AXIS2_PLACEMENT_3D('',#5323,#5324,#5325);
#5323 = CARTESIAN_POINT('',(-9.,-7.,0.8));
#5324 = DIRECTION('',(-0.,0.,-1.));
#5325 = DIRECTION('',(-0.,-1.,0.));
#5326 = ORIENTED_EDGE('',*,*,#5327,.T.);
#5327 = EDGE_CURVE('',#5319,#5328,#5330,.T.);
#5328 = VERTEX_POINT('',#5329);
#5329 = CARTESIAN_POINT('',(-10.,-7.,0.8));
#5330 = LINE('',#5331,#5332);
#5331 = CARTESIAN_POINT('',(10.,-7.,0.8));
#5332 = VECTOR('',#5333,1.);
#5333 = DIRECTION('',(-1.,0.,0.));
#5334 = ORIENTED_EDGE('',*,*,#5335,.T.);
#5335 = EDGE_CURVE('',#5328,#5336,#5338,.T.);
#5336 = VERTEX_POINT('',#5337);
#5337 = CARTESIAN_POINT('',(-10.,7.,0.8));
#5338 = LINE('',#5339,#5340);
#5339 = CARTESIAN_POINT('',(-10.,-7.,0.8));
#5340 = VECTOR('',#5341,1.);
#5341 = DIRECTION('',(0.,1.,0.));
#5342 = ORIENTED_EDGE('',*,*,#5343,.T.);
#5343 = EDGE_CURVE('',#5336,#5344,#5346,.T.);
#5344 = VERTEX_POINT('',#5345);
#5345 = CARTESIAN_POINT('',(-9.3,7.,0.8));
#5346 = LINE('',#5347,#5348);
#5347 = CARTESIAN_POINT('',(-10.,7.,0.8));
#5348 = VECTOR('',#5349,1.);
#5349 = DIRECTION('',(1.,0.,0.));
#5350 = ORIENTED_EDGE('',*,*,#5351,.F.);
#5351 = EDGE_CURVE('',#5352,#5344,#5354,.T.);
#5352 = VERTEX_POINT('',#5353);
#5353 = CARTESIAN_POINT('',(-9.,6.7,0.8));
#5354 = CIRCLE('',#5355,0.3);
#5355 = AXIS2_PLACEMENT_3D('',#5356,#5357,#5358);
#5356 = CARTESIAN_POINT('',(-9.,7.,0.8));
#5357 = DIRECTION('',(-0.,0.,-1.));
#5358 = DIRECTION('',(-0.,-1.,0.));
#5359 = ORIENTED_EDGE('',*,*,#5360,.F.);
#5360 = EDGE_CURVE('',#5361,#5352,#5363,.T.);
#5361 = VERTEX_POINT('',#5362);
#5362 = CARTESIAN_POINT('',(-8.7,7.,0.8));
#5363 = CIRCLE('',#5364,0.3);
#5364 = AXIS2_PLACEMENT_3D('',#5365,#5366,#5367);
#5365 = CARTESIAN_POINT('',(-9.,7.,0.8));
#5366 = DIRECTION('',(-0.,0.,-1.));
#5367 = DIRECTION('',(-0.,-1.,0.));
#5368 = ORIENTED_EDGE('',*,*,#5369,.T.);
#5369 = EDGE_CURVE('',#5361,#5370,#5372,.T.);
#5370 = VERTEX_POINT('',#5371);
#5371 = CARTESIAN_POINT('',(-8.03,7.,0.8));
#5372 = LINE('',#5373,#5374);
#5373 = CARTESIAN_POINT('',(-10.,7.,0.8));
#5374 = VECTOR('',#5375,1.);
#5375 = DIRECTION('',(1.,0.,0.));
#5376 = ORIENTED_EDGE('',*,*,#5377,.F.);
#5377 = EDGE_CURVE('',#5378,#5370,#5380,.T.);
#5378 = VERTEX_POINT('',#5379);
#5379 = CARTESIAN_POINT('',(-7.73,6.7,0.8));
#5380 = CIRCLE('',#5381,0.3);
#5381 = AXIS2_PLACEMENT_3D('',#5382,#5383,#5384);
#5382 = CARTESIAN_POINT('',(-7.73,7.,0.8));
#5383 = DIRECTION('',(-0.,0.,-1.));
#5384 = DIRECTION('',(-2.960594732334E-15,-1.,0.));
#5385 = ORIENTED_EDGE('',*,*,#5386,.F.);
#5386 = EDGE_CURVE('',#5387,#5378,#5389,.T.);
#5387 = VERTEX_POINT('',#5388);
#5388 = CARTESIAN_POINT('',(-7.43,7.,0.8));
#5389 = CIRCLE('',#5390,0.3);
#5390 = AXIS2_PLACEMENT_3D('',#5391,#5392,#5393);
#5391 = CARTESIAN_POINT('',(-7.73,7.,0.8));
#5392 = DIRECTION('',(-0.,0.,-1.));
#5393 = DIRECTION('',(-2.960594732334E-15,-1.,0.));
#5394 = ORIENTED_EDGE('',*,*,#5395,.T.);
#5395 = EDGE_CURVE('',#5387,#5396,#5398,.T.);
#5396 = VERTEX_POINT('',#5397);
#5397 = CARTESIAN_POINT('',(-6.76,7.,0.8));
#5398 = LINE('',#5399,#5400);
#5399 = CARTESIAN_POINT('',(-10.,7.,0.8));
#5400 = VECTOR('',#5401,1.);
#5401 = DIRECTION('',(1.,0.,0.));
#5402 = ORIENTED_EDGE('',*,*,#5403,.F.);
#5403 = EDGE_CURVE('',#5404,#5396,#5406,.T.);
#5404 = VERTEX_POINT('',#5405);
#5405 = CARTESIAN_POINT('',(-6.46,6.7,0.8));
#5406 = CIRCLE('',#5407,0.3);
#5407 = AXIS2_PLACEMENT_3D('',#5408,#5409,#5410);
#5408 = CARTESIAN_POINT('',(-6.46,7.,0.8));
#5409 = DIRECTION('',(-0.,0.,-1.));
#5410 = DIRECTION('',(-0.,-1.,0.));
#5411 = ORIENTED_EDGE('',*,*,#5412,.F.);
#5412 = EDGE_CURVE('',#5413,#5404,#5415,.T.);
#5413 = VERTEX_POINT('',#5414);
#5414 = CARTESIAN_POINT('',(-6.16,7.,0.8));
#5415 = CIRCLE('',#5416,0.3);
#5416 = AXIS2_PLACEMENT_3D('',#5417,#5418,#5419);
#5417 = CARTESIAN_POINT('',(-6.46,7.,0.8));
#5418 = DIRECTION('',(-0.,0.,-1.));
#5419 = DIRECTION('',(-0.,-1.,0.));
#5420 = ORIENTED_EDGE('',*,*,#5421,.T.);
#5421 = EDGE_CURVE('',#5413,#5422,#5424,.T.);
#5422 = VERTEX_POINT('',#5423);
#5423 = CARTESIAN_POINT('',(-5.49,7.,0.8));
#5424 = LINE('',#5425,#5426);
#5425 = CARTESIAN_POINT('',(-10.,7.,0.8));
#5426 = VECTOR('',#5427,1.);
#5427 = DIRECTION('',(1.,0.,0.));
#5428 = ORIENTED_EDGE('',*,*,#5429,.F.);
#5429 = EDGE_CURVE('',#5430,#5422,#5432,.T.);
#5430 = VERTEX_POINT('',#5431);
#5431 = CARTESIAN_POINT('',(-5.19,6.7,0.8));
#5432 = CIRCLE('',#5433,0.3);
#5433 = AXIS2_PLACEMENT_3D('',#5434,#5435,#5436);
#5434 = CARTESIAN_POINT('',(-5.19,7.,0.8));
#5435 = DIRECTION('',(-0.,0.,-1.));
#5436 = DIRECTION('',(-2.960594732334E-15,-1.,0.));
#5437 = ORIENTED_EDGE('',*,*,#5438,.F.);
#5438 = EDGE_CURVE('',#5439,#5430,#5441,.T.);
#5439 = VERTEX_POINT('',#5440);
#5440 = CARTESIAN_POINT('',(-4.89,7.,0.8));
#5441 = CIRCLE('',#5442,0.3);
#5442 = AXIS2_PLACEMENT_3D('',#5443,#5444,#5445);
#5443 = CARTESIAN_POINT('',(-5.19,7.,0.8));
#5444 = DIRECTION('',(-0.,0.,-1.));
#5445 = DIRECTION('',(-2.960594732334E-15,-1.,0.));
#5446 = ORIENTED_EDGE('',*,*,#5447,.T.);
#5447 = EDGE_CURVE('',#5439,#5448,#5450,.T.);
#5448 = VERTEX_POINT('',#5449);
#5449 = CARTESIAN_POINT('',(-4.22,7.,0.8));
#5450 = LINE('',#5451,#5452);
#5451 = CARTESIAN_POINT('',(-10.,7.,0.8));
#5452 = VECTOR('',#5453,1.);
#5453 = DIRECTION('',(1.,0.,0.));
#5454 = ORIENTED_EDGE('',*,*,#5455,.F.);
#5455 = EDGE_CURVE('',#5456,#5448,#5458,.T.);
#5456 = VERTEX_POINT('',#5457);
#5457 = CARTESIAN_POINT('',(-3.92,6.7,0.8));
#5458 = CIRCLE('',#5459,0.3);
#5459 = AXIS2_PLACEMENT_3D('',#5460,#5461,#5462);
#5460 = CARTESIAN_POINT('',(-3.92,7.,0.8));
#5461 = DIRECTION('',(-0.,0.,-1.));
#5462 = DIRECTION('',(-0.,-1.,0.));
#5463 = ORIENTED_EDGE('',*,*,#5464,.F.);
#5464 = EDGE_CURVE('',#5465,#5456,#5467,.T.);
#5465 = VERTEX_POINT('',#5466);
#5466 = CARTESIAN_POINT('',(-3.62,7.,0.8));
#5467 = CIRCLE('',#5468,0.3);
#5468 = AXIS2_PLACEMENT_3D('',#5469,#5470,#5471);
#5469 = CARTESIAN_POINT('',(-3.92,7.,0.8));
#5470 = DIRECTION('',(-0.,0.,-1.));
#5471 = DIRECTION('',(-0.,-1.,0.));
#5472 = ORIENTED_EDGE('',*,*,#5473,.T.);
#5473 = EDGE_CURVE('',#5465,#5474,#5476,.T.);
#5474 = VERTEX_POINT('',#5475);
#5475 = CARTESIAN_POINT('',(-2.95,7.,0.8));
#5476 = LINE('',#5477,#5478);
#5477 = CARTESIAN_POINT('',(-10.,7.,0.8));
#5478 = VECTOR('',#5479,1.);
#5479 = DIRECTION('',(1.,0.,0.));
#5480 = ORIENTED_EDGE('',*,*,#5481,.F.);
#5481 = EDGE_CURVE('',#5482,#5474,#5484,.T.);
#5482 = VERTEX_POINT('',#5483);
#5483 = CARTESIAN_POINT('',(-2.65,6.7,0.8));
#5484 = CIRCLE('',#5485,0.3);
#5485 = AXIS2_PLACEMENT_3D('',#5486,#5487,#5488);
#5486 = CARTESIAN_POINT('',(-2.65,7.,0.8));
#5487 = DIRECTION('',(-0.,0.,-1.));
#5488 = DIRECTION('',(1.480297366167E-15,-1.,-0.));
#5489 = ORIENTED_EDGE('',*,*,#5490,.F.);
#5490 = EDGE_CURVE('',#5491,#5482,#5493,.T.);
#5491 = VERTEX_POINT('',#5492);
#5492 = CARTESIAN_POINT('',(-2.35,7.,0.8));
#5493 = CIRCLE('',#5494,0.3);
#5494 = AXIS2_PLACEMENT_3D('',#5495,#5496,#5497);
#5495 = CARTESIAN_POINT('',(-2.65,7.,0.8));
#5496 = DIRECTION('',(-0.,0.,-1.));
#5497 = DIRECTION('',(1.480297366167E-15,-1.,-0.));
#5498 = ORIENTED_EDGE('',*,*,#5499,.T.);
#5499 = EDGE_CURVE('',#5491,#5500,#5502,.T.);
#5500 = VERTEX_POINT('',#5501);
#5501 = CARTESIAN_POINT('',(-1.68,7.,0.8));
#5502 = LINE('',#5503,#5504);
#5503 = CARTESIAN_POINT('',(-10.,7.,0.8));
#5504 = VECTOR('',#5505,1.);
#5505 = DIRECTION('',(1.,0.,0.));
#5506 = ORIENTED_EDGE('',*,*,#5507,.F.);
#5507 = EDGE_CURVE('',#5508,#5500,#5510,.T.);
#5508 = VERTEX_POINT('',#5509);
#5509 = CARTESIAN_POINT('',(-1.38,6.7,0.8));
#5510 = CIRCLE('',#5511,0.3);
#5511 = AXIS2_PLACEMENT_3D('',#5512,#5513,#5514);
#5512 = CARTESIAN_POINT('',(-1.38,7.,0.8));
#5513 = DIRECTION('',(-0.,0.,-1.));
#5514 = DIRECTION('',(-0.,-1.,0.));
#5515 = ORIENTED_EDGE('',*,*,#5516,.F.);
#5516 = EDGE_CURVE('',#5517,#5508,#5519,.T.);
#5517 = VERTEX_POINT('',#5518);
#5518 = CARTESIAN_POINT('',(-1.08,7.,0.8));
#5519 = CIRCLE('',#5520,0.3);
#5520 = AXIS2_PLACEMENT_3D('',#5521,#5522,#5523);
#5521 = CARTESIAN_POINT('',(-1.38,7.,0.8));
#5522 = DIRECTION('',(-0.,0.,-1.));
#5523 = DIRECTION('',(-0.,-1.,0.));
#5524 = ORIENTED_EDGE('',*,*,#5525,.T.);
#5525 = EDGE_CURVE('',#5517,#5526,#5528,.T.);
#5526 = VERTEX_POINT('',#5527);
#5527 = CARTESIAN_POINT('',(-0.41,7.,0.8));
#5528 = LINE('',#5529,#5530);
#5529 = CARTESIAN_POINT('',(-10.,7.,0.8));
#5530 = VECTOR('',#5531,1.);
#5531 = DIRECTION('',(1.,0.,0.));
#5532 = ORIENTED_EDGE('',*,*,#5533,.F.);
#5533 = EDGE_CURVE('',#5534,#5526,#5536,.T.);
#5534 = VERTEX_POINT('',#5535);
#5535 = CARTESIAN_POINT('',(-0.11,6.7,0.8));
#5536 = CIRCLE('',#5537,0.3);
#5537 = AXIS2_PLACEMENT_3D('',#5538,#5539,#5540);
#5538 = CARTESIAN_POINT('',(-0.11,7.,0.8));
#5539 = DIRECTION('',(-0.,0.,-1.));
#5540 = DIRECTION('',(-4.625929269271E-17,-1.,0.));
#5541 = ORIENTED_EDGE('',*,*,#5542,.F.);
#5542 = EDGE_CURVE('',#5543,#5534,#5545,.T.);
#5543 = VERTEX_POINT('',#5544);
#5544 = CARTESIAN_POINT('',(0.19,7.,0.8));
#5545 = CIRCLE('',#5546,0.3);
#5546 = AXIS2_PLACEMENT_3D('',#5547,#5548,#5549);
#5547 = CARTESIAN_POINT('',(-0.11,7.,0.8));
#5548 = DIRECTION('',(-0.,0.,-1.));
#5549 = DIRECTION('',(-4.625929269271E-17,-1.,0.));
#5550 = ORIENTED_EDGE('',*,*,#5551,.T.);
#5551 = EDGE_CURVE('',#5543,#5552,#5554,.T.);
#5552 = VERTEX_POINT('',#5553);
#5553 = CARTESIAN_POINT('',(0.86,7.,0.8));
#5554 = LINE('',#5555,#5556);
#5555 = CARTESIAN_POINT('',(-10.,7.,0.8));
#5556 = VECTOR('',#5557,1.);
#5557 = DIRECTION('',(1.,0.,0.));
#5558 = ORIENTED_EDGE('',*,*,#5559,.F.);
#5559 = EDGE_CURVE('',#5560,#5552,#5562,.T.);
#5560 = VERTEX_POINT('',#5561);
#5561 = CARTESIAN_POINT('',(1.16,6.7,0.8));
#5562 = CIRCLE('',#5563,0.3);
#5563 = AXIS2_PLACEMENT_3D('',#5564,#5565,#5566);
#5564 = CARTESIAN_POINT('',(1.16,7.,0.8));
#5565 = DIRECTION('',(-0.,0.,-1.));
#5566 = DIRECTION('',(-0.,-1.,0.));
#5567 = ORIENTED_EDGE('',*,*,#5568,.F.);
#5568 = EDGE_CURVE('',#5569,#5560,#5571,.T.);
#5569 = VERTEX_POINT('',#5570);
#5570 = CARTESIAN_POINT('',(1.46,7.,0.8));
#5571 = CIRCLE('',#5572,0.3);
#5572 = AXIS2_PLACEMENT_3D('',#5573,#5574,#5575);
#5573 = CARTESIAN_POINT('',(1.16,7.,0.8));
#5574 = DIRECTION('',(-0.,0.,-1.));
#5575 = DIRECTION('',(-0.,-1.,0.));
#5576 = ORIENTED_EDGE('',*,*,#5577,.T.);
#5577 = EDGE_CURVE('',#5569,#5578,#5580,.T.);
#5578 = VERTEX_POINT('',#5579);
#5579 = CARTESIAN_POINT('',(2.13,7.,0.8));
#5580 = LINE('',#5581,#5582);
#5581 = CARTESIAN_POINT('',(-10.,7.,0.8));
#5582 = VECTOR('',#5583,1.);
#5583 = DIRECTION('',(1.,0.,0.));
#5584 = ORIENTED_EDGE('',*,*,#5585,.F.);
#5585 = EDGE_CURVE('',#5586,#5578,#5588,.T.);
#5586 = VERTEX_POINT('',#5587);
#5587 = CARTESIAN_POINT('',(2.43,6.7,0.8));
#5588 = CIRCLE('',#5589,0.3);
#5589 = AXIS2_PLACEMENT_3D('',#5590,#5591,#5592);
#5590 = CARTESIAN_POINT('',(2.43,7.,0.8));
#5591 = DIRECTION('',(-0.,0.,-1.));
#5592 = DIRECTION('',(1.480297366167E-15,-1.,-0.));
#5593 = ORIENTED_EDGE('',*,*,#5594,.F.);
#5594 = EDGE_CURVE('',#5595,#5586,#5597,.T.);
#5595 = VERTEX_POINT('',#5596);
#5596 = CARTESIAN_POINT('',(2.73,7.,0.8));
#5597 = CIRCLE('',#5598,0.3);
#5598 = AXIS2_PLACEMENT_3D('',#5599,#5600,#5601);
#5599 = CARTESIAN_POINT('',(2.43,7.,0.8));
#5600 = DIRECTION('',(-0.,0.,-1.));
#5601 = DIRECTION('',(1.480297366167E-15,-1.,-0.));
#5602 = ORIENTED_EDGE('',*,*,#5603,.T.);
#5603 = EDGE_CURVE('',#5595,#5604,#5606,.T.);
#5604 = VERTEX_POINT('',#5605);
#5605 = CARTESIAN_POINT('',(3.4,7.,0.8));
#5606 = LINE('',#5607,#5608);
#5607 = CARTESIAN_POINT('',(-10.,7.,0.8));
#5608 = VECTOR('',#5609,1.);
#5609 = DIRECTION('',(1.,0.,0.));
#5610 = ORIENTED_EDGE('',*,*,#5611,.F.);
#5611 = EDGE_CURVE('',#5612,#5604,#5614,.T.);
#5612 = VERTEX_POINT('',#5613);
#5613 = CARTESIAN_POINT('',(3.7,6.7,0.8));
#5614 = CIRCLE('',#5615,0.3);
#5615 = AXIS2_PLACEMENT_3D('',#5616,#5617,#5618);
#5616 = CARTESIAN_POINT('',(3.7,7.,0.8));
#5617 = DIRECTION('',(-0.,0.,-1.));
#5618 = DIRECTION('',(-0.,-1.,0.));
#5619 = ORIENTED_EDGE('',*,*,#5620,.F.);
#5620 = EDGE_CURVE('',#5621,#5612,#5623,.T.);
#5621 = VERTEX_POINT('',#5622);
#5622 = CARTESIAN_POINT('',(4.,7.,0.8));
#5623 = CIRCLE('',#5624,0.3);
#5624 = AXIS2_PLACEMENT_3D('',#5625,#5626,#5627);
#5625 = CARTESIAN_POINT('',(3.7,7.,0.8));
#5626 = DIRECTION('',(-0.,0.,-1.));
#5627 = DIRECTION('',(-0.,-1.,0.));
#5628 = ORIENTED_EDGE('',*,*,#5629,.T.);
#5629 = EDGE_CURVE('',#5621,#5630,#5632,.T.);
#5630 = VERTEX_POINT('',#5631);
#5631 = CARTESIAN_POINT('',(4.67,7.,0.8));
#5632 = LINE('',#5633,#5634);
#5633 = CARTESIAN_POINT('',(-10.,7.,0.8));
#5634 = VECTOR('',#5635,1.);
#5635 = DIRECTION('',(1.,0.,0.));
#5636 = ORIENTED_EDGE('',*,*,#5637,.F.);
#5637 = EDGE_CURVE('',#5638,#5630,#5640,.T.);
#5638 = VERTEX_POINT('',#5639);
#5639 = CARTESIAN_POINT('',(4.97,6.7,0.8));
#5640 = CIRCLE('',#5641,0.3);
#5641 = AXIS2_PLACEMENT_3D('',#5642,#5643,#5644);
#5642 = CARTESIAN_POINT('',(4.97,7.,0.8));
#5643 = DIRECTION('',(-0.,0.,-1.));
#5644 = DIRECTION('',(-0.,-1.,0.));
#5645 = ORIENTED_EDGE('',*,*,#5646,.F.);
#5646 = EDGE_CURVE('',#5647,#5638,#5649,.T.);
#5647 = VERTEX_POINT('',#5648);
#5648 = CARTESIAN_POINT('',(5.27,7.,0.8));
#5649 = CIRCLE('',#5650,0.3);
#5650 = AXIS2_PLACEMENT_3D('',#5651,#5652,#5653);
#5651 = CARTESIAN_POINT('',(4.97,7.,0.8));
#5652 = DIRECTION('',(-0.,0.,-1.));
#5653 = DIRECTION('',(-0.,-1.,0.));
#5654 = ORIENTED_EDGE('',*,*,#5655,.T.);
#5655 = EDGE_CURVE('',#5647,#5656,#5658,.T.);
#5656 = VERTEX_POINT('',#5657);
#5657 = CARTESIAN_POINT('',(5.94,7.,0.8));
#5658 = LINE('',#5659,#5660);
#5659 = CARTESIAN_POINT('',(-10.,7.,0.8));
#5660 = VECTOR('',#5661,1.);
#5661 = DIRECTION('',(1.,0.,0.));
#5662 = ORIENTED_EDGE('',*,*,#5663,.F.);
#5663 = EDGE_CURVE('',#5664,#5656,#5666,.T.);
#5664 = VERTEX_POINT('',#5665);
#5665 = CARTESIAN_POINT('',(6.24,6.7,0.8));
#5666 = CIRCLE('',#5667,0.3);
#5667 = AXIS2_PLACEMENT_3D('',#5668,#5669,#5670);
#5668 = CARTESIAN_POINT('',(6.24,7.,0.8));
#5669 = DIRECTION('',(-0.,0.,-1.));
#5670 = DIRECTION('',(-0.,-1.,0.));
#5671 = ORIENTED_EDGE('',*,*,#5672,.F.);
#5672 = EDGE_CURVE('',#5673,#5664,#5675,.T.);
#5673 = VERTEX_POINT('',#5674);
#5674 = CARTESIAN_POINT('',(6.54,7.,0.8));
#5675 = CIRCLE('',#5676,0.3);
#5676 = AXIS2_PLACEMENT_3D('',#5677,#5678,#5679);
#5677 = CARTESIAN_POINT('',(6.24,7.,0.8));
#5678 = DIRECTION('',(-0.,0.,-1.));
#5679 = DIRECTION('',(-0.,-1.,0.));
#5680 = ORIENTED_EDGE('',*,*,#5681,.T.);
#5681 = EDGE_CURVE('',#5673,#5682,#5684,.T.);
#5682 = VERTEX_POINT('',#5683);
#5683 = CARTESIAN_POINT('',(7.21,7.,0.8));
#5684 = LINE('',#5685,#5686);
#5685 = CARTESIAN_POINT('',(-10.,7.,0.8));
#5686 = VECTOR('',#5687,1.);
#5687 = DIRECTION('',(1.,0.,0.));
#5688 = ORIENTED_EDGE('',*,*,#5689,.F.);
#5689 = EDGE_CURVE('',#5690,#5682,#5692,.T.);
#5690 = VERTEX_POINT('',#5691);
#5691 = CARTESIAN_POINT('',(7.51,6.7,0.8));
#5692 = CIRCLE('',#5693,0.3);
#5693 = AXIS2_PLACEMENT_3D('',#5694,#5695,#5696);
#5694 = CARTESIAN_POINT('',(7.51,7.,0.8));
#5695 = DIRECTION('',(-0.,0.,-1.));
#5696 = DIRECTION('',(-0.,-1.,0.));
#5697 = ORIENTED_EDGE('',*,*,#5698,.F.);
#5698 = EDGE_CURVE('',#5699,#5690,#5701,.T.);
#5699 = VERTEX_POINT('',#5700);
#5700 = CARTESIAN_POINT('',(7.81,7.,0.8));
#5701 = CIRCLE('',#5702,0.3);
#5702 = AXIS2_PLACEMENT_3D('',#5703,#5704,#5705);
#5703 = CARTESIAN_POINT('',(7.51,7.,0.8));
#5704 = DIRECTION('',(-0.,0.,-1.));
#5705 = DIRECTION('',(-0.,-1.,0.));
#5706 = ORIENTED_EDGE('',*,*,#5707,.T.);
#5707 = EDGE_CURVE('',#5699,#5708,#5710,.T.);
#5708 = VERTEX_POINT('',#5709);
#5709 = CARTESIAN_POINT('',(8.48,7.,0.8));
#5710 = LINE('',#5711,#5712);
#5711 = CARTESIAN_POINT('',(-10.,7.,0.8));
#5712 = VECTOR('',#5713,1.);
#5713 = DIRECTION('',(1.,0.,0.));
#5714 = ORIENTED_EDGE('',*,*,#5715,.F.);
#5715 = EDGE_CURVE('',#5716,#5708,#5718,.T.);
#5716 = VERTEX_POINT('',#5717);
#5717 = CARTESIAN_POINT('',(8.78,6.7,0.8));
#5718 = CIRCLE('',#5719,0.3);
#5719 = AXIS2_PLACEMENT_3D('',#5720,#5721,#5722);
#5720 = CARTESIAN_POINT('',(8.78,7.,0.8));
#5721 = DIRECTION('',(-0.,0.,-1.));
#5722 = DIRECTION('',(-5.921189464668E-15,-1.,0.));
#5723 = ORIENTED_EDGE('',*,*,#5724,.F.);
#5724 = EDGE_CURVE('',#5725,#5716,#5727,.T.);
#5725 = VERTEX_POINT('',#5726);
#5726 = CARTESIAN_POINT('',(9.08,7.,0.8));
#5727 = CIRCLE('',#5728,0.3);
#5728 = AXIS2_PLACEMENT_3D('',#5729,#5730,#5731);
#5729 = CARTESIAN_POINT('',(8.78,7.,0.8));
#5730 = DIRECTION('',(-0.,0.,-1.));
#5731 = DIRECTION('',(-5.921189464668E-15,-1.,0.));
#5732 = ORIENTED_EDGE('',*,*,#5733,.T.);
#5733 = EDGE_CURVE('',#5725,#5080,#5734,.T.);
#5734 = LINE('',#5735,#5736);
#5735 = CARTESIAN_POINT('',(-10.,7.,0.8));
#5736 = VECTOR('',#5737,1.);
#5737 = DIRECTION('',(1.,0.,0.));
#5738 = FACE_BOUND('',#5739,.F.);
#5739 = EDGE_LOOP('',(#5740,#5751,#5759,#5768));
#5740 = ORIENTED_EDGE('',*,*,#5741,.F.);
#5741 = EDGE_CURVE('',#5742,#5744,#5746,.T.);
#5742 = VERTEX_POINT('',#5743);
#5743 = CARTESIAN_POINT('',(9.637,-1.3544,0.8));
#5744 = VERTEX_POINT('',#5745);
#5745 = CARTESIAN_POINT('',(9.187,-1.3544,0.8));
#5746 = CIRCLE('',#5747,0.225);
#5747 = AXIS2_PLACEMENT_3D('',#5748,#5749,#5750);
#5748 = CARTESIAN_POINT('',(9.412,-1.3544,0.8));
#5749 = DIRECTION('',(-0.,0.,-1.));
#5750 = DIRECTION('',(-1.,-1.973729821556E-15,0.));
#5751 = ORIENTED_EDGE('',*,*,#5752,.T.);
#5752 = EDGE_CURVE('',#5742,#5753,#5755,.T.);
#5753 = VERTEX_POINT('',#5754);
#5754 = CARTESIAN_POINT('',(9.637,-0.6044,0.8));
#5755 = LINE('',#5756,#5757);
#5756 = CARTESIAN_POINT('',(9.637,-0.6772,0.8));
#5757 = VECTOR('',#5758,1.);
#5758 = DIRECTION('',(0.,1.,-0.));
#5759 = ORIENTED_EDGE('',*,*,#5760,.F.);
#5760 = EDGE_CURVE('',#5761,#5753,#5763,.T.);
#5761 = VERTEX_POINT('',#5762);
#5762 = CARTESIAN_POINT('',(9.187,-0.6044,0.8));
#5763 = CIRCLE('',#5764,0.225);
#5764 = AXIS2_PLACEMENT_3D('',#5765,#5766,#5767);
#5765 = CARTESIAN_POINT('',(9.412,-0.6044,0.8));
#5766 = DIRECTION('',(0.,-0.,-1.));
#5767 = DIRECTION('',(1.,0.,-0.));
#5768 = ORIENTED_EDGE('',*,*,#5769,.T.);
#5769 = EDGE_CURVE('',#5761,#5744,#5770,.T.);
#5770 = LINE('',#5771,#5772);
#5771 = CARTESIAN_POINT('',(9.187,-0.3022,0.8));
#5772 = VECTOR('',#5773,1.);
#5773 = DIRECTION('',(0.,-1.,0.));
#5774 = PLANE('',#5775);
#5775 = AXIS2_PLACEMENT_3D('',#5776,#5777,#5778);
#5776 = CARTESIAN_POINT('',(0.,0.,0.8));
#5777 = DIRECTION('',(-0.,-0.,-1.));
#5778 = DIRECTION('',(-1.,0.,0.));
#5779 = ADVANCED_FACE('',(#5780),#5791,.T.);
#5780 = FACE_BOUND('',#5781,.T.);
#5781 = EDGE_LOOP('',(#5782,#5788,#5789,#5790));
#5782 = ORIENTED_EDGE('',*,*,#5783,.T.);
#5783 = EDGE_CURVE('',#4343,#5080,#5784,.T.);
#5784 = LINE('',#5785,#5786);
#5785 = CARTESIAN_POINT('',(10.,7.,0.));
#5786 = VECTOR('',#5787,1.);
#5787 = DIRECTION('',(0.,0.,1.));
#5788 = ORIENTED_EDGE('',*,*,#5079,.T.);
#5789 = ORIENTED_EDGE('',*,*,#4312,.F.);
#5790 = ORIENTED_EDGE('',*,*,#4342,.F.);
#5791 = PLANE('',#5792);
#5792 = AXIS2_PLACEMENT_3D('',#5793,#5794,#5795);
#5793 = CARTESIAN_POINT('',(10.,7.,0.));
#5794 = DIRECTION('',(1.,0.,-0.));
#5795 = DIRECTION('',(0.,-1.,0.));
#5796 = ADVANCED_FACE('',(#5797),#5808,.T.);
#5797 = FACE_BOUND('',#5798,.T.);
#5798 = EDGE_LOOP('',(#5799,#5800,#5806,#5807));
#5799 = ORIENTED_EDGE('',*,*,#5004,.F.);
#5800 = ORIENTED_EDGE('',*,*,#5801,.F.);
#5801 = EDGE_CURVE('',#5725,#4996,#5802,.T.);
#5802 = LINE('',#5803,#5804);
#5803 = CARTESIAN_POINT('',(9.08,7.,-4.5E-02));
#5804 = VECTOR('',#5805,1.);
#5805 = DIRECTION('',(-0.,-0.,-1.));
#5806 = ORIENTED_EDGE('',*,*,#5733,.T.);
#5807 = ORIENTED_EDGE('',*,*,#5783,.F.);
#5808 = PLANE('',#5809);
#5809 = AXIS2_PLACEMENT_3D('',#5810,#5811,#5812);
#5810 = CARTESIAN_POINT('',(-10.,7.,0.));
#5811 = DIRECTION('',(0.,1.,0.));
#5812 = DIRECTION('',(1.,0.,0.));
#5813 = ADVANCED_FACE('',(#5814),#5825,.F.);
#5814 = FACE_BOUND('',#5815,.T.);
#5815 = EDGE_LOOP('',(#5816,#5817,#5823,#5824));
#5816 = ORIENTED_EDGE('',*,*,#4995,.T.);
#5817 = ORIENTED_EDGE('',*,*,#5818,.T.);
#5818 = EDGE_CURVE('',#4987,#5716,#5819,.T.);
#5819 = LINE('',#5820,#5821);
#5820 = CARTESIAN_POINT('',(8.78,6.7,-4.5E-02));
#5821 = VECTOR('',#5822,1.);
#5822 = DIRECTION('',(0.,0.,1.));
#5823 = ORIENTED_EDGE('',*,*,#5724,.F.);
#5824 = ORIENTED_EDGE('',*,*,#5801,.T.);
#5825 = CYLINDRICAL_SURFACE('',#5826,0.3);
#5826 = AXIS2_PLACEMENT_3D('',#5827,#5828,#5829);
#5827 = CARTESIAN_POINT('',(8.78,7.,-4.5E-02));
#5828 = DIRECTION('',(-0.,-0.,-1.));
#5829 = DIRECTION('',(-5.921189464668E-15,-1.,0.));
#5830 = ADVANCED_FACE('',(#5831),#5842,.F.);
#5831 = FACE_BOUND('',#5832,.T.);
#5832 = EDGE_LOOP('',(#5833,#5834,#5835,#5841));
#5833 = ORIENTED_EDGE('',*,*,#5818,.F.);
#5834 = ORIENTED_EDGE('',*,*,#4986,.T.);
#5835 = ORIENTED_EDGE('',*,*,#5836,.F.);
#5836 = EDGE_CURVE('',#5708,#4979,#5837,.T.);
#5837 = LINE('',#5838,#5839);
#5838 = CARTESIAN_POINT('',(8.48,7.,-4.5E-02));
#5839 = VECTOR('',#5840,1.);
#5840 = DIRECTION('',(-0.,-0.,-1.));
#5841 = ORIENTED_EDGE('',*,*,#5715,.F.);
#5842 = CYLINDRICAL_SURFACE('',#5843,0.3);
#5843 = AXIS2_PLACEMENT_3D('',#5844,#5845,#5846);
#5844 = CARTESIAN_POINT('',(8.78,7.,-4.5E-02));
#5845 = DIRECTION('',(-0.,-0.,-1.));
#5846 = DIRECTION('',(-5.921189464668E-15,-1.,0.));
#5847 = ADVANCED_FACE('',(#5848),#5859,.T.);
#5848 = FACE_BOUND('',#5849,.T.);
#5849 = EDGE_LOOP('',(#5850,#5851,#5857,#5858));
#5850 = ORIENTED_EDGE('',*,*,#4978,.F.);
#5851 = ORIENTED_EDGE('',*,*,#5852,.F.);
#5852 = EDGE_CURVE('',#5699,#4970,#5853,.T.);
#5853 = LINE('',#5854,#5855);
#5854 = CARTESIAN_POINT('',(7.81,7.,-4.5E-02));
#5855 = VECTOR('',#5856,1.);
#5856 = DIRECTION('',(-0.,-0.,-1.));
#5857 = ORIENTED_EDGE('',*,*,#5707,.T.);
#5858 = ORIENTED_EDGE('',*,*,#5836,.T.);
#5859 = PLANE('',#5860);
#5860 = AXIS2_PLACEMENT_3D('',#5861,#5862,#5863);
#5861 = CARTESIAN_POINT('',(-10.,7.,0.));
#5862 = DIRECTION('',(0.,1.,0.));
#5863 = DIRECTION('',(1.,0.,0.));
#5864 = ADVANCED_FACE('',(#5865),#5876,.F.);
#5865 = FACE_BOUND('',#5866,.T.);
#5866 = EDGE_LOOP('',(#5867,#5868,#5874,#5875));
#5867 = ORIENTED_EDGE('',*,*,#4969,.T.);
#5868 = ORIENTED_EDGE('',*,*,#5869,.T.);
#5869 = EDGE_CURVE('',#4961,#5690,#5870,.T.);
#5870 = LINE('',#5871,#5872);
#5871 = CARTESIAN_POINT('',(7.51,6.7,-4.5E-02));
#5872 = VECTOR('',#5873,1.);
#5873 = DIRECTION('',(0.,0.,1.));
#5874 = ORIENTED_EDGE('',*,*,#5698,.F.);
#5875 = ORIENTED_EDGE('',*,*,#5852,.T.);
#5876 = CYLINDRICAL_SURFACE('',#5877,0.3);
#5877 = AXIS2_PLACEMENT_3D('',#5878,#5879,#5880);
#5878 = CARTESIAN_POINT('',(7.51,7.,-4.5E-02));
#5879 = DIRECTION('',(-0.,-0.,-1.));
#5880 = DIRECTION('',(-0.,-1.,0.));
#5881 = ADVANCED_FACE('',(#5882),#5893,.F.);
#5882 = FACE_BOUND('',#5883,.T.);
#5883 = EDGE_LOOP('',(#5884,#5885,#5886,#5892));
#5884 = ORIENTED_EDGE('',*,*,#5869,.F.);
#5885 = ORIENTED_EDGE('',*,*,#4960,.T.);
#5886 = ORIENTED_EDGE('',*,*,#5887,.F.);
#5887 = EDGE_CURVE('',#5682,#4953,#5888,.T.);
#5888 = LINE('',#5889,#5890);
#5889 = CARTESIAN_POINT('',(7.21,7.,-4.5E-02));
#5890 = VECTOR('',#5891,1.);
#5891 = DIRECTION('',(-0.,-0.,-1.));
#5892 = ORIENTED_EDGE('',*,*,#5689,.F.);
#5893 = CYLINDRICAL_SURFACE('',#5894,0.3);
#5894 = AXIS2_PLACEMENT_3D('',#5895,#5896,#5897);
#5895 = CARTESIAN_POINT('',(7.51,7.,-4.5E-02));
#5896 = DIRECTION('',(-0.,-0.,-1.));
#5897 = DIRECTION('',(-0.,-1.,0.));
#5898 = ADVANCED_FACE('',(#5899),#5910,.T.);
#5899 = FACE_BOUND('',#5900,.T.);
#5900 = EDGE_LOOP('',(#5901,#5902,#5908,#5909));
#5901 = ORIENTED_EDGE('',*,*,#4952,.F.);
#5902 = ORIENTED_EDGE('',*,*,#5903,.F.);
#5903 = EDGE_CURVE('',#5673,#4944,#5904,.T.);
#5904 = LINE('',#5905,#5906);
#5905 = CARTESIAN_POINT('',(6.54,7.,-4.5E-02));
#5906 = VECTOR('',#5907,1.);
#5907 = DIRECTION('',(-0.,-0.,-1.));
#5908 = ORIENTED_EDGE('',*,*,#5681,.T.);
#5909 = ORIENTED_EDGE('',*,*,#5887,.T.);
#5910 = PLANE('',#5911);
#5911 = AXIS2_PLACEMENT_3D('',#5912,#5913,#5914);
#5912 = CARTESIAN_POINT('',(-10.,7.,0.));
#5913 = DIRECTION('',(0.,1.,0.));
#5914 = DIRECTION('',(1.,0.,0.));
#5915 = ADVANCED_FACE('',(#5916),#5927,.F.);
#5916 = FACE_BOUND('',#5917,.T.);
#5917 = EDGE_LOOP('',(#5918,#5919,#5925,#5926));
#5918 = ORIENTED_EDGE('',*,*,#4943,.T.);
#5919 = ORIENTED_EDGE('',*,*,#5920,.T.);
#5920 = EDGE_CURVE('',#4935,#5664,#5921,.T.);
#5921 = LINE('',#5922,#5923);
#5922 = CARTESIAN_POINT('',(6.24,6.7,-4.5E-02));
#5923 = VECTOR('',#5924,1.);
#5924 = DIRECTION('',(0.,0.,1.));
#5925 = ORIENTED_EDGE('',*,*,#5672,.F.);
#5926 = ORIENTED_EDGE('',*,*,#5903,.T.);
#5927 = CYLINDRICAL_SURFACE('',#5928,0.3);
#5928 = AXIS2_PLACEMENT_3D('',#5929,#5930,#5931);
#5929 = CARTESIAN_POINT('',(6.24,7.,-4.5E-02));
#5930 = DIRECTION('',(-0.,-0.,-1.));
#5931 = DIRECTION('',(-0.,-1.,0.));
#5932 = ADVANCED_FACE('',(#5933),#5944,.F.);
#5933 = FACE_BOUND('',#5934,.T.);
#5934 = EDGE_LOOP('',(#5935,#5936,#5937,#5943));
#5935 = ORIENTED_EDGE('',*,*,#5920,.F.);
#5936 = ORIENTED_EDGE('',*,*,#4934,.T.);
#5937 = ORIENTED_EDGE('',*,*,#5938,.F.);
#5938 = EDGE_CURVE('',#5656,#4927,#5939,.T.);
#5939 = LINE('',#5940,#5941);
#5940 = CARTESIAN_POINT('',(5.94,7.,-4.5E-02));
#5941 = VECTOR('',#5942,1.);
#5942 = DIRECTION('',(-0.,-0.,-1.));
#5943 = ORIENTED_EDGE('',*,*,#5663,.F.);
#5944 = CYLINDRICAL_SURFACE('',#5945,0.3);
#5945 = AXIS2_PLACEMENT_3D('',#5946,#5947,#5948);
#5946 = CARTESIAN_POINT('',(6.24,7.,-4.5E-02));
#5947 = DIRECTION('',(-0.,-0.,-1.));
#5948 = DIRECTION('',(-0.,-1.,0.));
#5949 = ADVANCED_FACE('',(#5950),#5961,.T.);
#5950 = FACE_BOUND('',#5951,.T.);
#5951 = EDGE_LOOP('',(#5952,#5953,#5959,#5960));
#5952 = ORIENTED_EDGE('',*,*,#4926,.F.);
#5953 = ORIENTED_EDGE('',*,*,#5954,.F.);
#5954 = EDGE_CURVE('',#5647,#4918,#5955,.T.);
#5955 = LINE('',#5956,#5957);
#5956 = CARTESIAN_POINT('',(5.27,7.,-4.5E-02));
#5957 = VECTOR('',#5958,1.);
#5958 = DIRECTION('',(-0.,-0.,-1.));
#5959 = ORIENTED_EDGE('',*,*,#5655,.T.);
#5960 = ORIENTED_EDGE('',*,*,#5938,.T.);
#5961 = PLANE('',#5962);
#5962 = AXIS2_PLACEMENT_3D('',#5963,#5964,#5965);
#5963 = CARTESIAN_POINT('',(-10.,7.,0.));
#5964 = DIRECTION('',(0.,1.,0.));
#5965 = DIRECTION('',(1.,0.,0.));
#5966 = ADVANCED_FACE('',(#5967),#5978,.F.);
#5967 = FACE_BOUND('',#5968,.T.);
#5968 = EDGE_LOOP('',(#5969,#5970,#5976,#5977));
#5969 = ORIENTED_EDGE('',*,*,#4917,.T.);
#5970 = ORIENTED_EDGE('',*,*,#5971,.T.);
#5971 = EDGE_CURVE('',#4909,#5638,#5972,.T.);
#5972 = LINE('',#5973,#5974);
#5973 = CARTESIAN_POINT('',(4.97,6.7,-4.5E-02));
#5974 = VECTOR('',#5975,1.);
#5975 = DIRECTION('',(0.,0.,1.));
#5976 = ORIENTED_EDGE('',*,*,#5646,.F.);
#5977 = ORIENTED_EDGE('',*,*,#5954,.T.);
#5978 = CYLINDRICAL_SURFACE('',#5979,0.3);
#5979 = AXIS2_PLACEMENT_3D('',#5980,#5981,#5982);
#5980 = CARTESIAN_POINT('',(4.97,7.,-4.5E-02));
#5981 = DIRECTION('',(-0.,-0.,-1.));
#5982 = DIRECTION('',(-0.,-1.,0.));
#5983 = ADVANCED_FACE('',(#5984),#5995,.F.);
#5984 = FACE_BOUND('',#5985,.T.);
#5985 = EDGE_LOOP('',(#5986,#5987,#5988,#5994));
#5986 = ORIENTED_EDGE('',*,*,#5971,.F.);
#5987 = ORIENTED_EDGE('',*,*,#4908,.T.);
#5988 = ORIENTED_EDGE('',*,*,#5989,.F.);
#5989 = EDGE_CURVE('',#5630,#4901,#5990,.T.);
#5990 = LINE('',#5991,#5992);
#5991 = CARTESIAN_POINT('',(4.67,7.,-4.5E-02));
#5992 = VECTOR('',#5993,1.);
#5993 = DIRECTION('',(-0.,-0.,-1.));
#5994 = ORIENTED_EDGE('',*,*,#5637,.F.);
#5995 = CYLINDRICAL_SURFACE('',#5996,0.3);
#5996 = AXIS2_PLACEMENT_3D('',#5997,#5998,#5999);
#5997 = CARTESIAN_POINT('',(4.97,7.,-4.5E-02));
#5998 = DIRECTION('',(-0.,-0.,-1.));
#5999 = DIRECTION('',(-0.,-1.,0.));
#6000 = ADVANCED_FACE('',(#6001),#6012,.T.);
#6001 = FACE_BOUND('',#6002,.T.);
#6002 = EDGE_LOOP('',(#6003,#6004,#6010,#6011));
#6003 = ORIENTED_EDGE('',*,*,#4900,.F.);
#6004 = ORIENTED_EDGE('',*,*,#6005,.F.);
#6005 = EDGE_CURVE('',#5621,#4892,#6006,.T.);
#6006 = LINE('',#6007,#6008);
#6007 = CARTESIAN_POINT('',(4.,7.,-4.5E-02));
#6008 = VECTOR('',#6009,1.);
#6009 = DIRECTION('',(-0.,-0.,-1.));
#6010 = ORIENTED_EDGE('',*,*,#5629,.T.);
#6011 = ORIENTED_EDGE('',*,*,#5989,.T.);
#6012 = PLANE('',#6013);
#6013 = AXIS2_PLACEMENT_3D('',#6014,#6015,#6016);
#6014 = CARTESIAN_POINT('',(-10.,7.,0.));
#6015 = DIRECTION('',(0.,1.,0.));
#6016 = DIRECTION('',(1.,0.,0.));
#6017 = ADVANCED_FACE('',(#6018),#6029,.F.);
#6018 = FACE_BOUND('',#6019,.T.);
#6019 = EDGE_LOOP('',(#6020,#6021,#6027,#6028));
#6020 = ORIENTED_EDGE('',*,*,#4891,.T.);
#6021 = ORIENTED_EDGE('',*,*,#6022,.T.);
#6022 = EDGE_CURVE('',#4883,#5612,#6023,.T.);
#6023 = LINE('',#6024,#6025);
#6024 = CARTESIAN_POINT('',(3.7,6.7,-4.5E-02));
#6025 = VECTOR('',#6026,1.);
#6026 = DIRECTION('',(0.,0.,1.));
#6027 = ORIENTED_EDGE('',*,*,#5620,.F.);
#6028 = ORIENTED_EDGE('',*,*,#6005,.T.);
#6029 = CYLINDRICAL_SURFACE('',#6030,0.3);
#6030 = AXIS2_PLACEMENT_3D('',#6031,#6032,#6033);
#6031 = CARTESIAN_POINT('',(3.7,7.,-4.5E-02));
#6032 = DIRECTION('',(-0.,-0.,-1.));
#6033 = DIRECTION('',(-0.,-1.,0.));
#6034 = ADVANCED_FACE('',(#6035),#6046,.F.);
#6035 = FACE_BOUND('',#6036,.T.);
#6036 = EDGE_LOOP('',(#6037,#6038,#6039,#6045));
#6037 = ORIENTED_EDGE('',*,*,#6022,.F.);
#6038 = ORIENTED_EDGE('',*,*,#4882,.T.);
#6039 = ORIENTED_EDGE('',*,*,#6040,.F.);
#6040 = EDGE_CURVE('',#5604,#4875,#6041,.T.);
#6041 = LINE('',#6042,#6043);
#6042 = CARTESIAN_POINT('',(3.4,7.,-4.5E-02));
#6043 = VECTOR('',#6044,1.);
#6044 = DIRECTION('',(-0.,-0.,-1.));
#6045 = ORIENTED_EDGE('',*,*,#5611,.F.);
#6046 = CYLINDRICAL_SURFACE('',#6047,0.3);
#6047 = AXIS2_PLACEMENT_3D('',#6048,#6049,#6050);
#6048 = CARTESIAN_POINT('',(3.7,7.,-4.5E-02));
#6049 = DIRECTION('',(-0.,-0.,-1.));
#6050 = DIRECTION('',(-0.,-1.,0.));
#6051 = ADVANCED_FACE('',(#6052),#6063,.T.);
#6052 = FACE_BOUND('',#6053,.T.);
#6053 = EDGE_LOOP('',(#6054,#6055,#6061,#6062));
#6054 = ORIENTED_EDGE('',*,*,#4874,.F.);
#6055 = ORIENTED_EDGE('',*,*,#6056,.F.);
#6056 = EDGE_CURVE('',#5595,#4866,#6057,.T.);
#6057 = LINE('',#6058,#6059);
#6058 = CARTESIAN_POINT('',(2.73,7.,-4.5E-02));
#6059 = VECTOR('',#6060,1.);
#6060 = DIRECTION('',(-0.,0.,-1.));
#6061 = ORIENTED_EDGE('',*,*,#5603,.T.);
#6062 = ORIENTED_EDGE('',*,*,#6040,.T.);
#6063 = PLANE('',#6064);
#6064 = AXIS2_PLACEMENT_3D('',#6065,#6066,#6067);
#6065 = CARTESIAN_POINT('',(-10.,7.,0.));
#6066 = DIRECTION('',(0.,1.,0.));
#6067 = DIRECTION('',(1.,0.,0.));
#6068 = ADVANCED_FACE('',(#6069),#6080,.F.);
#6069 = FACE_BOUND('',#6070,.T.);
#6070 = EDGE_LOOP('',(#6071,#6072,#6078,#6079));
#6071 = ORIENTED_EDGE('',*,*,#4865,.T.);
#6072 = ORIENTED_EDGE('',*,*,#6073,.T.);
#6073 = EDGE_CURVE('',#4857,#5586,#6074,.T.);
#6074 = LINE('',#6075,#6076);
#6075 = CARTESIAN_POINT('',(2.43,6.7,-4.5E-02));
#6076 = VECTOR('',#6077,1.);
#6077 = DIRECTION('',(0.,0.,1.));
#6078 = ORIENTED_EDGE('',*,*,#5594,.F.);
#6079 = ORIENTED_EDGE('',*,*,#6056,.T.);
#6080 = CYLINDRICAL_SURFACE('',#6081,0.3);
#6081 = AXIS2_PLACEMENT_3D('',#6082,#6083,#6084);
#6082 = CARTESIAN_POINT('',(2.43,7.,-4.5E-02));
#6083 = DIRECTION('',(-0.,0.,-1.));
#6084 = DIRECTION('',(1.480297366167E-15,-1.,-0.));
#6085 = ADVANCED_FACE('',(#6086),#6097,.F.);
#6086 = FACE_BOUND('',#6087,.T.);
#6087 = EDGE_LOOP('',(#6088,#6089,#6090,#6096));
#6088 = ORIENTED_EDGE('',*,*,#6073,.F.);
#6089 = ORIENTED_EDGE('',*,*,#4856,.T.);
#6090 = ORIENTED_EDGE('',*,*,#6091,.F.);
#6091 = EDGE_CURVE('',#5578,#4849,#6092,.T.);
#6092 = LINE('',#6093,#6094);
#6093 = CARTESIAN_POINT('',(2.13,7.,-4.5E-02));
#6094 = VECTOR('',#6095,1.);
#6095 = DIRECTION('',(-0.,0.,-1.));
#6096 = ORIENTED_EDGE('',*,*,#5585,.F.);
#6097 = CYLINDRICAL_SURFACE('',#6098,0.3);
#6098 = AXIS2_PLACEMENT_3D('',#6099,#6100,#6101);
#6099 = CARTESIAN_POINT('',(2.43,7.,-4.5E-02));
#6100 = DIRECTION('',(-0.,0.,-1.));
#6101 = DIRECTION('',(1.480297366167E-15,-1.,-0.));
#6102 = ADVANCED_FACE('',(#6103),#6114,.T.);
#6103 = FACE_BOUND('',#6104,.T.);
#6104 = EDGE_LOOP('',(#6105,#6106,#6112,#6113));
#6105 = ORIENTED_EDGE('',*,*,#4848,.F.);
#6106 = ORIENTED_EDGE('',*,*,#6107,.F.);
#6107 = EDGE_CURVE('',#5569,#4840,#6108,.T.);
#6108 = LINE('',#6109,#6110);
#6109 = CARTESIAN_POINT('',(1.46,7.,-4.5E-02));
#6110 = VECTOR('',#6111,1.);
#6111 = DIRECTION('',(-0.,-0.,-1.));
#6112 = ORIENTED_EDGE('',*,*,#5577,.T.);
#6113 = ORIENTED_EDGE('',*,*,#6091,.T.);
#6114 = PLANE('',#6115);
#6115 = AXIS2_PLACEMENT_3D('',#6116,#6117,#6118);
#6116 = CARTESIAN_POINT('',(-10.,7.,0.));
#6117 = DIRECTION('',(0.,1.,0.));
#6118 = DIRECTION('',(1.,0.,0.));
#6119 = ADVANCED_FACE('',(#6120),#6131,.F.);
#6120 = FACE_BOUND('',#6121,.T.);
#6121 = EDGE_LOOP('',(#6122,#6123,#6129,#6130));
#6122 = ORIENTED_EDGE('',*,*,#4839,.T.);
#6123 = ORIENTED_EDGE('',*,*,#6124,.T.);
#6124 = EDGE_CURVE('',#4831,#5560,#6125,.T.);
#6125 = LINE('',#6126,#6127);
#6126 = CARTESIAN_POINT('',(1.16,6.7,-4.5E-02));
#6127 = VECTOR('',#6128,1.);
#6128 = DIRECTION('',(0.,0.,1.));
#6129 = ORIENTED_EDGE('',*,*,#5568,.F.);
#6130 = ORIENTED_EDGE('',*,*,#6107,.T.);
#6131 = CYLINDRICAL_SURFACE('',#6132,0.3);
#6132 = AXIS2_PLACEMENT_3D('',#6133,#6134,#6135);
#6133 = CARTESIAN_POINT('',(1.16,7.,-4.5E-02));
#6134 = DIRECTION('',(-0.,-0.,-1.));
#6135 = DIRECTION('',(-0.,-1.,0.));
#6136 = ADVANCED_FACE('',(#6137),#6148,.F.);
#6137 = FACE_BOUND('',#6138,.T.);
#6138 = EDGE_LOOP('',(#6139,#6140,#6141,#6147));
#6139 = ORIENTED_EDGE('',*,*,#6124,.F.);
#6140 = ORIENTED_EDGE('',*,*,#4830,.T.);
#6141 = ORIENTED_EDGE('',*,*,#6142,.F.);
#6142 = EDGE_CURVE('',#5552,#4823,#6143,.T.);
#6143 = LINE('',#6144,#6145);
#6144 = CARTESIAN_POINT('',(0.86,7.,-4.5E-02));
#6145 = VECTOR('',#6146,1.);
#6146 = DIRECTION('',(-0.,-0.,-1.));
#6147 = ORIENTED_EDGE('',*,*,#5559,.F.);
#6148 = CYLINDRICAL_SURFACE('',#6149,0.3);
#6149 = AXIS2_PLACEMENT_3D('',#6150,#6151,#6152);
#6150 = CARTESIAN_POINT('',(1.16,7.,-4.5E-02));
#6151 = DIRECTION('',(-0.,-0.,-1.));
#6152 = DIRECTION('',(-0.,-1.,0.));
#6153 = ADVANCED_FACE('',(#6154),#6165,.T.);
#6154 = FACE_BOUND('',#6155,.T.);
#6155 = EDGE_LOOP('',(#6156,#6157,#6163,#6164));
#6156 = ORIENTED_EDGE('',*,*,#4822,.F.);
#6157 = ORIENTED_EDGE('',*,*,#6158,.F.);
#6158 = EDGE_CURVE('',#5543,#4814,#6159,.T.);
#6159 = LINE('',#6160,#6161);
#6160 = CARTESIAN_POINT('',(0.19,7.,-4.5E-02));
#6161 = VECTOR('',#6162,1.);
#6162 = DIRECTION('',(-0.,-0.,-1.));
#6163 = ORIENTED_EDGE('',*,*,#5551,.T.);
#6164 = ORIENTED_EDGE('',*,*,#6142,.T.);
#6165 = PLANE('',#6166);
#6166 = AXIS2_PLACEMENT_3D('',#6167,#6168,#6169);
#6167 = CARTESIAN_POINT('',(-10.,7.,0.));
#6168 = DIRECTION('',(0.,1.,0.));
#6169 = DIRECTION('',(1.,0.,0.));
#6170 = ADVANCED_FACE('',(#6171),#6182,.F.);
#6171 = FACE_BOUND('',#6172,.T.);
#6172 = EDGE_LOOP('',(#6173,#6174,#6180,#6181));
#6173 = ORIENTED_EDGE('',*,*,#4813,.T.);
#6174 = ORIENTED_EDGE('',*,*,#6175,.T.);
#6175 = EDGE_CURVE('',#4805,#5534,#6176,.T.);
#6176 = LINE('',#6177,#6178);
#6177 = CARTESIAN_POINT('',(-0.11,6.7,-4.5E-02));
#6178 = VECTOR('',#6179,1.);
#6179 = DIRECTION('',(0.,0.,1.));
#6180 = ORIENTED_EDGE('',*,*,#5542,.F.);
#6181 = ORIENTED_EDGE('',*,*,#6158,.T.);
#6182 = CYLINDRICAL_SURFACE('',#6183,0.3);
#6183 = AXIS2_PLACEMENT_3D('',#6184,#6185,#6186);
#6184 = CARTESIAN_POINT('',(-0.11,7.,-4.5E-02));
#6185 = DIRECTION('',(-0.,-0.,-1.));
#6186 = DIRECTION('',(-4.625929269271E-17,-1.,0.));
#6187 = ADVANCED_FACE('',(#6188),#6199,.F.);
#6188 = FACE_BOUND('',#6189,.T.);
#6189 = EDGE_LOOP('',(#6190,#6191,#6192,#6198));
#6190 = ORIENTED_EDGE('',*,*,#6175,.F.);
#6191 = ORIENTED_EDGE('',*,*,#4804,.T.);
#6192 = ORIENTED_EDGE('',*,*,#6193,.F.);
#6193 = EDGE_CURVE('',#5526,#4797,#6194,.T.);
#6194 = LINE('',#6195,#6196);
#6195 = CARTESIAN_POINT('',(-0.41,7.,-4.5E-02));
#6196 = VECTOR('',#6197,1.);
#6197 = DIRECTION('',(-0.,-0.,-1.));
#6198 = ORIENTED_EDGE('',*,*,#5533,.F.);
#6199 = CYLINDRICAL_SURFACE('',#6200,0.3);
#6200 = AXIS2_PLACEMENT_3D('',#6201,#6202,#6203);
#6201 = CARTESIAN_POINT('',(-0.11,7.,-4.5E-02));
#6202 = DIRECTION('',(-0.,-0.,-1.));
#6203 = DIRECTION('',(-4.625929269271E-17,-1.,0.));
#6204 = ADVANCED_FACE('',(#6205),#6216,.T.);
#6205 = FACE_BOUND('',#6206,.T.);
#6206 = EDGE_LOOP('',(#6207,#6208,#6214,#6215));
#6207 = ORIENTED_EDGE('',*,*,#4796,.F.);
#6208 = ORIENTED_EDGE('',*,*,#6209,.F.);
#6209 = EDGE_CURVE('',#5517,#4788,#6210,.T.);
#6210 = LINE('',#6211,#6212);
#6211 = CARTESIAN_POINT('',(-1.08,7.,-4.5E-02));
#6212 = VECTOR('',#6213,1.);
#6213 = DIRECTION('',(-0.,-0.,-1.));
#6214 = ORIENTED_EDGE('',*,*,#5525,.T.);
#6215 = ORIENTED_EDGE('',*,*,#6193,.T.);
#6216 = PLANE('',#6217);
#6217 = AXIS2_PLACEMENT_3D('',#6218,#6219,#6220);
#6218 = CARTESIAN_POINT('',(-10.,7.,0.));
#6219 = DIRECTION('',(0.,1.,0.));
#6220 = DIRECTION('',(1.,0.,0.));
#6221 = ADVANCED_FACE('',(#6222),#6233,.F.);
#6222 = FACE_BOUND('',#6223,.T.);
#6223 = EDGE_LOOP('',(#6224,#6225,#6231,#6232));
#6224 = ORIENTED_EDGE('',*,*,#4787,.T.);
#6225 = ORIENTED_EDGE('',*,*,#6226,.T.);
#6226 = EDGE_CURVE('',#4779,#5508,#6227,.T.);
#6227 = LINE('',#6228,#6229);
#6228 = CARTESIAN_POINT('',(-1.38,6.7,-4.5E-02));
#6229 = VECTOR('',#6230,1.);
#6230 = DIRECTION('',(0.,0.,1.));
#6231 = ORIENTED_EDGE('',*,*,#5516,.F.);
#6232 = ORIENTED_EDGE('',*,*,#6209,.T.);
#6233 = CYLINDRICAL_SURFACE('',#6234,0.3);
#6234 = AXIS2_PLACEMENT_3D('',#6235,#6236,#6237);
#6235 = CARTESIAN_POINT('',(-1.38,7.,-4.5E-02));
#6236 = DIRECTION('',(-0.,-0.,-1.));
#6237 = DIRECTION('',(-0.,-1.,0.));
#6238 = ADVANCED_FACE('',(#6239),#6250,.F.);
#6239 = FACE_BOUND('',#6240,.T.);
#6240 = EDGE_LOOP('',(#6241,#6242,#6243,#6249));
#6241 = ORIENTED_EDGE('',*,*,#6226,.F.);
#6242 = ORIENTED_EDGE('',*,*,#4778,.T.);
#6243 = ORIENTED_EDGE('',*,*,#6244,.F.);
#6244 = EDGE_CURVE('',#5500,#4771,#6245,.T.);
#6245 = LINE('',#6246,#6247);
#6246 = CARTESIAN_POINT('',(-1.68,7.,-4.5E-02));
#6247 = VECTOR('',#6248,1.);
#6248 = DIRECTION('',(-0.,-0.,-1.));
#6249 = ORIENTED_EDGE('',*,*,#5507,.F.);
#6250 = CYLINDRICAL_SURFACE('',#6251,0.3);
#6251 = AXIS2_PLACEMENT_3D('',#6252,#6253,#6254);
#6252 = CARTESIAN_POINT('',(-1.38,7.,-4.5E-02));
#6253 = DIRECTION('',(-0.,-0.,-1.));
#6254 = DIRECTION('',(-0.,-1.,0.));
#6255 = ADVANCED_FACE('',(#6256),#6267,.T.);
#6256 = FACE_BOUND('',#6257,.T.);
#6257 = EDGE_LOOP('',(#6258,#6259,#6265,#6266));
#6258 = ORIENTED_EDGE('',*,*,#4770,.F.);
#6259 = ORIENTED_EDGE('',*,*,#6260,.F.);
#6260 = EDGE_CURVE('',#5491,#4762,#6261,.T.);
#6261 = LINE('',#6262,#6263);
#6262 = CARTESIAN_POINT('',(-2.35,7.,-4.5E-02));
#6263 = VECTOR('',#6264,1.);
#6264 = DIRECTION('',(-0.,0.,-1.));
#6265 = ORIENTED_EDGE('',*,*,#5499,.T.);
#6266 = ORIENTED_EDGE('',*,*,#6244,.T.);
#6267 = PLANE('',#6268);
#6268 = AXIS2_PLACEMENT_3D('',#6269,#6270,#6271);
#6269 = CARTESIAN_POINT('',(-10.,7.,0.));
#6270 = DIRECTION('',(0.,1.,0.));
#6271 = DIRECTION('',(1.,0.,0.));
#6272 = ADVANCED_FACE('',(#6273),#6284,.F.);
#6273 = FACE_BOUND('',#6274,.T.);
#6274 = EDGE_LOOP('',(#6275,#6276,#6282,#6283));
#6275 = ORIENTED_EDGE('',*,*,#4761,.T.);
#6276 = ORIENTED_EDGE('',*,*,#6277,.T.);
#6277 = EDGE_CURVE('',#4753,#5482,#6278,.T.);
#6278 = LINE('',#6279,#6280);
#6279 = CARTESIAN_POINT('',(-2.65,6.7,-4.5E-02));
#6280 = VECTOR('',#6281,1.);
#6281 = DIRECTION('',(0.,0.,1.));
#6282 = ORIENTED_EDGE('',*,*,#5490,.F.);
#6283 = ORIENTED_EDGE('',*,*,#6260,.T.);
#6284 = CYLINDRICAL_SURFACE('',#6285,0.3);
#6285 = AXIS2_PLACEMENT_3D('',#6286,#6287,#6288);
#6286 = CARTESIAN_POINT('',(-2.65,7.,-4.5E-02));
#6287 = DIRECTION('',(-0.,0.,-1.));
#6288 = DIRECTION('',(1.480297366167E-15,-1.,-0.));
#6289 = ADVANCED_FACE('',(#6290),#6301,.F.);
#6290 = FACE_BOUND('',#6291,.T.);
#6291 = EDGE_LOOP('',(#6292,#6293,#6294,#6300));
#6292 = ORIENTED_EDGE('',*,*,#6277,.F.);
#6293 = ORIENTED_EDGE('',*,*,#4752,.T.);
#6294 = ORIENTED_EDGE('',*,*,#6295,.F.);
#6295 = EDGE_CURVE('',#5474,#4745,#6296,.T.);
#6296 = LINE('',#6297,#6298);
#6297 = CARTESIAN_POINT('',(-2.95,7.,-4.5E-02));
#6298 = VECTOR('',#6299,1.);
#6299 = DIRECTION('',(-0.,0.,-1.));
#6300 = ORIENTED_EDGE('',*,*,#5481,.F.);
#6301 = CYLINDRICAL_SURFACE('',#6302,0.3);
#6302 = AXIS2_PLACEMENT_3D('',#6303,#6304,#6305);
#6303 = CARTESIAN_POINT('',(-2.65,7.,-4.5E-02));
#6304 = DIRECTION('',(-0.,0.,-1.));
#6305 = DIRECTION('',(1.480297366167E-15,-1.,-0.));
#6306 = ADVANCED_FACE('',(#6307),#6318,.T.);
#6307 = FACE_BOUND('',#6308,.T.);
#6308 = EDGE_LOOP('',(#6309,#6310,#6316,#6317));
#6309 = ORIENTED_EDGE('',*,*,#4744,.F.);
#6310 = ORIENTED_EDGE('',*,*,#6311,.F.);
#6311 = EDGE_CURVE('',#5465,#4736,#6312,.T.);
#6312 = LINE('',#6313,#6314);
#6313 = CARTESIAN_POINT('',(-3.62,7.,-4.5E-02));
#6314 = VECTOR('',#6315,1.);
#6315 = DIRECTION('',(-0.,-0.,-1.));
#6316 = ORIENTED_EDGE('',*,*,#5473,.T.);
#6317 = ORIENTED_EDGE('',*,*,#6295,.T.);
#6318 = PLANE('',#6319);
#6319 = AXIS2_PLACEMENT_3D('',#6320,#6321,#6322);
#6320 = CARTESIAN_POINT('',(-10.,7.,0.));
#6321 = DIRECTION('',(0.,1.,0.));
#6322 = DIRECTION('',(1.,0.,0.));
#6323 = ADVANCED_FACE('',(#6324),#6335,.F.);
#6324 = FACE_BOUND('',#6325,.T.);
#6325 = EDGE_LOOP('',(#6326,#6327,#6333,#6334));
#6326 = ORIENTED_EDGE('',*,*,#4735,.T.);
#6327 = ORIENTED_EDGE('',*,*,#6328,.T.);
#6328 = EDGE_CURVE('',#4727,#5456,#6329,.T.);
#6329 = LINE('',#6330,#6331);
#6330 = CARTESIAN_POINT('',(-3.92,6.7,-4.5E-02));
#6331 = VECTOR('',#6332,1.);
#6332 = DIRECTION('',(0.,0.,1.));
#6333 = ORIENTED_EDGE('',*,*,#5464,.F.);
#6334 = ORIENTED_EDGE('',*,*,#6311,.T.);
#6335 = CYLINDRICAL_SURFACE('',#6336,0.3);
#6336 = AXIS2_PLACEMENT_3D('',#6337,#6338,#6339);
#6337 = CARTESIAN_POINT('',(-3.92,7.,-4.5E-02));
#6338 = DIRECTION('',(-0.,-0.,-1.));
#6339 = DIRECTION('',(-0.,-1.,0.));
#6340 = ADVANCED_FACE('',(#6341),#6352,.F.);
#6341 = FACE_BOUND('',#6342,.T.);
#6342 = EDGE_LOOP('',(#6343,#6344,#6345,#6351));
#6343 = ORIENTED_EDGE('',*,*,#6328,.F.);
#6344 = ORIENTED_EDGE('',*,*,#4726,.T.);
#6345 = ORIENTED_EDGE('',*,*,#6346,.F.);
#6346 = EDGE_CURVE('',#5448,#4719,#6347,.T.);
#6347 = LINE('',#6348,#6349);
#6348 = CARTESIAN_POINT('',(-4.22,7.,-4.5E-02));
#6349 = VECTOR('',#6350,1.);
#6350 = DIRECTION('',(-0.,-0.,-1.));
#6351 = ORIENTED_EDGE('',*,*,#5455,.F.);
#6352 = CYLINDRICAL_SURFACE('',#6353,0.3);
#6353 = AXIS2_PLACEMENT_3D('',#6354,#6355,#6356);
#6354 = CARTESIAN_POINT('',(-3.92,7.,-4.5E-02));
#6355 = DIRECTION('',(-0.,-0.,-1.));
#6356 = DIRECTION('',(-0.,-1.,0.));
#6357 = ADVANCED_FACE('',(#6358),#6369,.T.);
#6358 = FACE_BOUND('',#6359,.T.);
#6359 = EDGE_LOOP('',(#6360,#6361,#6367,#6368));
#6360 = ORIENTED_EDGE('',*,*,#4718,.F.);
#6361 = ORIENTED_EDGE('',*,*,#6362,.F.);
#6362 = EDGE_CURVE('',#5439,#4710,#6363,.T.);
#6363 = LINE('',#6364,#6365);
#6364 = CARTESIAN_POINT('',(-4.89,7.,-4.5E-02));
#6365 = VECTOR('',#6366,1.);
#6366 = DIRECTION('',(-0.,-0.,-1.));
#6367 = ORIENTED_EDGE('',*,*,#5447,.T.);
#6368 = ORIENTED_EDGE('',*,*,#6346,.T.);
#6369 = PLANE('',#6370);
#6370 = AXIS2_PLACEMENT_3D('',#6371,#6372,#6373);
#6371 = CARTESIAN_POINT('',(-10.,7.,0.));
#6372 = DIRECTION('',(0.,1.,0.));
#6373 = DIRECTION('',(1.,0.,0.));
#6374 = ADVANCED_FACE('',(#6375),#6386,.F.);
#6375 = FACE_BOUND('',#6376,.T.);
#6376 = EDGE_LOOP('',(#6377,#6378,#6384,#6385));
#6377 = ORIENTED_EDGE('',*,*,#4709,.T.);
#6378 = ORIENTED_EDGE('',*,*,#6379,.T.);
#6379 = EDGE_CURVE('',#4701,#5430,#6380,.T.);
#6380 = LINE('',#6381,#6382);
#6381 = CARTESIAN_POINT('',(-5.19,6.7,-4.5E-02));
#6382 = VECTOR('',#6383,1.);
#6383 = DIRECTION('',(0.,0.,1.));
#6384 = ORIENTED_EDGE('',*,*,#5438,.F.);
#6385 = ORIENTED_EDGE('',*,*,#6362,.T.);
#6386 = CYLINDRICAL_SURFACE('',#6387,0.3);
#6387 = AXIS2_PLACEMENT_3D('',#6388,#6389,#6390);
#6388 = CARTESIAN_POINT('',(-5.19,7.,-4.5E-02));
#6389 = DIRECTION('',(-0.,-0.,-1.));
#6390 = DIRECTION('',(-2.960594732334E-15,-1.,0.));
#6391 = ADVANCED_FACE('',(#6392),#6403,.F.);
#6392 = FACE_BOUND('',#6393,.T.);
#6393 = EDGE_LOOP('',(#6394,#6395,#6396,#6402));
#6394 = ORIENTED_EDGE('',*,*,#6379,.F.);
#6395 = ORIENTED_EDGE('',*,*,#4700,.T.);
#6396 = ORIENTED_EDGE('',*,*,#6397,.F.);
#6397 = EDGE_CURVE('',#5422,#4693,#6398,.T.);
#6398 = LINE('',#6399,#6400);
#6399 = CARTESIAN_POINT('',(-5.49,7.,-4.5E-02));
#6400 = VECTOR('',#6401,1.);
#6401 = DIRECTION('',(-0.,-0.,-1.));
#6402 = ORIENTED_EDGE('',*,*,#5429,.F.);
#6403 = CYLINDRICAL_SURFACE('',#6404,0.3);
#6404 = AXIS2_PLACEMENT_3D('',#6405,#6406,#6407);
#6405 = CARTESIAN_POINT('',(-5.19,7.,-4.5E-02));
#6406 = DIRECTION('',(-0.,-0.,-1.));
#6407 = DIRECTION('',(-2.960594732334E-15,-1.,0.));
#6408 = ADVANCED_FACE('',(#6409),#6420,.T.);
#6409 = FACE_BOUND('',#6410,.T.);
#6410 = EDGE_LOOP('',(#6411,#6412,#6418,#6419));
#6411 = ORIENTED_EDGE('',*,*,#4692,.F.);
#6412 = ORIENTED_EDGE('',*,*,#6413,.F.);
#6413 = EDGE_CURVE('',#5413,#4684,#6414,.T.);
#6414 = LINE('',#6415,#6416);
#6415 = CARTESIAN_POINT('',(-6.16,7.,-4.5E-02));
#6416 = VECTOR('',#6417,1.);
#6417 = DIRECTION('',(-0.,-0.,-1.));
#6418 = ORIENTED_EDGE('',*,*,#5421,.T.);
#6419 = ORIENTED_EDGE('',*,*,#6397,.T.);
#6420 = PLANE('',#6421);
#6421 = AXIS2_PLACEMENT_3D('',#6422,#6423,#6424);
#6422 = CARTESIAN_POINT('',(-10.,7.,0.));
#6423 = DIRECTION('',(0.,1.,0.));
#6424 = DIRECTION('',(1.,0.,0.));
#6425 = ADVANCED_FACE('',(#6426),#6437,.F.);
#6426 = FACE_BOUND('',#6427,.T.);
#6427 = EDGE_LOOP('',(#6428,#6429,#6435,#6436));
#6428 = ORIENTED_EDGE('',*,*,#4683,.T.);
#6429 = ORIENTED_EDGE('',*,*,#6430,.T.);
#6430 = EDGE_CURVE('',#4675,#5404,#6431,.T.);
#6431 = LINE('',#6432,#6433);
#6432 = CARTESIAN_POINT('',(-6.46,6.7,-4.5E-02));
#6433 = VECTOR('',#6434,1.);
#6434 = DIRECTION('',(0.,0.,1.));
#6435 = ORIENTED_EDGE('',*,*,#5412,.F.);
#6436 = ORIENTED_EDGE('',*,*,#6413,.T.);
#6437 = CYLINDRICAL_SURFACE('',#6438,0.3);
#6438 = AXIS2_PLACEMENT_3D('',#6439,#6440,#6441);
#6439 = CARTESIAN_POINT('',(-6.46,7.,-4.5E-02));
#6440 = DIRECTION('',(-0.,-0.,-1.));
#6441 = DIRECTION('',(-0.,-1.,0.));
#6442 = ADVANCED_FACE('',(#6443),#6454,.F.);
#6443 = FACE_BOUND('',#6444,.T.);
#6444 = EDGE_LOOP('',(#6445,#6446,#6447,#6453));
#6445 = ORIENTED_EDGE('',*,*,#6430,.F.);
#6446 = ORIENTED_EDGE('',*,*,#4674,.T.);
#6447 = ORIENTED_EDGE('',*,*,#6448,.F.);
#6448 = EDGE_CURVE('',#5396,#4667,#6449,.T.);
#6449 = LINE('',#6450,#6451);
#6450 = CARTESIAN_POINT('',(-6.76,7.,-4.5E-02));
#6451 = VECTOR('',#6452,1.);
#6452 = DIRECTION('',(-0.,-0.,-1.));
#6453 = ORIENTED_EDGE('',*,*,#5403,.F.);
#6454 = CYLINDRICAL_SURFACE('',#6455,0.3);
#6455 = AXIS2_PLACEMENT_3D('',#6456,#6457,#6458);
#6456 = CARTESIAN_POINT('',(-6.46,7.,-4.5E-02));
#6457 = DIRECTION('',(-0.,-0.,-1.));
#6458 = DIRECTION('',(-0.,-1.,0.));
#6459 = ADVANCED_FACE('',(#6460),#6471,.T.);
#6460 = FACE_BOUND('',#6461,.T.);
#6461 = EDGE_LOOP('',(#6462,#6463,#6469,#6470));
#6462 = ORIENTED_EDGE('',*,*,#4666,.F.);
#6463 = ORIENTED_EDGE('',*,*,#6464,.F.);
#6464 = EDGE_CURVE('',#5387,#4658,#6465,.T.);
#6465 = LINE('',#6466,#6467);
#6466 = CARTESIAN_POINT('',(-7.43,7.,-4.5E-02));
#6467 = VECTOR('',#6468,1.);
#6468 = DIRECTION('',(-0.,-0.,-1.));
#6469 = ORIENTED_EDGE('',*,*,#5395,.T.);
#6470 = ORIENTED_EDGE('',*,*,#6448,.T.);
#6471 = PLANE('',#6472);
#6472 = AXIS2_PLACEMENT_3D('',#6473,#6474,#6475);
#6473 = CARTESIAN_POINT('',(-10.,7.,0.));
#6474 = DIRECTION('',(0.,1.,0.));
#6475 = DIRECTION('',(1.,0.,0.));
#6476 = ADVANCED_FACE('',(#6477),#6488,.F.);
#6477 = FACE_BOUND('',#6478,.T.);
#6478 = EDGE_LOOP('',(#6479,#6480,#6486,#6487));
#6479 = ORIENTED_EDGE('',*,*,#4657,.T.);
#6480 = ORIENTED_EDGE('',*,*,#6481,.T.);
#6481 = EDGE_CURVE('',#4649,#5378,#6482,.T.);
#6482 = LINE('',#6483,#6484);
#6483 = CARTESIAN_POINT('',(-7.73,6.7,-4.5E-02));
#6484 = VECTOR('',#6485,1.);
#6485 = DIRECTION('',(0.,0.,1.));
#6486 = ORIENTED_EDGE('',*,*,#5386,.F.);
#6487 = ORIENTED_EDGE('',*,*,#6464,.T.);
#6488 = CYLINDRICAL_SURFACE('',#6489,0.3);
#6489 = AXIS2_PLACEMENT_3D('',#6490,#6491,#6492);
#6490 = CARTESIAN_POINT('',(-7.73,7.,-4.5E-02));
#6491 = DIRECTION('',(-0.,-0.,-1.));
#6492 = DIRECTION('',(-2.960594732334E-15,-1.,0.));
#6493 = ADVANCED_FACE('',(#6494),#6505,.F.);
#6494 = FACE_BOUND('',#6495,.T.);
#6495 = EDGE_LOOP('',(#6496,#6497,#6498,#6504));
#6496 = ORIENTED_EDGE('',*,*,#6481,.F.);
#6497 = ORIENTED_EDGE('',*,*,#4648,.T.);
#6498 = ORIENTED_EDGE('',*,*,#6499,.F.);
#6499 = EDGE_CURVE('',#5370,#4641,#6500,.T.);
#6500 = LINE('',#6501,#6502);
#6501 = CARTESIAN_POINT('',(-8.03,7.,-4.5E-02));
#6502 = VECTOR('',#6503,1.);
#6503 = DIRECTION('',(-0.,-0.,-1.));
#6504 = ORIENTED_EDGE('',*,*,#5377,.F.);
#6505 = CYLINDRICAL_SURFACE('',#6506,0.3);
#6506 = AXIS2_PLACEMENT_3D('',#6507,#6508,#6509);
#6507 = CARTESIAN_POINT('',(-7.73,7.,-4.5E-02));
#6508 = DIRECTION('',(-0.,-0.,-1.));
#6509 = DIRECTION('',(-2.960594732334E-15,-1.,0.));
#6510 = ADVANCED_FACE('',(#6511),#6522,.T.);
#6511 = FACE_BOUND('',#6512,.T.);
#6512 = EDGE_LOOP('',(#6513,#6514,#6520,#6521));
#6513 = ORIENTED_EDGE('',*,*,#4640,.F.);
#6514 = ORIENTED_EDGE('',*,*,#6515,.F.);
#6515 = EDGE_CURVE('',#5361,#4632,#6516,.T.);
#6516 = LINE('',#6517,#6518);
#6517 = CARTESIAN_POINT('',(-8.7,7.,-4.5E-02));
#6518 = VECTOR('',#6519,1.);
#6519 = DIRECTION('',(-0.,-0.,-1.));
#6520 = ORIENTED_EDGE('',*,*,#5369,.T.);
#6521 = ORIENTED_EDGE('',*,*,#6499,.T.);
#6522 = PLANE('',#6523);
#6523 = AXIS2_PLACEMENT_3D('',#6524,#6525,#6526);
#6524 = CARTESIAN_POINT('',(-10.,7.,0.));
#6525 = DIRECTION('',(0.,1.,0.));
#6526 = DIRECTION('',(1.,0.,0.));
#6527 = ADVANCED_FACE('',(#6528),#6539,.F.);
#6528 = FACE_BOUND('',#6529,.T.);
#6529 = EDGE_LOOP('',(#6530,#6531,#6537,#6538));
#6530 = ORIENTED_EDGE('',*,*,#4631,.T.);
#6531 = ORIENTED_EDGE('',*,*,#6532,.T.);
#6532 = EDGE_CURVE('',#4623,#5352,#6533,.T.);
#6533 = LINE('',#6534,#6535);
#6534 = CARTESIAN_POINT('',(-9.,6.7,-4.5E-02));
#6535 = VECTOR('',#6536,1.);
#6536 = DIRECTION('',(0.,0.,1.));
#6537 = ORIENTED_EDGE('',*,*,#5360,.F.);
#6538 = ORIENTED_EDGE('',*,*,#6515,.T.);
#6539 = CYLINDRICAL_SURFACE('',#6540,0.3);
#6540 = AXIS2_PLACEMENT_3D('',#6541,#6542,#6543);
#6541 = CARTESIAN_POINT('',(-9.,7.,-4.5E-02));
#6542 = DIRECTION('',(-0.,-0.,-1.));
#6543 = DIRECTION('',(-0.,-1.,0.));
#6544 = ADVANCED_FACE('',(#6545),#6556,.F.);
#6545 = FACE_BOUND('',#6546,.T.);
#6546 = EDGE_LOOP('',(#6547,#6548,#6549,#6555));
#6547 = ORIENTED_EDGE('',*,*,#6532,.F.);
#6548 = ORIENTED_EDGE('',*,*,#4622,.T.);
#6549 = ORIENTED_EDGE('',*,*,#6550,.F.);
#6550 = EDGE_CURVE('',#5344,#4615,#6551,.T.);
#6551 = LINE('',#6552,#6553);
#6552 = CARTESIAN_POINT('',(-9.3,7.,-4.5E-02));
#6553 = VECTOR('',#6554,1.);
#6554 = DIRECTION('',(-0.,-0.,-1.));
#6555 = ORIENTED_EDGE('',*,*,#5351,.F.);
#6556 = CYLINDRICAL_SURFACE('',#6557,0.3);
#6557 = AXIS2_PLACEMENT_3D('',#6558,#6559,#6560);
#6558 = CARTESIAN_POINT('',(-9.,7.,-4.5E-02));
#6559 = DIRECTION('',(-0.,-0.,-1.));
#6560 = DIRECTION('',(-0.,-1.,0.));
#6561 = ADVANCED_FACE('',(#6562),#6573,.T.);
#6562 = FACE_BOUND('',#6563,.T.);
#6563 = EDGE_LOOP('',(#6564,#6565,#6571,#6572));
#6564 = ORIENTED_EDGE('',*,*,#4614,.F.);
#6565 = ORIENTED_EDGE('',*,*,#6566,.T.);
#6566 = EDGE_CURVE('',#4607,#5336,#6567,.T.);
#6567 = LINE('',#6568,#6569);
#6568 = CARTESIAN_POINT('',(-10.,7.,0.));
#6569 = VECTOR('',#6570,1.);
#6570 = DIRECTION('',(0.,0.,1.));
#6571 = ORIENTED_EDGE('',*,*,#5343,.T.);
#6572 = ORIENTED_EDGE('',*,*,#6550,.T.);
#6573 = PLANE('',#6574);
#6574 = AXIS2_PLACEMENT_3D('',#6575,#6576,#6577);
#6575 = CARTESIAN_POINT('',(-10.,7.,0.));
#6576 = DIRECTION('',(0.,1.,0.));
#6577 = DIRECTION('',(1.,0.,0.));
#6578 = ADVANCED_FACE('',(#6579),#6590,.T.);
#6579 = FACE_BOUND('',#6580,.T.);
#6580 = EDGE_LOOP('',(#6581,#6587,#6588,#6589));
#6581 = ORIENTED_EDGE('',*,*,#6582,.T.);
#6582 = EDGE_CURVE('',#4599,#5328,#6583,.T.);
#6583 = LINE('',#6584,#6585);
#6584 = CARTESIAN_POINT('',(-10.,-7.,0.));
#6585 = VECTOR('',#6586,1.);
#6586 = DIRECTION('',(0.,0.,1.));
#6587 = ORIENTED_EDGE('',*,*,#5335,.T.);
#6588 = ORIENTED_EDGE('',*,*,#6566,.F.);
#6589 = ORIENTED_EDGE('',*,*,#4606,.F.);
#6590 = PLANE('',#6591);
#6591 = AXIS2_PLACEMENT_3D('',#6592,#6593,#6594);
#6592 = CARTESIAN_POINT('',(-10.,-7.,0.));
#6593 = DIRECTION('',(-1.,0.,0.));
#6594 = DIRECTION('',(0.,1.,0.));
#6595 = ADVANCED_FACE('',(#6596),#6607,.T.);
#6596 = FACE_BOUND('',#6597,.T.);
#6597 = EDGE_LOOP('',(#6598,#6599,#6605,#6606));
#6598 = ORIENTED_EDGE('',*,*,#4598,.F.);
#6599 = ORIENTED_EDGE('',*,*,#6600,.F.);
#6600 = EDGE_CURVE('',#5319,#4590,#6601,.T.);
#6601 = LINE('',#6602,#6603);
#6602 = CARTESIAN_POINT('',(-9.3,-7.,-4.5E-02));
#6603 = VECTOR('',#6604,1.);
#6604 = DIRECTION('',(-0.,-0.,-1.));
#6605 = ORIENTED_EDGE('',*,*,#5327,.T.);
#6606 = ORIENTED_EDGE('',*,*,#6582,.F.);
#6607 = PLANE('',#6608);
#6608 = AXIS2_PLACEMENT_3D('',#6609,#6610,#6611);
#6609 = CARTESIAN_POINT('',(10.,-7.,0.));
#6610 = DIRECTION('',(0.,-1.,0.));
#6611 = DIRECTION('',(-1.,0.,0.));
#6612 = ADVANCED_FACE('',(#6613),#6624,.F.);
#6613 = FACE_BOUND('',#6614,.T.);
#6614 = EDGE_LOOP('',(#6615,#6621,#6622,#6623));
#6615 = ORIENTED_EDGE('',*,*,#6616,.F.);
#6616 = EDGE_CURVE('',#5311,#4582,#6617,.T.);
#6617 = LINE('',#6618,#6619);
#6618 = CARTESIAN_POINT('',(-8.7,-7.,-4.5E-02));
#6619 = VECTOR('',#6620,1.);
#6620 = DIRECTION('',(-0.,-0.,-1.));
#6621 = ORIENTED_EDGE('',*,*,#5318,.F.);
#6622 = ORIENTED_EDGE('',*,*,#6600,.T.);
#6623 = ORIENTED_EDGE('',*,*,#4589,.T.);
#6624 = CYLINDRICAL_SURFACE('',#6625,0.3);
#6625 = AXIS2_PLACEMENT_3D('',#6626,#6627,#6628);
#6626 = CARTESIAN_POINT('',(-9.,-7.,-4.5E-02));
#6627 = DIRECTION('',(-0.,-0.,-1.));
#6628 = DIRECTION('',(-0.,-1.,0.));
#6629 = ADVANCED_FACE('',(#6630),#6641,.T.);
#6630 = FACE_BOUND('',#6631,.T.);
#6631 = EDGE_LOOP('',(#6632,#6633,#6639,#6640));
#6632 = ORIENTED_EDGE('',*,*,#4581,.F.);
#6633 = ORIENTED_EDGE('',*,*,#6634,.F.);
#6634 = EDGE_CURVE('',#5302,#4573,#6635,.T.);
#6635 = LINE('',#6636,#6637);
#6636 = CARTESIAN_POINT('',(-8.03,-7.,-4.5E-02));
#6637 = VECTOR('',#6638,1.);
#6638 = DIRECTION('',(-0.,-0.,-1.));
#6639 = ORIENTED_EDGE('',*,*,#5310,.T.);
#6640 = ORIENTED_EDGE('',*,*,#6616,.T.);
#6641 = PLANE('',#6642);
#6642 = AXIS2_PLACEMENT_3D('',#6643,#6644,#6645);
#6643 = CARTESIAN_POINT('',(10.,-7.,0.));
#6644 = DIRECTION('',(0.,-1.,0.));
#6645 = DIRECTION('',(-1.,0.,0.));
#6646 = ADVANCED_FACE('',(#6647),#6658,.F.);
#6647 = FACE_BOUND('',#6648,.T.);
#6648 = EDGE_LOOP('',(#6649,#6655,#6656,#6657));
#6649 = ORIENTED_EDGE('',*,*,#6650,.F.);
#6650 = EDGE_CURVE('',#5294,#4565,#6651,.T.);
#6651 = LINE('',#6652,#6653);
#6652 = CARTESIAN_POINT('',(-7.43,-7.,-4.5E-02));
#6653 = VECTOR('',#6654,1.);
#6654 = DIRECTION('',(-0.,-0.,-1.));
#6655 = ORIENTED_EDGE('',*,*,#5301,.F.);
#6656 = ORIENTED_EDGE('',*,*,#6634,.T.);
#6657 = ORIENTED_EDGE('',*,*,#4572,.T.);
#6658 = CYLINDRICAL_SURFACE('',#6659,0.3);
#6659 = AXIS2_PLACEMENT_3D('',#6660,#6661,#6662);
#6660 = CARTESIAN_POINT('',(-7.73,-7.,-4.5E-02));
#6661 = DIRECTION('',(-0.,-0.,-1.));
#6662 = DIRECTION('',(-2.960594732334E-15,-1.,0.));
#6663 = ADVANCED_FACE('',(#6664),#6675,.T.);
#6664 = FACE_BOUND('',#6665,.T.);
#6665 = EDGE_LOOP('',(#6666,#6667,#6673,#6674));
#6666 = ORIENTED_EDGE('',*,*,#4564,.F.);
#6667 = ORIENTED_EDGE('',*,*,#6668,.F.);
#6668 = EDGE_CURVE('',#5285,#4556,#6669,.T.);
#6669 = LINE('',#6670,#6671);
#6670 = CARTESIAN_POINT('',(-6.76,-7.,-4.5E-02));
#6671 = VECTOR('',#6672,1.);
#6672 = DIRECTION('',(-0.,-0.,-1.));
#6673 = ORIENTED_EDGE('',*,*,#5293,.T.);
#6674 = ORIENTED_EDGE('',*,*,#6650,.T.);
#6675 = PLANE('',#6676);
#6676 = AXIS2_PLACEMENT_3D('',#6677,#6678,#6679);
#6677 = CARTESIAN_POINT('',(10.,-7.,0.));
#6678 = DIRECTION('',(0.,-1.,0.));
#6679 = DIRECTION('',(-1.,0.,0.));
#6680 = ADVANCED_FACE('',(#6681),#6692,.F.);
#6681 = FACE_BOUND('',#6682,.T.);
#6682 = EDGE_LOOP('',(#6683,#6689,#6690,#6691));
#6683 = ORIENTED_EDGE('',*,*,#6684,.F.);
#6684 = EDGE_CURVE('',#5277,#4548,#6685,.T.);
#6685 = LINE('',#6686,#6687);
#6686 = CARTESIAN_POINT('',(-6.16,-7.,-4.5E-02));
#6687 = VECTOR('',#6688,1.);
#6688 = DIRECTION('',(-0.,-0.,-1.));
#6689 = ORIENTED_EDGE('',*,*,#5284,.F.);
#6690 = ORIENTED_EDGE('',*,*,#6668,.T.);
#6691 = ORIENTED_EDGE('',*,*,#4555,.T.);
#6692 = CYLINDRICAL_SURFACE('',#6693,0.3);
#6693 = AXIS2_PLACEMENT_3D('',#6694,#6695,#6696);
#6694 = CARTESIAN_POINT('',(-6.46,-7.,-4.5E-02));
#6695 = DIRECTION('',(-0.,-0.,-1.));
#6696 = DIRECTION('',(-0.,-1.,0.));
#6697 = ADVANCED_FACE('',(#6698),#6709,.T.);
#6698 = FACE_BOUND('',#6699,.T.);
#6699 = EDGE_LOOP('',(#6700,#6701,#6707,#6708));
#6700 = ORIENTED_EDGE('',*,*,#4547,.F.);
#6701 = ORIENTED_EDGE('',*,*,#6702,.F.);
#6702 = EDGE_CURVE('',#5268,#4539,#6703,.T.);
#6703 = LINE('',#6704,#6705);
#6704 = CARTESIAN_POINT('',(-5.49,-7.,-4.5E-02));
#6705 = VECTOR('',#6706,1.);
#6706 = DIRECTION('',(-0.,-0.,-1.));
#6707 = ORIENTED_EDGE('',*,*,#5276,.T.);
#6708 = ORIENTED_EDGE('',*,*,#6684,.T.);
#6709 = PLANE('',#6710);
#6710 = AXIS2_PLACEMENT_3D('',#6711,#6712,#6713);
#6711 = CARTESIAN_POINT('',(10.,-7.,0.));
#6712 = DIRECTION('',(0.,-1.,0.));
#6713 = DIRECTION('',(-1.,0.,0.));
#6714 = ADVANCED_FACE('',(#6715),#6726,.F.);
#6715 = FACE_BOUND('',#6716,.T.);
#6716 = EDGE_LOOP('',(#6717,#6723,#6724,#6725));
#6717 = ORIENTED_EDGE('',*,*,#6718,.F.);
#6718 = EDGE_CURVE('',#5260,#4531,#6719,.T.);
#6719 = LINE('',#6720,#6721);
#6720 = CARTESIAN_POINT('',(-4.89,-7.,-4.5E-02));
#6721 = VECTOR('',#6722,1.);
#6722 = DIRECTION('',(-0.,-0.,-1.));
#6723 = ORIENTED_EDGE('',*,*,#5267,.F.);
#6724 = ORIENTED_EDGE('',*,*,#6702,.T.);
#6725 = ORIENTED_EDGE('',*,*,#4538,.T.);
#6726 = CYLINDRICAL_SURFACE('',#6727,0.3);
#6727 = AXIS2_PLACEMENT_3D('',#6728,#6729,#6730);
#6728 = CARTESIAN_POINT('',(-5.19,-7.,-4.5E-02));
#6729 = DIRECTION('',(-0.,-0.,-1.));
#6730 = DIRECTION('',(-2.960594732334E-15,-1.,0.));
#6731 = ADVANCED_FACE('',(#6732),#6743,.T.);
#6732 = FACE_BOUND('',#6733,.T.);
#6733 = EDGE_LOOP('',(#6734,#6735,#6741,#6742));
#6734 = ORIENTED_EDGE('',*,*,#4530,.F.);
#6735 = ORIENTED_EDGE('',*,*,#6736,.F.);
#6736 = EDGE_CURVE('',#5251,#4522,#6737,.T.);
#6737 = LINE('',#6738,#6739);
#6738 = CARTESIAN_POINT('',(-4.22,-7.,-4.5E-02));
#6739 = VECTOR('',#6740,1.);
#6740 = DIRECTION('',(-0.,-0.,-1.));
#6741 = ORIENTED_EDGE('',*,*,#5259,.T.);
#6742 = ORIENTED_EDGE('',*,*,#6718,.T.);
#6743 = PLANE('',#6744);
#6744 = AXIS2_PLACEMENT_3D('',#6745,#6746,#6747);
#6745 = CARTESIAN_POINT('',(10.,-7.,0.));
#6746 = DIRECTION('',(0.,-1.,0.));
#6747 = DIRECTION('',(-1.,0.,0.));
#6748 = ADVANCED_FACE('',(#6749),#6760,.F.);
#6749 = FACE_BOUND('',#6750,.T.);
#6750 = EDGE_LOOP('',(#6751,#6757,#6758,#6759));
#6751 = ORIENTED_EDGE('',*,*,#6752,.F.);
#6752 = EDGE_CURVE('',#5243,#4514,#6753,.T.);
#6753 = LINE('',#6754,#6755);
#6754 = CARTESIAN_POINT('',(-3.62,-7.,-4.5E-02));
#6755 = VECTOR('',#6756,1.);
#6756 = DIRECTION('',(-0.,-0.,-1.));
#6757 = ORIENTED_EDGE('',*,*,#5250,.F.);
#6758 = ORIENTED_EDGE('',*,*,#6736,.T.);
#6759 = ORIENTED_EDGE('',*,*,#4521,.T.);
#6760 = CYLINDRICAL_SURFACE('',#6761,0.3);
#6761 = AXIS2_PLACEMENT_3D('',#6762,#6763,#6764);
#6762 = CARTESIAN_POINT('',(-3.92,-7.,-4.5E-02));
#6763 = DIRECTION('',(-0.,-0.,-1.));
#6764 = DIRECTION('',(-0.,-1.,0.));
#6765 = ADVANCED_FACE('',(#6766),#6777,.T.);
#6766 = FACE_BOUND('',#6767,.T.);
#6767 = EDGE_LOOP('',(#6768,#6769,#6775,#6776));
#6768 = ORIENTED_EDGE('',*,*,#4513,.F.);
#6769 = ORIENTED_EDGE('',*,*,#6770,.F.);
#6770 = EDGE_CURVE('',#5234,#4505,#6771,.T.);
#6771 = LINE('',#6772,#6773);
#6772 = CARTESIAN_POINT('',(-2.95,-7.,-4.5E-02));
#6773 = VECTOR('',#6774,1.);
#6774 = DIRECTION('',(-0.,0.,-1.));
#6775 = ORIENTED_EDGE('',*,*,#5242,.T.);
#6776 = ORIENTED_EDGE('',*,*,#6752,.T.);
#6777 = PLANE('',#6778);
#6778 = AXIS2_PLACEMENT_3D('',#6779,#6780,#6781);
#6779 = CARTESIAN_POINT('',(10.,-7.,0.));
#6780 = DIRECTION('',(0.,-1.,0.));
#6781 = DIRECTION('',(-1.,0.,0.));
#6782 = ADVANCED_FACE('',(#6783),#6794,.F.);
#6783 = FACE_BOUND('',#6784,.T.);
#6784 = EDGE_LOOP('',(#6785,#6791,#6792,#6793));
#6785 = ORIENTED_EDGE('',*,*,#6786,.F.);
#6786 = EDGE_CURVE('',#5226,#4497,#6787,.T.);
#6787 = LINE('',#6788,#6789);
#6788 = CARTESIAN_POINT('',(-2.35,-7.,-4.5E-02));
#6789 = VECTOR('',#6790,1.);
#6790 = DIRECTION('',(-0.,0.,-1.));
#6791 = ORIENTED_EDGE('',*,*,#5233,.F.);
#6792 = ORIENTED_EDGE('',*,*,#6770,.T.);
#6793 = ORIENTED_EDGE('',*,*,#4504,.T.);
#6794 = CYLINDRICAL_SURFACE('',#6795,0.3);
#6795 = AXIS2_PLACEMENT_3D('',#6796,#6797,#6798);
#6796 = CARTESIAN_POINT('',(-2.65,-7.,-4.5E-02));
#6797 = DIRECTION('',(-0.,0.,-1.));
#6798 = DIRECTION('',(1.480297366167E-15,-1.,-0.));
#6799 = ADVANCED_FACE('',(#6800),#6811,.T.);
#6800 = FACE_BOUND('',#6801,.T.);
#6801 = EDGE_LOOP('',(#6802,#6803,#6809,#6810));
#6802 = ORIENTED_EDGE('',*,*,#4496,.F.);
#6803 = ORIENTED_EDGE('',*,*,#6804,.F.);
#6804 = EDGE_CURVE('',#5217,#4488,#6805,.T.);
#6805 = LINE('',#6806,#6807);
#6806 = CARTESIAN_POINT('',(-1.68,-7.,-4.5E-02));
#6807 = VECTOR('',#6808,1.);
#6808 = DIRECTION('',(-0.,-0.,-1.));
#6809 = ORIENTED_EDGE('',*,*,#5225,.T.);
#6810 = ORIENTED_EDGE('',*,*,#6786,.T.);
#6811 = PLANE('',#6812);
#6812 = AXIS2_PLACEMENT_3D('',#6813,#6814,#6815);
#6813 = CARTESIAN_POINT('',(10.,-7.,0.));
#6814 = DIRECTION('',(0.,-1.,0.));
#6815 = DIRECTION('',(-1.,0.,0.));
#6816 = ADVANCED_FACE('',(#6817),#6828,.F.);
#6817 = FACE_BOUND('',#6818,.T.);
#6818 = EDGE_LOOP('',(#6819,#6825,#6826,#6827));
#6819 = ORIENTED_EDGE('',*,*,#6820,.F.);
#6820 = EDGE_CURVE('',#5209,#4480,#6821,.T.);
#6821 = LINE('',#6822,#6823);
#6822 = CARTESIAN_POINT('',(-1.08,-7.,-4.5E-02));
#6823 = VECTOR('',#6824,1.);
#6824 = DIRECTION('',(-0.,-0.,-1.));
#6825 = ORIENTED_EDGE('',*,*,#5216,.F.);
#6826 = ORIENTED_EDGE('',*,*,#6804,.T.);
#6827 = ORIENTED_EDGE('',*,*,#4487,.T.);
#6828 = CYLINDRICAL_SURFACE('',#6829,0.3);
#6829 = AXIS2_PLACEMENT_3D('',#6830,#6831,#6832);
#6830 = CARTESIAN_POINT('',(-1.38,-7.,-4.5E-02));
#6831 = DIRECTION('',(-0.,-0.,-1.));
#6832 = DIRECTION('',(-0.,-1.,0.));
#6833 = ADVANCED_FACE('',(#6834),#6845,.T.);
#6834 = FACE_BOUND('',#6835,.T.);
#6835 = EDGE_LOOP('',(#6836,#6837,#6843,#6844));
#6836 = ORIENTED_EDGE('',*,*,#4479,.F.);
#6837 = ORIENTED_EDGE('',*,*,#6838,.F.);
#6838 = EDGE_CURVE('',#5200,#4471,#6839,.T.);
#6839 = LINE('',#6840,#6841);
#6840 = CARTESIAN_POINT('',(-0.41,-7.,-4.5E-02));
#6841 = VECTOR('',#6842,1.);
#6842 = DIRECTION('',(-0.,-0.,-1.));
#6843 = ORIENTED_EDGE('',*,*,#5208,.T.);
#6844 = ORIENTED_EDGE('',*,*,#6820,.T.);
#6845 = PLANE('',#6846);
#6846 = AXIS2_PLACEMENT_3D('',#6847,#6848,#6849);
#6847 = CARTESIAN_POINT('',(10.,-7.,0.));
#6848 = DIRECTION('',(0.,-1.,0.));
#6849 = DIRECTION('',(-1.,0.,0.));
#6850 = ADVANCED_FACE('',(#6851),#6862,.F.);
#6851 = FACE_BOUND('',#6852,.T.);
#6852 = EDGE_LOOP('',(#6853,#6859,#6860,#6861));
#6853 = ORIENTED_EDGE('',*,*,#6854,.F.);
#6854 = EDGE_CURVE('',#5192,#4463,#6855,.T.);
#6855 = LINE('',#6856,#6857);
#6856 = CARTESIAN_POINT('',(0.19,-7.,-4.5E-02));
#6857 = VECTOR('',#6858,1.);
#6858 = DIRECTION('',(-0.,-0.,-1.));
#6859 = ORIENTED_EDGE('',*,*,#5199,.F.);
#6860 = ORIENTED_EDGE('',*,*,#6838,.T.);
#6861 = ORIENTED_EDGE('',*,*,#4470,.T.);
#6862 = CYLINDRICAL_SURFACE('',#6863,0.3);
#6863 = AXIS2_PLACEMENT_3D('',#6864,#6865,#6866);
#6864 = CARTESIAN_POINT('',(-0.11,-7.,-4.5E-02));
#6865 = DIRECTION('',(-0.,-0.,-1.));
#6866 = DIRECTION('',(-4.625929269271E-17,-1.,0.));
#6867 = ADVANCED_FACE('',(#6868),#6879,.T.);
#6868 = FACE_BOUND('',#6869,.T.);
#6869 = EDGE_LOOP('',(#6870,#6871,#6877,#6878));
#6870 = ORIENTED_EDGE('',*,*,#4462,.F.);
#6871 = ORIENTED_EDGE('',*,*,#6872,.F.);
#6872 = EDGE_CURVE('',#5183,#4454,#6873,.T.);
#6873 = LINE('',#6874,#6875);
#6874 = CARTESIAN_POINT('',(0.86,-7.,-4.5E-02));
#6875 = VECTOR('',#6876,1.);
#6876 = DIRECTION('',(-0.,-0.,-1.));
#6877 = ORIENTED_EDGE('',*,*,#5191,.T.);
#6878 = ORIENTED_EDGE('',*,*,#6854,.T.);
#6879 = PLANE('',#6880);
#6880 = AXIS2_PLACEMENT_3D('',#6881,#6882,#6883);
#6881 = CARTESIAN_POINT('',(10.,-7.,0.));
#6882 = DIRECTION('',(0.,-1.,0.));
#6883 = DIRECTION('',(-1.,0.,0.));
#6884 = ADVANCED_FACE('',(#6885),#6896,.F.);
#6885 = FACE_BOUND('',#6886,.T.);
#6886 = EDGE_LOOP('',(#6887,#6893,#6894,#6895));
#6887 = ORIENTED_EDGE('',*,*,#6888,.F.);
#6888 = EDGE_CURVE('',#5175,#4446,#6889,.T.);
#6889 = LINE('',#6890,#6891);
#6890 = CARTESIAN_POINT('',(1.46,-7.,-4.5E-02));
#6891 = VECTOR('',#6892,1.);
#6892 = DIRECTION('',(-0.,-0.,-1.));
#6893 = ORIENTED_EDGE('',*,*,#5182,.F.);
#6894 = ORIENTED_EDGE('',*,*,#6872,.T.);
#6895 = ORIENTED_EDGE('',*,*,#4453,.T.);
#6896 = CYLINDRICAL_SURFACE('',#6897,0.3);
#6897 = AXIS2_PLACEMENT_3D('',#6898,#6899,#6900);
#6898 = CARTESIAN_POINT('',(1.16,-7.,-4.5E-02));
#6899 = DIRECTION('',(-0.,-0.,-1.));
#6900 = DIRECTION('',(-0.,-1.,0.));
#6901 = ADVANCED_FACE('',(#6902),#6913,.T.);
#6902 = FACE_BOUND('',#6903,.T.);
#6903 = EDGE_LOOP('',(#6904,#6905,#6911,#6912));
#6904 = ORIENTED_EDGE('',*,*,#4445,.F.);
#6905 = ORIENTED_EDGE('',*,*,#6906,.F.);
#6906 = EDGE_CURVE('',#5166,#4437,#6907,.T.);
#6907 = LINE('',#6908,#6909);
#6908 = CARTESIAN_POINT('',(2.13,-7.,-4.5E-02));
#6909 = VECTOR('',#6910,1.);
#6910 = DIRECTION('',(-0.,0.,-1.));
#6911 = ORIENTED_EDGE('',*,*,#5174,.T.);
#6912 = ORIENTED_EDGE('',*,*,#6888,.T.);
#6913 = PLANE('',#6914);
#6914 = AXIS2_PLACEMENT_3D('',#6915,#6916,#6917);
#6915 = CARTESIAN_POINT('',(10.,-7.,0.));
#6916 = DIRECTION('',(0.,-1.,0.));
#6917 = DIRECTION('',(-1.,0.,0.));
#6918 = ADVANCED_FACE('',(#6919),#6930,.F.);
#6919 = FACE_BOUND('',#6920,.T.);
#6920 = EDGE_LOOP('',(#6921,#6927,#6928,#6929));
#6921 = ORIENTED_EDGE('',*,*,#6922,.F.);
#6922 = EDGE_CURVE('',#5158,#4429,#6923,.T.);
#6923 = LINE('',#6924,#6925);
#6924 = CARTESIAN_POINT('',(2.73,-7.,-4.5E-02));
#6925 = VECTOR('',#6926,1.);
#6926 = DIRECTION('',(-0.,0.,-1.));
#6927 = ORIENTED_EDGE('',*,*,#5165,.F.);
#6928 = ORIENTED_EDGE('',*,*,#6906,.T.);
#6929 = ORIENTED_EDGE('',*,*,#4436,.T.);
#6930 = CYLINDRICAL_SURFACE('',#6931,0.3);
#6931 = AXIS2_PLACEMENT_3D('',#6932,#6933,#6934);
#6932 = CARTESIAN_POINT('',(2.43,-7.,-4.5E-02));
#6933 = DIRECTION('',(-0.,0.,-1.));
#6934 = DIRECTION('',(1.480297366167E-15,-1.,-0.));
#6935 = ADVANCED_FACE('',(#6936),#6947,.T.);
#6936 = FACE_BOUND('',#6937,.T.);
#6937 = EDGE_LOOP('',(#6938,#6939,#6945,#6946));
#6938 = ORIENTED_EDGE('',*,*,#4428,.F.);
#6939 = ORIENTED_EDGE('',*,*,#6940,.F.);
#6940 = EDGE_CURVE('',#5149,#4420,#6941,.T.);
#6941 = LINE('',#6942,#6943);
#6942 = CARTESIAN_POINT('',(3.4,-7.,-4.5E-02));
#6943 = VECTOR('',#6944,1.);
#6944 = DIRECTION('',(-0.,-0.,-1.));
#6945 = ORIENTED_EDGE('',*,*,#5157,.T.);
#6946 = ORIENTED_EDGE('',*,*,#6922,.T.);
#6947 = PLANE('',#6948);
#6948 = AXIS2_PLACEMENT_3D('',#6949,#6950,#6951);
#6949 = CARTESIAN_POINT('',(10.,-7.,0.));
#6950 = DIRECTION('',(0.,-1.,0.));
#6951 = DIRECTION('',(-1.,0.,0.));
#6952 = ADVANCED_FACE('',(#6953),#6964,.F.);
#6953 = FACE_BOUND('',#6954,.T.);
#6954 = EDGE_LOOP('',(#6955,#6961,#6962,#6963));
#6955 = ORIENTED_EDGE('',*,*,#6956,.F.);
#6956 = EDGE_CURVE('',#5141,#4412,#6957,.T.);
#6957 = LINE('',#6958,#6959);
#6958 = CARTESIAN_POINT('',(4.,-7.,-4.5E-02));
#6959 = VECTOR('',#6960,1.);
#6960 = DIRECTION('',(-0.,-0.,-1.));
#6961 = ORIENTED_EDGE('',*,*,#5148,.F.);
#6962 = ORIENTED_EDGE('',*,*,#6940,.T.);
#6963 = ORIENTED_EDGE('',*,*,#4419,.T.);
#6964 = CYLINDRICAL_SURFACE('',#6965,0.3);
#6965 = AXIS2_PLACEMENT_3D('',#6966,#6967,#6968);
#6966 = CARTESIAN_POINT('',(3.7,-7.,-4.5E-02));
#6967 = DIRECTION('',(-0.,-0.,-1.));
#6968 = DIRECTION('',(-0.,-1.,0.));
#6969 = ADVANCED_FACE('',(#6970),#6981,.T.);
#6970 = FACE_BOUND('',#6971,.T.);
#6971 = EDGE_LOOP('',(#6972,#6973,#6979,#6980));
#6972 = ORIENTED_EDGE('',*,*,#4411,.F.);
#6973 = ORIENTED_EDGE('',*,*,#6974,.F.);
#6974 = EDGE_CURVE('',#5132,#4403,#6975,.T.);
#6975 = LINE('',#6976,#6977);
#6976 = CARTESIAN_POINT('',(4.67,-7.,-4.5E-02));
#6977 = VECTOR('',#6978,1.);
#6978 = DIRECTION('',(-0.,-0.,-1.));
#6979 = ORIENTED_EDGE('',*,*,#5140,.T.);
#6980 = ORIENTED_EDGE('',*,*,#6956,.T.);
#6981 = PLANE('',#6982);
#6982 = AXIS2_PLACEMENT_3D('',#6983,#6984,#6985);
#6983 = CARTESIAN_POINT('',(10.,-7.,0.));
#6984 = DIRECTION('',(0.,-1.,0.));
#6985 = DIRECTION('',(-1.,0.,0.));
#6986 = ADVANCED_FACE('',(#6987),#6998,.F.);
#6987 = FACE_BOUND('',#6988,.T.);
#6988 = EDGE_LOOP('',(#6989,#6995,#6996,#6997));
#6989 = ORIENTED_EDGE('',*,*,#6990,.F.);
#6990 = EDGE_CURVE('',#5124,#4395,#6991,.T.);
#6991 = LINE('',#6992,#6993);
#6992 = CARTESIAN_POINT('',(5.27,-7.,-4.5E-02));
#6993 = VECTOR('',#6994,1.);
#6994 = DIRECTION('',(-0.,-0.,-1.));
#6995 = ORIENTED_EDGE('',*,*,#5131,.F.);
#6996 = ORIENTED_EDGE('',*,*,#6974,.T.);
#6997 = ORIENTED_EDGE('',*,*,#4402,.T.);
#6998 = CYLINDRICAL_SURFACE('',#6999,0.3);
#6999 = AXIS2_PLACEMENT_3D('',#7000,#7001,#7002);
#7000 = CARTESIAN_POINT('',(4.97,-7.,-4.5E-02));
#7001 = DIRECTION('',(-0.,-0.,-1.));
#7002 = DIRECTION('',(-0.,-1.,0.));
#7003 = ADVANCED_FACE('',(#7004),#7015,.T.);
#7004 = FACE_BOUND('',#7005,.T.);
#7005 = EDGE_LOOP('',(#7006,#7007,#7013,#7014));
#7006 = ORIENTED_EDGE('',*,*,#4394,.F.);
#7007 = ORIENTED_EDGE('',*,*,#7008,.F.);
#7008 = EDGE_CURVE('',#5115,#4386,#7009,.T.);
#7009 = LINE('',#7010,#7011);
#7010 = CARTESIAN_POINT('',(5.94,-7.,-4.5E-02));
#7011 = VECTOR('',#7012,1.);
#7012 = DIRECTION('',(-0.,-0.,-1.));
#7013 = ORIENTED_EDGE('',*,*,#5123,.T.);
#7014 = ORIENTED_EDGE('',*,*,#6990,.T.);
#7015 = PLANE('',#7016);
#7016 = AXIS2_PLACEMENT_3D('',#7017,#7018,#7019);
#7017 = CARTESIAN_POINT('',(10.,-7.,0.));
#7018 = DIRECTION('',(0.,-1.,0.));
#7019 = DIRECTION('',(-1.,0.,0.));
#7020 = ADVANCED_FACE('',(#7021),#7032,.F.);
#7021 = FACE_BOUND('',#7022,.T.);
#7022 = EDGE_LOOP('',(#7023,#7029,#7030,#7031));
#7023 = ORIENTED_EDGE('',*,*,#7024,.F.);
#7024 = EDGE_CURVE('',#5107,#4378,#7025,.T.);
#7025 = LINE('',#7026,#7027);
#7026 = CARTESIAN_POINT('',(6.54,-7.,-4.5E-02));
#7027 = VECTOR('',#7028,1.);
#7028 = DIRECTION('',(-0.,-0.,-1.));
#7029 = ORIENTED_EDGE('',*,*,#5114,.F.);
#7030 = ORIENTED_EDGE('',*,*,#7008,.T.);
#7031 = ORIENTED_EDGE('',*,*,#4385,.T.);
#7032 = CYLINDRICAL_SURFACE('',#7033,0.3);
#7033 = AXIS2_PLACEMENT_3D('',#7034,#7035,#7036);
#7034 = CARTESIAN_POINT('',(6.24,-7.,-4.5E-02));
#7035 = DIRECTION('',(-0.,-0.,-1.));
#7036 = DIRECTION('',(-0.,-1.,0.));
#7037 = ADVANCED_FACE('',(#7038),#7049,.T.);
#7038 = FACE_BOUND('',#7039,.T.);
#7039 = EDGE_LOOP('',(#7040,#7041,#7047,#7048));
#7040 = ORIENTED_EDGE('',*,*,#4377,.F.);
#7041 = ORIENTED_EDGE('',*,*,#7042,.F.);
#7042 = EDGE_CURVE('',#5098,#4369,#7043,.T.);
#7043 = LINE('',#7044,#7045);
#7044 = CARTESIAN_POINT('',(7.21,-7.,-4.5E-02));
#7045 = VECTOR('',#7046,1.);
#7046 = DIRECTION('',(-0.,-0.,-1.));
#7047 = ORIENTED_EDGE('',*,*,#5106,.T.);
#7048 = ORIENTED_EDGE('',*,*,#7024,.T.);
#7049 = PLANE('',#7050);
#7050 = AXIS2_PLACEMENT_3D('',#7051,#7052,#7053);
#7051 = CARTESIAN_POINT('',(10.,-7.,0.));
#7052 = DIRECTION('',(0.,-1.,0.));
#7053 = DIRECTION('',(-1.,0.,0.));
#7054 = ADVANCED_FACE('',(#7055),#7066,.F.);
#7055 = FACE_BOUND('',#7056,.T.);
#7056 = EDGE_LOOP('',(#7057,#7063,#7064,#7065));
#7057 = ORIENTED_EDGE('',*,*,#7058,.F.);
#7058 = EDGE_CURVE('',#5090,#4361,#7059,.T.);
#7059 = LINE('',#7060,#7061);
#7060 = CARTESIAN_POINT('',(7.81,-7.,-4.5E-02));
#7061 = VECTOR('',#7062,1.);
#7062 = DIRECTION('',(-0.,-0.,-1.));
#7063 = ORIENTED_EDGE('',*,*,#5097,.F.);
#7064 = ORIENTED_EDGE('',*,*,#7042,.T.);
#7065 = ORIENTED_EDGE('',*,*,#4368,.T.);
#7066 = CYLINDRICAL_SURFACE('',#7067,0.3);
#7067 = AXIS2_PLACEMENT_3D('',#7068,#7069,#7070);
#7068 = CARTESIAN_POINT('',(7.51,-7.,-4.5E-02));
#7069 = DIRECTION('',(-0.,-0.,-1.));
#7070 = DIRECTION('',(-0.,-1.,0.));
#7071 = ADVANCED_FACE('',(#7072),#7078,.T.);
#7072 = FACE_BOUND('',#7073,.T.);
#7073 = EDGE_LOOP('',(#7074,#7075,#7076,#7077));
#7074 = ORIENTED_EDGE('',*,*,#4360,.F.);
#7075 = ORIENTED_EDGE('',*,*,#5064,.F.);
#7076 = ORIENTED_EDGE('',*,*,#5089,.T.);
#7077 = ORIENTED_EDGE('',*,*,#7058,.T.);
#7078 = PLANE('',#7079);
#7079 = AXIS2_PLACEMENT_3D('',#7080,#7081,#7082);
#7080 = CARTESIAN_POINT('',(10.,-7.,0.));
#7081 = DIRECTION('',(0.,-1.,0.));
#7082 = DIRECTION('',(-1.,0.,0.));
#7083 = ADVANCED_FACE('',(#7084),#7100,.F.);
#7084 = FACE_BOUND('',#7085,.T.);
#7085 = EDGE_LOOP('',(#7086,#7087,#7093,#7094));
#7086 = ORIENTED_EDGE('',*,*,#5012,.T.);
#7087 = ORIENTED_EDGE('',*,*,#7088,.T.);
#7088 = EDGE_CURVE('',#5015,#5744,#7089,.T.);
#7089 = LINE('',#7090,#7091);
#7090 = CARTESIAN_POINT('',(9.187,-1.3544,-4.5E-02));
#7091 = VECTOR('',#7092,1.);
#7092 = DIRECTION('',(0.,0.,1.));
#7093 = ORIENTED_EDGE('',*,*,#5741,.F.);
#7094 = ORIENTED_EDGE('',*,*,#7095,.F.);
#7095 = EDGE_CURVE('',#5013,#5742,#7096,.T.);
#7096 = LINE('',#7097,#7098);
#7097 = CARTESIAN_POINT('',(9.637,-1.3544,-4.5E-02));
#7098 = VECTOR('',#7099,1.);
#7099 = DIRECTION('',(0.,0.,1.));
#7100 = CYLINDRICAL_SURFACE('',#7101,0.225);
#7101 = AXIS2_PLACEMENT_3D('',#7102,#7103,#7104);
#7102 = CARTESIAN_POINT('',(9.412,-1.3544,-4.5E-02));
#7103 = DIRECTION('',(-0.,-0.,-1.));
#7104 = DIRECTION('',(-1.,-1.973729821556E-15,0.));
#7105 = ADVANCED_FACE('',(#7106),#7117,.T.);
#7106 = FACE_BOUND('',#7107,.T.);
#7107 = EDGE_LOOP('',(#7108,#7109,#7115,#7116));
#7108 = ORIENTED_EDGE('',*,*,#5040,.F.);
#7109 = ORIENTED_EDGE('',*,*,#7110,.T.);
#7110 = EDGE_CURVE('',#5032,#5761,#7111,.T.);
#7111 = LINE('',#7112,#7113);
#7112 = CARTESIAN_POINT('',(9.187,-0.6044,-4.5E-02));
#7113 = VECTOR('',#7114,1.);
#7114 = DIRECTION('',(0.,0.,1.));
#7115 = ORIENTED_EDGE('',*,*,#5769,.T.);
#7116 = ORIENTED_EDGE('',*,*,#7088,.F.);
#7117 = PLANE('',#7118);
#7118 = AXIS2_PLACEMENT_3D('',#7119,#7120,#7121);
#7119 = CARTESIAN_POINT('',(9.187,-0.6044,-4.5E-02));
#7120 = DIRECTION('',(1.,0.,-0.));
#7121 = DIRECTION('',(0.,-1.,0.));
#7122 = ADVANCED_FACE('',(#7123),#7134,.F.);
#7123 = FACE_BOUND('',#7124,.T.);
#7124 = EDGE_LOOP('',(#7125,#7126,#7132,#7133));
#7125 = ORIENTED_EDGE('',*,*,#5031,.T.);
#7126 = ORIENTED_EDGE('',*,*,#7127,.T.);
#7127 = EDGE_CURVE('',#5024,#5753,#7128,.T.);
#7128 = LINE('',#7129,#7130);
#7129 = CARTESIAN_POINT('',(9.637,-0.6044,-4.5E-02));
#7130 = VECTOR('',#7131,1.);
#7131 = DIRECTION('',(0.,0.,1.));
#7132 = ORIENTED_EDGE('',*,*,#5760,.F.);
#7133 = ORIENTED_EDGE('',*,*,#7110,.F.);
#7134 = CYLINDRICAL_SURFACE('',#7135,0.225);
#7135 = AXIS2_PLACEMENT_3D('',#7136,#7137,#7138);
#7136 = CARTESIAN_POINT('',(9.412,-0.6044,-4.5E-02));
#7137 = DIRECTION('',(-0.,-0.,-1.));
#7138 = DIRECTION('',(1.,0.,-0.));
#7139 = ADVANCED_FACE('',(#7140),#7146,.T.);
#7140 = FACE_BOUND('',#7141,.T.);
#7141 = EDGE_LOOP('',(#7142,#7143,#7144,#7145));
#7142 = ORIENTED_EDGE('',*,*,#5023,.F.);
#7143 = ORIENTED_EDGE('',*,*,#7095,.T.);
#7144 = ORIENTED_EDGE('',*,*,#5752,.T.);
#7145 = ORIENTED_EDGE('',*,*,#7127,.F.);
#7146 = PLANE('',#7147);
#7147 = AXIS2_PLACEMENT_3D('',#7148,#7149,#7150);
#7148 = CARTESIAN_POINT('',(9.637,-1.3544,-4.5E-02));
#7149 = DIRECTION('',(-1.,0.,0.));
#7150 = DIRECTION('',(0.,1.,0.));
#7151 = ( GEOMETRIC_REPRESENTATION_CONTEXT(3) 
GLOBAL_UNCERTAINTY_ASSIGNED_CONTEXT((#7155)) 
GLOBAL_UNIT_ASSIGNED_CONTEXT((#7152,#7153,#7154)) REPRESENTATION_CONTEXT
('Context #1','3D Context with UNIT and UNCERTAINTY') );
#7152 = ( LENGTH_UNIT() NAMED_UNIT(*) SI_UNIT(.MILLI.,.METRE.) );
#7153 = ( NAMED_UNIT(*) PLANE_ANGLE_UNIT() SI_UNIT($,.RADIAN.) );
#7154 = ( NAMED_UNIT(*) SI_UNIT($,.STERADIAN.) SOLID_ANGLE_UNIT() );
#7155 = UNCERTAINTY_MEASURE_WITH_UNIT(LENGTH_MEASURE(1.E-05),#7152,
  'distance_accuracy_value','confusion accuracy');
#7156 = CONTEXT_DEPENDENT_SHAPE_REPRESENTATION(#7157,#7159);
#7157 = ( REPRESENTATION_RELATIONSHIP('','',#4295,#10) 
REPRESENTATION_RELATIONSHIP_WITH_TRANSFORMATION(#7158) 
SHAPE_REPRESENTATION_RELATIONSHIP() );
#7158 = ITEM_DEFINED_TRANSFORMATION('','',#11,#39);
#7159 = PRODUCT_DEFINITION_SHAPE('Placement','Placement of an item',
  #7160);
#7160 = NEXT_ASSEMBLY_USAGE_OCCURRENCE('10','=>[0:1:1:8]','',#5,#4290,$
  );
#7161 = PRODUCT_RELATED_PRODUCT_CATEGORY('part',$,(#4292));
#7162 = MECHANICAL_DESIGN_GEOMETRIC_PRESENTATION_REPRESENTATION('',(
    #7163,#7171,#7178,#7186,#7194,#7201,#7208,#7215,#7222,#7229,#7236,
    #7243,#7250,#7257,#7264,#7271,#7278,#7285,#7292,#7299,#7306,#7313,
    #7320,#7327,#7334,#7341,#7348,#7355,#7362,#7369,#7376,#7383,#7390,
    #7397,#7404,#7411,#7418,#7425,#7432,#7439,#7446,#7453,#7460,#7467,
    #7474,#7481),#4267);
#7163 = STYLED_ITEM('color',(#7164),#2907);
#7164 = PRESENTATION_STYLE_ASSIGNMENT((#7165));
#7165 = SURFACE_STYLE_USAGE(.BOTH.,#7166);
#7166 = SURFACE_SIDE_STYLE('',(#7167));
#7167 = SURFACE_STYLE_FILL_AREA(#7168);
#7168 = FILL_AREA_STYLE('',(#7169));
#7169 = FILL_AREA_STYLE_COLOUR('',#7170);
#7170 = COLOUR_RGB('',0.859000020776,0.737999965183,0.495999988746);
#7171 = STYLED_ITEM('color',(#7172),#2934);
#7172 = PRESENTATION_STYLE_ASSIGNMENT((#7173));
#7173 = SURFACE_STYLE_USAGE(.BOTH.,#7174);
#7174 = SURFACE_SIDE_STYLE('',(#7175));
#7175 = SURFACE_STYLE_FILL_AREA(#7176);
#7176 = FILL_AREA_STYLE('',(#7177));
#7177 = FILL_AREA_STYLE_COLOUR('',#7170);
#7178 = STYLED_ITEM('color',(#7179),#2959);
#7179 = PRESENTATION_STYLE_ASSIGNMENT((#7180));
#7180 = SURFACE_STYLE_USAGE(.BOTH.,#7181);
#7181 = SURFACE_SIDE_STYLE('',(#7182));
#7182 = SURFACE_STYLE_FILL_AREA(#7183);
#7183 = FILL_AREA_STYLE('',(#7184));
#7184 = FILL_AREA_STYLE_COLOUR('',#7185);
#7185 = COLOUR_RGB('',0.894999966383,0.890999961016,0.813000030345);
#7186 = STYLED_ITEM('color',(#7187),#2979);
#7187 = PRESENTATION_STYLE_ASSIGNMENT((#7188));
#7188 = SURFACE_STYLE_USAGE(.BOTH.,#7189);
#7189 = SURFACE_SIDE_STYLE('',(#7190));
#7190 = SURFACE_STYLE_FILL_AREA(#7191);
#7191 = FILL_AREA_STYLE('',(#7192));
#7192 = FILL_AREA_STYLE_COLOUR('',#7193);
#7193 = COLOUR_RGB('',0.823999987314,0.819999987296,0.781000009244);
#7194 = STYLED_ITEM('color',(#7195),#3004);
#7195 = PRESENTATION_STYLE_ASSIGNMENT((#7196));
#7196 = SURFACE_STYLE_USAGE(.BOTH.,#7197);
#7197 = SURFACE_SIDE_STYLE('',(#7198));
#7198 = SURFACE_STYLE_FILL_AREA(#7199);
#7199 = FILL_AREA_STYLE('',(#7200));
#7200 = FILL_AREA_STYLE_COLOUR('',#7193);
#7201 = STYLED_ITEM('color',(#7202),#3024);
#7202 = PRESENTATION_STYLE_ASSIGNMENT((#7203));
#7203 = SURFACE_STYLE_USAGE(.BOTH.,#7204);
#7204 = SURFACE_SIDE_STYLE('',(#7205));
#7205 = SURFACE_STYLE_FILL_AREA(#7206);
#7206 = FILL_AREA_STYLE('',(#7207));
#7207 = FILL_AREA_STYLE_COLOUR('',#7193);
#7208 = STYLED_ITEM('color',(#7209),#3049);
#7209 = PRESENTATION_STYLE_ASSIGNMENT((#7210));
#7210 = SURFACE_STYLE_USAGE(.BOTH.,#7211);
#7211 = SURFACE_SIDE_STYLE('',(#7212));
#7212 = SURFACE_STYLE_FILL_AREA(#7213);
#7213 = FILL_AREA_STYLE('',(#7214));
#7214 = FILL_AREA_STYLE_COLOUR('',#7193);
#7215 = STYLED_ITEM('color',(#7216),#3074);
#7216 = PRESENTATION_STYLE_ASSIGNMENT((#7217));
#7217 = SURFACE_STYLE_USAGE(.BOTH.,#7218);
#7218 = SURFACE_SIDE_STYLE('',(#7219));
#7219 = SURFACE_STYLE_FILL_AREA(#7220);
#7220 = FILL_AREA_STYLE('',(#7221));
#7221 = FILL_AREA_STYLE_COLOUR('',#7193);
#7222 = STYLED_ITEM('color',(#7223),#3099);
#7223 = PRESENTATION_STYLE_ASSIGNMENT((#7224));
#7224 = SURFACE_STYLE_USAGE(.BOTH.,#7225);
#7225 = SURFACE_SIDE_STYLE('',(#7226));
#7226 = SURFACE_STYLE_FILL_AREA(#7227);
#7227 = FILL_AREA_STYLE('',(#7228));
#7228 = FILL_AREA_STYLE_COLOUR('',#7193);
#7229 = STYLED_ITEM('color',(#7230),#3124);
#7230 = PRESENTATION_STYLE_ASSIGNMENT((#7231));
#7231 = SURFACE_STYLE_USAGE(.BOTH.,#7232);
#7232 = SURFACE_SIDE_STYLE('',(#7233));
#7233 = SURFACE_STYLE_FILL_AREA(#7234);
#7234 = FILL_AREA_STYLE('',(#7235));
#7235 = FILL_AREA_STYLE_COLOUR('',#7193);
#7236 = STYLED_ITEM('color',(#7237),#3149);
#7237 = PRESENTATION_STYLE_ASSIGNMENT((#7238));
#7238 = SURFACE_STYLE_USAGE(.BOTH.,#7239);
#7239 = SURFACE_SIDE_STYLE('',(#7240));
#7240 = SURFACE_STYLE_FILL_AREA(#7241);
#7241 = FILL_AREA_STYLE('',(#7242));
#7242 = FILL_AREA_STYLE_COLOUR('',#7193);
#7243 = STYLED_ITEM('color',(#7244),#3192);
#7244 = PRESENTATION_STYLE_ASSIGNMENT((#7245));
#7245 = SURFACE_STYLE_USAGE(.BOTH.,#7246);
#7246 = SURFACE_SIDE_STYLE('',(#7247));
#7247 = SURFACE_STYLE_FILL_AREA(#7248);
#7248 = FILL_AREA_STYLE('',(#7249));
#7249 = FILL_AREA_STYLE_COLOUR('',#7185);
#7250 = STYLED_ITEM('color',(#7251),#3292);
#7251 = PRESENTATION_STYLE_ASSIGNMENT((#7252));
#7252 = SURFACE_STYLE_USAGE(.BOTH.,#7253);
#7253 = SURFACE_SIDE_STYLE('',(#7254));
#7254 = SURFACE_STYLE_FILL_AREA(#7255);
#7255 = FILL_AREA_STYLE('',(#7256));
#7256 = FILL_AREA_STYLE_COLOUR('',#7193);
#7257 = STYLED_ITEM('color',(#7258),#3325);
#7258 = PRESENTATION_STYLE_ASSIGNMENT((#7259));
#7259 = SURFACE_STYLE_USAGE(.BOTH.,#7260);
#7260 = SURFACE_SIDE_STYLE('',(#7261));
#7261 = SURFACE_STYLE_FILL_AREA(#7262);
#7262 = FILL_AREA_STYLE('',(#7263));
#7263 = FILL_AREA_STYLE_COLOUR('',#7185);
#7264 = STYLED_ITEM('color',(#7265),#3388);
#7265 = PRESENTATION_STYLE_ASSIGNMENT((#7266));
#7266 = SURFACE_STYLE_USAGE(.BOTH.,#7267);
#7267 = SURFACE_SIDE_STYLE('',(#7268));
#7268 = SURFACE_STYLE_FILL_AREA(#7269);
#7269 = FILL_AREA_STYLE('',(#7270));
#7270 = FILL_AREA_STYLE_COLOUR('',#7185);
#7271 = STYLED_ITEM('color',(#7272),#3413);
#7272 = PRESENTATION_STYLE_ASSIGNMENT((#7273));
#7273 = SURFACE_STYLE_USAGE(.BOTH.,#7274);
#7274 = SURFACE_SIDE_STYLE('',(#7275));
#7275 = SURFACE_STYLE_FILL_AREA(#7276);
#7276 = FILL_AREA_STYLE('',(#7277));
#7277 = FILL_AREA_STYLE_COLOUR('',#7185);
#7278 = STYLED_ITEM('color',(#7279),#3438);
#7279 = PRESENTATION_STYLE_ASSIGNMENT((#7280));
#7280 = SURFACE_STYLE_USAGE(.BOTH.,#7281);
#7281 = SURFACE_SIDE_STYLE('',(#7282));
#7282 = SURFACE_STYLE_FILL_AREA(#7283);
#7283 = FILL_AREA_STYLE('',(#7284));
#7284 = FILL_AREA_STYLE_COLOUR('',#7185);
#7285 = STYLED_ITEM('color',(#7286),#3494);
#7286 = PRESENTATION_STYLE_ASSIGNMENT((#7287));
#7287 = SURFACE_STYLE_USAGE(.BOTH.,#7288);
#7288 = SURFACE_SIDE_STYLE('',(#7289));
#7289 = SURFACE_STYLE_FILL_AREA(#7290);
#7290 = FILL_AREA_STYLE('',(#7291));
#7291 = FILL_AREA_STYLE_COLOUR('',#7185);
#7292 = STYLED_ITEM('color',(#7293),#3550);
#7293 = PRESENTATION_STYLE_ASSIGNMENT((#7294));
#7294 = SURFACE_STYLE_USAGE(.BOTH.,#7295);
#7295 = SURFACE_SIDE_STYLE('',(#7296));
#7296 = SURFACE_STYLE_FILL_AREA(#7297);
#7297 = FILL_AREA_STYLE('',(#7298));
#7298 = FILL_AREA_STYLE_COLOUR('',#7185);
#7299 = STYLED_ITEM('color',(#7300),#3575);
#7300 = PRESENTATION_STYLE_ASSIGNMENT((#7301));
#7301 = SURFACE_STYLE_USAGE(.BOTH.,#7302);
#7302 = SURFACE_SIDE_STYLE('',(#7303));
#7303 = SURFACE_STYLE_FILL_AREA(#7304);
#7304 = FILL_AREA_STYLE('',(#7305));
#7305 = FILL_AREA_STYLE_COLOUR('',#7185);
#7306 = STYLED_ITEM('color',(#7307),#3600);
#7307 = PRESENTATION_STYLE_ASSIGNMENT((#7308));
#7308 = SURFACE_STYLE_USAGE(.BOTH.,#7309);
#7309 = SURFACE_SIDE_STYLE('',(#7310));
#7310 = SURFACE_STYLE_FILL_AREA(#7311);
#7311 = FILL_AREA_STYLE('',(#7312));
#7312 = FILL_AREA_STYLE_COLOUR('',#7185);
#7313 = STYLED_ITEM('color',(#7314),#3640);
#7314 = PRESENTATION_STYLE_ASSIGNMENT((#7315));
#7315 = SURFACE_STYLE_USAGE(.BOTH.,#7316);
#7316 = SURFACE_SIDE_STYLE('',(#7317));
#7317 = SURFACE_STYLE_FILL_AREA(#7318);
#7318 = FILL_AREA_STYLE('',(#7319));
#7319 = FILL_AREA_STYLE_COLOUR('',#7193);
#7320 = STYLED_ITEM('color',(#7321),#3664);
#7321 = PRESENTATION_STYLE_ASSIGNMENT((#7322));
#7322 = SURFACE_STYLE_USAGE(.BOTH.,#7323);
#7323 = SURFACE_SIDE_STYLE('',(#7324));
#7324 = SURFACE_STYLE_FILL_AREA(#7325);
#7325 = FILL_AREA_STYLE('',(#7326));
#7326 = FILL_AREA_STYLE_COLOUR('',#7193);
#7327 = STYLED_ITEM('color',(#7328),#3688);
#7328 = PRESENTATION_STYLE_ASSIGNMENT((#7329));
#7329 = SURFACE_STYLE_USAGE(.BOTH.,#7330);
#7330 = SURFACE_SIDE_STYLE('',(#7331));
#7331 = SURFACE_STYLE_FILL_AREA(#7332);
#7332 = FILL_AREA_STYLE('',(#7333));
#7333 = FILL_AREA_STYLE_COLOUR('',#7193);
#7334 = STYLED_ITEM('color',(#7335),#3705);
#7335 = PRESENTATION_STYLE_ASSIGNMENT((#7336));
#7336 = SURFACE_STYLE_USAGE(.BOTH.,#7337);
#7337 = SURFACE_SIDE_STYLE('',(#7338));
#7338 = SURFACE_STYLE_FILL_AREA(#7339);
#7339 = FILL_AREA_STYLE('',(#7340));
#7340 = FILL_AREA_STYLE_COLOUR('',#7185);
#7341 = STYLED_ITEM('color',(#7342),#3800);
#7342 = PRESENTATION_STYLE_ASSIGNMENT((#7343));
#7343 = SURFACE_STYLE_USAGE(.BOTH.,#7344);
#7344 = SURFACE_SIDE_STYLE('',(#7345));
#7345 = SURFACE_STYLE_FILL_AREA(#7346);
#7346 = FILL_AREA_STYLE('',(#7347));
#7347 = FILL_AREA_STYLE_COLOUR('',#7170);
#7348 = STYLED_ITEM('color',(#7349),#3831);
#7349 = PRESENTATION_STYLE_ASSIGNMENT((#7350));
#7350 = SURFACE_STYLE_USAGE(.BOTH.,#7351);
#7351 = SURFACE_SIDE_STYLE('',(#7352));
#7352 = SURFACE_STYLE_FILL_AREA(#7353);
#7353 = FILL_AREA_STYLE('',(#7354));
#7354 = FILL_AREA_STYLE_COLOUR('',#7170);
#7355 = STYLED_ITEM('color',(#7356),#3855);
#7356 = PRESENTATION_STYLE_ASSIGNMENT((#7357));
#7357 = SURFACE_STYLE_USAGE(.BOTH.,#7358);
#7358 = SURFACE_SIDE_STYLE('',(#7359));
#7359 = SURFACE_STYLE_FILL_AREA(#7360);
#7360 = FILL_AREA_STYLE('',(#7361));
#7361 = FILL_AREA_STYLE_COLOUR('',#7170);
#7362 = STYLED_ITEM('color',(#7363),#3879);
#7363 = PRESENTATION_STYLE_ASSIGNMENT((#7364));
#7364 = SURFACE_STYLE_USAGE(.BOTH.,#7365);
#7365 = SURFACE_SIDE_STYLE('',(#7366));
#7366 = SURFACE_STYLE_FILL_AREA(#7367);
#7367 = FILL_AREA_STYLE('',(#7368));
#7368 = FILL_AREA_STYLE_COLOUR('',#7193);
#7369 = STYLED_ITEM('color',(#7370),#3910);
#7370 = PRESENTATION_STYLE_ASSIGNMENT((#7371));
#7371 = SURFACE_STYLE_USAGE(.BOTH.,#7372);
#7372 = SURFACE_SIDE_STYLE('',(#7373));
#7373 = SURFACE_STYLE_FILL_AREA(#7374);
#7374 = FILL_AREA_STYLE('',(#7375));
#7375 = FILL_AREA_STYLE_COLOUR('',#7193);
#7376 = STYLED_ITEM('color',(#7377),#3934);
#7377 = PRESENTATION_STYLE_ASSIGNMENT((#7378));
#7378 = SURFACE_STYLE_USAGE(.BOTH.,#7379);
#7379 = SURFACE_SIDE_STYLE('',(#7380));
#7380 = SURFACE_STYLE_FILL_AREA(#7381);
#7381 = FILL_AREA_STYLE('',(#7382));
#7382 = FILL_AREA_STYLE_COLOUR('',#7193);
#7383 = STYLED_ITEM('color',(#7384),#3958);
#7384 = PRESENTATION_STYLE_ASSIGNMENT((#7385));
#7385 = SURFACE_STYLE_USAGE(.BOTH.,#7386);
#7386 = SURFACE_SIDE_STYLE('',(#7387));
#7387 = SURFACE_STYLE_FILL_AREA(#7388);
#7388 = FILL_AREA_STYLE('',(#7389));
#7389 = FILL_AREA_STYLE_COLOUR('',#7193);
#7390 = STYLED_ITEM('color',(#7391),#3989);
#7391 = PRESENTATION_STYLE_ASSIGNMENT((#7392));
#7392 = SURFACE_STYLE_USAGE(.BOTH.,#7393);
#7393 = SURFACE_SIDE_STYLE('',(#7394));
#7394 = SURFACE_STYLE_FILL_AREA(#7395);
#7395 = FILL_AREA_STYLE('',(#7396));
#7396 = FILL_AREA_STYLE_COLOUR('',#7193);
#7397 = STYLED_ITEM('color',(#7398),#4013);
#7398 = PRESENTATION_STYLE_ASSIGNMENT((#7399));
#7399 = SURFACE_STYLE_USAGE(.BOTH.,#7400);
#7400 = SURFACE_SIDE_STYLE('',(#7401));
#7401 = SURFACE_STYLE_FILL_AREA(#7402);
#7402 = FILL_AREA_STYLE('',(#7403));
#7403 = FILL_AREA_STYLE_COLOUR('',#7193);
#7404 = STYLED_ITEM('color',(#7405),#4037);
#7405 = PRESENTATION_STYLE_ASSIGNMENT((#7406));
#7406 = SURFACE_STYLE_USAGE(.BOTH.,#7407);
#7407 = SURFACE_SIDE_STYLE('',(#7408));
#7408 = SURFACE_STYLE_FILL_AREA(#7409);
#7409 = FILL_AREA_STYLE('',(#7410));
#7410 = FILL_AREA_STYLE_COLOUR('',#7193);
#7411 = STYLED_ITEM('color',(#7412),#4049);
#7412 = PRESENTATION_STYLE_ASSIGNMENT((#7413));
#7413 = SURFACE_STYLE_USAGE(.BOTH.,#7414);
#7414 = SURFACE_SIDE_STYLE('',(#7415));
#7415 = SURFACE_STYLE_FILL_AREA(#7416);
#7416 = FILL_AREA_STYLE('',(#7417));
#7417 = FILL_AREA_STYLE_COLOUR('',#7185);
#7418 = STYLED_ITEM('color',(#7419),#4072);
#7419 = PRESENTATION_STYLE_ASSIGNMENT((#7420));
#7420 = SURFACE_STYLE_USAGE(.BOTH.,#7421);
#7421 = SURFACE_SIDE_STYLE('',(#7422));
#7422 = SURFACE_STYLE_FILL_AREA(#7423);
#7423 = FILL_AREA_STYLE('',(#7424));
#7424 = FILL_AREA_STYLE_COLOUR('',#7185);
#7425 = STYLED_ITEM('color',(#7426),#4130);
#7426 = PRESENTATION_STYLE_ASSIGNMENT((#7427));
#7427 = SURFACE_STYLE_USAGE(.BOTH.,#7428);
#7428 = SURFACE_SIDE_STYLE('',(#7429));
#7429 = SURFACE_STYLE_FILL_AREA(#7430);
#7430 = FILL_AREA_STYLE('',(#7431));
#7431 = FILL_AREA_STYLE_COLOUR('',#7193);
#7432 = STYLED_ITEM('color',(#7433),#4149);
#7433 = PRESENTATION_STYLE_ASSIGNMENT((#7434));
#7434 = SURFACE_STYLE_USAGE(.BOTH.,#7435);
#7435 = SURFACE_SIDE_STYLE('',(#7436));
#7436 = SURFACE_STYLE_FILL_AREA(#7437);
#7437 = FILL_AREA_STYLE('',(#7438));
#7438 = FILL_AREA_STYLE_COLOUR('',#7193);
#7439 = STYLED_ITEM('color',(#7440),#4168);
#7440 = PRESENTATION_STYLE_ASSIGNMENT((#7441));
#7441 = SURFACE_STYLE_USAGE(.BOTH.,#7442);
#7442 = SURFACE_SIDE_STYLE('',(#7443));
#7443 = SURFACE_STYLE_FILL_AREA(#7444);
#7444 = FILL_AREA_STYLE('',(#7445));
#7445 = FILL_AREA_STYLE_COLOUR('',#7170);
#7446 = STYLED_ITEM('color',(#7447),#4185);
#7447 = PRESENTATION_STYLE_ASSIGNMENT((#7448));
#7448 = SURFACE_STYLE_USAGE(.BOTH.,#7449);
#7449 = SURFACE_SIDE_STYLE('',(#7450));
#7450 = SURFACE_STYLE_FILL_AREA(#7451);
#7451 = FILL_AREA_STYLE('',(#7452));
#7452 = FILL_AREA_STYLE_COLOUR('',#7170);
#7453 = STYLED_ITEM('color',(#7454),#4197);
#7454 = PRESENTATION_STYLE_ASSIGNMENT((#7455));
#7455 = SURFACE_STYLE_USAGE(.BOTH.,#7456);
#7456 = SURFACE_SIDE_STYLE('',(#7457));
#7457 = SURFACE_STYLE_FILL_AREA(#7458);
#7458 = FILL_AREA_STYLE('',(#7459));
#7459 = FILL_AREA_STYLE_COLOUR('',#7193);
#7460 = STYLED_ITEM('color',(#7461),#4209);
#7461 = PRESENTATION_STYLE_ASSIGNMENT((#7462));
#7462 = SURFACE_STYLE_USAGE(.BOTH.,#7463);
#7463 = SURFACE_SIDE_STYLE('',(#7464));
#7464 = SURFACE_STYLE_FILL_AREA(#7465);
#7465 = FILL_AREA_STYLE('',(#7466));
#7466 = FILL_AREA_STYLE_COLOUR('',#7193);
#7467 = STYLED_ITEM('color',(#7468),#4221);
#7468 = PRESENTATION_STYLE_ASSIGNMENT((#7469));
#7469 = SURFACE_STYLE_USAGE(.BOTH.,#7470);
#7470 = SURFACE_SIDE_STYLE('',(#7471));
#7471 = SURFACE_STYLE_FILL_AREA(#7472);
#7472 = FILL_AREA_STYLE('',(#7473));
#7473 = FILL_AREA_STYLE_COLOUR('',#7185);
#7474 = STYLED_ITEM('color',(#7475),#4241);
#7475 = PRESENTATION_STYLE_ASSIGNMENT((#7476));
#7476 = SURFACE_STYLE_USAGE(.BOTH.,#7477);
#7477 = SURFACE_SIDE_STYLE('',(#7478));
#7478 = SURFACE_STYLE_FILL_AREA(#7479);
#7479 = FILL_AREA_STYLE('',(#7480));
#7480 = FILL_AREA_STYLE_COLOUR('',#7185);
#7481 = STYLED_ITEM('color',(#7482),#4257);
#7482 = PRESENTATION_STYLE_ASSIGNMENT((#7483));
#7483 = SURFACE_STYLE_USAGE(.BOTH.,#7484);
#7484 = SURFACE_SIDE_STYLE('',(#7485));
#7485 = SURFACE_STYLE_FILL_AREA(#7486);
#7486 = FILL_AREA_STYLE('',(#7487));
#7487 = FILL_AREA_STYLE_COLOUR('',#7185);
#7488 = MECHANICAL_DESIGN_GEOMETRIC_PRESENTATION_REPRESENTATION('',(
    #7489),#7151);
#7489 = STYLED_ITEM('color',(#7490),#4296);
#7490 = PRESENTATION_STYLE_ASSIGNMENT((#7491));
#7491 = SURFACE_STYLE_USAGE(.BOTH.,#7492);
#7492 = SURFACE_SIDE_STYLE('',(#7493));
#7493 = SURFACE_STYLE_FILL_AREA(#7494);
#7494 = FILL_AREA_STYLE('',(#7495));
#7495 = FILL_AREA_STYLE_COLOUR('',#7496);
#7496 = COLOUR_RGB('',0.313304153717,0.484529207832,0.410020903123);
#7497 = MECHANICAL_DESIGN_GEOMETRIC_PRESENTATION_REPRESENTATION('',(
    #7498,#7505,#7512,#7519,#7526,#7533,#7540,#7547,#7554,#7561,#7568,
    #7576,#7583,#7590,#7597,#7604,#7611,#7618,#7625,#7632,#7639,#7646,
    #7653,#7660,#7667,#7674,#7681,#7688),#934);
#7498 = STYLED_ITEM('color',(#7499),#82);
#7499 = PRESENTATION_STYLE_ASSIGNMENT((#7500));
#7500 = SURFACE_STYLE_USAGE(.BOTH.,#7501);
#7501 = SURFACE_SIDE_STYLE('',(#7502));
#7502 = SURFACE_STYLE_FILL_AREA(#7503);
#7503 = FILL_AREA_STYLE('',(#7504));
#7504 = FILL_AREA_STYLE_COLOUR('',#7193);
#7505 = STYLED_ITEM('color',(#7506),#158);
#7506 = PRESENTATION_STYLE_ASSIGNMENT((#7507));
#7507 = SURFACE_STYLE_USAGE(.BOTH.,#7508);
#7508 = SURFACE_SIDE_STYLE('',(#7509));
#7509 = SURFACE_STYLE_FILL_AREA(#7510);
#7510 = FILL_AREA_STYLE('',(#7511));
#7511 = FILL_AREA_STYLE_COLOUR('',#7193);
#7512 = STYLED_ITEM('color',(#7513),#189);
#7513 = PRESENTATION_STYLE_ASSIGNMENT((#7514));
#7514 = SURFACE_STYLE_USAGE(.BOTH.,#7515);
#7515 = SURFACE_SIDE_STYLE('',(#7516));
#7516 = SURFACE_STYLE_FILL_AREA(#7517);
#7517 = FILL_AREA_STYLE('',(#7518));
#7518 = FILL_AREA_STYLE_COLOUR('',#7193);
#7519 = STYLED_ITEM('color',(#7520),#214);
#7520 = PRESENTATION_STYLE_ASSIGNMENT((#7521));
#7521 = SURFACE_STYLE_USAGE(.BOTH.,#7522);
#7522 = SURFACE_SIDE_STYLE('',(#7523));
#7523 = SURFACE_STYLE_FILL_AREA(#7524);
#7524 = FILL_AREA_STYLE('',(#7525));
#7525 = FILL_AREA_STYLE_COLOUR('',#7193);
#7526 = STYLED_ITEM('color',(#7527),#239);
#7527 = PRESENTATION_STYLE_ASSIGNMENT((#7528));
#7528 = SURFACE_STYLE_USAGE(.BOTH.,#7529);
#7529 = SURFACE_SIDE_STYLE('',(#7530));
#7530 = SURFACE_STYLE_FILL_AREA(#7531);
#7531 = FILL_AREA_STYLE('',(#7532));
#7532 = FILL_AREA_STYLE_COLOUR('',#7193);
#7533 = STYLED_ITEM('color',(#7534),#263);
#7534 = PRESENTATION_STYLE_ASSIGNMENT((#7535));
#7535 = SURFACE_STYLE_USAGE(.BOTH.,#7536);
#7536 = SURFACE_SIDE_STYLE('',(#7537));
#7537 = SURFACE_STYLE_FILL_AREA(#7538);
#7538 = FILL_AREA_STYLE('',(#7539));
#7539 = FILL_AREA_STYLE_COLOUR('',#7193);
#7540 = STYLED_ITEM('color',(#7541),#287);
#7541 = PRESENTATION_STYLE_ASSIGNMENT((#7542));
#7542 = SURFACE_STYLE_USAGE(.BOTH.,#7543);
#7543 = SURFACE_SIDE_STYLE('',(#7544));
#7544 = SURFACE_STYLE_FILL_AREA(#7545);
#7545 = FILL_AREA_STYLE('',(#7546));
#7546 = FILL_AREA_STYLE_COLOUR('',#7193);
#7547 = STYLED_ITEM('color',(#7548),#312);
#7548 = PRESENTATION_STYLE_ASSIGNMENT((#7549));
#7549 = SURFACE_STYLE_USAGE(.BOTH.,#7550);
#7550 = SURFACE_SIDE_STYLE('',(#7551));
#7551 = SURFACE_STYLE_FILL_AREA(#7552);
#7552 = FILL_AREA_STYLE('',(#7553));
#7553 = FILL_AREA_STYLE_COLOUR('',#7193);
#7554 = STYLED_ITEM('color',(#7555),#337);
#7555 = PRESENTATION_STYLE_ASSIGNMENT((#7556));
#7556 = SURFACE_STYLE_USAGE(.BOTH.,#7557);
#7557 = SURFACE_SIDE_STYLE('',(#7558));
#7558 = SURFACE_STYLE_FILL_AREA(#7559);
#7559 = FILL_AREA_STYLE('',(#7560));
#7560 = FILL_AREA_STYLE_COLOUR('',#7193);
#7561 = STYLED_ITEM('color',(#7562),#354);
#7562 = PRESENTATION_STYLE_ASSIGNMENT((#7563));
#7563 = SURFACE_STYLE_USAGE(.BOTH.,#7564);
#7564 = SURFACE_SIDE_STYLE('',(#7565));
#7565 = SURFACE_STYLE_FILL_AREA(#7566);
#7566 = FILL_AREA_STYLE('',(#7567));
#7567 = FILL_AREA_STYLE_COLOUR('',#7193);
#7568 = STYLED_ITEM('color',(#7569),#440);
#7569 = PRESENTATION_STYLE_ASSIGNMENT((#7570));
#7570 = SURFACE_STYLE_USAGE(.BOTH.,#7571);
#7571 = SURFACE_SIDE_STYLE('',(#7572));
#7572 = SURFACE_STYLE_FILL_AREA(#7573);
#7573 = FILL_AREA_STYLE('',(#7574));
#7574 = FILL_AREA_STYLE_COLOUR('',#7575);
#7575 = COLOUR_RGB('',0.379000005575,0.270000008848,0.214999999939);
#7576 = STYLED_ITEM('color',(#7577),#472);
#7577 = PRESENTATION_STYLE_ASSIGNMENT((#7578));
#7578 = SURFACE_STYLE_USAGE(.BOTH.,#7579);
#7579 = SURFACE_SIDE_STYLE('',(#7580));
#7580 = SURFACE_STYLE_FILL_AREA(#7581);
#7581 = FILL_AREA_STYLE('',(#7582));
#7582 = FILL_AREA_STYLE_COLOUR('',#7575);
#7583 = STYLED_ITEM('color',(#7584),#496);
#7584 = PRESENTATION_STYLE_ASSIGNMENT((#7585));
#7585 = SURFACE_STYLE_USAGE(.BOTH.,#7586);
#7586 = SURFACE_SIDE_STYLE('',(#7587));
#7587 = SURFACE_STYLE_FILL_AREA(#7588);
#7588 = FILL_AREA_STYLE('',(#7589));
#7589 = FILL_AREA_STYLE_COLOUR('',#7575);
#7590 = STYLED_ITEM('color',(#7591),#521);
#7591 = PRESENTATION_STYLE_ASSIGNMENT((#7592));
#7592 = SURFACE_STYLE_USAGE(.BOTH.,#7593);
#7593 = SURFACE_SIDE_STYLE('',(#7594));
#7594 = SURFACE_STYLE_FILL_AREA(#7595);
#7595 = FILL_AREA_STYLE('',(#7596));
#7596 = FILL_AREA_STYLE_COLOUR('',#7575);
#7597 = STYLED_ITEM('color',(#7598),#545);
#7598 = PRESENTATION_STYLE_ASSIGNMENT((#7599));
#7599 = SURFACE_STYLE_USAGE(.BOTH.,#7600);
#7600 = SURFACE_SIDE_STYLE('',(#7601));
#7601 = SURFACE_STYLE_FILL_AREA(#7602);
#7602 = FILL_AREA_STYLE('',(#7603));
#7603 = FILL_AREA_STYLE_COLOUR('',#7575);
#7604 = STYLED_ITEM('color',(#7605),#570);
#7605 = PRESENTATION_STYLE_ASSIGNMENT((#7606));
#7606 = SURFACE_STYLE_USAGE(.BOTH.,#7607);
#7607 = SURFACE_SIDE_STYLE('',(#7608));
#7608 = SURFACE_STYLE_FILL_AREA(#7609);
#7609 = FILL_AREA_STYLE('',(#7610));
#7610 = FILL_AREA_STYLE_COLOUR('',#7575);
#7611 = STYLED_ITEM('color',(#7612),#594);
#7612 = PRESENTATION_STYLE_ASSIGNMENT((#7613));
#7613 = SURFACE_STYLE_USAGE(.BOTH.,#7614);
#7614 = SURFACE_SIDE_STYLE('',(#7615));
#7615 = SURFACE_STYLE_FILL_AREA(#7616);
#7616 = FILL_AREA_STYLE('',(#7617));
#7617 = FILL_AREA_STYLE_COLOUR('',#7575);
#7618 = STYLED_ITEM('color',(#7619),#619);
#7619 = PRESENTATION_STYLE_ASSIGNMENT((#7620));
#7620 = SURFACE_STYLE_USAGE(.BOTH.,#7621);
#7621 = SURFACE_SIDE_STYLE('',(#7622));
#7622 = SURFACE_STYLE_FILL_AREA(#7623);
#7623 = FILL_AREA_STYLE('',(#7624));
#7624 = FILL_AREA_STYLE_COLOUR('',#7575);
#7625 = STYLED_ITEM('color',(#7626),#636);
#7626 = PRESENTATION_STYLE_ASSIGNMENT((#7627));
#7627 = SURFACE_STYLE_USAGE(.BOTH.,#7628);
#7628 = SURFACE_SIDE_STYLE('',(#7629));
#7629 = SURFACE_STYLE_FILL_AREA(#7630);
#7630 = FILL_AREA_STYLE('',(#7631));
#7631 = FILL_AREA_STYLE_COLOUR('',#7193);
#7632 = STYLED_ITEM('color',(#7633),#722);
#7633 = PRESENTATION_STYLE_ASSIGNMENT((#7634));
#7634 = SURFACE_STYLE_USAGE(.BOTH.,#7635);
#7635 = SURFACE_SIDE_STYLE('',(#7636));
#7636 = SURFACE_STYLE_FILL_AREA(#7637);
#7637 = FILL_AREA_STYLE('',(#7638));
#7638 = FILL_AREA_STYLE_COLOUR('',#7193);
#7639 = STYLED_ITEM('color',(#7640),#753);
#7640 = PRESENTATION_STYLE_ASSIGNMENT((#7641));
#7641 = SURFACE_STYLE_USAGE(.BOTH.,#7642);
#7642 = SURFACE_SIDE_STYLE('',(#7643));
#7643 = SURFACE_STYLE_FILL_AREA(#7644);
#7644 = FILL_AREA_STYLE('',(#7645));
#7645 = FILL_AREA_STYLE_COLOUR('',#7193);
#7646 = STYLED_ITEM('color',(#7647),#778);
#7647 = PRESENTATION_STYLE_ASSIGNMENT((#7648));
#7648 = SURFACE_STYLE_USAGE(.BOTH.,#7649);
#7649 = SURFACE_SIDE_STYLE('',(#7650));
#7650 = SURFACE_STYLE_FILL_AREA(#7651);
#7651 = FILL_AREA_STYLE('',(#7652));
#7652 = FILL_AREA_STYLE_COLOUR('',#7193);
#7653 = STYLED_ITEM('color',(#7654),#803);
#7654 = PRESENTATION_STYLE_ASSIGNMENT((#7655));
#7655 = SURFACE_STYLE_USAGE(.BOTH.,#7656);
#7656 = SURFACE_SIDE_STYLE('',(#7657));
#7657 = SURFACE_STYLE_FILL_AREA(#7658);
#7658 = FILL_AREA_STYLE('',(#7659));
#7659 = FILL_AREA_STYLE_COLOUR('',#7193);
#7660 = STYLED_ITEM('color',(#7661),#827);
#7661 = PRESENTATION_STYLE_ASSIGNMENT((#7662));
#7662 = SURFACE_STYLE_USAGE(.BOTH.,#7663);
#7663 = SURFACE_SIDE_STYLE('',(#7664));
#7664 = SURFACE_STYLE_FILL_AREA(#7665);
#7665 = FILL_AREA_STYLE('',(#7666));
#7666 = FILL_AREA_STYLE_COLOUR('',#7193);
#7667 = STYLED_ITEM('color',(#7668),#851);
#7668 = PRESENTATION_STYLE_ASSIGNMENT((#7669));
#7669 = SURFACE_STYLE_USAGE(.BOTH.,#7670);
#7670 = SURFACE_SIDE_STYLE('',(#7671));
#7671 = SURFACE_STYLE_FILL_AREA(#7672);
#7672 = FILL_AREA_STYLE('',(#7673));
#7673 = FILL_AREA_STYLE_COLOUR('',#7193);
#7674 = STYLED_ITEM('color',(#7675),#876);
#7675 = PRESENTATION_STYLE_ASSIGNMENT((#7676));
#7676 = SURFACE_STYLE_USAGE(.BOTH.,#7677);
#7677 = SURFACE_SIDE_STYLE('',(#7678));
#7678 = SURFACE_STYLE_FILL_AREA(#7679);
#7679 = FILL_AREA_STYLE('',(#7680));
#7680 = FILL_AREA_STYLE_COLOUR('',#7193);
#7681 = STYLED_ITEM('color',(#7682),#901);
#7682 = PRESENTATION_STYLE_ASSIGNMENT((#7683));
#7683 = SURFACE_STYLE_USAGE(.BOTH.,#7684);
#7684 = SURFACE_SIDE_STYLE('',(#7685));
#7685 = SURFACE_STYLE_FILL_AREA(#7686);
#7686 = FILL_AREA_STYLE('',(#7687));
#7687 = FILL_AREA_STYLE_COLOUR('',#7193);
#7688 = STYLED_ITEM('color',(#7689),#918);
#7689 = PRESENTATION_STYLE_ASSIGNMENT((#7690));
#7690 = SURFACE_STYLE_USAGE(.BOTH.,#7691);
#7691 = SURFACE_SIDE_STYLE('',(#7692));
#7692 = SURFACE_STYLE_FILL_AREA(#7693);
#7693 = FILL_AREA_STYLE('',(#7694));
#7694 = FILL_AREA_STYLE_COLOUR('',#7193);
#7695 = MECHANICAL_DESIGN_GEOMETRIC_PRESENTATION_REPRESENTATION('',(
    #7696),#2858);
#7696 = STYLED_ITEM('color',(#7697),#976);
#7697 = PRESENTATION_STYLE_ASSIGNMENT((#7698,#7704));
#7698 = SURFACE_STYLE_USAGE(.BOTH.,#7699);
#7699 = SURFACE_SIDE_STYLE('',(#7700));
#7700 = SURFACE_STYLE_FILL_AREA(#7701);
#7701 = FILL_AREA_STYLE('',(#7702));
#7702 = FILL_AREA_STYLE_COLOUR('',#7703);
#7703 = COLOUR_RGB('',0.792156867455,0.819607826924,0.933333342953);
#7704 = CURVE_STYLE('',#7705,POSITIVE_LENGTH_MEASURE(0.1),#7703);
#7705 = DRAUGHTING_PRE_DEFINED_CURVE_FONT('continuous');
ENDSEC;
END-ISO-10303-21;
