ISO-10303-21;
HEADER;

/* File generated by Shapr3D Version 5.910.9193.0 */

FILE_DESCRIPTION(('HOOPS Exchange Step'),'2;1');

FILE_NAME('C:\\Users\\Nhatkhongbuon\\AppData\\Local\\Packages\\Shapr3D.Shapr3D_dvv5p1vgwv6mp\\TempState\\export\\temp_export',
'2025-07-30T11:08:10+07:00',
('Nhatkhongbuon'),
('Shapr3D Limited'),
'HOOPS Exchange 2024.8',
'Shapr3D',
'Authorized');

FILE_SCHEMA( ('AP242_MANAGED_MODEL_BASED_3D_ENGINEERING_MIM_LF {1 0 10303 442 1 1 4}') );

ENDSEC;

DATA;
#3=(NAMED_UNIT(*)PLANE_ANGLE_UNIT()SI_UNIT($,.RADIAN.));
#4=PLANE_ANGLE_MEASURE_WITH_UNIT(PLANE_ANGLE_MEASURE(0.0174532925),#3);
#5=(CONVERSION_BASED_UNIT('DEGREE',#4)NAMED_UNIT(#6)PLANE_ANGLE_UNIT());
#6=DIMENSIONAL_EXPONENTS(0.,0.,0.,0.,0.,0.,0.);
#7=(NAMED_UNIT(*)SI_UNIT($,.STERADIAN.)SOLID_ANGLE_UNIT());
#8=(LENGTH_UNIT()NAMED_UNIT(*)SI_UNIT(.MILLI.,.METRE.));
#9=UNCERTAINTY_MEASURE_WITH_UNIT(LENGTH_MEASURE(1.000000E-05),#8,'DISTANCE_ACCURACY_VALUE','Maximum Tolerance applied to model');
#10=(GEOMETRIC_REPRESENTATION_CONTEXT(3)GLOBAL_UNCERTAINTY_ASSIGNED_CONTEXT((#9))GLOBAL_UNIT_ASSIGNED_CONTEXT((#8,#5,#7))REPRESENTATION_CONTEXT('','root'));
#12=CARTESIAN_POINT('',(0.,0.,0.));
#13=DIRECTION('',(0.,0.,1.));
#14=DIRECTION('',(1.,0.,0.));
#15=AXIS2_PLACEMENT_3D('',#12,#13,#14);
#27=CARTESIAN_POINT('',(3.25,12.5,1.3));
#28=DIRECTION('',(0.,1.,0.));
#29=DIRECTION('',(0.,0.,1.));
#30=AXIS2_PLACEMENT_3D('',#27,#28,#29);
#31=PLANE('',#30);
#32=CARTESIAN_POINT('',(1.65,12.5,0.8));
#33=VERTEX_POINT('',#32);
#34=CARTESIAN_POINT('',(1.65,12.5,2.45));
#35=VERTEX_POINT('',#34);
#36=CARTESIAN_POINT('',(1.65,12.5,0.8));
#37=DIRECTION('',(-0.,-0.,1.));
#38=VECTOR('',#37,1.65);
#39=LINE('',#36,#38);
#40=EDGE_CURVE('',#33,#35,#39,.T.);
#41=ORIENTED_EDGE('',*,*,#40,.T.);
#42=CARTESIAN_POINT('',(5.,12.5,2.45));
#43=VERTEX_POINT('',#42);
#44=CARTESIAN_POINT('',(1.65,12.5,2.45));
#45=DIRECTION('',(1.,0.,-0.));
#46=VECTOR('',#45,3.35);
#47=LINE('',#44,#46);
#48=EDGE_CURVE('',#35,#43,#47,.T.);
#49=ORIENTED_EDGE('',*,*,#48,.T.);
#50=CARTESIAN_POINT('',(5.,12.5,2.36));
#51=VERTEX_POINT('',#50);
#52=CARTESIAN_POINT('',(5.,12.5,2.45));
#53=DIRECTION('',(0.,0.,-1.));
#54=VECTOR('',#53,0.09);
#55=LINE('',#52,#54);
#56=EDGE_CURVE('',#43,#51,#55,.T.);
#57=ORIENTED_EDGE('',*,*,#56,.T.);
#58=CARTESIAN_POINT('',(1.8,12.5,2.36));
#59=VERTEX_POINT('',#58);
#60=CARTESIAN_POINT('',(1.8,12.5,2.36));
#61=DIRECTION('',(1.,0.,-0.));
#62=VECTOR('',#61,3.2);
#63=LINE('',#60,#62);
#64=EDGE_CURVE('',#59,#51,#63,.T.);
#65=ORIENTED_EDGE('',*,*,#64,.F.);
#66=CARTESIAN_POINT('',(1.8,12.5,0.8));
#67=VERTEX_POINT('',#66);
#68=CARTESIAN_POINT('',(1.8,12.5,2.36));
#69=DIRECTION('',(0.,0.,-1.));
#70=VECTOR('',#69,1.56);
#71=LINE('',#68,#70);
#72=EDGE_CURVE('',#59,#67,#71,.T.);
#73=ORIENTED_EDGE('',*,*,#72,.T.);
#74=CARTESIAN_POINT('',(1.65,12.5,0.8));
#75=DIRECTION('',(1.,0.,-0.));
#76=VECTOR('',#75,0.15);
#77=LINE('',#74,#76);
#78=EDGE_CURVE('',#33,#67,#77,.T.);
#79=ORIENTED_EDGE('',*,*,#78,.F.);
#80=EDGE_LOOP('',(#41,#49,#57,#65,#73,#79));
#81=FACE_BOUND('',#80,.T.);
#82=ADVANCED_FACE('',(#81),#31,.T.);
#83=CARTESIAN_POINT('',(0.,0.,0.8));
#84=DIRECTION('',(0.,0.,1.));
#85=DIRECTION('',(1.,0.,0.));
#86=AXIS2_PLACEMENT_3D('',#83,#84,#85);
#87=PLANE('',#86);
#88=CARTESIAN_POINT('',(5.,16.2,0.8));
#89=VERTEX_POINT('',#88);
#90=CARTESIAN_POINT('',(5.,16.35,0.8));
#91=VERTEX_POINT('',#90);
#92=CARTESIAN_POINT('',(5.,16.2,0.8));
#93=DIRECTION('',(0.,1.,0.));
#94=VECTOR('',#93,0.15);
#95=LINE('',#92,#94);
#96=EDGE_CURVE('',#89,#91,#95,.T.);
#97=ORIENTED_EDGE('',*,*,#96,.T.);
#98=CARTESIAN_POINT('',(5.15,16.5,0.8));
#99=VERTEX_POINT('',#98);
#100=CARTESIAN_POINT('',(5.15,16.35,0.8));
#101=DIRECTION('',(-0.,-0.,-1.));
#102=DIRECTION('',(1.,0.,-0.));
#103=AXIS2_PLACEMENT_3D('',#100,#101,#102);
#104=CIRCLE('',#103,0.15);
#105=EDGE_CURVE('',#91,#99,#104,.T.);
#106=ORIENTED_EDGE('',*,*,#105,.T.);
#107=CARTESIAN_POINT('',(14.35,16.5,0.8));
#108=VERTEX_POINT('',#107);
#109=CARTESIAN_POINT('',(5.15,16.5,0.8));
#110=DIRECTION('',(1.,0.,-0.));
#111=VECTOR('',#110,9.2);
#112=LINE('',#109,#111);
#113=EDGE_CURVE('',#99,#108,#112,.T.);
#114=ORIENTED_EDGE('',*,*,#113,.T.);
#115=CARTESIAN_POINT('',(14.5,16.35,0.8));
#116=VERTEX_POINT('',#115);
#117=CARTESIAN_POINT('',(14.35,16.35,0.8));
#118=DIRECTION('',(-0.,-0.,-1.));
#119=DIRECTION('',(1.,0.,-0.));
#120=AXIS2_PLACEMENT_3D('',#117,#118,#119);
#121=CIRCLE('',#120,0.15);
#122=EDGE_CURVE('',#108,#116,#121,.T.);
#123=ORIENTED_EDGE('',*,*,#122,.T.);
#124=CARTESIAN_POINT('',(14.5,0.65,0.8));
#125=VERTEX_POINT('',#124);
#126=CARTESIAN_POINT('',(14.5,16.35,0.8));
#127=DIRECTION('',(0.,-1.,0.));
#128=VECTOR('',#127,15.7);
#129=LINE('',#126,#128);
#130=EDGE_CURVE('',#116,#125,#129,.T.);
#131=ORIENTED_EDGE('',*,*,#130,.T.);
#132=CARTESIAN_POINT('',(14.35,0.5,0.8));
#133=VERTEX_POINT('',#132);
#134=CARTESIAN_POINT('',(14.35,0.65,0.8));
#135=DIRECTION('',(-0.,-0.,-1.));
#136=DIRECTION('',(1.,0.,-0.));
#137=AXIS2_PLACEMENT_3D('',#134,#135,#136);
#138=CIRCLE('',#137,0.15);
#139=EDGE_CURVE('',#125,#133,#138,.T.);
#140=ORIENTED_EDGE('',*,*,#139,.T.);
#141=CARTESIAN_POINT('',(1.65,0.5,0.8));
#142=VERTEX_POINT('',#141);
#143=CARTESIAN_POINT('',(14.35,0.5,0.8));
#144=DIRECTION('',(-1.,0.,0.));
#145=VECTOR('',#144,12.7);
#146=LINE('',#143,#145);
#147=EDGE_CURVE('',#133,#142,#146,.T.);
#148=ORIENTED_EDGE('',*,*,#147,.T.);
#149=CARTESIAN_POINT('',(1.5,0.65,0.8));
#150=VERTEX_POINT('',#149);
#151=CARTESIAN_POINT('',(1.65,0.65,0.8));
#152=DIRECTION('',(-0.,-0.,-1.));
#153=DIRECTION('',(1.,0.,-0.));
#154=AXIS2_PLACEMENT_3D('',#151,#152,#153);
#155=CIRCLE('',#154,0.15);
#156=EDGE_CURVE('',#142,#150,#155,.T.);
#157=ORIENTED_EDGE('',*,*,#156,.T.);
#158=CARTESIAN_POINT('',(1.5,12.35,0.8));
#159=VERTEX_POINT('',#158);
#160=CARTESIAN_POINT('',(1.5,0.65,0.8));
#161=DIRECTION('',(0.,1.,0.));
#162=VECTOR('',#161,11.7);
#163=LINE('',#160,#162);
#164=EDGE_CURVE('',#150,#159,#163,.T.);
#165=ORIENTED_EDGE('',*,*,#164,.T.);
#166=CARTESIAN_POINT('',(1.65,12.35,0.8));
#167=DIRECTION('',(-0.,-0.,-1.));
#168=DIRECTION('',(1.,0.,-0.));
#169=AXIS2_PLACEMENT_3D('',#166,#167,#168);
#170=CIRCLE('',#169,0.15);
#171=EDGE_CURVE('',#159,#33,#170,.T.);
#172=ORIENTED_EDGE('',*,*,#171,.T.);
#173=ORIENTED_EDGE('',*,*,#78,.T.);
#174=CARTESIAN_POINT('',(1.8,0.8,0.8));
#175=VERTEX_POINT('',#174);
#176=CARTESIAN_POINT('',(1.8,0.8,0.8));
#177=DIRECTION('',(0.,1.,0.));
#178=VECTOR('',#177,11.7);
#179=LINE('',#176,#178);
#180=EDGE_CURVE('',#175,#67,#179,.T.);
#181=ORIENTED_EDGE('',*,*,#180,.F.);
#182=CARTESIAN_POINT('',(14.2,0.8,0.8));
#183=VERTEX_POINT('',#182);
#184=CARTESIAN_POINT('',(14.2,0.8,0.8));
#185=DIRECTION('',(-1.,0.,0.));
#186=VECTOR('',#185,12.4);
#187=LINE('',#184,#186);
#188=EDGE_CURVE('',#183,#175,#187,.T.);
#189=ORIENTED_EDGE('',*,*,#188,.F.);
#190=CARTESIAN_POINT('',(14.2,16.2,0.8));
#191=VERTEX_POINT('',#190);
#192=CARTESIAN_POINT('',(14.2,16.2,0.8));
#193=DIRECTION('',(0.,-1.,0.));
#194=VECTOR('',#193,15.4);
#195=LINE('',#192,#194);
#196=EDGE_CURVE('',#191,#183,#195,.T.);
#197=ORIENTED_EDGE('',*,*,#196,.F.);
#198=CARTESIAN_POINT('',(5.,16.2,0.8));
#199=DIRECTION('',(1.,0.,-0.));
#200=VECTOR('',#199,9.2);
#201=LINE('',#198,#200);
#202=EDGE_CURVE('',#89,#191,#201,.T.);
#203=ORIENTED_EDGE('',*,*,#202,.F.);
#204=EDGE_LOOP('',(#97,#106,#114,#123,#131,#140,#148,#157,#165,#172,#173,#181,#189,#197,#203));
#205=FACE_BOUND('',#204,.T.);
#206=ADVANCED_FACE('',(#205),#87,.F.);
#207=CARTESIAN_POINT('',(14.5,8.5,1.3));
#208=DIRECTION('',(1.,0.,0.));
#209=DIRECTION('',(0.,0.,-1.));
#210=AXIS2_PLACEMENT_3D('',#207,#208,#209);
#211=PLANE('',#210);
#212=ORIENTED_EDGE('',*,*,#130,.F.);
#213=CARTESIAN_POINT('',(14.5,16.35,2.45));
#214=VERTEX_POINT('',#213);
#215=CARTESIAN_POINT('',(14.5,16.35,0.8));
#216=DIRECTION('',(0.,0.,1.));
#217=VECTOR('',#216,1.65);
#218=LINE('',#215,#217);
#219=EDGE_CURVE('',#116,#214,#218,.T.);
#220=ORIENTED_EDGE('',*,*,#219,.T.);
#221=CARTESIAN_POINT('',(14.5,0.65,2.45));
#222=VERTEX_POINT('',#221);
#223=CARTESIAN_POINT('',(14.5,16.35,2.45));
#224=DIRECTION('',(0.,-1.,0.));
#225=VECTOR('',#224,15.7);
#226=LINE('',#223,#225);
#227=EDGE_CURVE('',#214,#222,#226,.T.);
#228=ORIENTED_EDGE('',*,*,#227,.T.);
#229=CARTESIAN_POINT('',(14.5,0.65,2.45));
#230=DIRECTION('',(-0.,-0.,-1.));
#231=VECTOR('',#230,1.65);
#232=LINE('',#229,#231);
#233=EDGE_CURVE('',#222,#125,#232,.T.);
#234=ORIENTED_EDGE('',*,*,#233,.T.);
#235=EDGE_LOOP('',(#212,#220,#228,#234));
#236=FACE_BOUND('',#235,.T.);
#237=ADVANCED_FACE('',(#236),#211,.T.);
#238=CARTESIAN_POINT('',(9.75,16.5,1.3));
#239=DIRECTION('',(0.,1.,0.));
#240=DIRECTION('',(0.,0.,1.));
#241=AXIS2_PLACEMENT_3D('',#238,#239,#240);
#242=PLANE('',#241);
#243=ORIENTED_EDGE('',*,*,#113,.F.);
#244=CARTESIAN_POINT('',(5.15,16.5,2.45));
#245=VERTEX_POINT('',#244);
#246=CARTESIAN_POINT('',(5.15,16.5,0.8));
#247=DIRECTION('',(-0.,-0.,1.));
#248=VECTOR('',#247,1.65);
#249=LINE('',#246,#248);
#250=EDGE_CURVE('',#99,#245,#249,.T.);
#251=ORIENTED_EDGE('',*,*,#250,.T.);
#252=CARTESIAN_POINT('',(14.35,16.5,2.45));
#253=VERTEX_POINT('',#252);
#254=CARTESIAN_POINT('',(5.15,16.5,2.45));
#255=DIRECTION('',(1.,0.,-0.));
#256=VECTOR('',#255,9.2);
#257=LINE('',#254,#256);
#258=EDGE_CURVE('',#245,#253,#257,.T.);
#259=ORIENTED_EDGE('',*,*,#258,.T.);
#260=CARTESIAN_POINT('',(14.35,16.5,2.45));
#261=DIRECTION('',(-0.,-0.,-1.));
#262=VECTOR('',#261,1.65);
#263=LINE('',#260,#262);
#264=EDGE_CURVE('',#253,#108,#263,.T.);
#265=ORIENTED_EDGE('',*,*,#264,.T.);
#266=EDGE_LOOP('',(#243,#251,#259,#265));
#267=FACE_BOUND('',#266,.T.);
#268=ADVANCED_FACE('',(#267),#242,.T.);
#269=CARTESIAN_POINT('',(5.,14.5,1.3));
#270=DIRECTION('',(-1.,0.,0.));
#271=DIRECTION('',(-0.,-1.,0.));
#272=AXIS2_PLACEMENT_3D('',#269,#270,#271);
#273=PLANE('',#272);
#274=CARTESIAN_POINT('',(5.,16.35,2.45));
#275=VERTEX_POINT('',#274);
#276=CARTESIAN_POINT('',(5.,12.5,2.45));
#277=DIRECTION('',(0.,1.,0.));
#278=VECTOR('',#277,3.85);
#279=LINE('',#276,#278);
#280=EDGE_CURVE('',#43,#275,#279,.T.);
#281=ORIENTED_EDGE('',*,*,#280,.T.);
#282=CARTESIAN_POINT('',(5.,16.35,2.45));
#283=DIRECTION('',(0.,0.,-1.));
#284=VECTOR('',#283,1.65);
#285=LINE('',#282,#284);
#286=EDGE_CURVE('',#275,#91,#285,.T.);
#287=ORIENTED_EDGE('',*,*,#286,.T.);
#288=ORIENTED_EDGE('',*,*,#96,.F.);
#289=CARTESIAN_POINT('',(5.,16.2,2.36));
#290=VERTEX_POINT('',#289);
#291=CARTESIAN_POINT('',(5.,16.2,2.36));
#292=DIRECTION('',(0.,0.,-1.));
#293=VECTOR('',#292,1.56);
#294=LINE('',#291,#293);
#295=EDGE_CURVE('',#290,#89,#294,.T.);
#296=ORIENTED_EDGE('',*,*,#295,.F.);
#297=CARTESIAN_POINT('',(5.,12.5,2.36));
#298=DIRECTION('',(0.,1.,0.));
#299=VECTOR('',#298,3.7);
#300=LINE('',#297,#299);
#301=EDGE_CURVE('',#51,#290,#300,.T.);
#302=ORIENTED_EDGE('',*,*,#301,.F.);
#303=ORIENTED_EDGE('',*,*,#56,.F.);
#304=EDGE_LOOP('',(#281,#287,#288,#296,#302,#303));
#305=FACE_BOUND('',#304,.T.);
#306=ADVANCED_FACE('',(#305),#273,.T.);
#307=CARTESIAN_POINT('',(1.5,6.5,1.3));
#308=DIRECTION('',(-1.,0.,0.));
#309=DIRECTION('',(0.,0.,1.));
#310=AXIS2_PLACEMENT_3D('',#307,#308,#309);
#311=PLANE('',#310);
#312=CARTESIAN_POINT('',(1.5,0.65,2.45));
#313=VERTEX_POINT('',#312);
#314=CARTESIAN_POINT('',(1.5,12.35,2.45));
#315=VERTEX_POINT('',#314);
#316=CARTESIAN_POINT('',(1.5,0.65,2.45));
#317=DIRECTION('',(-0.,1.,-0.));
#318=VECTOR('',#317,11.7);
#319=LINE('',#316,#318);
#320=EDGE_CURVE('',#313,#315,#319,.T.);
#321=ORIENTED_EDGE('',*,*,#320,.T.);
#322=CARTESIAN_POINT('',(1.5,12.35,2.45));
#323=DIRECTION('',(0.,0.,-1.));
#324=VECTOR('',#323,1.65);
#325=LINE('',#322,#324);
#326=EDGE_CURVE('',#315,#159,#325,.T.);
#327=ORIENTED_EDGE('',*,*,#326,.T.);
#328=ORIENTED_EDGE('',*,*,#164,.F.);
#329=CARTESIAN_POINT('',(1.5,0.65,0.8));
#330=DIRECTION('',(0.,0.,1.));
#331=VECTOR('',#330,1.65);
#332=LINE('',#329,#331);
#333=EDGE_CURVE('',#150,#313,#332,.T.);
#334=ORIENTED_EDGE('',*,*,#333,.T.);
#335=EDGE_LOOP('',(#321,#327,#328,#334));
#336=FACE_BOUND('',#335,.T.);
#337=ADVANCED_FACE('',(#336),#311,.T.);
#338=CARTESIAN_POINT('',(8.,0.5,1.3));
#339=DIRECTION('',(0.,-1.,0.));
#340=DIRECTION('',(0.,0.,-1.));
#341=AXIS2_PLACEMENT_3D('',#338,#339,#340);
#342=PLANE('',#341);
#343=ORIENTED_EDGE('',*,*,#147,.F.);
#344=CARTESIAN_POINT('',(14.35,0.5,2.45));
#345=VERTEX_POINT('',#344);
#346=CARTESIAN_POINT('',(14.35,0.5,0.8));
#347=DIRECTION('',(0.,0.,1.));
#348=VECTOR('',#347,1.65);
#349=LINE('',#346,#348);
#350=EDGE_CURVE('',#133,#345,#349,.T.);
#351=ORIENTED_EDGE('',*,*,#350,.T.);
#352=CARTESIAN_POINT('',(1.65,0.5,2.45));
#353=VERTEX_POINT('',#352);
#354=CARTESIAN_POINT('',(14.35,0.5,2.45));
#355=DIRECTION('',(-1.,0.,0.));
#356=VECTOR('',#355,12.7);
#357=LINE('',#354,#356);
#358=EDGE_CURVE('',#345,#353,#357,.T.);
#359=ORIENTED_EDGE('',*,*,#358,.T.);
#360=CARTESIAN_POINT('',(1.65,0.5,2.45));
#361=DIRECTION('',(-0.,-0.,-1.));
#362=VECTOR('',#361,1.65);
#363=LINE('',#360,#362);
#364=EDGE_CURVE('',#353,#142,#363,.T.);
#365=ORIENTED_EDGE('',*,*,#364,.T.);
#366=EDGE_LOOP('',(#343,#351,#359,#365));
#367=FACE_BOUND('',#366,.T.);
#368=ADVANCED_FACE('',(#367),#342,.T.);
#369=CARTESIAN_POINT('',(0.,0.,2.6));
#370=DIRECTION('',(0.,0.,1.));
#371=DIRECTION('',(1.,0.,0.));
#372=AXIS2_PLACEMENT_3D('',#369,#370,#371);
#373=PLANE('',#372);
#374=CARTESIAN_POINT('',(14.35,16.35,2.6));
#375=VERTEX_POINT('',#374);
#376=CARTESIAN_POINT('',(5.15,16.35,2.6));
#377=VERTEX_POINT('',#376);
#378=CARTESIAN_POINT('',(14.35,16.35,2.6));
#379=DIRECTION('',(-1.,-0.,0.));
#380=VECTOR('',#379,9.2);
#381=LINE('',#378,#380);
#382=EDGE_CURVE('',#375,#377,#381,.T.);
#383=ORIENTED_EDGE('',*,*,#382,.T.);
#384=CARTESIAN_POINT('',(5.15,12.35,2.6));
#385=VERTEX_POINT('',#384);
#386=CARTESIAN_POINT('',(5.15,16.35,2.6));
#387=DIRECTION('',(-0.,-1.,-0.));
#388=VECTOR('',#387,4.);
#389=LINE('',#386,#388);
#390=EDGE_CURVE('',#377,#385,#389,.T.);
#391=ORIENTED_EDGE('',*,*,#390,.T.);
#392=CARTESIAN_POINT('',(1.65,12.35,2.6));
#393=VERTEX_POINT('',#392);
#394=CARTESIAN_POINT('',(5.15,12.35,2.6));
#395=DIRECTION('',(-1.,-0.,0.));
#396=VECTOR('',#395,3.5);
#397=LINE('',#394,#396);
#398=EDGE_CURVE('',#385,#393,#397,.T.);
#399=ORIENTED_EDGE('',*,*,#398,.T.);
#400=CARTESIAN_POINT('',(1.65,0.65,2.6));
#401=VERTEX_POINT('',#400);
#402=CARTESIAN_POINT('',(1.65,12.35,2.6));
#403=DIRECTION('',(0.,-1.,0.));
#404=VECTOR('',#403,11.7);
#405=LINE('',#402,#404);
#406=EDGE_CURVE('',#393,#401,#405,.T.);
#407=ORIENTED_EDGE('',*,*,#406,.T.);
#408=CARTESIAN_POINT('',(14.35,0.65,2.6));
#409=VERTEX_POINT('',#408);
#410=CARTESIAN_POINT('',(1.65,0.65,2.6));
#411=DIRECTION('',(1.,-0.,-0.));
#412=VECTOR('',#411,12.7);
#413=LINE('',#410,#412);
#414=EDGE_CURVE('',#401,#409,#413,.T.);
#415=ORIENTED_EDGE('',*,*,#414,.T.);
#416=CARTESIAN_POINT('',(14.35,0.65,2.6));
#417=DIRECTION('',(-0.,1.,-0.));
#418=VECTOR('',#417,15.7);
#419=LINE('',#416,#418);
#420=EDGE_CURVE('',#409,#375,#419,.T.);
#421=ORIENTED_EDGE('',*,*,#420,.T.);
#422=EDGE_LOOP('',(#383,#391,#399,#407,#415,#421));
#423=FACE_BOUND('',#422,.T.);
#424=ADVANCED_FACE('',(#423),#373,.T.);
#425=CARTESIAN_POINT('',(8.,0.8,2.36));
#426=DIRECTION('',(0.,-1.,0.));
#427=DIRECTION('',(0.,0.,-1.));
#428=AXIS2_PLACEMENT_3D('',#425,#426,#427);
#429=PLANE('',#428);
#430=ORIENTED_EDGE('',*,*,#188,.T.);
#431=CARTESIAN_POINT('',(1.8,0.8,2.36));
#432=VERTEX_POINT('',#431);
#433=CARTESIAN_POINT('',(1.8,0.8,2.36));
#434=DIRECTION('',(0.,0.,-1.));
#435=VECTOR('',#434,1.56);
#436=LINE('',#433,#435);
#437=EDGE_CURVE('',#432,#175,#436,.T.);
#438=ORIENTED_EDGE('',*,*,#437,.F.);
#439=CARTESIAN_POINT('',(14.2,0.8,2.36));
#440=VERTEX_POINT('',#439);
#441=CARTESIAN_POINT('',(14.2,0.8,2.36));
#442=DIRECTION('',(-1.,0.,0.));
#443=VECTOR('',#442,12.4);
#444=LINE('',#441,#443);
#445=EDGE_CURVE('',#440,#432,#444,.T.);
#446=ORIENTED_EDGE('',*,*,#445,.F.);
#447=CARTESIAN_POINT('',(14.2,0.8,2.36));
#448=DIRECTION('',(0.,0.,-1.));
#449=VECTOR('',#448,1.56);
#450=LINE('',#447,#449);
#451=EDGE_CURVE('',#440,#183,#450,.T.);
#452=ORIENTED_EDGE('',*,*,#451,.T.);
#453=EDGE_LOOP('',(#430,#438,#446,#452));
#454=FACE_BOUND('',#453,.T.);
#455=ADVANCED_FACE('',(#454),#429,.F.);
#456=CARTESIAN_POINT('',(1.8,6.65,2.36));
#457=DIRECTION('',(-1.,0.,0.));
#458=DIRECTION('',(0.,0.,1.));
#459=AXIS2_PLACEMENT_3D('',#456,#457,#458);
#460=PLANE('',#459);
#461=ORIENTED_EDGE('',*,*,#180,.T.);
#462=ORIENTED_EDGE('',*,*,#72,.F.);
#463=CARTESIAN_POINT('',(1.8,0.8,2.36));
#464=DIRECTION('',(0.,1.,0.));
#465=VECTOR('',#464,11.7);
#466=LINE('',#463,#465);
#467=EDGE_CURVE('',#432,#59,#466,.T.);
#468=ORIENTED_EDGE('',*,*,#467,.F.);
#469=ORIENTED_EDGE('',*,*,#437,.T.);
#470=EDGE_LOOP('',(#461,#462,#468,#469));
#471=FACE_BOUND('',#470,.T.);
#472=ADVANCED_FACE('',(#471),#460,.F.);
#473=CARTESIAN_POINT('',(9.6,16.2,2.36));
#474=DIRECTION('',(0.,1.,0.));
#475=DIRECTION('',(0.,0.,1.));
#476=AXIS2_PLACEMENT_3D('',#473,#474,#475);
#477=PLANE('',#476);
#478=ORIENTED_EDGE('',*,*,#202,.T.);
#479=CARTESIAN_POINT('',(14.2,16.2,2.36));
#480=VERTEX_POINT('',#479);
#481=CARTESIAN_POINT('',(14.2,16.2,2.36));
#482=DIRECTION('',(0.,0.,-1.));
#483=VECTOR('',#482,1.56);
#484=LINE('',#481,#483);
#485=EDGE_CURVE('',#480,#191,#484,.T.);
#486=ORIENTED_EDGE('',*,*,#485,.F.);
#487=CARTESIAN_POINT('',(5.,16.2,2.36));
#488=DIRECTION('',(1.,0.,-0.));
#489=VECTOR('',#488,9.2);
#490=LINE('',#487,#489);
#491=EDGE_CURVE('',#290,#480,#490,.T.);
#492=ORIENTED_EDGE('',*,*,#491,.F.);
#493=ORIENTED_EDGE('',*,*,#295,.T.);
#494=EDGE_LOOP('',(#478,#486,#492,#493));
#495=FACE_BOUND('',#494,.T.);
#496=ADVANCED_FACE('',(#495),#477,.F.);
#497=CARTESIAN_POINT('',(14.2,8.5,2.36));
#498=DIRECTION('',(1.,0.,0.));
#499=DIRECTION('',(0.,0.,-1.));
#500=AXIS2_PLACEMENT_3D('',#497,#498,#499);
#501=PLANE('',#500);
#502=ORIENTED_EDGE('',*,*,#196,.T.);
#503=ORIENTED_EDGE('',*,*,#451,.F.);
#504=CARTESIAN_POINT('',(14.2,16.2,2.36));
#505=DIRECTION('',(0.,-1.,0.));
#506=VECTOR('',#505,15.4);
#507=LINE('',#504,#506);
#508=EDGE_CURVE('',#480,#440,#507,.T.);
#509=ORIENTED_EDGE('',*,*,#508,.F.);
#510=ORIENTED_EDGE('',*,*,#485,.T.);
#511=EDGE_LOOP('',(#502,#503,#509,#510));
#512=FACE_BOUND('',#511,.T.);
#513=ADVANCED_FACE('',(#512),#501,.F.);
#514=CARTESIAN_POINT('',(0.,0.,2.36));
#515=DIRECTION('',(0.,0.,-1.));
#516=DIRECTION('',(-1.,0.,0.));
#517=AXIS2_PLACEMENT_3D('',#514,#515,#516);
#518=PLANE('',#517);
#519=ORIENTED_EDGE('',*,*,#445,.T.);
#520=ORIENTED_EDGE('',*,*,#467,.T.);
#521=ORIENTED_EDGE('',*,*,#64,.T.);
#522=ORIENTED_EDGE('',*,*,#301,.T.);
#523=ORIENTED_EDGE('',*,*,#491,.T.);
#524=ORIENTED_EDGE('',*,*,#508,.T.);
#525=EDGE_LOOP('',(#519,#520,#521,#522,#523,#524));
#526=FACE_BOUND('',#525,.T.);
#527=ADVANCED_FACE('',(#526),#518,.T.);
#528=CARTESIAN_POINT('',(1.65,0.,2.45));
#529=DIRECTION('',(0.,-1.,0.));
#530=DIRECTION('',(0.,0.,-1.));
#531=AXIS2_PLACEMENT_3D('',#528,#529,#530);
#532=CYLINDRICAL_SURFACE('',#531,0.15);
#533=ORIENTED_EDGE('',*,*,#406,.F.);
#534=CARTESIAN_POINT('',(1.65,12.35,2.45));
#535=DIRECTION('',(0.,-1.,0.));
#536=DIRECTION('',(0.,0.,-1.));
#537=AXIS2_PLACEMENT_3D('',#534,#535,#536);
#538=CIRCLE('',#537,0.15);
#539=EDGE_CURVE('',#393,#315,#538,.T.);
#540=ORIENTED_EDGE('',*,*,#539,.T.);
#541=ORIENTED_EDGE('',*,*,#320,.F.);
#542=CARTESIAN_POINT('',(1.65,0.65,2.45));
#543=DIRECTION('',(-0.,1.,-0.));
#544=DIRECTION('',(0.,0.,-1.));
#545=AXIS2_PLACEMENT_3D('',#542,#543,#544);
#546=CIRCLE('',#545,0.15);
#547=EDGE_CURVE('',#313,#401,#546,.T.);
#548=ORIENTED_EDGE('',*,*,#547,.T.);
#549=EDGE_LOOP('',(#533,#540,#541,#548));
#550=FACE_BOUND('',#549,.T.);
#551=ADVANCED_FACE('',(#550),#532,.T.);
#552=CARTESIAN_POINT('',(8.,0.65,2.45));
#553=DIRECTION('',(-1.,0.,0.));
#554=DIRECTION('',(0.,0.,1.));
#555=AXIS2_PLACEMENT_3D('',#552,#553,#554);
#556=CYLINDRICAL_SURFACE('',#555,0.15);
#557=ORIENTED_EDGE('',*,*,#358,.F.);
#558=CARTESIAN_POINT('',(14.35,0.65,2.45));
#559=DIRECTION('',(-1.,0.,0.));
#560=DIRECTION('',(0.,0.,1.));
#561=AXIS2_PLACEMENT_3D('',#558,#559,#560);
#562=CIRCLE('',#561,0.15);
#563=EDGE_CURVE('',#345,#409,#562,.T.);
#564=ORIENTED_EDGE('',*,*,#563,.T.);
#565=ORIENTED_EDGE('',*,*,#414,.F.);
#566=CARTESIAN_POINT('',(1.65,0.65,2.45));
#567=DIRECTION('',(-1.,0.,0.));
#568=DIRECTION('',(0.,0.,1.));
#569=AXIS2_PLACEMENT_3D('',#566,#567,#568);
#570=CIRCLE('',#569,0.15);
#571=EDGE_CURVE('',#353,#401,#570,.T.);
#572=ORIENTED_EDGE('',*,*,#571,.F.);
#573=EDGE_LOOP('',(#557,#564,#565,#572));
#574=FACE_BOUND('',#573,.T.);
#575=ADVANCED_FACE('',(#574),#556,.T.);
#576=CARTESIAN_POINT('',(1.65,0.65,2.45));
#577=DIRECTION('',(0.,0.,1.));
#578=DIRECTION('',(1.,0.,-0.));
#579=AXIS2_PLACEMENT_3D('',#576,#577,#578);
#580=SPHERICAL_SURFACE('',#579,0.15);
#581=ORIENTED_EDGE('',*,*,#571,.T.);
#582=ORIENTED_EDGE('',*,*,#547,.F.);
#583=CARTESIAN_POINT('',(1.65,0.65,2.45));
#584=DIRECTION('',(-0.,-0.,-1.));
#585=DIRECTION('',(1.,0.,-0.));
#586=AXIS2_PLACEMENT_3D('',#583,#584,#585);
#587=CIRCLE('',#586,0.15);
#588=EDGE_CURVE('',#353,#313,#587,.T.);
#589=ORIENTED_EDGE('',*,*,#588,.F.);
#590=EDGE_LOOP('',(#581,#582,#589));
#591=FACE_BOUND('',#590,.T.);
#592=ADVANCED_FACE('',(#591),#580,.T.);
#593=CARTESIAN_POINT('',(1.65,0.65,1.3));
#594=DIRECTION('',(0.,0.,1.));
#595=DIRECTION('',(1.,0.,-0.));
#596=AXIS2_PLACEMENT_3D('',#593,#594,#595);
#597=CYLINDRICAL_SURFACE('',#596,0.15);
#598=ORIENTED_EDGE('',*,*,#588,.T.);
#599=ORIENTED_EDGE('',*,*,#333,.F.);
#600=ORIENTED_EDGE('',*,*,#156,.F.);
#601=ORIENTED_EDGE('',*,*,#364,.F.);
#602=EDGE_LOOP('',(#598,#599,#600,#601));
#603=FACE_BOUND('',#602,.T.);
#604=ADVANCED_FACE('',(#603),#597,.T.);
#605=CARTESIAN_POINT('',(14.35,8.5,2.45));
#606=DIRECTION('',(0.,-1.,0.));
#607=DIRECTION('',(0.,0.,-1.));
#608=AXIS2_PLACEMENT_3D('',#605,#606,#607);
#609=CYLINDRICAL_SURFACE('',#608,0.15);
#610=ORIENTED_EDGE('',*,*,#227,.F.);
#611=CARTESIAN_POINT('',(14.35,16.35,2.45));
#612=DIRECTION('',(0.,-1.,0.));
#613=DIRECTION('',(0.,0.,-1.));
#614=AXIS2_PLACEMENT_3D('',#611,#612,#613);
#615=CIRCLE('',#614,0.15);
#616=EDGE_CURVE('',#214,#375,#615,.T.);
#617=ORIENTED_EDGE('',*,*,#616,.T.);
#618=ORIENTED_EDGE('',*,*,#420,.F.);
#619=CARTESIAN_POINT('',(14.35,0.65,2.45));
#620=DIRECTION('',(0.,-1.,0.));
#621=DIRECTION('',(0.,0.,-1.));
#622=AXIS2_PLACEMENT_3D('',#619,#620,#621);
#623=CIRCLE('',#622,0.15);
#624=EDGE_CURVE('',#222,#409,#623,.T.);
#625=ORIENTED_EDGE('',*,*,#624,.F.);
#626=EDGE_LOOP('',(#610,#617,#618,#625));
#627=FACE_BOUND('',#626,.T.);
#628=ADVANCED_FACE('',(#627),#609,.T.);
#629=CARTESIAN_POINT('',(14.35,0.65,2.45));
#630=DIRECTION('',(0.,0.,1.));
#631=DIRECTION('',(1.,0.,-0.));
#632=AXIS2_PLACEMENT_3D('',#629,#630,#631);
#633=SPHERICAL_SURFACE('',#632,0.15);
#634=ORIENTED_EDGE('',*,*,#624,.T.);
#635=ORIENTED_EDGE('',*,*,#563,.F.);
#636=CARTESIAN_POINT('',(14.35,0.65,2.45));
#637=DIRECTION('',(-0.,-0.,-1.));
#638=DIRECTION('',(1.,0.,-0.));
#639=AXIS2_PLACEMENT_3D('',#636,#637,#638);
#640=CIRCLE('',#639,0.15);
#641=EDGE_CURVE('',#222,#345,#640,.T.);
#642=ORIENTED_EDGE('',*,*,#641,.F.);
#643=EDGE_LOOP('',(#634,#635,#642));
#644=FACE_BOUND('',#643,.T.);
#645=ADVANCED_FACE('',(#644),#633,.T.);
#646=CARTESIAN_POINT('',(14.35,0.65,1.3));
#647=DIRECTION('',(0.,0.,1.));
#648=DIRECTION('',(1.,0.,-0.));
#649=AXIS2_PLACEMENT_3D('',#646,#647,#648);
#650=CYLINDRICAL_SURFACE('',#649,0.15);
#651=ORIENTED_EDGE('',*,*,#641,.T.);
#652=ORIENTED_EDGE('',*,*,#350,.F.);
#653=ORIENTED_EDGE('',*,*,#139,.F.);
#654=ORIENTED_EDGE('',*,*,#233,.F.);
#655=EDGE_LOOP('',(#651,#652,#653,#654));
#656=FACE_BOUND('',#655,.T.);
#657=ADVANCED_FACE('',(#656),#650,.T.);
#658=CARTESIAN_POINT('',(9.75,16.35,2.45));
#659=DIRECTION('',(1.,0.,0.));
#660=DIRECTION('',(0.,0.,-1.));
#661=AXIS2_PLACEMENT_3D('',#658,#659,#660);
#662=CYLINDRICAL_SURFACE('',#661,0.15);
#663=ORIENTED_EDGE('',*,*,#258,.F.);
#664=CARTESIAN_POINT('',(5.15,16.35,2.45));
#665=DIRECTION('',(1.,0.,0.));
#666=DIRECTION('',(0.,0.,-1.));
#667=AXIS2_PLACEMENT_3D('',#664,#665,#666);
#668=CIRCLE('',#667,0.15);
#669=EDGE_CURVE('',#245,#377,#668,.T.);
#670=ORIENTED_EDGE('',*,*,#669,.T.);
#671=ORIENTED_EDGE('',*,*,#382,.F.);
#672=CARTESIAN_POINT('',(14.35,16.35,2.45));
#673=DIRECTION('',(1.,0.,0.));
#674=DIRECTION('',(0.,0.,-1.));
#675=AXIS2_PLACEMENT_3D('',#672,#673,#674);
#676=CIRCLE('',#675,0.15);
#677=EDGE_CURVE('',#253,#375,#676,.T.);
#678=ORIENTED_EDGE('',*,*,#677,.F.);
#679=EDGE_LOOP('',(#663,#670,#671,#678));
#680=FACE_BOUND('',#679,.T.);
#681=ADVANCED_FACE('',(#680),#662,.T.);
#682=CARTESIAN_POINT('',(14.35,16.35,2.45));
#683=DIRECTION('',(0.,0.,1.));
#684=DIRECTION('',(1.,0.,-0.));
#685=AXIS2_PLACEMENT_3D('',#682,#683,#684);
#686=SPHERICAL_SURFACE('',#685,0.15);
#687=ORIENTED_EDGE('',*,*,#677,.T.);
#688=ORIENTED_EDGE('',*,*,#616,.F.);
#689=CARTESIAN_POINT('',(14.35,16.35,2.45));
#690=DIRECTION('',(-0.,-0.,-1.));
#691=DIRECTION('',(1.,0.,-0.));
#692=AXIS2_PLACEMENT_3D('',#689,#690,#691);
#693=CIRCLE('',#692,0.15);
#694=EDGE_CURVE('',#253,#214,#693,.T.);
#695=ORIENTED_EDGE('',*,*,#694,.F.);
#696=EDGE_LOOP('',(#687,#688,#695));
#697=FACE_BOUND('',#696,.T.);
#698=ADVANCED_FACE('',(#697),#686,.T.);
#699=CARTESIAN_POINT('',(14.35,16.35,1.3));
#700=DIRECTION('',(0.,0.,1.));
#701=DIRECTION('',(1.,0.,-0.));
#702=AXIS2_PLACEMENT_3D('',#699,#700,#701);
#703=CYLINDRICAL_SURFACE('',#702,0.15);
#704=ORIENTED_EDGE('',*,*,#694,.T.);
#705=ORIENTED_EDGE('',*,*,#219,.F.);
#706=ORIENTED_EDGE('',*,*,#122,.F.);
#707=ORIENTED_EDGE('',*,*,#264,.F.);
#708=EDGE_LOOP('',(#704,#705,#706,#707));
#709=FACE_BOUND('',#708,.T.);
#710=ADVANCED_FACE('',(#709),#703,.T.);
#711=CARTESIAN_POINT('',(1.65,12.35,1.3));
#712=DIRECTION('',(0.,0.,-1.));
#713=DIRECTION('',(-1.,0.,0.));
#714=AXIS2_PLACEMENT_3D('',#711,#712,#713);
#715=CYLINDRICAL_SURFACE('',#714,0.15);
#716=ORIENTED_EDGE('',*,*,#171,.F.);
#717=ORIENTED_EDGE('',*,*,#326,.F.);
#718=CARTESIAN_POINT('',(1.65,12.35,2.45));
#719=DIRECTION('',(-0.,-0.,1.));
#720=DIRECTION('',(-1.,0.,0.));
#721=AXIS2_PLACEMENT_3D('',#718,#719,#720);
#722=CIRCLE('',#721,0.15);
#723=EDGE_CURVE('',#35,#315,#722,.T.);
#724=ORIENTED_EDGE('',*,*,#723,.F.);
#725=ORIENTED_EDGE('',*,*,#40,.F.);
#726=EDGE_LOOP('',(#716,#717,#724,#725));
#727=FACE_BOUND('',#726,.T.);
#728=ADVANCED_FACE('',(#727),#715,.T.);
#729=CARTESIAN_POINT('',(1.65,12.35,2.45));
#730=DIRECTION('',(0.,1.,0.));
#731=DIRECTION('',(0.,-0.,1.));
#732=AXIS2_PLACEMENT_3D('',#729,#730,#731);
#733=SPHERICAL_SURFACE('',#732,0.15);
#734=ORIENTED_EDGE('',*,*,#723,.T.);
#735=ORIENTED_EDGE('',*,*,#539,.F.);
#736=CARTESIAN_POINT('',(1.65,12.35,2.45));
#737=DIRECTION('',(1.,0.,0.));
#738=DIRECTION('',(0.,0.,-1.));
#739=AXIS2_PLACEMENT_3D('',#736,#737,#738);
#740=CIRCLE('',#739,0.15);
#741=EDGE_CURVE('',#35,#393,#740,.T.);
#742=ORIENTED_EDGE('',*,*,#741,.F.);
#743=EDGE_LOOP('',(#734,#735,#742));
#744=FACE_BOUND('',#743,.T.);
#745=ADVANCED_FACE('',(#744),#733,.T.);
#746=CARTESIAN_POINT('',(3.25,12.35,2.45));
#747=DIRECTION('',(1.,0.,0.));
#748=DIRECTION('',(0.,0.,-1.));
#749=AXIS2_PLACEMENT_3D('',#746,#747,#748);
#750=CYLINDRICAL_SURFACE('',#749,0.15);
#751=ORIENTED_EDGE('',*,*,#741,.T.);
#752=ORIENTED_EDGE('',*,*,#398,.F.);
#753=CARTESIAN_POINT('',(5.15,12.35,2.45));
#754=DIRECTION('',(-0.707106781,-0.707106781,-0.));
#755=DIRECTION('',(-0.707106781,0.707106781,0.));
#756=AXIS2_PLACEMENT_3D('',#753,#754,#755);
#757=ELLIPSE('',#756,0.212132034,0.15);
#758=EDGE_CURVE('',#385,#43,#757,.T.);
#759=ORIENTED_EDGE('',*,*,#758,.T.);
#760=ORIENTED_EDGE('',*,*,#48,.F.);
#761=EDGE_LOOP('',(#751,#752,#759,#760));
#762=FACE_BOUND('',#761,.T.);
#763=ADVANCED_FACE('',(#762),#750,.T.);
#764=CARTESIAN_POINT('',(5.15,14.5,2.45));
#765=DIRECTION('',(0.,1.,0.));
#766=DIRECTION('',(-1.,0.,0.));
#767=AXIS2_PLACEMENT_3D('',#764,#765,#766);
#768=CYLINDRICAL_SURFACE('',#767,0.15);
#769=ORIENTED_EDGE('',*,*,#758,.F.);
#770=ORIENTED_EDGE('',*,*,#390,.F.);
#771=CARTESIAN_POINT('',(5.15,16.35,2.45));
#772=DIRECTION('',(0.,1.,0.));
#773=DIRECTION('',(-1.,0.,0.));
#774=AXIS2_PLACEMENT_3D('',#771,#772,#773);
#775=CIRCLE('',#774,0.15);
#776=EDGE_CURVE('',#275,#377,#775,.T.);
#777=ORIENTED_EDGE('',*,*,#776,.F.);
#778=ORIENTED_EDGE('',*,*,#280,.F.);
#779=EDGE_LOOP('',(#769,#770,#777,#778));
#780=FACE_BOUND('',#779,.T.);
#781=ADVANCED_FACE('',(#780),#768,.T.);
#782=CARTESIAN_POINT('',(5.15,16.35,2.45));
#783=DIRECTION('',(-1.,0.,0.));
#784=DIRECTION('',(-0.,-1.,0.));
#785=AXIS2_PLACEMENT_3D('',#782,#783,#784);
#786=SPHERICAL_SURFACE('',#785,0.15);
#787=ORIENTED_EDGE('',*,*,#776,.T.);
#788=ORIENTED_EDGE('',*,*,#669,.F.);
#789=CARTESIAN_POINT('',(5.15,16.35,2.45));
#790=DIRECTION('',(0.,0.,-1.));
#791=DIRECTION('',(-1.,0.,0.));
#792=AXIS2_PLACEMENT_3D('',#789,#790,#791);
#793=CIRCLE('',#792,0.15);
#794=EDGE_CURVE('',#275,#245,#793,.T.);
#795=ORIENTED_EDGE('',*,*,#794,.F.);
#796=EDGE_LOOP('',(#787,#788,#795));
#797=FACE_BOUND('',#796,.T.);
#798=ADVANCED_FACE('',(#797),#786,.T.);
#799=CARTESIAN_POINT('',(5.15,16.35,1.3));
#800=DIRECTION('',(0.,0.,-1.));
#801=DIRECTION('',(-1.,0.,0.));
#802=AXIS2_PLACEMENT_3D('',#799,#800,#801);
#803=CYLINDRICAL_SURFACE('',#802,0.15);
#804=ORIENTED_EDGE('',*,*,#794,.T.);
#805=ORIENTED_EDGE('',*,*,#250,.F.);
#806=ORIENTED_EDGE('',*,*,#105,.F.);
#807=ORIENTED_EDGE('',*,*,#286,.F.);
#808=EDGE_LOOP('',(#804,#805,#806,#807));
#809=FACE_BOUND('',#808,.T.);
#810=ADVANCED_FACE('',(#809),#803,.T.);
#811=CLOSED_SHELL('',(#82,#206,#237,#268,#306,#337,#368,#424,#455,#472,#496,#513,#527,#551,#575,#592,#604,#628,#645,#657,#681,#698,#710,#728,#745,#763,
#781,#798,#810));
#812=MANIFOLD_SOLID_BREP('Body 40',#811);
#813=COLOUR_RGB('',0.988235295,0.988235295,0.988235295);
#814=FILL_AREA_STYLE_COLOUR('',#813);
#815=FILL_AREA_STYLE('',(#814));
#816=SURFACE_STYLE_FILL_AREA(#815);
#817=SURFACE_SIDE_STYLE('',(#816));
#818=SURFACE_STYLE_USAGE(.BOTH.,#817);
#819=PRESENTATION_STYLE_ASSIGNMENT((#818));
#26=STYLED_ITEM('',(#819),#812);
#821=CARTESIAN_POINT('',(16.,8.5,0.8));
#822=DIRECTION('',(1.,-0.,0.));
#823=DIRECTION('',(0.,1.,0.));
#824=AXIS2_PLACEMENT_3D('',#821,#822,#823);
#825=PLANE('',#824);
#826=CARTESIAN_POINT('',(16.,1.,0.));
#827=VERTEX_POINT('',#826);
#828=CARTESIAN_POINT('',(16.,-0.,0.));
#829=VERTEX_POINT('',#828);
#830=CARTESIAN_POINT('',(16.,1.,0.));
#831=DIRECTION('',(-0.,-1.,0.));
#832=VECTOR('',#831,1.);
#833=LINE('',#830,#832);
#834=EDGE_CURVE('',#827,#829,#833,.T.);
#835=ORIENTED_EDGE('',*,*,#834,.F.);
#836=CARTESIAN_POINT('',(16.,1.,0.8));
#837=VERTEX_POINT('',#836);
#838=CARTESIAN_POINT('',(16.,1.,0.));
#839=DIRECTION('',(0.,0.,1.));
#840=VECTOR('',#839,0.8);
#841=LINE('',#838,#840);
#842=EDGE_CURVE('',#827,#837,#841,.T.);
#843=ORIENTED_EDGE('',*,*,#842,.T.);
#844=CARTESIAN_POINT('',(16.,-0.,0.8));
#845=VERTEX_POINT('',#844);
#846=CARTESIAN_POINT('',(16.,1.,0.8));
#847=DIRECTION('',(-0.,-1.,0.));
#848=VECTOR('',#847,1.);
#849=LINE('',#846,#848);
#850=EDGE_CURVE('',#837,#845,#849,.T.);
#851=ORIENTED_EDGE('',*,*,#850,.T.);
#852=CARTESIAN_POINT('',(16.,-0.,0.8));
#853=DIRECTION('',(0.,0.,-1.));
#854=VECTOR('',#853,0.8);
#855=LINE('',#852,#854);
#856=EDGE_CURVE('',#845,#829,#855,.T.);
#857=ORIENTED_EDGE('',*,*,#856,.T.);
#858=EDGE_LOOP('',(#835,#843,#851,#857));
#859=FACE_BOUND('',#858,.T.);
#860=ADVANCED_FACE('',(#859),#825,.T.);
#861=CARTESIAN_POINT('',(16.,8.5,0.8));
#862=DIRECTION('',(1.,-0.,0.));
#863=DIRECTION('',(0.,1.,0.));
#864=AXIS2_PLACEMENT_3D('',#861,#862,#863);
#865=PLANE('',#864);
#866=CARTESIAN_POINT('',(16.,2.,0.));
#867=VERTEX_POINT('',#866);
#868=CARTESIAN_POINT('',(16.,2.,0.8));
#869=VERTEX_POINT('',#868);
#870=CARTESIAN_POINT('',(16.,2.,0.));
#871=DIRECTION('',(0.,0.,1.));
#872=VECTOR('',#871,0.8);
#873=LINE('',#870,#872);
#874=EDGE_CURVE('',#867,#869,#873,.T.);
#875=ORIENTED_EDGE('',*,*,#874,.F.);
#876=CARTESIAN_POINT('',(16.,3.,0.));
#877=VERTEX_POINT('',#876);
#878=CARTESIAN_POINT('',(16.,3.,0.));
#879=DIRECTION('',(-0.,-1.,0.));
#880=VECTOR('',#879,1.);
#881=LINE('',#878,#880);
#882=EDGE_CURVE('',#877,#867,#881,.T.);
#883=ORIENTED_EDGE('',*,*,#882,.F.);
#884=CARTESIAN_POINT('',(16.,3.,0.8));
#885=VERTEX_POINT('',#884);
#886=CARTESIAN_POINT('',(16.,3.,0.));
#887=DIRECTION('',(0.,0.,1.));
#888=VECTOR('',#887,0.8);
#889=LINE('',#886,#888);
#890=EDGE_CURVE('',#877,#885,#889,.T.);
#891=ORIENTED_EDGE('',*,*,#890,.T.);
#892=CARTESIAN_POINT('',(16.,3.,0.8));
#893=DIRECTION('',(-0.,-1.,0.));
#894=VECTOR('',#893,1.);
#895=LINE('',#892,#894);
#896=EDGE_CURVE('',#885,#869,#895,.T.);
#897=ORIENTED_EDGE('',*,*,#896,.T.);
#898=EDGE_LOOP('',(#875,#883,#891,#897));
#899=FACE_BOUND('',#898,.T.);
#900=ADVANCED_FACE('',(#899),#865,.T.);
#901=CARTESIAN_POINT('',(16.,8.5,0.8));
#902=DIRECTION('',(1.,-0.,0.));
#903=DIRECTION('',(0.,1.,0.));
#904=AXIS2_PLACEMENT_3D('',#901,#902,#903);
#905=PLANE('',#904);
#906=CARTESIAN_POINT('',(16.,9.,0.));
#907=VERTEX_POINT('',#906);
#908=CARTESIAN_POINT('',(16.,8.,0.));
#909=VERTEX_POINT('',#908);
#910=CARTESIAN_POINT('',(16.,9.,0.));
#911=DIRECTION('',(-0.,-1.,0.));
#912=VECTOR('',#911,1.);
#913=LINE('',#910,#912);
#914=EDGE_CURVE('',#907,#909,#913,.T.);
#915=ORIENTED_EDGE('',*,*,#914,.F.);
#916=CARTESIAN_POINT('',(16.,9.,0.8));
#917=VERTEX_POINT('',#916);
#918=CARTESIAN_POINT('',(16.,9.,0.));
#919=DIRECTION('',(0.,0.,1.));
#920=VECTOR('',#919,0.8);
#921=LINE('',#918,#920);
#922=EDGE_CURVE('',#907,#917,#921,.T.);
#923=ORIENTED_EDGE('',*,*,#922,.T.);
#924=CARTESIAN_POINT('',(16.,8.,0.8));
#925=VERTEX_POINT('',#924);
#926=CARTESIAN_POINT('',(16.,9.,0.8));
#927=DIRECTION('',(-0.,-1.,0.));
#928=VECTOR('',#927,1.);
#929=LINE('',#926,#928);
#930=EDGE_CURVE('',#917,#925,#929,.T.);
#931=ORIENTED_EDGE('',*,*,#930,.T.);
#932=CARTESIAN_POINT('',(16.,8.,0.));
#933=DIRECTION('',(0.,0.,1.));
#934=VECTOR('',#933,0.8);
#935=LINE('',#932,#934);
#936=EDGE_CURVE('',#909,#925,#935,.T.);
#937=ORIENTED_EDGE('',*,*,#936,.F.);
#938=EDGE_LOOP('',(#915,#923,#931,#937));
#939=FACE_BOUND('',#938,.T.);
#940=ADVANCED_FACE('',(#939),#905,.T.);
#941=CARTESIAN_POINT('',(16.,8.5,0.8));
#942=DIRECTION('',(1.,-0.,0.));
#943=DIRECTION('',(0.,1.,0.));
#944=AXIS2_PLACEMENT_3D('',#941,#942,#943);
#945=PLANE('',#944);
#946=CARTESIAN_POINT('',(16.,7.,0.));
#947=VERTEX_POINT('',#946);
#948=CARTESIAN_POINT('',(16.,6.,0.));
#949=VERTEX_POINT('',#948);
#950=CARTESIAN_POINT('',(16.,7.,0.));
#951=DIRECTION('',(-0.,-1.,0.));
#952=VECTOR('',#951,1.);
#953=LINE('',#950,#952);
#954=EDGE_CURVE('',#947,#949,#953,.T.);
#955=ORIENTED_EDGE('',*,*,#954,.F.);
#956=CARTESIAN_POINT('',(16.,7.,0.8));
#957=VERTEX_POINT('',#956);
#958=CARTESIAN_POINT('',(16.,7.,0.));
#959=DIRECTION('',(0.,0.,1.));
#960=VECTOR('',#959,0.8);
#961=LINE('',#958,#960);
#962=EDGE_CURVE('',#947,#957,#961,.T.);
#963=ORIENTED_EDGE('',*,*,#962,.T.);
#964=CARTESIAN_POINT('',(16.,6.,0.8));
#965=VERTEX_POINT('',#964);
#966=CARTESIAN_POINT('',(16.,7.,0.8));
#967=DIRECTION('',(-0.,-1.,0.));
#968=VECTOR('',#967,1.);
#969=LINE('',#966,#968);
#970=EDGE_CURVE('',#957,#965,#969,.T.);
#971=ORIENTED_EDGE('',*,*,#970,.T.);
#972=CARTESIAN_POINT('',(16.,6.,0.));
#973=DIRECTION('',(0.,0.,1.));
#974=VECTOR('',#973,0.8);
#975=LINE('',#972,#974);
#976=EDGE_CURVE('',#949,#965,#975,.T.);
#977=ORIENTED_EDGE('',*,*,#976,.F.);
#978=EDGE_LOOP('',(#955,#963,#971,#977));
#979=FACE_BOUND('',#978,.T.);
#980=ADVANCED_FACE('',(#979),#945,.T.);
#981=CARTESIAN_POINT('',(16.,8.5,0.8));
#982=DIRECTION('',(1.,-0.,0.));
#983=DIRECTION('',(0.,1.,0.));
#984=AXIS2_PLACEMENT_3D('',#981,#982,#983);
#985=PLANE('',#984);
#986=CARTESIAN_POINT('',(16.,4.,0.));
#987=VERTEX_POINT('',#986);
#988=CARTESIAN_POINT('',(16.,4.,0.8));
#989=VERTEX_POINT('',#988);
#990=CARTESIAN_POINT('',(16.,4.,0.));
#991=DIRECTION('',(0.,0.,1.));
#992=VECTOR('',#991,0.8);
#993=LINE('',#990,#992);
#994=EDGE_CURVE('',#987,#989,#993,.T.);
#995=ORIENTED_EDGE('',*,*,#994,.F.);
#996=CARTESIAN_POINT('',(16.,5.,0.));
#997=VERTEX_POINT('',#996);
#998=CARTESIAN_POINT('',(16.,5.,0.));
#999=DIRECTION('',(-0.,-1.,0.));
#1000=VECTOR('',#999,1.);
#1001=LINE('',#998,#1000);
#1002=EDGE_CURVE('',#997,#987,#1001,.T.);
#1003=ORIENTED_EDGE('',*,*,#1002,.F.);
#1004=CARTESIAN_POINT('',(16.,5.,0.8));
#1005=VERTEX_POINT('',#1004);
#1006=CARTESIAN_POINT('',(16.,5.,0.));
#1007=DIRECTION('',(0.,0.,1.));
#1008=VECTOR('',#1007,0.8);
#1009=LINE('',#1006,#1008);
#1010=EDGE_CURVE('',#997,#1005,#1009,.T.);
#1011=ORIENTED_EDGE('',*,*,#1010,.T.);
#1012=CARTESIAN_POINT('',(16.,5.,0.8));
#1013=DIRECTION('',(-0.,-1.,0.));
#1014=VECTOR('',#1013,1.);
#1015=LINE('',#1012,#1014);
#1016=EDGE_CURVE('',#1005,#989,#1015,.T.);
#1017=ORIENTED_EDGE('',*,*,#1016,.T.);
#1018=EDGE_LOOP('',(#995,#1003,#1011,#1017));
#1019=FACE_BOUND('',#1018,.T.);
#1020=ADVANCED_FACE('',(#1019),#985,.T.);
#1021=CARTESIAN_POINT('',(16.,8.5,0.8));
#1022=DIRECTION('',(1.,-0.,0.));
#1023=DIRECTION('',(0.,1.,0.));
#1024=AXIS2_PLACEMENT_3D('',#1021,#1022,#1023);
#1025=PLANE('',#1024);
#1026=CARTESIAN_POINT('',(16.,15.,0.));
#1027=VERTEX_POINT('',#1026);
#1028=CARTESIAN_POINT('',(16.,14.,0.));
#1029=VERTEX_POINT('',#1028);
#1030=CARTESIAN_POINT('',(16.,15.,0.));
#1031=DIRECTION('',(-0.,-1.,0.));
#1032=VECTOR('',#1031,1.);
#1033=LINE('',#1030,#1032);
#1034=EDGE_CURVE('',#1027,#1029,#1033,.T.);
#1035=ORIENTED_EDGE('',*,*,#1034,.F.);
#1036=CARTESIAN_POINT('',(16.,15.,0.8));
#1037=VERTEX_POINT('',#1036);
#1038=CARTESIAN_POINT('',(16.,15.,0.));
#1039=DIRECTION('',(0.,0.,1.));
#1040=VECTOR('',#1039,0.8);
#1041=LINE('',#1038,#1040);
#1042=EDGE_CURVE('',#1027,#1037,#1041,.T.);
#1043=ORIENTED_EDGE('',*,*,#1042,.T.);
#1044=CARTESIAN_POINT('',(16.,14.,0.8));
#1045=VERTEX_POINT('',#1044);
#1046=CARTESIAN_POINT('',(16.,15.,0.8));
#1047=DIRECTION('',(-0.,-1.,0.));
#1048=VECTOR('',#1047,1.);
#1049=LINE('',#1046,#1048);
#1050=EDGE_CURVE('',#1037,#1045,#1049,.T.);
#1051=ORIENTED_EDGE('',*,*,#1050,.T.);
#1052=CARTESIAN_POINT('',(16.,14.,0.));
#1053=DIRECTION('',(0.,0.,1.));
#1054=VECTOR('',#1053,0.8);
#1055=LINE('',#1052,#1054);
#1056=EDGE_CURVE('',#1029,#1045,#1055,.T.);
#1057=ORIENTED_EDGE('',*,*,#1056,.F.);
#1058=EDGE_LOOP('',(#1035,#1043,#1051,#1057));
#1059=FACE_BOUND('',#1058,.T.);
#1060=ADVANCED_FACE('',(#1059),#1025,.T.);
#1061=CARTESIAN_POINT('',(16.,8.5,0.8));
#1062=DIRECTION('',(1.,-0.,0.));
#1063=DIRECTION('',(0.,1.,0.));
#1064=AXIS2_PLACEMENT_3D('',#1061,#1062,#1063);
#1065=PLANE('',#1064);
#1066=CARTESIAN_POINT('',(16.,13.,0.));
#1067=VERTEX_POINT('',#1066);
#1068=CARTESIAN_POINT('',(16.,12.,0.));
#1069=VERTEX_POINT('',#1068);
#1070=CARTESIAN_POINT('',(16.,13.,0.));
#1071=DIRECTION('',(-0.,-1.,0.));
#1072=VECTOR('',#1071,1.);
#1073=LINE('',#1070,#1072);
#1074=EDGE_CURVE('',#1067,#1069,#1073,.T.);
#1075=ORIENTED_EDGE('',*,*,#1074,.F.);
#1076=CARTESIAN_POINT('',(16.,13.,0.8));
#1077=VERTEX_POINT('',#1076);
#1078=CARTESIAN_POINT('',(16.,13.,0.));
#1079=DIRECTION('',(0.,0.,1.));
#1080=VECTOR('',#1079,0.8);
#1081=LINE('',#1078,#1080);
#1082=EDGE_CURVE('',#1067,#1077,#1081,.T.);
#1083=ORIENTED_EDGE('',*,*,#1082,.T.);
#1084=CARTESIAN_POINT('',(16.,12.,0.8));
#1085=VERTEX_POINT('',#1084);
#1086=CARTESIAN_POINT('',(16.,13.,0.8));
#1087=DIRECTION('',(-0.,-1.,0.));
#1088=VECTOR('',#1087,1.);
#1089=LINE('',#1086,#1088);
#1090=EDGE_CURVE('',#1077,#1085,#1089,.T.);
#1091=ORIENTED_EDGE('',*,*,#1090,.T.);
#1092=CARTESIAN_POINT('',(16.,12.,0.));
#1093=DIRECTION('',(0.,0.,1.));
#1094=VECTOR('',#1093,0.8);
#1095=LINE('',#1092,#1094);
#1096=EDGE_CURVE('',#1069,#1085,#1095,.T.);
#1097=ORIENTED_EDGE('',*,*,#1096,.F.);
#1098=EDGE_LOOP('',(#1075,#1083,#1091,#1097));
#1099=FACE_BOUND('',#1098,.T.);
#1100=ADVANCED_FACE('',(#1099),#1065,.T.);
#1101=CARTESIAN_POINT('',(16.,8.5,0.8));
#1102=DIRECTION('',(1.,-0.,0.));
#1103=DIRECTION('',(0.,1.,0.));
#1104=AXIS2_PLACEMENT_3D('',#1101,#1102,#1103);
#1105=PLANE('',#1104);
#1106=CARTESIAN_POINT('',(16.,10.,0.));
#1107=VERTEX_POINT('',#1106);
#1108=CARTESIAN_POINT('',(16.,10.,0.8));
#1109=VERTEX_POINT('',#1108);
#1110=CARTESIAN_POINT('',(16.,10.,0.));
#1111=DIRECTION('',(0.,0.,1.));
#1112=VECTOR('',#1111,0.8);
#1113=LINE('',#1110,#1112);
#1114=EDGE_CURVE('',#1107,#1109,#1113,.T.);
#1115=ORIENTED_EDGE('',*,*,#1114,.F.);
#1116=CARTESIAN_POINT('',(16.,11.,0.));
#1117=VERTEX_POINT('',#1116);
#1118=CARTESIAN_POINT('',(16.,11.,0.));
#1119=DIRECTION('',(-0.,-1.,0.));
#1120=VECTOR('',#1119,1.);
#1121=LINE('',#1118,#1120);
#1122=EDGE_CURVE('',#1117,#1107,#1121,.T.);
#1123=ORIENTED_EDGE('',*,*,#1122,.F.);
#1124=CARTESIAN_POINT('',(16.,11.,0.8));
#1125=VERTEX_POINT('',#1124);
#1126=CARTESIAN_POINT('',(16.,11.,0.));
#1127=DIRECTION('',(0.,0.,1.));
#1128=VECTOR('',#1127,0.8);
#1129=LINE('',#1126,#1128);
#1130=EDGE_CURVE('',#1117,#1125,#1129,.T.);
#1131=ORIENTED_EDGE('',*,*,#1130,.T.);
#1132=CARTESIAN_POINT('',(16.,11.,0.8));
#1133=DIRECTION('',(-0.,-1.,0.));
#1134=VECTOR('',#1133,1.);
#1135=LINE('',#1132,#1134);
#1136=EDGE_CURVE('',#1125,#1109,#1135,.T.);
#1137=ORIENTED_EDGE('',*,*,#1136,.T.);
#1138=EDGE_LOOP('',(#1115,#1123,#1131,#1137));
#1139=FACE_BOUND('',#1138,.T.);
#1140=ADVANCED_FACE('',(#1139),#1105,.T.);
#1141=CARTESIAN_POINT('',(0.,8.5,0.8));
#1142=DIRECTION('',(-1.,0.,0.));
#1143=DIRECTION('',(-0.,-1.,0.));
#1144=AXIS2_PLACEMENT_3D('',#1141,#1142,#1143);
#1145=PLANE('',#1144);
#1146=CARTESIAN_POINT('',(0.,12.,0.));
#1147=VERTEX_POINT('',#1146);
#1148=CARTESIAN_POINT('',(0.,13.,0.));
#1149=VERTEX_POINT('',#1148);
#1150=CARTESIAN_POINT('',(0.,12.,0.));
#1151=DIRECTION('',(0.,1.,0.));
#1152=VECTOR('',#1151,1.);
#1153=LINE('',#1150,#1152);
#1154=EDGE_CURVE('',#1147,#1149,#1153,.T.);
#1155=ORIENTED_EDGE('',*,*,#1154,.F.);
#1156=CARTESIAN_POINT('',(0.,12.,0.8));
#1157=VERTEX_POINT('',#1156);
#1158=CARTESIAN_POINT('',(0.,12.,0.));
#1159=DIRECTION('',(0.,0.,1.));
#1160=VECTOR('',#1159,0.8);
#1161=LINE('',#1158,#1160);
#1162=EDGE_CURVE('',#1147,#1157,#1161,.T.);
#1163=ORIENTED_EDGE('',*,*,#1162,.T.);
#1164=CARTESIAN_POINT('',(0.,13.,0.8));
#1165=VERTEX_POINT('',#1164);
#1166=CARTESIAN_POINT('',(0.,12.,0.8));
#1167=DIRECTION('',(0.,1.,0.));
#1168=VECTOR('',#1167,1.);
#1169=LINE('',#1166,#1168);
#1170=EDGE_CURVE('',#1157,#1165,#1169,.T.);
#1171=ORIENTED_EDGE('',*,*,#1170,.T.);
#1172=CARTESIAN_POINT('',(0.,13.,0.));
#1173=DIRECTION('',(0.,0.,1.));
#1174=VECTOR('',#1173,0.8);
#1175=LINE('',#1172,#1174);
#1176=EDGE_CURVE('',#1149,#1165,#1175,.T.);
#1177=ORIENTED_EDGE('',*,*,#1176,.F.);
#1178=EDGE_LOOP('',(#1155,#1163,#1171,#1177));
#1179=FACE_BOUND('',#1178,.T.);
#1180=ADVANCED_FACE('',(#1179),#1145,.T.);
#1181=CARTESIAN_POINT('',(0.,0.,0.8));
#1182=DIRECTION('',(0.,0.,1.));
#1183=DIRECTION('',(1.,0.,0.));
#1184=AXIS2_PLACEMENT_3D('',#1181,#1182,#1183);
#1185=PLANE('',#1184);
#1186=CARTESIAN_POINT('',(15.,2.,0.8));
#1187=VERTEX_POINT('',#1186);
#1188=CARTESIAN_POINT('',(16.,2.,0.8));
#1189=DIRECTION('',(-1.,0.,0.));
#1190=VECTOR('',#1189,1.);
#1191=LINE('',#1188,#1190);
#1192=EDGE_CURVE('',#869,#1187,#1191,.T.);
#1193=ORIENTED_EDGE('',*,*,#1192,.F.);
#1194=ORIENTED_EDGE('',*,*,#896,.F.);
#1195=CARTESIAN_POINT('',(15.,3.,0.8));
#1196=VERTEX_POINT('',#1195);
#1197=CARTESIAN_POINT('',(15.,3.,0.8));
#1198=DIRECTION('',(1.,0.,-0.));
#1199=VECTOR('',#1198,1.);
#1200=LINE('',#1197,#1199);
#1201=EDGE_CURVE('',#1196,#885,#1200,.T.);
#1202=ORIENTED_EDGE('',*,*,#1201,.F.);
#1203=CARTESIAN_POINT('',(15.,4.,0.8));
#1204=VERTEX_POINT('',#1203);
#1205=CARTESIAN_POINT('',(15.,4.,0.8));
#1206=DIRECTION('',(0.,-1.,0.));
#1207=VECTOR('',#1206,1.);
#1208=LINE('',#1205,#1207);
#1209=EDGE_CURVE('',#1204,#1196,#1208,.T.);
#1210=ORIENTED_EDGE('',*,*,#1209,.F.);
#1211=CARTESIAN_POINT('',(16.,4.,0.8));
#1212=DIRECTION('',(-1.,0.,0.));
#1213=VECTOR('',#1212,1.);
#1214=LINE('',#1211,#1213);
#1215=EDGE_CURVE('',#989,#1204,#1214,.T.);
#1216=ORIENTED_EDGE('',*,*,#1215,.F.);
#1217=ORIENTED_EDGE('',*,*,#1016,.F.);
#1218=CARTESIAN_POINT('',(15.,5.,0.8));
#1219=VERTEX_POINT('',#1218);
#1220=CARTESIAN_POINT('',(15.,5.,0.8));
#1221=DIRECTION('',(1.,0.,-0.));
#1222=VECTOR('',#1221,1.);
#1223=LINE('',#1220,#1222);
#1224=EDGE_CURVE('',#1219,#1005,#1223,.T.);
#1225=ORIENTED_EDGE('',*,*,#1224,.F.);
#1226=CARTESIAN_POINT('',(15.,6.,0.8));
#1227=VERTEX_POINT('',#1226);
#1228=CARTESIAN_POINT('',(15.,6.,0.8));
#1229=DIRECTION('',(0.,-1.,0.));
#1230=VECTOR('',#1229,1.);
#1231=LINE('',#1228,#1230);
#1232=EDGE_CURVE('',#1227,#1219,#1231,.T.);
#1233=ORIENTED_EDGE('',*,*,#1232,.F.);
#1234=CARTESIAN_POINT('',(16.,6.,0.8));
#1235=DIRECTION('',(-1.,0.,0.));
#1236=VECTOR('',#1235,1.);
#1237=LINE('',#1234,#1236);
#1238=EDGE_CURVE('',#965,#1227,#1237,.T.);
#1239=ORIENTED_EDGE('',*,*,#1238,.F.);
#1240=ORIENTED_EDGE('',*,*,#970,.F.);
#1241=CARTESIAN_POINT('',(15.,7.,0.8));
#1242=VERTEX_POINT('',#1241);
#1243=CARTESIAN_POINT('',(15.,7.,0.8));
#1244=DIRECTION('',(1.,0.,-0.));
#1245=VECTOR('',#1244,1.);
#1246=LINE('',#1243,#1245);
#1247=EDGE_CURVE('',#1242,#957,#1246,.T.);
#1248=ORIENTED_EDGE('',*,*,#1247,.F.);
#1249=CARTESIAN_POINT('',(15.,8.,0.8));
#1250=VERTEX_POINT('',#1249);
#1251=CARTESIAN_POINT('',(15.,8.,0.8));
#1252=DIRECTION('',(0.,-1.,0.));
#1253=VECTOR('',#1252,1.);
#1254=LINE('',#1251,#1253);
#1255=EDGE_CURVE('',#1250,#1242,#1254,.T.);
#1256=ORIENTED_EDGE('',*,*,#1255,.F.);
#1257=CARTESIAN_POINT('',(16.,8.,0.8));
#1258=DIRECTION('',(-1.,0.,0.));
#1259=VECTOR('',#1258,1.);
#1260=LINE('',#1257,#1259);
#1261=EDGE_CURVE('',#925,#1250,#1260,.T.);
#1262=ORIENTED_EDGE('',*,*,#1261,.F.);
#1263=ORIENTED_EDGE('',*,*,#930,.F.);
#1264=CARTESIAN_POINT('',(15.,9.,0.8));
#1265=VERTEX_POINT('',#1264);
#1266=CARTESIAN_POINT('',(15.,9.,0.8));
#1267=DIRECTION('',(1.,0.,-0.));
#1268=VECTOR('',#1267,1.);
#1269=LINE('',#1266,#1268);
#1270=EDGE_CURVE('',#1265,#917,#1269,.T.);
#1271=ORIENTED_EDGE('',*,*,#1270,.F.);
#1272=CARTESIAN_POINT('',(15.,10.,0.8));
#1273=VERTEX_POINT('',#1272);
#1274=CARTESIAN_POINT('',(15.,10.,0.8));
#1275=DIRECTION('',(0.,-1.,0.));
#1276=VECTOR('',#1275,1.);
#1277=LINE('',#1274,#1276);
#1278=EDGE_CURVE('',#1273,#1265,#1277,.T.);
#1279=ORIENTED_EDGE('',*,*,#1278,.F.);
#1280=CARTESIAN_POINT('',(16.,10.,0.8));
#1281=DIRECTION('',(-1.,0.,0.));
#1282=VECTOR('',#1281,1.);
#1283=LINE('',#1280,#1282);
#1284=EDGE_CURVE('',#1109,#1273,#1283,.T.);
#1285=ORIENTED_EDGE('',*,*,#1284,.F.);
#1286=ORIENTED_EDGE('',*,*,#1136,.F.);
#1287=CARTESIAN_POINT('',(15.,11.,0.8));
#1288=VERTEX_POINT('',#1287);
#1289=CARTESIAN_POINT('',(15.,11.,0.8));
#1290=DIRECTION('',(1.,0.,-0.));
#1291=VECTOR('',#1290,1.);
#1292=LINE('',#1289,#1291);
#1293=EDGE_CURVE('',#1288,#1125,#1292,.T.);
#1294=ORIENTED_EDGE('',*,*,#1293,.F.);
#1295=CARTESIAN_POINT('',(15.,12.,0.8));
#1296=VERTEX_POINT('',#1295);
#1297=CARTESIAN_POINT('',(15.,12.,0.8));
#1298=DIRECTION('',(0.,-1.,0.));
#1299=VECTOR('',#1298,1.);
#1300=LINE('',#1297,#1299);
#1301=EDGE_CURVE('',#1296,#1288,#1300,.T.);
#1302=ORIENTED_EDGE('',*,*,#1301,.F.);
#1303=CARTESIAN_POINT('',(16.,12.,0.8));
#1304=DIRECTION('',(-1.,0.,0.));
#1305=VECTOR('',#1304,1.);
#1306=LINE('',#1303,#1305);
#1307=EDGE_CURVE('',#1085,#1296,#1306,.T.);
#1308=ORIENTED_EDGE('',*,*,#1307,.F.);
#1309=ORIENTED_EDGE('',*,*,#1090,.F.);
#1310=CARTESIAN_POINT('',(15.,13.,0.8));
#1311=VERTEX_POINT('',#1310);
#1312=CARTESIAN_POINT('',(15.,13.,0.8));
#1313=DIRECTION('',(1.,0.,-0.));
#1314=VECTOR('',#1313,1.);
#1315=LINE('',#1312,#1314);
#1316=EDGE_CURVE('',#1311,#1077,#1315,.T.);
#1317=ORIENTED_EDGE('',*,*,#1316,.F.);
#1318=CARTESIAN_POINT('',(15.,14.,0.8));
#1319=VERTEX_POINT('',#1318);
#1320=CARTESIAN_POINT('',(15.,14.,0.8));
#1321=DIRECTION('',(0.,-1.,0.));
#1322=VECTOR('',#1321,1.);
#1323=LINE('',#1320,#1322);
#1324=EDGE_CURVE('',#1319,#1311,#1323,.T.);
#1325=ORIENTED_EDGE('',*,*,#1324,.F.);
#1326=CARTESIAN_POINT('',(16.,14.,0.8));
#1327=DIRECTION('',(-1.,0.,0.));
#1328=VECTOR('',#1327,1.);
#1329=LINE('',#1326,#1328);
#1330=EDGE_CURVE('',#1045,#1319,#1329,.T.);
#1331=ORIENTED_EDGE('',*,*,#1330,.F.);
#1332=ORIENTED_EDGE('',*,*,#1050,.F.);
#1333=CARTESIAN_POINT('',(15.,15.,0.8));
#1334=VERTEX_POINT('',#1333);
#1335=CARTESIAN_POINT('',(15.,15.,0.8));
#1336=DIRECTION('',(1.,0.,-0.));
#1337=VECTOR('',#1336,1.);
#1338=LINE('',#1335,#1337);
#1339=EDGE_CURVE('',#1334,#1037,#1338,.T.);
#1340=ORIENTED_EDGE('',*,*,#1339,.F.);
#1341=CARTESIAN_POINT('',(15.,16.,0.8));
#1342=VERTEX_POINT('',#1341);
#1343=CARTESIAN_POINT('',(15.,16.,0.8));
#1344=DIRECTION('',(0.,-1.,0.));
#1345=VECTOR('',#1344,1.);
#1346=LINE('',#1343,#1345);
#1347=EDGE_CURVE('',#1342,#1334,#1346,.T.);
#1348=ORIENTED_EDGE('',*,*,#1347,.F.);
#1349=CARTESIAN_POINT('',(16.,16.,0.8));
#1350=VERTEX_POINT('',#1349);
#1351=CARTESIAN_POINT('',(16.,16.,0.8));
#1352=DIRECTION('',(-1.,0.,0.));
#1353=VECTOR('',#1352,1.);
#1354=LINE('',#1351,#1353);
#1355=EDGE_CURVE('',#1350,#1342,#1354,.T.);
#1356=ORIENTED_EDGE('',*,*,#1355,.F.);
#1357=CARTESIAN_POINT('',(16.,17.,0.8));
#1358=VERTEX_POINT('',#1357);
#1359=CARTESIAN_POINT('',(16.,17.,0.8));
#1360=DIRECTION('',(-0.,-1.,0.));
#1361=VECTOR('',#1360,1.);
#1362=LINE('',#1359,#1361);
#1363=EDGE_CURVE('',#1358,#1350,#1362,.T.);
#1364=ORIENTED_EDGE('',*,*,#1363,.F.);
#1365=CARTESIAN_POINT('',(0.,17.,0.8));
#1366=VERTEX_POINT('',#1365);
#1367=CARTESIAN_POINT('',(0.,17.,0.8));
#1368=DIRECTION('',(1.,-0.,0.));
#1369=VECTOR('',#1368,16.);
#1370=LINE('',#1367,#1369);
#1371=EDGE_CURVE('',#1366,#1358,#1370,.T.);
#1372=ORIENTED_EDGE('',*,*,#1371,.F.);
#1373=CARTESIAN_POINT('',(0.,16.,0.8));
#1374=VERTEX_POINT('',#1373);
#1375=CARTESIAN_POINT('',(0.,16.,0.8));
#1376=DIRECTION('',(0.,1.,0.));
#1377=VECTOR('',#1376,1.);
#1378=LINE('',#1375,#1377);
#1379=EDGE_CURVE('',#1374,#1366,#1378,.T.);
#1380=ORIENTED_EDGE('',*,*,#1379,.F.);
#1381=CARTESIAN_POINT('',(1.,16.,0.8));
#1382=VERTEX_POINT('',#1381);
#1383=CARTESIAN_POINT('',(0.,16.,0.8));
#1384=DIRECTION('',(1.,0.,-0.));
#1385=VECTOR('',#1384,1.);
#1386=LINE('',#1383,#1385);
#1387=EDGE_CURVE('',#1374,#1382,#1386,.T.);
#1388=ORIENTED_EDGE('',*,*,#1387,.T.);
#1389=CARTESIAN_POINT('',(1.,15.,0.8));
#1390=VERTEX_POINT('',#1389);
#1391=CARTESIAN_POINT('',(1.,16.,0.8));
#1392=DIRECTION('',(0.,-1.,0.));
#1393=VECTOR('',#1392,1.);
#1394=LINE('',#1391,#1393);
#1395=EDGE_CURVE('',#1382,#1390,#1394,.T.);
#1396=ORIENTED_EDGE('',*,*,#1395,.T.);
#1397=CARTESIAN_POINT('',(0.,15.,0.8));
#1398=VERTEX_POINT('',#1397);
#1399=CARTESIAN_POINT('',(1.,15.,0.8));
#1400=DIRECTION('',(-1.,0.,0.));
#1401=VECTOR('',#1400,1.);
#1402=LINE('',#1399,#1401);
#1403=EDGE_CURVE('',#1390,#1398,#1402,.T.);
#1404=ORIENTED_EDGE('',*,*,#1403,.T.);
#1405=CARTESIAN_POINT('',(0.,14.,0.8));
#1406=VERTEX_POINT('',#1405);
#1407=CARTESIAN_POINT('',(0.,14.,0.8));
#1408=DIRECTION('',(0.,1.,0.));
#1409=VECTOR('',#1408,1.);
#1410=LINE('',#1407,#1409);
#1411=EDGE_CURVE('',#1406,#1398,#1410,.T.);
#1412=ORIENTED_EDGE('',*,*,#1411,.F.);
#1413=CARTESIAN_POINT('',(1.,14.,0.8));
#1414=VERTEX_POINT('',#1413);
#1415=CARTESIAN_POINT('',(0.,14.,0.8));
#1416=DIRECTION('',(1.,0.,-0.));
#1417=VECTOR('',#1416,1.);
#1418=LINE('',#1415,#1417);
#1419=EDGE_CURVE('',#1406,#1414,#1418,.T.);
#1420=ORIENTED_EDGE('',*,*,#1419,.T.);
#1421=CARTESIAN_POINT('',(1.,13.,0.8));
#1422=VERTEX_POINT('',#1421);
#1423=CARTESIAN_POINT('',(1.,14.,0.8));
#1424=DIRECTION('',(0.,-1.,0.));
#1425=VECTOR('',#1424,1.);
#1426=LINE('',#1423,#1425);
#1427=EDGE_CURVE('',#1414,#1422,#1426,.T.);
#1428=ORIENTED_EDGE('',*,*,#1427,.T.);
#1429=CARTESIAN_POINT('',(1.,13.,0.8));
#1430=DIRECTION('',(-1.,0.,0.));
#1431=VECTOR('',#1430,1.);
#1432=LINE('',#1429,#1431);
#1433=EDGE_CURVE('',#1422,#1165,#1432,.T.);
#1434=ORIENTED_EDGE('',*,*,#1433,.T.);
#1435=ORIENTED_EDGE('',*,*,#1170,.F.);
#1436=CARTESIAN_POINT('',(1.,12.,0.8));
#1437=VERTEX_POINT('',#1436);
#1438=CARTESIAN_POINT('',(0.,12.,0.8));
#1439=DIRECTION('',(1.,0.,-0.));
#1440=VECTOR('',#1439,1.);
#1441=LINE('',#1438,#1440);
#1442=EDGE_CURVE('',#1157,#1437,#1441,.T.);
#1443=ORIENTED_EDGE('',*,*,#1442,.T.);
#1444=CARTESIAN_POINT('',(1.,11.,0.8));
#1445=VERTEX_POINT('',#1444);
#1446=CARTESIAN_POINT('',(1.,12.,0.8));
#1447=DIRECTION('',(0.,-1.,0.));
#1448=VECTOR('',#1447,1.);
#1449=LINE('',#1446,#1448);
#1450=EDGE_CURVE('',#1437,#1445,#1449,.T.);
#1451=ORIENTED_EDGE('',*,*,#1450,.T.);
#1452=CARTESIAN_POINT('',(0.,11.,0.8));
#1453=VERTEX_POINT('',#1452);
#1454=CARTESIAN_POINT('',(1.,11.,0.8));
#1455=DIRECTION('',(-1.,0.,0.));
#1456=VECTOR('',#1455,1.);
#1457=LINE('',#1454,#1456);
#1458=EDGE_CURVE('',#1445,#1453,#1457,.T.);
#1459=ORIENTED_EDGE('',*,*,#1458,.T.);
#1460=CARTESIAN_POINT('',(0.,10.,0.8));
#1461=VERTEX_POINT('',#1460);
#1462=CARTESIAN_POINT('',(0.,10.,0.8));
#1463=DIRECTION('',(0.,1.,0.));
#1464=VECTOR('',#1463,1.);
#1465=LINE('',#1462,#1464);
#1466=EDGE_CURVE('',#1461,#1453,#1465,.T.);
#1467=ORIENTED_EDGE('',*,*,#1466,.F.);
#1468=CARTESIAN_POINT('',(1.,10.,0.8));
#1469=VERTEX_POINT('',#1468);
#1470=CARTESIAN_POINT('',(0.,10.,0.8));
#1471=DIRECTION('',(1.,0.,-0.));
#1472=VECTOR('',#1471,1.);
#1473=LINE('',#1470,#1472);
#1474=EDGE_CURVE('',#1461,#1469,#1473,.T.);
#1475=ORIENTED_EDGE('',*,*,#1474,.T.);
#1476=CARTESIAN_POINT('',(1.,9.,0.8));
#1477=VERTEX_POINT('',#1476);
#1478=CARTESIAN_POINT('',(1.,10.,0.8));
#1479=DIRECTION('',(0.,-1.,0.));
#1480=VECTOR('',#1479,1.);
#1481=LINE('',#1478,#1480);
#1482=EDGE_CURVE('',#1469,#1477,#1481,.T.);
#1483=ORIENTED_EDGE('',*,*,#1482,.T.);
#1484=CARTESIAN_POINT('',(0.,9.,0.8));
#1485=VERTEX_POINT('',#1484);
#1486=CARTESIAN_POINT('',(1.,9.,0.8));
#1487=DIRECTION('',(-1.,0.,0.));
#1488=VECTOR('',#1487,1.);
#1489=LINE('',#1486,#1488);
#1490=EDGE_CURVE('',#1477,#1485,#1489,.T.);
#1491=ORIENTED_EDGE('',*,*,#1490,.T.);
#1492=CARTESIAN_POINT('',(0.,8.,0.8));
#1493=VERTEX_POINT('',#1492);
#1494=CARTESIAN_POINT('',(0.,8.,0.8));
#1495=DIRECTION('',(0.,1.,0.));
#1496=VECTOR('',#1495,1.);
#1497=LINE('',#1494,#1496);
#1498=EDGE_CURVE('',#1493,#1485,#1497,.T.);
#1499=ORIENTED_EDGE('',*,*,#1498,.F.);
#1500=CARTESIAN_POINT('',(1.,8.,0.8));
#1501=VERTEX_POINT('',#1500);
#1502=CARTESIAN_POINT('',(0.,8.,0.8));
#1503=DIRECTION('',(1.,0.,-0.));
#1504=VECTOR('',#1503,1.);
#1505=LINE('',#1502,#1504);
#1506=EDGE_CURVE('',#1493,#1501,#1505,.T.);
#1507=ORIENTED_EDGE('',*,*,#1506,.T.);
#1508=CARTESIAN_POINT('',(1.,7.,0.8));
#1509=VERTEX_POINT('',#1508);
#1510=CARTESIAN_POINT('',(1.,8.,0.8));
#1511=DIRECTION('',(0.,-1.,0.));
#1512=VECTOR('',#1511,1.);
#1513=LINE('',#1510,#1512);
#1514=EDGE_CURVE('',#1501,#1509,#1513,.T.);
#1515=ORIENTED_EDGE('',*,*,#1514,.T.);
#1516=CARTESIAN_POINT('',(0.,7.,0.8));
#1517=VERTEX_POINT('',#1516);
#1518=CARTESIAN_POINT('',(1.,7.,0.8));
#1519=DIRECTION('',(-1.,0.,0.));
#1520=VECTOR('',#1519,1.);
#1521=LINE('',#1518,#1520);
#1522=EDGE_CURVE('',#1509,#1517,#1521,.T.);
#1523=ORIENTED_EDGE('',*,*,#1522,.T.);
#1524=CARTESIAN_POINT('',(0.,6.,0.8));
#1525=VERTEX_POINT('',#1524);
#1526=CARTESIAN_POINT('',(0.,6.,0.8));
#1527=DIRECTION('',(0.,1.,0.));
#1528=VECTOR('',#1527,1.);
#1529=LINE('',#1526,#1528);
#1530=EDGE_CURVE('',#1525,#1517,#1529,.T.);
#1531=ORIENTED_EDGE('',*,*,#1530,.F.);
#1532=CARTESIAN_POINT('',(1.,6.,0.8));
#1533=VERTEX_POINT('',#1532);
#1534=CARTESIAN_POINT('',(0.,6.,0.8));
#1535=DIRECTION('',(1.,0.,-0.));
#1536=VECTOR('',#1535,1.);
#1537=LINE('',#1534,#1536);
#1538=EDGE_CURVE('',#1525,#1533,#1537,.T.);
#1539=ORIENTED_EDGE('',*,*,#1538,.T.);
#1540=CARTESIAN_POINT('',(1.,5.,0.8));
#1541=VERTEX_POINT('',#1540);
#1542=CARTESIAN_POINT('',(1.,6.,0.8));
#1543=DIRECTION('',(0.,-1.,0.));
#1544=VECTOR('',#1543,1.);
#1545=LINE('',#1542,#1544);
#1546=EDGE_CURVE('',#1533,#1541,#1545,.T.);
#1547=ORIENTED_EDGE('',*,*,#1546,.T.);
#1548=CARTESIAN_POINT('',(0.,5.,0.8));
#1549=VERTEX_POINT('',#1548);
#1550=CARTESIAN_POINT('',(1.,5.,0.8));
#1551=DIRECTION('',(-1.,0.,0.));
#1552=VECTOR('',#1551,1.);
#1553=LINE('',#1550,#1552);
#1554=EDGE_CURVE('',#1541,#1549,#1553,.T.);
#1555=ORIENTED_EDGE('',*,*,#1554,.T.);
#1556=CARTESIAN_POINT('',(0.,4.,0.8));
#1557=VERTEX_POINT('',#1556);
#1558=CARTESIAN_POINT('',(0.,4.,0.8));
#1559=DIRECTION('',(0.,1.,0.));
#1560=VECTOR('',#1559,1.);
#1561=LINE('',#1558,#1560);
#1562=EDGE_CURVE('',#1557,#1549,#1561,.T.);
#1563=ORIENTED_EDGE('',*,*,#1562,.F.);
#1564=CARTESIAN_POINT('',(1.,4.,0.8));
#1565=VERTEX_POINT('',#1564);
#1566=CARTESIAN_POINT('',(0.,4.,0.8));
#1567=DIRECTION('',(1.,0.,-0.));
#1568=VECTOR('',#1567,1.);
#1569=LINE('',#1566,#1568);
#1570=EDGE_CURVE('',#1557,#1565,#1569,.T.);
#1571=ORIENTED_EDGE('',*,*,#1570,.T.);
#1572=CARTESIAN_POINT('',(1.,3.,0.8));
#1573=VERTEX_POINT('',#1572);
#1574=CARTESIAN_POINT('',(1.,4.,0.8));
#1575=DIRECTION('',(0.,-1.,0.));
#1576=VECTOR('',#1575,1.);
#1577=LINE('',#1574,#1576);
#1578=EDGE_CURVE('',#1565,#1573,#1577,.T.);
#1579=ORIENTED_EDGE('',*,*,#1578,.T.);
#1580=CARTESIAN_POINT('',(0.,3.,0.8));
#1581=VERTEX_POINT('',#1580);
#1582=CARTESIAN_POINT('',(1.,3.,0.8));
#1583=DIRECTION('',(-1.,0.,0.));
#1584=VECTOR('',#1583,1.);
#1585=LINE('',#1582,#1584);
#1586=EDGE_CURVE('',#1573,#1581,#1585,.T.);
#1587=ORIENTED_EDGE('',*,*,#1586,.T.);
#1588=CARTESIAN_POINT('',(0.,2.,0.8));
#1589=VERTEX_POINT('',#1588);
#1590=CARTESIAN_POINT('',(0.,2.,0.8));
#1591=DIRECTION('',(0.,1.,0.));
#1592=VECTOR('',#1591,1.);
#1593=LINE('',#1590,#1592);
#1594=EDGE_CURVE('',#1589,#1581,#1593,.T.);
#1595=ORIENTED_EDGE('',*,*,#1594,.F.);
#1596=CARTESIAN_POINT('',(1.,2.,0.8));
#1597=VERTEX_POINT('',#1596);
#1598=CARTESIAN_POINT('',(0.,2.,0.8));
#1599=DIRECTION('',(1.,0.,-0.));
#1600=VECTOR('',#1599,1.);
#1601=LINE('',#1598,#1600);
#1602=EDGE_CURVE('',#1589,#1597,#1601,.T.);
#1603=ORIENTED_EDGE('',*,*,#1602,.T.);
#1604=CARTESIAN_POINT('',(1.,1.,0.8));
#1605=VERTEX_POINT('',#1604);
#1606=CARTESIAN_POINT('',(1.,2.,0.8));
#1607=DIRECTION('',(0.,-1.,0.));
#1608=VECTOR('',#1607,1.);
#1609=LINE('',#1606,#1608);
#1610=EDGE_CURVE('',#1597,#1605,#1609,.T.);
#1611=ORIENTED_EDGE('',*,*,#1610,.T.);
#1612=CARTESIAN_POINT('',(0.,1.,0.8));
#1613=VERTEX_POINT('',#1612);
#1614=CARTESIAN_POINT('',(1.,1.,0.8));
#1615=DIRECTION('',(-1.,0.,0.));
#1616=VECTOR('',#1615,1.);
#1617=LINE('',#1614,#1616);
#1618=EDGE_CURVE('',#1605,#1613,#1617,.T.);
#1619=ORIENTED_EDGE('',*,*,#1618,.T.);
#1620=CARTESIAN_POINT('',(0.,0.,0.8));
#1621=VERTEX_POINT('',#1620);
#1622=CARTESIAN_POINT('',(0.,0.,0.8));
#1623=DIRECTION('',(0.,1.,0.));
#1624=VECTOR('',#1623,1.);
#1625=LINE('',#1622,#1624);
#1626=EDGE_CURVE('',#1621,#1613,#1625,.T.);
#1627=ORIENTED_EDGE('',*,*,#1626,.F.);
#1628=CARTESIAN_POINT('',(16.,-0.,0.8));
#1629=DIRECTION('',(-1.,0.,0.));
#1630=VECTOR('',#1629,16.);
#1631=LINE('',#1628,#1630);
#1632=EDGE_CURVE('',#845,#1621,#1631,.T.);
#1633=ORIENTED_EDGE('',*,*,#1632,.F.);
#1634=ORIENTED_EDGE('',*,*,#850,.F.);
#1635=CARTESIAN_POINT('',(15.,1.,0.8));
#1636=VERTEX_POINT('',#1635);
#1637=CARTESIAN_POINT('',(15.,1.,0.8));
#1638=DIRECTION('',(1.,0.,-0.));
#1639=VECTOR('',#1638,1.);
#1640=LINE('',#1637,#1639);
#1641=EDGE_CURVE('',#1636,#837,#1640,.T.);
#1642=ORIENTED_EDGE('',*,*,#1641,.F.);
#1643=CARTESIAN_POINT('',(15.,2.,0.8));
#1644=DIRECTION('',(0.,-1.,0.));
#1645=VECTOR('',#1644,1.);
#1646=LINE('',#1643,#1645);
#1647=EDGE_CURVE('',#1187,#1636,#1646,.T.);
#1648=ORIENTED_EDGE('',*,*,#1647,.F.);
#1649=EDGE_LOOP('',(#1193,#1194,#1202,#1210,#1216,#1217,#1225,#1233,#1239,#1240,#1248,#1256,#1262,#1263,#1271,#1279,#1285,#1286,#1294,#1302,#1308,#1309,#1317,#1325,#1331,#1332,
#1340,#1348,#1356,#1364,#1372,#1380,#1388,#1396,#1404,#1412,#1420,#1428,#1434,#1435,#1443,#1451,#1459,#1467,#1475,#1483,#1491,#1499,#1507,#1515,#1523,
#1531,#1539,#1547,#1555,#1563,#1571,#1579,#1587,#1595,#1603,#1611,#1619,#1627,#1633,#1634,#1642,#1648));
#1650=FACE_BOUND('',#1649,.T.);
#1651=ADVANCED_FACE('',(#1650),#1185,.T.);
#1652=CARTESIAN_POINT('',(0.,0.,0.));
#1653=DIRECTION('',(0.,0.,1.));
#1654=DIRECTION('',(1.,0.,0.));
#1655=AXIS2_PLACEMENT_3D('',#1652,#1653,#1654);
#1656=PLANE('',#1655);
#1657=CARTESIAN_POINT('',(15.,2.,0.));
#1658=VERTEX_POINT('',#1657);
#1659=CARTESIAN_POINT('',(15.,1.,0.));
#1660=VERTEX_POINT('',#1659);
#1661=CARTESIAN_POINT('',(15.,2.,0.));
#1662=DIRECTION('',(0.,-1.,0.));
#1663=VECTOR('',#1662,1.);
#1664=LINE('',#1661,#1663);
#1665=EDGE_CURVE('',#1658,#1660,#1664,.T.);
#1666=ORIENTED_EDGE('',*,*,#1665,.T.);
#1667=CARTESIAN_POINT('',(15.,1.,0.));
#1668=DIRECTION('',(1.,0.,-0.));
#1669=VECTOR('',#1668,1.);
#1670=LINE('',#1667,#1669);
#1671=EDGE_CURVE('',#1660,#827,#1670,.T.);
#1672=ORIENTED_EDGE('',*,*,#1671,.T.);
#1673=ORIENTED_EDGE('',*,*,#834,.T.);
#1674=CARTESIAN_POINT('',(0.,0.,0.));
#1675=VERTEX_POINT('',#1674);
#1676=CARTESIAN_POINT('',(16.,-0.,0.));
#1677=DIRECTION('',(-1.,0.,0.));
#1678=VECTOR('',#1677,16.);
#1679=LINE('',#1676,#1678);
#1680=EDGE_CURVE('',#829,#1675,#1679,.T.);
#1681=ORIENTED_EDGE('',*,*,#1680,.T.);
#1682=CARTESIAN_POINT('',(0.,1.,0.));
#1683=VERTEX_POINT('',#1682);
#1684=CARTESIAN_POINT('',(0.,0.,0.));
#1685=DIRECTION('',(0.,1.,0.));
#1686=VECTOR('',#1685,1.);
#1687=LINE('',#1684,#1686);
#1688=EDGE_CURVE('',#1675,#1683,#1687,.T.);
#1689=ORIENTED_EDGE('',*,*,#1688,.T.);
#1690=CARTESIAN_POINT('',(1.,1.,0.));
#1691=VERTEX_POINT('',#1690);
#1692=CARTESIAN_POINT('',(1.,1.,0.));
#1693=DIRECTION('',(-1.,0.,0.));
#1694=VECTOR('',#1693,1.);
#1695=LINE('',#1692,#1694);
#1696=EDGE_CURVE('',#1691,#1683,#1695,.T.);
#1697=ORIENTED_EDGE('',*,*,#1696,.F.);
#1698=CARTESIAN_POINT('',(1.,2.,0.));
#1699=VERTEX_POINT('',#1698);
#1700=CARTESIAN_POINT('',(1.,2.,0.));
#1701=DIRECTION('',(0.,-1.,0.));
#1702=VECTOR('',#1701,1.);
#1703=LINE('',#1700,#1702);
#1704=EDGE_CURVE('',#1699,#1691,#1703,.T.);
#1705=ORIENTED_EDGE('',*,*,#1704,.F.);
#1706=CARTESIAN_POINT('',(0.,2.,0.));
#1707=VERTEX_POINT('',#1706);
#1708=CARTESIAN_POINT('',(0.,2.,0.));
#1709=DIRECTION('',(1.,0.,-0.));
#1710=VECTOR('',#1709,1.);
#1711=LINE('',#1708,#1710);
#1712=EDGE_CURVE('',#1707,#1699,#1711,.T.);
#1713=ORIENTED_EDGE('',*,*,#1712,.F.);
#1714=CARTESIAN_POINT('',(0.,3.,0.));
#1715=VERTEX_POINT('',#1714);
#1716=CARTESIAN_POINT('',(0.,2.,0.));
#1717=DIRECTION('',(0.,1.,0.));
#1718=VECTOR('',#1717,1.);
#1719=LINE('',#1716,#1718);
#1720=EDGE_CURVE('',#1707,#1715,#1719,.T.);
#1721=ORIENTED_EDGE('',*,*,#1720,.T.);
#1722=CARTESIAN_POINT('',(1.,3.,0.));
#1723=VERTEX_POINT('',#1722);
#1724=CARTESIAN_POINT('',(1.,3.,0.));
#1725=DIRECTION('',(-1.,0.,0.));
#1726=VECTOR('',#1725,1.);
#1727=LINE('',#1724,#1726);
#1728=EDGE_CURVE('',#1723,#1715,#1727,.T.);
#1729=ORIENTED_EDGE('',*,*,#1728,.F.);
#1730=CARTESIAN_POINT('',(1.,4.,0.));
#1731=VERTEX_POINT('',#1730);
#1732=CARTESIAN_POINT('',(1.,4.,0.));
#1733=DIRECTION('',(0.,-1.,0.));
#1734=VECTOR('',#1733,1.);
#1735=LINE('',#1732,#1734);
#1736=EDGE_CURVE('',#1731,#1723,#1735,.T.);
#1737=ORIENTED_EDGE('',*,*,#1736,.F.);
#1738=CARTESIAN_POINT('',(0.,4.,0.));
#1739=VERTEX_POINT('',#1738);
#1740=CARTESIAN_POINT('',(0.,4.,0.));
#1741=DIRECTION('',(1.,0.,-0.));
#1742=VECTOR('',#1741,1.);
#1743=LINE('',#1740,#1742);
#1744=EDGE_CURVE('',#1739,#1731,#1743,.T.);
#1745=ORIENTED_EDGE('',*,*,#1744,.F.);
#1746=CARTESIAN_POINT('',(0.,5.,0.));
#1747=VERTEX_POINT('',#1746);
#1748=CARTESIAN_POINT('',(0.,4.,0.));
#1749=DIRECTION('',(0.,1.,0.));
#1750=VECTOR('',#1749,1.);
#1751=LINE('',#1748,#1750);
#1752=EDGE_CURVE('',#1739,#1747,#1751,.T.);
#1753=ORIENTED_EDGE('',*,*,#1752,.T.);
#1754=CARTESIAN_POINT('',(1.,5.,0.));
#1755=VERTEX_POINT('',#1754);
#1756=CARTESIAN_POINT('',(1.,5.,0.));
#1757=DIRECTION('',(-1.,0.,0.));
#1758=VECTOR('',#1757,1.);
#1759=LINE('',#1756,#1758);
#1760=EDGE_CURVE('',#1755,#1747,#1759,.T.);
#1761=ORIENTED_EDGE('',*,*,#1760,.F.);
#1762=CARTESIAN_POINT('',(1.,6.,0.));
#1763=VERTEX_POINT('',#1762);
#1764=CARTESIAN_POINT('',(1.,6.,0.));
#1765=DIRECTION('',(0.,-1.,0.));
#1766=VECTOR('',#1765,1.);
#1767=LINE('',#1764,#1766);
#1768=EDGE_CURVE('',#1763,#1755,#1767,.T.);
#1769=ORIENTED_EDGE('',*,*,#1768,.F.);
#1770=CARTESIAN_POINT('',(0.,6.,0.));
#1771=VERTEX_POINT('',#1770);
#1772=CARTESIAN_POINT('',(0.,6.,0.));
#1773=DIRECTION('',(1.,0.,-0.));
#1774=VECTOR('',#1773,1.);
#1775=LINE('',#1772,#1774);
#1776=EDGE_CURVE('',#1771,#1763,#1775,.T.);
#1777=ORIENTED_EDGE('',*,*,#1776,.F.);
#1778=CARTESIAN_POINT('',(0.,7.,0.));
#1779=VERTEX_POINT('',#1778);
#1780=CARTESIAN_POINT('',(0.,6.,0.));
#1781=DIRECTION('',(0.,1.,0.));
#1782=VECTOR('',#1781,1.);
#1783=LINE('',#1780,#1782);
#1784=EDGE_CURVE('',#1771,#1779,#1783,.T.);
#1785=ORIENTED_EDGE('',*,*,#1784,.T.);
#1786=CARTESIAN_POINT('',(1.,7.,0.));
#1787=VERTEX_POINT('',#1786);
#1788=CARTESIAN_POINT('',(1.,7.,0.));
#1789=DIRECTION('',(-1.,0.,0.));
#1790=VECTOR('',#1789,1.);
#1791=LINE('',#1788,#1790);
#1792=EDGE_CURVE('',#1787,#1779,#1791,.T.);
#1793=ORIENTED_EDGE('',*,*,#1792,.F.);
#1794=CARTESIAN_POINT('',(1.,8.,0.));
#1795=VERTEX_POINT('',#1794);
#1796=CARTESIAN_POINT('',(1.,8.,0.));
#1797=DIRECTION('',(0.,-1.,0.));
#1798=VECTOR('',#1797,1.);
#1799=LINE('',#1796,#1798);
#1800=EDGE_CURVE('',#1795,#1787,#1799,.T.);
#1801=ORIENTED_EDGE('',*,*,#1800,.F.);
#1802=CARTESIAN_POINT('',(0.,8.,0.));
#1803=VERTEX_POINT('',#1802);
#1804=CARTESIAN_POINT('',(0.,8.,0.));
#1805=DIRECTION('',(1.,0.,-0.));
#1806=VECTOR('',#1805,1.);
#1807=LINE('',#1804,#1806);
#1808=EDGE_CURVE('',#1803,#1795,#1807,.T.);
#1809=ORIENTED_EDGE('',*,*,#1808,.F.);
#1810=CARTESIAN_POINT('',(0.,9.,0.));
#1811=VERTEX_POINT('',#1810);
#1812=CARTESIAN_POINT('',(0.,8.,0.));
#1813=DIRECTION('',(0.,1.,0.));
#1814=VECTOR('',#1813,1.);
#1815=LINE('',#1812,#1814);
#1816=EDGE_CURVE('',#1803,#1811,#1815,.T.);
#1817=ORIENTED_EDGE('',*,*,#1816,.T.);
#1818=CARTESIAN_POINT('',(1.,9.,0.));
#1819=VERTEX_POINT('',#1818);
#1820=CARTESIAN_POINT('',(1.,9.,0.));
#1821=DIRECTION('',(-1.,0.,0.));
#1822=VECTOR('',#1821,1.);
#1823=LINE('',#1820,#1822);
#1824=EDGE_CURVE('',#1819,#1811,#1823,.T.);
#1825=ORIENTED_EDGE('',*,*,#1824,.F.);
#1826=CARTESIAN_POINT('',(1.,10.,0.));
#1827=VERTEX_POINT('',#1826);
#1828=CARTESIAN_POINT('',(1.,10.,0.));
#1829=DIRECTION('',(0.,-1.,0.));
#1830=VECTOR('',#1829,1.);
#1831=LINE('',#1828,#1830);
#1832=EDGE_CURVE('',#1827,#1819,#1831,.T.);
#1833=ORIENTED_EDGE('',*,*,#1832,.F.);
#1834=CARTESIAN_POINT('',(0.,10.,0.));
#1835=VERTEX_POINT('',#1834);
#1836=CARTESIAN_POINT('',(0.,10.,0.));
#1837=DIRECTION('',(1.,0.,-0.));
#1838=VECTOR('',#1837,1.);
#1839=LINE('',#1836,#1838);
#1840=EDGE_CURVE('',#1835,#1827,#1839,.T.);
#1841=ORIENTED_EDGE('',*,*,#1840,.F.);
#1842=CARTESIAN_POINT('',(0.,11.,0.));
#1843=VERTEX_POINT('',#1842);
#1844=CARTESIAN_POINT('',(0.,10.,0.));
#1845=DIRECTION('',(0.,1.,0.));
#1846=VECTOR('',#1845,1.);
#1847=LINE('',#1844,#1846);
#1848=EDGE_CURVE('',#1835,#1843,#1847,.T.);
#1849=ORIENTED_EDGE('',*,*,#1848,.T.);
#1850=CARTESIAN_POINT('',(1.,11.,0.));
#1851=VERTEX_POINT('',#1850);
#1852=CARTESIAN_POINT('',(1.,11.,0.));
#1853=DIRECTION('',(-1.,0.,0.));
#1854=VECTOR('',#1853,1.);
#1855=LINE('',#1852,#1854);
#1856=EDGE_CURVE('',#1851,#1843,#1855,.T.);
#1857=ORIENTED_EDGE('',*,*,#1856,.F.);
#1858=CARTESIAN_POINT('',(1.,12.,0.));
#1859=VERTEX_POINT('',#1858);
#1860=CARTESIAN_POINT('',(1.,12.,0.));
#1861=DIRECTION('',(0.,-1.,0.));
#1862=VECTOR('',#1861,1.);
#1863=LINE('',#1860,#1862);
#1864=EDGE_CURVE('',#1859,#1851,#1863,.T.);
#1865=ORIENTED_EDGE('',*,*,#1864,.F.);
#1866=CARTESIAN_POINT('',(0.,12.,0.));
#1867=DIRECTION('',(1.,0.,-0.));
#1868=VECTOR('',#1867,1.);
#1869=LINE('',#1866,#1868);
#1870=EDGE_CURVE('',#1147,#1859,#1869,.T.);
#1871=ORIENTED_EDGE('',*,*,#1870,.F.);
#1872=ORIENTED_EDGE('',*,*,#1154,.T.);
#1873=CARTESIAN_POINT('',(1.,13.,0.));
#1874=VERTEX_POINT('',#1873);
#1875=CARTESIAN_POINT('',(1.,13.,0.));
#1876=DIRECTION('',(-1.,0.,0.));
#1877=VECTOR('',#1876,1.);
#1878=LINE('',#1875,#1877);
#1879=EDGE_CURVE('',#1874,#1149,#1878,.T.);
#1880=ORIENTED_EDGE('',*,*,#1879,.F.);
#1881=CARTESIAN_POINT('',(1.,14.,0.));
#1882=VERTEX_POINT('',#1881);
#1883=CARTESIAN_POINT('',(1.,14.,0.));
#1884=DIRECTION('',(0.,-1.,0.));
#1885=VECTOR('',#1884,1.);
#1886=LINE('',#1883,#1885);
#1887=EDGE_CURVE('',#1882,#1874,#1886,.T.);
#1888=ORIENTED_EDGE('',*,*,#1887,.F.);
#1889=CARTESIAN_POINT('',(0.,14.,0.));
#1890=VERTEX_POINT('',#1889);
#1891=CARTESIAN_POINT('',(0.,14.,0.));
#1892=DIRECTION('',(1.,0.,-0.));
#1893=VECTOR('',#1892,1.);
#1894=LINE('',#1891,#1893);
#1895=EDGE_CURVE('',#1890,#1882,#1894,.T.);
#1896=ORIENTED_EDGE('',*,*,#1895,.F.);
#1897=CARTESIAN_POINT('',(0.,15.,0.));
#1898=VERTEX_POINT('',#1897);
#1899=CARTESIAN_POINT('',(0.,14.,0.));
#1900=DIRECTION('',(0.,1.,0.));
#1901=VECTOR('',#1900,1.);
#1902=LINE('',#1899,#1901);
#1903=EDGE_CURVE('',#1890,#1898,#1902,.T.);
#1904=ORIENTED_EDGE('',*,*,#1903,.T.);
#1905=CARTESIAN_POINT('',(1.,15.,0.));
#1906=VERTEX_POINT('',#1905);
#1907=CARTESIAN_POINT('',(1.,15.,0.));
#1908=DIRECTION('',(-1.,0.,0.));
#1909=VECTOR('',#1908,1.);
#1910=LINE('',#1907,#1909);
#1911=EDGE_CURVE('',#1906,#1898,#1910,.T.);
#1912=ORIENTED_EDGE('',*,*,#1911,.F.);
#1913=CARTESIAN_POINT('',(1.,16.,0.));
#1914=VERTEX_POINT('',#1913);
#1915=CARTESIAN_POINT('',(1.,16.,0.));
#1916=DIRECTION('',(0.,-1.,0.));
#1917=VECTOR('',#1916,1.);
#1918=LINE('',#1915,#1917);
#1919=EDGE_CURVE('',#1914,#1906,#1918,.T.);
#1920=ORIENTED_EDGE('',*,*,#1919,.F.);
#1921=CARTESIAN_POINT('',(0.,16.,0.));
#1922=VERTEX_POINT('',#1921);
#1923=CARTESIAN_POINT('',(0.,16.,0.));
#1924=DIRECTION('',(1.,0.,-0.));
#1925=VECTOR('',#1924,1.);
#1926=LINE('',#1923,#1925);
#1927=EDGE_CURVE('',#1922,#1914,#1926,.T.);
#1928=ORIENTED_EDGE('',*,*,#1927,.F.);
#1929=CARTESIAN_POINT('',(0.,17.,0.));
#1930=VERTEX_POINT('',#1929);
#1931=CARTESIAN_POINT('',(0.,16.,0.));
#1932=DIRECTION('',(0.,1.,0.));
#1933=VECTOR('',#1932,1.);
#1934=LINE('',#1931,#1933);
#1935=EDGE_CURVE('',#1922,#1930,#1934,.T.);
#1936=ORIENTED_EDGE('',*,*,#1935,.T.);
#1937=CARTESIAN_POINT('',(16.,17.,0.));
#1938=VERTEX_POINT('',#1937);
#1939=CARTESIAN_POINT('',(0.,17.,0.));
#1940=DIRECTION('',(1.,-0.,0.));
#1941=VECTOR('',#1940,16.);
#1942=LINE('',#1939,#1941);
#1943=EDGE_CURVE('',#1930,#1938,#1942,.T.);
#1944=ORIENTED_EDGE('',*,*,#1943,.T.);
#1945=CARTESIAN_POINT('',(16.,16.,0.));
#1946=VERTEX_POINT('',#1945);
#1947=CARTESIAN_POINT('',(16.,17.,0.));
#1948=DIRECTION('',(-0.,-1.,0.));
#1949=VECTOR('',#1948,1.);
#1950=LINE('',#1947,#1949);
#1951=EDGE_CURVE('',#1938,#1946,#1950,.T.);
#1952=ORIENTED_EDGE('',*,*,#1951,.T.);
#1953=CARTESIAN_POINT('',(15.,16.,0.));
#1954=VERTEX_POINT('',#1953);
#1955=CARTESIAN_POINT('',(16.,16.,0.));
#1956=DIRECTION('',(-1.,0.,0.));
#1957=VECTOR('',#1956,1.);
#1958=LINE('',#1955,#1957);
#1959=EDGE_CURVE('',#1946,#1954,#1958,.T.);
#1960=ORIENTED_EDGE('',*,*,#1959,.T.);
#1961=CARTESIAN_POINT('',(15.,15.,0.));
#1962=VERTEX_POINT('',#1961);
#1963=CARTESIAN_POINT('',(15.,16.,0.));
#1964=DIRECTION('',(0.,-1.,0.));
#1965=VECTOR('',#1964,1.);
#1966=LINE('',#1963,#1965);
#1967=EDGE_CURVE('',#1954,#1962,#1966,.T.);
#1968=ORIENTED_EDGE('',*,*,#1967,.T.);
#1969=CARTESIAN_POINT('',(15.,15.,0.));
#1970=DIRECTION('',(1.,0.,-0.));
#1971=VECTOR('',#1970,1.);
#1972=LINE('',#1969,#1971);
#1973=EDGE_CURVE('',#1962,#1027,#1972,.T.);
#1974=ORIENTED_EDGE('',*,*,#1973,.T.);
#1975=ORIENTED_EDGE('',*,*,#1034,.T.);
#1976=CARTESIAN_POINT('',(15.,14.,0.));
#1977=VERTEX_POINT('',#1976);
#1978=CARTESIAN_POINT('',(16.,14.,0.));
#1979=DIRECTION('',(-1.,0.,0.));
#1980=VECTOR('',#1979,1.);
#1981=LINE('',#1978,#1980);
#1982=EDGE_CURVE('',#1029,#1977,#1981,.T.);
#1983=ORIENTED_EDGE('',*,*,#1982,.T.);
#1984=CARTESIAN_POINT('',(15.,13.,0.));
#1985=VERTEX_POINT('',#1984);
#1986=CARTESIAN_POINT('',(15.,14.,0.));
#1987=DIRECTION('',(0.,-1.,0.));
#1988=VECTOR('',#1987,1.);
#1989=LINE('',#1986,#1988);
#1990=EDGE_CURVE('',#1977,#1985,#1989,.T.);
#1991=ORIENTED_EDGE('',*,*,#1990,.T.);
#1992=CARTESIAN_POINT('',(15.,13.,0.));
#1993=DIRECTION('',(1.,0.,-0.));
#1994=VECTOR('',#1993,1.);
#1995=LINE('',#1992,#1994);
#1996=EDGE_CURVE('',#1985,#1067,#1995,.T.);
#1997=ORIENTED_EDGE('',*,*,#1996,.T.);
#1998=ORIENTED_EDGE('',*,*,#1074,.T.);
#1999=CARTESIAN_POINT('',(15.,12.,0.));
#2000=VERTEX_POINT('',#1999);
#2001=CARTESIAN_POINT('',(16.,12.,0.));
#2002=DIRECTION('',(-1.,0.,0.));
#2003=VECTOR('',#2002,1.);
#2004=LINE('',#2001,#2003);
#2005=EDGE_CURVE('',#1069,#2000,#2004,.T.);
#2006=ORIENTED_EDGE('',*,*,#2005,.T.);
#2007=CARTESIAN_POINT('',(15.,11.,0.));
#2008=VERTEX_POINT('',#2007);
#2009=CARTESIAN_POINT('',(15.,12.,0.));
#2010=DIRECTION('',(0.,-1.,0.));
#2011=VECTOR('',#2010,1.);
#2012=LINE('',#2009,#2011);
#2013=EDGE_CURVE('',#2000,#2008,#2012,.T.);
#2014=ORIENTED_EDGE('',*,*,#2013,.T.);
#2015=CARTESIAN_POINT('',(15.,11.,0.));
#2016=DIRECTION('',(1.,0.,-0.));
#2017=VECTOR('',#2016,1.);
#2018=LINE('',#2015,#2017);
#2019=EDGE_CURVE('',#2008,#1117,#2018,.T.);
#2020=ORIENTED_EDGE('',*,*,#2019,.T.);
#2021=ORIENTED_EDGE('',*,*,#1122,.T.);
#2022=CARTESIAN_POINT('',(15.,10.,0.));
#2023=VERTEX_POINT('',#2022);
#2024=CARTESIAN_POINT('',(16.,10.,0.));
#2025=DIRECTION('',(-1.,0.,0.));
#2026=VECTOR('',#2025,1.);
#2027=LINE('',#2024,#2026);
#2028=EDGE_CURVE('',#1107,#2023,#2027,.T.);
#2029=ORIENTED_EDGE('',*,*,#2028,.T.);
#2030=CARTESIAN_POINT('',(15.,9.,0.));
#2031=VERTEX_POINT('',#2030);
#2032=CARTESIAN_POINT('',(15.,10.,0.));
#2033=DIRECTION('',(0.,-1.,0.));
#2034=VECTOR('',#2033,1.);
#2035=LINE('',#2032,#2034);
#2036=EDGE_CURVE('',#2023,#2031,#2035,.T.);
#2037=ORIENTED_EDGE('',*,*,#2036,.T.);
#2038=CARTESIAN_POINT('',(15.,9.,0.));
#2039=DIRECTION('',(1.,0.,-0.));
#2040=VECTOR('',#2039,1.);
#2041=LINE('',#2038,#2040);
#2042=EDGE_CURVE('',#2031,#907,#2041,.T.);
#2043=ORIENTED_EDGE('',*,*,#2042,.T.);
#2044=ORIENTED_EDGE('',*,*,#914,.T.);
#2045=CARTESIAN_POINT('',(15.,8.,0.));
#2046=VERTEX_POINT('',#2045);
#2047=CARTESIAN_POINT('',(16.,8.,0.));
#2048=DIRECTION('',(-1.,0.,0.));
#2049=VECTOR('',#2048,1.);
#2050=LINE('',#2047,#2049);
#2051=EDGE_CURVE('',#909,#2046,#2050,.T.);
#2052=ORIENTED_EDGE('',*,*,#2051,.T.);
#2053=CARTESIAN_POINT('',(15.,7.,0.));
#2054=VERTEX_POINT('',#2053);
#2055=CARTESIAN_POINT('',(15.,8.,0.));
#2056=DIRECTION('',(0.,-1.,0.));
#2057=VECTOR('',#2056,1.);
#2058=LINE('',#2055,#2057);
#2059=EDGE_CURVE('',#2046,#2054,#2058,.T.);
#2060=ORIENTED_EDGE('',*,*,#2059,.T.);
#2061=CARTESIAN_POINT('',(15.,7.,0.));
#2062=DIRECTION('',(1.,0.,-0.));
#2063=VECTOR('',#2062,1.);
#2064=LINE('',#2061,#2063);
#2065=EDGE_CURVE('',#2054,#947,#2064,.T.);
#2066=ORIENTED_EDGE('',*,*,#2065,.T.);
#2067=ORIENTED_EDGE('',*,*,#954,.T.);
#2068=CARTESIAN_POINT('',(15.,6.,0.));
#2069=VERTEX_POINT('',#2068);
#2070=CARTESIAN_POINT('',(16.,6.,0.));
#2071=DIRECTION('',(-1.,0.,0.));
#2072=VECTOR('',#2071,1.);
#2073=LINE('',#2070,#2072);
#2074=EDGE_CURVE('',#949,#2069,#2073,.T.);
#2075=ORIENTED_EDGE('',*,*,#2074,.T.);
#2076=CARTESIAN_POINT('',(15.,5.,0.));
#2077=VERTEX_POINT('',#2076);
#2078=CARTESIAN_POINT('',(15.,6.,0.));
#2079=DIRECTION('',(0.,-1.,0.));
#2080=VECTOR('',#2079,1.);
#2081=LINE('',#2078,#2080);
#2082=EDGE_CURVE('',#2069,#2077,#2081,.T.);
#2083=ORIENTED_EDGE('',*,*,#2082,.T.);
#2084=CARTESIAN_POINT('',(15.,5.,0.));
#2085=DIRECTION('',(1.,0.,-0.));
#2086=VECTOR('',#2085,1.);
#2087=LINE('',#2084,#2086);
#2088=EDGE_CURVE('',#2077,#997,#2087,.T.);
#2089=ORIENTED_EDGE('',*,*,#2088,.T.);
#2090=ORIENTED_EDGE('',*,*,#1002,.T.);
#2091=CARTESIAN_POINT('',(15.,4.,0.));
#2092=VERTEX_POINT('',#2091);
#2093=CARTESIAN_POINT('',(16.,4.,0.));
#2094=DIRECTION('',(-1.,0.,0.));
#2095=VECTOR('',#2094,1.);
#2096=LINE('',#2093,#2095);
#2097=EDGE_CURVE('',#987,#2092,#2096,.T.);
#2098=ORIENTED_EDGE('',*,*,#2097,.T.);
#2099=CARTESIAN_POINT('',(15.,3.,0.));
#2100=VERTEX_POINT('',#2099);
#2101=CARTESIAN_POINT('',(15.,4.,0.));
#2102=DIRECTION('',(0.,-1.,0.));
#2103=VECTOR('',#2102,1.);
#2104=LINE('',#2101,#2103);
#2105=EDGE_CURVE('',#2092,#2100,#2104,.T.);
#2106=ORIENTED_EDGE('',*,*,#2105,.T.);
#2107=CARTESIAN_POINT('',(15.,3.,0.));
#2108=DIRECTION('',(1.,0.,-0.));
#2109=VECTOR('',#2108,1.);
#2110=LINE('',#2107,#2109);
#2111=EDGE_CURVE('',#2100,#877,#2110,.T.);
#2112=ORIENTED_EDGE('',*,*,#2111,.T.);
#2113=ORIENTED_EDGE('',*,*,#882,.T.);
#2114=CARTESIAN_POINT('',(16.,2.,0.));
#2115=DIRECTION('',(-1.,0.,0.));
#2116=VECTOR('',#2115,1.);
#2117=LINE('',#2114,#2116);
#2118=EDGE_CURVE('',#867,#1658,#2117,.T.);
#2119=ORIENTED_EDGE('',*,*,#2118,.T.);
#2120=EDGE_LOOP('',(#1666,#1672,#1673,#1681,#1689,#1697,#1705,#1713,#1721,#1729,#1737,#1745,#1753,#1761,#1769,#1777,#1785,#1793,#1801,#1809,#1817,#1825,#1833,#1841,#1849,#1857,
#1865,#1871,#1872,#1880,#1888,#1896,#1904,#1912,#1920,#1928,#1936,#1944,#1952,#1960,#1968,#1974,#1975,#1983,#1991,#1997,#1998,#2006,#2014,#2020,#2021,
#2029,#2037,#2043,#2044,#2052,#2060,#2066,#2067,#2075,#2083,#2089,#2090,#2098,#2106,#2112,#2113,#2119));
#2121=FACE_BOUND('',#2120,.T.);
#2122=ADVANCED_FACE('',(#2121),#1656,.F.);
#2123=CARTESIAN_POINT('',(0.,8.5,0.8));
#2124=DIRECTION('',(-1.,0.,0.));
#2125=DIRECTION('',(-0.,-1.,0.));
#2126=AXIS2_PLACEMENT_3D('',#2123,#2124,#2125);
#2127=PLANE('',#2126);
#2128=CARTESIAN_POINT('',(0.,11.,0.));
#2129=DIRECTION('',(0.,0.,1.));
#2130=VECTOR('',#2129,0.8);
#2131=LINE('',#2128,#2130);
#2132=EDGE_CURVE('',#1843,#1453,#2131,.T.);
#2133=ORIENTED_EDGE('',*,*,#2132,.F.);
#2134=ORIENTED_EDGE('',*,*,#1848,.F.);
#2135=CARTESIAN_POINT('',(0.,10.,0.));
#2136=DIRECTION('',(0.,0.,1.));
#2137=VECTOR('',#2136,0.8);
#2138=LINE('',#2135,#2137);
#2139=EDGE_CURVE('',#1835,#1461,#2138,.T.);
#2140=ORIENTED_EDGE('',*,*,#2139,.T.);
#2141=ORIENTED_EDGE('',*,*,#1466,.T.);
#2142=EDGE_LOOP('',(#2133,#2134,#2140,#2141));
#2143=FACE_BOUND('',#2142,.T.);
#2144=ADVANCED_FACE('',(#2143),#2127,.T.);
#2145=CARTESIAN_POINT('',(0.,8.5,0.8));
#2146=DIRECTION('',(-1.,0.,0.));
#2147=DIRECTION('',(-0.,-1.,0.));
#2148=AXIS2_PLACEMENT_3D('',#2145,#2146,#2147);
#2149=PLANE('',#2148);
#2150=ORIENTED_EDGE('',*,*,#1903,.F.);
#2151=CARTESIAN_POINT('',(0.,14.,0.));
#2152=DIRECTION('',(0.,0.,1.));
#2153=VECTOR('',#2152,0.8);
#2154=LINE('',#2151,#2153);
#2155=EDGE_CURVE('',#1890,#1406,#2154,.T.);
#2156=ORIENTED_EDGE('',*,*,#2155,.T.);
#2157=ORIENTED_EDGE('',*,*,#1411,.T.);
#2158=CARTESIAN_POINT('',(0.,15.,0.));
#2159=DIRECTION('',(0.,0.,1.));
#2160=VECTOR('',#2159,0.8);
#2161=LINE('',#2158,#2160);
#2162=EDGE_CURVE('',#1898,#1398,#2161,.T.);
#2163=ORIENTED_EDGE('',*,*,#2162,.F.);
#2164=EDGE_LOOP('',(#2150,#2156,#2157,#2163));
#2165=FACE_BOUND('',#2164,.T.);
#2166=ADVANCED_FACE('',(#2165),#2149,.T.);
#2167=CARTESIAN_POINT('',(0.,8.5,0.8));
#2168=DIRECTION('',(-1.,0.,0.));
#2169=DIRECTION('',(-0.,-1.,0.));
#2170=AXIS2_PLACEMENT_3D('',#2167,#2168,#2169);
#2171=PLANE('',#2170);
#2172=ORIENTED_EDGE('',*,*,#1935,.F.);
#2173=CARTESIAN_POINT('',(0.,16.,0.));
#2174=DIRECTION('',(0.,0.,1.));
#2175=VECTOR('',#2174,0.8);
#2176=LINE('',#2173,#2175);
#2177=EDGE_CURVE('',#1922,#1374,#2176,.T.);
#2178=ORIENTED_EDGE('',*,*,#2177,.T.);
#2179=ORIENTED_EDGE('',*,*,#1379,.T.);
#2180=CARTESIAN_POINT('',(0.,17.,0.8));
#2181=DIRECTION('',(0.,0.,-1.));
#2182=VECTOR('',#2181,0.8);
#2183=LINE('',#2180,#2182);
#2184=EDGE_CURVE('',#1366,#1930,#2183,.T.);
#2185=ORIENTED_EDGE('',*,*,#2184,.T.);
#2186=EDGE_LOOP('',(#2172,#2178,#2179,#2185));
#2187=FACE_BOUND('',#2186,.T.);
#2188=ADVANCED_FACE('',(#2187),#2171,.T.);
#2189=CARTESIAN_POINT('',(0.,8.5,0.8));
#2190=DIRECTION('',(-1.,0.,0.));
#2191=DIRECTION('',(-0.,-1.,0.));
#2192=AXIS2_PLACEMENT_3D('',#2189,#2190,#2191);
#2193=PLANE('',#2192);
#2194=ORIENTED_EDGE('',*,*,#1752,.F.);
#2195=CARTESIAN_POINT('',(0.,4.,0.));
#2196=DIRECTION('',(0.,0.,1.));
#2197=VECTOR('',#2196,0.8);
#2198=LINE('',#2195,#2197);
#2199=EDGE_CURVE('',#1739,#1557,#2198,.T.);
#2200=ORIENTED_EDGE('',*,*,#2199,.T.);
#2201=ORIENTED_EDGE('',*,*,#1562,.T.);
#2202=CARTESIAN_POINT('',(0.,5.,0.));
#2203=DIRECTION('',(0.,0.,1.));
#2204=VECTOR('',#2203,0.8);
#2205=LINE('',#2202,#2204);
#2206=EDGE_CURVE('',#1747,#1549,#2205,.T.);
#2207=ORIENTED_EDGE('',*,*,#2206,.F.);
#2208=EDGE_LOOP('',(#2194,#2200,#2201,#2207));
#2209=FACE_BOUND('',#2208,.T.);
#2210=ADVANCED_FACE('',(#2209),#2193,.T.);
#2211=CARTESIAN_POINT('',(0.,8.5,0.8));
#2212=DIRECTION('',(-1.,0.,0.));
#2213=DIRECTION('',(-0.,-1.,0.));
#2214=AXIS2_PLACEMENT_3D('',#2211,#2212,#2213);
#2215=PLANE('',#2214);
#2216=CARTESIAN_POINT('',(0.,9.,0.));
#2217=DIRECTION('',(0.,0.,1.));
#2218=VECTOR('',#2217,0.8);
#2219=LINE('',#2216,#2218);
#2220=EDGE_CURVE('',#1811,#1485,#2219,.T.);
#2221=ORIENTED_EDGE('',*,*,#2220,.F.);
#2222=ORIENTED_EDGE('',*,*,#1816,.F.);
#2223=CARTESIAN_POINT('',(0.,8.,0.));
#2224=DIRECTION('',(0.,0.,1.));
#2225=VECTOR('',#2224,0.8);
#2226=LINE('',#2223,#2225);
#2227=EDGE_CURVE('',#1803,#1493,#2226,.T.);
#2228=ORIENTED_EDGE('',*,*,#2227,.T.);
#2229=ORIENTED_EDGE('',*,*,#1498,.T.);
#2230=EDGE_LOOP('',(#2221,#2222,#2228,#2229));
#2231=FACE_BOUND('',#2230,.T.);
#2232=ADVANCED_FACE('',(#2231),#2215,.T.);
#2233=CARTESIAN_POINT('',(0.,8.5,0.8));
#2234=DIRECTION('',(-1.,0.,0.));
#2235=DIRECTION('',(-0.,-1.,0.));
#2236=AXIS2_PLACEMENT_3D('',#2233,#2234,#2235);
#2237=PLANE('',#2236);
#2238=CARTESIAN_POINT('',(0.,3.,0.));
#2239=DIRECTION('',(0.,0.,1.));
#2240=VECTOR('',#2239,0.8);
#2241=LINE('',#2238,#2240);
#2242=EDGE_CURVE('',#1715,#1581,#2241,.T.);
#2243=ORIENTED_EDGE('',*,*,#2242,.F.);
#2244=ORIENTED_EDGE('',*,*,#1720,.F.);
#2245=CARTESIAN_POINT('',(0.,2.,0.));
#2246=DIRECTION('',(0.,0.,1.));
#2247=VECTOR('',#2246,0.8);
#2248=LINE('',#2245,#2247);
#2249=EDGE_CURVE('',#1707,#1589,#2248,.T.);
#2250=ORIENTED_EDGE('',*,*,#2249,.T.);
#2251=ORIENTED_EDGE('',*,*,#1594,.T.);
#2252=EDGE_LOOP('',(#2243,#2244,#2250,#2251));
#2253=FACE_BOUND('',#2252,.T.);
#2254=ADVANCED_FACE('',(#2253),#2237,.T.);
#2255=CARTESIAN_POINT('',(0.,8.5,0.8));
#2256=DIRECTION('',(-1.,0.,0.));
#2257=DIRECTION('',(-0.,-1.,0.));
#2258=AXIS2_PLACEMENT_3D('',#2255,#2256,#2257);
#2259=PLANE('',#2258);
#2260=CARTESIAN_POINT('',(0.,7.,0.));
#2261=DIRECTION('',(0.,0.,1.));
#2262=VECTOR('',#2261,0.8);
#2263=LINE('',#2260,#2262);
#2264=EDGE_CURVE('',#1779,#1517,#2263,.T.);
#2265=ORIENTED_EDGE('',*,*,#2264,.F.);
#2266=ORIENTED_EDGE('',*,*,#1784,.F.);
#2267=CARTESIAN_POINT('',(0.,6.,0.));
#2268=DIRECTION('',(0.,0.,1.));
#2269=VECTOR('',#2268,0.8);
#2270=LINE('',#2267,#2269);
#2271=EDGE_CURVE('',#1771,#1525,#2270,.T.);
#2272=ORIENTED_EDGE('',*,*,#2271,.T.);
#2273=ORIENTED_EDGE('',*,*,#1530,.T.);
#2274=EDGE_LOOP('',(#2265,#2266,#2272,#2273));
#2275=FACE_BOUND('',#2274,.T.);
#2276=ADVANCED_FACE('',(#2275),#2259,.T.);
#2277=CARTESIAN_POINT('',(16.,8.5,0.8));
#2278=DIRECTION('',(1.,-0.,0.));
#2279=DIRECTION('',(0.,1.,0.));
#2280=AXIS2_PLACEMENT_3D('',#2277,#2278,#2279);
#2281=PLANE('',#2280);
#2282=CARTESIAN_POINT('',(16.,16.,0.));
#2283=DIRECTION('',(0.,0.,1.));
#2284=VECTOR('',#2283,0.8);
#2285=LINE('',#2282,#2284);
#2286=EDGE_CURVE('',#1946,#1350,#2285,.T.);
#2287=ORIENTED_EDGE('',*,*,#2286,.F.);
#2288=ORIENTED_EDGE('',*,*,#1951,.F.);
#2289=CARTESIAN_POINT('',(16.,17.,0.8));
#2290=DIRECTION('',(0.,0.,-1.));
#2291=VECTOR('',#2290,0.8);
#2292=LINE('',#2289,#2291);
#2293=EDGE_CURVE('',#1358,#1938,#2292,.T.);
#2294=ORIENTED_EDGE('',*,*,#2293,.F.);
#2295=ORIENTED_EDGE('',*,*,#1363,.T.);
#2296=EDGE_LOOP('',(#2287,#2288,#2294,#2295));
#2297=FACE_BOUND('',#2296,.T.);
#2298=ADVANCED_FACE('',(#2297),#2281,.T.);
#2299=CARTESIAN_POINT('',(8.,17.,0.8));
#2300=DIRECTION('',(0.,1.,0.));
#2301=DIRECTION('',(-1.,0.,0.));
#2302=AXIS2_PLACEMENT_3D('',#2299,#2300,#2301);
#2303=PLANE('',#2302);
#2304=ORIENTED_EDGE('',*,*,#1943,.F.);
#2305=ORIENTED_EDGE('',*,*,#2184,.F.);
#2306=ORIENTED_EDGE('',*,*,#1371,.T.);
#2307=ORIENTED_EDGE('',*,*,#2293,.T.);
#2308=EDGE_LOOP('',(#2304,#2305,#2306,#2307));
#2309=FACE_BOUND('',#2308,.T.);
#2310=ADVANCED_FACE('',(#2309),#2303,.T.);
#2311=CARTESIAN_POINT('',(0.,8.5,0.8));
#2312=DIRECTION('',(-1.,0.,0.));
#2313=DIRECTION('',(-0.,-1.,0.));
#2314=AXIS2_PLACEMENT_3D('',#2311,#2312,#2313);
#2315=PLANE('',#2314);
#2316=CARTESIAN_POINT('',(0.,1.,0.));
#2317=DIRECTION('',(0.,0.,1.));
#2318=VECTOR('',#2317,0.8);
#2319=LINE('',#2316,#2318);
#2320=EDGE_CURVE('',#1683,#1613,#2319,.T.);
#2321=ORIENTED_EDGE('',*,*,#2320,.F.);
#2322=ORIENTED_EDGE('',*,*,#1688,.F.);
#2323=CARTESIAN_POINT('',(0.,0.,0.8));
#2324=DIRECTION('',(0.,0.,-1.));
#2325=VECTOR('',#2324,0.8);
#2326=LINE('',#2323,#2325);
#2327=EDGE_CURVE('',#1621,#1675,#2326,.T.);
#2328=ORIENTED_EDGE('',*,*,#2327,.F.);
#2329=ORIENTED_EDGE('',*,*,#1626,.T.);
#2330=EDGE_LOOP('',(#2321,#2322,#2328,#2329));
#2331=FACE_BOUND('',#2330,.T.);
#2332=ADVANCED_FACE('',(#2331),#2315,.T.);
#2333=CARTESIAN_POINT('',(8.,-0.,0.8));
#2334=DIRECTION('',(-0.,-1.,0.));
#2335=DIRECTION('',(1.,-0.,0.));
#2336=AXIS2_PLACEMENT_3D('',#2333,#2334,#2335);
#2337=PLANE('',#2336);
#2338=ORIENTED_EDGE('',*,*,#1680,.F.);
#2339=ORIENTED_EDGE('',*,*,#856,.F.);
#2340=ORIENTED_EDGE('',*,*,#1632,.T.);
#2341=ORIENTED_EDGE('',*,*,#2327,.T.);
#2342=EDGE_LOOP('',(#2338,#2339,#2340,#2341));
#2343=FACE_BOUND('',#2342,.T.);
#2344=ADVANCED_FACE('',(#2343),#2337,.T.);
#2345=CARTESIAN_POINT('',(0.5,5.,0.));
#2346=DIRECTION('',(0.,1.,0.));
#2347=DIRECTION('',(0.,0.,1.));
#2348=AXIS2_PLACEMENT_3D('',#2345,#2346,#2347);
#2349=PLANE('',#2348);
#2350=ORIENTED_EDGE('',*,*,#1554,.F.);
#2351=CARTESIAN_POINT('',(1.,5.,0.));
#2352=DIRECTION('',(0.,0.,1.));
#2353=VECTOR('',#2352,0.8);
#2354=LINE('',#2351,#2353);
#2355=EDGE_CURVE('',#1755,#1541,#2354,.T.);
#2356=ORIENTED_EDGE('',*,*,#2355,.F.);
#2357=ORIENTED_EDGE('',*,*,#1760,.T.);
#2358=ORIENTED_EDGE('',*,*,#2206,.T.);
#2359=EDGE_LOOP('',(#2350,#2356,#2357,#2358));
#2360=FACE_BOUND('',#2359,.T.);
#2361=ADVANCED_FACE('',(#2360),#2349,.T.);
#2362=CARTESIAN_POINT('',(1.,5.5,0.));
#2363=DIRECTION('',(-1.,0.,0.));
#2364=DIRECTION('',(0.,0.,1.));
#2365=AXIS2_PLACEMENT_3D('',#2362,#2363,#2364);
#2366=PLANE('',#2365);
#2367=ORIENTED_EDGE('',*,*,#1546,.F.);
#2368=CARTESIAN_POINT('',(1.,6.,0.));
#2369=DIRECTION('',(0.,0.,1.));
#2370=VECTOR('',#2369,0.8);
#2371=LINE('',#2368,#2370);
#2372=EDGE_CURVE('',#1763,#1533,#2371,.T.);
#2373=ORIENTED_EDGE('',*,*,#2372,.F.);
#2374=ORIENTED_EDGE('',*,*,#1768,.T.);
#2375=ORIENTED_EDGE('',*,*,#2355,.T.);
#2376=EDGE_LOOP('',(#2367,#2373,#2374,#2375));
#2377=FACE_BOUND('',#2376,.T.);
#2378=ADVANCED_FACE('',(#2377),#2366,.T.);
#2379=CARTESIAN_POINT('',(0.5,6.,0.));
#2380=DIRECTION('',(0.,-1.,0.));
#2381=DIRECTION('',(0.,0.,-1.));
#2382=AXIS2_PLACEMENT_3D('',#2379,#2380,#2381);
#2383=PLANE('',#2382);
#2384=ORIENTED_EDGE('',*,*,#1538,.F.);
#2385=ORIENTED_EDGE('',*,*,#2271,.F.);
#2386=ORIENTED_EDGE('',*,*,#1776,.T.);
#2387=ORIENTED_EDGE('',*,*,#2372,.T.);
#2388=EDGE_LOOP('',(#2384,#2385,#2386,#2387));
#2389=FACE_BOUND('',#2388,.T.);
#2390=ADVANCED_FACE('',(#2389),#2383,.T.);
#2391=CARTESIAN_POINT('',(0.5,2.,0.));
#2392=DIRECTION('',(0.,-1.,0.));
#2393=DIRECTION('',(0.,0.,-1.));
#2394=AXIS2_PLACEMENT_3D('',#2391,#2392,#2393);
#2395=PLANE('',#2394);
#2396=ORIENTED_EDGE('',*,*,#1602,.F.);
#2397=ORIENTED_EDGE('',*,*,#2249,.F.);
#2398=ORIENTED_EDGE('',*,*,#1712,.T.);
#2399=CARTESIAN_POINT('',(1.,2.,0.));
#2400=DIRECTION('',(0.,0.,1.));
#2401=VECTOR('',#2400,0.8);
#2402=LINE('',#2399,#2401);
#2403=EDGE_CURVE('',#1699,#1597,#2402,.T.);
#2404=ORIENTED_EDGE('',*,*,#2403,.T.);
#2405=EDGE_LOOP('',(#2396,#2397,#2398,#2404));
#2406=FACE_BOUND('',#2405,.T.);
#2407=ADVANCED_FACE('',(#2406),#2395,.T.);
#2408=CARTESIAN_POINT('',(0.5,1.,0.));
#2409=DIRECTION('',(0.,1.,0.));
#2410=DIRECTION('',(0.,0.,1.));
#2411=AXIS2_PLACEMENT_3D('',#2408,#2409,#2410);
#2412=PLANE('',#2411);
#2413=ORIENTED_EDGE('',*,*,#1618,.F.);
#2414=CARTESIAN_POINT('',(1.,1.,0.));
#2415=DIRECTION('',(0.,0.,1.));
#2416=VECTOR('',#2415,0.8);
#2417=LINE('',#2414,#2416);
#2418=EDGE_CURVE('',#1691,#1605,#2417,.T.);
#2419=ORIENTED_EDGE('',*,*,#2418,.F.);
#2420=ORIENTED_EDGE('',*,*,#1696,.T.);
#2421=ORIENTED_EDGE('',*,*,#2320,.T.);
#2422=EDGE_LOOP('',(#2413,#2419,#2420,#2421));
#2423=FACE_BOUND('',#2422,.T.);
#2424=ADVANCED_FACE('',(#2423),#2412,.T.);
#2425=CARTESIAN_POINT('',(1.,1.5,0.));
#2426=DIRECTION('',(-1.,0.,0.));
#2427=DIRECTION('',(0.,0.,1.));
#2428=AXIS2_PLACEMENT_3D('',#2425,#2426,#2427);
#2429=PLANE('',#2428);
#2430=ORIENTED_EDGE('',*,*,#1610,.F.);
#2431=ORIENTED_EDGE('',*,*,#2403,.F.);
#2432=ORIENTED_EDGE('',*,*,#1704,.T.);
#2433=ORIENTED_EDGE('',*,*,#2418,.T.);
#2434=EDGE_LOOP('',(#2430,#2431,#2432,#2433));
#2435=FACE_BOUND('',#2434,.T.);
#2436=ADVANCED_FACE('',(#2435),#2429,.T.);
#2437=CARTESIAN_POINT('',(0.5,8.,0.));
#2438=DIRECTION('',(0.,-1.,0.));
#2439=DIRECTION('',(0.,0.,-1.));
#2440=AXIS2_PLACEMENT_3D('',#2437,#2438,#2439);
#2441=PLANE('',#2440);
#2442=ORIENTED_EDGE('',*,*,#1506,.F.);
#2443=ORIENTED_EDGE('',*,*,#2227,.F.);
#2444=ORIENTED_EDGE('',*,*,#1808,.T.);
#2445=CARTESIAN_POINT('',(1.,8.,0.));
#2446=DIRECTION('',(0.,0.,1.));
#2447=VECTOR('',#2446,0.8);
#2448=LINE('',#2445,#2447);
#2449=EDGE_CURVE('',#1795,#1501,#2448,.T.);
#2450=ORIENTED_EDGE('',*,*,#2449,.T.);
#2451=EDGE_LOOP('',(#2442,#2443,#2444,#2450));
#2452=FACE_BOUND('',#2451,.T.);
#2453=ADVANCED_FACE('',(#2452),#2441,.T.);
#2454=CARTESIAN_POINT('',(0.5,7.,0.));
#2455=DIRECTION('',(0.,1.,0.));
#2456=DIRECTION('',(0.,0.,1.));
#2457=AXIS2_PLACEMENT_3D('',#2454,#2455,#2456);
#2458=PLANE('',#2457);
#2459=ORIENTED_EDGE('',*,*,#1522,.F.);
#2460=CARTESIAN_POINT('',(1.,7.,0.));
#2461=DIRECTION('',(0.,0.,1.));
#2462=VECTOR('',#2461,0.8);
#2463=LINE('',#2460,#2462);
#2464=EDGE_CURVE('',#1787,#1509,#2463,.T.);
#2465=ORIENTED_EDGE('',*,*,#2464,.F.);
#2466=ORIENTED_EDGE('',*,*,#1792,.T.);
#2467=ORIENTED_EDGE('',*,*,#2264,.T.);
#2468=EDGE_LOOP('',(#2459,#2465,#2466,#2467));
#2469=FACE_BOUND('',#2468,.T.);
#2470=ADVANCED_FACE('',(#2469),#2458,.T.);
#2471=CARTESIAN_POINT('',(1.,7.5,0.));
#2472=DIRECTION('',(-1.,0.,0.));
#2473=DIRECTION('',(0.,0.,1.));
#2474=AXIS2_PLACEMENT_3D('',#2471,#2472,#2473);
#2475=PLANE('',#2474);
#2476=ORIENTED_EDGE('',*,*,#1514,.F.);
#2477=ORIENTED_EDGE('',*,*,#2449,.F.);
#2478=ORIENTED_EDGE('',*,*,#1800,.T.);
#2479=ORIENTED_EDGE('',*,*,#2464,.T.);
#2480=EDGE_LOOP('',(#2476,#2477,#2478,#2479));
#2481=FACE_BOUND('',#2480,.T.);
#2482=ADVANCED_FACE('',(#2481),#2475,.T.);
#2483=CARTESIAN_POINT('',(0.5,3.,0.));
#2484=DIRECTION('',(0.,1.,0.));
#2485=DIRECTION('',(0.,0.,1.));
#2486=AXIS2_PLACEMENT_3D('',#2483,#2484,#2485);
#2487=PLANE('',#2486);
#2488=ORIENTED_EDGE('',*,*,#1586,.F.);
#2489=CARTESIAN_POINT('',(1.,3.,0.));
#2490=DIRECTION('',(0.,0.,1.));
#2491=VECTOR('',#2490,0.8);
#2492=LINE('',#2489,#2491);
#2493=EDGE_CURVE('',#1723,#1573,#2492,.T.);
#2494=ORIENTED_EDGE('',*,*,#2493,.F.);
#2495=ORIENTED_EDGE('',*,*,#1728,.T.);
#2496=ORIENTED_EDGE('',*,*,#2242,.T.);
#2497=EDGE_LOOP('',(#2488,#2494,#2495,#2496));
#2498=FACE_BOUND('',#2497,.T.);
#2499=ADVANCED_FACE('',(#2498),#2487,.T.);
#2500=CARTESIAN_POINT('',(1.,3.5,0.));
#2501=DIRECTION('',(-1.,0.,0.));
#2502=DIRECTION('',(0.,0.,1.));
#2503=AXIS2_PLACEMENT_3D('',#2500,#2501,#2502);
#2504=PLANE('',#2503);
#2505=ORIENTED_EDGE('',*,*,#1578,.F.);
#2506=CARTESIAN_POINT('',(1.,4.,0.));
#2507=DIRECTION('',(0.,0.,1.));
#2508=VECTOR('',#2507,0.8);
#2509=LINE('',#2506,#2508);
#2510=EDGE_CURVE('',#1731,#1565,#2509,.T.);
#2511=ORIENTED_EDGE('',*,*,#2510,.F.);
#2512=ORIENTED_EDGE('',*,*,#1736,.T.);
#2513=ORIENTED_EDGE('',*,*,#2493,.T.);
#2514=EDGE_LOOP('',(#2505,#2511,#2512,#2513));
#2515=FACE_BOUND('',#2514,.T.);
#2516=ADVANCED_FACE('',(#2515),#2504,.T.);
#2517=CARTESIAN_POINT('',(0.5,4.,0.));
#2518=DIRECTION('',(0.,-1.,0.));
#2519=DIRECTION('',(0.,0.,-1.));
#2520=AXIS2_PLACEMENT_3D('',#2517,#2518,#2519);
#2521=PLANE('',#2520);
#2522=ORIENTED_EDGE('',*,*,#1570,.F.);
#2523=ORIENTED_EDGE('',*,*,#2199,.F.);
#2524=ORIENTED_EDGE('',*,*,#1744,.T.);
#2525=ORIENTED_EDGE('',*,*,#2510,.T.);
#2526=EDGE_LOOP('',(#2522,#2523,#2524,#2525));
#2527=FACE_BOUND('',#2526,.T.);
#2528=ADVANCED_FACE('',(#2527),#2521,.T.);
#2529=CARTESIAN_POINT('',(0.5,15.,0.));
#2530=DIRECTION('',(0.,1.,0.));
#2531=DIRECTION('',(0.,0.,1.));
#2532=AXIS2_PLACEMENT_3D('',#2529,#2530,#2531);
#2533=PLANE('',#2532);
#2534=ORIENTED_EDGE('',*,*,#1403,.F.);
#2535=CARTESIAN_POINT('',(1.,15.,0.));
#2536=DIRECTION('',(0.,0.,1.));
#2537=VECTOR('',#2536,0.8);
#2538=LINE('',#2535,#2537);
#2539=EDGE_CURVE('',#1906,#1390,#2538,.T.);
#2540=ORIENTED_EDGE('',*,*,#2539,.F.);
#2541=ORIENTED_EDGE('',*,*,#1911,.T.);
#2542=ORIENTED_EDGE('',*,*,#2162,.T.);
#2543=EDGE_LOOP('',(#2534,#2540,#2541,#2542));
#2544=FACE_BOUND('',#2543,.T.);
#2545=ADVANCED_FACE('',(#2544),#2533,.T.);
#2546=CARTESIAN_POINT('',(1.,15.5,0.));
#2547=DIRECTION('',(-1.,0.,0.));
#2548=DIRECTION('',(0.,0.,1.));
#2549=AXIS2_PLACEMENT_3D('',#2546,#2547,#2548);
#2550=PLANE('',#2549);
#2551=ORIENTED_EDGE('',*,*,#1395,.F.);
#2552=CARTESIAN_POINT('',(1.,16.,0.));
#2553=DIRECTION('',(0.,0.,1.));
#2554=VECTOR('',#2553,0.8);
#2555=LINE('',#2552,#2554);
#2556=EDGE_CURVE('',#1914,#1382,#2555,.T.);
#2557=ORIENTED_EDGE('',*,*,#2556,.F.);
#2558=ORIENTED_EDGE('',*,*,#1919,.T.);
#2559=ORIENTED_EDGE('',*,*,#2539,.T.);
#2560=EDGE_LOOP('',(#2551,#2557,#2558,#2559));
#2561=FACE_BOUND('',#2560,.T.);
#2562=ADVANCED_FACE('',(#2561),#2550,.T.);
#2563=CARTESIAN_POINT('',(0.5,16.,0.));
#2564=DIRECTION('',(0.,-1.,0.));
#2565=DIRECTION('',(0.,0.,-1.));
#2566=AXIS2_PLACEMENT_3D('',#2563,#2564,#2565);
#2567=PLANE('',#2566);
#2568=ORIENTED_EDGE('',*,*,#1387,.F.);
#2569=ORIENTED_EDGE('',*,*,#2177,.F.);
#2570=ORIENTED_EDGE('',*,*,#1927,.T.);
#2571=ORIENTED_EDGE('',*,*,#2556,.T.);
#2572=EDGE_LOOP('',(#2568,#2569,#2570,#2571));
#2573=FACE_BOUND('',#2572,.T.);
#2574=ADVANCED_FACE('',(#2573),#2567,.T.);
#2575=CARTESIAN_POINT('',(0.5,14.,0.));
#2576=DIRECTION('',(0.,-1.,0.));
#2577=DIRECTION('',(0.,0.,-1.));
#2578=AXIS2_PLACEMENT_3D('',#2575,#2576,#2577);
#2579=PLANE('',#2578);
#2580=ORIENTED_EDGE('',*,*,#1419,.F.);
#2581=ORIENTED_EDGE('',*,*,#2155,.F.);
#2582=ORIENTED_EDGE('',*,*,#1895,.T.);
#2583=CARTESIAN_POINT('',(1.,14.,0.));
#2584=DIRECTION('',(0.,0.,1.));
#2585=VECTOR('',#2584,0.8);
#2586=LINE('',#2583,#2585);
#2587=EDGE_CURVE('',#1882,#1414,#2586,.T.);
#2588=ORIENTED_EDGE('',*,*,#2587,.T.);
#2589=EDGE_LOOP('',(#2580,#2581,#2582,#2588));
#2590=FACE_BOUND('',#2589,.T.);
#2591=ADVANCED_FACE('',(#2590),#2579,.T.);
#2592=CARTESIAN_POINT('',(0.5,13.,0.));
#2593=DIRECTION('',(0.,1.,0.));
#2594=DIRECTION('',(0.,0.,1.));
#2595=AXIS2_PLACEMENT_3D('',#2592,#2593,#2594);
#2596=PLANE('',#2595);
#2597=ORIENTED_EDGE('',*,*,#1433,.F.);
#2598=CARTESIAN_POINT('',(1.,13.,0.));
#2599=DIRECTION('',(0.,0.,1.));
#2600=VECTOR('',#2599,0.8);
#2601=LINE('',#2598,#2600);
#2602=EDGE_CURVE('',#1874,#1422,#2601,.T.);
#2603=ORIENTED_EDGE('',*,*,#2602,.F.);
#2604=ORIENTED_EDGE('',*,*,#1879,.T.);
#2605=ORIENTED_EDGE('',*,*,#1176,.T.);
#2606=EDGE_LOOP('',(#2597,#2603,#2604,#2605));
#2607=FACE_BOUND('',#2606,.T.);
#2608=ADVANCED_FACE('',(#2607),#2596,.T.);
#2609=CARTESIAN_POINT('',(1.,13.5,0.));
#2610=DIRECTION('',(-1.,0.,0.));
#2611=DIRECTION('',(0.,0.,1.));
#2612=AXIS2_PLACEMENT_3D('',#2609,#2610,#2611);
#2613=PLANE('',#2612);
#2614=ORIENTED_EDGE('',*,*,#1427,.F.);
#2615=ORIENTED_EDGE('',*,*,#2587,.F.);
#2616=ORIENTED_EDGE('',*,*,#1887,.T.);
#2617=ORIENTED_EDGE('',*,*,#2602,.T.);
#2618=EDGE_LOOP('',(#2614,#2615,#2616,#2617));
#2619=FACE_BOUND('',#2618,.T.);
#2620=ADVANCED_FACE('',(#2619),#2613,.T.);
#2621=CARTESIAN_POINT('',(0.5,9.,0.));
#2622=DIRECTION('',(0.,1.,0.));
#2623=DIRECTION('',(0.,0.,1.));
#2624=AXIS2_PLACEMENT_3D('',#2621,#2622,#2623);
#2625=PLANE('',#2624);
#2626=ORIENTED_EDGE('',*,*,#1490,.F.);
#2627=CARTESIAN_POINT('',(1.,9.,0.));
#2628=DIRECTION('',(0.,0.,1.));
#2629=VECTOR('',#2628,0.8);
#2630=LINE('',#2627,#2629);
#2631=EDGE_CURVE('',#1819,#1477,#2630,.T.);
#2632=ORIENTED_EDGE('',*,*,#2631,.F.);
#2633=ORIENTED_EDGE('',*,*,#1824,.T.);
#2634=ORIENTED_EDGE('',*,*,#2220,.T.);
#2635=EDGE_LOOP('',(#2626,#2632,#2633,#2634));
#2636=FACE_BOUND('',#2635,.T.);
#2637=ADVANCED_FACE('',(#2636),#2625,.T.);
#2638=CARTESIAN_POINT('',(1.,9.5,0.));
#2639=DIRECTION('',(-1.,0.,0.));
#2640=DIRECTION('',(0.,0.,1.));
#2641=AXIS2_PLACEMENT_3D('',#2638,#2639,#2640);
#2642=PLANE('',#2641);
#2643=ORIENTED_EDGE('',*,*,#1482,.F.);
#2644=CARTESIAN_POINT('',(1.,10.,0.));
#2645=DIRECTION('',(0.,0.,1.));
#2646=VECTOR('',#2645,0.8);
#2647=LINE('',#2644,#2646);
#2648=EDGE_CURVE('',#1827,#1469,#2647,.T.);
#2649=ORIENTED_EDGE('',*,*,#2648,.F.);
#2650=ORIENTED_EDGE('',*,*,#1832,.T.);
#2651=ORIENTED_EDGE('',*,*,#2631,.T.);
#2652=EDGE_LOOP('',(#2643,#2649,#2650,#2651));
#2653=FACE_BOUND('',#2652,.T.);
#2654=ADVANCED_FACE('',(#2653),#2642,.T.);
#2655=CARTESIAN_POINT('',(0.5,10.,0.));
#2656=DIRECTION('',(0.,-1.,0.));
#2657=DIRECTION('',(0.,0.,-1.));
#2658=AXIS2_PLACEMENT_3D('',#2655,#2656,#2657);
#2659=PLANE('',#2658);
#2660=ORIENTED_EDGE('',*,*,#1474,.F.);
#2661=ORIENTED_EDGE('',*,*,#2139,.F.);
#2662=ORIENTED_EDGE('',*,*,#1840,.T.);
#2663=ORIENTED_EDGE('',*,*,#2648,.T.);
#2664=EDGE_LOOP('',(#2660,#2661,#2662,#2663));
#2665=FACE_BOUND('',#2664,.T.);
#2666=ADVANCED_FACE('',(#2665),#2659,.T.);
#2667=CARTESIAN_POINT('',(0.5,11.,0.));
#2668=DIRECTION('',(0.,1.,0.));
#2669=DIRECTION('',(0.,0.,1.));
#2670=AXIS2_PLACEMENT_3D('',#2667,#2668,#2669);
#2671=PLANE('',#2670);
#2672=ORIENTED_EDGE('',*,*,#1458,.F.);
#2673=CARTESIAN_POINT('',(1.,11.,0.));
#2674=DIRECTION('',(0.,0.,1.));
#2675=VECTOR('',#2674,0.8);
#2676=LINE('',#2673,#2675);
#2677=EDGE_CURVE('',#1851,#1445,#2676,.T.);
#2678=ORIENTED_EDGE('',*,*,#2677,.F.);
#2679=ORIENTED_EDGE('',*,*,#1856,.T.);
#2680=ORIENTED_EDGE('',*,*,#2132,.T.);
#2681=EDGE_LOOP('',(#2672,#2678,#2679,#2680));
#2682=FACE_BOUND('',#2681,.T.);
#2683=ADVANCED_FACE('',(#2682),#2671,.T.);
#2684=CARTESIAN_POINT('',(1.,11.5,0.));
#2685=DIRECTION('',(-1.,0.,0.));
#2686=DIRECTION('',(0.,0.,1.));
#2687=AXIS2_PLACEMENT_3D('',#2684,#2685,#2686);
#2688=PLANE('',#2687);
#2689=ORIENTED_EDGE('',*,*,#1450,.F.);
#2690=CARTESIAN_POINT('',(1.,12.,0.));
#2691=DIRECTION('',(0.,0.,1.));
#2692=VECTOR('',#2691,0.8);
#2693=LINE('',#2690,#2692);
#2694=EDGE_CURVE('',#1859,#1437,#2693,.T.);
#2695=ORIENTED_EDGE('',*,*,#2694,.F.);
#2696=ORIENTED_EDGE('',*,*,#1864,.T.);
#2697=ORIENTED_EDGE('',*,*,#2677,.T.);
#2698=EDGE_LOOP('',(#2689,#2695,#2696,#2697));
#2699=FACE_BOUND('',#2698,.T.);
#2700=ADVANCED_FACE('',(#2699),#2688,.T.);
#2701=CARTESIAN_POINT('',(0.5,12.,0.));
#2702=DIRECTION('',(0.,-1.,0.));
#2703=DIRECTION('',(0.,0.,-1.));
#2704=AXIS2_PLACEMENT_3D('',#2701,#2702,#2703);
#2705=PLANE('',#2704);
#2706=ORIENTED_EDGE('',*,*,#1442,.F.);
#2707=ORIENTED_EDGE('',*,*,#1162,.F.);
#2708=ORIENTED_EDGE('',*,*,#1870,.T.);
#2709=ORIENTED_EDGE('',*,*,#2694,.T.);
#2710=EDGE_LOOP('',(#2706,#2707,#2708,#2709));
#2711=FACE_BOUND('',#2710,.T.);
#2712=ADVANCED_FACE('',(#2711),#2705,.T.);
#2713=CARTESIAN_POINT('',(15.5,11.,0.));
#2714=DIRECTION('',(0.,-1.,0.));
#2715=DIRECTION('',(0.,0.,-1.));
#2716=AXIS2_PLACEMENT_3D('',#2713,#2714,#2715);
#2717=PLANE('',#2716);
#2718=ORIENTED_EDGE('',*,*,#1293,.T.);
#2719=ORIENTED_EDGE('',*,*,#1130,.F.);
#2720=ORIENTED_EDGE('',*,*,#2019,.F.);
#2721=CARTESIAN_POINT('',(15.,11.,0.));
#2722=DIRECTION('',(0.,0.,1.));
#2723=VECTOR('',#2722,0.8);
#2724=LINE('',#2721,#2723);
#2725=EDGE_CURVE('',#2008,#1288,#2724,.T.);
#2726=ORIENTED_EDGE('',*,*,#2725,.T.);
#2727=EDGE_LOOP('',(#2718,#2719,#2720,#2726));
#2728=FACE_BOUND('',#2727,.T.);
#2729=ADVANCED_FACE('',(#2728),#2717,.F.);
#2730=CARTESIAN_POINT('',(15.5,12.,0.));
#2731=DIRECTION('',(0.,1.,0.));
#2732=DIRECTION('',(0.,0.,1.));
#2733=AXIS2_PLACEMENT_3D('',#2730,#2731,#2732);
#2734=PLANE('',#2733);
#2735=ORIENTED_EDGE('',*,*,#1307,.T.);
#2736=CARTESIAN_POINT('',(15.,12.,0.));
#2737=DIRECTION('',(0.,0.,1.));
#2738=VECTOR('',#2737,0.8);
#2739=LINE('',#2736,#2738);
#2740=EDGE_CURVE('',#2000,#1296,#2739,.T.);
#2741=ORIENTED_EDGE('',*,*,#2740,.F.);
#2742=ORIENTED_EDGE('',*,*,#2005,.F.);
#2743=ORIENTED_EDGE('',*,*,#1096,.T.);
#2744=EDGE_LOOP('',(#2735,#2741,#2742,#2743));
#2745=FACE_BOUND('',#2744,.T.);
#2746=ADVANCED_FACE('',(#2745),#2734,.F.);
#2747=CARTESIAN_POINT('',(15.,11.5,0.));
#2748=DIRECTION('',(-1.,0.,0.));
#2749=DIRECTION('',(0.,0.,1.));
#2750=AXIS2_PLACEMENT_3D('',#2747,#2748,#2749);
#2751=PLANE('',#2750);
#2752=ORIENTED_EDGE('',*,*,#1301,.T.);
#2753=ORIENTED_EDGE('',*,*,#2725,.F.);
#2754=ORIENTED_EDGE('',*,*,#2013,.F.);
#2755=ORIENTED_EDGE('',*,*,#2740,.T.);
#2756=EDGE_LOOP('',(#2752,#2753,#2754,#2755));
#2757=FACE_BOUND('',#2756,.T.);
#2758=ADVANCED_FACE('',(#2757),#2751,.F.);
#2759=CARTESIAN_POINT('',(15.5,13.,0.));
#2760=DIRECTION('',(0.,-1.,0.));
#2761=DIRECTION('',(0.,0.,-1.));
#2762=AXIS2_PLACEMENT_3D('',#2759,#2760,#2761);
#2763=PLANE('',#2762);
#2764=ORIENTED_EDGE('',*,*,#1316,.T.);
#2765=ORIENTED_EDGE('',*,*,#1082,.F.);
#2766=ORIENTED_EDGE('',*,*,#1996,.F.);
#2767=CARTESIAN_POINT('',(15.,13.,0.));
#2768=DIRECTION('',(0.,0.,1.));
#2769=VECTOR('',#2768,0.8);
#2770=LINE('',#2767,#2769);
#2771=EDGE_CURVE('',#1985,#1311,#2770,.T.);
#2772=ORIENTED_EDGE('',*,*,#2771,.T.);
#2773=EDGE_LOOP('',(#2764,#2765,#2766,#2772));
#2774=FACE_BOUND('',#2773,.T.);
#2775=ADVANCED_FACE('',(#2774),#2763,.F.);
#2776=CARTESIAN_POINT('',(15.5,14.,0.));
#2777=DIRECTION('',(0.,1.,0.));
#2778=DIRECTION('',(0.,0.,1.));
#2779=AXIS2_PLACEMENT_3D('',#2776,#2777,#2778);
#2780=PLANE('',#2779);
#2781=ORIENTED_EDGE('',*,*,#1330,.T.);
#2782=CARTESIAN_POINT('',(15.,14.,0.));
#2783=DIRECTION('',(0.,0.,1.));
#2784=VECTOR('',#2783,0.8);
#2785=LINE('',#2782,#2784);
#2786=EDGE_CURVE('',#1977,#1319,#2785,.T.);
#2787=ORIENTED_EDGE('',*,*,#2786,.F.);
#2788=ORIENTED_EDGE('',*,*,#1982,.F.);
#2789=ORIENTED_EDGE('',*,*,#1056,.T.);
#2790=EDGE_LOOP('',(#2781,#2787,#2788,#2789));
#2791=FACE_BOUND('',#2790,.T.);
#2792=ADVANCED_FACE('',(#2791),#2780,.F.);
#2793=CARTESIAN_POINT('',(15.,13.5,0.));
#2794=DIRECTION('',(-1.,0.,0.));
#2795=DIRECTION('',(0.,0.,1.));
#2796=AXIS2_PLACEMENT_3D('',#2793,#2794,#2795);
#2797=PLANE('',#2796);
#2798=ORIENTED_EDGE('',*,*,#1324,.T.);
#2799=ORIENTED_EDGE('',*,*,#2771,.F.);
#2800=ORIENTED_EDGE('',*,*,#1990,.F.);
#2801=ORIENTED_EDGE('',*,*,#2786,.T.);
#2802=EDGE_LOOP('',(#2798,#2799,#2800,#2801));
#2803=FACE_BOUND('',#2802,.T.);
#2804=ADVANCED_FACE('',(#2803),#2797,.F.);
#2805=CARTESIAN_POINT('',(15.5,15.,0.));
#2806=DIRECTION('',(0.,-1.,0.));
#2807=DIRECTION('',(0.,0.,-1.));
#2808=AXIS2_PLACEMENT_3D('',#2805,#2806,#2807);
#2809=PLANE('',#2808);
#2810=ORIENTED_EDGE('',*,*,#1339,.T.);
#2811=ORIENTED_EDGE('',*,*,#1042,.F.);
#2812=ORIENTED_EDGE('',*,*,#1973,.F.);
#2813=CARTESIAN_POINT('',(15.,15.,0.));
#2814=DIRECTION('',(0.,0.,1.));
#2815=VECTOR('',#2814,0.8);
#2816=LINE('',#2813,#2815);
#2817=EDGE_CURVE('',#1962,#1334,#2816,.T.);
#2818=ORIENTED_EDGE('',*,*,#2817,.T.);
#2819=EDGE_LOOP('',(#2810,#2811,#2812,#2818));
#2820=FACE_BOUND('',#2819,.T.);
#2821=ADVANCED_FACE('',(#2820),#2809,.F.);
#2822=CARTESIAN_POINT('',(15.5,16.,0.));
#2823=DIRECTION('',(0.,1.,0.));
#2824=DIRECTION('',(0.,0.,1.));
#2825=AXIS2_PLACEMENT_3D('',#2822,#2823,#2824);
#2826=PLANE('',#2825);
#2827=ORIENTED_EDGE('',*,*,#1355,.T.);
#2828=CARTESIAN_POINT('',(15.,16.,0.));
#2829=DIRECTION('',(0.,0.,1.));
#2830=VECTOR('',#2829,0.8);
#2831=LINE('',#2828,#2830);
#2832=EDGE_CURVE('',#1954,#1342,#2831,.T.);
#2833=ORIENTED_EDGE('',*,*,#2832,.F.);
#2834=ORIENTED_EDGE('',*,*,#1959,.F.);
#2835=ORIENTED_EDGE('',*,*,#2286,.T.);
#2836=EDGE_LOOP('',(#2827,#2833,#2834,#2835));
#2837=FACE_BOUND('',#2836,.T.);
#2838=ADVANCED_FACE('',(#2837),#2826,.F.);
#2839=CARTESIAN_POINT('',(15.,15.5,0.));
#2840=DIRECTION('',(-1.,0.,0.));
#2841=DIRECTION('',(0.,0.,1.));
#2842=AXIS2_PLACEMENT_3D('',#2839,#2840,#2841);
#2843=PLANE('',#2842);
#2844=ORIENTED_EDGE('',*,*,#1347,.T.);
#2845=ORIENTED_EDGE('',*,*,#2817,.F.);
#2846=ORIENTED_EDGE('',*,*,#1967,.F.);
#2847=ORIENTED_EDGE('',*,*,#2832,.T.);
#2848=EDGE_LOOP('',(#2844,#2845,#2846,#2847));
#2849=FACE_BOUND('',#2848,.T.);
#2850=ADVANCED_FACE('',(#2849),#2843,.F.);
#2851=CARTESIAN_POINT('',(15.5,6.,0.));
#2852=DIRECTION('',(0.,1.,0.));
#2853=DIRECTION('',(0.,0.,1.));
#2854=AXIS2_PLACEMENT_3D('',#2851,#2852,#2853);
#2855=PLANE('',#2854);
#2856=ORIENTED_EDGE('',*,*,#1238,.T.);
#2857=CARTESIAN_POINT('',(15.,6.,0.));
#2858=DIRECTION('',(0.,0.,1.));
#2859=VECTOR('',#2858,0.8);
#2860=LINE('',#2857,#2859);
#2861=EDGE_CURVE('',#2069,#1227,#2860,.T.);
#2862=ORIENTED_EDGE('',*,*,#2861,.F.);
#2863=ORIENTED_EDGE('',*,*,#2074,.F.);
#2864=ORIENTED_EDGE('',*,*,#976,.T.);
#2865=EDGE_LOOP('',(#2856,#2862,#2863,#2864));
#2866=FACE_BOUND('',#2865,.T.);
#2867=ADVANCED_FACE('',(#2866),#2855,.F.);
#2868=CARTESIAN_POINT('',(15.,5.5,0.));
#2869=DIRECTION('',(-1.,0.,0.));
#2870=DIRECTION('',(0.,0.,1.));
#2871=AXIS2_PLACEMENT_3D('',#2868,#2869,#2870);
#2872=PLANE('',#2871);
#2873=ORIENTED_EDGE('',*,*,#1232,.T.);
#2874=CARTESIAN_POINT('',(15.,5.,0.));
#2875=DIRECTION('',(0.,0.,1.));
#2876=VECTOR('',#2875,0.8);
#2877=LINE('',#2874,#2876);
#2878=EDGE_CURVE('',#2077,#1219,#2877,.T.);
#2879=ORIENTED_EDGE('',*,*,#2878,.F.);
#2880=ORIENTED_EDGE('',*,*,#2082,.F.);
#2881=ORIENTED_EDGE('',*,*,#2861,.T.);
#2882=EDGE_LOOP('',(#2873,#2879,#2880,#2881));
#2883=FACE_BOUND('',#2882,.T.);
#2884=ADVANCED_FACE('',(#2883),#2872,.F.);
#2885=CARTESIAN_POINT('',(15.5,5.,0.));
#2886=DIRECTION('',(0.,-1.,0.));
#2887=DIRECTION('',(0.,0.,-1.));
#2888=AXIS2_PLACEMENT_3D('',#2885,#2886,#2887);
#2889=PLANE('',#2888);
#2890=ORIENTED_EDGE('',*,*,#1224,.T.);
#2891=ORIENTED_EDGE('',*,*,#1010,.F.);
#2892=ORIENTED_EDGE('',*,*,#2088,.F.);
#2893=ORIENTED_EDGE('',*,*,#2878,.T.);
#2894=EDGE_LOOP('',(#2890,#2891,#2892,#2893));
#2895=FACE_BOUND('',#2894,.T.);
#2896=ADVANCED_FACE('',(#2895),#2889,.F.);
#2897=CARTESIAN_POINT('',(15.5,7.,0.));
#2898=DIRECTION('',(0.,-1.,0.));
#2899=DIRECTION('',(0.,0.,-1.));
#2900=AXIS2_PLACEMENT_3D('',#2897,#2898,#2899);
#2901=PLANE('',#2900);
#2902=ORIENTED_EDGE('',*,*,#1247,.T.);
#2903=ORIENTED_EDGE('',*,*,#962,.F.);
#2904=ORIENTED_EDGE('',*,*,#2065,.F.);
#2905=CARTESIAN_POINT('',(15.,7.,0.));
#2906=DIRECTION('',(0.,0.,1.));
#2907=VECTOR('',#2906,0.8);
#2908=LINE('',#2905,#2907);
#2909=EDGE_CURVE('',#2054,#1242,#2908,.T.);
#2910=ORIENTED_EDGE('',*,*,#2909,.T.);
#2911=EDGE_LOOP('',(#2902,#2903,#2904,#2910));
#2912=FACE_BOUND('',#2911,.T.);
#2913=ADVANCED_FACE('',(#2912),#2901,.F.);
#2914=CARTESIAN_POINT('',(15.5,8.,0.));
#2915=DIRECTION('',(0.,1.,0.));
#2916=DIRECTION('',(0.,0.,1.));
#2917=AXIS2_PLACEMENT_3D('',#2914,#2915,#2916);
#2918=PLANE('',#2917);
#2919=ORIENTED_EDGE('',*,*,#1261,.T.);
#2920=CARTESIAN_POINT('',(15.,8.,0.));
#2921=DIRECTION('',(0.,0.,1.));
#2922=VECTOR('',#2921,0.8);
#2923=LINE('',#2920,#2922);
#2924=EDGE_CURVE('',#2046,#1250,#2923,.T.);
#2925=ORIENTED_EDGE('',*,*,#2924,.F.);
#2926=ORIENTED_EDGE('',*,*,#2051,.F.);
#2927=ORIENTED_EDGE('',*,*,#936,.T.);
#2928=EDGE_LOOP('',(#2919,#2925,#2926,#2927));
#2929=FACE_BOUND('',#2928,.T.);
#2930=ADVANCED_FACE('',(#2929),#2918,.F.);
#2931=CARTESIAN_POINT('',(15.,7.5,0.));
#2932=DIRECTION('',(-1.,0.,0.));
#2933=DIRECTION('',(0.,0.,1.));
#2934=AXIS2_PLACEMENT_3D('',#2931,#2932,#2933);
#2935=PLANE('',#2934);
#2936=ORIENTED_EDGE('',*,*,#1255,.T.);
#2937=ORIENTED_EDGE('',*,*,#2909,.F.);
#2938=ORIENTED_EDGE('',*,*,#2059,.F.);
#2939=ORIENTED_EDGE('',*,*,#2924,.T.);
#2940=EDGE_LOOP('',(#2936,#2937,#2938,#2939));
#2941=FACE_BOUND('',#2940,.T.);
#2942=ADVANCED_FACE('',(#2941),#2935,.F.);
#2943=CARTESIAN_POINT('',(15.5,9.,0.));
#2944=DIRECTION('',(0.,-1.,0.));
#2945=DIRECTION('',(0.,0.,-1.));
#2946=AXIS2_PLACEMENT_3D('',#2943,#2944,#2945);
#2947=PLANE('',#2946);
#2948=ORIENTED_EDGE('',*,*,#1270,.T.);
#2949=ORIENTED_EDGE('',*,*,#922,.F.);
#2950=ORIENTED_EDGE('',*,*,#2042,.F.);
#2951=CARTESIAN_POINT('',(15.,9.,0.));
#2952=DIRECTION('',(0.,0.,1.));
#2953=VECTOR('',#2952,0.8);
#2954=LINE('',#2951,#2953);
#2955=EDGE_CURVE('',#2031,#1265,#2954,.T.);
#2956=ORIENTED_EDGE('',*,*,#2955,.T.);
#2957=EDGE_LOOP('',(#2948,#2949,#2950,#2956));
#2958=FACE_BOUND('',#2957,.T.);
#2959=ADVANCED_FACE('',(#2958),#2947,.F.);
#2960=CARTESIAN_POINT('',(15.5,10.,0.));
#2961=DIRECTION('',(0.,1.,0.));
#2962=DIRECTION('',(0.,0.,1.));
#2963=AXIS2_PLACEMENT_3D('',#2960,#2961,#2962);
#2964=PLANE('',#2963);
#2965=ORIENTED_EDGE('',*,*,#1284,.T.);
#2966=CARTESIAN_POINT('',(15.,10.,0.));
#2967=DIRECTION('',(0.,0.,1.));
#2968=VECTOR('',#2967,0.8);
#2969=LINE('',#2966,#2968);
#2970=EDGE_CURVE('',#2023,#1273,#2969,.T.);
#2971=ORIENTED_EDGE('',*,*,#2970,.F.);
#2972=ORIENTED_EDGE('',*,*,#2028,.F.);
#2973=ORIENTED_EDGE('',*,*,#1114,.T.);
#2974=EDGE_LOOP('',(#2965,#2971,#2972,#2973));
#2975=FACE_BOUND('',#2974,.T.);
#2976=ADVANCED_FACE('',(#2975),#2964,.F.);
#2977=CARTESIAN_POINT('',(15.,9.5,0.));
#2978=DIRECTION('',(-1.,0.,0.));
#2979=DIRECTION('',(0.,0.,1.));
#2980=AXIS2_PLACEMENT_3D('',#2977,#2978,#2979);
#2981=PLANE('',#2980);
#2982=ORIENTED_EDGE('',*,*,#1278,.T.);
#2983=ORIENTED_EDGE('',*,*,#2955,.F.);
#2984=ORIENTED_EDGE('',*,*,#2036,.F.);
#2985=ORIENTED_EDGE('',*,*,#2970,.T.);
#2986=EDGE_LOOP('',(#2982,#2983,#2984,#2985));
#2987=FACE_BOUND('',#2986,.T.);
#2988=ADVANCED_FACE('',(#2987),#2981,.F.);
#2989=CARTESIAN_POINT('',(15.5,4.,0.));
#2990=DIRECTION('',(0.,1.,0.));
#2991=DIRECTION('',(0.,0.,1.));
#2992=AXIS2_PLACEMENT_3D('',#2989,#2990,#2991);
#2993=PLANE('',#2992);
#2994=ORIENTED_EDGE('',*,*,#1215,.T.);
#2995=CARTESIAN_POINT('',(15.,4.,0.));
#2996=DIRECTION('',(0.,0.,1.));
#2997=VECTOR('',#2996,0.8);
#2998=LINE('',#2995,#2997);
#2999=EDGE_CURVE('',#2092,#1204,#2998,.T.);
#3000=ORIENTED_EDGE('',*,*,#2999,.F.);
#3001=ORIENTED_EDGE('',*,*,#2097,.F.);
#3002=ORIENTED_EDGE('',*,*,#994,.T.);
#3003=EDGE_LOOP('',(#2994,#3000,#3001,#3002));
#3004=FACE_BOUND('',#3003,.T.);
#3005=ADVANCED_FACE('',(#3004),#2993,.F.);
#3006=CARTESIAN_POINT('',(15.,3.5,0.));
#3007=DIRECTION('',(-1.,0.,0.));
#3008=DIRECTION('',(0.,0.,1.));
#3009=AXIS2_PLACEMENT_3D('',#3006,#3007,#3008);
#3010=PLANE('',#3009);
#3011=ORIENTED_EDGE('',*,*,#1209,.T.);
#3012=CARTESIAN_POINT('',(15.,3.,0.));
#3013=DIRECTION('',(0.,0.,1.));
#3014=VECTOR('',#3013,0.8);
#3015=LINE('',#3012,#3014);
#3016=EDGE_CURVE('',#2100,#1196,#3015,.T.);
#3017=ORIENTED_EDGE('',*,*,#3016,.F.);
#3018=ORIENTED_EDGE('',*,*,#2105,.F.);
#3019=ORIENTED_EDGE('',*,*,#2999,.T.);
#3020=EDGE_LOOP('',(#3011,#3017,#3018,#3019));
#3021=FACE_BOUND('',#3020,.T.);
#3022=ADVANCED_FACE('',(#3021),#3010,.F.);
#3023=CARTESIAN_POINT('',(15.5,3.,0.));
#3024=DIRECTION('',(0.,-1.,0.));
#3025=DIRECTION('',(0.,0.,-1.));
#3026=AXIS2_PLACEMENT_3D('',#3023,#3024,#3025);
#3027=PLANE('',#3026);
#3028=ORIENTED_EDGE('',*,*,#1201,.T.);
#3029=ORIENTED_EDGE('',*,*,#890,.F.);
#3030=ORIENTED_EDGE('',*,*,#2111,.F.);
#3031=ORIENTED_EDGE('',*,*,#3016,.T.);
#3032=EDGE_LOOP('',(#3028,#3029,#3030,#3031));
#3033=FACE_BOUND('',#3032,.T.);
#3034=ADVANCED_FACE('',(#3033),#3027,.F.);
#3035=CARTESIAN_POINT('',(15.5,2.,0.));
#3036=DIRECTION('',(0.,1.,0.));
#3037=DIRECTION('',(0.,0.,1.));
#3038=AXIS2_PLACEMENT_3D('',#3035,#3036,#3037);
#3039=PLANE('',#3038);
#3040=ORIENTED_EDGE('',*,*,#1192,.T.);
#3041=CARTESIAN_POINT('',(15.,2.,0.));
#3042=DIRECTION('',(0.,0.,1.));
#3043=VECTOR('',#3042,0.8);
#3044=LINE('',#3041,#3043);
#3045=EDGE_CURVE('',#1658,#1187,#3044,.T.);
#3046=ORIENTED_EDGE('',*,*,#3045,.F.);
#3047=ORIENTED_EDGE('',*,*,#2118,.F.);
#3048=ORIENTED_EDGE('',*,*,#874,.T.);
#3049=EDGE_LOOP('',(#3040,#3046,#3047,#3048));
#3050=FACE_BOUND('',#3049,.T.);
#3051=ADVANCED_FACE('',(#3050),#3039,.F.);
#3052=CARTESIAN_POINT('',(15.,1.5,0.));
#3053=DIRECTION('',(-1.,0.,0.));
#3054=DIRECTION('',(0.,0.,1.));
#3055=AXIS2_PLACEMENT_3D('',#3052,#3053,#3054);
#3056=PLANE('',#3055);
#3057=ORIENTED_EDGE('',*,*,#1647,.T.);
#3058=CARTESIAN_POINT('',(15.,1.,0.));
#3059=DIRECTION('',(0.,0.,1.));
#3060=VECTOR('',#3059,0.8);
#3061=LINE('',#3058,#3060);
#3062=EDGE_CURVE('',#1660,#1636,#3061,.T.);
#3063=ORIENTED_EDGE('',*,*,#3062,.F.);
#3064=ORIENTED_EDGE('',*,*,#1665,.F.);
#3065=ORIENTED_EDGE('',*,*,#3045,.T.);
#3066=EDGE_LOOP('',(#3057,#3063,#3064,#3065));
#3067=FACE_BOUND('',#3066,.T.);
#3068=ADVANCED_FACE('',(#3067),#3056,.F.);
#3069=CARTESIAN_POINT('',(15.5,1.,0.));
#3070=DIRECTION('',(0.,-1.,0.));
#3071=DIRECTION('',(0.,0.,-1.));
#3072=AXIS2_PLACEMENT_3D('',#3069,#3070,#3071);
#3073=PLANE('',#3072);
#3074=ORIENTED_EDGE('',*,*,#1641,.T.);
#3075=ORIENTED_EDGE('',*,*,#842,.F.);
#3076=ORIENTED_EDGE('',*,*,#1671,.F.);
#3077=ORIENTED_EDGE('',*,*,#3062,.T.);
#3078=EDGE_LOOP('',(#3074,#3075,#3076,#3077));
#3079=FACE_BOUND('',#3078,.T.);
#3080=ADVANCED_FACE('',(#3079),#3073,.F.);
#3081=CLOSED_SHELL('',(#860,#900,#940,#980,#1020,#1060,#1100,#1140,#1180,#1651,#2122,#2144,#2166,#2188,#2210,#2232,#2254,#2276,#2298,#2310,#2332,#2344,#2361,#2378,#2390,#2407,
#2424,#2436,#2453,#2470,#2482,#2499,#2516,#2528,#2545,#2562,#2574,#2591,#2608,#2620,#2637,#2654,#2666,#2683,#2700,#2712,#2729,#2746,#2758,#2775,#2792,
#2804,#2821,#2838,#2850,#2867,#2884,#2896,#2913,#2930,#2942,#2959,#2976,#2988,#3005,#3022,#3034,#3051,#3068,#3080));
#3082=MANIFOLD_SOLID_BREP('Body 01',#3081);
#3083=DRAUGHTING_PRE_DEFINED_COLOUR('black');
#3084=FILL_AREA_STYLE_COLOUR('',#3083);
#3085=FILL_AREA_STYLE('',(#3084));
#3086=SURFACE_STYLE_FILL_AREA(#3085);
#3087=SURFACE_SIDE_STYLE('',(#3086));
#3088=SURFACE_STYLE_USAGE(.BOTH.,#3087);
#3089=PRESENTATION_STYLE_ASSIGNMENT((#3088));
#820=STYLED_ITEM('',(#3089),#3082);
#3090=(NAMED_UNIT(*)PLANE_ANGLE_UNIT()SI_UNIT($,.RADIAN.));
#3091=PLANE_ANGLE_MEASURE_WITH_UNIT(PLANE_ANGLE_MEASURE(0.0174532925),#3090);
#3092=(CONVERSION_BASED_UNIT('DEGREE',#3091)NAMED_UNIT(#3093)PLANE_ANGLE_UNIT());
#3093=DIMENSIONAL_EXPONENTS(0.,0.,0.,0.,0.,0.,0.);
#3094=(NAMED_UNIT(*)SI_UNIT($,.STERADIAN.)SOLID_ANGLE_UNIT());
#3095=(LENGTH_UNIT()NAMED_UNIT(*)SI_UNIT(.MILLI.,.METRE.));
#3096=UNCERTAINTY_MEASURE_WITH_UNIT(LENGTH_MEASURE(1.000000E-05),#3095,'DISTANCE_ACCURACY_VALUE','Maximum Tolerance applied to model');
#3097=(GEOMETRIC_REPRESENTATION_CONTEXT(3)GLOBAL_UNCERTAINTY_ASSIGNED_CONTEXT((#3096))GLOBAL_UNIT_ASSIGNED_CONTEXT((#3095,#3092,#3094))REPRESENTATION_CONTEXT('','Text'));
#3109=CARTESIAN_POINT('',(0.,0.,0.));
#3110=DIRECTION('',(0.,0.,1.));
#3111=DIRECTION('',(1.,0.,-0.));
#3112=AXIS2_PLACEMENT_3D('',#3109,#3110,#3111);
#3113=ITEM_DEFINED_TRANSFORMATION('','',#3112,#15);
#3114=(REPRESENTATION_RELATIONSHIP('','',#3099,#16)REPRESENTATION_RELATIONSHIP_WITH_TRANSFORMATION(#3113)SHAPE_REPRESENTATION_RELATIONSHIP());
#3115=NEXT_ASSEMBLY_USAGE_OCCURRENCE('Text_1','Text','Text',#25,#3108,$);
#3116=PRODUCT_DEFINITION_SHAPE('','',#3115);
#3117=CONTEXT_DEPENDENT_SHAPE_REPRESENTATION(#3114,#3116);
#3119=CARTESIAN_POINT('',(9.302862221,6.594161037,2.61));
#3120=DIRECTION('',(0.,1.,0.));
#3121=DIRECTION('',(0.,0.,1.));
#3122=AXIS2_PLACEMENT_3D('',#3119,#3120,#3121);
#3123=PLANE('',#3122);
#3124=CARTESIAN_POINT('',(8.803203236,6.594161037,2.6));
#3125=VERTEX_POINT('',#3124);
#3126=CARTESIAN_POINT('',(9.802521206,6.594161037,2.6));
#3127=VERTEX_POINT('',#3126);
#3128=CARTESIAN_POINT('',(8.803203236,6.594161037,2.6));
#3129=DIRECTION('',(1.,0.,-0.));
#3130=VECTOR('',#3129,0.99931797);
#3131=LINE('',#3128,#3130);
#3132=EDGE_CURVE('',#3125,#3127,#3131,.T.);
#3133=ORIENTED_EDGE('',*,*,#3132,.F.);
#3134=CARTESIAN_POINT('',(8.803203236,6.594161037,2.61));
#3135=VERTEX_POINT('',#3134);
#3136=CARTESIAN_POINT('',(8.803203236,6.594161037,2.61));
#3137=DIRECTION('',(0.,0.,-1.));
#3138=VECTOR('',#3137,0.01);
#3139=LINE('',#3136,#3138);
#3140=EDGE_CURVE('',#3135,#3125,#3139,.T.);
#3141=ORIENTED_EDGE('',*,*,#3140,.F.);
#3142=CARTESIAN_POINT('',(9.802521206,6.594161037,2.61));
#3143=VERTEX_POINT('',#3142);
#3144=CARTESIAN_POINT('',(8.803203236,6.594161037,2.61));
#3145=DIRECTION('',(1.,0.,-0.));
#3146=VECTOR('',#3145,0.99931797);
#3147=LINE('',#3144,#3146);
#3148=EDGE_CURVE('',#3135,#3143,#3147,.T.);
#3149=ORIENTED_EDGE('',*,*,#3148,.T.);
#3150=CARTESIAN_POINT('',(9.802521206,6.594161037,2.61));
#3151=DIRECTION('',(0.,0.,-1.));
#3152=VECTOR('',#3151,0.01);
#3153=LINE('',#3150,#3152);
#3154=EDGE_CURVE('',#3143,#3127,#3153,.T.);
#3155=ORIENTED_EDGE('',*,*,#3154,.T.);
#3156=EDGE_LOOP('',(#3133,#3141,#3149,#3155));
#3157=FACE_BOUND('',#3156,.T.);
#3158=ADVANCED_FACE('',(#3157),#3123,.T.);
#3159=CARTESIAN_POINT('',(8.803203236,6.532811094,2.61));
#3160=DIRECTION('',(-1.,0.,0.));
#3161=DIRECTION('',(0.,0.,1.));
#3162=AXIS2_PLACEMENT_3D('',#3159,#3160,#3161);
#3163=PLANE('',#3162);
#3164=CARTESIAN_POINT('',(8.803203236,6.471461151,2.6));
#3165=VERTEX_POINT('',#3164);
#3166=CARTESIAN_POINT('',(8.803203236,6.471461151,2.6));
#3167=DIRECTION('',(0.,1.,0.));
#3168=VECTOR('',#3167,0.122699887);
#3169=LINE('',#3166,#3168);
#3170=EDGE_CURVE('',#3165,#3125,#3169,.T.);
#3171=ORIENTED_EDGE('',*,*,#3170,.F.);
#3172=CARTESIAN_POINT('',(8.803203236,6.471461151,2.61));
#3173=VERTEX_POINT('',#3172);
#3174=CARTESIAN_POINT('',(8.803203236,6.471461151,2.61));
#3175=DIRECTION('',(0.,0.,-1.));
#3176=VECTOR('',#3175,0.01);
#3177=LINE('',#3174,#3176);
#3178=EDGE_CURVE('',#3173,#3165,#3177,.T.);
#3179=ORIENTED_EDGE('',*,*,#3178,.F.);
#3180=CARTESIAN_POINT('',(8.803203236,6.471461151,2.61));
#3181=DIRECTION('',(0.,1.,0.));
#3182=VECTOR('',#3181,0.122699887);
#3183=LINE('',#3180,#3182);
#3184=EDGE_CURVE('',#3173,#3135,#3183,.T.);
#3185=ORIENTED_EDGE('',*,*,#3184,.T.);
#3186=ORIENTED_EDGE('',*,*,#3140,.T.);
#3187=EDGE_LOOP('',(#3171,#3179,#3185,#3186));
#3188=FACE_BOUND('',#3187,.T.);
#3189=ADVANCED_FACE('',(#3188),#3163,.T.);
#3190=CARTESIAN_POINT('',(9.001226397,6.471461151,2.61));
#3191=DIRECTION('',(0.,-1.,0.));
#3192=DIRECTION('',(0.,0.,-1.));
#3193=AXIS2_PLACEMENT_3D('',#3190,#3191,#3192);
#3194=PLANE('',#3193);
#3195=CARTESIAN_POINT('',(9.199249558,6.471461151,2.6));
#3196=VERTEX_POINT('',#3195);
#3197=CARTESIAN_POINT('',(9.199249558,6.471461151,2.6));
#3198=DIRECTION('',(-1.,0.,0.));
#3199=VECTOR('',#3198,0.396046322);
#3200=LINE('',#3197,#3199);
#3201=EDGE_CURVE('',#3196,#3165,#3200,.T.);
#3202=ORIENTED_EDGE('',*,*,#3201,.F.);
#3203=CARTESIAN_POINT('',(9.199249558,6.471461151,2.61));
#3204=VERTEX_POINT('',#3203);
#3205=CARTESIAN_POINT('',(9.199249558,6.471461151,2.61));
#3206=DIRECTION('',(0.,0.,-1.));
#3207=VECTOR('',#3206,0.01);
#3208=LINE('',#3205,#3207);
#3209=EDGE_CURVE('',#3204,#3196,#3208,.T.);
#3210=ORIENTED_EDGE('',*,*,#3209,.F.);
#3211=CARTESIAN_POINT('',(9.199249558,6.471461151,2.61));
#3212=DIRECTION('',(-1.,0.,0.));
#3213=VECTOR('',#3212,0.396046322);
#3214=LINE('',#3211,#3213);
#3215=EDGE_CURVE('',#3204,#3173,#3214,.T.);
#3216=ORIENTED_EDGE('',*,*,#3215,.T.);
#3217=ORIENTED_EDGE('',*,*,#3178,.T.);
#3218=EDGE_LOOP('',(#3202,#3210,#3216,#3217));
#3219=FACE_BOUND('',#3218,.T.);
#3220=ADVANCED_FACE('',(#3219),#3194,.T.);
#3221=CARTESIAN_POINT('',(9.261962958,6.127221044,2.61));
#3222=CARTESIAN_POINT('',(9.261962958,6.127221044,2.6));
#3223=CARTESIAN_POINT('',(9.32331197,6.127221044,2.61));
#3224=CARTESIAN_POINT('',(9.32331197,6.127221044,2.6));
#3225=CARTESIAN_POINT('',(9.367961437,6.140513811,2.61));
#3226=CARTESIAN_POINT('',(9.367961437,6.140513811,2.6));
#3227=CARTESIAN_POINT('',(9.395909496,6.167098414,2.61));
#3228=CARTESIAN_POINT('',(9.395909496,6.167098414,2.6));
#3229=CARTESIAN_POINT('',(9.423857555,6.193683948,2.61));
#3230=CARTESIAN_POINT('',(9.423857555,6.193683948,2.6));
#3231=CARTESIAN_POINT('',(9.43783205,6.231288891,2.61));
#3232=CARTESIAN_POINT('',(9.43783205,6.231288891,2.6));
#3233=CARTESIAN_POINT('',(9.43783205,6.279914174,2.61));
#3234=CARTESIAN_POINT('',(9.43783205,6.279914174,2.6));
#3235=CARTESIAN_POINT('',(9.43783205,6.316269282,2.61));
#3236=CARTESIAN_POINT('',(9.43783205,6.316269282,2.6));
#3237=CARTESIAN_POINT('',(9.428402409,6.350466516,2.61));
#3238=CARTESIAN_POINT('',(9.428402409,6.350466516,2.6));
#3239=CARTESIAN_POINT('',(9.409543127,6.382504012,2.61));
#3240=CARTESIAN_POINT('',(9.409543127,6.382504012,2.6));
#3241=CARTESIAN_POINT('',(9.390682913,6.41454244,2.61));
#3242=CARTESIAN_POINT('',(9.390682913,6.41454244,2.6));
#3243=CARTESIAN_POINT('',(9.365120903,6.43737847,2.61));
#3244=CARTESIAN_POINT('',(9.365120903,6.43737847,2.6));
#3245=CARTESIAN_POINT('',(9.332855232,6.451012101,2.61));
#3246=CARTESIAN_POINT('',(9.332855232,6.451012101,2.6));
#3247=CARTESIAN_POINT('',(9.300590493,6.464644801,2.61));
#3248=CARTESIAN_POINT('',(9.300590493,6.464644801,2.6));
#3249=CARTESIAN_POINT('',(9.256054647,6.471461151,2.61));
#3250=CARTESIAN_POINT('',(9.256054647,6.471461151,2.6));
#3251=CARTESIAN_POINT('',(9.199249558,6.471461151,2.61));
#3252=CARTESIAN_POINT('',(9.199249558,6.471461151,2.6));
#3253=B_SPLINE_SURFACE_WITH_KNOTS('',3,1,((#3221,#3222),(#3223,#3224),(#3225,#3226),(#3227,#3228),(#3229,#3230),(#3231,#3232),(#3233,#3234),(#3235,#3236),(#3237,#3238),(#3239,#3240),(#3241,#3242),(#3243,#3244),(#3245,#3246),(#3247,#3248),(#3249,#3250),(#3251,#3252)),.UNSPECIFIED.,.F.,.F.,.U.,(4,3,3,3,3,4),(2,2),(0.,0.235679255,0.471362432,0.647572972,0.823789556,1.),(0.,1.),.UNSPECIFIED.);
#3254=CARTESIAN_POINT('',(9.261962958,6.127221044,2.6));
#3255=VERTEX_POINT('',#3254);
#3256=CARTESIAN_POINT('',(9.261962958,6.127221044,2.6));
#3257=CARTESIAN_POINT('',(9.32331197,6.127221044,2.6));
#3258=CARTESIAN_POINT('',(9.367961437,6.140513811,2.6));
#3259=CARTESIAN_POINT('',(9.395909496,6.167098414,2.6));
#3260=CARTESIAN_POINT('',(9.423857555,6.193683948,2.6));
#3261=CARTESIAN_POINT('',(9.43783205,6.231288891,2.6));
#3262=CARTESIAN_POINT('',(9.43783205,6.279914174,2.6));
#3263=CARTESIAN_POINT('',(9.43783205,6.316269282,2.6));
#3264=CARTESIAN_POINT('',(9.428402409,6.350466516,2.6));
#3265=CARTESIAN_POINT('',(9.409543127,6.382504012,2.6));
#3266=CARTESIAN_POINT('',(9.390682913,6.41454244,2.6));
#3267=CARTESIAN_POINT('',(9.365120903,6.43737847,2.6));
#3268=CARTESIAN_POINT('',(9.332855232,6.451012101,2.6));
#3269=CARTESIAN_POINT('',(9.300590493,6.464644801,2.6));
#3270=CARTESIAN_POINT('',(9.256054647,6.471461151,2.6));
#3271=CARTESIAN_POINT('',(9.199249558,6.471461151,2.6));
#3272=B_SPLINE_CURVE_WITH_KNOTS('',3,(#3256,#3257,#3258,#3259,#3260,#3261,#3262,#3263,#3264,#3265,#3266,#3267,#3268,#3269,#3270,#3271),.UNSPECIFIED.,.F.,.F.,(4,3,3,3,3,4),(0.,0.235679255,0.471362432,0.647572972,0.823789556,1.),.UNSPECIFIED.);
#3273=EDGE_CURVE('',#3255,#3196,#3272,.T.);
#3274=ORIENTED_EDGE('',*,*,#3273,.F.);
#3275=CARTESIAN_POINT('',(9.261962958,6.127221044,2.61));
#3276=VERTEX_POINT('',#3275);
#3277=CARTESIAN_POINT('',(9.261962958,6.127221044,2.61));
#3278=DIRECTION('',(0.,0.,-1.));
#3279=VECTOR('',#3278,0.01);
#3280=LINE('',#3277,#3279);
#3281=EDGE_CURVE('',#3276,#3255,#3280,.T.);
#3282=ORIENTED_EDGE('',*,*,#3281,.F.);
#3283=CARTESIAN_POINT('',(9.261962958,6.127221044,2.61));
#3284=CARTESIAN_POINT('',(9.32331197,6.127221044,2.61));
#3285=CARTESIAN_POINT('',(9.367961437,6.140513811,2.61));
#3286=CARTESIAN_POINT('',(9.395909496,6.167098414,2.61));
#3287=CARTESIAN_POINT('',(9.423857555,6.193683948,2.61));
#3288=CARTESIAN_POINT('',(9.43783205,6.231288891,2.61));
#3289=CARTESIAN_POINT('',(9.43783205,6.279914174,2.61));
#3290=CARTESIAN_POINT('',(9.43783205,6.316269282,2.61));
#3291=CARTESIAN_POINT('',(9.428402409,6.350466516,2.61));
#3292=CARTESIAN_POINT('',(9.409543127,6.382504012,2.61));
#3293=CARTESIAN_POINT('',(9.390682913,6.41454244,2.61));
#3294=CARTESIAN_POINT('',(9.365120903,6.43737847,2.61));
#3295=CARTESIAN_POINT('',(9.332855232,6.451012101,2.61));
#3296=CARTESIAN_POINT('',(9.300590493,6.464644801,2.61));
#3297=CARTESIAN_POINT('',(9.256054647,6.471461151,2.61));
#3298=CARTESIAN_POINT('',(9.199249558,6.471461151,2.61));
#3299=B_SPLINE_CURVE_WITH_KNOTS('',3,(#3283,#3284,#3285,#3286,#3287,#3288,#3289,#3290,#3291,#3292,#3293,#3294,#3295,#3296,#3297,#3298),.UNSPECIFIED.,.F.,.F.,(4,3,3,3,3,4),(0.,0.235679255,0.471362432,0.647572972,0.823789556,1.),.UNSPECIFIED.);
#3300=EDGE_CURVE('',#3276,#3204,#3299,.T.);
#3301=ORIENTED_EDGE('',*,*,#3300,.T.);
#3302=ORIENTED_EDGE('',*,*,#3209,.T.);
#3303=EDGE_LOOP('',(#3274,#3282,#3301,#3302));
#3304=FACE_BOUND('',#3303,.T.);
#3305=ADVANCED_FACE('',(#3304),#3253,.T.);
#3306=CARTESIAN_POINT('',(9.032583097,6.127221044,2.61));
#3307=DIRECTION('',(0.,1.,0.));
#3308=DIRECTION('',(0.,0.,1.));
#3309=AXIS2_PLACEMENT_3D('',#3306,#3307,#3308);
#3310=PLANE('',#3309);
#3311=CARTESIAN_POINT('',(8.803203236,6.127221044,2.6));
#3312=VERTEX_POINT('',#3311);
#3313=CARTESIAN_POINT('',(8.803203236,6.127221044,2.6));
#3314=DIRECTION('',(1.,0.,-0.));
#3315=VECTOR('',#3314,0.458759721);
#3316=LINE('',#3313,#3315);
#3317=EDGE_CURVE('',#3312,#3255,#3316,.T.);
#3318=ORIENTED_EDGE('',*,*,#3317,.F.);
#3319=CARTESIAN_POINT('',(8.803203236,6.127221044,2.61));
#3320=VERTEX_POINT('',#3319);
#3321=CARTESIAN_POINT('',(8.803203236,6.127221044,2.61));
#3322=DIRECTION('',(0.,0.,-1.));
#3323=VECTOR('',#3322,0.01);
#3324=LINE('',#3321,#3323);
#3325=EDGE_CURVE('',#3320,#3312,#3324,.T.);
#3326=ORIENTED_EDGE('',*,*,#3325,.F.);
#3327=CARTESIAN_POINT('',(8.803203236,6.127221044,2.61));
#3328=DIRECTION('',(1.,0.,-0.));
#3329=VECTOR('',#3328,0.458759721);
#3330=LINE('',#3327,#3329);
#3331=EDGE_CURVE('',#3320,#3276,#3330,.T.);
#3332=ORIENTED_EDGE('',*,*,#3331,.T.);
#3333=ORIENTED_EDGE('',*,*,#3281,.T.);
#3334=EDGE_LOOP('',(#3318,#3326,#3332,#3333));
#3335=FACE_BOUND('',#3334,.T.);
#3336=ADVANCED_FACE('',(#3335),#3310,.T.);
#3337=CARTESIAN_POINT('',(8.803203236,6.065871567,2.61));
#3338=DIRECTION('',(-1.,0.,0.));
#3339=DIRECTION('',(0.,0.,1.));
#3340=AXIS2_PLACEMENT_3D('',#3337,#3338,#3339);
#3341=PLANE('',#3340);
#3342=CARTESIAN_POINT('',(8.803203236,6.004522089,2.6));
#3343=VERTEX_POINT('',#3342);
#3344=CARTESIAN_POINT('',(8.803203236,6.004522089,2.6));
#3345=DIRECTION('',(0.,1.,0.));
#3346=VECTOR('',#3345,0.122698955);
#3347=LINE('',#3344,#3346);
#3348=EDGE_CURVE('',#3343,#3312,#3347,.T.);
#3349=ORIENTED_EDGE('',*,*,#3348,.F.);
#3350=CARTESIAN_POINT('',(8.803203236,6.004522089,2.61));
#3351=VERTEX_POINT('',#3350);
#3352=CARTESIAN_POINT('',(8.803203236,6.004522089,2.61));
#3353=DIRECTION('',(0.,0.,-1.));
#3354=VECTOR('',#3353,0.01);
#3355=LINE('',#3352,#3354);
#3356=EDGE_CURVE('',#3351,#3343,#3355,.T.);
#3357=ORIENTED_EDGE('',*,*,#3356,.F.);
#3358=CARTESIAN_POINT('',(8.803203236,6.004522089,2.61));
#3359=DIRECTION('',(0.,1.,0.));
#3360=VECTOR('',#3359,0.122698955);
#3361=LINE('',#3358,#3360);
#3362=EDGE_CURVE('',#3351,#3320,#3361,.T.);
#3363=ORIENTED_EDGE('',*,*,#3362,.T.);
#3364=ORIENTED_EDGE('',*,*,#3325,.T.);
#3365=EDGE_LOOP('',(#3349,#3357,#3363,#3364));
#3366=FACE_BOUND('',#3365,.T.);
#3367=ADVANCED_FACE('',(#3366),#3341,.T.);
#3368=CARTESIAN_POINT('',(9.032583097,6.004522089,2.61));
#3369=DIRECTION('',(0.,-1.,0.));
#3370=DIRECTION('',(0.,0.,-1.));
#3371=AXIS2_PLACEMENT_3D('',#3368,#3369,#3370);
#3372=PLANE('',#3371);
#3373=CARTESIAN_POINT('',(9.261962958,6.004522089,2.6));
#3374=VERTEX_POINT('',#3373);
#3375=CARTESIAN_POINT('',(9.261962958,6.004522089,2.6));
#3376=DIRECTION('',(-1.,0.,0.));
#3377=VECTOR('',#3376,0.458759721);
#3378=LINE('',#3375,#3377);
#3379=EDGE_CURVE('',#3374,#3343,#3378,.T.);
#3380=ORIENTED_EDGE('',*,*,#3379,.F.);
#3381=CARTESIAN_POINT('',(9.261962958,6.004522089,2.61));
#3382=VERTEX_POINT('',#3381);
#3383=CARTESIAN_POINT('',(9.261962958,6.004522089,2.61));
#3384=DIRECTION('',(0.,0.,-1.));
#3385=VECTOR('',#3384,0.01);
#3386=LINE('',#3383,#3385);
#3387=EDGE_CURVE('',#3382,#3374,#3386,.T.);
#3388=ORIENTED_EDGE('',*,*,#3387,.F.);
#3389=CARTESIAN_POINT('',(9.261962958,6.004522089,2.61));
#3390=DIRECTION('',(-1.,0.,0.));
#3391=VECTOR('',#3390,0.458759721);
#3392=LINE('',#3389,#3391);
#3393=EDGE_CURVE('',#3382,#3351,#3392,.T.);
#3394=ORIENTED_EDGE('',*,*,#3393,.T.);
#3395=ORIENTED_EDGE('',*,*,#3356,.T.);
#3396=EDGE_LOOP('',(#3380,#3388,#3394,#3395));
#3397=FACE_BOUND('',#3396,.T.);
#3398=ADVANCED_FACE('',(#3397),#3372,.T.);
#3399=CARTESIAN_POINT('',(9.443966672,6.471461151,2.61));
#3400=CARTESIAN_POINT('',(9.443966672,6.471461151,2.6));
#3401=CARTESIAN_POINT('',(9.510315023,6.414201576,2.61));
#3402=CARTESIAN_POINT('',(9.510315023,6.414201576,2.6));
#3403=CARTESIAN_POINT('',(9.543489665,6.341944914,2.61));
#3404=CARTESIAN_POINT('',(9.543489665,6.341944914,2.6));
#3405=CARTESIAN_POINT('',(9.543489665,6.254693028,2.61));
#3406=CARTESIAN_POINT('',(9.543489665,6.254693028,2.6));
#3407=CARTESIAN_POINT('',(9.543489665,6.201068405,2.61));
#3408=CARTESIAN_POINT('',(9.543489665,6.201068405,2.6));
#3409=CARTESIAN_POINT('',(9.53292381,6.154488306,2.61));
#3410=CARTESIAN_POINT('',(9.53292381,6.154488306,2.6));
#3411=CARTESIAN_POINT('',(9.511792101,6.114951801,2.61));
#3412=CARTESIAN_POINT('',(9.511792101,6.114951801,2.6));
#3413=CARTESIAN_POINT('',(9.490660392,6.075415295,2.61));
#3414=CARTESIAN_POINT('',(9.490660392,6.075415295,2.6));
#3415=CARTESIAN_POINT('',(9.461462498,6.047126371,2.61));
#3416=CARTESIAN_POINT('',(9.461462498,6.047126371,2.6));
#3417=CARTESIAN_POINT('',(9.424198419,6.0300841,2.61));
#3418=CARTESIAN_POINT('',(9.424198419,6.0300841,2.6));
#3419=CARTESIAN_POINT('',(9.38693434,6.013042759,2.61));
#3420=CARTESIAN_POINT('',(9.38693434,6.013042759,2.6));
#3421=CARTESIAN_POINT('',(9.332855232,6.004522089,2.61));
#3422=CARTESIAN_POINT('',(9.332855232,6.004522089,2.6));
#3423=CARTESIAN_POINT('',(9.261962958,6.004522089,2.61));
#3424=CARTESIAN_POINT('',(9.261962958,6.004522089,2.6));
#3425=B_SPLINE_SURFACE_WITH_KNOTS('',3,1,((#3399,#3400),(#3401,#3402),(#3403,#3404),(#3405,#3406),(#3407,#3408),(#3409,#3410),(#3411,#3412),(#3413,#3414),(#3415,#3416),(#3417,#3418),(#3419,#3420),(#3421,#3422),(#3423,#3424)),.UNSPECIFIED.,.F.,.F.,.U.,(4,3,3,3,4),(2,2),(0.,0.351644533,0.567763703,0.783882873,1.),(0.,1.),.UNSPECIFIED.);
#3426=CARTESIAN_POINT('',(9.443966672,6.471461151,2.6));
#3427=VERTEX_POINT('',#3426);
#3428=CARTESIAN_POINT('',(9.443966672,6.471461151,2.6));
#3429=CARTESIAN_POINT('',(9.510315023,6.414201576,2.6));
#3430=CARTESIAN_POINT('',(9.543489665,6.341944914,2.6));
#3431=CARTESIAN_POINT('',(9.543489665,6.254693028,2.6));
#3432=CARTESIAN_POINT('',(9.543489665,6.201068405,2.6));
#3433=CARTESIAN_POINT('',(9.53292381,6.154488306,2.6));
#3434=CARTESIAN_POINT('',(9.511792101,6.114951801,2.6));
#3435=CARTESIAN_POINT('',(9.490660392,6.075415295,2.6));
#3436=CARTESIAN_POINT('',(9.461462498,6.047126371,2.6));
#3437=CARTESIAN_POINT('',(9.424198419,6.0300841,2.6));
#3438=CARTESIAN_POINT('',(9.38693434,6.013042759,2.6));
#3439=CARTESIAN_POINT('',(9.332855232,6.004522089,2.6));
#3440=CARTESIAN_POINT('',(9.261962958,6.004522089,2.6));
#3441=B_SPLINE_CURVE_WITH_KNOTS('',3,(#3428,#3429,#3430,#3431,#3432,#3433,#3434,#3435,#3436,#3437,#3438,#3439,#3440),.UNSPECIFIED.,.F.,.F.,(4,3,3,3,4),(0.,0.351644533,0.567763703,0.783882873,1.),.UNSPECIFIED.);
#3442=EDGE_CURVE('',#3427,#3374,#3441,.T.);
#3443=ORIENTED_EDGE('',*,*,#3442,.F.);
#3444=CARTESIAN_POINT('',(9.443966672,6.471461151,2.61));
#3445=VERTEX_POINT('',#3444);
#3446=CARTESIAN_POINT('',(9.443966672,6.471461151,2.61));
#3447=DIRECTION('',(0.,0.,-1.));
#3448=VECTOR('',#3447,0.01);
#3449=LINE('',#3446,#3448);
#3450=EDGE_CURVE('',#3445,#3427,#3449,.T.);
#3451=ORIENTED_EDGE('',*,*,#3450,.F.);
#3452=CARTESIAN_POINT('',(9.443966672,6.471461151,2.61));
#3453=CARTESIAN_POINT('',(9.510315023,6.414201576,2.61));
#3454=CARTESIAN_POINT('',(9.543489665,6.341944914,2.61));
#3455=CARTESIAN_POINT('',(9.543489665,6.254693028,2.61));
#3456=CARTESIAN_POINT('',(9.543489665,6.201068405,2.61));
#3457=CARTESIAN_POINT('',(9.53292381,6.154488306,2.61));
#3458=CARTESIAN_POINT('',(9.511792101,6.114951801,2.61));
#3459=CARTESIAN_POINT('',(9.490660392,6.075415295,2.61));
#3460=CARTESIAN_POINT('',(9.461462498,6.047126371,2.61));
#3461=CARTESIAN_POINT('',(9.424198419,6.0300841,2.61));
#3462=CARTESIAN_POINT('',(9.38693434,6.013042759,2.61));
#3463=CARTESIAN_POINT('',(9.332855232,6.004522089,2.61));
#3464=CARTESIAN_POINT('',(9.261962958,6.004522089,2.61));
#3465=B_SPLINE_CURVE_WITH_KNOTS('',3,(#3452,#3453,#3454,#3455,#3456,#3457,#3458,#3459,#3460,#3461,#3462,#3463,#3464),.UNSPECIFIED.,.F.,.F.,(4,3,3,3,4),(0.,0.351644533,0.567763703,0.783882873,1.),.UNSPECIFIED.);
#3466=EDGE_CURVE('',#3445,#3382,#3465,.T.);
#3467=ORIENTED_EDGE('',*,*,#3466,.T.);
#3468=ORIENTED_EDGE('',*,*,#3387,.T.);
#3469=EDGE_LOOP('',(#3443,#3451,#3467,#3468));
#3470=FACE_BOUND('',#3469,.T.);
#3471=ADVANCED_FACE('',(#3470),#3425,.T.);
#3472=CARTESIAN_POINT('',(9.623243939,6.471461151,2.61));
#3473=DIRECTION('',(0.,-1.,0.));
#3474=DIRECTION('',(0.,0.,-1.));
#3475=AXIS2_PLACEMENT_3D('',#3472,#3473,#3474);
#3476=PLANE('',#3475);
#3477=CARTESIAN_POINT('',(9.802521206,6.471461151,2.6));
#3478=VERTEX_POINT('',#3477);
#3479=CARTESIAN_POINT('',(9.802521206,6.471461151,2.6));
#3480=DIRECTION('',(-1.,0.,0.));
#3481=VECTOR('',#3480,0.358554535);
#3482=LINE('',#3479,#3481);
#3483=EDGE_CURVE('',#3478,#3427,#3482,.T.);
#3484=ORIENTED_EDGE('',*,*,#3483,.F.);
#3485=CARTESIAN_POINT('',(9.802521206,6.471461151,2.61));
#3486=VERTEX_POINT('',#3485);
#3487=CARTESIAN_POINT('',(9.802521206,6.471461151,2.61));
#3488=DIRECTION('',(0.,0.,-1.));
#3489=VECTOR('',#3488,0.01);
#3490=LINE('',#3487,#3489);
#3491=EDGE_CURVE('',#3486,#3478,#3490,.T.);
#3492=ORIENTED_EDGE('',*,*,#3491,.F.);
#3493=CARTESIAN_POINT('',(9.802521206,6.471461151,2.61));
#3494=DIRECTION('',(-1.,0.,0.));
#3495=VECTOR('',#3494,0.358554535);
#3496=LINE('',#3493,#3495);
#3497=EDGE_CURVE('',#3486,#3445,#3496,.T.);
#3498=ORIENTED_EDGE('',*,*,#3497,.T.);
#3499=ORIENTED_EDGE('',*,*,#3450,.T.);
#3500=EDGE_LOOP('',(#3484,#3492,#3498,#3499));
#3501=FACE_BOUND('',#3500,.T.);
#3502=ADVANCED_FACE('',(#3501),#3476,.T.);
#3503=CARTESIAN_POINT('',(9.802521206,6.532811094,2.61));
#3504=DIRECTION('',(1.,0.,0.));
#3505=DIRECTION('',(0.,0.,-1.));
#3506=AXIS2_PLACEMENT_3D('',#3503,#3504,#3505);
#3507=PLANE('',#3506);
#3508=CARTESIAN_POINT('',(9.802521206,6.594161037,2.6));
#3509=DIRECTION('',(0.,-1.,0.));
#3510=VECTOR('',#3509,0.122699887);
#3511=LINE('',#3508,#3510);
#3512=EDGE_CURVE('',#3127,#3478,#3511,.T.);
#3513=ORIENTED_EDGE('',*,*,#3512,.F.);
#3514=ORIENTED_EDGE('',*,*,#3154,.F.);
#3515=CARTESIAN_POINT('',(9.802521206,6.594161037,2.61));
#3516=DIRECTION('',(0.,-1.,0.));
#3517=VECTOR('',#3516,0.122699887);
#3518=LINE('',#3515,#3517);
#3519=EDGE_CURVE('',#3143,#3486,#3518,.T.);
#3520=ORIENTED_EDGE('',*,*,#3519,.T.);
#3521=ORIENTED_EDGE('',*,*,#3491,.T.);
#3522=EDGE_LOOP('',(#3513,#3514,#3520,#3521));
#3523=FACE_BOUND('',#3522,.T.);
#3524=ADVANCED_FACE('',(#3523),#3507,.T.);
#3525=CARTESIAN_POINT('',(0.,0.,2.61));
#3526=DIRECTION('',(0.,0.,1.));
#3527=DIRECTION('',(1.,0.,0.));
#3528=AXIS2_PLACEMENT_3D('',#3525,#3526,#3527);
#3529=PLANE('',#3528);
#3530=ORIENTED_EDGE('',*,*,#3148,.F.);
#3531=ORIENTED_EDGE('',*,*,#3184,.F.);
#3532=ORIENTED_EDGE('',*,*,#3215,.F.);
#3533=ORIENTED_EDGE('',*,*,#3300,.F.);
#3534=ORIENTED_EDGE('',*,*,#3331,.F.);
#3535=ORIENTED_EDGE('',*,*,#3362,.F.);
#3536=ORIENTED_EDGE('',*,*,#3393,.F.);
#3537=ORIENTED_EDGE('',*,*,#3466,.F.);
#3538=ORIENTED_EDGE('',*,*,#3497,.F.);
#3539=ORIENTED_EDGE('',*,*,#3519,.F.);
#3540=EDGE_LOOP('',(#3530,#3531,#3532,#3533,#3534,#3535,#3536,#3537,#3538,#3539));
#3541=FACE_BOUND('',#3540,.T.);
#3542=ADVANCED_FACE('',(#3541),#3529,.T.);
#3543=CARTESIAN_POINT('',(0.,0.,2.6));
#3544=DIRECTION('',(0.,0.,1.));
#3545=DIRECTION('',(1.,0.,0.));
#3546=AXIS2_PLACEMENT_3D('',#3543,#3544,#3545);
#3547=PLANE('',#3546);
#3548=ORIENTED_EDGE('',*,*,#3132,.T.);
#3549=ORIENTED_EDGE('',*,*,#3512,.T.);
#3550=ORIENTED_EDGE('',*,*,#3483,.T.);
#3551=ORIENTED_EDGE('',*,*,#3442,.T.);
#3552=ORIENTED_EDGE('',*,*,#3379,.T.);
#3553=ORIENTED_EDGE('',*,*,#3348,.T.);
#3554=ORIENTED_EDGE('',*,*,#3317,.T.);
#3555=ORIENTED_EDGE('',*,*,#3273,.T.);
#3556=ORIENTED_EDGE('',*,*,#3201,.T.);
#3557=ORIENTED_EDGE('',*,*,#3170,.T.);
#3558=EDGE_LOOP('',(#3548,#3549,#3550,#3551,#3552,#3553,#3554,#3555,#3556,#3557));
#3559=FACE_BOUND('',#3558,.T.);
#3560=ADVANCED_FACE('',(#3559),#3547,.F.);
#3561=CLOSED_SHELL('',(#3158,#3189,#3220,#3305,#3336,#3367,#3398,#3471,#3502,#3524,#3542,#3560));
#3562=MANIFOLD_SOLID_BREP('Body 39',#3561);
#3118=STYLED_ITEM('',(#3089),#3562);
#3564=CARTESIAN_POINT('',(10.87797014,8.974044584,2.61));
#3565=DIRECTION('',(0.,-1.,0.));
#3566=DIRECTION('',(0.,0.,-1.));
#3567=AXIS2_PLACEMENT_3D('',#3564,#3565,#3566);
#3568=PLANE('',#3567);
#3569=CARTESIAN_POINT('',(11.321732774,8.974044584,2.6));
#3570=VERTEX_POINT('',#3569);
#3571=CARTESIAN_POINT('',(10.434207506,8.974044584,2.6));
#3572=VERTEX_POINT('',#3571);
#3573=CARTESIAN_POINT('',(11.321732774,8.974044584,2.6));
#3574=DIRECTION('',(-1.,0.,0.));
#3575=VECTOR('',#3574,0.887525268);
#3576=LINE('',#3573,#3575);
#3577=EDGE_CURVE('',#3570,#3572,#3576,.T.);
#3578=ORIENTED_EDGE('',*,*,#3577,.F.);
#3579=CARTESIAN_POINT('',(11.321732774,8.974044584,2.61));
#3580=VERTEX_POINT('',#3579);
#3581=CARTESIAN_POINT('',(11.321732774,8.974044584,2.61));
#3582=DIRECTION('',(0.,0.,-1.));
#3583=VECTOR('',#3582,0.01);
#3584=LINE('',#3581,#3583);
#3585=EDGE_CURVE('',#3580,#3570,#3584,.T.);
#3586=ORIENTED_EDGE('',*,*,#3585,.F.);
#3587=CARTESIAN_POINT('',(10.434207506,8.974044584,2.61));
#3588=VERTEX_POINT('',#3587);
#3589=CARTESIAN_POINT('',(11.321732774,8.974044584,2.61));
#3590=DIRECTION('',(-1.,0.,0.));
#3591=VECTOR('',#3590,0.887525268);
#3592=LINE('',#3589,#3591);
#3593=EDGE_CURVE('',#3580,#3588,#3592,.T.);
#3594=ORIENTED_EDGE('',*,*,#3593,.T.);
#3595=CARTESIAN_POINT('',(10.434207506,8.974044584,2.61));
#3596=DIRECTION('',(0.,0.,-1.));
#3597=VECTOR('',#3596,0.01);
#3598=LINE('',#3595,#3597);
#3599=EDGE_CURVE('',#3588,#3572,#3598,.T.);
#3600=ORIENTED_EDGE('',*,*,#3599,.T.);
#3601=EDGE_LOOP('',(#3578,#3586,#3594,#3600));
#3602=FACE_BOUND('',#3601,.T.);
#3603=ADVANCED_FACE('',(#3602),#3568,.T.);
#3604=CARTESIAN_POINT('',(11.321732774,8.820670657,2.61));
#3605=DIRECTION('',(-1.,0.,0.));
#3606=DIRECTION('',(0.,0.,1.));
#3607=AXIS2_PLACEMENT_3D('',#3604,#3605,#3606);
#3608=PLANE('',#3607);
#3609=CARTESIAN_POINT('',(11.321732774,8.66729673,2.6));
#3610=VERTEX_POINT('',#3609);
#3611=CARTESIAN_POINT('',(11.321732774,8.66729673,2.6));
#3612=DIRECTION('',(0.,1.,0.));
#3613=VECTOR('',#3612,0.306747854);
#3614=LINE('',#3611,#3613);
#3615=EDGE_CURVE('',#3610,#3570,#3614,.T.);
#3616=ORIENTED_EDGE('',*,*,#3615,.F.);
#3617=CARTESIAN_POINT('',(11.321732774,8.66729673,2.61));
#3618=VERTEX_POINT('',#3617);
#3619=CARTESIAN_POINT('',(11.321732774,8.66729673,2.61));
#3620=DIRECTION('',(0.,0.,-1.));
#3621=VECTOR('',#3620,0.01);
#3622=LINE('',#3619,#3621);
#3623=EDGE_CURVE('',#3618,#3610,#3622,.T.);
#3624=ORIENTED_EDGE('',*,*,#3623,.F.);
#3625=CARTESIAN_POINT('',(11.321732774,8.66729673,2.61));
#3626=DIRECTION('',(0.,1.,0.));
#3627=VECTOR('',#3626,0.306747854);
#3628=LINE('',#3625,#3627);
#3629=EDGE_CURVE('',#3618,#3580,#3628,.T.);
#3630=ORIENTED_EDGE('',*,*,#3629,.T.);
#3631=ORIENTED_EDGE('',*,*,#3585,.T.);
#3632=EDGE_LOOP('',(#3616,#3624,#3630,#3631));
#3633=FACE_BOUND('',#3632,.T.);
#3634=ADVANCED_FACE('',(#3633),#3608,.T.);
#3635=CARTESIAN_POINT('',(11.312189512,8.520057425,2.61));
#3636=CARTESIAN_POINT('',(11.312189512,8.520057425,2.6));
#3637=CARTESIAN_POINT('',(11.318552308,8.550050668,2.61));
#3638=CARTESIAN_POINT('',(11.318552308,8.550050668,2.6));
#3639=CARTESIAN_POINT('',(11.321732774,8.599130437,2.61));
#3640=CARTESIAN_POINT('',(11.321732774,8.599130437,2.6));
#3641=CARTESIAN_POINT('',(11.321732774,8.66729673,2.61));
#3642=CARTESIAN_POINT('',(11.321732774,8.66729673,2.6));
#3643=B_SPLINE_SURFACE_WITH_KNOTS('',3,1,((#3635,#3636),(#3637,#3638),(#3639,#3640),(#3641,#3642)),.UNSPECIFIED.,.F.,.F.,.U.,(4,4),(2,2),(0.804676161,1.),(0.,1.),.UNSPECIFIED.);
#3644=CARTESIAN_POINT('',(11.312189512,8.520057425,2.6));
#3645=VERTEX_POINT('',#3644);
#3646=CARTESIAN_POINT('',(11.312189512,8.520057425,2.6));
#3647=CARTESIAN_POINT('',(11.318552308,8.550050668,2.6));
#3648=CARTESIAN_POINT('',(11.321732774,8.599130437,2.6));
#3649=CARTESIAN_POINT('',(11.321732774,8.66729673,2.6));
#3650=B_SPLINE_CURVE_WITH_KNOTS('',3,(#3646,#3647,#3648,#3649),.UNSPECIFIED.,.F.,.F.,(4,4),(0.804676161,1.),.UNSPECIFIED.);
#3651=EDGE_CURVE('',#3645,#3610,#3650,.T.);
#3652=ORIENTED_EDGE('',*,*,#3651,.F.);
#3653=CARTESIAN_POINT('',(11.312189512,8.520057425,2.61));
#3654=VERTEX_POINT('',#3653);
#3655=CARTESIAN_POINT('',(11.312189512,8.520057425,2.61));
#3656=DIRECTION('',(0.,0.,-1.));
#3657=VECTOR('',#3656,0.01);
#3658=LINE('',#3655,#3657);
#3659=EDGE_CURVE('',#3654,#3645,#3658,.T.);
#3660=ORIENTED_EDGE('',*,*,#3659,.F.);
#3661=CARTESIAN_POINT('',(11.312189512,8.520057425,2.61));
#3662=CARTESIAN_POINT('',(11.318552308,8.550050668,2.61));
#3663=CARTESIAN_POINT('',(11.321732774,8.599130437,2.61));
#3664=CARTESIAN_POINT('',(11.321732774,8.66729673,2.61));
#3665=B_SPLINE_CURVE_WITH_KNOTS('',3,(#3661,#3662,#3663,#3664),.UNSPECIFIED.,.F.,.F.,(4,4),(0.804676161,1.),.UNSPECIFIED.);
#3666=EDGE_CURVE('',#3654,#3618,#3665,.T.);
#3667=ORIENTED_EDGE('',*,*,#3666,.T.);
#3668=ORIENTED_EDGE('',*,*,#3623,.T.);
#3669=EDGE_LOOP('',(#3652,#3660,#3667,#3668));
#3670=FACE_BOUND('',#3669,.T.);
#3671=ADVANCED_FACE('',(#3670),#3643,.T.);
#3672=CARTESIAN_POINT('',(10.850022547,8.074249141,2.61));
#3673=CARTESIAN_POINT('',(10.850022547,8.074249141,2.6));
#3674=CARTESIAN_POINT('',(10.96999459,8.151505142,2.61));
#3675=CARTESIAN_POINT('',(10.96999459,8.151505142,2.6));
#3676=CARTESIAN_POINT('',(11.061792262,8.215126581,2.61));
#3677=CARTESIAN_POINT('',(11.061792262,8.215126581,2.6));
#3678=CARTESIAN_POINT('',(11.125413701,8.265115321,2.61));
#3679=CARTESIAN_POINT('',(11.125413701,8.265115321,2.6));
#3680=CARTESIAN_POINT('',(11.189036071,8.31510406,2.61));
#3681=CARTESIAN_POINT('',(11.189036071,8.31510406,2.6));
#3682=CARTESIAN_POINT('',(11.233570985,8.359866217,2.61));
#3683=CARTESIAN_POINT('',(11.233570985,8.359866217,2.6));
#3684=CARTESIAN_POINT('',(11.259020306,8.399402723,2.61));
#3685=CARTESIAN_POINT('',(11.259020306,8.399402723,2.6));
#3686=CARTESIAN_POINT('',(11.284468696,8.438939229,2.61));
#3687=CARTESIAN_POINT('',(11.284468696,8.438939229,2.6));
#3688=CARTESIAN_POINT('',(11.302191764,8.479157463,2.61));
#3689=CARTESIAN_POINT('',(11.302191764,8.479157463,2.6));
#3690=CARTESIAN_POINT('',(11.312189512,8.520057425,2.61));
#3691=CARTESIAN_POINT('',(11.312189512,8.520057425,2.6));
#3692=B_SPLINE_SURFACE_WITH_KNOTS('',3,1,((#3672,#3673),(#3674,#3675),(#3676,#3677),(#3678,#3679),(#3680,#3681),(#3682,#3683),(#3684,#3685),(#3686,#3687),(#3688,#3689),(#3690,#3691)),.UNSPECIFIED.,.F.,.F.,.U.,(4,3,3,4),(2,2),(0.,0.268224727,0.536451882,0.804676161),(0.,1.),.UNSPECIFIED.);
#3693=CARTESIAN_POINT('',(10.850022547,8.074249141,2.6));
#3694=VERTEX_POINT('',#3693);
#3695=CARTESIAN_POINT('',(10.850022547,8.074249141,2.6));
#3696=CARTESIAN_POINT('',(10.96999459,8.151505142,2.6));
#3697=CARTESIAN_POINT('',(11.061792262,8.215126581,2.6));
#3698=CARTESIAN_POINT('',(11.125413701,8.265115321,2.6));
#3699=CARTESIAN_POINT('',(11.189036071,8.31510406,2.6));
#3700=CARTESIAN_POINT('',(11.233570985,8.359866217,2.6));
#3701=CARTESIAN_POINT('',(11.259020306,8.399402723,2.6));
#3702=CARTESIAN_POINT('',(11.284468696,8.438939229,2.6));
#3703=CARTESIAN_POINT('',(11.302191764,8.479157463,2.6));
#3704=CARTESIAN_POINT('',(11.312189512,8.520057425,2.6));
#3705=B_SPLINE_CURVE_WITH_KNOTS('',3,(#3695,#3696,#3697,#3698,#3699,#3700,#3701,#3702,#3703,#3704),.UNSPECIFIED.,.F.,.F.,(4,3,3,4),(0.,0.268224727,0.536451882,0.804676161),.UNSPECIFIED.);
#3706=EDGE_CURVE('',#3694,#3645,#3705,.T.);
#3707=ORIENTED_EDGE('',*,*,#3706,.F.);
#3708=CARTESIAN_POINT('',(10.850022547,8.074249141,2.61));
#3709=VERTEX_POINT('',#3708);
#3710=CARTESIAN_POINT('',(10.850022547,8.074249141,2.61));
#3711=DIRECTION('',(0.,0.,-1.));
#3712=VECTOR('',#3711,0.01);
#3713=LINE('',#3710,#3712);
#3714=EDGE_CURVE('',#3709,#3694,#3713,.T.);
#3715=ORIENTED_EDGE('',*,*,#3714,.F.);
#3716=CARTESIAN_POINT('',(10.850022547,8.074249141,2.61));
#3717=CARTESIAN_POINT('',(10.96999459,8.151505142,2.61));
#3718=CARTESIAN_POINT('',(11.061792262,8.215126581,2.61));
#3719=CARTESIAN_POINT('',(11.125413701,8.265115321,2.61));
#3720=CARTESIAN_POINT('',(11.189036071,8.31510406,2.61));
#3721=CARTESIAN_POINT('',(11.233570985,8.359866217,2.61));
#3722=CARTESIAN_POINT('',(11.259020306,8.399402723,2.61));
#3723=CARTESIAN_POINT('',(11.284468696,8.438939229,2.61));
#3724=CARTESIAN_POINT('',(11.302191764,8.479157463,2.61));
#3725=CARTESIAN_POINT('',(11.312189512,8.520057425,2.61));
#3726=B_SPLINE_CURVE_WITH_KNOTS('',3,(#3716,#3717,#3718,#3719,#3720,#3721,#3722,#3723,#3724,#3725),.UNSPECIFIED.,.F.,.F.,(4,3,3,4),(0.,0.268224727,0.536451882,0.804676161),.UNSPECIFIED.);
#3727=EDGE_CURVE('',#3709,#3654,#3726,.T.);
#3728=ORIENTED_EDGE('',*,*,#3727,.T.);
#3729=ORIENTED_EDGE('',*,*,#3659,.T.);
#3730=EDGE_LOOP('',(#3707,#3715,#3728,#3729));
#3731=FACE_BOUND('',#3730,.T.);
#3732=ADVANCED_FACE('',(#3731),#3692,.T.);
#3733=CARTESIAN_POINT('',(10.642115027,7.942006458,2.61));
#3734=DIRECTION('',(-0.536696089,0.843775627,0.));
#3735=DIRECTION('',(-0.843775627,-0.536696089,0.));
#3736=AXIS2_PLACEMENT_3D('',#3733,#3734,#3735);
#3737=PLANE('',#3736);
#3738=CARTESIAN_POINT('',(10.434207506,7.809763774,2.6));
#3739=VERTEX_POINT('',#3738);
#3740=CARTESIAN_POINT('',(10.434207506,7.809763774,2.6));
#3741=DIRECTION('',(0.843775627,0.536696089,0.));
#3742=VECTOR('',#3741,0.492802858);
#3743=LINE('',#3740,#3742);
#3744=EDGE_CURVE('',#3739,#3694,#3743,.T.);
#3745=ORIENTED_EDGE('',*,*,#3744,.F.);
#3746=CARTESIAN_POINT('',(10.434207506,7.809763774,2.61));
#3747=VERTEX_POINT('',#3746);
#3748=CARTESIAN_POINT('',(10.434207506,7.809763774,2.61));
#3749=DIRECTION('',(0.,0.,-1.));
#3750=VECTOR('',#3749,0.01);
#3751=LINE('',#3748,#3750);
#3752=EDGE_CURVE('',#3747,#3739,#3751,.T.);
#3753=ORIENTED_EDGE('',*,*,#3752,.F.);
#3754=CARTESIAN_POINT('',(10.434207506,7.809763774,2.61));
#3755=DIRECTION('',(0.843775627,0.536696089,0.));
#3756=VECTOR('',#3755,0.492802858);
#3757=LINE('',#3754,#3756);
#3758=EDGE_CURVE('',#3747,#3709,#3757,.T.);
#3759=ORIENTED_EDGE('',*,*,#3758,.T.);
#3760=ORIENTED_EDGE('',*,*,#3714,.T.);
#3761=EDGE_LOOP('',(#3745,#3753,#3759,#3760));
#3762=FACE_BOUND('',#3761,.T.);
#3763=ADVANCED_FACE('',(#3762),#3737,.T.);
#3764=CARTESIAN_POINT('',(10.434207506,7.64343841,2.61));
#3765=DIRECTION('',(-1.,0.,0.));
#3766=DIRECTION('',(0.,0.,1.));
#3767=AXIS2_PLACEMENT_3D('',#3764,#3765,#3766);
#3768=PLANE('',#3767);
#3769=CARTESIAN_POINT('',(10.434207506,7.477113046,2.6));
#3770=VERTEX_POINT('',#3769);
#3771=CARTESIAN_POINT('',(10.434207506,7.477113046,2.6));
#3772=DIRECTION('',(0.,1.,0.));
#3773=VECTOR('',#3772,0.332650729);
#3774=LINE('',#3771,#3773);
#3775=EDGE_CURVE('',#3770,#3739,#3774,.T.);
#3776=ORIENTED_EDGE('',*,*,#3775,.F.);
#3777=CARTESIAN_POINT('',(10.434207506,7.477113046,2.61));
#3778=VERTEX_POINT('',#3777);
#3779=CARTESIAN_POINT('',(10.434207506,7.477113046,2.61));
#3780=DIRECTION('',(0.,0.,-1.));
#3781=VECTOR('',#3780,0.01);
#3782=LINE('',#3779,#3781);
#3783=EDGE_CURVE('',#3778,#3770,#3782,.T.);
#3784=ORIENTED_EDGE('',*,*,#3783,.F.);
#3785=CARTESIAN_POINT('',(10.434207506,7.477113046,2.61));
#3786=DIRECTION('',(0.,1.,0.));
#3787=VECTOR('',#3786,0.332650729);
#3788=LINE('',#3785,#3787);
#3789=EDGE_CURVE('',#3778,#3747,#3788,.T.);
#3790=ORIENTED_EDGE('',*,*,#3789,.T.);
#3791=ORIENTED_EDGE('',*,*,#3752,.T.);
#3792=EDGE_LOOP('',(#3776,#3784,#3790,#3791));
#3793=FACE_BOUND('',#3792,.T.);
#3794=ADVANCED_FACE('',(#3793),#3768,.T.);
#3795=CARTESIAN_POINT('',(10.706190951,7.650936954,2.61));
#3796=DIRECTION('',(0.538514029,-0.842616544,0.));
#3797=DIRECTION('',(0.842616544,0.538514029,0.));
#3798=AXIS2_PLACEMENT_3D('',#3795,#3796,#3797);
#3799=PLANE('',#3798);
#3800=CARTESIAN_POINT('',(10.978174396,7.824760862,2.6));
#3801=VERTEX_POINT('',#3800);
#3802=CARTESIAN_POINT('',(10.978174396,7.824760862,2.6));
#3803=DIRECTION('',(-0.842616544,-0.538514029,0.));
#3804=VECTOR('',#3803,0.645568727);
#3805=LINE('',#3802,#3804);
#3806=EDGE_CURVE('',#3801,#3770,#3805,.T.);
#3807=ORIENTED_EDGE('',*,*,#3806,.F.);
#3808=CARTESIAN_POINT('',(10.978174396,7.824760862,2.61));
#3809=VERTEX_POINT('',#3808);
#3810=CARTESIAN_POINT('',(10.978174396,7.824760862,2.61));
#3811=DIRECTION('',(0.,0.,-1.));
#3812=VECTOR('',#3811,0.01);
#3813=LINE('',#3810,#3812);
#3814=EDGE_CURVE('',#3809,#3801,#3813,.T.);
#3815=ORIENTED_EDGE('',*,*,#3814,.F.);
#3816=CARTESIAN_POINT('',(10.978174396,7.824760862,2.61));
#3817=DIRECTION('',(-0.842616544,-0.538514029,0.));
#3818=VECTOR('',#3817,0.645568727);
#3819=LINE('',#3816,#3818);
#3820=EDGE_CURVE('',#3809,#3778,#3819,.T.);
#3821=ORIENTED_EDGE('',*,*,#3820,.T.);
#3822=ORIENTED_EDGE('',*,*,#3783,.T.);
#3823=EDGE_LOOP('',(#3807,#3815,#3821,#3822));
#3824=FACE_BOUND('',#3823,.T.);
#3825=ADVANCED_FACE('',(#3824),#3799,.T.);
#3826=CARTESIAN_POINT('',(11.244023219,8.044255897,2.61));
#3827=CARTESIAN_POINT('',(11.244023219,8.044255897,2.6));
#3828=CARTESIAN_POINT('',(11.173130944,7.967000827,2.61));
#3829=CARTESIAN_POINT('',(11.173130944,7.967000827,2.6));
#3830=CARTESIAN_POINT('',(11.084513739,7.893836126,2.61));
#3831=CARTESIAN_POINT('',(11.084513739,7.893836126,2.6));
#3832=CARTESIAN_POINT('',(10.978174396,7.824760862,2.61));
#3833=CARTESIAN_POINT('',(10.978174396,7.824760862,2.6));
#3834=B_SPLINE_SURFACE_WITH_KNOTS('',3,1,((#3826,#3827),(#3828,#3829),(#3830,#3831),(#3832,#3833)),.UNSPECIFIED.,.F.,.F.,.U.,(4,4),(2,2),(0.846123182,1.),(0.,1.),.UNSPECIFIED.);
#3835=CARTESIAN_POINT('',(11.244023219,8.044255897,2.6));
#3836=VERTEX_POINT('',#3835);
#3837=CARTESIAN_POINT('',(11.244023219,8.044255897,2.6));
#3838=CARTESIAN_POINT('',(11.173130944,7.967000827,2.6));
#3839=CARTESIAN_POINT('',(11.084513739,7.893836126,2.6));
#3840=CARTESIAN_POINT('',(10.978174396,7.824760862,2.6));
#3841=B_SPLINE_CURVE_WITH_KNOTS('',3,(#3837,#3838,#3839,#3840),.UNSPECIFIED.,.F.,.F.,(4,4),(0.846123182,1.),.UNSPECIFIED.);
#3842=EDGE_CURVE('',#3836,#3801,#3841,.T.);
#3843=ORIENTED_EDGE('',*,*,#3842,.F.);
#3844=CARTESIAN_POINT('',(11.244023219,8.044255897,2.61));
#3845=VERTEX_POINT('',#3844);
#3846=CARTESIAN_POINT('',(11.244023219,8.044255897,2.61));
#3847=DIRECTION('',(0.,0.,-1.));
#3848=VECTOR('',#3847,0.01);
#3849=LINE('',#3846,#3848);
#3850=EDGE_CURVE('',#3845,#3836,#3849,.T.);
#3851=ORIENTED_EDGE('',*,*,#3850,.F.);
#3852=CARTESIAN_POINT('',(11.244023219,8.044255897,2.61));
#3853=CARTESIAN_POINT('',(11.173130944,7.967000827,2.61));
#3854=CARTESIAN_POINT('',(11.084513739,7.893836126,2.61));
#3855=CARTESIAN_POINT('',(10.978174396,7.824760862,2.61));
#3856=B_SPLINE_CURVE_WITH_KNOTS('',3,(#3852,#3853,#3854,#3855),.UNSPECIFIED.,.F.,.F.,(4,4),(0.846123182,1.),.UNSPECIFIED.);
#3857=EDGE_CURVE('',#3845,#3809,#3856,.T.);
#3858=ORIENTED_EDGE('',*,*,#3857,.T.);
#3859=ORIENTED_EDGE('',*,*,#3814,.T.);
#3860=EDGE_LOOP('',(#3843,#3851,#3858,#3859));
#3861=FACE_BOUND('',#3860,.T.);
#3862=ADVANCED_FACE('',(#3861),#3834,.T.);
#3863=CARTESIAN_POINT('',(11.343546212,8.203765377,2.61));
#3864=CARTESIAN_POINT('',(11.343546212,8.203765377,2.6));
#3865=CARTESIAN_POINT('',(11.309918016,8.133781143,2.61));
#3866=CARTESIAN_POINT('',(11.309918016,8.133781143,2.6));
#3867=CARTESIAN_POINT('',(11.276743375,8.080611937,2.61));
#3868=CARTESIAN_POINT('',(11.276743375,8.080611937,2.6));
#3869=CARTESIAN_POINT('',(11.244023219,8.044255897,2.61));
#3870=CARTESIAN_POINT('',(11.244023219,8.044255897,2.6));
#3871=B_SPLINE_SURFACE_WITH_KNOTS('',3,1,((#3863,#3864),(#3865,#3866),(#3867,#3868),(#3869,#3870)),.UNSPECIFIED.,.F.,.F.,.U.,(4,4),(2,2),(0.774342377,0.846123182),(0.,1.),.UNSPECIFIED.);
#3872=CARTESIAN_POINT('',(11.343546212,8.203765377,2.6));
#3873=VERTEX_POINT('',#3872);
#3874=CARTESIAN_POINT('',(11.343546212,8.203765377,2.6));
#3875=CARTESIAN_POINT('',(11.309918016,8.133781143,2.6));
#3876=CARTESIAN_POINT('',(11.276743375,8.080611937,2.6));
#3877=CARTESIAN_POINT('',(11.244023219,8.044255897,2.6));
#3878=B_SPLINE_CURVE_WITH_KNOTS('',3,(#3874,#3875,#3876,#3877),.UNSPECIFIED.,.F.,.F.,(4,4),(0.774342377,0.846123182),.UNSPECIFIED.);
#3879=EDGE_CURVE('',#3873,#3836,#3878,.T.);
#3880=ORIENTED_EDGE('',*,*,#3879,.F.);
#3881=CARTESIAN_POINT('',(11.343546212,8.203765377,2.61));
#3882=VERTEX_POINT('',#3881);
#3883=CARTESIAN_POINT('',(11.343546212,8.203765377,2.61));
#3884=DIRECTION('',(0.,0.,-1.));
#3885=VECTOR('',#3884,0.01);
#3886=LINE('',#3883,#3885);
#3887=EDGE_CURVE('',#3882,#3873,#3886,.T.);
#3888=ORIENTED_EDGE('',*,*,#3887,.F.);
#3889=CARTESIAN_POINT('',(11.343546212,8.203765377,2.61));
#3890=CARTESIAN_POINT('',(11.309918016,8.133781143,2.61));
#3891=CARTESIAN_POINT('',(11.276743375,8.080611937,2.61));
#3892=CARTESIAN_POINT('',(11.244023219,8.044255897,2.61));
#3893=B_SPLINE_CURVE_WITH_KNOTS('',3,(#3889,#3890,#3891,#3892),.UNSPECIFIED.,.F.,.F.,(4,4),(0.774342377,0.846123182),.UNSPECIFIED.);
#3894=EDGE_CURVE('',#3882,#3845,#3893,.T.);
#3895=ORIENTED_EDGE('',*,*,#3894,.T.);
#3896=ORIENTED_EDGE('',*,*,#3850,.T.);
#3897=EDGE_LOOP('',(#3880,#3888,#3895,#3896));
#3898=FACE_BOUND('',#3897,.T.);
#3899=ADVANCED_FACE('',(#3898),#3871,.T.);
#3900=CARTESIAN_POINT('',(12.432844378,8.352368139,2.61));
#3901=CARTESIAN_POINT('',(12.432844378,8.352368139,2.6));
#3902=CARTESIAN_POINT('',(12.432844378,8.174226619,2.61));
#3903=CARTESIAN_POINT('',(12.432844378,8.174226619,2.6));
#3904=CARTESIAN_POINT('',(12.414893135,8.038803004,2.61));
#3905=CARTESIAN_POINT('',(12.414893135,8.038803004,2.6));
#3906=CARTESIAN_POINT('',(12.378992513,7.946097292,2.61));
#3907=CARTESIAN_POINT('',(12.378992513,7.946097292,2.6));
#3908=CARTESIAN_POINT('',(12.34309189,7.853390649,2.61));
#3909=CARTESIAN_POINT('',(12.34309189,7.853390649,2.6));
#3910=CARTESIAN_POINT('',(12.279696763,7.779316977,2.61));
#3911=CARTESIAN_POINT('',(12.279696763,7.779316977,2.6));
#3912=CARTESIAN_POINT('',(12.188808993,7.723874412,2.61));
#3913=CARTESIAN_POINT('',(12.188808993,7.723874412,2.6));
#3914=CARTESIAN_POINT('',(12.097920291,7.66843278,2.61));
#3915=CARTESIAN_POINT('',(12.097920291,7.66843278,2.6));
#3916=CARTESIAN_POINT('',(11.997488327,7.640711963,2.61));
#3917=CARTESIAN_POINT('',(11.997488327,7.640711963,2.6));
#3918=CARTESIAN_POINT('',(11.887513101,7.640711963,2.61));
#3919=CARTESIAN_POINT('',(11.887513101,7.640711963,2.6));
#3920=CARTESIAN_POINT('',(11.745727621,7.640711963,2.61));
#3921=CARTESIAN_POINT('',(11.745727621,7.640711963,2.6));
#3922=CARTESIAN_POINT('',(11.626209132,7.686610334,2.61));
#3923=CARTESIAN_POINT('',(11.626209132,7.686610334,2.6));
#3924=CARTESIAN_POINT('',(11.528958566,7.778408006,2.61));
#3925=CARTESIAN_POINT('',(11.528958566,7.778408006,2.6));
#3926=CARTESIAN_POINT('',(11.431708001,7.870204747,2.61));
#3927=CARTESIAN_POINT('',(11.431708001,7.870204747,2.6));
#3928=CARTESIAN_POINT('',(11.369903572,8.011991158,2.61));
#3929=CARTESIAN_POINT('',(11.369903572,8.011991158,2.6));
#3930=CARTESIAN_POINT('',(11.343546212,8.203765377,2.61));
#3931=CARTESIAN_POINT('',(11.343546212,8.203765377,2.6));
#3932=B_SPLINE_SURFACE_WITH_KNOTS('',3,1,((#3900,#3901),(#3902,#3903),(#3904,#3905),(#3906,#3907),(#3908,#3909),(#3910,#3911),(#3912,#3913),(#3914,#3915),(#3916,#3917),(#3918,#3919),(#3920,#3921),(#3922,#3923),(#3924,#3925),(#3926,#3927),(#3928,#3929),(#3930,#3931)),.UNSPECIFIED.,.F.,.F.,.U.,(4,3,3,3,3,4),(2,2),(0.,0.138807284,0.277615782,0.416424683,0.595383958,0.774342377),(0.,1.),.UNSPECIFIED.);
#3933=CARTESIAN_POINT('',(12.432844378,8.352368139,2.6));
#3934=VERTEX_POINT('',#3933);
#3935=CARTESIAN_POINT('',(12.432844378,8.352368139,2.6));
#3936=CARTESIAN_POINT('',(12.432844378,8.174226619,2.6));
#3937=CARTESIAN_POINT('',(12.414893135,8.038803004,2.6));
#3938=CARTESIAN_POINT('',(12.378992513,7.946097292,2.6));
#3939=CARTESIAN_POINT('',(12.34309189,7.853390649,2.6));
#3940=CARTESIAN_POINT('',(12.279696763,7.779316977,2.6));
#3941=CARTESIAN_POINT('',(12.188808993,7.723874412,2.6));
#3942=CARTESIAN_POINT('',(12.097920291,7.66843278,2.6));
#3943=CARTESIAN_POINT('',(11.997488327,7.640711963,2.6));
#3944=CARTESIAN_POINT('',(11.887513101,7.640711963,2.6));
#3945=CARTESIAN_POINT('',(11.745727621,7.640711963,2.6));
#3946=CARTESIAN_POINT('',(11.626209132,7.686610334,2.6));
#3947=CARTESIAN_POINT('',(11.528958566,7.778408006,2.6));
#3948=CARTESIAN_POINT('',(11.431708001,7.870204747,2.6));
#3949=CARTESIAN_POINT('',(11.369903572,8.011991158,2.6));
#3950=CARTESIAN_POINT('',(11.343546212,8.203765377,2.6));
#3951=B_SPLINE_CURVE_WITH_KNOTS('',3,(#3935,#3936,#3937,#3938,#3939,#3940,#3941,#3942,#3943,#3944,#3945,#3946,#3947,#3948,#3949,#3950),.UNSPECIFIED.,.F.,.F.,(4,3,3,3,3,4),(0.,0.138807284,0.277615782,0.416424683,0.595383958,0.774342377),.UNSPECIFIED.);
#3952=EDGE_CURVE('',#3934,#3873,#3951,.T.);
#3953=ORIENTED_EDGE('',*,*,#3952,.F.);
#3954=CARTESIAN_POINT('',(12.432844378,8.352368139,2.61));
#3955=VERTEX_POINT('',#3954);
#3956=CARTESIAN_POINT('',(12.432844378,8.352368139,2.61));
#3957=DIRECTION('',(0.,0.,-1.));
#3958=VECTOR('',#3957,0.01);
#3959=LINE('',#3956,#3958);
#3960=EDGE_CURVE('',#3955,#3934,#3959,.T.);
#3961=ORIENTED_EDGE('',*,*,#3960,.F.);
#3962=CARTESIAN_POINT('',(12.432844378,8.352368139,2.61));
#3963=CARTESIAN_POINT('',(12.432844378,8.174226619,2.61));
#3964=CARTESIAN_POINT('',(12.414893135,8.038803004,2.61));
#3965=CARTESIAN_POINT('',(12.378992513,7.946097292,2.61));
#3966=CARTESIAN_POINT('',(12.34309189,7.853390649,2.61));
#3967=CARTESIAN_POINT('',(12.279696763,7.779316977,2.61));
#3968=CARTESIAN_POINT('',(12.188808993,7.723874412,2.61));
#3969=CARTESIAN_POINT('',(12.097920291,7.66843278,2.61));
#3970=CARTESIAN_POINT('',(11.997488327,7.640711963,2.61));
#3971=CARTESIAN_POINT('',(11.887513101,7.640711963,2.61));
#3972=CARTESIAN_POINT('',(11.745727621,7.640711963,2.61));
#3973=CARTESIAN_POINT('',(11.626209132,7.686610334,2.61));
#3974=CARTESIAN_POINT('',(11.528958566,7.778408006,2.61));
#3975=CARTESIAN_POINT('',(11.431708001,7.870204747,2.61));
#3976=CARTESIAN_POINT('',(11.369903572,8.011991158,2.61));
#3977=CARTESIAN_POINT('',(11.343546212,8.203765377,2.61));
#3978=B_SPLINE_CURVE_WITH_KNOTS('',3,(#3962,#3963,#3964,#3965,#3966,#3967,#3968,#3969,#3970,#3971,#3972,#3973,#3974,#3975,#3976,#3977),.UNSPECIFIED.,.F.,.F.,(4,3,3,3,3,4),(0.,0.138807284,0.277615782,0.416424683,0.595383958,0.774342377),.UNSPECIFIED.);
#3979=EDGE_CURVE('',#3955,#3882,#3978,.T.);
#3980=ORIENTED_EDGE('',*,*,#3979,.T.);
#3981=ORIENTED_EDGE('',*,*,#3887,.T.);
#3982=EDGE_LOOP('',(#3953,#3961,#3980,#3981));
#3983=FACE_BOUND('',#3982,.T.);
#3984=ADVANCED_FACE('',(#3983),#3932,.T.);
#3985=CARTESIAN_POINT('',(12.432844378,8.795449045,2.61));
#3986=DIRECTION('',(1.,0.,0.));
#3987=DIRECTION('',(0.,0.,-1.));
#3988=AXIS2_PLACEMENT_3D('',#3985,#3986,#3987);
#3989=PLANE('',#3988);
#3990=CARTESIAN_POINT('',(12.432844378,9.23852995,2.6));
#3991=VERTEX_POINT('',#3990);
#3992=CARTESIAN_POINT('',(12.432844378,9.23852995,2.6));
#3993=DIRECTION('',(0.,-1.,0.));
#3994=VECTOR('',#3993,0.886161812);
#3995=LINE('',#3992,#3994);
#3996=EDGE_CURVE('',#3991,#3934,#3995,.T.);
#3997=ORIENTED_EDGE('',*,*,#3996,.F.);
#3998=CARTESIAN_POINT('',(12.432844378,9.23852995,2.61));
#3999=VERTEX_POINT('',#3998);
#4000=CARTESIAN_POINT('',(12.432844378,9.23852995,2.61));
#4001=DIRECTION('',(0.,0.,-1.));
#4002=VECTOR('',#4001,0.01);
#4003=LINE('',#4000,#4002);
#4004=EDGE_CURVE('',#3999,#3991,#4003,.T.);
#4005=ORIENTED_EDGE('',*,*,#4004,.F.);
#4006=CARTESIAN_POINT('',(12.432844378,9.23852995,2.61));
#4007=DIRECTION('',(0.,-1.,0.));
#4008=VECTOR('',#4007,0.886161812);
#4009=LINE('',#4006,#4008);
#4010=EDGE_CURVE('',#3999,#3955,#4009,.T.);
#4011=ORIENTED_EDGE('',*,*,#4010,.T.);
#4012=ORIENTED_EDGE('',*,*,#3960,.T.);
#4013=EDGE_LOOP('',(#3997,#4005,#4011,#4012));
#4014=FACE_BOUND('',#4013,.T.);
#4015=ADVANCED_FACE('',(#4014),#3989,.T.);
#4016=CARTESIAN_POINT('',(11.433525942,9.23852995,2.61));
#4017=DIRECTION('',(0.,1.,0.));
#4018=DIRECTION('',(0.,0.,1.));
#4019=AXIS2_PLACEMENT_3D('',#4016,#4017,#4018);
#4020=PLANE('',#4019);
#4021=CARTESIAN_POINT('',(10.434207506,9.23852995,2.6));
#4022=VERTEX_POINT('',#4021);
#4023=CARTESIAN_POINT('',(10.434207506,9.23852995,2.6));
#4024=DIRECTION('',(1.,0.,-0.));
#4025=VECTOR('',#4024,1.998636872);
#4026=LINE('',#4023,#4025);
#4027=EDGE_CURVE('',#4022,#3991,#4026,.T.);
#4028=ORIENTED_EDGE('',*,*,#4027,.F.);
#4029=CARTESIAN_POINT('',(10.434207506,9.23852995,2.61));
#4030=VERTEX_POINT('',#4029);
#4031=CARTESIAN_POINT('',(10.434207506,9.23852995,2.61));
#4032=DIRECTION('',(0.,0.,-1.));
#4033=VECTOR('',#4032,0.01);
#4034=LINE('',#4031,#4033);
#4035=EDGE_CURVE('',#4030,#4022,#4034,.T.);
#4036=ORIENTED_EDGE('',*,*,#4035,.F.);
#4037=CARTESIAN_POINT('',(10.434207506,9.23852995,2.61));
#4038=DIRECTION('',(1.,0.,-0.));
#4039=VECTOR('',#4038,1.998636872);
#4040=LINE('',#4037,#4039);
#4041=EDGE_CURVE('',#4030,#3999,#4040,.T.);
#4042=ORIENTED_EDGE('',*,*,#4041,.T.);
#4043=ORIENTED_EDGE('',*,*,#4004,.T.);
#4044=EDGE_LOOP('',(#4028,#4036,#4042,#4043));
#4045=FACE_BOUND('',#4044,.T.);
#4046=ADVANCED_FACE('',(#4045),#4020,.T.);
#4047=CARTESIAN_POINT('',(11.550772004,8.405537345,2.61));
#4048=CARTESIAN_POINT('',(11.550772004,8.405537345,2.6));
#4049=CARTESIAN_POINT('',(11.550772004,8.284656331,2.61));
#4050=CARTESIAN_POINT('',(11.550772004,8.284656331,2.6));
#4051=CARTESIAN_POINT('',(11.563269421,8.190131746,2.61));
#4052=CARTESIAN_POINT('',(11.563269421,8.190131746,2.6));
#4053=CARTESIAN_POINT('',(11.588263325,8.121966384,2.61));
#4054=CARTESIAN_POINT('',(11.588263325,8.121966384,2.6));
#4055=CARTESIAN_POINT('',(11.613257229,8.05379916,2.61));
#4056=CARTESIAN_POINT('',(11.613257229,8.05379916,2.6));
#4057=CARTESIAN_POINT('',(11.653248221,8.00199341,2.61));
#4058=CARTESIAN_POINT('',(11.653248221,8.00199341,2.6));
#4059=CARTESIAN_POINT('',(11.708236299,7.966546342,2.61));
#4060=CARTESIAN_POINT('',(11.708236299,7.966546342,2.6));
#4061=CARTESIAN_POINT('',(11.763223447,7.931100205,2.61));
#4062=CARTESIAN_POINT('',(11.763223447,7.931100205,2.6));
#4063=CARTESIAN_POINT('',(11.822982691,7.913377136,2.61));
#4064=CARTESIAN_POINT('',(11.822982691,7.913377136,2.6));
#4065=CARTESIAN_POINT('',(11.887513101,7.913377136,2.61));
#4066=CARTESIAN_POINT('',(11.887513101,7.913377136,2.6));
#4067=CARTESIAN_POINT('',(11.982037686,7.913377136,2.61));
#4068=CARTESIAN_POINT('',(11.982037686,7.913377136,2.6));
#4069=CARTESIAN_POINT('',(12.059747241,7.94768706,2.61));
#4070=CARTESIAN_POINT('',(12.059747241,7.94768706,2.6));
#4071=CARTESIAN_POINT('',(12.120642699,8.016307838,2.61));
#4072=CARTESIAN_POINT('',(12.120642699,8.016307838,2.6));
#4073=CARTESIAN_POINT('',(12.181537226,8.084928617,2.61));
#4074=CARTESIAN_POINT('',(12.181537226,8.084928617,2.6));
#4075=CARTESIAN_POINT('',(12.211984955,8.193313144,2.61));
#4076=CARTESIAN_POINT('',(12.211984955,8.193313144,2.6));
#4077=CARTESIAN_POINT('',(12.211984955,8.34146142,2.61));
#4078=CARTESIAN_POINT('',(12.211984955,8.34146142,2.6));
#4079=B_SPLINE_SURFACE_WITH_KNOTS('',3,1,((#4047,#4048),(#4049,#4050),(#4051,#4052),(#4053,#4054),(#4055,#4056),(#4057,#4058),(#4059,#4060),(#4061,#4062),(#4063,#4064),(#4065,#4066),(#4067,#4068),(#4069,#4070),(#4071,#4072),(#4073,#4074),(#4075,#4076),(#4077,#4078)),.UNSPECIFIED.,.F.,.F.,.U.,(4,3,3,3,3,4),(2,2),(0.,0.168644155,0.337292371,0.505937269,0.752969467,1.),(0.,1.),.UNSPECIFIED.);
#4080=CARTESIAN_POINT('',(11.550772004,8.405537345,2.6));
#4081=VERTEX_POINT('',#4080);
#4082=CARTESIAN_POINT('',(12.211984955,8.34146142,2.6));
#4083=VERTEX_POINT('',#4082);
#4084=CARTESIAN_POINT('',(11.550772004,8.405537345,2.6));
#4085=CARTESIAN_POINT('',(11.550772004,8.284656331,2.6));
#4086=CARTESIAN_POINT('',(11.563269421,8.190131746,2.6));
#4087=CARTESIAN_POINT('',(11.588263325,8.121966384,2.6));
#4088=CARTESIAN_POINT('',(11.613257229,8.05379916,2.6));
#4089=CARTESIAN_POINT('',(11.653248221,8.00199341,2.6));
#4090=CARTESIAN_POINT('',(11.708236299,7.966546342,2.6));
#4091=CARTESIAN_POINT('',(11.763223447,7.931100205,2.6));
#4092=CARTESIAN_POINT('',(11.822982691,7.913377136,2.6));
#4093=CARTESIAN_POINT('',(11.887513101,7.913377136,2.6));
#4094=CARTESIAN_POINT('',(11.982037686,7.913377136,2.6));
#4095=CARTESIAN_POINT('',(12.059747241,7.94768706,2.6));
#4096=CARTESIAN_POINT('',(12.120642699,8.016307838,2.6));
#4097=CARTESIAN_POINT('',(12.181537226,8.084928617,2.6));
#4098=CARTESIAN_POINT('',(12.211984955,8.193313144,2.6));
#4099=CARTESIAN_POINT('',(12.211984955,8.34146142,2.6));
#4100=B_SPLINE_CURVE_WITH_KNOTS('',3,(#4084,#4085,#4086,#4087,#4088,#4089,#4090,#4091,#4092,#4093,#4094,#4095,#4096,#4097,#4098,#4099),.UNSPECIFIED.,.F.,.F.,(4,3,3,3,3,4),(0.,0.168644155,0.337292371,0.505937269,0.752969467,1.),.UNSPECIFIED.);
#4101=EDGE_CURVE('',#4081,#4083,#4100,.T.);
#4102=ORIENTED_EDGE('',*,*,#4101,.F.);
#4103=CARTESIAN_POINT('',(11.550772004,8.405537345,2.61));
#4104=VERTEX_POINT('',#4103);
#4105=CARTESIAN_POINT('',(11.550772004,8.405537345,2.61));
#4106=DIRECTION('',(0.,0.,-1.));
#4107=VECTOR('',#4106,0.01);
#4108=LINE('',#4105,#4107);
#4109=EDGE_CURVE('',#4104,#4081,#4108,.T.);
#4110=ORIENTED_EDGE('',*,*,#4109,.F.);
#4111=CARTESIAN_POINT('',(12.211984955,8.34146142,2.61));
#4112=VERTEX_POINT('',#4111);
#4113=CARTESIAN_POINT('',(11.550772004,8.405537345,2.61));
#4114=CARTESIAN_POINT('',(11.550772004,8.284656331,2.61));
#4115=CARTESIAN_POINT('',(11.563269421,8.190131746,2.61));
#4116=CARTESIAN_POINT('',(11.588263325,8.121966384,2.61));
#4117=CARTESIAN_POINT('',(11.613257229,8.05379916,2.61));
#4118=CARTESIAN_POINT('',(11.653248221,8.00199341,2.61));
#4119=CARTESIAN_POINT('',(11.708236299,7.966546342,2.61));
#4120=CARTESIAN_POINT('',(11.763223447,7.931100205,2.61));
#4121=CARTESIAN_POINT('',(11.822982691,7.913377136,2.61));
#4122=CARTESIAN_POINT('',(11.887513101,7.913377136,2.61));
#4123=CARTESIAN_POINT('',(11.982037686,7.913377136,2.61));
#4124=CARTESIAN_POINT('',(12.059747241,7.94768706,2.61));
#4125=CARTESIAN_POINT('',(12.120642699,8.016307838,2.61));
#4126=CARTESIAN_POINT('',(12.181537226,8.084928617,2.61));
#4127=CARTESIAN_POINT('',(12.211984955,8.193313144,2.61));
#4128=CARTESIAN_POINT('',(12.211984955,8.34146142,2.61));
#4129=B_SPLINE_CURVE_WITH_KNOTS('',3,(#4113,#4114,#4115,#4116,#4117,#4118,#4119,#4120,#4121,#4122,#4123,#4124,#4125,#4126,#4127,#4128),.UNSPECIFIED.,.F.,.F.,(4,3,3,3,3,4),(0.,0.168644155,0.337292371,0.505937269,0.752969467,1.),.UNSPECIFIED.);
#4130=EDGE_CURVE('',#4104,#4112,#4129,.T.);
#4131=ORIENTED_EDGE('',*,*,#4130,.T.);
#4132=CARTESIAN_POINT('',(12.211984955,8.34146142,2.61));
#4133=DIRECTION('',(0.,0.,-1.));
#4134=VECTOR('',#4133,0.01);
#4135=LINE('',#4132,#4134);
#4136=EDGE_CURVE('',#4112,#4083,#4135,.T.);
#4137=ORIENTED_EDGE('',*,*,#4136,.T.);
#4138=EDGE_LOOP('',(#4102,#4110,#4131,#4137));
#4139=FACE_BOUND('',#4138,.T.);
#4140=ADVANCED_FACE('',(#4139),#4079,.T.);
#4141=CARTESIAN_POINT('',(11.550772004,8.689790964,2.61));
#4142=DIRECTION('',(1.,0.,0.));
#4143=DIRECTION('',(0.,0.,-1.));
#4144=AXIS2_PLACEMENT_3D('',#4141,#4142,#4143);
#4145=PLANE('',#4144);
#4146=CARTESIAN_POINT('',(11.550772004,8.974044584,2.6));
#4147=VERTEX_POINT('',#4146);
#4148=CARTESIAN_POINT('',(11.550772004,8.974044584,2.6));
#4149=DIRECTION('',(0.,-1.,0.));
#4150=VECTOR('',#4149,0.568507239);
#4151=LINE('',#4148,#4150);
#4152=EDGE_CURVE('',#4147,#4081,#4151,.T.);
#4153=ORIENTED_EDGE('',*,*,#4152,.F.);
#4154=CARTESIAN_POINT('',(11.550772004,8.974044584,2.61));
#4155=VERTEX_POINT('',#4154);
#4156=CARTESIAN_POINT('',(11.550772004,8.974044584,2.61));
#4157=DIRECTION('',(0.,0.,-1.));
#4158=VECTOR('',#4157,0.01);
#4159=LINE('',#4156,#4158);
#4160=EDGE_CURVE('',#4155,#4147,#4159,.T.);
#4161=ORIENTED_EDGE('',*,*,#4160,.F.);
#4162=CARTESIAN_POINT('',(11.550772004,8.974044584,2.61));
#4163=DIRECTION('',(0.,-1.,0.));
#4164=VECTOR('',#4163,0.568507239);
#4165=LINE('',#4162,#4164);
#4166=EDGE_CURVE('',#4155,#4104,#4165,.T.);
#4167=ORIENTED_EDGE('',*,*,#4166,.T.);
#4168=ORIENTED_EDGE('',*,*,#4109,.T.);
#4169=EDGE_LOOP('',(#4153,#4161,#4167,#4168));
#4170=FACE_BOUND('',#4169,.T.);
#4171=ADVANCED_FACE('',(#4170),#4145,.T.);
#4172=CARTESIAN_POINT('',(11.881378479,8.974044584,2.61));
#4173=DIRECTION('',(0.,-1.,0.));
#4174=DIRECTION('',(0.,0.,-1.));
#4175=AXIS2_PLACEMENT_3D('',#4172,#4173,#4174);
#4176=PLANE('',#4175);
#4177=CARTESIAN_POINT('',(12.211984955,8.974044584,2.6));
#4178=VERTEX_POINT('',#4177);
#4179=CARTESIAN_POINT('',(12.211984955,8.974044584,2.6));
#4180=DIRECTION('',(-1.,0.,0.));
#4181=VECTOR('',#4180,0.661212951);
#4182=LINE('',#4179,#4181);
#4183=EDGE_CURVE('',#4178,#4147,#4182,.T.);
#4184=ORIENTED_EDGE('',*,*,#4183,.F.);
#4185=CARTESIAN_POINT('',(12.211984955,8.974044584,2.61));
#4186=VERTEX_POINT('',#4185);
#4187=CARTESIAN_POINT('',(12.211984955,8.974044584,2.61));
#4188=DIRECTION('',(0.,0.,-1.));
#4189=VECTOR('',#4188,0.01);
#4190=LINE('',#4187,#4189);
#4191=EDGE_CURVE('',#4186,#4178,#4190,.T.);
#4192=ORIENTED_EDGE('',*,*,#4191,.F.);
#4193=CARTESIAN_POINT('',(12.211984955,8.974044584,2.61));
#4194=DIRECTION('',(-1.,0.,0.));
#4195=VECTOR('',#4194,0.661212951);
#4196=LINE('',#4193,#4195);
#4197=EDGE_CURVE('',#4186,#4155,#4196,.T.);
#4198=ORIENTED_EDGE('',*,*,#4197,.T.);
#4199=ORIENTED_EDGE('',*,*,#4160,.T.);
#4200=EDGE_LOOP('',(#4184,#4192,#4198,#4199));
#4201=FACE_BOUND('',#4200,.T.);
#4202=ADVANCED_FACE('',(#4201),#4176,.T.);
#4203=CARTESIAN_POINT('',(12.211984955,8.657753002,2.61));
#4204=DIRECTION('',(-1.,0.,0.));
#4205=DIRECTION('',(0.,0.,1.));
#4206=AXIS2_PLACEMENT_3D('',#4203,#4204,#4205);
#4207=PLANE('',#4206);
#4208=CARTESIAN_POINT('',(12.211984955,8.34146142,2.6));
#4209=DIRECTION('',(0.,1.,0.));
#4210=VECTOR('',#4209,0.632583164);
#4211=LINE('',#4208,#4210);
#4212=EDGE_CURVE('',#4083,#4178,#4211,.T.);
#4213=ORIENTED_EDGE('',*,*,#4212,.F.);
#4214=ORIENTED_EDGE('',*,*,#4136,.F.);
#4215=CARTESIAN_POINT('',(12.211984955,8.34146142,2.61));
#4216=DIRECTION('',(0.,1.,0.));
#4217=VECTOR('',#4216,0.632583164);
#4218=LINE('',#4215,#4217);
#4219=EDGE_CURVE('',#4112,#4186,#4218,.T.);
#4220=ORIENTED_EDGE('',*,*,#4219,.T.);
#4221=ORIENTED_EDGE('',*,*,#4191,.T.);
#4222=EDGE_LOOP('',(#4213,#4214,#4220,#4221));
#4223=FACE_BOUND('',#4222,.T.);
#4224=ADVANCED_FACE('',(#4223),#4207,.T.);
#4225=CARTESIAN_POINT('',(10.434207506,9.106287267,2.61));
#4226=DIRECTION('',(-1.,0.,0.));
#4227=DIRECTION('',(0.,0.,1.));
#4228=AXIS2_PLACEMENT_3D('',#4225,#4226,#4227);
#4229=PLANE('',#4228);
#4230=CARTESIAN_POINT('',(10.434207506,8.974044584,2.6));
#4231=DIRECTION('',(0.,1.,0.));
#4232=VECTOR('',#4231,0.264485367);
#4233=LINE('',#4230,#4232);
#4234=EDGE_CURVE('',#3572,#4022,#4233,.T.);
#4235=ORIENTED_EDGE('',*,*,#4234,.F.);
#4236=ORIENTED_EDGE('',*,*,#3599,.F.);
#4237=CARTESIAN_POINT('',(10.434207506,8.974044584,2.61));
#4238=DIRECTION('',(0.,1.,0.));
#4239=VECTOR('',#4238,0.264485367);
#4240=LINE('',#4237,#4239);
#4241=EDGE_CURVE('',#3588,#4030,#4240,.T.);
#4242=ORIENTED_EDGE('',*,*,#4241,.T.);
#4243=ORIENTED_EDGE('',*,*,#4035,.T.);
#4244=EDGE_LOOP('',(#4235,#4236,#4242,#4243));
#4245=FACE_BOUND('',#4244,.T.);
#4246=ADVANCED_FACE('',(#4245),#4229,.T.);
#4247=CARTESIAN_POINT('',(0.,0.,2.61));
#4248=DIRECTION('',(0.,0.,1.));
#4249=DIRECTION('',(1.,0.,0.));
#4250=AXIS2_PLACEMENT_3D('',#4247,#4248,#4249);
#4251=PLANE('',#4250);
#4252=ORIENTED_EDGE('',*,*,#4130,.F.);
#4253=ORIENTED_EDGE('',*,*,#4166,.F.);
#4254=ORIENTED_EDGE('',*,*,#4197,.F.);
#4255=ORIENTED_EDGE('',*,*,#4219,.F.);
#4256=EDGE_LOOP('',(#4252,#4253,#4254,#4255));
#4257=FACE_BOUND('',#4256,.T.);
#4258=ORIENTED_EDGE('',*,*,#3593,.F.);
#4259=ORIENTED_EDGE('',*,*,#3629,.F.);
#4260=ORIENTED_EDGE('',*,*,#3666,.F.);
#4261=ORIENTED_EDGE('',*,*,#3727,.F.);
#4262=ORIENTED_EDGE('',*,*,#3758,.F.);
#4263=ORIENTED_EDGE('',*,*,#3789,.F.);
#4264=ORIENTED_EDGE('',*,*,#3820,.F.);
#4265=ORIENTED_EDGE('',*,*,#3857,.F.);
#4266=ORIENTED_EDGE('',*,*,#3894,.F.);
#4267=ORIENTED_EDGE('',*,*,#3979,.F.);
#4268=ORIENTED_EDGE('',*,*,#4010,.F.);
#4269=ORIENTED_EDGE('',*,*,#4041,.F.);
#4270=ORIENTED_EDGE('',*,*,#4241,.F.);
#4271=EDGE_LOOP('',(#4258,#4259,#4260,#4261,#4262,#4263,#4264,#4265,#4266,#4267,#4268,#4269,#4270));
#4272=FACE_BOUND('',#4271,.T.);
#4273=ADVANCED_FACE('',(#4257,#4272),#4251,.T.);
#4274=CARTESIAN_POINT('',(0.,0.,2.6));
#4275=DIRECTION('',(0.,0.,1.));
#4276=DIRECTION('',(1.,0.,0.));
#4277=AXIS2_PLACEMENT_3D('',#4274,#4275,#4276);
#4278=PLANE('',#4277);
#4279=ORIENTED_EDGE('',*,*,#4101,.T.);
#4280=ORIENTED_EDGE('',*,*,#4212,.T.);
#4281=ORIENTED_EDGE('',*,*,#4183,.T.);
#4282=ORIENTED_EDGE('',*,*,#4152,.T.);
#4283=EDGE_LOOP('',(#4279,#4280,#4281,#4282));
#4284=FACE_BOUND('',#4283,.T.);
#4285=ORIENTED_EDGE('',*,*,#3577,.T.);
#4286=ORIENTED_EDGE('',*,*,#4234,.T.);
#4287=ORIENTED_EDGE('',*,*,#4027,.T.);
#4288=ORIENTED_EDGE('',*,*,#3996,.T.);
#4289=ORIENTED_EDGE('',*,*,#3952,.T.);
#4290=ORIENTED_EDGE('',*,*,#3879,.T.);
#4291=ORIENTED_EDGE('',*,*,#3842,.T.);
#4292=ORIENTED_EDGE('',*,*,#3806,.T.);
#4293=ORIENTED_EDGE('',*,*,#3775,.T.);
#4294=ORIENTED_EDGE('',*,*,#3744,.T.);
#4295=ORIENTED_EDGE('',*,*,#3706,.T.);
#4296=ORIENTED_EDGE('',*,*,#3651,.T.);
#4297=ORIENTED_EDGE('',*,*,#3615,.T.);
#4298=EDGE_LOOP('',(#4285,#4286,#4287,#4288,#4289,#4290,#4291,#4292,#4293,#4294,#4295,#4296,#4297));
#4299=FACE_BOUND('',#4298,.T.);
#4300=ADVANCED_FACE('',(#4284,#4299),#4278,.F.);
#4301=CLOSED_SHELL('',(#3603,#3634,#3671,#3732,#3763,#3794,#3825,#3862,#3899,#3984,#4015,#4046,#4140,#4171,#4202,#4224,#4246,#4273,#4300));
#4302=MANIFOLD_SOLID_BREP('Body 38',#4301);
#3563=STYLED_ITEM('',(#3089),#4302);
#4304=CARTESIAN_POINT('',(11.850022245,3.149231896,2.61));
#4305=DIRECTION('',(-0.994767559,0.102164106,0.));
#4306=DIRECTION('',(-0.102164106,-0.994767559,0.));
#4307=AXIS2_PLACEMENT_3D('',#4304,#4305,#4306);
#4308=PLANE('',#4307);
#4309=CARTESIAN_POINT('',(11.837070808,3.0231243,2.6));
#4310=VERTEX_POINT('',#4309);
#4311=CARTESIAN_POINT('',(11.862973683,3.275339492,2.6));
#4312=VERTEX_POINT('',#4311);
#4313=CARTESIAN_POINT('',(11.837070808,3.0231243,2.6));
#4314=DIRECTION('',(0.102164106,0.994767559,0.));
#4315=VECTOR('',#4314,0.253541835);
#4316=LINE('',#4313,#4315);
#4317=EDGE_CURVE('',#4310,#4312,#4316,.T.);
#4318=ORIENTED_EDGE('',*,*,#4317,.F.);
#4319=CARTESIAN_POINT('',(11.837070808,3.0231243,2.61));
#4320=VERTEX_POINT('',#4319);
#4321=CARTESIAN_POINT('',(11.837070808,3.0231243,2.61));
#4322=DIRECTION('',(0.,0.,-1.));
#4323=VECTOR('',#4322,0.01);
#4324=LINE('',#4321,#4323);
#4325=EDGE_CURVE('',#4320,#4310,#4324,.T.);
#4326=ORIENTED_EDGE('',*,*,#4325,.F.);
#4327=CARTESIAN_POINT('',(11.862973683,3.275339492,2.61));
#4328=VERTEX_POINT('',#4327);
#4329=CARTESIAN_POINT('',(11.837070808,3.0231243,2.61));
#4330=DIRECTION('',(0.102164106,0.994767559,0.));
#4331=VECTOR('',#4330,0.253541835);
#4332=LINE('',#4329,#4331);
#4333=EDGE_CURVE('',#4320,#4328,#4332,.T.);
#4334=ORIENTED_EDGE('',*,*,#4333,.T.);
#4335=CARTESIAN_POINT('',(11.862973683,3.275339492,2.61));
#4336=DIRECTION('',(0.,0.,-1.));
#4337=VECTOR('',#4336,0.01);
#4338=LINE('',#4335,#4337);
#4339=EDGE_CURVE('',#4328,#4312,#4338,.T.);
#4340=ORIENTED_EDGE('',*,*,#4339,.T.);
#4341=EDGE_LOOP('',(#4318,#4326,#4334,#4340));
#4342=FACE_BOUND('',#4341,.T.);
#4343=ADVANCED_FACE('',(#4342),#4308,.T.);
#4344=CARTESIAN_POINT('',(11.173130944,2.810445614,2.61));
#4345=CARTESIAN_POINT('',(11.173130944,2.810445614,2.6));
#4346=CARTESIAN_POINT('',(11.351271532,2.593223937,2.61));
#4347=CARTESIAN_POINT('',(11.351271532,2.593223937,2.6));
#4348=CARTESIAN_POINT('',(11.492376216,2.446438186,2.61));
#4349=CARTESIAN_POINT('',(11.492376216,2.446438186,2.6));
#4350=CARTESIAN_POINT('',(11.596443132,2.370090224,2.61));
#4351=CARTESIAN_POINT('',(11.596443132,2.370090224,2.6));
#4352=CARTESIAN_POINT('',(11.700510979,2.293744124,2.61));
#4353=CARTESIAN_POINT('',(11.700510979,2.293744124,2.6));
#4354=CARTESIAN_POINT('',(11.798897758,2.255571075,2.61));
#4355=CARTESIAN_POINT('',(11.798897758,2.255571075,2.6));
#4356=CARTESIAN_POINT('',(11.89160347,2.255571075,2.61));
#4357=CARTESIAN_POINT('',(11.89160347,2.255571075,2.6));
#4358=CARTESIAN_POINT('',(11.988854036,2.255571075,2.61));
#4359=CARTESIAN_POINT('',(11.988854036,2.255571075,2.6));
#4360=CARTESIAN_POINT('',(12.070881203,2.290337346,2.61));
#4361=CARTESIAN_POINT('',(12.070881203,2.290337346,2.6));
#4362=CARTESIAN_POINT('',(12.13768404,2.359866165,2.61));
#4363=CARTESIAN_POINT('',(12.13768404,2.359866165,2.6));
#4364=CARTESIAN_POINT('',(12.204486877,2.429396845,2.61));
#4365=CARTESIAN_POINT('',(12.204486877,2.429396845,2.6));
#4366=CARTESIAN_POINT('',(12.237888761,2.520057373,2.61));
#4367=CARTESIAN_POINT('',(12.237888761,2.520057373,2.6));
#4368=CARTESIAN_POINT('',(12.237888761,2.631849609,2.61));
#4369=CARTESIAN_POINT('',(12.237888761,2.631849609,2.6));
#4370=CARTESIAN_POINT('',(12.237888761,2.750006504,2.61));
#4371=CARTESIAN_POINT('',(12.237888761,2.750006504,2.6));
#4372=CARTESIAN_POINT('',(12.202441692,2.844528295,2.61));
#4373=CARTESIAN_POINT('',(12.202441692,2.844528295,2.6));
#4374=CARTESIAN_POINT('',(12.131549418,2.915422432,2.61));
#4375=CARTESIAN_POINT('',(12.131549418,2.915422432,2.6));
#4376=CARTESIAN_POINT('',(12.060656212,2.986314707,2.61));
#4377=CARTESIAN_POINT('',(12.060656212,2.986314707,2.6));
#4378=CARTESIAN_POINT('',(11.962496676,3.022215329,2.61));
#4379=CARTESIAN_POINT('',(11.962496676,3.022215329,2.6));
#4380=CARTESIAN_POINT('',(11.837070808,3.0231243,2.61));
#4381=CARTESIAN_POINT('',(11.837070808,3.0231243,2.6));
#4382=B_SPLINE_SURFACE_WITH_KNOTS('',3,1,((#4344,#4345),(#4346,#4347),(#4348,#4349),(#4350,#4351),(#4352,#4353),(#4354,#4355),(#4356,#4357),(#4358,#4359),(#4360,#4361),(#4362,#4363),(#4364,#4365),(#4366,#4367),(#4368,#4369),(#4370,#4371),(#4372,#4373),(#4374,#4375),(#4376,#4377),(#4378,#4379),(#4380,#4381)),.UNSPECIFIED.,.F.,.F.,.U.,(4,3,3,3,3,3,4),(2,2),(0.210008243,0.335094619,0.460180654,0.591398974,0.722619123,0.861310017,1.),(0.,1.),.UNSPECIFIED.);
#4383=CARTESIAN_POINT('',(11.173130944,2.810445614,2.6));
#4384=VERTEX_POINT('',#4383);
#4385=CARTESIAN_POINT('',(11.173130944,2.810445614,2.6));
#4386=CARTESIAN_POINT('',(11.351271532,2.593223937,2.6));
#4387=CARTESIAN_POINT('',(11.492376216,2.446438186,2.6));
#4388=CARTESIAN_POINT('',(11.596443132,2.370090224,2.6));
#4389=CARTESIAN_POINT('',(11.700510979,2.293744124,2.6));
#4390=CARTESIAN_POINT('',(11.798897758,2.255571075,2.6));
#4391=CARTESIAN_POINT('',(11.89160347,2.255571075,2.6));
#4392=CARTESIAN_POINT('',(11.988854036,2.255571075,2.6));
#4393=CARTESIAN_POINT('',(12.070881203,2.290337346,2.6));
#4394=CARTESIAN_POINT('',(12.13768404,2.359866165,2.6));
#4395=CARTESIAN_POINT('',(12.204486877,2.429396845,2.6));
#4396=CARTESIAN_POINT('',(12.237888761,2.520057373,2.6));
#4397=CARTESIAN_POINT('',(12.237888761,2.631849609,2.6));
#4398=CARTESIAN_POINT('',(12.237888761,2.750006504,2.6));
#4399=CARTESIAN_POINT('',(12.202441692,2.844528295,2.6));
#4400=CARTESIAN_POINT('',(12.131549418,2.915422432,2.6));
#4401=CARTESIAN_POINT('',(12.060656212,2.986314707,2.6));
#4402=CARTESIAN_POINT('',(11.962496676,3.022215329,2.6));
#4403=CARTESIAN_POINT('',(11.837070808,3.0231243,2.6));
#4404=B_SPLINE_CURVE_WITH_KNOTS('',3,(#4385,#4386,#4387,#4388,#4389,#4390,#4391,#4392,#4393,#4394,#4395,#4396,#4397,#4398,#4399,#4400,#4401,#4402,#4403),.UNSPECIFIED.,.F.,.F.,(4,3,3,3,3,3,4),(0.210008243,0.335094619,0.460180654,0.591398974,0.722619123,0.861310017,1.),.UNSPECIFIED.);
#4405=EDGE_CURVE('',#4384,#4310,#4404,.T.);
#4406=ORIENTED_EDGE('',*,*,#4405,.F.);
#4407=CARTESIAN_POINT('',(11.173130944,2.810445614,2.61));
#4408=VERTEX_POINT('',#4407);
#4409=CARTESIAN_POINT('',(11.173130944,2.810445614,2.61));
#4410=DIRECTION('',(0.,0.,-1.));
#4411=VECTOR('',#4410,0.01);
#4412=LINE('',#4409,#4411);
#4413=EDGE_CURVE('',#4408,#4384,#4412,.T.);
#4414=ORIENTED_EDGE('',*,*,#4413,.F.);
#4415=CARTESIAN_POINT('',(11.173130944,2.810445614,2.61));
#4416=CARTESIAN_POINT('',(11.351271532,2.593223937,2.61));
#4417=CARTESIAN_POINT('',(11.492376216,2.446438186,2.61));
#4418=CARTESIAN_POINT('',(11.596443132,2.370090224,2.61));
#4419=CARTESIAN_POINT('',(11.700510979,2.293744124,2.61));
#4420=CARTESIAN_POINT('',(11.798897758,2.255571075,2.61));
#4421=CARTESIAN_POINT('',(11.89160347,2.255571075,2.61));
#4422=CARTESIAN_POINT('',(11.988854036,2.255571075,2.61));
#4423=CARTESIAN_POINT('',(12.070881203,2.290337346,2.61));
#4424=CARTESIAN_POINT('',(12.13768404,2.359866165,2.61));
#4425=CARTESIAN_POINT('',(12.204486877,2.429396845,2.61));
#4426=CARTESIAN_POINT('',(12.237888761,2.520057373,2.61));
#4427=CARTESIAN_POINT('',(12.237888761,2.631849609,2.61));
#4428=CARTESIAN_POINT('',(12.237888761,2.750006504,2.61));
#4429=CARTESIAN_POINT('',(12.202441692,2.844528295,2.61));
#4430=CARTESIAN_POINT('',(12.131549418,2.915422432,2.61));
#4431=CARTESIAN_POINT('',(12.060656212,2.986314707,2.61));
#4432=CARTESIAN_POINT('',(11.962496676,3.022215329,2.61));
#4433=CARTESIAN_POINT('',(11.837070808,3.0231243,2.61));
#4434=B_SPLINE_CURVE_WITH_KNOTS('',3,(#4415,#4416,#4417,#4418,#4419,#4420,#4421,#4422,#4423,#4424,#4425,#4426,#4427,#4428,#4429,#4430,#4431,#4432,#4433),.UNSPECIFIED.,.F.,.F.,(4,3,3,3,3,3,4),(0.210008243,0.335094619,0.460180654,0.591398974,0.722619123,0.861310017,1.),.UNSPECIFIED.);
#4435=EDGE_CURVE('',#4408,#4320,#4434,.T.);
#4436=ORIENTED_EDGE('',*,*,#4435,.T.);
#4437=ORIENTED_EDGE('',*,*,#4325,.T.);
#4438=EDGE_LOOP('',(#4406,#4414,#4436,#4437));
#4439=FACE_BOUND('',#4438,.T.);
#4440=ADVANCED_FACE('',(#4439),#4382,.T.);
#4441=CARTESIAN_POINT('',(10.604623705,3.293064423,2.61));
#4442=CARTESIAN_POINT('',(10.604623705,3.293064423,2.6));
#4443=CARTESIAN_POINT('',(10.694602504,3.259434365,2.61));
#4444=CARTESIAN_POINT('',(10.694602504,3.259434365,2.6));
#4445=CARTESIAN_POINT('',(10.783218779,3.205583431,2.61));
#4446=CARTESIAN_POINT('',(10.783218779,3.205583431,2.6));
#4447=CARTESIAN_POINT('',(10.870471597,3.131509759,2.61));
#4448=CARTESIAN_POINT('',(10.870471597,3.131509759,2.6));
#4449=CARTESIAN_POINT('',(10.957725346,3.057436086,2.61));
#4450=CARTESIAN_POINT('',(10.957725346,3.057436086,2.6));
#4451=CARTESIAN_POINT('',(11.058610864,2.950414084,2.61));
#4452=CARTESIAN_POINT('',(11.058610864,2.950414084,2.6));
#4453=CARTESIAN_POINT('',(11.173130944,2.810445614,2.61));
#4454=CARTESIAN_POINT('',(11.173130944,2.810445614,2.6));
#4455=B_SPLINE_SURFACE_WITH_KNOTS('',3,1,((#4441,#4442),(#4443,#4444),(#4445,#4446),(#4447,#4448),(#4449,#4450),(#4451,#4452),(#4453,#4454)),.UNSPECIFIED.,.F.,.F.,.U.,(4,3,4),(2,2),(0.048958205,0.129482974,0.210008243),(0.,1.),.UNSPECIFIED.);
#4456=CARTESIAN_POINT('',(10.604623705,3.293064423,2.6));
#4457=VERTEX_POINT('',#4456);
#4458=CARTESIAN_POINT('',(10.604623705,3.293064423,2.6));
#4459=CARTESIAN_POINT('',(10.694602504,3.259434365,2.6));
#4460=CARTESIAN_POINT('',(10.783218779,3.205583431,2.6));
#4461=CARTESIAN_POINT('',(10.870471597,3.131509759,2.6));
#4462=CARTESIAN_POINT('',(10.957725346,3.057436086,2.6));
#4463=CARTESIAN_POINT('',(11.058610864,2.950414084,2.6));
#4464=CARTESIAN_POINT('',(11.173130944,2.810445614,2.6));
#4465=B_SPLINE_CURVE_WITH_KNOTS('',3,(#4458,#4459,#4460,#4461,#4462,#4463,#4464),.UNSPECIFIED.,.F.,.F.,(4,3,4),(0.048958205,0.129482974,0.210008243),.UNSPECIFIED.);
#4466=EDGE_CURVE('',#4457,#4384,#4465,.T.);
#4467=ORIENTED_EDGE('',*,*,#4466,.F.);
#4468=CARTESIAN_POINT('',(10.604623705,3.293064423,2.61));
#4469=VERTEX_POINT('',#4468);
#4470=CARTESIAN_POINT('',(10.604623705,3.293064423,2.61));
#4471=DIRECTION('',(0.,0.,-1.));
#4472=VECTOR('',#4471,0.01);
#4473=LINE('',#4470,#4472);
#4474=EDGE_CURVE('',#4469,#4457,#4473,.T.);
#4475=ORIENTED_EDGE('',*,*,#4474,.F.);
#4476=CARTESIAN_POINT('',(10.604623705,3.293064423,2.61));
#4477=CARTESIAN_POINT('',(10.694602504,3.259434365,2.61));
#4478=CARTESIAN_POINT('',(10.783218779,3.205583431,2.61));
#4479=CARTESIAN_POINT('',(10.870471597,3.131509759,2.61));
#4480=CARTESIAN_POINT('',(10.957725346,3.057436086,2.61));
#4481=CARTESIAN_POINT('',(11.058610864,2.950414084,2.61));
#4482=CARTESIAN_POINT('',(11.173130944,2.810445614,2.61));
#4483=B_SPLINE_CURVE_WITH_KNOTS('',3,(#4476,#4477,#4478,#4479,#4480,#4481,#4482),.UNSPECIFIED.,.F.,.F.,(4,3,4),(0.048958205,0.129482974,0.210008243),.UNSPECIFIED.);
#4484=EDGE_CURVE('',#4469,#4408,#4483,.T.);
#4485=ORIENTED_EDGE('',*,*,#4484,.T.);
#4486=ORIENTED_EDGE('',*,*,#4413,.T.);
#4487=EDGE_LOOP('',(#4467,#4475,#4485,#4486));
#4488=FACE_BOUND('',#4487,.T.);
#4489=ADVANCED_FACE('',(#4488),#4455,.T.);
#4490=CARTESIAN_POINT('',(10.434207506,3.321693279,2.61));
#4491=CARTESIAN_POINT('',(10.434207506,3.321693279,2.6));
#4492=CARTESIAN_POINT('',(10.493285023,3.323511221,2.61));
#4493=CARTESIAN_POINT('',(10.493285023,3.323511221,2.6));
#4494=CARTESIAN_POINT('',(10.550090112,3.313967027,2.61));
#4495=CARTESIAN_POINT('',(10.550090112,3.313967027,2.6));
#4496=CARTESIAN_POINT('',(10.604623705,3.293064423,2.61));
#4497=CARTESIAN_POINT('',(10.604623705,3.293064423,2.6));
#4498=B_SPLINE_SURFACE_WITH_KNOTS('',3,1,((#4490,#4491),(#4492,#4493),(#4494,#4495),(#4496,#4497)),.UNSPECIFIED.,.F.,.F.,.U.,(4,4),(2,2),(0.,0.048958205),(0.,1.),.UNSPECIFIED.);
#4499=CARTESIAN_POINT('',(10.434207506,3.321693279,2.6));
#4500=VERTEX_POINT('',#4499);
#4501=CARTESIAN_POINT('',(10.434207506,3.321693279,2.6));
#4502=CARTESIAN_POINT('',(10.493285023,3.323511221,2.6));
#4503=CARTESIAN_POINT('',(10.550090112,3.313967027,2.6));
#4504=CARTESIAN_POINT('',(10.604623705,3.293064423,2.6));
#4505=B_SPLINE_CURVE_WITH_KNOTS('',3,(#4501,#4502,#4503,#4504),.UNSPECIFIED.,.F.,.F.,(4,4),(0.,0.048958205),.UNSPECIFIED.);
#4506=EDGE_CURVE('',#4500,#4457,#4505,.T.);
#4507=ORIENTED_EDGE('',*,*,#4506,.F.);
#4508=CARTESIAN_POINT('',(10.434207506,3.321693279,2.61));
#4509=VERTEX_POINT('',#4508);
#4510=CARTESIAN_POINT('',(10.434207506,3.321693279,2.61));
#4511=DIRECTION('',(0.,0.,-1.));
#4512=VECTOR('',#4511,0.01);
#4513=LINE('',#4510,#4512);
#4514=EDGE_CURVE('',#4509,#4500,#4513,.T.);
#4515=ORIENTED_EDGE('',*,*,#4514,.F.);
#4516=CARTESIAN_POINT('',(10.434207506,3.321693279,2.61));
#4517=CARTESIAN_POINT('',(10.493285023,3.323511221,2.61));
#4518=CARTESIAN_POINT('',(10.550090112,3.313967027,2.61));
#4519=CARTESIAN_POINT('',(10.604623705,3.293064423,2.61));
#4520=B_SPLINE_CURVE_WITH_KNOTS('',3,(#4516,#4517,#4518,#4519),.UNSPECIFIED.,.F.,.F.,(4,4),(0.,0.048958205),.UNSPECIFIED.);
#4521=EDGE_CURVE('',#4509,#4469,#4520,.T.);
#4522=ORIENTED_EDGE('',*,*,#4521,.T.);
#4523=ORIENTED_EDGE('',*,*,#4474,.T.);
#4524=EDGE_LOOP('',(#4507,#4515,#4522,#4523));
#4525=FACE_BOUND('',#4524,.T.);
#4526=ADVANCED_FACE('',(#4525),#4498,.T.);
#4527=CARTESIAN_POINT('',(10.434207506,2.661162056,2.61));
#4528=DIRECTION('',(-1.,0.,0.));
#4529=DIRECTION('',(0.,0.,1.));
#4530=AXIS2_PLACEMENT_3D('',#4527,#4528,#4529);
#4531=PLANE('',#4530);
#4532=CARTESIAN_POINT('',(10.434207506,2.000630833,2.6));
#4533=VERTEX_POINT('',#4532);
#4534=CARTESIAN_POINT('',(10.434207506,2.000630833,2.6));
#4535=DIRECTION('',(0.,1.,0.));
#4536=VECTOR('',#4535,1.321062446);
#4537=LINE('',#4534,#4536);
#4538=EDGE_CURVE('',#4533,#4500,#4537,.T.);
#4539=ORIENTED_EDGE('',*,*,#4538,.F.);
#4540=CARTESIAN_POINT('',(10.434207506,2.000630833,2.61));
#4541=VERTEX_POINT('',#4540);
#4542=CARTESIAN_POINT('',(10.434207506,2.000630833,2.61));
#4543=DIRECTION('',(0.,0.,-1.));
#4544=VECTOR('',#4543,0.01);
#4545=LINE('',#4542,#4544);
#4546=EDGE_CURVE('',#4541,#4533,#4545,.T.);
#4547=ORIENTED_EDGE('',*,*,#4546,.F.);
#4548=CARTESIAN_POINT('',(10.434207506,2.000630833,2.61));
#4549=DIRECTION('',(0.,1.,0.));
#4550=VECTOR('',#4549,1.321062446);
#4551=LINE('',#4548,#4550);
#4552=EDGE_CURVE('',#4541,#4509,#4551,.T.);
#4553=ORIENTED_EDGE('',*,*,#4552,.T.);
#4554=ORIENTED_EDGE('',*,*,#4514,.T.);
#4555=EDGE_LOOP('',(#4539,#4547,#4553,#4554));
#4556=FACE_BOUND('',#4555,.T.);
#4557=ADVANCED_FACE('',(#4556),#4531,.T.);
#4558=CARTESIAN_POINT('',(10.552135296,2.000630833,2.61));
#4559=DIRECTION('',(0.,-1.,0.));
#4560=DIRECTION('',(0.,0.,-1.));
#4561=AXIS2_PLACEMENT_3D('',#4558,#4559,#4560);
#4562=PLANE('',#4561);
#4563=CARTESIAN_POINT('',(10.670063086,2.000630833,2.6));
#4564=VERTEX_POINT('',#4563);
#4565=CARTESIAN_POINT('',(10.670063086,2.000630833,2.6));
#4566=DIRECTION('',(-1.,0.,0.));
#4567=VECTOR('',#4566,0.235855579);
#4568=LINE('',#4565,#4567);
#4569=EDGE_CURVE('',#4564,#4533,#4568,.T.);
#4570=ORIENTED_EDGE('',*,*,#4569,.F.);
#4571=CARTESIAN_POINT('',(10.670063086,2.000630833,2.61));
#4572=VERTEX_POINT('',#4571);
#4573=CARTESIAN_POINT('',(10.670063086,2.000630833,2.61));
#4574=DIRECTION('',(0.,0.,-1.));
#4575=VECTOR('',#4574,0.01);
#4576=LINE('',#4573,#4575);
#4577=EDGE_CURVE('',#4572,#4564,#4576,.T.);
#4578=ORIENTED_EDGE('',*,*,#4577,.F.);
#4579=CARTESIAN_POINT('',(10.670063086,2.000630833,2.61));
#4580=DIRECTION('',(-1.,0.,0.));
#4581=VECTOR('',#4580,0.235855579);
#4582=LINE('',#4579,#4581);
#4583=EDGE_CURVE('',#4572,#4541,#4582,.T.);
#4584=ORIENTED_EDGE('',*,*,#4583,.T.);
#4585=ORIENTED_EDGE('',*,*,#4546,.T.);
#4586=EDGE_LOOP('',(#4570,#4578,#4584,#4585));
#4587=FACE_BOUND('',#4586,.T.);
#4588=ADVANCED_FACE('',(#4587),#4562,.T.);
#4589=CARTESIAN_POINT('',(10.670063086,2.490745857,2.61));
#4590=DIRECTION('',(1.,0.,0.));
#4591=DIRECTION('',(0.,0.,-1.));
#4592=AXIS2_PLACEMENT_3D('',#4589,#4590,#4591);
#4593=PLANE('',#4592);
#4594=CARTESIAN_POINT('',(10.670063086,2.980860882,2.6));
#4595=VERTEX_POINT('',#4594);
#4596=CARTESIAN_POINT('',(10.670063086,2.980860882,2.6));
#4597=DIRECTION('',(0.,-1.,0.));
#4598=VECTOR('',#4597,0.980230048);
#4599=LINE('',#4596,#4598);
#4600=EDGE_CURVE('',#4595,#4564,#4599,.T.);
#4601=ORIENTED_EDGE('',*,*,#4600,.F.);
#4602=CARTESIAN_POINT('',(10.670063086,2.980860882,2.61));
#4603=VERTEX_POINT('',#4602);
#4604=CARTESIAN_POINT('',(10.670063086,2.980860882,2.61));
#4605=DIRECTION('',(0.,0.,-1.));
#4606=VECTOR('',#4605,0.01);
#4607=LINE('',#4604,#4606);
#4608=EDGE_CURVE('',#4603,#4595,#4607,.T.);
#4609=ORIENTED_EDGE('',*,*,#4608,.F.);
#4610=CARTESIAN_POINT('',(10.670063086,2.980860882,2.61));
#4611=DIRECTION('',(0.,-1.,0.));
#4612=VECTOR('',#4611,0.980230048);
#4613=LINE('',#4610,#4612);
#4614=EDGE_CURVE('',#4603,#4572,#4613,.T.);
#4615=ORIENTED_EDGE('',*,*,#4614,.T.);
#4616=ORIENTED_EDGE('',*,*,#4577,.T.);
#4617=EDGE_LOOP('',(#4601,#4609,#4615,#4616));
#4618=FACE_BOUND('',#4617,.T.);
#4619=ADVANCED_FACE('',(#4618),#4593,.T.);
#4620=CARTESIAN_POINT('',(11.054521427,2.59367656,2.61));
#4621=CARTESIAN_POINT('',(11.054521427,2.59367656,2.6));
#4622=CARTESIAN_POINT('',(10.930912569,2.740916796,2.61));
#4623=CARTESIAN_POINT('',(10.930912569,2.740916796,2.6));
#4624=CARTESIAN_POINT('',(10.847068392,2.835440449,2.61));
#4625=CARTESIAN_POINT('',(10.847068392,2.835440449,2.6));
#4626=CARTESIAN_POINT('',(10.802987032,2.877249382,2.61));
#4627=CARTESIAN_POINT('',(10.802987032,2.877249382,2.6));
#4628=CARTESIAN_POINT('',(10.758906603,2.919058315,2.61));
#4629=CARTESIAN_POINT('',(10.758906603,2.919058315,2.6));
#4630=CARTESIAN_POINT('',(10.714598,2.953595482,2.61));
#4631=CARTESIAN_POINT('',(10.714598,2.953595482,2.6));
#4632=CARTESIAN_POINT('',(10.670063086,2.980860882,2.61));
#4633=CARTESIAN_POINT('',(10.670063086,2.980860882,2.6));
#4634=B_SPLINE_SURFACE_WITH_KNOTS('',3,1,((#4620,#4621),(#4622,#4623),(#4624,#4625),(#4626,#4627),(#4628,#4629),(#4630,#4631),(#4632,#4633)),.UNSPECIFIED.,.F.,.F.,.U.,(4,3,4),(2,2),(0.866684746,0.933342744,1.),(0.,1.),.UNSPECIFIED.);
#4635=CARTESIAN_POINT('',(11.054521427,2.59367656,2.6));
#4636=VERTEX_POINT('',#4635);
#4637=CARTESIAN_POINT('',(11.054521427,2.59367656,2.6));
#4638=CARTESIAN_POINT('',(10.930912569,2.740916796,2.6));
#4639=CARTESIAN_POINT('',(10.847068392,2.835440449,2.6));
#4640=CARTESIAN_POINT('',(10.802987032,2.877249382,2.6));
#4641=CARTESIAN_POINT('',(10.758906603,2.919058315,2.6));
#4642=CARTESIAN_POINT('',(10.714598,2.953595482,2.6));
#4643=CARTESIAN_POINT('',(10.670063086,2.980860882,2.6));
#4644=B_SPLINE_CURVE_WITH_KNOTS('',3,(#4637,#4638,#4639,#4640,#4641,#4642,#4643),.UNSPECIFIED.,.F.,.F.,(4,3,4),(0.866684746,0.933342744,1.),.UNSPECIFIED.);
#4645=EDGE_CURVE('',#4636,#4595,#4644,.T.);
#4646=ORIENTED_EDGE('',*,*,#4645,.F.);
#4647=CARTESIAN_POINT('',(11.054521427,2.59367656,2.61));
#4648=VERTEX_POINT('',#4647);
#4649=CARTESIAN_POINT('',(11.054521427,2.59367656,2.61));
#4650=DIRECTION('',(0.,0.,-1.));
#4651=VECTOR('',#4650,0.01);
#4652=LINE('',#4649,#4651);
#4653=EDGE_CURVE('',#4648,#4636,#4652,.T.);
#4654=ORIENTED_EDGE('',*,*,#4653,.F.);
#4655=CARTESIAN_POINT('',(11.054521427,2.59367656,2.61));
#4656=CARTESIAN_POINT('',(10.930912569,2.740916796,2.61));
#4657=CARTESIAN_POINT('',(10.847068392,2.835440449,2.61));
#4658=CARTESIAN_POINT('',(10.802987032,2.877249382,2.61));
#4659=CARTESIAN_POINT('',(10.758906603,2.919058315,2.61));
#4660=CARTESIAN_POINT('',(10.714598,2.953595482,2.61));
#4661=CARTESIAN_POINT('',(10.670063086,2.980860882,2.61));
#4662=B_SPLINE_CURVE_WITH_KNOTS('',3,(#4655,#4656,#4657,#4658,#4659,#4660,#4661),.UNSPECIFIED.,.F.,.F.,(4,3,4),(0.866684746,0.933342744,1.),.UNSPECIFIED.);
#4663=EDGE_CURVE('',#4648,#4603,#4662,.T.);
#4664=ORIENTED_EDGE('',*,*,#4663,.T.);
#4665=ORIENTED_EDGE('',*,*,#4608,.T.);
#4666=EDGE_LOOP('',(#4646,#4654,#4664,#4665));
#4667=FACE_BOUND('',#4666,.T.);
#4668=ADVANCED_FACE('',(#4667),#4634,.T.);
#4669=CARTESIAN_POINT('',(11.862973683,3.275339492,2.61));
#4670=CARTESIAN_POINT('',(11.862973683,3.275339492,2.6));
#4671=CARTESIAN_POINT('',(12.05111295,3.258070908,2.61));
#4672=CARTESIAN_POINT('',(12.05111295,3.258070908,2.6));
#4673=CARTESIAN_POINT('',(12.194489129,3.193086945,2.61));
#4674=CARTESIAN_POINT('',(12.194489129,3.193086945,2.6));
#4675=CARTESIAN_POINT('',(12.293103151,3.080383874,2.61));
#4676=CARTESIAN_POINT('',(12.293103151,3.080383874,2.6));
#4677=CARTESIAN_POINT('',(12.391717173,2.967682667,2.61));
#4678=CARTESIAN_POINT('',(12.391717173,2.967682667,2.6));
#4679=CARTESIAN_POINT('',(12.441024184,2.816353925,2.61));
#4680=CARTESIAN_POINT('',(12.441024184,2.816353925,2.6));
#4681=CARTESIAN_POINT('',(12.441024184,2.626397647,2.61));
#4682=CARTESIAN_POINT('',(12.441024184,2.626397647,2.6));
#4683=CARTESIAN_POINT('',(12.441024184,2.434623428,2.61));
#4684=CARTESIAN_POINT('',(12.441024184,2.434623428,2.6));
#4685=CARTESIAN_POINT('',(12.387854978,2.282838337,2.61));
#4686=CARTESIAN_POINT('',(12.387854978,2.282838337,2.6));
#4687=CARTESIAN_POINT('',(12.281514704,2.171046101,2.61));
#4688=CARTESIAN_POINT('',(12.281514704,2.171046101,2.6));
#4689=CARTESIAN_POINT('',(12.175175361,2.059252001,2.61));
#4690=CARTESIAN_POINT('',(12.175175361,2.059252001,2.6));
#4691=CARTESIAN_POINT('',(12.043386698,2.003355883,2.61));
#4692=CARTESIAN_POINT('',(12.043386698,2.003355883,2.6));
#4693=CARTESIAN_POINT('',(11.886150576,2.003355883,2.61));
#4694=CARTESIAN_POINT('',(11.886150576,2.003355883,2.6));
#4695=CARTESIAN_POINT('',(11.806168593,2.003355883,2.61));
#4696=CARTESIAN_POINT('',(11.806168593,2.003355883,2.6));
#4697=CARTESIAN_POINT('',(11.727550067,2.019715495,2.61));
#4698=CARTESIAN_POINT('',(11.727550067,2.019715495,2.6));
#4699=CARTESIAN_POINT('',(11.650294997,2.052436583,2.61));
#4700=CARTESIAN_POINT('',(11.650294997,2.052436583,2.6));
#4701=CARTESIAN_POINT('',(11.573038995,2.085155807,2.61));
#4702=CARTESIAN_POINT('',(11.573038995,2.085155807,2.6));
#4703=CARTESIAN_POINT('',(11.491694488,2.139461227,2.61));
#4704=CARTESIAN_POINT('',(11.491694488,2.139461227,2.6));
#4705=CARTESIAN_POINT('',(11.406259611,2.215352841,2.61));
#4706=CARTESIAN_POINT('',(11.406259611,2.215352841,2.6));
#4707=CARTESIAN_POINT('',(11.320823804,2.291246317,2.61));
#4708=CARTESIAN_POINT('',(11.320823804,2.291246317,2.6));
#4709=CARTESIAN_POINT('',(11.203577742,2.417352982,2.61));
#4710=CARTESIAN_POINT('',(11.203577742,2.417352982,2.6));
#4711=CARTESIAN_POINT('',(11.054521427,2.59367656,2.61));
#4712=CARTESIAN_POINT('',(11.054521427,2.59367656,2.6));
#4713=B_SPLINE_SURFACE_WITH_KNOTS('',3,1,((#4669,#4670),(#4671,#4672),(#4673,#4674),(#4675,#4676),(#4677,#4678),(#4679,#4680),(#4681,#4682),(#4683,#4684),(#4685,#4686),(#4687,#4688),(#4689,#4690),(#4691,#4692),(#4693,#4694),(#4695,#4696),(#4697,#4698),(#4699,#4700),(#4701,#4702),(#4703,#4704),(#4705,#4706),(#4707,#4708),(#4709,#4710),(#4711,#4712)),.UNSPECIFIED.,.F.,.F.,.U.,(4,3,3,3,3,3,3,4),(2,2),(0.,0.15588563,0.311769801,0.469145833,0.626522586,0.706576105,0.786629748,0.866684746),(0.,1.),.UNSPECIFIED.);
#4714=CARTESIAN_POINT('',(11.862973683,3.275339492,2.6));
#4715=CARTESIAN_POINT('',(12.05111295,3.258070908,2.6));
#4716=CARTESIAN_POINT('',(12.194489129,3.193086945,2.6));
#4717=CARTESIAN_POINT('',(12.293103151,3.080383874,2.6));
#4718=CARTESIAN_POINT('',(12.391717173,2.967682667,2.6));
#4719=CARTESIAN_POINT('',(12.441024184,2.816353925,2.6));
#4720=CARTESIAN_POINT('',(12.441024184,2.626397647,2.6));
#4721=CARTESIAN_POINT('',(12.441024184,2.434623428,2.6));
#4722=CARTESIAN_POINT('',(12.387854978,2.282838337,2.6));
#4723=CARTESIAN_POINT('',(12.281514704,2.171046101,2.6));
#4724=CARTESIAN_POINT('',(12.175175361,2.059252001,2.6));
#4725=CARTESIAN_POINT('',(12.043386698,2.003355883,2.6));
#4726=CARTESIAN_POINT('',(11.886150576,2.003355883,2.6));
#4727=CARTESIAN_POINT('',(11.806168593,2.003355883,2.6));
#4728=CARTESIAN_POINT('',(11.727550067,2.019715495,2.6));
#4729=CARTESIAN_POINT('',(11.650294997,2.052436583,2.6));
#4730=CARTESIAN_POINT('',(11.573038995,2.085155807,2.6));
#4731=CARTESIAN_POINT('',(11.491694488,2.139461227,2.6));
#4732=CARTESIAN_POINT('',(11.406259611,2.215352841,2.6));
#4733=CARTESIAN_POINT('',(11.320823804,2.291246317,2.6));
#4734=CARTESIAN_POINT('',(11.203577742,2.417352982,2.6));
#4735=CARTESIAN_POINT('',(11.054521427,2.59367656,2.6));
#4736=B_SPLINE_CURVE_WITH_KNOTS('',3,(#4714,#4715,#4716,#4717,#4718,#4719,#4720,#4721,#4722,#4723,#4724,#4725,#4726,#4727,#4728,#4729,#4730,#4731,#4732,#4733,#4734,#4735),.UNSPECIFIED.,.F.,.F.,(4,3,3,3,3,3,3,4),(0.,0.15588563,0.311769801,0.469145833,0.626522586,0.706576105,0.786629748,0.866684746),.UNSPECIFIED.);
#4737=EDGE_CURVE('',#4312,#4636,#4736,.T.);
#4738=ORIENTED_EDGE('',*,*,#4737,.F.);
#4739=ORIENTED_EDGE('',*,*,#4339,.F.);
#4740=CARTESIAN_POINT('',(11.862973683,3.275339492,2.61));
#4741=CARTESIAN_POINT('',(12.05111295,3.258070908,2.61));
#4742=CARTESIAN_POINT('',(12.194489129,3.193086945,2.61));
#4743=CARTESIAN_POINT('',(12.293103151,3.080383874,2.61));
#4744=CARTESIAN_POINT('',(12.391717173,2.967682667,2.61));
#4745=CARTESIAN_POINT('',(12.441024184,2.816353925,2.61));
#4746=CARTESIAN_POINT('',(12.441024184,2.626397647,2.61));
#4747=CARTESIAN_POINT('',(12.441024184,2.434623428,2.61));
#4748=CARTESIAN_POINT('',(12.387854978,2.282838337,2.61));
#4749=CARTESIAN_POINT('',(12.281514704,2.171046101,2.61));
#4750=CARTESIAN_POINT('',(12.175175361,2.059252001,2.61));
#4751=CARTESIAN_POINT('',(12.043386698,2.003355883,2.61));
#4752=CARTESIAN_POINT('',(11.886150576,2.003355883,2.61));
#4753=CARTESIAN_POINT('',(11.806168593,2.003355883,2.61));
#4754=CARTESIAN_POINT('',(11.727550067,2.019715495,2.61));
#4755=CARTESIAN_POINT('',(11.650294997,2.052436583,2.61));
#4756=CARTESIAN_POINT('',(11.573038995,2.085155807,2.61));
#4757=CARTESIAN_POINT('',(11.491694488,2.139461227,2.61));
#4758=CARTESIAN_POINT('',(11.406259611,2.215352841,2.61));
#4759=CARTESIAN_POINT('',(11.320823804,2.291246317,2.61));
#4760=CARTESIAN_POINT('',(11.203577742,2.417352982,2.61));
#4761=CARTESIAN_POINT('',(11.054521427,2.59367656,2.61));
#4762=B_SPLINE_CURVE_WITH_KNOTS('',3,(#4740,#4741,#4742,#4743,#4744,#4745,#4746,#4747,#4748,#4749,#4750,#4751,#4752,#4753,#4754,#4755,#4756,#4757,#4758,#4759,#4760,#4761),.UNSPECIFIED.,.F.,.F.,(4,3,3,3,3,3,3,4),(0.,0.15588563,0.311769801,0.469145833,0.626522586,0.706576105,0.786629748,0.866684746),.UNSPECIFIED.);
#4763=EDGE_CURVE('',#4328,#4648,#4762,.T.);
#4764=ORIENTED_EDGE('',*,*,#4763,.T.);
#4765=ORIENTED_EDGE('',*,*,#4653,.T.);
#4766=EDGE_LOOP('',(#4738,#4739,#4764,#4765));
#4767=FACE_BOUND('',#4766,.T.);
#4768=ADVANCED_FACE('',(#4767),#4713,.T.);
#4769=CARTESIAN_POINT('',(0.,0.,2.61));
#4770=DIRECTION('',(0.,0.,1.));
#4771=DIRECTION('',(1.,0.,0.));
#4772=AXIS2_PLACEMENT_3D('',#4769,#4770,#4771);
#4773=PLANE('',#4772);
#4774=ORIENTED_EDGE('',*,*,#4333,.F.);
#4775=ORIENTED_EDGE('',*,*,#4435,.F.);
#4776=ORIENTED_EDGE('',*,*,#4484,.F.);
#4777=ORIENTED_EDGE('',*,*,#4521,.F.);
#4778=ORIENTED_EDGE('',*,*,#4552,.F.);
#4779=ORIENTED_EDGE('',*,*,#4583,.F.);
#4780=ORIENTED_EDGE('',*,*,#4614,.F.);
#4781=ORIENTED_EDGE('',*,*,#4663,.F.);
#4782=ORIENTED_EDGE('',*,*,#4763,.F.);
#4783=EDGE_LOOP('',(#4774,#4775,#4776,#4777,#4778,#4779,#4780,#4781,#4782));
#4784=FACE_BOUND('',#4783,.T.);
#4785=ADVANCED_FACE('',(#4784),#4773,.T.);
#4786=CARTESIAN_POINT('',(0.,0.,2.6));
#4787=DIRECTION('',(0.,0.,1.));
#4788=DIRECTION('',(1.,0.,0.));
#4789=AXIS2_PLACEMENT_3D('',#4786,#4787,#4788);
#4790=PLANE('',#4789);
#4791=ORIENTED_EDGE('',*,*,#4317,.T.);
#4792=ORIENTED_EDGE('',*,*,#4737,.T.);
#4793=ORIENTED_EDGE('',*,*,#4645,.T.);
#4794=ORIENTED_EDGE('',*,*,#4600,.T.);
#4795=ORIENTED_EDGE('',*,*,#4569,.T.);
#4796=ORIENTED_EDGE('',*,*,#4538,.T.);
#4797=ORIENTED_EDGE('',*,*,#4506,.T.);
#4798=ORIENTED_EDGE('',*,*,#4466,.T.);
#4799=ORIENTED_EDGE('',*,*,#4405,.T.);
#4800=EDGE_LOOP('',(#4791,#4792,#4793,#4794,#4795,#4796,#4797,#4798,#4799));
#4801=FACE_BOUND('',#4800,.T.);
#4802=ADVANCED_FACE('',(#4801),#4790,.F.);
#4803=CLOSED_SHELL('',(#4343,#4440,#4489,#4526,#4557,#4588,#4619,#4668,#4768,#4785,#4802));
#4804=MANIFOLD_SOLID_BREP('Body 36',#4803);
#4303=STYLED_ITEM('',(#3089),#4804);
#4806=CARTESIAN_POINT('',(11.5,13.5,2.61));
#4807=DIRECTION('',(0.,0.,-1.));
#4808=DIRECTION('',(-1.,0.,0.));
#4809=AXIS2_PLACEMENT_3D('',#4806,#4807,#4808);
#4810=CYLINDRICAL_SURFACE('',#4809,1.9);
#4811=CARTESIAN_POINT('',(9.6,13.5,2.6));
#4812=VERTEX_POINT('',#4811);
#4813=CARTESIAN_POINT('',(9.6,13.5,2.61));
#4814=VERTEX_POINT('',#4813);
#4815=CARTESIAN_POINT('',(9.6,13.5,2.6));
#4816=DIRECTION('',(-0.,-0.,1.));
#4817=VECTOR('',#4816,0.01);
#4818=LINE('',#4815,#4817);
#4819=EDGE_CURVE('',#4812,#4814,#4818,.T.);
#4820=ORIENTED_EDGE('',*,*,#4819,.F.);
#4821=CARTESIAN_POINT('',(13.4,13.5,2.6));
#4822=VERTEX_POINT('',#4821);
#4823=CARTESIAN_POINT('',(11.5,13.5,2.6));
#4824=DIRECTION('',(0.,0.,1.));
#4825=DIRECTION('',(1.,0.,-0.));
#4826=AXIS2_PLACEMENT_3D('',#4823,#4824,#4825);
#4827=CIRCLE('',#4826,1.9);
#4828=EDGE_CURVE('',#4822,#4812,#4827,.T.);
#4829=ORIENTED_EDGE('',*,*,#4828,.F.);
#4830=CARTESIAN_POINT('',(11.5,13.5,2.6));
#4831=DIRECTION('',(0.,0.,1.));
#4832=DIRECTION('',(1.,0.,-0.));
#4833=AXIS2_PLACEMENT_3D('',#4830,#4831,#4832);
#4834=CIRCLE('',#4833,1.9);
#4835=EDGE_CURVE('',#4812,#4822,#4834,.T.);
#4836=ORIENTED_EDGE('',*,*,#4835,.F.);
#4837=ORIENTED_EDGE('',*,*,#4819,.T.);
#4838=CARTESIAN_POINT('',(13.4,13.5,2.61));
#4839=VERTEX_POINT('',#4838);
#4840=CARTESIAN_POINT('',(11.5,13.5,2.61));
#4841=DIRECTION('',(0.,0.,1.));
#4842=DIRECTION('',(1.,0.,-0.));
#4843=AXIS2_PLACEMENT_3D('',#4840,#4841,#4842);
#4844=CIRCLE('',#4843,1.9);
#4845=EDGE_CURVE('',#4814,#4839,#4844,.T.);
#4846=ORIENTED_EDGE('',*,*,#4845,.T.);
#4847=CARTESIAN_POINT('',(11.5,13.5,2.61));
#4848=DIRECTION('',(0.,0.,1.));
#4849=DIRECTION('',(1.,0.,-0.));
#4850=AXIS2_PLACEMENT_3D('',#4847,#4848,#4849);
#4851=CIRCLE('',#4850,1.9);
#4852=EDGE_CURVE('',#4839,#4814,#4851,.T.);
#4853=ORIENTED_EDGE('',*,*,#4852,.T.);
#4854=EDGE_LOOP('',(#4820,#4829,#4836,#4837,#4846,#4853));
#4855=FACE_BOUND('',#4854,.T.);
#4856=ADVANCED_FACE('',(#4855),#4810,.F.);
#4857=CARTESIAN_POINT('',(11.5,13.5,2.61));
#4858=DIRECTION('',(0.,0.,-1.));
#4859=DIRECTION('',(-1.,0.,0.));
#4860=AXIS2_PLACEMENT_3D('',#4857,#4858,#4859);
#4861=CYLINDRICAL_SURFACE('',#4860,2.1);
#4862=CARTESIAN_POINT('',(9.4,13.5,2.6));
#4863=VERTEX_POINT('',#4862);
#4864=CARTESIAN_POINT('',(9.4,13.5,2.61));
#4865=VERTEX_POINT('',#4864);
#4866=CARTESIAN_POINT('',(9.4,13.5,2.6));
#4867=DIRECTION('',(-0.,-0.,1.));
#4868=VECTOR('',#4867,0.01);
#4869=LINE('',#4866,#4868);
#4870=EDGE_CURVE('',#4863,#4865,#4869,.T.);
#4871=ORIENTED_EDGE('',*,*,#4870,.T.);
#4872=CARTESIAN_POINT('',(13.6,13.5,2.61));
#4873=VERTEX_POINT('',#4872);
#4874=CARTESIAN_POINT('',(11.5,13.5,2.61));
#4875=DIRECTION('',(0.,0.,1.));
#4876=DIRECTION('',(1.,0.,-0.));
#4877=AXIS2_PLACEMENT_3D('',#4874,#4875,#4876);
#4878=CIRCLE('',#4877,2.1);
#4879=EDGE_CURVE('',#4873,#4865,#4878,.T.);
#4880=ORIENTED_EDGE('',*,*,#4879,.F.);
#4881=CARTESIAN_POINT('',(11.5,13.5,2.61));
#4882=DIRECTION('',(0.,0.,1.));
#4883=DIRECTION('',(1.,0.,-0.));
#4884=AXIS2_PLACEMENT_3D('',#4881,#4882,#4883);
#4885=CIRCLE('',#4884,2.1);
#4886=EDGE_CURVE('',#4865,#4873,#4885,.T.);
#4887=ORIENTED_EDGE('',*,*,#4886,.F.);
#4888=ORIENTED_EDGE('',*,*,#4870,.F.);
#4889=CARTESIAN_POINT('',(13.6,13.5,2.6));
#4890=VERTEX_POINT('',#4889);
#4891=CARTESIAN_POINT('',(11.5,13.5,2.6));
#4892=DIRECTION('',(0.,0.,1.));
#4893=DIRECTION('',(1.,0.,-0.));
#4894=AXIS2_PLACEMENT_3D('',#4891,#4892,#4893);
#4895=CIRCLE('',#4894,2.1);
#4896=EDGE_CURVE('',#4863,#4890,#4895,.T.);
#4897=ORIENTED_EDGE('',*,*,#4896,.T.);
#4898=CARTESIAN_POINT('',(11.5,13.5,2.6));
#4899=DIRECTION('',(0.,0.,1.));
#4900=DIRECTION('',(1.,0.,-0.));
#4901=AXIS2_PLACEMENT_3D('',#4898,#4899,#4900);
#4902=CIRCLE('',#4901,2.1);
#4903=EDGE_CURVE('',#4890,#4863,#4902,.T.);
#4904=ORIENTED_EDGE('',*,*,#4903,.T.);
#4905=EDGE_LOOP('',(#4871,#4880,#4887,#4888,#4897,#4904));
#4906=FACE_BOUND('',#4905,.T.);
#4907=ADVANCED_FACE('',(#4906),#4861,.T.);
#4908=CARTESIAN_POINT('',(0.,0.,2.61));
#4909=DIRECTION('',(0.,0.,1.));
#4910=DIRECTION('',(1.,0.,0.));
#4911=AXIS2_PLACEMENT_3D('',#4908,#4909,#4910);
#4912=PLANE('',#4911);
#4913=ORIENTED_EDGE('',*,*,#4845,.F.);
#4914=ORIENTED_EDGE('',*,*,#4852,.F.);
#4915=EDGE_LOOP('',(#4913,#4914));
#4916=FACE_BOUND('',#4915,.T.);
#4917=ORIENTED_EDGE('',*,*,#4879,.T.);
#4918=ORIENTED_EDGE('',*,*,#4886,.T.);
#4919=EDGE_LOOP('',(#4917,#4918));
#4920=FACE_BOUND('',#4919,.T.);
#4921=ADVANCED_FACE('',(#4916,#4920),#4912,.T.);
#4922=CARTESIAN_POINT('',(0.,0.,2.6));
#4923=DIRECTION('',(0.,0.,1.));
#4924=DIRECTION('',(1.,0.,0.));
#4925=AXIS2_PLACEMENT_3D('',#4922,#4923,#4924);
#4926=PLANE('',#4925);
#4927=ORIENTED_EDGE('',*,*,#4828,.T.);
#4928=ORIENTED_EDGE('',*,*,#4835,.T.);
#4929=EDGE_LOOP('',(#4927,#4928));
#4930=FACE_BOUND('',#4929,.T.);
#4931=ORIENTED_EDGE('',*,*,#4896,.F.);
#4932=ORIENTED_EDGE('',*,*,#4903,.F.);
#4933=EDGE_LOOP('',(#4931,#4932));
#4934=FACE_BOUND('',#4933,.T.);
#4935=ADVANCED_FACE('',(#4930,#4934),#4926,.F.);
#4936=CLOSED_SHELL('',(#4856,#4907,#4921,#4935));
#4937=MANIFOLD_SOLID_BREP('Body 35',#4936);
#4805=STYLED_ITEM('',(#3089),#4937);
#4939=CARTESIAN_POINT('',(10.450715642,14.558588643,2.61));
#4940=DIRECTION('',(-1.,0.,0.));
#4941=DIRECTION('',(0.,0.,1.));
#4942=AXIS2_PLACEMENT_3D('',#4939,#4940,#4941);
#4943=PLANE('',#4942);
#4944=CARTESIAN_POINT('',(10.450715642,14.41114454,2.6));
#4945=VERTEX_POINT('',#4944);
#4946=CARTESIAN_POINT('',(10.450715642,14.706032746,2.6));
#4947=VERTEX_POINT('',#4946);
#4948=CARTESIAN_POINT('',(10.450715642,14.41114454,2.6));
#4949=DIRECTION('',(0.,1.,0.));
#4950=VECTOR('',#4949,0.294888206);
#4951=LINE('',#4948,#4950);
#4952=EDGE_CURVE('',#4945,#4947,#4951,.T.);
#4953=ORIENTED_EDGE('',*,*,#4952,.F.);
#4954=CARTESIAN_POINT('',(10.450715642,14.41114454,2.61));
#4955=VERTEX_POINT('',#4954);
#4956=CARTESIAN_POINT('',(10.450715642,14.41114454,2.61));
#4957=DIRECTION('',(0.,0.,-1.));
#4958=VECTOR('',#4957,0.01);
#4959=LINE('',#4956,#4958);
#4960=EDGE_CURVE('',#4955,#4945,#4959,.T.);
#4961=ORIENTED_EDGE('',*,*,#4960,.F.);
#4962=CARTESIAN_POINT('',(10.450715642,14.706032746,2.61));
#4963=VERTEX_POINT('',#4962);
#4964=CARTESIAN_POINT('',(10.450715642,14.41114454,2.61));
#4965=DIRECTION('',(0.,1.,0.));
#4966=VECTOR('',#4965,0.294888206);
#4967=LINE('',#4964,#4966);
#4968=EDGE_CURVE('',#4955,#4963,#4967,.T.);
#4969=ORIENTED_EDGE('',*,*,#4968,.T.);
#4970=CARTESIAN_POINT('',(10.450715642,14.706032746,2.61));
#4971=DIRECTION('',(0.,0.,-1.));
#4972=VECTOR('',#4971,0.01);
#4973=LINE('',#4970,#4972);
#4974=EDGE_CURVE('',#4963,#4947,#4973,.T.);
#4975=ORIENTED_EDGE('',*,*,#4974,.T.);
#4976=EDGE_LOOP('',(#4953,#4961,#4969,#4975));
#4977=FACE_BOUND('',#4976,.T.);
#4978=ADVANCED_FACE('',(#4977),#4943,.T.);
#4979=CARTESIAN_POINT('',(10.768507306,14.295909483,2.61));
#4980=DIRECTION('',(-0.340892348,-0.940102339,0.));
#4981=DIRECTION('',(0.940102339,-0.340892348,0.));
#4982=AXIS2_PLACEMENT_3D('',#4979,#4980,#4981);
#4983=PLANE('',#4982);
#4984=CARTESIAN_POINT('',(11.086298969,14.180674426,2.6));
#4985=VERTEX_POINT('',#4984);
#4986=CARTESIAN_POINT('',(11.086298969,14.180674426,2.6));
#4987=DIRECTION('',(-0.940102339,0.340892348,0.));
#4988=VECTOR('',#4987,0.676078869);
#4989=LINE('',#4986,#4988);
#4990=EDGE_CURVE('',#4985,#4945,#4989,.T.);
#4991=ORIENTED_EDGE('',*,*,#4990,.F.);
#4992=CARTESIAN_POINT('',(11.086298969,14.180674426,2.61));
#4993=VERTEX_POINT('',#4992);
#4994=CARTESIAN_POINT('',(11.086298969,14.180674426,2.61));
#4995=DIRECTION('',(0.,0.,-1.));
#4996=VECTOR('',#4995,0.01);
#4997=LINE('',#4994,#4996);
#4998=EDGE_CURVE('',#4993,#4985,#4997,.T.);
#4999=ORIENTED_EDGE('',*,*,#4998,.F.);
#5000=CARTESIAN_POINT('',(11.086298969,14.180674426,2.61));
#5001=DIRECTION('',(-0.940102339,0.340892348,0.));
#5002=VECTOR('',#5001,0.676078869);
#5003=LINE('',#5000,#5002);
#5004=EDGE_CURVE('',#4993,#4955,#5003,.T.);
#5005=ORIENTED_EDGE('',*,*,#5004,.T.);
#5006=ORIENTED_EDGE('',*,*,#4960,.T.);
#5007=EDGE_LOOP('',(#4991,#4999,#5005,#5006));
#5008=FACE_BOUND('',#5007,.T.);
#5009=ADVANCED_FACE('',(#5008),#4983,.T.);
#5010=CARTESIAN_POINT('',(11.086298969,13.741921842,2.61));
#5011=DIRECTION('',(-1.,0.,0.));
#5012=DIRECTION('',(0.,0.,1.));
#5013=AXIS2_PLACEMENT_3D('',#5010,#5011,#5012);
#5014=PLANE('',#5013);
#5015=CARTESIAN_POINT('',(11.086298969,13.303169258,2.6));
#5016=VERTEX_POINT('',#5015);
#5017=CARTESIAN_POINT('',(11.086298969,13.303169258,2.6));
#5018=DIRECTION('',(0.,1.,0.));
#5019=VECTOR('',#5018,0.877505168);
#5020=LINE('',#5017,#5019);
#5021=EDGE_CURVE('',#5016,#4985,#5020,.T.);
#5022=ORIENTED_EDGE('',*,*,#5021,.F.);
#5023=CARTESIAN_POINT('',(11.086298969,13.303169258,2.61));
#5024=VERTEX_POINT('',#5023);
#5025=CARTESIAN_POINT('',(11.086298969,13.303169258,2.61));
#5026=DIRECTION('',(0.,0.,-1.));
#5027=VECTOR('',#5026,0.01);
#5028=LINE('',#5025,#5027);
#5029=EDGE_CURVE('',#5024,#5016,#5028,.T.);
#5030=ORIENTED_EDGE('',*,*,#5029,.F.);
#5031=CARTESIAN_POINT('',(11.086298969,13.303169258,2.61));
#5032=DIRECTION('',(0.,1.,0.));
#5033=VECTOR('',#5032,0.877505168);
#5034=LINE('',#5031,#5033);
#5035=EDGE_CURVE('',#5024,#4993,#5034,.T.);
#5036=ORIENTED_EDGE('',*,*,#5035,.T.);
#5037=ORIENTED_EDGE('',*,*,#4998,.T.);
#5038=EDGE_LOOP('',(#5022,#5030,#5036,#5037));
#5039=FACE_BOUND('',#5038,.T.);
#5040=ADVANCED_FACE('',(#5039),#5014,.T.);
#5041=CARTESIAN_POINT('',(10.768507306,13.180776708,2.61));
#5042=DIRECTION('',(-0.359401089,0.933183185,0.));
#5043=DIRECTION('',(-0.933183185,-0.359401089,0.));
#5044=AXIS2_PLACEMENT_3D('',#5041,#5042,#5043);
#5045=PLANE('',#5044);
#5046=CARTESIAN_POINT('',(10.450715642,13.058384158,2.6));
#5047=VERTEX_POINT('',#5046);
#5048=CARTESIAN_POINT('',(10.450715642,13.058384158,2.6));
#5049=DIRECTION('',(0.933183185,0.359401089,0.));
#5050=VECTOR('',#5049,0.681091704);
#5051=LINE('',#5048,#5050);
#5052=EDGE_CURVE('',#5047,#5016,#5051,.T.);
#5053=ORIENTED_EDGE('',*,*,#5052,.F.);
#5054=CARTESIAN_POINT('',(10.450715642,13.058384158,2.61));
#5055=VERTEX_POINT('',#5054);
#5056=CARTESIAN_POINT('',(10.450715642,13.058384158,2.61));
#5057=DIRECTION('',(0.,0.,-1.));
#5058=VECTOR('',#5057,0.01);
#5059=LINE('',#5056,#5058);
#5060=EDGE_CURVE('',#5055,#5047,#5059,.T.);
#5061=ORIENTED_EDGE('',*,*,#5060,.F.);
#5062=CARTESIAN_POINT('',(10.450715642,13.058384158,2.61));
#5063=DIRECTION('',(0.933183185,0.359401089,0.));
#5064=VECTOR('',#5063,0.681091704);
#5065=LINE('',#5062,#5064);
#5066=EDGE_CURVE('',#5055,#5024,#5065,.T.);
#5067=ORIENTED_EDGE('',*,*,#5066,.T.);
#5068=ORIENTED_EDGE('',*,*,#5029,.T.);
#5069=EDGE_LOOP('',(#5053,#5061,#5067,#5068));
#5070=FACE_BOUND('',#5069,.T.);
#5071=ADVANCED_FACE('',(#5070),#5045,.T.);
#5072=CARTESIAN_POINT('',(10.450715642,12.900204141,2.61));
#5073=DIRECTION('',(-1.,0.,0.));
#5074=DIRECTION('',(0.,0.,1.));
#5075=AXIS2_PLACEMENT_3D('',#5072,#5073,#5074);
#5076=PLANE('',#5075);
#5077=CARTESIAN_POINT('',(10.450715642,12.742024124,2.6));
#5078=VERTEX_POINT('',#5077);
#5079=CARTESIAN_POINT('',(10.450715642,12.742024124,2.6));
#5080=DIRECTION('',(0.,1.,0.));
#5081=VECTOR('',#5080,0.316360034);
#5082=LINE('',#5079,#5081);
#5083=EDGE_CURVE('',#5078,#5047,#5082,.T.);
#5084=ORIENTED_EDGE('',*,*,#5083,.F.);
#5085=CARTESIAN_POINT('',(10.450715642,12.742024124,2.61));
#5086=VERTEX_POINT('',#5085);
#5087=CARTESIAN_POINT('',(10.450715642,12.742024124,2.61));
#5088=DIRECTION('',(0.,0.,-1.));
#5089=VECTOR('',#5088,0.01);
#5090=LINE('',#5087,#5089);
#5091=EDGE_CURVE('',#5086,#5078,#5090,.T.);
#5092=ORIENTED_EDGE('',*,*,#5091,.F.);
#5093=CARTESIAN_POINT('',(10.450715642,12.742024124,2.61));
#5094=DIRECTION('',(0.,1.,0.));
#5095=VECTOR('',#5094,0.316360034);
#5096=LINE('',#5093,#5095);
#5097=EDGE_CURVE('',#5086,#5055,#5096,.T.);
#5098=ORIENTED_EDGE('',*,*,#5097,.T.);
#5099=ORIENTED_EDGE('',*,*,#5060,.T.);
#5100=EDGE_LOOP('',(#5084,#5092,#5098,#5099));
#5101=FACE_BOUND('',#5100,.T.);
#5102=ADVANCED_FACE('',(#5101),#5076,.T.);
#5103=CARTESIAN_POINT('',(11.5,13.171471771,2.61));
#5104=DIRECTION('',(0.378780143,-0.925486684,0.));
#5105=DIRECTION('',(0.925486684,0.378780143,0.));
#5106=AXIS2_PLACEMENT_3D('',#5103,#5104,#5105);
#5107=PLANE('',#5106);
#5108=CARTESIAN_POINT('',(12.549284358,13.600919418,2.6));
#5109=VERTEX_POINT('',#5108);
#5110=CARTESIAN_POINT('',(12.549284358,13.600919418,2.6));
#5111=DIRECTION('',(-0.925486684,-0.378780143,0.));
#5112=VECTOR('',#5111,2.267529885);
#5113=LINE('',#5110,#5112);
#5114=EDGE_CURVE('',#5109,#5078,#5113,.T.);
#5115=ORIENTED_EDGE('',*,*,#5114,.F.);
#5116=CARTESIAN_POINT('',(12.549284358,13.600919418,2.61));
#5117=VERTEX_POINT('',#5116);
#5118=CARTESIAN_POINT('',(12.549284358,13.600919418,2.61));
#5119=DIRECTION('',(0.,0.,-1.));
#5120=VECTOR('',#5119,0.01);
#5121=LINE('',#5118,#5120);
#5122=EDGE_CURVE('',#5117,#5109,#5121,.T.);
#5123=ORIENTED_EDGE('',*,*,#5122,.F.);
#5124=CARTESIAN_POINT('',(12.549284358,13.600919418,2.61));
#5125=DIRECTION('',(-0.925486684,-0.378780143,0.));
#5126=VECTOR('',#5125,2.267529885);
#5127=LINE('',#5124,#5126);
#5128=EDGE_CURVE('',#5117,#5086,#5127,.T.);
#5129=ORIENTED_EDGE('',*,*,#5128,.T.);
#5130=ORIENTED_EDGE('',*,*,#5091,.T.);
#5131=EDGE_LOOP('',(#5115,#5123,#5129,#5130));
#5132=FACE_BOUND('',#5131,.T.);
#5133=ADVANCED_FACE('',(#5132),#5107,.T.);
#5134=CARTESIAN_POINT('',(12.549284358,13.750510965,2.61));
#5135=DIRECTION('',(1.,0.,0.));
#5136=DIRECTION('',(0.,0.,-1.));
#5137=AXIS2_PLACEMENT_3D('',#5134,#5135,#5136);
#5138=PLANE('',#5137);
#5139=CARTESIAN_POINT('',(12.549284358,13.900102511,2.6));
#5140=VERTEX_POINT('',#5139);
#5141=CARTESIAN_POINT('',(12.549284358,13.900102511,2.6));
#5142=DIRECTION('',(0.,-1.,0.));
#5143=VECTOR('',#5142,0.299183093);
#5144=LINE('',#5141,#5143);
#5145=EDGE_CURVE('',#5140,#5109,#5144,.T.);
#5146=ORIENTED_EDGE('',*,*,#5145,.F.);
#5147=CARTESIAN_POINT('',(12.549284358,13.900102511,2.61));
#5148=VERTEX_POINT('',#5147);
#5149=CARTESIAN_POINT('',(12.549284358,13.900102511,2.61));
#5150=DIRECTION('',(0.,0.,-1.));
#5151=VECTOR('',#5150,0.01);
#5152=LINE('',#5149,#5151);
#5153=EDGE_CURVE('',#5148,#5140,#5152,.T.);
#5154=ORIENTED_EDGE('',*,*,#5153,.F.);
#5155=CARTESIAN_POINT('',(12.549284358,13.900102511,2.61));
#5156=DIRECTION('',(0.,-1.,0.));
#5157=VECTOR('',#5156,0.299183093);
#5158=LINE('',#5155,#5157);
#5159=EDGE_CURVE('',#5148,#5117,#5158,.T.);
#5160=ORIENTED_EDGE('',*,*,#5159,.T.);
#5161=ORIENTED_EDGE('',*,*,#5122,.T.);
#5162=EDGE_LOOP('',(#5146,#5154,#5160,#5161));
#5163=FACE_BOUND('',#5162,.T.);
#5164=ADVANCED_FACE('',(#5163),#5138,.T.);
#5165=CARTESIAN_POINT('',(12.328834255,13.756952661,2.61));
#5166=CARTESIAN_POINT('',(12.328834255,13.756952661,2.6));
#5167=CARTESIAN_POINT('',(12.194274191,13.783673795,2.61));
#5168=CARTESIAN_POINT('',(12.194274191,13.783673795,2.6));
#5169=CARTESIAN_POINT('',(12.060667243,13.821369443,2.61));
#5170=CARTESIAN_POINT('',(12.060667243,13.821369443,2.6));
#5171=CARTESIAN_POINT('',(11.928016018,13.870040908,2.61));
#5172=CARTESIAN_POINT('',(11.928016018,13.870040908,2.6));
#5173=B_SPLINE_SURFACE_WITH_KNOTS('',3,1,((#5165,#5166),(#5167,#5168),(#5169,#5170),(#5171,#5172)),.UNSPECIFIED.,.F.,.F.,.U.,(4,4),(2,2),(0.46263662,1.),(0.,1.),.UNSPECIFIED.);
#5174=CARTESIAN_POINT('',(12.328834344,13.756952643,2.6));
#5175=VERTEX_POINT('',#5174);
#5176=CARTESIAN_POINT('',(11.928016018,13.870040908,2.6));
#5177=VERTEX_POINT('',#5176);
#5178=CARTESIAN_POINT('',(12.328834344,13.756952643,2.6));
#5179=CARTESIAN_POINT('',(12.19427425,13.783673778,2.6));
#5180=CARTESIAN_POINT('',(12.060667273,13.821369432,2.6));
#5181=CARTESIAN_POINT('',(11.928016018,13.870040908,2.6));
#5182=B_SPLINE_CURVE_WITH_KNOTS('',3,(#5178,#5179,#5180,#5181),.UNSPECIFIED.,.F.,.F.,(4,4),(0.462636501,1.),.UNSPECIFIED.);
#5183=EDGE_CURVE('',#5175,#5177,#5182,.T.);
#5184=ORIENTED_EDGE('',*,*,#5183,.F.);
#5185=CARTESIAN_POINT('',(12.328834344,13.756952643,2.61));
#5186=VERTEX_POINT('',#5185);
#5187=CARTESIAN_POINT('',(12.328834344,13.756952643,2.61));
#5188=DIRECTION('',(0.,0.,-1.));
#5189=VECTOR('',#5188,0.01);
#5190=LINE('',#5187,#5189);
#5191=EDGE_CURVE('',#5186,#5175,#5190,.T.);
#5192=ORIENTED_EDGE('',*,*,#5191,.F.);
#5193=CARTESIAN_POINT('',(11.928016018,13.870040908,2.61));
#5194=VERTEX_POINT('',#5193);
#5195=CARTESIAN_POINT('',(12.328834344,13.756952643,2.61));
#5196=CARTESIAN_POINT('',(12.19427425,13.783673778,2.61));
#5197=CARTESIAN_POINT('',(12.060667273,13.821369432,2.61));
#5198=CARTESIAN_POINT('',(11.928016018,13.870040908,2.61));
#5199=B_SPLINE_CURVE_WITH_KNOTS('',3,(#5195,#5196,#5197,#5198),.UNSPECIFIED.,.F.,.F.,(4,4),(0.462636501,1.),.UNSPECIFIED.);
#5200=EDGE_CURVE('',#5186,#5194,#5199,.T.);
#5201=ORIENTED_EDGE('',*,*,#5200,.T.);
#5202=CARTESIAN_POINT('',(11.928016018,13.870040908,2.61));
#5203=DIRECTION('',(0.,0.,-1.));
#5204=VECTOR('',#5203,0.01);
#5205=LINE('',#5202,#5204);
#5206=EDGE_CURVE('',#5194,#5177,#5205,.T.);
#5207=ORIENTED_EDGE('',*,*,#5206,.T.);
#5208=EDGE_LOOP('',(#5184,#5192,#5201,#5207));
#5209=FACE_BOUND('',#5208,.T.);
#5210=ADVANCED_FACE('',(#5209),#5173,.T.);
#5211=CARTESIAN_POINT('',(11.893660832,13.608077563,2.61));
#5212=CARTESIAN_POINT('',(11.893660832,13.608077563,2.6));
#5213=CARTESIAN_POINT('',(12.070211466,13.6748804,2.61));
#5214=CARTESIAN_POINT('',(12.070211466,13.6748804,2.6));
#5215=CARTESIAN_POINT('',(12.215268869,13.724504992,2.61));
#5216=CARTESIAN_POINT('',(12.215268869,13.724504992,2.6));
#5217=CARTESIAN_POINT('',(12.328834343,13.756952643,2.61));
#5218=CARTESIAN_POINT('',(12.328834343,13.756952643,2.6));
#5219=B_SPLINE_SURFACE_WITH_KNOTS('',3,1,((#5211,#5212),(#5213,#5214),(#5215,#5216),(#5217,#5218)),.UNSPECIFIED.,.F.,.F.,.U.,(4,4),(2,2),(0.,0.462636501),(0.,1.),.UNSPECIFIED.);
#5220=CARTESIAN_POINT('',(11.893660832,13.608077563,2.6));
#5221=VERTEX_POINT('',#5220);
#5222=CARTESIAN_POINT('',(11.893660832,13.608077563,2.6));
#5223=CARTESIAN_POINT('',(12.070211466,13.6748804,2.6));
#5224=CARTESIAN_POINT('',(12.215268869,13.724504992,2.6));
#5225=CARTESIAN_POINT('',(12.328834344,13.756952643,2.6));
#5226=B_SPLINE_CURVE_WITH_KNOTS('',3,(#5222,#5223,#5224,#5225),.UNSPECIFIED.,.F.,.F.,(4,4),(0.,0.462636501),.UNSPECIFIED.);
#5227=EDGE_CURVE('',#5221,#5175,#5226,.T.);
#5228=ORIENTED_EDGE('',*,*,#5227,.F.);
#5229=CARTESIAN_POINT('',(11.893660832,13.608077563,2.61));
#5230=VERTEX_POINT('',#5229);
#5231=CARTESIAN_POINT('',(11.893660832,13.608077563,2.61));
#5232=DIRECTION('',(0.,0.,-1.));
#5233=VECTOR('',#5232,0.01);
#5234=LINE('',#5231,#5233);
#5235=EDGE_CURVE('',#5230,#5221,#5234,.T.);
#5236=ORIENTED_EDGE('',*,*,#5235,.F.);
#5237=CARTESIAN_POINT('',(11.893660832,13.608077563,2.61));
#5238=CARTESIAN_POINT('',(12.070211466,13.6748804,2.61));
#5239=CARTESIAN_POINT('',(12.215268869,13.724504992,2.61));
#5240=CARTESIAN_POINT('',(12.328834344,13.756952643,2.61));
#5241=B_SPLINE_CURVE_WITH_KNOTS('',3,(#5237,#5238,#5239,#5240),.UNSPECIFIED.,.F.,.F.,(4,4),(0.,0.462636501),.UNSPECIFIED.);
#5242=EDGE_CURVE('',#5230,#5186,#5241,.T.);
#5243=ORIENTED_EDGE('',*,*,#5242,.T.);
#5244=ORIENTED_EDGE('',*,*,#5191,.T.);
#5245=EDGE_LOOP('',(#5228,#5236,#5243,#5244));
#5246=FACE_BOUND('',#5245,.T.);
#5247=ADVANCED_FACE('',(#5246),#5219,.T.);
#5248=CARTESIAN_POINT('',(11.603067514,13.498568371,2.61));
#5249=DIRECTION('',(-0.352638167,0.935759757,0.));
#5250=DIRECTION('',(-0.935759757,-0.352638167,0.));
#5251=AXIS2_PLACEMENT_3D('',#5248,#5249,#5250);
#5252=PLANE('',#5251);
#5253=CARTESIAN_POINT('',(11.312474195,13.389059179,2.6));
#5254=VERTEX_POINT('',#5253);
#5255=CARTESIAN_POINT('',(11.312474195,13.389059179,2.6));
#5256=DIRECTION('',(0.935759757,0.352638167,0.));
#5257=VECTOR('',#5256,0.621085308);
#5258=LINE('',#5255,#5257);
#5259=EDGE_CURVE('',#5254,#5221,#5258,.T.);
#5260=ORIENTED_EDGE('',*,*,#5259,.F.);
#5261=CARTESIAN_POINT('',(11.312474195,13.389059179,2.61));
#5262=VERTEX_POINT('',#5261);
#5263=CARTESIAN_POINT('',(11.312474195,13.389059179,2.61));
#5264=DIRECTION('',(0.,0.,-1.));
#5265=VECTOR('',#5264,0.01);
#5266=LINE('',#5263,#5265);
#5267=EDGE_CURVE('',#5262,#5254,#5266,.T.);
#5268=ORIENTED_EDGE('',*,*,#5267,.F.);
#5269=CARTESIAN_POINT('',(11.312474195,13.389059179,2.61));
#5270=DIRECTION('',(0.935759757,0.352638167,0.));
#5271=VECTOR('',#5270,0.621085308);
#5272=LINE('',#5269,#5271);
#5273=EDGE_CURVE('',#5262,#5230,#5272,.T.);
#5274=ORIENTED_EDGE('',*,*,#5273,.T.);
#5275=ORIENTED_EDGE('',*,*,#5235,.T.);
#5276=EDGE_LOOP('',(#5260,#5268,#5274,#5275));
#5277=FACE_BOUND('',#5276,.T.);
#5278=ADVANCED_FACE('',(#5277),#5252,.T.);
#5279=CARTESIAN_POINT('',(11.312474195,13.7447851,2.61));
#5280=DIRECTION('',(1.,0.,0.));
#5281=DIRECTION('',(0.,0.,-1.));
#5282=AXIS2_PLACEMENT_3D('',#5279,#5280,#5281);
#5283=PLANE('',#5282);
#5284=CARTESIAN_POINT('',(11.312474195,14.100511022,2.6));
#5285=VERTEX_POINT('',#5284);
#5286=CARTESIAN_POINT('',(11.312474195,14.100511022,2.6));
#5287=DIRECTION('',(0.,-1.,0.));
#5288=VECTOR('',#5287,0.711451843);
#5289=LINE('',#5286,#5288);
#5290=EDGE_CURVE('',#5285,#5254,#5289,.T.);
#5291=ORIENTED_EDGE('',*,*,#5290,.F.);
#5292=CARTESIAN_POINT('',(11.312474195,14.100511022,2.61));
#5293=VERTEX_POINT('',#5292);
#5294=CARTESIAN_POINT('',(11.312474195,14.100511022,2.61));
#5295=DIRECTION('',(0.,0.,-1.));
#5296=VECTOR('',#5295,0.01);
#5297=LINE('',#5294,#5296);
#5298=EDGE_CURVE('',#5293,#5285,#5297,.T.);
#5299=ORIENTED_EDGE('',*,*,#5298,.F.);
#5300=CARTESIAN_POINT('',(11.312474195,14.100511022,2.61));
#5301=DIRECTION('',(0.,-1.,0.));
#5302=VECTOR('',#5301,0.711451843);
#5303=LINE('',#5300,#5302);
#5304=EDGE_CURVE('',#5293,#5262,#5303,.T.);
#5305=ORIENTED_EDGE('',*,*,#5304,.T.);
#5306=ORIENTED_EDGE('',*,*,#5267,.T.);
#5307=EDGE_LOOP('',(#5291,#5299,#5305,#5306));
#5308=FACE_BOUND('',#5307,.T.);
#5309=ADVANCED_FACE('',(#5308),#5283,.T.);
#5310=CARTESIAN_POINT('',(11.620245107,13.985275965,2.61));
#5311=DIRECTION('',(-0.350645779,-0.936508162,0.));
#5312=DIRECTION('',(0.936508162,-0.350645779,0.));
#5313=AXIS2_PLACEMENT_3D('',#5310,#5311,#5312);
#5314=PLANE('',#5313);
#5315=CARTESIAN_POINT('',(11.928016018,13.870040908,2.6));
#5316=DIRECTION('',(-0.936508162,0.350645779,0.));
#5317=VECTOR('',#5316,0.657273314);
#5318=LINE('',#5315,#5317);
#5319=EDGE_CURVE('',#5177,#5285,#5318,.T.);
#5320=ORIENTED_EDGE('',*,*,#5319,.F.);
#5321=ORIENTED_EDGE('',*,*,#5206,.F.);
#5322=CARTESIAN_POINT('',(11.928016018,13.870040908,2.61));
#5323=DIRECTION('',(-0.936508162,0.350645779,0.));
#5324=VECTOR('',#5323,0.657273314);
#5325=LINE('',#5322,#5324);
#5326=EDGE_CURVE('',#5194,#5293,#5325,.T.);
#5327=ORIENTED_EDGE('',*,*,#5326,.T.);
#5328=ORIENTED_EDGE('',*,*,#5298,.T.);
#5329=EDGE_LOOP('',(#5320,#5321,#5327,#5328));
#5330=FACE_BOUND('',#5329,.T.);
#5331=ADVANCED_FACE('',(#5330),#5314,.T.);
#5332=CARTESIAN_POINT('',(11.5,14.303067628,2.61));
#5333=DIRECTION('',(0.358509529,0.933526067,0.));
#5334=DIRECTION('',(-0.933526067,0.358509529,0.));
#5335=AXIS2_PLACEMENT_3D('',#5332,#5333,#5334);
#5336=PLANE('',#5335);
#5337=CARTESIAN_POINT('',(10.450715642,14.706032746,2.6));
#5338=DIRECTION('',(0.933526067,-0.358509529,0.));
#5339=VECTOR('',#5338,2.248002268);
#5340=LINE('',#5337,#5339);
#5341=EDGE_CURVE('',#4947,#5140,#5340,.T.);
#5342=ORIENTED_EDGE('',*,*,#5341,.F.);
#5343=ORIENTED_EDGE('',*,*,#4974,.F.);
#5344=CARTESIAN_POINT('',(10.450715642,14.706032746,2.61));
#5345=DIRECTION('',(0.933526067,-0.358509529,0.));
#5346=VECTOR('',#5345,2.248002268);
#5347=LINE('',#5344,#5346);
#5348=EDGE_CURVE('',#4963,#5148,#5347,.T.);
#5349=ORIENTED_EDGE('',*,*,#5348,.T.);
#5350=ORIENTED_EDGE('',*,*,#5153,.T.);
#5351=EDGE_LOOP('',(#5342,#5343,#5349,#5350));
#5352=FACE_BOUND('',#5351,.T.);
#5353=ADVANCED_FACE('',(#5352),#5336,.T.);
#5354=CARTESIAN_POINT('',(0.,0.,2.61));
#5355=DIRECTION('',(0.,0.,1.));
#5356=DIRECTION('',(1.,0.,0.));
#5357=AXIS2_PLACEMENT_3D('',#5354,#5355,#5356);
#5358=PLANE('',#5357);
#5359=ORIENTED_EDGE('',*,*,#5200,.F.);
#5360=ORIENTED_EDGE('',*,*,#5242,.F.);
#5361=ORIENTED_EDGE('',*,*,#5273,.F.);
#5362=ORIENTED_EDGE('',*,*,#5304,.F.);
#5363=ORIENTED_EDGE('',*,*,#5326,.F.);
#5364=EDGE_LOOP('',(#5359,#5360,#5361,#5362,#5363));
#5365=FACE_BOUND('',#5364,.T.);
#5366=ORIENTED_EDGE('',*,*,#4968,.F.);
#5367=ORIENTED_EDGE('',*,*,#5004,.F.);
#5368=ORIENTED_EDGE('',*,*,#5035,.F.);
#5369=ORIENTED_EDGE('',*,*,#5066,.F.);
#5370=ORIENTED_EDGE('',*,*,#5097,.F.);
#5371=ORIENTED_EDGE('',*,*,#5128,.F.);
#5372=ORIENTED_EDGE('',*,*,#5159,.F.);
#5373=ORIENTED_EDGE('',*,*,#5348,.F.);
#5374=EDGE_LOOP('',(#5366,#5367,#5368,#5369,#5370,#5371,#5372,#5373));
#5375=FACE_BOUND('',#5374,.T.);
#5376=ADVANCED_FACE('',(#5365,#5375),#5358,.T.);
#5377=CARTESIAN_POINT('',(0.,0.,2.6));
#5378=DIRECTION('',(0.,0.,1.));
#5379=DIRECTION('',(1.,0.,0.));
#5380=AXIS2_PLACEMENT_3D('',#5377,#5378,#5379);
#5381=PLANE('',#5380);
#5382=ORIENTED_EDGE('',*,*,#5183,.T.);
#5383=ORIENTED_EDGE('',*,*,#5319,.T.);
#5384=ORIENTED_EDGE('',*,*,#5290,.T.);
#5385=ORIENTED_EDGE('',*,*,#5259,.T.);
#5386=ORIENTED_EDGE('',*,*,#5227,.T.);
#5387=EDGE_LOOP('',(#5382,#5383,#5384,#5385,#5386));
#5388=FACE_BOUND('',#5387,.T.);
#5389=ORIENTED_EDGE('',*,*,#4952,.T.);
#5390=ORIENTED_EDGE('',*,*,#5341,.T.);
#5391=ORIENTED_EDGE('',*,*,#5145,.T.);
#5392=ORIENTED_EDGE('',*,*,#5114,.T.);
#5393=ORIENTED_EDGE('',*,*,#5083,.T.);
#5394=ORIENTED_EDGE('',*,*,#5052,.T.);
#5395=ORIENTED_EDGE('',*,*,#5021,.T.);
#5396=ORIENTED_EDGE('',*,*,#4990,.T.);
#5397=EDGE_LOOP('',(#5389,#5390,#5391,#5392,#5393,#5394,#5395,#5396));
#5398=FACE_BOUND('',#5397,.T.);
#5399=ADVANCED_FACE('',(#5388,#5398),#5381,.F.);
#5400=CLOSED_SHELL('',(#4978,#5009,#5040,#5071,#5102,#5133,#5164,#5210,#5247,#5278,#5309,#5331,#5353,#5376,#5399));
#5401=MANIFOLD_SOLID_BREP('Body 34',#5400);
#4938=STYLED_ITEM('',(#3089),#5401);
#5403=CARTESIAN_POINT('',(9.165166644,5.507589784,2.61));
#5404=DIRECTION('',(0.,1.,0.));
#5405=DIRECTION('',(0.,0.,1.));
#5406=AXIS2_PLACEMENT_3D('',#5403,#5404,#5405);
#5407=PLANE('',#5406);
#5408=CARTESIAN_POINT('',(8.803203236,5.507589784,2.6));
#5409=VERTEX_POINT('',#5408);
#5410=CARTESIAN_POINT('',(9.527130052,5.507589784,2.6));
#5411=VERTEX_POINT('',#5410);
#5412=CARTESIAN_POINT('',(8.803203236,5.507589784,2.6));
#5413=DIRECTION('',(1.,0.,-0.));
#5414=VECTOR('',#5413,0.723926816);
#5415=LINE('',#5412,#5414);
#5416=EDGE_CURVE('',#5409,#5411,#5415,.T.);
#5417=ORIENTED_EDGE('',*,*,#5416,.F.);
#5418=CARTESIAN_POINT('',(8.803203236,5.507589784,2.61));
#5419=VERTEX_POINT('',#5418);
#5420=CARTESIAN_POINT('',(8.803203236,5.507589784,2.61));
#5421=DIRECTION('',(0.,0.,-1.));
#5422=VECTOR('',#5421,0.01);
#5423=LINE('',#5420,#5422);
#5424=EDGE_CURVE('',#5419,#5409,#5423,.T.);
#5425=ORIENTED_EDGE('',*,*,#5424,.F.);
#5426=CARTESIAN_POINT('',(9.527130052,5.507589784,2.61));
#5427=VERTEX_POINT('',#5426);
#5428=CARTESIAN_POINT('',(8.803203236,5.507589784,2.61));
#5429=DIRECTION('',(1.,0.,-0.));
#5430=VECTOR('',#5429,0.723926816);
#5431=LINE('',#5428,#5430);
#5432=EDGE_CURVE('',#5419,#5427,#5431,.T.);
#5433=ORIENTED_EDGE('',*,*,#5432,.T.);
#5434=CARTESIAN_POINT('',(9.527130052,5.507589784,2.61));
#5435=DIRECTION('',(0.,0.,-1.));
#5436=VECTOR('',#5435,0.01);
#5437=LINE('',#5434,#5436);
#5438=EDGE_CURVE('',#5427,#5411,#5437,.T.);
#5439=ORIENTED_EDGE('',*,*,#5438,.T.);
#5440=EDGE_LOOP('',(#5417,#5425,#5433,#5439));
#5441=FACE_BOUND('',#5440,.T.);
#5442=ADVANCED_FACE('',(#5441),#5407,.T.);
#5443=CARTESIAN_POINT('',(8.803203236,5.44623984,2.61));
#5444=DIRECTION('',(-1.,0.,0.));
#5445=DIRECTION('',(0.,0.,1.));
#5446=AXIS2_PLACEMENT_3D('',#5443,#5444,#5445);
#5447=PLANE('',#5446);
#5448=CARTESIAN_POINT('',(8.803203236,5.384889897,2.6));
#5449=VERTEX_POINT('',#5448);
#5450=CARTESIAN_POINT('',(8.803203236,5.384889897,2.6));
#5451=DIRECTION('',(0.,1.,0.));
#5452=VECTOR('',#5451,0.122699887);
#5453=LINE('',#5450,#5452);
#5454=EDGE_CURVE('',#5449,#5409,#5453,.T.);
#5455=ORIENTED_EDGE('',*,*,#5454,.F.);
#5456=CARTESIAN_POINT('',(8.803203236,5.384889897,2.61));
#5457=VERTEX_POINT('',#5456);
#5458=CARTESIAN_POINT('',(8.803203236,5.384889897,2.61));
#5459=DIRECTION('',(0.,0.,-1.));
#5460=VECTOR('',#5459,0.01);
#5461=LINE('',#5458,#5460);
#5462=EDGE_CURVE('',#5457,#5449,#5461,.T.);
#5463=ORIENTED_EDGE('',*,*,#5462,.F.);
#5464=CARTESIAN_POINT('',(8.803203236,5.384889897,2.61));
#5465=DIRECTION('',(0.,1.,0.));
#5466=VECTOR('',#5465,0.122699887);
#5467=LINE('',#5464,#5466);
#5468=EDGE_CURVE('',#5457,#5419,#5467,.T.);
#5469=ORIENTED_EDGE('',*,*,#5468,.T.);
#5470=ORIENTED_EDGE('',*,*,#5424,.T.);
#5471=EDGE_LOOP('',(#5455,#5463,#5469,#5470));
#5472=FACE_BOUND('',#5471,.T.);
#5473=ADVANCED_FACE('',(#5472),#5447,.T.);
#5474=CARTESIAN_POINT('',(9.000885533,5.384889897,2.61));
#5475=DIRECTION('',(0.,-1.,0.));
#5476=DIRECTION('',(0.,0.,-1.));
#5477=AXIS2_PLACEMENT_3D('',#5474,#5475,#5476);
#5478=PLANE('',#5477);
#5479=CARTESIAN_POINT('',(9.19856783,5.384889897,2.6));
#5480=VERTEX_POINT('',#5479);
#5481=CARTESIAN_POINT('',(9.19856783,5.384889897,2.6));
#5482=DIRECTION('',(-1.,0.,0.));
#5483=VECTOR('',#5482,0.395364594);
#5484=LINE('',#5481,#5483);
#5485=EDGE_CURVE('',#5480,#5449,#5484,.T.);
#5486=ORIENTED_EDGE('',*,*,#5485,.F.);
#5487=CARTESIAN_POINT('',(9.19856783,5.384889897,2.61));
#5488=VERTEX_POINT('',#5487);
#5489=CARTESIAN_POINT('',(9.19856783,5.384889897,2.61));
#5490=DIRECTION('',(0.,0.,-1.));
#5491=VECTOR('',#5490,0.01);
#5492=LINE('',#5489,#5491);
#5493=EDGE_CURVE('',#5488,#5480,#5492,.T.);
#5494=ORIENTED_EDGE('',*,*,#5493,.F.);
#5495=CARTESIAN_POINT('',(9.19856783,5.384889897,2.61));
#5496=DIRECTION('',(-1.,0.,0.));
#5497=VECTOR('',#5496,0.395364594);
#5498=LINE('',#5495,#5497);
#5499=EDGE_CURVE('',#5488,#5457,#5498,.T.);
#5500=ORIENTED_EDGE('',*,*,#5499,.T.);
#5501=ORIENTED_EDGE('',*,*,#5462,.T.);
#5502=EDGE_LOOP('',(#5486,#5494,#5500,#5501));
#5503=FACE_BOUND('',#5502,.T.);
#5504=ADVANCED_FACE('',(#5503),#5478,.T.);
#5505=CARTESIAN_POINT('',(9.243557695,5.042014178,2.61));
#5506=CARTESIAN_POINT('',(9.243557695,5.042014178,2.6));
#5507=CARTESIAN_POINT('',(9.293545969,5.042014178,2.61));
#5508=CARTESIAN_POINT('',(9.293545969,5.042014178,2.6));
#5509=CARTESIAN_POINT('',(9.3309246,5.046785343,2.61));
#5510=CARTESIAN_POINT('',(9.3309246,5.046785343,2.6));
#5511=CARTESIAN_POINT('',(9.355691262,5.056328606,2.61));
#5512=CARTESIAN_POINT('',(9.355691262,5.056328606,2.6));
#5513=CARTESIAN_POINT('',(9.380457923,5.065871868,2.61));
#5514=CARTESIAN_POINT('',(9.380457923,5.065871868,2.6));
#5515=CARTESIAN_POINT('',(9.400226176,5.082800519,2.61));
#5516=CARTESIAN_POINT('',(9.400226176,5.082800519,2.6));
#5517=CARTESIAN_POINT('',(9.41499602,5.107112695,2.61));
#5518=CARTESIAN_POINT('',(9.41499602,5.107112695,2.6));
#5519=CARTESIAN_POINT('',(9.429764934,5.13142487,2.61));
#5520=CARTESIAN_POINT('',(9.429764934,5.13142487,2.6));
#5521=CARTESIAN_POINT('',(9.437150322,5.159941968,2.61));
#5522=CARTESIAN_POINT('',(9.437150322,5.159941968,2.6));
#5523=CARTESIAN_POINT('',(9.437150322,5.192661192,2.61));
#5524=CARTESIAN_POINT('',(9.437150322,5.192661192,2.6));
#5525=CARTESIAN_POINT('',(9.437150322,5.244922359,2.61));
#5526=CARTESIAN_POINT('',(9.437150322,5.244922359,2.6));
#5527=CARTESIAN_POINT('',(9.420562536,5.29002538,2.61));
#5528=CARTESIAN_POINT('',(9.420562536,5.29002538,2.6));
#5529=CARTESIAN_POINT('',(9.387388825,5.327971186,2.61));
#5530=CARTESIAN_POINT('',(9.387388825,5.327971186,2.6));
#5531=CARTESIAN_POINT('',(9.354214184,5.365916993,2.61));
#5532=CARTESIAN_POINT('',(9.354214184,5.365916993,2.6));
#5533=CARTESIAN_POINT('',(9.291274473,5.384889897,2.61));
#5534=CARTESIAN_POINT('',(9.291274473,5.384889897,2.6));
#5535=CARTESIAN_POINT('',(9.19856783,5.384889897,2.61));
#5536=CARTESIAN_POINT('',(9.19856783,5.384889897,2.6));
#5537=B_SPLINE_SURFACE_WITH_KNOTS('',3,1,((#5505,#5506),(#5507,#5508),(#5509,#5510),(#5511,#5512),(#5513,#5514),(#5515,#5516),(#5517,#5518),(#5519,#5520),(#5521,#5522),(#5523,#5524),(#5525,#5526),(#5527,#5528),(#5529,#5530),(#5531,#5532),(#5533,#5534),(#5535,#5536)),.UNSPECIFIED.,.F.,.F.,.U.,(4,3,3,3,3,4),(2,2),(0.,0.161434269,0.322868538,0.484300063,0.742148463,1.),(0.,1.),.UNSPECIFIED.);
#5538=CARTESIAN_POINT('',(9.243557695,5.042014178,2.6));
#5539=VERTEX_POINT('',#5538);
#5540=CARTESIAN_POINT('',(9.243557695,5.042014178,2.6));
#5541=CARTESIAN_POINT('',(9.293545969,5.042014178,2.6));
#5542=CARTESIAN_POINT('',(9.3309246,5.046785343,2.6));
#5543=CARTESIAN_POINT('',(9.355691262,5.056328606,2.6));
#5544=CARTESIAN_POINT('',(9.380457923,5.065871868,2.6));
#5545=CARTESIAN_POINT('',(9.400226176,5.082800519,2.6));
#5546=CARTESIAN_POINT('',(9.41499602,5.107112695,2.6));
#5547=CARTESIAN_POINT('',(9.429764934,5.13142487,2.6));
#5548=CARTESIAN_POINT('',(9.437150322,5.159941968,2.6));
#5549=CARTESIAN_POINT('',(9.437150322,5.192661192,2.6));
#5550=CARTESIAN_POINT('',(9.437150322,5.244922359,2.6));
#5551=CARTESIAN_POINT('',(9.420562536,5.29002538,2.6));
#5552=CARTESIAN_POINT('',(9.387388825,5.327971186,2.6));
#5553=CARTESIAN_POINT('',(9.354214184,5.365916993,2.6));
#5554=CARTESIAN_POINT('',(9.291274473,5.384889897,2.6));
#5555=CARTESIAN_POINT('',(9.19856783,5.384889897,2.6));
#5556=B_SPLINE_CURVE_WITH_KNOTS('',3,(#5540,#5541,#5542,#5543,#5544,#5545,#5546,#5547,#5548,#5549,#5550,#5551,#5552,#5553,#5554,#5555),.UNSPECIFIED.,.F.,.F.,(4,3,3,3,3,4),(0.,0.161434269,0.322868538,0.484300063,0.742148463,1.),.UNSPECIFIED.);
#5557=EDGE_CURVE('',#5539,#5480,#5556,.T.);
#5558=ORIENTED_EDGE('',*,*,#5557,.F.);
#5559=CARTESIAN_POINT('',(9.243557695,5.042014178,2.61));
#5560=VERTEX_POINT('',#5559);
#5561=CARTESIAN_POINT('',(9.243557695,5.042014178,2.61));
#5562=DIRECTION('',(0.,0.,-1.));
#5563=VECTOR('',#5562,0.01);
#5564=LINE('',#5561,#5563);
#5565=EDGE_CURVE('',#5560,#5539,#5564,.T.);
#5566=ORIENTED_EDGE('',*,*,#5565,.F.);
#5567=CARTESIAN_POINT('',(9.243557695,5.042014178,2.61));
#5568=CARTESIAN_POINT('',(9.293545969,5.042014178,2.61));
#5569=CARTESIAN_POINT('',(9.3309246,5.046785343,2.61));
#5570=CARTESIAN_POINT('',(9.355691262,5.056328606,2.61));
#5571=CARTESIAN_POINT('',(9.380457923,5.065871868,2.61));
#5572=CARTESIAN_POINT('',(9.400226176,5.082800519,2.61));
#5573=CARTESIAN_POINT('',(9.41499602,5.107112695,2.61));
#5574=CARTESIAN_POINT('',(9.429764934,5.13142487,2.61));
#5575=CARTESIAN_POINT('',(9.437150322,5.159941968,2.61));
#5576=CARTESIAN_POINT('',(9.437150322,5.192661192,2.61));
#5577=CARTESIAN_POINT('',(9.437150322,5.244922359,2.61));
#5578=CARTESIAN_POINT('',(9.420562536,5.29002538,2.61));
#5579=CARTESIAN_POINT('',(9.387388825,5.327971186,2.61));
#5580=CARTESIAN_POINT('',(9.354214184,5.365916993,2.61));
#5581=CARTESIAN_POINT('',(9.291274473,5.384889897,2.61));
#5582=CARTESIAN_POINT('',(9.19856783,5.384889897,2.61));
#5583=B_SPLINE_CURVE_WITH_KNOTS('',3,(#5567,#5568,#5569,#5570,#5571,#5572,#5573,#5574,#5575,#5576,#5577,#5578,#5579,#5580,#5581,#5582),.UNSPECIFIED.,.F.,.F.,(4,3,3,3,3,4),(0.,0.161434269,0.322868538,0.484300063,0.742148463,1.),.UNSPECIFIED.);
#5584=EDGE_CURVE('',#5560,#5488,#5583,.T.);
#5585=ORIENTED_EDGE('',*,*,#5584,.T.);
#5586=ORIENTED_EDGE('',*,*,#5493,.T.);
#5587=EDGE_LOOP('',(#5558,#5566,#5585,#5586));
#5588=FACE_BOUND('',#5587,.T.);
#5589=ADVANCED_FACE('',(#5588),#5537,.T.);
#5590=CARTESIAN_POINT('',(9.023380466,5.042014178,2.61));
#5591=DIRECTION('',(0.,1.,0.));
#5592=DIRECTION('',(0.,0.,1.));
#5593=AXIS2_PLACEMENT_3D('',#5590,#5591,#5592);
#5594=PLANE('',#5593);
#5595=CARTESIAN_POINT('',(8.803203236,5.042014178,2.6));
#5596=VERTEX_POINT('',#5595);
#5597=CARTESIAN_POINT('',(8.803203236,5.042014178,2.6));
#5598=DIRECTION('',(1.,0.,-0.));
#5599=VECTOR('',#5598,0.440354459);
#5600=LINE('',#5597,#5599);
#5601=EDGE_CURVE('',#5596,#5539,#5600,.T.);
#5602=ORIENTED_EDGE('',*,*,#5601,.F.);
#5603=CARTESIAN_POINT('',(8.803203236,5.042014178,2.61));
#5604=VERTEX_POINT('',#5603);
#5605=CARTESIAN_POINT('',(8.803203236,5.042014178,2.61));
#5606=DIRECTION('',(0.,0.,-1.));
#5607=VECTOR('',#5606,0.01);
#5608=LINE('',#5605,#5607);
#5609=EDGE_CURVE('',#5604,#5596,#5608,.T.);
#5610=ORIENTED_EDGE('',*,*,#5609,.F.);
#5611=CARTESIAN_POINT('',(8.803203236,5.042014178,2.61));
#5612=DIRECTION('',(1.,0.,-0.));
#5613=VECTOR('',#5612,0.440354459);
#5614=LINE('',#5611,#5613);
#5615=EDGE_CURVE('',#5604,#5560,#5614,.T.);
#5616=ORIENTED_EDGE('',*,*,#5615,.T.);
#5617=ORIENTED_EDGE('',*,*,#5565,.T.);
#5618=EDGE_LOOP('',(#5602,#5610,#5616,#5617));
#5619=FACE_BOUND('',#5618,.T.);
#5620=ADVANCED_FACE('',(#5619),#5594,.T.);
#5621=CARTESIAN_POINT('',(8.803203236,4.980664235,2.61));
#5622=DIRECTION('',(-1.,0.,0.));
#5623=DIRECTION('',(0.,0.,1.));
#5624=AXIS2_PLACEMENT_3D('',#5621,#5622,#5623);
#5625=PLANE('',#5624);
#5626=CARTESIAN_POINT('',(8.803203236,4.919314291,2.6));
#5627=VERTEX_POINT('',#5626);
#5628=CARTESIAN_POINT('',(8.803203236,4.919314291,2.6));
#5629=DIRECTION('',(0.,1.,0.));
#5630=VECTOR('',#5629,0.122699887);
#5631=LINE('',#5628,#5630);
#5632=EDGE_CURVE('',#5627,#5596,#5631,.T.);
#5633=ORIENTED_EDGE('',*,*,#5632,.F.);
#5634=CARTESIAN_POINT('',(8.803203236,4.919314291,2.61));
#5635=VERTEX_POINT('',#5634);
#5636=CARTESIAN_POINT('',(8.803203236,4.919314291,2.61));
#5637=DIRECTION('',(0.,0.,-1.));
#5638=VECTOR('',#5637,0.01);
#5639=LINE('',#5636,#5638);
#5640=EDGE_CURVE('',#5635,#5627,#5639,.T.);
#5641=ORIENTED_EDGE('',*,*,#5640,.F.);
#5642=CARTESIAN_POINT('',(8.803203236,4.919314291,2.61));
#5643=DIRECTION('',(0.,1.,0.));
#5644=VECTOR('',#5643,0.122699887);
#5645=LINE('',#5642,#5644);
#5646=EDGE_CURVE('',#5635,#5604,#5645,.T.);
#5647=ORIENTED_EDGE('',*,*,#5646,.T.);
#5648=ORIENTED_EDGE('',*,*,#5609,.T.);
#5649=EDGE_LOOP('',(#5633,#5641,#5647,#5648));
#5650=FACE_BOUND('',#5649,.T.);
#5651=ADVANCED_FACE('',(#5650),#5625,.T.);
#5652=CARTESIAN_POINT('',(9.025766281,4.919314291,2.61));
#5653=DIRECTION('',(0.,-1.,0.));
#5654=DIRECTION('',(0.,0.,-1.));
#5655=AXIS2_PLACEMENT_3D('',#5652,#5653,#5654);
#5656=PLANE('',#5655);
#5657=CARTESIAN_POINT('',(9.248329327,4.919314291,2.6));
#5658=VERTEX_POINT('',#5657);
#5659=CARTESIAN_POINT('',(9.248329327,4.919314291,2.6));
#5660=DIRECTION('',(-1.,0.,0.));
#5661=VECTOR('',#5660,0.44512609);
#5662=LINE('',#5659,#5661);
#5663=EDGE_CURVE('',#5658,#5627,#5662,.T.);
#5664=ORIENTED_EDGE('',*,*,#5663,.F.);
#5665=CARTESIAN_POINT('',(9.248329327,4.919314291,2.61));
#5666=VERTEX_POINT('',#5665);
#5667=CARTESIAN_POINT('',(9.248329327,4.919314291,2.61));
#5668=DIRECTION('',(0.,0.,-1.));
#5669=VECTOR('',#5668,0.01);
#5670=LINE('',#5667,#5669);
#5671=EDGE_CURVE('',#5666,#5658,#5670,.T.);
#5672=ORIENTED_EDGE('',*,*,#5671,.F.);
#5673=CARTESIAN_POINT('',(9.248329327,4.919314291,2.61));
#5674=DIRECTION('',(-1.,0.,0.));
#5675=VECTOR('',#5674,0.44512609);
#5676=LINE('',#5673,#5675);
#5677=EDGE_CURVE('',#5666,#5635,#5676,.T.);
#5678=ORIENTED_EDGE('',*,*,#5677,.T.);
#5679=ORIENTED_EDGE('',*,*,#5640,.T.);
#5680=EDGE_LOOP('',(#5664,#5672,#5678,#5679));
#5681=FACE_BOUND('',#5680,.T.);
#5682=ADVANCED_FACE('',(#5681),#5656,.T.);
#5683=CARTESIAN_POINT('',(9.367620572,4.926130641,2.61));
#5684=CARTESIAN_POINT('',(9.367620572,4.926130641,2.6));
#5685=CARTESIAN_POINT('',(9.344898164,4.921586718,2.61));
#5686=CARTESIAN_POINT('',(9.344898164,4.921586718,2.6));
#5687=CARTESIAN_POINT('',(9.305134416,4.919314291,2.61));
#5688=CARTESIAN_POINT('',(9.305134416,4.919314291,2.6));
#5689=CARTESIAN_POINT('',(9.248329327,4.919314291,2.61));
#5690=CARTESIAN_POINT('',(9.248329327,4.919314291,2.6));
#5691=B_SPLINE_SURFACE_WITH_KNOTS('',3,1,((#5683,#5684),(#5685,#5686),(#5687,#5688),(#5689,#5690)),.UNSPECIFIED.,.F.,.F.,.U.,(4,4),(2,2),(0.89103845,1.),(0.,1.),.UNSPECIFIED.);
#5692=CARTESIAN_POINT('',(9.367620572,4.926130641,2.6));
#5693=VERTEX_POINT('',#5692);
#5694=CARTESIAN_POINT('',(9.367620572,4.926130641,2.6));
#5695=CARTESIAN_POINT('',(9.344898164,4.921586718,2.6));
#5696=CARTESIAN_POINT('',(9.305134416,4.919314291,2.6));
#5697=CARTESIAN_POINT('',(9.248329327,4.919314291,2.6));
#5698=B_SPLINE_CURVE_WITH_KNOTS('',3,(#5694,#5695,#5696,#5697),.UNSPECIFIED.,.F.,.F.,(4,4),(0.89103845,1.),.UNSPECIFIED.);
#5699=EDGE_CURVE('',#5693,#5658,#5698,.T.);
#5700=ORIENTED_EDGE('',*,*,#5699,.F.);
#5701=CARTESIAN_POINT('',(9.367620572,4.926130641,2.61));
#5702=VERTEX_POINT('',#5701);
#5703=CARTESIAN_POINT('',(9.367620572,4.926130641,2.61));
#5704=DIRECTION('',(0.,0.,-1.));
#5705=VECTOR('',#5704,0.01);
#5706=LINE('',#5703,#5705);
#5707=EDGE_CURVE('',#5702,#5693,#5706,.T.);
#5708=ORIENTED_EDGE('',*,*,#5707,.F.);
#5709=CARTESIAN_POINT('',(9.367620572,4.926130641,2.61));
#5710=CARTESIAN_POINT('',(9.344898164,4.921586718,2.61));
#5711=CARTESIAN_POINT('',(9.305134416,4.919314291,2.61));
#5712=CARTESIAN_POINT('',(9.248329327,4.919314291,2.61));
#5713=B_SPLINE_CURVE_WITH_KNOTS('',3,(#5709,#5710,#5711,#5712),.UNSPECIFIED.,.F.,.F.,(4,4),(0.89103845,1.),.UNSPECIFIED.);
#5714=EDGE_CURVE('',#5702,#5666,#5713,.T.);
#5715=ORIENTED_EDGE('',*,*,#5714,.T.);
#5716=ORIENTED_EDGE('',*,*,#5671,.T.);
#5717=EDGE_LOOP('',(#5700,#5708,#5715,#5716));
#5718=FACE_BOUND('',#5717,.T.);
#5719=ADVANCED_FACE('',(#5718),#5691,.T.);
#5720=CARTESIAN_POINT('',(9.424198419,5.397160072,2.61));
#5721=CARTESIAN_POINT('',(9.424198419,5.397160072,2.6));
#5722=CARTESIAN_POINT('',(9.503725916,5.343989935,2.61));
#5723=CARTESIAN_POINT('',(9.503725916,5.343989935,2.6));
#5724=CARTESIAN_POINT('',(9.543489665,5.26718935,2.61));
#5725=CARTESIAN_POINT('',(9.543489665,5.26718935,2.6));
#5726=CARTESIAN_POINT('',(9.543489665,5.166757386,2.61));
#5727=CARTESIAN_POINT('',(9.543489665,5.166757386,2.6));
#5728=CARTESIAN_POINT('',(9.543489665,5.123131443,2.61));
#5729=CARTESIAN_POINT('',(9.543489665,5.123131443,2.6));
#5730=CARTESIAN_POINT('',(9.535650723,5.083027761,2.61));
#5731=CARTESIAN_POINT('',(9.535650723,5.083027761,2.6));
#5732=CARTESIAN_POINT('',(9.519971907,5.046444479,2.61));
#5733=CARTESIAN_POINT('',(9.519971907,5.046444479,2.6));
#5734=CARTESIAN_POINT('',(9.504294023,5.009862129,2.61));
#5735=CARTESIAN_POINT('',(9.504294023,5.009862129,2.6));
#5736=CARTESIAN_POINT('',(9.48373042,4.982482176,2.61));
#5737=CARTESIAN_POINT('',(9.48373042,4.982482176,2.6));
#5738=CARTESIAN_POINT('',(9.458282031,4.964304622,2.61));
#5739=CARTESIAN_POINT('',(9.458282031,4.964304622,2.6));
#5740=CARTESIAN_POINT('',(9.43283271,4.946127068,2.61));
#5741=CARTESIAN_POINT('',(9.43283271,4.946127068,2.6));
#5742=CARTESIAN_POINT('',(9.402612224,4.933401477,2.61));
#5743=CARTESIAN_POINT('',(9.402612224,4.933401477,2.6));
#5744=CARTESIAN_POINT('',(9.367620572,4.926130641,2.61));
#5745=CARTESIAN_POINT('',(9.367620572,4.926130641,2.6));
#5746=B_SPLINE_SURFACE_WITH_KNOTS('',3,1,((#5720,#5721),(#5722,#5723),(#5724,#5725),(#5726,#5727),(#5728,#5729),(#5730,#5731),(#5732,#5733),(#5734,#5735),(#5736,#5737),(#5738,#5739),(#5740,#5741),(#5742,#5743),(#5744,#5745)),.UNSPECIFIED.,.F.,.F.,.U.,(4,3,3,3,4),(2,2),(0.,0.386881022,0.554935583,0.72298498,0.89103845),(0.,1.),.UNSPECIFIED.);
#5747=CARTESIAN_POINT('',(9.424198419,5.397160072,2.6));
#5748=VERTEX_POINT('',#5747);
#5749=CARTESIAN_POINT('',(9.424198419,5.397160072,2.6));
#5750=CARTESIAN_POINT('',(9.503725916,5.343989935,2.6));
#5751=CARTESIAN_POINT('',(9.543489665,5.26718935,2.6));
#5752=CARTESIAN_POINT('',(9.543489665,5.166757386,2.6));
#5753=CARTESIAN_POINT('',(9.543489665,5.123131443,2.6));
#5754=CARTESIAN_POINT('',(9.535650723,5.083027761,2.6));
#5755=CARTESIAN_POINT('',(9.519971907,5.046444479,2.6));
#5756=CARTESIAN_POINT('',(9.504294023,5.009862129,2.6));
#5757=CARTESIAN_POINT('',(9.48373042,4.982482176,2.6));
#5758=CARTESIAN_POINT('',(9.458282031,4.964304622,2.6));
#5759=CARTESIAN_POINT('',(9.43283271,4.946127068,2.6));
#5760=CARTESIAN_POINT('',(9.402612224,4.933401477,2.6));
#5761=CARTESIAN_POINT('',(9.367620572,4.926130641,2.6));
#5762=B_SPLINE_CURVE_WITH_KNOTS('',3,(#5749,#5750,#5751,#5752,#5753,#5754,#5755,#5756,#5757,#5758,#5759,#5760,#5761),.UNSPECIFIED.,.F.,.F.,(4,3,3,3,4),(0.,0.386881022,0.554935583,0.72298498,0.89103845),.UNSPECIFIED.);
#5763=EDGE_CURVE('',#5748,#5693,#5762,.T.);
#5764=ORIENTED_EDGE('',*,*,#5763,.F.);
#5765=CARTESIAN_POINT('',(9.424198419,5.397160072,2.61));
#5766=VERTEX_POINT('',#5765);
#5767=CARTESIAN_POINT('',(9.424198419,5.397160072,2.61));
#5768=DIRECTION('',(0.,0.,-1.));
#5769=VECTOR('',#5768,0.01);
#5770=LINE('',#5767,#5769);
#5771=EDGE_CURVE('',#5766,#5748,#5770,.T.);
#5772=ORIENTED_EDGE('',*,*,#5771,.F.);
#5773=CARTESIAN_POINT('',(9.424198419,5.397160072,2.61));
#5774=CARTESIAN_POINT('',(9.503725916,5.343989935,2.61));
#5775=CARTESIAN_POINT('',(9.543489665,5.26718935,2.61));
#5776=CARTESIAN_POINT('',(9.543489665,5.166757386,2.61));
#5777=CARTESIAN_POINT('',(9.543489665,5.123131443,2.61));
#5778=CARTESIAN_POINT('',(9.535650723,5.083027761,2.61));
#5779=CARTESIAN_POINT('',(9.519971907,5.046444479,2.61));
#5780=CARTESIAN_POINT('',(9.504294023,5.009862129,2.61));
#5781=CARTESIAN_POINT('',(9.48373042,4.982482176,2.61));
#5782=CARTESIAN_POINT('',(9.458282031,4.964304622,2.61));
#5783=CARTESIAN_POINT('',(9.43283271,4.946127068,2.61));
#5784=CARTESIAN_POINT('',(9.402612224,4.933401477,2.61));
#5785=CARTESIAN_POINT('',(9.367620572,4.926130641,2.61));
#5786=B_SPLINE_CURVE_WITH_KNOTS('',3,(#5773,#5774,#5775,#5776,#5777,#5778,#5779,#5780,#5781,#5782,#5783,#5784,#5785),.UNSPECIFIED.,.F.,.F.,(4,3,3,3,4),(0.,0.386881022,0.554935583,0.72298498,0.89103845),.UNSPECIFIED.);
#5787=EDGE_CURVE('',#5766,#5702,#5786,.T.);
#5788=ORIENTED_EDGE('',*,*,#5787,.T.);
#5789=ORIENTED_EDGE('',*,*,#5707,.T.);
#5790=EDGE_LOOP('',(#5764,#5772,#5788,#5789));
#5791=FACE_BOUND('',#5790,.T.);
#5792=ADVANCED_FACE('',(#5791),#5746,.T.);
#5793=CARTESIAN_POINT('',(9.475664236,5.397160072,2.61));
#5794=DIRECTION('',(0.,-1.,0.));
#5795=DIRECTION('',(0.,0.,-1.));
#5796=AXIS2_PLACEMENT_3D('',#5793,#5794,#5795);
#5797=PLANE('',#5796);
#5798=CARTESIAN_POINT('',(9.527130052,5.397160072,2.6));
#5799=VERTEX_POINT('',#5798);
#5800=CARTESIAN_POINT('',(9.527130052,5.397160072,2.6));
#5801=DIRECTION('',(-1.,0.,0.));
#5802=VECTOR('',#5801,0.102931634);
#5803=LINE('',#5800,#5802);
#5804=EDGE_CURVE('',#5799,#5748,#5803,.T.);
#5805=ORIENTED_EDGE('',*,*,#5804,.F.);
#5806=CARTESIAN_POINT('',(9.527130052,5.397160072,2.61));
#5807=VERTEX_POINT('',#5806);
#5808=CARTESIAN_POINT('',(9.527130052,5.397160072,2.61));
#5809=DIRECTION('',(0.,0.,-1.));
#5810=VECTOR('',#5809,0.01);
#5811=LINE('',#5808,#5810);
#5812=EDGE_CURVE('',#5807,#5799,#5811,.T.);
#5813=ORIENTED_EDGE('',*,*,#5812,.F.);
#5814=CARTESIAN_POINT('',(9.527130052,5.397160072,2.61));
#5815=DIRECTION('',(-1.,0.,0.));
#5816=VECTOR('',#5815,0.102931634);
#5817=LINE('',#5814,#5816);
#5818=EDGE_CURVE('',#5807,#5766,#5817,.T.);
#5819=ORIENTED_EDGE('',*,*,#5818,.T.);
#5820=ORIENTED_EDGE('',*,*,#5771,.T.);
#5821=EDGE_LOOP('',(#5805,#5813,#5819,#5820));
#5822=FACE_BOUND('',#5821,.T.);
#5823=ADVANCED_FACE('',(#5822),#5797,.T.);
#5824=CARTESIAN_POINT('',(9.527130052,5.452374928,2.61));
#5825=DIRECTION('',(1.,0.,0.));
#5826=DIRECTION('',(0.,0.,-1.));
#5827=AXIS2_PLACEMENT_3D('',#5824,#5825,#5826);
#5828=PLANE('',#5827);
#5829=CARTESIAN_POINT('',(9.527130052,5.507589784,2.6));
#5830=DIRECTION('',(0.,-1.,0.));
#5831=VECTOR('',#5830,0.110429712);
#5832=LINE('',#5829,#5831);
#5833=EDGE_CURVE('',#5411,#5799,#5832,.T.);
#5834=ORIENTED_EDGE('',*,*,#5833,.F.);
#5835=ORIENTED_EDGE('',*,*,#5438,.F.);
#5836=CARTESIAN_POINT('',(9.527130052,5.507589784,2.61));
#5837=DIRECTION('',(0.,-1.,0.));
#5838=VECTOR('',#5837,0.110429712);
#5839=LINE('',#5836,#5838);
#5840=EDGE_CURVE('',#5427,#5807,#5839,.T.);
#5841=ORIENTED_EDGE('',*,*,#5840,.T.);
#5842=ORIENTED_EDGE('',*,*,#5812,.T.);
#5843=EDGE_LOOP('',(#5834,#5835,#5841,#5842));
#5844=FACE_BOUND('',#5843,.T.);
#5845=ADVANCED_FACE('',(#5844),#5828,.T.);
#5846=CARTESIAN_POINT('',(0.,0.,2.61));
#5847=DIRECTION('',(0.,0.,1.));
#5848=DIRECTION('',(1.,0.,0.));
#5849=AXIS2_PLACEMENT_3D('',#5846,#5847,#5848);
#5850=PLANE('',#5849);
#5851=ORIENTED_EDGE('',*,*,#5432,.F.);
#5852=ORIENTED_EDGE('',*,*,#5468,.F.);
#5853=ORIENTED_EDGE('',*,*,#5499,.F.);
#5854=ORIENTED_EDGE('',*,*,#5584,.F.);
#5855=ORIENTED_EDGE('',*,*,#5615,.F.);
#5856=ORIENTED_EDGE('',*,*,#5646,.F.);
#5857=ORIENTED_EDGE('',*,*,#5677,.F.);
#5858=ORIENTED_EDGE('',*,*,#5714,.F.);
#5859=ORIENTED_EDGE('',*,*,#5787,.F.);
#5860=ORIENTED_EDGE('',*,*,#5818,.F.);
#5861=ORIENTED_EDGE('',*,*,#5840,.F.);
#5862=EDGE_LOOP('',(#5851,#5852,#5853,#5854,#5855,#5856,#5857,#5858,#5859,#5860,#5861));
#5863=FACE_BOUND('',#5862,.T.);
#5864=ADVANCED_FACE('',(#5863),#5850,.T.);
#5865=CARTESIAN_POINT('',(0.,0.,2.6));
#5866=DIRECTION('',(0.,0.,1.));
#5867=DIRECTION('',(1.,0.,0.));
#5868=AXIS2_PLACEMENT_3D('',#5865,#5866,#5867);
#5869=PLANE('',#5868);
#5870=ORIENTED_EDGE('',*,*,#5416,.T.);
#5871=ORIENTED_EDGE('',*,*,#5833,.T.);
#5872=ORIENTED_EDGE('',*,*,#5804,.T.);
#5873=ORIENTED_EDGE('',*,*,#5763,.T.);
#5874=ORIENTED_EDGE('',*,*,#5699,.T.);
#5875=ORIENTED_EDGE('',*,*,#5663,.T.);
#5876=ORIENTED_EDGE('',*,*,#5632,.T.);
#5877=ORIENTED_EDGE('',*,*,#5601,.T.);
#5878=ORIENTED_EDGE('',*,*,#5557,.T.);
#5879=ORIENTED_EDGE('',*,*,#5485,.T.);
#5880=ORIENTED_EDGE('',*,*,#5454,.T.);
#5881=EDGE_LOOP('',(#5870,#5871,#5872,#5873,#5874,#5875,#5876,#5877,#5878,#5879,#5880));
#5882=FACE_BOUND('',#5881,.T.);
#5883=ADVANCED_FACE('',(#5882),#5869,.F.);
#5884=CLOSED_SHELL('',(#5442,#5473,#5504,#5589,#5620,#5651,#5682,#5719,#5792,#5823,#5845,#5864,#5883));
#5885=MANIFOLD_SOLID_BREP('Body 33',#5884);
#5402=STYLED_ITEM('',(#3089),#5885);
#5887=CARTESIAN_POINT('',(9.527130052,8.159941528,2.61));
#5888=DIRECTION('',(1.,0.,0.));
#5889=DIRECTION('',(0.,0.,-1.));
#5890=AXIS2_PLACEMENT_3D('',#5887,#5888,#5889);
#5891=PLANE('',#5890);
#5892=CARTESIAN_POINT('',(9.527130052,8.221291471,2.6));
#5893=VERTEX_POINT('',#5892);
#5894=CARTESIAN_POINT('',(9.527130052,8.098591585,2.6));
#5895=VERTEX_POINT('',#5894);
#5896=CARTESIAN_POINT('',(9.527130052,8.221291471,2.6));
#5897=DIRECTION('',(0.,-1.,0.));
#5898=VECTOR('',#5897,0.122699887);
#5899=LINE('',#5896,#5898);
#5900=EDGE_CURVE('',#5893,#5895,#5899,.T.);
#5901=ORIENTED_EDGE('',*,*,#5900,.F.);
#5902=CARTESIAN_POINT('',(9.527130052,8.221291471,2.61));
#5903=VERTEX_POINT('',#5902);
#5904=CARTESIAN_POINT('',(9.527130052,8.221291471,2.61));
#5905=DIRECTION('',(0.,0.,-1.));
#5906=VECTOR('',#5905,0.01);
#5907=LINE('',#5904,#5906);
#5908=EDGE_CURVE('',#5903,#5893,#5907,.T.);
#5909=ORIENTED_EDGE('',*,*,#5908,.F.);
#5910=CARTESIAN_POINT('',(9.527130052,8.098591585,2.61));
#5911=VERTEX_POINT('',#5910);
#5912=CARTESIAN_POINT('',(9.527130052,8.221291471,2.61));
#5913=DIRECTION('',(0.,-1.,0.));
#5914=VECTOR('',#5913,0.122699887);
#5915=LINE('',#5912,#5914);
#5916=EDGE_CURVE('',#5903,#5911,#5915,.T.);
#5917=ORIENTED_EDGE('',*,*,#5916,.T.);
#5918=CARTESIAN_POINT('',(9.527130052,8.098591585,2.61));
#5919=DIRECTION('',(0.,0.,-1.));
#5920=VECTOR('',#5919,0.01);
#5921=LINE('',#5918,#5920);
#5922=EDGE_CURVE('',#5911,#5895,#5921,.T.);
#5923=ORIENTED_EDGE('',*,*,#5922,.T.);
#5924=EDGE_LOOP('',(#5901,#5909,#5917,#5923));
#5925=FACE_BOUND('',#5924,.T.);
#5926=ADVANCED_FACE('',(#5925),#5891,.T.);
#5927=CARTESIAN_POINT('',(9.165166644,8.221291471,2.61));
#5928=DIRECTION('',(0.,1.,0.));
#5929=DIRECTION('',(0.,0.,1.));
#5930=AXIS2_PLACEMENT_3D('',#5927,#5928,#5929);
#5931=PLANE('',#5930);
#5932=CARTESIAN_POINT('',(8.803203236,8.221291471,2.6));
#5933=VERTEX_POINT('',#5932);
#5934=CARTESIAN_POINT('',(8.803203236,8.221291471,2.6));
#5935=DIRECTION('',(1.,0.,-0.));
#5936=VECTOR('',#5935,0.723926816);
#5937=LINE('',#5934,#5936);
#5938=EDGE_CURVE('',#5933,#5893,#5937,.T.);
#5939=ORIENTED_EDGE('',*,*,#5938,.F.);
#5940=CARTESIAN_POINT('',(8.803203236,8.221291471,2.61));
#5941=VERTEX_POINT('',#5940);
#5942=CARTESIAN_POINT('',(8.803203236,8.221291471,2.61));
#5943=DIRECTION('',(0.,0.,-1.));
#5944=VECTOR('',#5943,0.01);
#5945=LINE('',#5942,#5944);
#5946=EDGE_CURVE('',#5941,#5933,#5945,.T.);
#5947=ORIENTED_EDGE('',*,*,#5946,.F.);
#5948=CARTESIAN_POINT('',(8.803203236,8.221291471,2.61));
#5949=DIRECTION('',(1.,0.,-0.));
#5950=VECTOR('',#5949,0.723926816);
#5951=LINE('',#5948,#5950);
#5952=EDGE_CURVE('',#5941,#5903,#5951,.T.);
#5953=ORIENTED_EDGE('',*,*,#5952,.T.);
#5954=ORIENTED_EDGE('',*,*,#5908,.T.);
#5955=EDGE_LOOP('',(#5939,#5947,#5953,#5954));
#5956=FACE_BOUND('',#5955,.T.);
#5957=ADVANCED_FACE('',(#5956),#5931,.T.);
#5958=CARTESIAN_POINT('',(8.803203236,8.159941528,2.61));
#5959=DIRECTION('',(-1.,0.,0.));
#5960=DIRECTION('',(0.,0.,1.));
#5961=AXIS2_PLACEMENT_3D('',#5958,#5959,#5960);
#5962=PLANE('',#5961);
#5963=CARTESIAN_POINT('',(8.803203236,8.098591585,2.6));
#5964=VERTEX_POINT('',#5963);
#5965=CARTESIAN_POINT('',(8.803203236,8.098591585,2.6));
#5966=DIRECTION('',(0.,1.,0.));
#5967=VECTOR('',#5966,0.122699887);
#5968=LINE('',#5965,#5967);
#5969=EDGE_CURVE('',#5964,#5933,#5968,.T.);
#5970=ORIENTED_EDGE('',*,*,#5969,.F.);
#5971=CARTESIAN_POINT('',(8.803203236,8.098591585,2.61));
#5972=VERTEX_POINT('',#5971);
#5973=CARTESIAN_POINT('',(8.803203236,8.098591585,2.61));
#5974=DIRECTION('',(0.,0.,-1.));
#5975=VECTOR('',#5974,0.01);
#5976=LINE('',#5973,#5975);
#5977=EDGE_CURVE('',#5972,#5964,#5976,.T.);
#5978=ORIENTED_EDGE('',*,*,#5977,.F.);
#5979=CARTESIAN_POINT('',(8.803203236,8.098591585,2.61));
#5980=DIRECTION('',(0.,1.,0.));
#5981=VECTOR('',#5980,0.122699887);
#5982=LINE('',#5979,#5981);
#5983=EDGE_CURVE('',#5972,#5941,#5982,.T.);
#5984=ORIENTED_EDGE('',*,*,#5983,.T.);
#5985=ORIENTED_EDGE('',*,*,#5946,.T.);
#5986=EDGE_LOOP('',(#5970,#5978,#5984,#5985));
#5987=FACE_BOUND('',#5986,.T.);
#5988=ADVANCED_FACE('',(#5987),#5962,.T.);
#5989=CARTESIAN_POINT('',(9.165166644,8.098591585,2.61));
#5990=DIRECTION('',(0.,-1.,0.));
#5991=DIRECTION('',(0.,0.,-1.));
#5992=AXIS2_PLACEMENT_3D('',#5989,#5990,#5991);
#5993=PLANE('',#5992);
#5994=CARTESIAN_POINT('',(9.527130052,8.098591585,2.6));
#5995=DIRECTION('',(-1.,0.,0.));
#5996=VECTOR('',#5995,0.723926816);
#5997=LINE('',#5994,#5996);
#5998=EDGE_CURVE('',#5895,#5964,#5997,.T.);
#5999=ORIENTED_EDGE('',*,*,#5998,.F.);
#6000=ORIENTED_EDGE('',*,*,#5922,.F.);
#6001=CARTESIAN_POINT('',(9.527130052,8.098591585,2.61));
#6002=DIRECTION('',(-1.,0.,0.));
#6003=VECTOR('',#6002,0.723926816);
#6004=LINE('',#6001,#6003);
#6005=EDGE_CURVE('',#5911,#5972,#6004,.T.);
#6006=ORIENTED_EDGE('',*,*,#6005,.T.);
#6007=ORIENTED_EDGE('',*,*,#5977,.T.);
#6008=EDGE_LOOP('',(#5999,#6000,#6006,#6007));
#6009=FACE_BOUND('',#6008,.T.);
#6010=ADVANCED_FACE('',(#6009),#5993,.T.);
#6011=CARTESIAN_POINT('',(0.,0.,2.61));
#6012=DIRECTION('',(0.,0.,1.));
#6013=DIRECTION('',(1.,0.,0.));
#6014=AXIS2_PLACEMENT_3D('',#6011,#6012,#6013);
#6015=PLANE('',#6014);
#6016=ORIENTED_EDGE('',*,*,#5916,.F.);
#6017=ORIENTED_EDGE('',*,*,#5952,.F.);
#6018=ORIENTED_EDGE('',*,*,#5983,.F.);
#6019=ORIENTED_EDGE('',*,*,#6005,.F.);
#6020=EDGE_LOOP('',(#6016,#6017,#6018,#6019));
#6021=FACE_BOUND('',#6020,.T.);
#6022=ADVANCED_FACE('',(#6021),#6015,.T.);
#6023=CARTESIAN_POINT('',(0.,0.,2.6));
#6024=DIRECTION('',(0.,0.,1.));
#6025=DIRECTION('',(1.,0.,0.));
#6026=AXIS2_PLACEMENT_3D('',#6023,#6024,#6025);
#6027=PLANE('',#6026);
#6028=ORIENTED_EDGE('',*,*,#5900,.T.);
#6029=ORIENTED_EDGE('',*,*,#5998,.T.);
#6030=ORIENTED_EDGE('',*,*,#5969,.T.);
#6031=ORIENTED_EDGE('',*,*,#5938,.T.);
#6032=EDGE_LOOP('',(#6028,#6029,#6030,#6031));
#6033=FACE_BOUND('',#6032,.T.);
#6034=ADVANCED_FACE('',(#6033),#6027,.F.);
#6035=CLOSED_SHELL('',(#5926,#5957,#5988,#6010,#6022,#6034));
#6036=MANIFOLD_SOLID_BREP('Body 31',#6035);
#5886=STYLED_ITEM('',(#3089),#6036);
#6038=CARTESIAN_POINT('',(12.549284358,12.422801483,2.61));
#6039=DIRECTION('',(1.,0.,0.));
#6040=DIRECTION('',(0.,0.,-1.));
#6041=AXIS2_PLACEMENT_3D('',#6038,#6039,#6040);
#6042=PLANE('',#6041);
#6043=CARTESIAN_POINT('',(12.549284358,12.551635712,2.6));
#6044=VERTEX_POINT('',#6043);
#6045=CARTESIAN_POINT('',(12.549284358,12.293967254,2.6));
#6046=VERTEX_POINT('',#6045);
#6047=CARTESIAN_POINT('',(12.549284358,12.551635712,2.6));
#6048=DIRECTION('',(0.,-1.,0.));
#6049=VECTOR('',#6048,0.257668458);
#6050=LINE('',#6047,#6049);
#6051=EDGE_CURVE('',#6044,#6046,#6050,.T.);
#6052=ORIENTED_EDGE('',*,*,#6051,.F.);
#6053=CARTESIAN_POINT('',(12.549284358,12.551635712,2.61));
#6054=VERTEX_POINT('',#6053);
#6055=CARTESIAN_POINT('',(12.549284358,12.551635712,2.61));
#6056=DIRECTION('',(0.,0.,-1.));
#6057=VECTOR('',#6056,0.01);
#6058=LINE('',#6055,#6057);
#6059=EDGE_CURVE('',#6054,#6044,#6058,.T.);
#6060=ORIENTED_EDGE('',*,*,#6059,.F.);
#6061=CARTESIAN_POINT('',(12.549284358,12.293967254,2.61));
#6062=VERTEX_POINT('',#6061);
#6063=CARTESIAN_POINT('',(12.549284358,12.551635712,2.61));
#6064=DIRECTION('',(0.,-1.,0.));
#6065=VECTOR('',#6064,0.257668458);
#6066=LINE('',#6063,#6065);
#6067=EDGE_CURVE('',#6054,#6062,#6066,.T.);
#6068=ORIENTED_EDGE('',*,*,#6067,.T.);
#6069=CARTESIAN_POINT('',(12.549284358,12.293967254,2.61));
#6070=DIRECTION('',(0.,0.,-1.));
#6071=VECTOR('',#6070,0.01);
#6072=LINE('',#6069,#6071);
#6073=EDGE_CURVE('',#6062,#6046,#6072,.T.);
#6074=ORIENTED_EDGE('',*,*,#6073,.T.);
#6075=EDGE_LOOP('',(#6052,#6060,#6068,#6074));
#6076=FACE_BOUND('',#6075,.T.);
#6077=ADVANCED_FACE('',(#6076),#6042,.T.);
#6078=CARTESIAN_POINT('',(12.40112444,12.551635712,2.61));
#6079=DIRECTION('',(0.,1.,0.));
#6080=DIRECTION('',(0.,0.,1.));
#6081=AXIS2_PLACEMENT_3D('',#6078,#6079,#6080);
#6082=PLANE('',#6081);
#6083=CARTESIAN_POINT('',(12.252964523,12.551635712,2.6));
#6084=VERTEX_POINT('',#6083);
#6085=CARTESIAN_POINT('',(12.252964523,12.551635712,2.6));
#6086=DIRECTION('',(1.,0.,-0.));
#6087=VECTOR('',#6086,0.296319835);
#6088=LINE('',#6085,#6087);
#6089=EDGE_CURVE('',#6084,#6044,#6088,.T.);
#6090=ORIENTED_EDGE('',*,*,#6089,.F.);
#6091=CARTESIAN_POINT('',(12.252964523,12.551635712,2.61));
#6092=VERTEX_POINT('',#6091);
#6093=CARTESIAN_POINT('',(12.252964523,12.551635712,2.61));
#6094=DIRECTION('',(0.,0.,-1.));
#6095=VECTOR('',#6094,0.01);
#6096=LINE('',#6093,#6095);
#6097=EDGE_CURVE('',#6092,#6084,#6096,.T.);
#6098=ORIENTED_EDGE('',*,*,#6097,.F.);
#6099=CARTESIAN_POINT('',(12.252964523,12.551635712,2.61));
#6100=DIRECTION('',(1.,0.,-0.));
#6101=VECTOR('',#6100,0.296319835);
#6102=LINE('',#6099,#6101);
#6103=EDGE_CURVE('',#6092,#6054,#6102,.T.);
#6104=ORIENTED_EDGE('',*,*,#6103,.T.);
#6105=ORIENTED_EDGE('',*,*,#6059,.T.);
#6106=EDGE_LOOP('',(#6090,#6098,#6104,#6105));
#6107=FACE_BOUND('',#6106,.T.);
#6108=ADVANCED_FACE('',(#6107),#6082,.T.);
#6109=CARTESIAN_POINT('',(12.252964523,12.422801483,2.61));
#6110=DIRECTION('',(-1.,0.,0.));
#6111=DIRECTION('',(0.,0.,1.));
#6112=AXIS2_PLACEMENT_3D('',#6109,#6110,#6111);
#6113=PLANE('',#6112);
#6114=CARTESIAN_POINT('',(12.252964523,12.293967254,2.6));
#6115=VERTEX_POINT('',#6114);
#6116=CARTESIAN_POINT('',(12.252964523,12.293967254,2.6));
#6117=DIRECTION('',(0.,1.,0.));
#6118=VECTOR('',#6117,0.257668458);
#6119=LINE('',#6116,#6118);
#6120=EDGE_CURVE('',#6115,#6084,#6119,.T.);
#6121=ORIENTED_EDGE('',*,*,#6120,.F.);
#6122=CARTESIAN_POINT('',(12.252964523,12.293967254,2.61));
#6123=VERTEX_POINT('',#6122);
#6124=CARTESIAN_POINT('',(12.252964523,12.293967254,2.61));
#6125=DIRECTION('',(0.,0.,-1.));
#6126=VECTOR('',#6125,0.01);
#6127=LINE('',#6124,#6126);
#6128=EDGE_CURVE('',#6123,#6115,#6127,.T.);
#6129=ORIENTED_EDGE('',*,*,#6128,.F.);
#6130=CARTESIAN_POINT('',(12.252964523,12.293967254,2.61));
#6131=DIRECTION('',(0.,1.,0.));
#6132=VECTOR('',#6131,0.257668458);
#6133=LINE('',#6130,#6132);
#6134=EDGE_CURVE('',#6123,#6092,#6133,.T.);
#6135=ORIENTED_EDGE('',*,*,#6134,.T.);
#6136=ORIENTED_EDGE('',*,*,#6097,.T.);
#6137=EDGE_LOOP('',(#6121,#6129,#6135,#6136));
#6138=FACE_BOUND('',#6137,.T.);
#6139=ADVANCED_FACE('',(#6138),#6113,.T.);
#6140=CARTESIAN_POINT('',(12.40112444,12.293967254,2.61));
#6141=DIRECTION('',(0.,-1.,0.));
#6142=DIRECTION('',(0.,0.,-1.));
#6143=AXIS2_PLACEMENT_3D('',#6140,#6141,#6142);
#6144=PLANE('',#6143);
#6145=CARTESIAN_POINT('',(12.549284358,12.293967254,2.6));
#6146=DIRECTION('',(-1.,0.,0.));
#6147=VECTOR('',#6146,0.296319835);
#6148=LINE('',#6145,#6147);
#6149=EDGE_CURVE('',#6046,#6115,#6148,.T.);
#6150=ORIENTED_EDGE('',*,*,#6149,.F.);
#6151=ORIENTED_EDGE('',*,*,#6073,.F.);
#6152=CARTESIAN_POINT('',(12.549284358,12.293967254,2.61));
#6153=DIRECTION('',(-1.,0.,0.));
#6154=VECTOR('',#6153,0.296319835);
#6155=LINE('',#6152,#6154);
#6156=EDGE_CURVE('',#6062,#6123,#6155,.T.);
#6157=ORIENTED_EDGE('',*,*,#6156,.T.);
#6158=ORIENTED_EDGE('',*,*,#6128,.T.);
#6159=EDGE_LOOP('',(#6150,#6151,#6157,#6158));
#6160=FACE_BOUND('',#6159,.T.);
#6161=ADVANCED_FACE('',(#6160),#6144,.T.);
#6162=CARTESIAN_POINT('',(0.,0.,2.61));
#6163=DIRECTION('',(0.,0.,1.));
#6164=DIRECTION('',(1.,0.,0.));
#6165=AXIS2_PLACEMENT_3D('',#6162,#6163,#6164);
#6166=PLANE('',#6165);
#6167=ORIENTED_EDGE('',*,*,#6067,.F.);
#6168=ORIENTED_EDGE('',*,*,#6103,.F.);
#6169=ORIENTED_EDGE('',*,*,#6134,.F.);
#6170=ORIENTED_EDGE('',*,*,#6156,.F.);
#6171=EDGE_LOOP('',(#6167,#6168,#6169,#6170));
#6172=FACE_BOUND('',#6171,.T.);
#6173=ADVANCED_FACE('',(#6172),#6166,.T.);
#6174=CARTESIAN_POINT('',(0.,0.,2.6));
#6175=DIRECTION('',(0.,0.,1.));
#6176=DIRECTION('',(1.,0.,0.));
#6177=AXIS2_PLACEMENT_3D('',#6174,#6175,#6176);
#6178=PLANE('',#6177);
#6179=ORIENTED_EDGE('',*,*,#6051,.T.);
#6180=ORIENTED_EDGE('',*,*,#6149,.T.);
#6181=ORIENTED_EDGE('',*,*,#6120,.T.);
#6182=ORIENTED_EDGE('',*,*,#6089,.T.);
#6183=EDGE_LOOP('',(#6179,#6180,#6181,#6182));
#6184=FACE_BOUND('',#6183,.T.);
#6185=ADVANCED_FACE('',(#6184),#6178,.F.);
#6186=CLOSED_SHELL('',(#6077,#6108,#6139,#6161,#6173,#6185));
#6187=MANIFOLD_SOLID_BREP('Body 30',#6186);
#6037=STYLED_ITEM('',(#3089),#6187);
#6189=CARTESIAN_POINT('',(8.803203236,9.176983032,2.61));
#6190=DIRECTION('',(-1.,0.,0.));
#6191=DIRECTION('',(0.,0.,1.));
#6192=AXIS2_PLACEMENT_3D('',#6189,#6190,#6191);
#6193=PLANE('',#6192);
#6194=CARTESIAN_POINT('',(8.803203236,9.106771555,2.6));
#6195=VERTEX_POINT('',#6194);
#6196=CARTESIAN_POINT('',(8.803203236,9.24719451,2.6));
#6197=VERTEX_POINT('',#6196);
#6198=CARTESIAN_POINT('',(8.803203236,9.106771555,2.6));
#6199=DIRECTION('',(0.,1.,0.));
#6200=VECTOR('',#6199,0.140422955);
#6201=LINE('',#6198,#6200);
#6202=EDGE_CURVE('',#6195,#6197,#6201,.T.);
#6203=ORIENTED_EDGE('',*,*,#6202,.F.);
#6204=CARTESIAN_POINT('',(8.803203236,9.106771555,2.61));
#6205=VERTEX_POINT('',#6204);
#6206=CARTESIAN_POINT('',(8.803203236,9.106771555,2.61));
#6207=DIRECTION('',(0.,0.,-1.));
#6208=VECTOR('',#6207,0.01);
#6209=LINE('',#6206,#6208);
#6210=EDGE_CURVE('',#6205,#6195,#6209,.T.);
#6211=ORIENTED_EDGE('',*,*,#6210,.F.);
#6212=CARTESIAN_POINT('',(8.803203236,9.24719451,2.61));
#6213=VERTEX_POINT('',#6212);
#6214=CARTESIAN_POINT('',(8.803203236,9.106771555,2.61));
#6215=DIRECTION('',(0.,1.,0.));
#6216=VECTOR('',#6215,0.140422955);
#6217=LINE('',#6214,#6216);
#6218=EDGE_CURVE('',#6205,#6213,#6217,.T.);
#6219=ORIENTED_EDGE('',*,*,#6218,.T.);
#6220=CARTESIAN_POINT('',(8.803203236,9.24719451,2.61));
#6221=DIRECTION('',(0.,0.,-1.));
#6222=VECTOR('',#6221,0.01);
#6223=LINE('',#6220,#6222);
#6224=EDGE_CURVE('',#6213,#6197,#6223,.T.);
#6225=ORIENTED_EDGE('',*,*,#6224,.T.);
#6226=EDGE_LOOP('',(#6203,#6211,#6219,#6225));
#6227=FACE_BOUND('',#6226,.T.);
#6228=ADVANCED_FACE('',(#6227),#6193,.T.);
#6229=CARTESIAN_POINT('',(8.954532444,9.051897563,2.61));
#6230=DIRECTION('',(-0.34089351,-0.940101917,0.));
#6231=DIRECTION('',(0.940101917,-0.34089351,0.));
#6232=AXIS2_PLACEMENT_3D('',#6229,#6230,#6231);
#6233=PLANE('',#6232);
#6234=CARTESIAN_POINT('',(9.105861653,8.997023571,2.6));
#6235=VERTEX_POINT('',#6234);
#6236=CARTESIAN_POINT('',(9.105861653,8.997023571,2.6));
#6237=DIRECTION('',(-0.940101917,0.34089351,0.));
#6238=VECTOR('',#6237,0.321942133);
#6239=LINE('',#6236,#6238);
#6240=EDGE_CURVE('',#6235,#6195,#6239,.T.);
#6241=ORIENTED_EDGE('',*,*,#6240,.F.);
#6242=CARTESIAN_POINT('',(9.105861653,8.997023571,2.61));
#6243=VERTEX_POINT('',#6242);
#6244=CARTESIAN_POINT('',(9.105861653,8.997023571,2.61));
#6245=DIRECTION('',(0.,0.,-1.));
#6246=VECTOR('',#6245,0.01);
#6247=LINE('',#6244,#6246);
#6248=EDGE_CURVE('',#6243,#6235,#6247,.T.);
#6249=ORIENTED_EDGE('',*,*,#6248,.F.);
#6250=CARTESIAN_POINT('',(9.105861653,8.997023571,2.61));
#6251=DIRECTION('',(-0.940101917,0.34089351,0.));
#6252=VECTOR('',#6251,0.321942133);
#6253=LINE('',#6250,#6252);
#6254=EDGE_CURVE('',#6243,#6205,#6253,.T.);
#6255=ORIENTED_EDGE('',*,*,#6254,.T.);
#6256=ORIENTED_EDGE('',*,*,#6210,.T.);
#6257=EDGE_LOOP('',(#6241,#6249,#6255,#6256));
#6258=FACE_BOUND('',#6257,.T.);
#6259=ADVANCED_FACE('',(#6258),#6233,.T.);
#6260=CARTESIAN_POINT('',(9.105861653,8.788093925,2.61));
#6261=DIRECTION('',(-1.,0.,0.));
#6262=DIRECTION('',(0.,0.,1.));
#6263=AXIS2_PLACEMENT_3D('',#6260,#6261,#6262);
#6264=PLANE('',#6263);
#6265=CARTESIAN_POINT('',(9.105861653,8.579164278,2.6));
#6266=VERTEX_POINT('',#6265);
#6267=CARTESIAN_POINT('',(9.105861653,8.579164278,2.6));
#6268=DIRECTION('',(0.,1.,0.));
#6269=VECTOR('',#6268,0.417859294);
#6270=LINE('',#6267,#6269);
#6271=EDGE_CURVE('',#6266,#6235,#6270,.T.);
#6272=ORIENTED_EDGE('',*,*,#6271,.F.);
#6273=CARTESIAN_POINT('',(9.105861653,8.579164278,2.61));
#6274=VERTEX_POINT('',#6273);
#6275=CARTESIAN_POINT('',(9.105861653,8.579164278,2.61));
#6276=DIRECTION('',(0.,0.,-1.));
#6277=VECTOR('',#6276,0.01);
#6278=LINE('',#6275,#6277);
#6279=EDGE_CURVE('',#6274,#6266,#6278,.T.);
#6280=ORIENTED_EDGE('',*,*,#6279,.F.);
#6281=CARTESIAN_POINT('',(9.105861653,8.579164278,2.61));
#6282=DIRECTION('',(0.,1.,0.));
#6283=VECTOR('',#6282,0.417859294);
#6284=LINE('',#6281,#6283);
#6285=EDGE_CURVE('',#6274,#6243,#6284,.T.);
#6286=ORIENTED_EDGE('',*,*,#6285,.T.);
#6287=ORIENTED_EDGE('',*,*,#6248,.T.);
#6288=EDGE_LOOP('',(#6272,#6280,#6286,#6287));
#6289=FACE_BOUND('',#6288,.T.);
#6290=ADVANCED_FACE('',(#6289),#6264,.T.);
#6291=CARTESIAN_POINT('',(8.954532444,8.520882111,2.61));
#6292=DIRECTION('',(-0.35940141,0.933183062,0.));
#6293=DIRECTION('',(-0.933183062,-0.35940141,0.));
#6294=AXIS2_PLACEMENT_3D('',#6291,#6292,#6293);
#6295=PLANE('',#6294);
#6296=CARTESIAN_POINT('',(8.803203236,8.462599944,2.6));
#6297=VERTEX_POINT('',#6296);
#6298=CARTESIAN_POINT('',(8.803203236,8.462599944,2.6));
#6299=DIRECTION('',(0.933183062,0.35940141,0.));
#6300=VECTOR('',#6299,0.324329093);
#6301=LINE('',#6298,#6300);
#6302=EDGE_CURVE('',#6297,#6266,#6301,.T.);
#6303=ORIENTED_EDGE('',*,*,#6302,.F.);
#6304=CARTESIAN_POINT('',(8.803203236,8.462599944,2.61));
#6305=VERTEX_POINT('',#6304);
#6306=CARTESIAN_POINT('',(8.803203236,8.462599944,2.61));
#6307=DIRECTION('',(0.,0.,-1.));
#6308=VECTOR('',#6307,0.01);
#6309=LINE('',#6306,#6308);
#6310=EDGE_CURVE('',#6305,#6297,#6309,.T.);
#6311=ORIENTED_EDGE('',*,*,#6310,.F.);
#6312=CARTESIAN_POINT('',(8.803203236,8.462599944,2.61));
#6313=DIRECTION('',(0.933183062,0.35940141,0.));
#6314=VECTOR('',#6313,0.324329093);
#6315=LINE('',#6312,#6314);
#6316=EDGE_CURVE('',#6305,#6274,#6315,.T.);
#6317=ORIENTED_EDGE('',*,*,#6316,.T.);
#6318=ORIENTED_EDGE('',*,*,#6279,.T.);
#6319=EDGE_LOOP('',(#6303,#6311,#6317,#6318));
#6320=FACE_BOUND('',#6319,.T.);
#6321=ADVANCED_FACE('',(#6320),#6295,.T.);
#6322=CARTESIAN_POINT('',(8.803203236,8.387275971,2.61));
#6323=DIRECTION('',(-1.,0.,0.));
#6324=DIRECTION('',(0.,0.,1.));
#6325=AXIS2_PLACEMENT_3D('',#6322,#6323,#6324);
#6326=PLANE('',#6325);
#6327=CARTESIAN_POINT('',(8.803203236,8.311951999,2.6));
#6328=VERTEX_POINT('',#6327);
#6329=CARTESIAN_POINT('',(8.803203236,8.311951999,2.6));
#6330=DIRECTION('',(0.,1.,0.));
#6331=VECTOR('',#6330,0.150647946);
#6332=LINE('',#6329,#6331);
#6333=EDGE_CURVE('',#6328,#6297,#6332,.T.);
#6334=ORIENTED_EDGE('',*,*,#6333,.F.);
#6335=CARTESIAN_POINT('',(8.803203236,8.311951999,2.61));
#6336=VERTEX_POINT('',#6335);
#6337=CARTESIAN_POINT('',(8.803203236,8.311951999,2.61));
#6338=DIRECTION('',(0.,0.,-1.));
#6339=VECTOR('',#6338,0.01);
#6340=LINE('',#6337,#6339);
#6341=EDGE_CURVE('',#6336,#6328,#6340,.T.);
#6342=ORIENTED_EDGE('',*,*,#6341,.F.);
#6343=CARTESIAN_POINT('',(8.803203236,8.311951999,2.61));
#6344=DIRECTION('',(0.,1.,0.));
#6345=VECTOR('',#6344,0.150647946);
#6346=LINE('',#6343,#6345);
#6347=EDGE_CURVE('',#6336,#6305,#6346,.T.);
#6348=ORIENTED_EDGE('',*,*,#6347,.T.);
#6349=ORIENTED_EDGE('',*,*,#6310,.T.);
#6350=EDGE_LOOP('',(#6334,#6342,#6348,#6349));
#6351=FACE_BOUND('',#6350,.T.);
#6352=ADVANCED_FACE('',(#6351),#6326,.T.);
#6353=CARTESIAN_POINT('',(9.302862221,8.516451344,2.61));
#6354=DIRECTION('',(0.378781033,-0.92548632,0.));
#6355=DIRECTION('',(0.92548632,0.378781033,0.));
#6356=AXIS2_PLACEMENT_3D('',#6353,#6354,#6355);
#6357=PLANE('',#6356);
#6358=CARTESIAN_POINT('',(9.802521206,8.720950689,2.6));
#6359=VERTEX_POINT('',#6358);
#6360=CARTESIAN_POINT('',(9.802521206,8.720950689,2.6));
#6361=DIRECTION('',(-0.92548632,-0.378781033,0.));
#6362=VECTOR('',#6361,1.079776057);
#6363=LINE('',#6360,#6362);
#6364=EDGE_CURVE('',#6359,#6328,#6363,.T.);
#6365=ORIENTED_EDGE('',*,*,#6364,.F.);
#6366=CARTESIAN_POINT('',(9.802521206,8.720950689,2.61));
#6367=VERTEX_POINT('',#6366);
#6368=CARTESIAN_POINT('',(9.802521206,8.720950689,2.61));
#6369=DIRECTION('',(0.,0.,-1.));
#6370=VECTOR('',#6369,0.01);
#6371=LINE('',#6368,#6370);
#6372=EDGE_CURVE('',#6367,#6359,#6371,.T.);
#6373=ORIENTED_EDGE('',*,*,#6372,.F.);
#6374=CARTESIAN_POINT('',(9.802521206,8.720950689,2.61));
#6375=DIRECTION('',(-0.92548632,-0.378781033,0.));
#6376=VECTOR('',#6375,1.079776057);
#6377=LINE('',#6374,#6376);
#6378=EDGE_CURVE('',#6367,#6336,#6377,.T.);
#6379=ORIENTED_EDGE('',*,*,#6378,.T.);
#6380=ORIENTED_EDGE('',*,*,#6341,.T.);
#6381=EDGE_LOOP('',(#6365,#6373,#6379,#6380));
#6382=FACE_BOUND('',#6381,.T.);
#6383=ADVANCED_FACE('',(#6382),#6357,.T.);
#6384=CARTESIAN_POINT('',(9.802521206,8.792184293,2.61));
#6385=DIRECTION('',(1.,0.,0.));
#6386=DIRECTION('',(0.,0.,-1.));
#6387=AXIS2_PLACEMENT_3D('',#6384,#6385,#6386);
#6388=PLANE('',#6387);
#6389=CARTESIAN_POINT('',(9.802521206,8.863417897,2.6));
#6390=VERTEX_POINT('',#6389);
#6391=CARTESIAN_POINT('',(9.802521206,8.863417897,2.6));
#6392=DIRECTION('',(0.,-1.,0.));
#6393=VECTOR('',#6392,0.142467208);
#6394=LINE('',#6391,#6393);
#6395=EDGE_CURVE('',#6390,#6359,#6394,.T.);
#6396=ORIENTED_EDGE('',*,*,#6395,.F.);
#6397=CARTESIAN_POINT('',(9.802521206,8.863417897,2.61));
#6398=VERTEX_POINT('',#6397);
#6399=CARTESIAN_POINT('',(9.802521206,8.863417897,2.61));
#6400=DIRECTION('',(0.,0.,-1.));
#6401=VECTOR('',#6400,0.01);
#6402=LINE('',#6399,#6401);
#6403=EDGE_CURVE('',#6398,#6390,#6402,.T.);
#6404=ORIENTED_EDGE('',*,*,#6403,.F.);
#6405=CARTESIAN_POINT('',(9.802521206,8.863417897,2.61));
#6406=DIRECTION('',(0.,-1.,0.));
#6407=VECTOR('',#6406,0.142467208);
#6408=LINE('',#6405,#6407);
#6409=EDGE_CURVE('',#6398,#6367,#6408,.T.);
#6410=ORIENTED_EDGE('',*,*,#6409,.T.);
#6411=ORIENTED_EDGE('',*,*,#6372,.T.);
#6412=EDGE_LOOP('',(#6396,#6404,#6410,#6411));
#6413=FACE_BOUND('',#6412,.T.);
#6414=ADVANCED_FACE('',(#6413),#6388,.T.);
#6415=CARTESIAN_POINT('',(9.697545277,8.795251613,2.61));
#6416=CARTESIAN_POINT('',(9.697545277,8.795251613,2.6));
#6417=CARTESIAN_POINT('',(9.633469367,8.807976272,2.61));
#6418=CARTESIAN_POINT('',(9.633469367,8.807976272,2.6));
#6419=CARTESIAN_POINT('',(9.569847011,8.825926581,2.61));
#6420=CARTESIAN_POINT('',(9.569847011,8.825926581,2.6));
#6421=CARTESIAN_POINT('',(9.506680071,8.849102538,2.61));
#6422=CARTESIAN_POINT('',(9.506680071,8.849102538,2.6));
#6423=B_SPLINE_SURFACE_WITH_KNOTS('',3,1,((#6415,#6416),(#6417,#6418),(#6419,#6420),(#6421,#6422)),.UNSPECIFIED.,.F.,.F.,.U.,(4,4),(2,2),(0.462634156,1.),(0.,1.),.UNSPECIFIED.);
#6424=CARTESIAN_POINT('',(9.69754532,8.795251604,2.6));
#6425=VERTEX_POINT('',#6424);
#6426=CARTESIAN_POINT('',(9.506680071,8.849102538,2.6));
#6427=VERTEX_POINT('',#6426);
#6428=CARTESIAN_POINT('',(9.69754532,8.795251604,2.6));
#6429=CARTESIAN_POINT('',(9.633469395,8.807976265,2.6));
#6430=CARTESIAN_POINT('',(9.569847025,8.825926576,2.6));
#6431=CARTESIAN_POINT('',(9.506680071,8.849102538,2.6));
#6432=B_SPLINE_CURVE_WITH_KNOTS('',3,(#6428,#6429,#6430,#6431),.UNSPECIFIED.,.F.,.F.,(4,4),(0.462634037,1.),.UNSPECIFIED.);
#6433=EDGE_CURVE('',#6425,#6427,#6432,.T.);
#6434=ORIENTED_EDGE('',*,*,#6433,.F.);
#6435=CARTESIAN_POINT('',(9.69754532,8.795251604,2.61));
#6436=VERTEX_POINT('',#6435);
#6437=CARTESIAN_POINT('',(9.69754532,8.795251604,2.61));
#6438=DIRECTION('',(0.,0.,-1.));
#6439=VECTOR('',#6438,0.01);
#6440=LINE('',#6437,#6439);
#6441=EDGE_CURVE('',#6436,#6425,#6440,.T.);
#6442=ORIENTED_EDGE('',*,*,#6441,.F.);
#6443=CARTESIAN_POINT('',(9.506680071,8.849102538,2.61));
#6444=VERTEX_POINT('',#6443);
#6445=CARTESIAN_POINT('',(9.69754532,8.795251604,2.61));
#6446=CARTESIAN_POINT('',(9.633469395,8.807976265,2.61));
#6447=CARTESIAN_POINT('',(9.569847025,8.825926576,2.61));
#6448=CARTESIAN_POINT('',(9.506680071,8.849102538,2.61));
#6449=B_SPLINE_CURVE_WITH_KNOTS('',3,(#6445,#6446,#6447,#6448),.UNSPECIFIED.,.F.,.F.,(4,4),(0.462634037,1.),.UNSPECIFIED.);
#6450=EDGE_CURVE('',#6436,#6444,#6449,.T.);
#6451=ORIENTED_EDGE('',*,*,#6450,.T.);
#6452=CARTESIAN_POINT('',(9.506680071,8.849102538,2.61));
#6453=DIRECTION('',(0.,0.,-1.));
#6454=VECTOR('',#6453,0.01);
#6455=LINE('',#6452,#6454);
#6456=EDGE_CURVE('',#6444,#6427,#6455,.T.);
#6457=ORIENTED_EDGE('',*,*,#6456,.T.);
#6458=EDGE_LOOP('',(#6434,#6442,#6451,#6457));
#6459=FACE_BOUND('',#6458,.T.);
#6460=ADVANCED_FACE('',(#6459),#6423,.T.);
#6461=CARTESIAN_POINT('',(9.490319528,8.724358398,2.61));
#6462=CARTESIAN_POINT('',(9.490319528,8.724358398,2.6));
#6463=CARTESIAN_POINT('',(9.574391879,8.756169584,2.61));
#6464=CARTESIAN_POINT('',(9.574391879,8.756169584,2.6));
#6465=CARTESIAN_POINT('',(9.643467143,8.779800963,2.61));
#6466=CARTESIAN_POINT('',(9.643467143,8.779800963,2.6));
#6467=CARTESIAN_POINT('',(9.69754532,8.795251604,2.61));
#6468=CARTESIAN_POINT('',(9.69754532,8.795251604,2.6));
#6469=B_SPLINE_SURFACE_WITH_KNOTS('',3,1,((#6461,#6462),(#6463,#6464),(#6465,#6466),(#6467,#6468)),.UNSPECIFIED.,.F.,.F.,.U.,(4,4),(2,2),(0.,0.462634037),(0.,1.),.UNSPECIFIED.);
#6470=CARTESIAN_POINT('',(9.490319528,8.724358398,2.6));
#6471=VERTEX_POINT('',#6470);
#6472=CARTESIAN_POINT('',(9.490319528,8.724358398,2.6));
#6473=CARTESIAN_POINT('',(9.574391879,8.756169584,2.6));
#6474=CARTESIAN_POINT('',(9.643467143,8.779800963,2.6));
#6475=CARTESIAN_POINT('',(9.69754532,8.795251604,2.6));
#6476=B_SPLINE_CURVE_WITH_KNOTS('',3,(#6472,#6473,#6474,#6475),.UNSPECIFIED.,.F.,.F.,(4,4),(0.,0.462634037),.UNSPECIFIED.);
#6477=EDGE_CURVE('',#6471,#6425,#6476,.T.);
#6478=ORIENTED_EDGE('',*,*,#6477,.F.);
#6479=CARTESIAN_POINT('',(9.490319528,8.724358398,2.61));
#6480=VERTEX_POINT('',#6479);
#6481=CARTESIAN_POINT('',(9.490319528,8.724358398,2.61));
#6482=DIRECTION('',(0.,0.,-1.));
#6483=VECTOR('',#6482,0.01);
#6484=LINE('',#6481,#6483);
#6485=EDGE_CURVE('',#6480,#6471,#6484,.T.);
#6486=ORIENTED_EDGE('',*,*,#6485,.F.);
#6487=CARTESIAN_POINT('',(9.490319528,8.724358398,2.61));
#6488=CARTESIAN_POINT('',(9.574391879,8.756169584,2.61));
#6489=CARTESIAN_POINT('',(9.643467143,8.779800963,2.61));
#6490=CARTESIAN_POINT('',(9.69754532,8.795251604,2.61));
#6491=B_SPLINE_CURVE_WITH_KNOTS('',3,(#6487,#6488,#6489,#6490),.UNSPECIFIED.,.F.,.F.,(4,4),(0.,0.462634037),.UNSPECIFIED.);
#6492=EDGE_CURVE('',#6480,#6436,#6491,.T.);
#6493=ORIENTED_EDGE('',*,*,#6492,.T.);
#6494=ORIENTED_EDGE('',*,*,#6441,.T.);
#6495=EDGE_LOOP('',(#6478,#6486,#6493,#6494));
#6496=FACE_BOUND('',#6495,.T.);
#6497=ADVANCED_FACE('',(#6496),#6469,.T.);
#6498=CARTESIAN_POINT('',(9.35194199,8.672211319,2.61));
#6499=DIRECTION('',(-0.352637768,0.935759908,0.));
#6500=DIRECTION('',(-0.935759908,-0.352637768,0.));
#6501=AXIS2_PLACEMENT_3D('',#6498,#6499,#6500);
#6502=PLANE('',#6501);
#6503=CARTESIAN_POINT('',(9.213564452,8.62006424,2.6));
#6504=VERTEX_POINT('',#6503);
#6505=CARTESIAN_POINT('',(9.213564452,8.62006424,2.6));
#6506=DIRECTION('',(0.935759908,0.352637768,0.));
#6507=VECTOR('',#6506,0.295754364);
#6508=LINE('',#6505,#6507);
#6509=EDGE_CURVE('',#6504,#6471,#6508,.T.);
#6510=ORIENTED_EDGE('',*,*,#6509,.F.);
#6511=CARTESIAN_POINT('',(9.213564452,8.62006424,2.61));
#6512=VERTEX_POINT('',#6511);
#6513=CARTESIAN_POINT('',(9.213564452,8.62006424,2.61));
#6514=DIRECTION('',(0.,0.,-1.));
#6515=VECTOR('',#6514,0.01);
#6516=LINE('',#6513,#6515);
#6517=EDGE_CURVE('',#6512,#6504,#6516,.T.);
#6518=ORIENTED_EDGE('',*,*,#6517,.F.);
#6519=CARTESIAN_POINT('',(9.213564452,8.62006424,2.61));
#6520=DIRECTION('',(0.935759908,0.352637768,0.));
#6521=VECTOR('',#6520,0.295754364);
#6522=LINE('',#6519,#6521);
#6523=EDGE_CURVE('',#6512,#6480,#6522,.T.);
#6524=ORIENTED_EDGE('',*,*,#6523,.T.);
#6525=ORIENTED_EDGE('',*,*,#6485,.T.);
#6526=EDGE_LOOP('',(#6510,#6518,#6524,#6525));
#6527=FACE_BOUND('',#6526,.T.);
#6528=ADVANCED_FACE('',(#6527),#6502,.T.);
#6529=CARTESIAN_POINT('',(9.213564452,8.789457381,2.61));
#6530=DIRECTION('',(1.,0.,0.));
#6531=DIRECTION('',(0.,0.,-1.));
#6532=AXIS2_PLACEMENT_3D('',#6529,#6530,#6531);
#6533=PLANE('',#6532);
#6534=CARTESIAN_POINT('',(9.213564452,8.958850522,2.6));
#6535=VERTEX_POINT('',#6534);
#6536=CARTESIAN_POINT('',(9.213564452,8.958850522,2.6));
#6537=DIRECTION('',(0.,-1.,0.));
#6538=VECTOR('',#6537,0.338786282);
#6539=LINE('',#6536,#6538);
#6540=EDGE_CURVE('',#6535,#6504,#6539,.T.);
#6541=ORIENTED_EDGE('',*,*,#6540,.F.);
#6542=CARTESIAN_POINT('',(9.213564452,8.958850522,2.61));
#6543=VERTEX_POINT('',#6542);
#6544=CARTESIAN_POINT('',(9.213564452,8.958850522,2.61));
#6545=DIRECTION('',(0.,0.,-1.));
#6546=VECTOR('',#6545,0.01);
#6547=LINE('',#6544,#6546);
#6548=EDGE_CURVE('',#6543,#6535,#6547,.T.);
#6549=ORIENTED_EDGE('',*,*,#6548,.F.);
#6550=CARTESIAN_POINT('',(9.213564452,8.958850522,2.61));
#6551=DIRECTION('',(0.,-1.,0.));
#6552=VECTOR('',#6551,0.338786282);
#6553=LINE('',#6550,#6552);
#6554=EDGE_CURVE('',#6543,#6512,#6553,.T.);
#6555=ORIENTED_EDGE('',*,*,#6554,.T.);
#6556=ORIENTED_EDGE('',*,*,#6517,.T.);
#6557=EDGE_LOOP('',(#6541,#6549,#6555,#6556));
#6558=FACE_BOUND('',#6557,.T.);
#6559=ADVANCED_FACE('',(#6558),#6533,.T.);
#6560=CARTESIAN_POINT('',(9.360122262,8.90397653,2.61));
#6561=DIRECTION('',(-0.350646161,-0.936508019,0.));
#6562=DIRECTION('',(0.936508019,-0.350646161,0.));
#6563=AXIS2_PLACEMENT_3D('',#6560,#6561,#6562);
#6564=PLANE('',#6563);
#6565=CARTESIAN_POINT('',(9.506680071,8.849102538,2.6));
#6566=DIRECTION('',(-0.936508019,0.350646161,0.));
#6567=VECTOR('',#6566,0.312987837);
#6568=LINE('',#6565,#6567);
#6569=EDGE_CURVE('',#6427,#6535,#6568,.T.);
#6570=ORIENTED_EDGE('',*,*,#6569,.F.);
#6571=ORIENTED_EDGE('',*,*,#6456,.F.);
#6572=CARTESIAN_POINT('',(9.506680071,8.849102538,2.61));
#6573=DIRECTION('',(-0.936508019,0.350646161,0.));
#6574=VECTOR('',#6573,0.312987837);
#6575=LINE('',#6572,#6574);
#6576=EDGE_CURVE('',#6444,#6543,#6575,.T.);
#6577=ORIENTED_EDGE('',*,*,#6576,.T.);
#6578=ORIENTED_EDGE('',*,*,#6548,.T.);
#6579=EDGE_LOOP('',(#6570,#6571,#6577,#6578));
#6580=FACE_BOUND('',#6579,.T.);
#6581=ADVANCED_FACE('',(#6580),#6564,.T.);
#6582=CARTESIAN_POINT('',(9.302862221,9.055306204,2.61));
#6583=DIRECTION('',(0.358509927,0.933525914,0.));
#6584=DIRECTION('',(-0.933525914,0.358509927,0.));
#6585=AXIS2_PLACEMENT_3D('',#6582,#6583,#6584);
#6586=PLANE('',#6585);
#6587=CARTESIAN_POINT('',(8.803203236,9.24719451,2.6));
#6588=DIRECTION('',(0.933525914,-0.358509927,0.));
#6589=VECTOR('',#6588,1.070476947);
#6590=LINE('',#6587,#6589);
#6591=EDGE_CURVE('',#6197,#6390,#6590,.T.);
#6592=ORIENTED_EDGE('',*,*,#6591,.F.);
#6593=ORIENTED_EDGE('',*,*,#6224,.F.);
#6594=CARTESIAN_POINT('',(8.803203236,9.24719451,2.61));
#6595=DIRECTION('',(0.933525914,-0.358509927,0.));
#6596=VECTOR('',#6595,1.070476947);
#6597=LINE('',#6594,#6596);
#6598=EDGE_CURVE('',#6213,#6398,#6597,.T.);
#6599=ORIENTED_EDGE('',*,*,#6598,.T.);
#6600=ORIENTED_EDGE('',*,*,#6403,.T.);
#6601=EDGE_LOOP('',(#6592,#6593,#6599,#6600));
#6602=FACE_BOUND('',#6601,.T.);
#6603=ADVANCED_FACE('',(#6602),#6586,.T.);
#6604=CARTESIAN_POINT('',(0.,0.,2.61));
#6605=DIRECTION('',(0.,0.,1.));
#6606=DIRECTION('',(1.,0.,0.));
#6607=AXIS2_PLACEMENT_3D('',#6604,#6605,#6606);
#6608=PLANE('',#6607);
#6609=ORIENTED_EDGE('',*,*,#6450,.F.);
#6610=ORIENTED_EDGE('',*,*,#6492,.F.);
#6611=ORIENTED_EDGE('',*,*,#6523,.F.);
#6612=ORIENTED_EDGE('',*,*,#6554,.F.);
#6613=ORIENTED_EDGE('',*,*,#6576,.F.);
#6614=EDGE_LOOP('',(#6609,#6610,#6611,#6612,#6613));
#6615=FACE_BOUND('',#6614,.T.);
#6616=ORIENTED_EDGE('',*,*,#6218,.F.);
#6617=ORIENTED_EDGE('',*,*,#6254,.F.);
#6618=ORIENTED_EDGE('',*,*,#6285,.F.);
#6619=ORIENTED_EDGE('',*,*,#6316,.F.);
#6620=ORIENTED_EDGE('',*,*,#6347,.F.);
#6621=ORIENTED_EDGE('',*,*,#6378,.F.);
#6622=ORIENTED_EDGE('',*,*,#6409,.F.);
#6623=ORIENTED_EDGE('',*,*,#6598,.F.);
#6624=EDGE_LOOP('',(#6616,#6617,#6618,#6619,#6620,#6621,#6622,#6623));
#6625=FACE_BOUND('',#6624,.T.);
#6626=ADVANCED_FACE('',(#6615,#6625),#6608,.T.);
#6627=CARTESIAN_POINT('',(0.,0.,2.6));
#6628=DIRECTION('',(0.,0.,1.));
#6629=DIRECTION('',(1.,0.,0.));
#6630=AXIS2_PLACEMENT_3D('',#6627,#6628,#6629);
#6631=PLANE('',#6630);
#6632=ORIENTED_EDGE('',*,*,#6433,.T.);
#6633=ORIENTED_EDGE('',*,*,#6569,.T.);
#6634=ORIENTED_EDGE('',*,*,#6540,.T.);
#6635=ORIENTED_EDGE('',*,*,#6509,.T.);
#6636=ORIENTED_EDGE('',*,*,#6477,.T.);
#6637=EDGE_LOOP('',(#6632,#6633,#6634,#6635,#6636));
#6638=FACE_BOUND('',#6637,.T.);
#6639=ORIENTED_EDGE('',*,*,#6202,.T.);
#6640=ORIENTED_EDGE('',*,*,#6591,.T.);
#6641=ORIENTED_EDGE('',*,*,#6395,.T.);
#6642=ORIENTED_EDGE('',*,*,#6364,.T.);
#6643=ORIENTED_EDGE('',*,*,#6333,.T.);
#6644=ORIENTED_EDGE('',*,*,#6302,.T.);
#6645=ORIENTED_EDGE('',*,*,#6271,.T.);
#6646=ORIENTED_EDGE('',*,*,#6240,.T.);
#6647=EDGE_LOOP('',(#6639,#6640,#6641,#6642,#6643,#6644,#6645,#6646));
#6648=FACE_BOUND('',#6647,.T.);
#6649=ADVANCED_FACE('',(#6638,#6648),#6631,.F.);
#6650=CLOSED_SHELL('',(#6228,#6259,#6290,#6321,#6352,#6383,#6414,#6460,#6497,#6528,#6559,#6581,#6603,#6626,#6649));
#6651=MANIFOLD_SOLID_BREP('Body 28',#6650);
#6188=STYLED_ITEM('',(#3089),#6651);
#6653=CARTESIAN_POINT('',(9.802521206,8.159941528,2.61));
#6654=DIRECTION('',(1.,0.,0.));
#6655=DIRECTION('',(0.,0.,-1.));
#6656=AXIS2_PLACEMENT_3D('',#6653,#6654,#6655);
#6657=PLANE('',#6656);
#6658=CARTESIAN_POINT('',(9.802521206,8.221291471,2.6));
#6659=VERTEX_POINT('',#6658);
#6660=CARTESIAN_POINT('',(9.802521206,8.098591585,2.6));
#6661=VERTEX_POINT('',#6660);
#6662=CARTESIAN_POINT('',(9.802521206,8.221291471,2.6));
#6663=DIRECTION('',(0.,-1.,0.));
#6664=VECTOR('',#6663,0.122699887);
#6665=LINE('',#6662,#6664);
#6666=EDGE_CURVE('',#6659,#6661,#6665,.T.);
#6667=ORIENTED_EDGE('',*,*,#6666,.F.);
#6668=CARTESIAN_POINT('',(9.802521206,8.221291471,2.61));
#6669=VERTEX_POINT('',#6668);
#6670=CARTESIAN_POINT('',(9.802521206,8.221291471,2.61));
#6671=DIRECTION('',(0.,0.,-1.));
#6672=VECTOR('',#6671,0.01);
#6673=LINE('',#6670,#6672);
#6674=EDGE_CURVE('',#6669,#6659,#6673,.T.);
#6675=ORIENTED_EDGE('',*,*,#6674,.F.);
#6676=CARTESIAN_POINT('',(9.802521206,8.098591585,2.61));
#6677=VERTEX_POINT('',#6676);
#6678=CARTESIAN_POINT('',(9.802521206,8.221291471,2.61));
#6679=DIRECTION('',(0.,-1.,0.));
#6680=VECTOR('',#6679,0.122699887);
#6681=LINE('',#6678,#6680);
#6682=EDGE_CURVE('',#6669,#6677,#6681,.T.);
#6683=ORIENTED_EDGE('',*,*,#6682,.T.);
#6684=CARTESIAN_POINT('',(9.802521206,8.098591585,2.61));
#6685=DIRECTION('',(0.,0.,-1.));
#6686=VECTOR('',#6685,0.01);
#6687=LINE('',#6684,#6686);
#6688=EDGE_CURVE('',#6677,#6661,#6687,.T.);
#6689=ORIENTED_EDGE('',*,*,#6688,.T.);
#6690=EDGE_LOOP('',(#6667,#6675,#6683,#6689));
#6691=FACE_BOUND('',#6690,.T.);
#6692=ADVANCED_FACE('',(#6691),#6657,.T.);
#6693=CARTESIAN_POINT('',(9.73196933,8.221291471,2.61));
#6694=DIRECTION('',(0.,1.,0.));
#6695=DIRECTION('',(0.,0.,1.));
#6696=AXIS2_PLACEMENT_3D('',#6693,#6694,#6695);
#6697=PLANE('',#6696);
#6698=CARTESIAN_POINT('',(9.661417454,8.221291471,2.6));
#6699=VERTEX_POINT('',#6698);
#6700=CARTESIAN_POINT('',(9.661417454,8.221291471,2.6));
#6701=DIRECTION('',(1.,0.,-0.));
#6702=VECTOR('',#6701,0.141103752);
#6703=LINE('',#6700,#6702);
#6704=EDGE_CURVE('',#6699,#6659,#6703,.T.);
#6705=ORIENTED_EDGE('',*,*,#6704,.F.);
#6706=CARTESIAN_POINT('',(9.661417454,8.221291471,2.61));
#6707=VERTEX_POINT('',#6706);
#6708=CARTESIAN_POINT('',(9.661417454,8.221291471,2.61));
#6709=DIRECTION('',(0.,0.,-1.));
#6710=VECTOR('',#6709,0.01);
#6711=LINE('',#6708,#6710);
#6712=EDGE_CURVE('',#6707,#6699,#6711,.T.);
#6713=ORIENTED_EDGE('',*,*,#6712,.F.);
#6714=CARTESIAN_POINT('',(9.661417454,8.221291471,2.61));
#6715=DIRECTION('',(1.,0.,-0.));
#6716=VECTOR('',#6715,0.141103752);
#6717=LINE('',#6714,#6716);
#6718=EDGE_CURVE('',#6707,#6669,#6717,.T.);
#6719=ORIENTED_EDGE('',*,*,#6718,.T.);
#6720=ORIENTED_EDGE('',*,*,#6674,.T.);
#6721=EDGE_LOOP('',(#6705,#6713,#6719,#6720));
#6722=FACE_BOUND('',#6721,.T.);
#6723=ADVANCED_FACE('',(#6722),#6697,.T.);
#6724=CARTESIAN_POINT('',(9.661417454,8.159941528,2.61));
#6725=DIRECTION('',(-1.,0.,0.));
#6726=DIRECTION('',(0.,0.,1.));
#6727=AXIS2_PLACEMENT_3D('',#6724,#6725,#6726);
#6728=PLANE('',#6727);
#6729=CARTESIAN_POINT('',(9.661417454,8.098591585,2.6));
#6730=VERTEX_POINT('',#6729);
#6731=CARTESIAN_POINT('',(9.661417454,8.098591585,2.6));
#6732=DIRECTION('',(0.,1.,0.));
#6733=VECTOR('',#6732,0.122699887);
#6734=LINE('',#6731,#6733);
#6735=EDGE_CURVE('',#6730,#6699,#6734,.T.);
#6736=ORIENTED_EDGE('',*,*,#6735,.F.);
#6737=CARTESIAN_POINT('',(9.661417454,8.098591585,2.61));
#6738=VERTEX_POINT('',#6737);
#6739=CARTESIAN_POINT('',(9.661417454,8.098591585,2.61));
#6740=DIRECTION('',(0.,0.,-1.));
#6741=VECTOR('',#6740,0.01);
#6742=LINE('',#6739,#6741);
#6743=EDGE_CURVE('',#6738,#6730,#6742,.T.);
#6744=ORIENTED_EDGE('',*,*,#6743,.F.);
#6745=CARTESIAN_POINT('',(9.661417454,8.098591585,2.61));
#6746=DIRECTION('',(0.,1.,0.));
#6747=VECTOR('',#6746,0.122699887);
#6748=LINE('',#6745,#6747);
#6749=EDGE_CURVE('',#6738,#6707,#6748,.T.);
#6750=ORIENTED_EDGE('',*,*,#6749,.T.);
#6751=ORIENTED_EDGE('',*,*,#6712,.T.);
#6752=EDGE_LOOP('',(#6736,#6744,#6750,#6751));
#6753=FACE_BOUND('',#6752,.T.);
#6754=ADVANCED_FACE('',(#6753),#6728,.T.);
#6755=CARTESIAN_POINT('',(9.73196933,8.098591585,2.61));
#6756=DIRECTION('',(0.,-1.,0.));
#6757=DIRECTION('',(0.,0.,-1.));
#6758=AXIS2_PLACEMENT_3D('',#6755,#6756,#6757);
#6759=PLANE('',#6758);
#6760=CARTESIAN_POINT('',(9.802521206,8.098591585,2.6));
#6761=DIRECTION('',(-1.,0.,0.));
#6762=VECTOR('',#6761,0.141103752);
#6763=LINE('',#6760,#6762);
#6764=EDGE_CURVE('',#6661,#6730,#6763,.T.);
#6765=ORIENTED_EDGE('',*,*,#6764,.F.);
#6766=ORIENTED_EDGE('',*,*,#6688,.F.);
#6767=CARTESIAN_POINT('',(9.802521206,8.098591585,2.61));
#6768=DIRECTION('',(-1.,0.,0.));
#6769=VECTOR('',#6768,0.141103752);
#6770=LINE('',#6767,#6769);
#6771=EDGE_CURVE('',#6677,#6738,#6770,.T.);
#6772=ORIENTED_EDGE('',*,*,#6771,.T.);
#6773=ORIENTED_EDGE('',*,*,#6743,.T.);
#6774=EDGE_LOOP('',(#6765,#6766,#6772,#6773));
#6775=FACE_BOUND('',#6774,.T.);
#6776=ADVANCED_FACE('',(#6775),#6759,.T.);
#6777=CARTESIAN_POINT('',(0.,0.,2.61));
#6778=DIRECTION('',(0.,0.,1.));
#6779=DIRECTION('',(1.,0.,0.));
#6780=AXIS2_PLACEMENT_3D('',#6777,#6778,#6779);
#6781=PLANE('',#6780);
#6782=ORIENTED_EDGE('',*,*,#6682,.F.);
#6783=ORIENTED_EDGE('',*,*,#6718,.F.);
#6784=ORIENTED_EDGE('',*,*,#6749,.F.);
#6785=ORIENTED_EDGE('',*,*,#6771,.F.);
#6786=EDGE_LOOP('',(#6782,#6783,#6784,#6785));
#6787=FACE_BOUND('',#6786,.T.);
#6788=ADVANCED_FACE('',(#6787),#6781,.T.);
#6789=CARTESIAN_POINT('',(0.,0.,2.6));
#6790=DIRECTION('',(0.,0.,1.));
#6791=DIRECTION('',(1.,0.,0.));
#6792=AXIS2_PLACEMENT_3D('',#6789,#6790,#6791);
#6793=PLANE('',#6792);
#6794=ORIENTED_EDGE('',*,*,#6666,.T.);
#6795=ORIENTED_EDGE('',*,*,#6764,.T.);
#6796=ORIENTED_EDGE('',*,*,#6735,.T.);
#6797=ORIENTED_EDGE('',*,*,#6704,.T.);
#6798=EDGE_LOOP('',(#6794,#6795,#6796,#6797));
#6799=FACE_BOUND('',#6798,.T.);
#6800=ADVANCED_FACE('',(#6799),#6793,.F.);
#6801=CLOSED_SHELL('',(#6692,#6723,#6754,#6776,#6788,#6800));
#6802=MANIFOLD_SOLID_BREP('Body 27',#6801);
#6652=STYLED_ITEM('',(#3089),#6802);
#6804=CARTESIAN_POINT('',(9.447034448,2.885913011,2.61));
#6805=DIRECTION('',(-0.348048648,-0.937476474,0.));
#6806=DIRECTION('',(0.937476474,-0.348048648,0.));
#6807=AXIS2_PLACEMENT_3D('',#6804,#6805,#6806);
#6808=PLANE('',#6807);
#6809=CARTESIAN_POINT('',(9.503953159,2.864781301,2.6));
#6810=VERTEX_POINT('',#6809);
#6811=CARTESIAN_POINT('',(9.390115738,2.90704472,2.6));
#6812=VERTEX_POINT('',#6811);
#6813=CARTESIAN_POINT('',(9.503953159,2.864781301,2.6));
#6814=DIRECTION('',(-0.937476474,0.348048648,0.));
#6815=VECTOR('',#6814,0.12142963);
#6816=LINE('',#6813,#6815);
#6817=EDGE_CURVE('',#6810,#6812,#6816,.T.);
#6818=ORIENTED_EDGE('',*,*,#6817,.F.);
#6819=CARTESIAN_POINT('',(9.503953159,2.864781301,2.61));
#6820=VERTEX_POINT('',#6819);
#6821=CARTESIAN_POINT('',(9.503953159,2.864781301,2.61));
#6822=DIRECTION('',(0.,0.,-1.));
#6823=VECTOR('',#6822,0.01);
#6824=LINE('',#6821,#6823);
#6825=EDGE_CURVE('',#6820,#6810,#6824,.T.);
#6826=ORIENTED_EDGE('',*,*,#6825,.F.);
#6827=CARTESIAN_POINT('',(9.390115738,2.90704472,2.61));
#6828=VERTEX_POINT('',#6827);
#6829=CARTESIAN_POINT('',(9.503953159,2.864781301,2.61));
#6830=DIRECTION('',(-0.937476474,0.348048648,0.));
#6831=VECTOR('',#6830,0.12142963);
#6832=LINE('',#6829,#6831);
#6833=EDGE_CURVE('',#6820,#6828,#6832,.T.);
#6834=ORIENTED_EDGE('',*,*,#6833,.T.);
#6835=CARTESIAN_POINT('',(9.390115738,2.90704472,2.61));
#6836=DIRECTION('',(0.,0.,-1.));
#6837=VECTOR('',#6836,0.01);
#6838=LINE('',#6835,#6837);
#6839=EDGE_CURVE('',#6828,#6812,#6838,.T.);
#6840=ORIENTED_EDGE('',*,*,#6839,.T.);
#6841=EDGE_LOOP('',(#6818,#6826,#6834,#6840));
#6842=FACE_BOUND('',#6841,.T.);
#6843=ADVANCED_FACE('',(#6842),#6808,.T.);
#6844=CARTESIAN_POINT('',(9.417382069,3.147671465,2.61));
#6845=CARTESIAN_POINT('',(9.417382069,3.147671465,2.6));
#6846=CARTESIAN_POINT('',(9.468733333,3.119496163,2.61));
#6847=CARTESIAN_POINT('',(9.468733333,3.119496163,2.6));
#6848=CARTESIAN_POINT('',(9.502589703,3.093478736,2.61));
#6849=CARTESIAN_POINT('',(9.502589703,3.093478736,2.6));
#6850=CARTESIAN_POINT('',(9.518949315,3.069621045,2.61));
#6851=CARTESIAN_POINT('',(9.518949315,3.069621045,2.6));
#6852=CARTESIAN_POINT('',(9.535309859,3.045763355,2.61));
#6853=CARTESIAN_POINT('',(9.535309859,3.045763355,2.6));
#6854=CARTESIAN_POINT('',(9.543489665,3.019518685,2.61));
#6855=CARTESIAN_POINT('',(9.543489665,3.019518685,2.6));
#6856=CARTESIAN_POINT('',(9.543489665,2.990888897,2.61));
#6857=CARTESIAN_POINT('',(9.543489665,2.990888897,2.6));
#6858=CARTESIAN_POINT('',(9.543489665,2.949535381,2.61));
#6859=CARTESIAN_POINT('',(9.543489665,2.949535381,2.6));
#6860=CARTESIAN_POINT('',(9.530310519,2.907499205,2.61));
#6861=CARTESIAN_POINT('',(9.530310519,2.907499205,2.6));
#6862=CARTESIAN_POINT('',(9.503953159,2.864781301,2.61));
#6863=CARTESIAN_POINT('',(9.503953159,2.864781301,2.6));
#6864=B_SPLINE_SURFACE_WITH_KNOTS('',3,1,((#6844,#6845),(#6846,#6847),(#6848,#6849),(#6850,#6851),(#6852,#6853),(#6854,#6855),(#6856,#6857),(#6858,#6859),(#6860,#6861),(#6862,#6863)),.UNSPECIFIED.,.F.,.F.,.U.,(4,3,3,4),(2,2),(0.,0.290320657,0.5806466,1.),(0.,1.),.UNSPECIFIED.);
#6865=CARTESIAN_POINT('',(9.417382069,3.147671465,2.6));
#6866=VERTEX_POINT('',#6865);
#6867=CARTESIAN_POINT('',(9.417382069,3.147671465,2.6));
#6868=CARTESIAN_POINT('',(9.468733333,3.119496163,2.6));
#6869=CARTESIAN_POINT('',(9.502589703,3.093478736,2.6));
#6870=CARTESIAN_POINT('',(9.518949315,3.069621045,2.6));
#6871=CARTESIAN_POINT('',(9.535309859,3.045763355,2.6));
#6872=CARTESIAN_POINT('',(9.543489665,3.019518685,2.6));
#6873=CARTESIAN_POINT('',(9.543489665,2.990888897,2.6));
#6874=CARTESIAN_POINT('',(9.543489665,2.949535381,2.6));
#6875=CARTESIAN_POINT('',(9.530310519,2.907499205,2.6));
#6876=CARTESIAN_POINT('',(9.503953159,2.864781301,2.6));
#6877=B_SPLINE_CURVE_WITH_KNOTS('',3,(#6867,#6868,#6869,#6870,#6871,#6872,#6873,#6874,#6875,#6876),.UNSPECIFIED.,.F.,.F.,(4,3,3,4),(0.,0.290320657,0.5806466,1.),.UNSPECIFIED.);
#6878=EDGE_CURVE('',#6866,#6810,#6877,.T.);
#6879=ORIENTED_EDGE('',*,*,#6878,.F.);
#6880=CARTESIAN_POINT('',(9.417382069,3.147671465,2.61));
#6881=VERTEX_POINT('',#6880);
#6882=CARTESIAN_POINT('',(9.417382069,3.147671465,2.61));
#6883=DIRECTION('',(0.,0.,-1.));
#6884=VECTOR('',#6883,0.01);
#6885=LINE('',#6882,#6884);
#6886=EDGE_CURVE('',#6881,#6866,#6885,.T.);
#6887=ORIENTED_EDGE('',*,*,#6886,.F.);
#6888=CARTESIAN_POINT('',(9.417382069,3.147671465,2.61));
#6889=CARTESIAN_POINT('',(9.468733333,3.119496163,2.61));
#6890=CARTESIAN_POINT('',(9.502589703,3.093478736,2.61));
#6891=CARTESIAN_POINT('',(9.518949315,3.069621045,2.61));
#6892=CARTESIAN_POINT('',(9.535309859,3.045763355,2.61));
#6893=CARTESIAN_POINT('',(9.543489665,3.019518685,2.61));
#6894=CARTESIAN_POINT('',(9.543489665,2.990888897,2.61));
#6895=CARTESIAN_POINT('',(9.543489665,2.949535381,2.61));
#6896=CARTESIAN_POINT('',(9.530310519,2.907499205,2.61));
#6897=CARTESIAN_POINT('',(9.503953159,2.864781301,2.61));
#6898=B_SPLINE_CURVE_WITH_KNOTS('',3,(#6888,#6889,#6890,#6891,#6892,#6893,#6894,#6895,#6896,#6897),.UNSPECIFIED.,.F.,.F.,(4,3,3,4),(0.,0.290320657,0.5806466,1.),.UNSPECIFIED.);
#6899=EDGE_CURVE('',#6881,#6820,#6898,.T.);
#6900=ORIENTED_EDGE('',*,*,#6899,.T.);
#6901=ORIENTED_EDGE('',*,*,#6825,.T.);
#6902=EDGE_LOOP('',(#6879,#6887,#6900,#6901));
#6903=FACE_BOUND('',#6902,.T.);
#6904=ADVANCED_FACE('',(#6903),#6864,.T.);
#6905=CARTESIAN_POINT('',(9.472256061,3.147671465,2.61));
#6906=DIRECTION('',(0.,-1.,0.));
#6907=DIRECTION('',(0.,0.,-1.));
#6908=AXIS2_PLACEMENT_3D('',#6905,#6906,#6907);
#6909=PLANE('',#6908);
#6910=CARTESIAN_POINT('',(9.527130052,3.147671465,2.6));
#6911=VERTEX_POINT('',#6910);
#6912=CARTESIAN_POINT('',(9.527130052,3.147671465,2.6));
#6913=DIRECTION('',(-1.,0.,0.));
#6914=VECTOR('',#6913,0.109747984);
#6915=LINE('',#6912,#6914);
#6916=EDGE_CURVE('',#6911,#6866,#6915,.T.);
#6917=ORIENTED_EDGE('',*,*,#6916,.F.);
#6918=CARTESIAN_POINT('',(9.527130052,3.147671465,2.61));
#6919=VERTEX_POINT('',#6918);
#6920=CARTESIAN_POINT('',(9.527130052,3.147671465,2.61));
#6921=DIRECTION('',(0.,0.,-1.));
#6922=VECTOR('',#6921,0.01);
#6923=LINE('',#6920,#6922);
#6924=EDGE_CURVE('',#6919,#6911,#6923,.T.);
#6925=ORIENTED_EDGE('',*,*,#6924,.F.);
#6926=CARTESIAN_POINT('',(9.527130052,3.147671465,2.61));
#6927=DIRECTION('',(-1.,0.,0.));
#6928=VECTOR('',#6927,0.109747984);
#6929=LINE('',#6926,#6928);
#6930=EDGE_CURVE('',#6919,#6881,#6929,.T.);
#6931=ORIENTED_EDGE('',*,*,#6930,.T.);
#6932=ORIENTED_EDGE('',*,*,#6886,.T.);
#6933=EDGE_LOOP('',(#6917,#6925,#6931,#6932));
#6934=FACE_BOUND('',#6933,.T.);
#6935=ADVANCED_FACE('',(#6934),#6909,.T.);
#6936=CARTESIAN_POINT('',(9.527130052,3.202886321,2.61));
#6937=DIRECTION('',(1.,0.,0.));
#6938=DIRECTION('',(0.,0.,-1.));
#6939=AXIS2_PLACEMENT_3D('',#6936,#6937,#6938);
#6940=PLANE('',#6939);
#6941=CARTESIAN_POINT('',(9.527130052,3.258101176,2.6));
#6942=VERTEX_POINT('',#6941);
#6943=CARTESIAN_POINT('',(9.527130052,3.258101176,2.6));
#6944=DIRECTION('',(0.,-1.,0.));
#6945=VECTOR('',#6944,0.110429712);
#6946=LINE('',#6943,#6945);
#6947=EDGE_CURVE('',#6942,#6911,#6946,.T.);
#6948=ORIENTED_EDGE('',*,*,#6947,.F.);
#6949=CARTESIAN_POINT('',(9.527130052,3.258101176,2.61));
#6950=VERTEX_POINT('',#6949);
#6951=CARTESIAN_POINT('',(9.527130052,3.258101176,2.61));
#6952=DIRECTION('',(0.,0.,-1.));
#6953=VECTOR('',#6952,0.01);
#6954=LINE('',#6951,#6953);
#6955=EDGE_CURVE('',#6950,#6942,#6954,.T.);
#6956=ORIENTED_EDGE('',*,*,#6955,.F.);
#6957=CARTESIAN_POINT('',(9.527130052,3.258101176,2.61));
#6958=DIRECTION('',(0.,-1.,0.));
#6959=VECTOR('',#6958,0.110429712);
#6960=LINE('',#6957,#6959);
#6961=EDGE_CURVE('',#6950,#6919,#6960,.T.);
#6962=ORIENTED_EDGE('',*,*,#6961,.T.);
#6963=ORIENTED_EDGE('',*,*,#6924,.T.);
#6964=EDGE_LOOP('',(#6948,#6956,#6962,#6963));
#6965=FACE_BOUND('',#6964,.T.);
#6966=ADVANCED_FACE('',(#6965),#6940,.T.);
#6967=CARTESIAN_POINT('',(9.165166644,3.258101176,2.61));
#6968=DIRECTION('',(0.,1.,0.));
#6969=DIRECTION('',(0.,0.,1.));
#6970=AXIS2_PLACEMENT_3D('',#6967,#6968,#6969);
#6971=PLANE('',#6970);
#6972=CARTESIAN_POINT('',(8.803203236,3.258101176,2.6));
#6973=VERTEX_POINT('',#6972);
#6974=CARTESIAN_POINT('',(8.803203236,3.258101176,2.6));
#6975=DIRECTION('',(1.,0.,-0.));
#6976=VECTOR('',#6975,0.723926816);
#6977=LINE('',#6974,#6976);
#6978=EDGE_CURVE('',#6973,#6942,#6977,.T.);
#6979=ORIENTED_EDGE('',*,*,#6978,.F.);
#6980=CARTESIAN_POINT('',(8.803203236,3.258101176,2.61));
#6981=VERTEX_POINT('',#6980);
#6982=CARTESIAN_POINT('',(8.803203236,3.258101176,2.61));
#6983=DIRECTION('',(0.,0.,-1.));
#6984=VECTOR('',#6983,0.01);
#6985=LINE('',#6982,#6984);
#6986=EDGE_CURVE('',#6981,#6973,#6985,.T.);
#6987=ORIENTED_EDGE('',*,*,#6986,.F.);
#6988=CARTESIAN_POINT('',(8.803203236,3.258101176,2.61));
#6989=DIRECTION('',(1.,0.,-0.));
#6990=VECTOR('',#6989,0.723926816);
#6991=LINE('',#6988,#6990);
#6992=EDGE_CURVE('',#6981,#6950,#6991,.T.);
#6993=ORIENTED_EDGE('',*,*,#6992,.T.);
#6994=ORIENTED_EDGE('',*,*,#6955,.T.);
#6995=EDGE_LOOP('',(#6979,#6987,#6993,#6994));
#6996=FACE_BOUND('',#6995,.T.);
#6997=ADVANCED_FACE('',(#6996),#6971,.T.);
#6998=CARTESIAN_POINT('',(8.803203236,3.196751233,2.61));
#6999=DIRECTION('',(-1.,0.,0.));
#7000=DIRECTION('',(0.,0.,1.));
#7001=AXIS2_PLACEMENT_3D('',#6998,#6999,#7000);
#7002=PLANE('',#7001);
#7003=CARTESIAN_POINT('',(8.803203236,3.13540129,2.6));
#7004=VERTEX_POINT('',#7003);
#7005=CARTESIAN_POINT('',(8.803203236,3.13540129,2.6));
#7006=DIRECTION('',(0.,1.,0.));
#7007=VECTOR('',#7006,0.122699887);
#7008=LINE('',#7005,#7007);
#7009=EDGE_CURVE('',#7004,#6973,#7008,.T.);
#7010=ORIENTED_EDGE('',*,*,#7009,.F.);
#7011=CARTESIAN_POINT('',(8.803203236,3.13540129,2.61));
#7012=VERTEX_POINT('',#7011);
#7013=CARTESIAN_POINT('',(8.803203236,3.13540129,2.61));
#7014=DIRECTION('',(0.,0.,-1.));
#7015=VECTOR('',#7014,0.01);
#7016=LINE('',#7013,#7015);
#7017=EDGE_CURVE('',#7012,#7004,#7016,.T.);
#7018=ORIENTED_EDGE('',*,*,#7017,.F.);
#7019=CARTESIAN_POINT('',(8.803203236,3.13540129,2.61));
#7020=DIRECTION('',(0.,1.,0.));
#7021=VECTOR('',#7020,0.122699887);
#7022=LINE('',#7019,#7021);
#7023=EDGE_CURVE('',#7012,#6981,#7022,.T.);
#7024=ORIENTED_EDGE('',*,*,#7023,.T.);
#7025=ORIENTED_EDGE('',*,*,#6986,.T.);
#7026=EDGE_LOOP('',(#7010,#7018,#7024,#7025));
#7027=FACE_BOUND('',#7026,.T.);
#7028=ADVANCED_FACE('',(#7027),#7002,.T.);
#7029=CARTESIAN_POINT('',(8.992705727,3.13540129,2.61));
#7030=DIRECTION('',(0.,-1.,0.));
#7031=DIRECTION('',(0.,0.,-1.));
#7032=AXIS2_PLACEMENT_3D('',#7029,#7030,#7031);
#7033=PLANE('',#7032);
#7034=CARTESIAN_POINT('',(9.182208218,3.13540129,2.6));
#7035=VERTEX_POINT('',#7034);
#7036=CARTESIAN_POINT('',(9.182208218,3.13540129,2.6));
#7037=DIRECTION('',(-1.,0.,0.));
#7038=VECTOR('',#7037,0.379004981);
#7039=LINE('',#7036,#7038);
#7040=EDGE_CURVE('',#7035,#7004,#7039,.T.);
#7041=ORIENTED_EDGE('',*,*,#7040,.F.);
#7042=CARTESIAN_POINT('',(9.182208218,3.13540129,2.61));
#7043=VERTEX_POINT('',#7042);
#7044=CARTESIAN_POINT('',(9.182208218,3.13540129,2.61));
#7045=DIRECTION('',(0.,0.,-1.));
#7046=VECTOR('',#7045,0.01);
#7047=LINE('',#7044,#7046);
#7048=EDGE_CURVE('',#7043,#7035,#7047,.T.);
#7049=ORIENTED_EDGE('',*,*,#7048,.F.);
#7050=CARTESIAN_POINT('',(9.182208218,3.13540129,2.61));
#7051=DIRECTION('',(-1.,0.,0.));
#7052=VECTOR('',#7051,0.379004981);
#7053=LINE('',#7050,#7052);
#7054=EDGE_CURVE('',#7043,#7012,#7053,.T.);
#7055=ORIENTED_EDGE('',*,*,#7054,.T.);
#7056=ORIENTED_EDGE('',*,*,#7017,.T.);
#7057=EDGE_LOOP('',(#7041,#7049,#7055,#7056));
#7058=FACE_BOUND('',#7057,.T.);
#7059=ADVANCED_FACE('',(#7058),#7033,.T.);
#7060=CARTESIAN_POINT('',(9.325357019,3.114951351,2.61));
#7061=CARTESIAN_POINT('',(9.325357019,3.114951351,2.6));
#7062=CARTESIAN_POINT('',(9.281731112,3.128584954,2.61));
#7063=CARTESIAN_POINT('',(9.281731112,3.128584954,2.6));
#7064=CARTESIAN_POINT('',(9.23401438,3.13540129,2.61));
#7065=CARTESIAN_POINT('',(9.23401438,3.13540129,2.6));
#7066=CARTESIAN_POINT('',(9.182208218,3.13540129,2.61));
#7067=CARTESIAN_POINT('',(9.182208218,3.13540129,2.6));
#7068=B_SPLINE_SURFACE_WITH_KNOTS('',3,1,((#7060,#7061),(#7062,#7063),(#7064,#7065),(#7066,#7067)),.UNSPECIFIED.,.F.,.F.,.U.,(4,4),(2,2),(0.567914995,1.),(0.,1.),.UNSPECIFIED.);
#7069=CARTESIAN_POINT('',(9.325357154,3.114951309,2.6));
#7070=VERTEX_POINT('',#7069);
#7071=CARTESIAN_POINT('',(9.325357154,3.114951309,2.6));
#7072=CARTESIAN_POINT('',(9.281731211,3.12858494,2.6));
#7073=CARTESIAN_POINT('',(9.234014433,3.13540129,2.6));
#7074=CARTESIAN_POINT('',(9.182208218,3.13540129,2.6));
#7075=B_SPLINE_CURVE_WITH_KNOTS('',3,(#7071,#7072,#7073,#7074),.UNSPECIFIED.,.F.,.F.,(4,4),(0.56791455,1.),.UNSPECIFIED.);
#7076=EDGE_CURVE('',#7070,#7035,#7075,.T.);
#7077=ORIENTED_EDGE('',*,*,#7076,.F.);
#7078=CARTESIAN_POINT('',(9.325357154,3.114951309,2.61));
#7079=VERTEX_POINT('',#7078);
#7080=CARTESIAN_POINT('',(9.325357154,3.114951309,2.61));
#7081=DIRECTION('',(0.,0.,-1.));
#7082=VECTOR('',#7081,0.01);
#7083=LINE('',#7080,#7082);
#7084=EDGE_CURVE('',#7079,#7070,#7083,.T.);
#7085=ORIENTED_EDGE('',*,*,#7084,.F.);
#7086=CARTESIAN_POINT('',(9.325357154,3.114951309,2.61));
#7087=CARTESIAN_POINT('',(9.281731211,3.12858494,2.61));
#7088=CARTESIAN_POINT('',(9.234014433,3.13540129,2.61));
#7089=CARTESIAN_POINT('',(9.182208218,3.13540129,2.61));
#7090=B_SPLINE_CURVE_WITH_KNOTS('',3,(#7086,#7087,#7088,#7089),.UNSPECIFIED.,.F.,.F.,(4,4),(0.56791455,1.),.UNSPECIFIED.);
#7091=EDGE_CURVE('',#7079,#7043,#7090,.T.);
#7092=ORIENTED_EDGE('',*,*,#7091,.T.);
#7093=ORIENTED_EDGE('',*,*,#7048,.T.);
#7094=EDGE_LOOP('',(#7077,#7085,#7092,#7093));
#7095=FACE_BOUND('',#7094,.T.);
#7096=ADVANCED_FACE('',(#7095),#7068,.T.);
#7097=CARTESIAN_POINT('',(9.416700341,2.997023519,2.61));
#7098=CARTESIAN_POINT('',(9.416700341,2.997023519,2.6));
#7099=CARTESIAN_POINT('',(9.416700341,3.023836296,2.61));
#7100=CARTESIAN_POINT('',(9.416700341,3.023836296,2.6));
#7101=CARTESIAN_POINT('',(9.408634156,3.04792216,2.61));
#7102=CARTESIAN_POINT('',(9.408634156,3.04792216,2.6));
#7103=CARTESIAN_POINT('',(9.392500855,3.069280181,2.61));
#7104=CARTESIAN_POINT('',(9.392500855,3.069280181,2.6));
#7105=CARTESIAN_POINT('',(9.376368485,3.090639133,2.61));
#7106=CARTESIAN_POINT('',(9.376368485,3.090639133,2.6));
#7107=CARTESIAN_POINT('',(9.353986941,3.105863463,2.61));
#7108=CARTESIAN_POINT('',(9.353986941,3.105863463,2.6));
#7109=CARTESIAN_POINT('',(9.325357154,3.114951309,2.61));
#7110=CARTESIAN_POINT('',(9.325357154,3.114951309,2.6));
#7111=B_SPLINE_SURFACE_WITH_KNOTS('',3,1,((#7097,#7098),(#7099,#7100),(#7101,#7102),(#7103,#7104),(#7105,#7106),(#7107,#7108),(#7109,#7110)),.UNSPECIFIED.,.F.,.F.,.U.,(4,3,4),(2,2),(0.,0.283956311,0.56791455),(0.,1.),.UNSPECIFIED.);
#7112=CARTESIAN_POINT('',(9.416700341,2.997023519,2.6));
#7113=VERTEX_POINT('',#7112);
#7114=CARTESIAN_POINT('',(9.416700341,2.997023519,2.6));
#7115=CARTESIAN_POINT('',(9.416700341,3.023836296,2.6));
#7116=CARTESIAN_POINT('',(9.408634156,3.04792216,2.6));
#7117=CARTESIAN_POINT('',(9.392500855,3.069280181,2.6));
#7118=CARTESIAN_POINT('',(9.376368485,3.090639133,2.6));
#7119=CARTESIAN_POINT('',(9.353986941,3.105863463,2.6));
#7120=CARTESIAN_POINT('',(9.325357154,3.114951309,2.6));
#7121=B_SPLINE_CURVE_WITH_KNOTS('',3,(#7114,#7115,#7116,#7117,#7118,#7119,#7120),.UNSPECIFIED.,.F.,.F.,(4,3,4),(0.,0.283956311,0.56791455),.UNSPECIFIED.);
#7122=EDGE_CURVE('',#7113,#7070,#7121,.T.);
#7123=ORIENTED_EDGE('',*,*,#7122,.F.);
#7124=CARTESIAN_POINT('',(9.416700341,2.997023519,2.61));
#7125=VERTEX_POINT('',#7124);
#7126=CARTESIAN_POINT('',(9.416700341,2.997023519,2.61));
#7127=DIRECTION('',(0.,0.,-1.));
#7128=VECTOR('',#7127,0.01);
#7129=LINE('',#7126,#7128);
#7130=EDGE_CURVE('',#7125,#7113,#7129,.T.);
#7131=ORIENTED_EDGE('',*,*,#7130,.F.);
#7132=CARTESIAN_POINT('',(9.416700341,2.997023519,2.61));
#7133=CARTESIAN_POINT('',(9.416700341,3.023836296,2.61));
#7134=CARTESIAN_POINT('',(9.408634156,3.04792216,2.61));
#7135=CARTESIAN_POINT('',(9.392500855,3.069280181,2.61));
#7136=CARTESIAN_POINT('',(9.376368485,3.090639133,2.61));
#7137=CARTESIAN_POINT('',(9.353986941,3.105863463,2.61));
#7138=CARTESIAN_POINT('',(9.325357154,3.114951309,2.61));
#7139=B_SPLINE_CURVE_WITH_KNOTS('',3,(#7132,#7133,#7134,#7135,#7136,#7137,#7138),.UNSPECIFIED.,.F.,.F.,(4,3,4),(0.,0.283956311,0.56791455),.UNSPECIFIED.);
#7140=EDGE_CURVE('',#7125,#7079,#7139,.T.);
#7141=ORIENTED_EDGE('',*,*,#7140,.T.);
#7142=ORIENTED_EDGE('',*,*,#7084,.T.);
#7143=EDGE_LOOP('',(#7123,#7131,#7141,#7142));
#7144=FACE_BOUND('',#7143,.T.);
#7145=ADVANCED_FACE('',(#7144),#7111,.T.);
#7146=CARTESIAN_POINT('',(9.390115738,2.90704472,2.61));
#7147=CARTESIAN_POINT('',(9.390115738,2.90704472,2.6));
#7148=CARTESIAN_POINT('',(9.407838806,2.937037032,2.61));
#7149=CARTESIAN_POINT('',(9.407838806,2.937037032,2.6));
#7150=CARTESIAN_POINT('',(9.416700341,2.967031207,2.61));
#7151=CARTESIAN_POINT('',(9.416700341,2.967031207,2.6));
#7152=CARTESIAN_POINT('',(9.416700341,2.997023519,2.61));
#7153=CARTESIAN_POINT('',(9.416700341,2.997023519,2.6));
#7154=B_SPLINE_SURFACE_WITH_KNOTS('',3,1,((#7146,#7147),(#7148,#7149),(#7150,#7151),(#7152,#7153)),.UNSPECIFIED.,.F.,.F.,.U.,(4,4),(2,2),(0.,0.999999997),(0.,1.),.UNSPECIFIED.);
#7155=CARTESIAN_POINT('',(9.390115738,2.90704472,2.6));
#7156=CARTESIAN_POINT('',(9.407838807,2.937037032,2.6));
#7157=CARTESIAN_POINT('',(9.416700341,2.967031207,2.6));
#7158=CARTESIAN_POINT('',(9.416700341,2.997023519,2.6));
#7159=B_SPLINE_CURVE_WITH_KNOTS('',3,(#7155,#7156,#7157,#7158),.UNSPECIFIED.,.F.,.F.,(4,4),(0.,1.),.UNSPECIFIED.);
#7160=EDGE_CURVE('',#6812,#7113,#7159,.T.);
#7161=ORIENTED_EDGE('',*,*,#7160,.F.);
#7162=ORIENTED_EDGE('',*,*,#6839,.F.);
#7163=CARTESIAN_POINT('',(9.390115738,2.90704472,2.61));
#7164=CARTESIAN_POINT('',(9.407838807,2.937037032,2.61));
#7165=CARTESIAN_POINT('',(9.416700341,2.967031207,2.61));
#7166=CARTESIAN_POINT('',(9.416700341,2.997023519,2.61));
#7167=B_SPLINE_CURVE_WITH_KNOTS('',3,(#7163,#7164,#7165,#7166),.UNSPECIFIED.,.F.,.F.,(4,4),(0.,1.),.UNSPECIFIED.);
#7168=EDGE_CURVE('',#6828,#7125,#7167,.T.);
#7169=ORIENTED_EDGE('',*,*,#7168,.T.);
#7170=ORIENTED_EDGE('',*,*,#7130,.T.);
#7171=EDGE_LOOP('',(#7161,#7162,#7169,#7170));
#7172=FACE_BOUND('',#7171,.T.);
#7173=ADVANCED_FACE('',(#7172),#7154,.T.);
#7174=CARTESIAN_POINT('',(0.,0.,2.61));
#7175=DIRECTION('',(0.,0.,1.));
#7176=DIRECTION('',(1.,0.,0.));
#7177=AXIS2_PLACEMENT_3D('',#7174,#7175,#7176);
#7178=PLANE('',#7177);
#7179=ORIENTED_EDGE('',*,*,#6833,.F.);
#7180=ORIENTED_EDGE('',*,*,#6899,.F.);
#7181=ORIENTED_EDGE('',*,*,#6930,.F.);
#7182=ORIENTED_EDGE('',*,*,#6961,.F.);
#7183=ORIENTED_EDGE('',*,*,#6992,.F.);
#7184=ORIENTED_EDGE('',*,*,#7023,.F.);
#7185=ORIENTED_EDGE('',*,*,#7054,.F.);
#7186=ORIENTED_EDGE('',*,*,#7091,.F.);
#7187=ORIENTED_EDGE('',*,*,#7140,.F.);
#7188=ORIENTED_EDGE('',*,*,#7168,.F.);
#7189=EDGE_LOOP('',(#7179,#7180,#7181,#7182,#7183,#7184,#7185,#7186,#7187,#7188));
#7190=FACE_BOUND('',#7189,.T.);
#7191=ADVANCED_FACE('',(#7190),#7178,.T.);
#7192=CARTESIAN_POINT('',(0.,0.,2.6));
#7193=DIRECTION('',(0.,0.,1.));
#7194=DIRECTION('',(1.,0.,0.));
#7195=AXIS2_PLACEMENT_3D('',#7192,#7193,#7194);
#7196=PLANE('',#7195);
#7197=ORIENTED_EDGE('',*,*,#6817,.T.);
#7198=ORIENTED_EDGE('',*,*,#7160,.T.);
#7199=ORIENTED_EDGE('',*,*,#7122,.T.);
#7200=ORIENTED_EDGE('',*,*,#7076,.T.);
#7201=ORIENTED_EDGE('',*,*,#7040,.T.);
#7202=ORIENTED_EDGE('',*,*,#7009,.T.);
#7203=ORIENTED_EDGE('',*,*,#6978,.T.);
#7204=ORIENTED_EDGE('',*,*,#6947,.T.);
#7205=ORIENTED_EDGE('',*,*,#6916,.T.);
#7206=ORIENTED_EDGE('',*,*,#6878,.T.);
#7207=EDGE_LOOP('',(#7197,#7198,#7199,#7200,#7201,#7202,#7203,#7204,#7205,#7206));
#7208=FACE_BOUND('',#7207,.T.);
#7209=ADVANCED_FACE('',(#7208),#7196,.F.);
#7210=CLOSED_SHELL('',(#6843,#6904,#6935,#6966,#6997,#7028,#7059,#7096,#7145,#7173,#7191,#7209));
#7211=MANIFOLD_SOLID_BREP('Body 26',#7210);
#6803=STYLED_ITEM('',(#3089),#7211);
#7213=CARTESIAN_POINT('',(9.802521206,7.110179868,2.61));
#7214=DIRECTION('',(1.,0.,0.));
#7215=DIRECTION('',(0.,0.,-1.));
#7216=AXIS2_PLACEMENT_3D('',#7213,#7214,#7215);
#7217=PLANE('',#7216);
#7218=CARTESIAN_POINT('',(9.802521206,7.506226655,2.6));
#7219=VERTEX_POINT('',#7218);
#7220=CARTESIAN_POINT('',(9.802521206,6.71413308,2.6));
#7221=VERTEX_POINT('',#7220);
#7222=CARTESIAN_POINT('',(9.802521206,7.506226655,2.6));
#7223=DIRECTION('',(0.,-1.,0.));
#7224=VECTOR('',#7223,0.792093575);
#7225=LINE('',#7222,#7224);
#7226=EDGE_CURVE('',#7219,#7221,#7225,.T.);
#7227=ORIENTED_EDGE('',*,*,#7226,.F.);
#7228=CARTESIAN_POINT('',(9.802521206,7.506226655,2.61));
#7229=VERTEX_POINT('',#7228);
#7230=CARTESIAN_POINT('',(9.802521206,7.506226655,2.61));
#7231=DIRECTION('',(0.,0.,-1.));
#7232=VECTOR('',#7231,0.01);
#7233=LINE('',#7230,#7232);
#7234=EDGE_CURVE('',#7229,#7219,#7233,.T.);
#7235=ORIENTED_EDGE('',*,*,#7234,.F.);
#7236=CARTESIAN_POINT('',(9.802521206,6.71413308,2.61));
#7237=VERTEX_POINT('',#7236);
#7238=CARTESIAN_POINT('',(9.802521206,7.506226655,2.61));
#7239=DIRECTION('',(0.,-1.,0.));
#7240=VECTOR('',#7239,0.792093575);
#7241=LINE('',#7238,#7240);
#7242=EDGE_CURVE('',#7229,#7237,#7241,.T.);
#7243=ORIENTED_EDGE('',*,*,#7242,.T.);
#7244=CARTESIAN_POINT('',(9.802521206,6.71413308,2.61));
#7245=DIRECTION('',(0.,0.,-1.));
#7246=VECTOR('',#7245,0.01);
#7247=LINE('',#7244,#7246);
#7248=EDGE_CURVE('',#7237,#7221,#7247,.T.);
#7249=ORIENTED_EDGE('',*,*,#7248,.T.);
#7250=EDGE_LOOP('',(#7227,#7235,#7243,#7249));
#7251=FACE_BOUND('',#7250,.T.);
#7252=ADVANCED_FACE('',(#7251),#7217,.T.);
#7253=CARTESIAN_POINT('',(9.743557312,7.506226655,2.61));
#7254=DIRECTION('',(0.,1.,0.));
#7255=DIRECTION('',(0.,0.,1.));
#7256=AXIS2_PLACEMENT_3D('',#7253,#7254,#7255);
#7257=PLANE('',#7256);
#7258=CARTESIAN_POINT('',(9.684593417,7.506226655,2.6));
#7259=VERTEX_POINT('',#7258);
#7260=CARTESIAN_POINT('',(9.684593417,7.506226655,2.6));
#7261=DIRECTION('',(1.,0.,-0.));
#7262=VECTOR('',#7261,0.11792779);
#7263=LINE('',#7260,#7262);
#7264=EDGE_CURVE('',#7259,#7219,#7263,.T.);
#7265=ORIENTED_EDGE('',*,*,#7264,.F.);
#7266=CARTESIAN_POINT('',(9.684593417,7.506226655,2.61));
#7267=VERTEX_POINT('',#7266);
#7268=CARTESIAN_POINT('',(9.684593417,7.506226655,2.61));
#7269=DIRECTION('',(0.,0.,-1.));
#7270=VECTOR('',#7269,0.01);
#7271=LINE('',#7268,#7270);
#7272=EDGE_CURVE('',#7267,#7259,#7271,.T.);
#7273=ORIENTED_EDGE('',*,*,#7272,.F.);
#7274=CARTESIAN_POINT('',(9.684593417,7.506226655,2.61));
#7275=DIRECTION('',(1.,0.,-0.));
#7276=VECTOR('',#7275,0.11792779);
#7277=LINE('',#7274,#7276);
#7278=EDGE_CURVE('',#7267,#7229,#7277,.T.);
#7279=ORIENTED_EDGE('',*,*,#7278,.T.);
#7280=ORIENTED_EDGE('',*,*,#7234,.T.);
#7281=EDGE_LOOP('',(#7265,#7273,#7279,#7280));
#7282=FACE_BOUND('',#7281,.T.);
#7283=ADVANCED_FACE('',(#7282),#7257,.T.);
#7284=CARTESIAN_POINT('',(9.684593417,7.34160468,2.61));
#7285=DIRECTION('',(-1.,0.,0.));
#7286=DIRECTION('',(0.,0.,1.));
#7287=AXIS2_PLACEMENT_3D('',#7284,#7285,#7286);
#7288=PLANE('',#7287);
#7289=CARTESIAN_POINT('',(9.684593417,7.176982705,2.6));
#7290=VERTEX_POINT('',#7289);
#7291=CARTESIAN_POINT('',(9.684593417,7.176982705,2.6));
#7292=DIRECTION('',(0.,1.,0.));
#7293=VECTOR('',#7292,0.329243951);
#7294=LINE('',#7291,#7293);
#7295=EDGE_CURVE('',#7290,#7259,#7294,.T.);
#7296=ORIENTED_EDGE('',*,*,#7295,.F.);
#7297=CARTESIAN_POINT('',(9.684593417,7.176982705,2.61));
#7298=VERTEX_POINT('',#7297);
#7299=CARTESIAN_POINT('',(9.684593417,7.176982705,2.61));
#7300=DIRECTION('',(0.,0.,-1.));
#7301=VECTOR('',#7300,0.01);
#7302=LINE('',#7299,#7301);
#7303=EDGE_CURVE('',#7298,#7290,#7302,.T.);
#7304=ORIENTED_EDGE('',*,*,#7303,.F.);
#7305=CARTESIAN_POINT('',(9.684593417,7.176982705,2.61));
#7306=DIRECTION('',(0.,1.,0.));
#7307=VECTOR('',#7306,0.329243951);
#7308=LINE('',#7305,#7307);
#7309=EDGE_CURVE('',#7298,#7267,#7308,.T.);
#7310=ORIENTED_EDGE('',*,*,#7309,.T.);
#7311=ORIENTED_EDGE('',*,*,#7272,.T.);
#7312=EDGE_LOOP('',(#7296,#7304,#7310,#7311));
#7313=FACE_BOUND('',#7312,.T.);
#7314=ADVANCED_FACE('',(#7313),#7288,.T.);
#7315=CARTESIAN_POINT('',(9.243898327,7.176982705,2.61));
#7316=DIRECTION('',(0.,1.,0.));
#7317=DIRECTION('',(0.,0.,1.));
#7318=AXIS2_PLACEMENT_3D('',#7315,#7316,#7317);
#7319=PLANE('',#7318);
#7320=CARTESIAN_POINT('',(8.803203236,7.176982705,2.6));
#7321=VERTEX_POINT('',#7320);
#7322=CARTESIAN_POINT('',(8.803203236,7.176982705,2.6));
#7323=DIRECTION('',(1.,0.,-0.));
#7324=VECTOR('',#7323,0.88139018);
#7325=LINE('',#7322,#7324);
#7326=EDGE_CURVE('',#7321,#7290,#7325,.T.);
#7327=ORIENTED_EDGE('',*,*,#7326,.F.);
#7328=CARTESIAN_POINT('',(8.803203236,7.176982705,2.61));
#7329=VERTEX_POINT('',#7328);
#7330=CARTESIAN_POINT('',(8.803203236,7.176982705,2.61));
#7331=DIRECTION('',(0.,0.,-1.));
#7332=VECTOR('',#7331,0.01);
#7333=LINE('',#7330,#7332);
#7334=EDGE_CURVE('',#7329,#7321,#7333,.T.);
#7335=ORIENTED_EDGE('',*,*,#7334,.F.);
#7336=CARTESIAN_POINT('',(8.803203236,7.176982705,2.61));
#7337=DIRECTION('',(1.,0.,-0.));
#7338=VECTOR('',#7337,0.88139018);
#7339=LINE('',#7336,#7338);
#7340=EDGE_CURVE('',#7329,#7298,#7339,.T.);
#7341=ORIENTED_EDGE('',*,*,#7340,.T.);
#7342=ORIENTED_EDGE('',*,*,#7303,.T.);
#7343=EDGE_LOOP('',(#7327,#7335,#7341,#7342));
#7344=FACE_BOUND('',#7343,.T.);
#7345=ADVANCED_FACE('',(#7344),#7319,.T.);
#7346=CARTESIAN_POINT('',(8.803203236,7.110861596,2.61));
#7347=DIRECTION('',(-1.,0.,0.));
#7348=DIRECTION('',(0.,0.,1.));
#7349=AXIS2_PLACEMENT_3D('',#7346,#7347,#7348);
#7350=PLANE('',#7349);
#7351=CARTESIAN_POINT('',(8.803203236,7.044740487,2.6));
#7352=VERTEX_POINT('',#7351);
#7353=CARTESIAN_POINT('',(8.803203236,7.044740487,2.6));
#7354=DIRECTION('',(0.,1.,0.));
#7355=VECTOR('',#7354,0.132242218);
#7356=LINE('',#7353,#7355);
#7357=EDGE_CURVE('',#7352,#7321,#7356,.T.);
#7358=ORIENTED_EDGE('',*,*,#7357,.F.);
#7359=CARTESIAN_POINT('',(8.803203236,7.044740487,2.61));
#7360=VERTEX_POINT('',#7359);
#7361=CARTESIAN_POINT('',(8.803203236,7.044740487,2.61));
#7362=DIRECTION('',(0.,0.,-1.));
#7363=VECTOR('',#7362,0.01);
#7364=LINE('',#7361,#7363);
#7365=EDGE_CURVE('',#7360,#7352,#7364,.T.);
#7366=ORIENTED_EDGE('',*,*,#7365,.F.);
#7367=CARTESIAN_POINT('',(8.803203236,7.044740487,2.61));
#7368=DIRECTION('',(0.,1.,0.));
#7369=VECTOR('',#7368,0.132242218);
#7370=LINE('',#7367,#7369);
#7371=EDGE_CURVE('',#7360,#7329,#7370,.T.);
#7372=ORIENTED_EDGE('',*,*,#7371,.T.);
#7373=ORIENTED_EDGE('',*,*,#7334,.T.);
#7374=EDGE_LOOP('',(#7358,#7366,#7372,#7373));
#7375=FACE_BOUND('',#7374,.T.);
#7376=ADVANCED_FACE('',(#7375),#7350,.T.);
#7377=CARTESIAN_POINT('',(9.243898327,7.044740487,2.61));
#7378=DIRECTION('',(0.,-1.,0.));
#7379=DIRECTION('',(0.,0.,-1.));
#7380=AXIS2_PLACEMENT_3D('',#7377,#7378,#7379);
#7381=PLANE('',#7380);
#7382=CARTESIAN_POINT('',(9.684593417,7.044740487,2.6));
#7383=VERTEX_POINT('',#7382);
#7384=CARTESIAN_POINT('',(9.684593417,7.044740487,2.6));
#7385=DIRECTION('',(-1.,0.,0.));
#7386=VECTOR('',#7385,0.88139018);
#7387=LINE('',#7384,#7386);
#7388=EDGE_CURVE('',#7383,#7352,#7387,.T.);
#7389=ORIENTED_EDGE('',*,*,#7388,.F.);
#7390=CARTESIAN_POINT('',(9.684593417,7.044740487,2.61));
#7391=VERTEX_POINT('',#7390);
#7392=CARTESIAN_POINT('',(9.684593417,7.044740487,2.61));
#7393=DIRECTION('',(0.,0.,-1.));
#7394=VECTOR('',#7393,0.01);
#7395=LINE('',#7392,#7394);
#7396=EDGE_CURVE('',#7391,#7383,#7395,.T.);
#7397=ORIENTED_EDGE('',*,*,#7396,.F.);
#7398=CARTESIAN_POINT('',(9.684593417,7.044740487,2.61));
#7399=DIRECTION('',(-1.,0.,0.));
#7400=VECTOR('',#7399,0.88139018);
#7401=LINE('',#7398,#7400);
#7402=EDGE_CURVE('',#7391,#7360,#7401,.T.);
#7403=ORIENTED_EDGE('',*,*,#7402,.T.);
#7404=ORIENTED_EDGE('',*,*,#7365,.T.);
#7405=EDGE_LOOP('',(#7389,#7397,#7403,#7404));
#7406=FACE_BOUND('',#7405,.T.);
#7407=ADVANCED_FACE('',(#7406),#7381,.T.);
#7408=CARTESIAN_POINT('',(9.684593417,6.879436783,2.61));
#7409=DIRECTION('',(-1.,0.,0.));
#7410=DIRECTION('',(0.,0.,1.));
#7411=AXIS2_PLACEMENT_3D('',#7408,#7409,#7410);
#7412=PLANE('',#7411);
#7413=CARTESIAN_POINT('',(9.684593417,6.71413308,2.6));
#7414=VERTEX_POINT('',#7413);
#7415=CARTESIAN_POINT('',(9.684593417,6.71413308,2.6));
#7416=DIRECTION('',(0.,1.,0.));
#7417=VECTOR('',#7416,0.330607407);
#7418=LINE('',#7415,#7417);
#7419=EDGE_CURVE('',#7414,#7383,#7418,.T.);
#7420=ORIENTED_EDGE('',*,*,#7419,.F.);
#7421=CARTESIAN_POINT('',(9.684593417,6.71413308,2.61));
#7422=VERTEX_POINT('',#7421);
#7423=CARTESIAN_POINT('',(9.684593417,6.71413308,2.61));
#7424=DIRECTION('',(0.,0.,-1.));
#7425=VECTOR('',#7424,0.01);
#7426=LINE('',#7423,#7425);
#7427=EDGE_CURVE('',#7422,#7414,#7426,.T.);
#7428=ORIENTED_EDGE('',*,*,#7427,.F.);
#7429=CARTESIAN_POINT('',(9.684593417,6.71413308,2.61));
#7430=DIRECTION('',(0.,1.,0.));
#7431=VECTOR('',#7430,0.330607407);
#7432=LINE('',#7429,#7431);
#7433=EDGE_CURVE('',#7422,#7391,#7432,.T.);
#7434=ORIENTED_EDGE('',*,*,#7433,.T.);
#7435=ORIENTED_EDGE('',*,*,#7396,.T.);
#7436=EDGE_LOOP('',(#7420,#7428,#7434,#7435));
#7437=FACE_BOUND('',#7436,.T.);
#7438=ADVANCED_FACE('',(#7437),#7412,.T.);
#7439=CARTESIAN_POINT('',(9.743557312,6.71413308,2.61));
#7440=DIRECTION('',(0.,-1.,0.));
#7441=DIRECTION('',(0.,0.,-1.));
#7442=AXIS2_PLACEMENT_3D('',#7439,#7440,#7441);
#7443=PLANE('',#7442);
#7444=CARTESIAN_POINT('',(9.802521206,6.71413308,2.6));
#7445=DIRECTION('',(-1.,0.,0.));
#7446=VECTOR('',#7445,0.11792779);
#7447=LINE('',#7444,#7446);
#7448=EDGE_CURVE('',#7221,#7414,#7447,.T.);
#7449=ORIENTED_EDGE('',*,*,#7448,.F.);
#7450=ORIENTED_EDGE('',*,*,#7248,.F.);
#7451=CARTESIAN_POINT('',(9.802521206,6.71413308,2.61));
#7452=DIRECTION('',(-1.,0.,0.));
#7453=VECTOR('',#7452,0.11792779);
#7454=LINE('',#7451,#7453);
#7455=EDGE_CURVE('',#7237,#7422,#7454,.T.);
#7456=ORIENTED_EDGE('',*,*,#7455,.T.);
#7457=ORIENTED_EDGE('',*,*,#7427,.T.);
#7458=EDGE_LOOP('',(#7449,#7450,#7456,#7457));
#7459=FACE_BOUND('',#7458,.T.);
#7460=ADVANCED_FACE('',(#7459),#7443,.T.);
#7461=CARTESIAN_POINT('',(0.,0.,2.61));
#7462=DIRECTION('',(0.,0.,1.));
#7463=DIRECTION('',(1.,0.,0.));
#7464=AXIS2_PLACEMENT_3D('',#7461,#7462,#7463);
#7465=PLANE('',#7464);
#7466=ORIENTED_EDGE('',*,*,#7242,.F.);
#7467=ORIENTED_EDGE('',*,*,#7278,.F.);
#7468=ORIENTED_EDGE('',*,*,#7309,.F.);
#7469=ORIENTED_EDGE('',*,*,#7340,.F.);
#7470=ORIENTED_EDGE('',*,*,#7371,.F.);
#7471=ORIENTED_EDGE('',*,*,#7402,.F.);
#7472=ORIENTED_EDGE('',*,*,#7433,.F.);
#7473=ORIENTED_EDGE('',*,*,#7455,.F.);
#7474=EDGE_LOOP('',(#7466,#7467,#7468,#7469,#7470,#7471,#7472,#7473));
#7475=FACE_BOUND('',#7474,.T.);
#7476=ADVANCED_FACE('',(#7475),#7465,.T.);
#7477=CARTESIAN_POINT('',(0.,0.,2.6));
#7478=DIRECTION('',(0.,0.,1.));
#7479=DIRECTION('',(1.,0.,0.));
#7480=AXIS2_PLACEMENT_3D('',#7477,#7478,#7479);
#7481=PLANE('',#7480);
#7482=ORIENTED_EDGE('',*,*,#7226,.T.);
#7483=ORIENTED_EDGE('',*,*,#7448,.T.);
#7484=ORIENTED_EDGE('',*,*,#7419,.T.);
#7485=ORIENTED_EDGE('',*,*,#7388,.T.);
#7486=ORIENTED_EDGE('',*,*,#7357,.T.);
#7487=ORIENTED_EDGE('',*,*,#7326,.T.);
#7488=ORIENTED_EDGE('',*,*,#7295,.T.);
#7489=ORIENTED_EDGE('',*,*,#7264,.T.);
#7490=EDGE_LOOP('',(#7482,#7483,#7484,#7485,#7486,#7487,#7488,#7489));
#7491=FACE_BOUND('',#7490,.T.);
#7492=ADVANCED_FACE('',(#7491),#7481,.F.);
#7493=CLOSED_SHELL('',(#7252,#7283,#7314,#7345,#7376,#7407,#7438,#7460,#7476,#7492));
#7494=MANIFOLD_SOLID_BREP('Body 37',#7493);
#7212=STYLED_ITEM('',(#3089),#7494);
#7496=CARTESIAN_POINT('',(9.226515889,7.77105242,2.61));
#7497=DIRECTION('',(1.,0.,0.));
#7498=DIRECTION('',(0.,0.,-1.));
#7499=AXIS2_PLACEMENT_3D('',#7496,#7497,#7498);
#7500=PLANE('',#7499);
#7501=CARTESIAN_POINT('',(9.226515889,7.959532086,2.6));
#7502=VERTEX_POINT('',#7501);
#7503=CARTESIAN_POINT('',(9.226515889,7.582572754,2.6));
#7504=VERTEX_POINT('',#7503);
#7505=CARTESIAN_POINT('',(9.226515889,7.959532086,2.6));
#7506=DIRECTION('',(0.,-1.,0.));
#7507=VECTOR('',#7506,0.376959331);
#7508=LINE('',#7505,#7507);
#7509=EDGE_CURVE('',#7502,#7504,#7508,.T.);
#7510=ORIENTED_EDGE('',*,*,#7509,.F.);
#7511=CARTESIAN_POINT('',(9.226515889,7.959532086,2.61));
#7512=VERTEX_POINT('',#7511);
#7513=CARTESIAN_POINT('',(9.226515889,7.959532086,2.61));
#7514=DIRECTION('',(0.,0.,-1.));
#7515=VECTOR('',#7514,0.01);
#7516=LINE('',#7513,#7515);
#7517=EDGE_CURVE('',#7512,#7502,#7516,.T.);
#7518=ORIENTED_EDGE('',*,*,#7517,.F.);
#7519=CARTESIAN_POINT('',(9.226515889,7.582572754,2.61));
#7520=VERTEX_POINT('',#7519);
#7521=CARTESIAN_POINT('',(9.226515889,7.959532086,2.61));
#7522=DIRECTION('',(0.,-1.,0.));
#7523=VECTOR('',#7522,0.376959331);
#7524=LINE('',#7521,#7523);
#7525=EDGE_CURVE('',#7512,#7520,#7524,.T.);
#7526=ORIENTED_EDGE('',*,*,#7525,.T.);
#7527=CARTESIAN_POINT('',(9.226515889,7.582572754,2.61));
#7528=DIRECTION('',(0.,0.,-1.));
#7529=VECTOR('',#7528,0.01);
#7530=LINE('',#7527,#7529);
#7531=EDGE_CURVE('',#7520,#7504,#7530,.T.);
#7532=ORIENTED_EDGE('',*,*,#7531,.T.);
#7533=EDGE_LOOP('',(#7510,#7518,#7526,#7532));
#7534=FACE_BOUND('',#7533,.T.);
#7535=ADVANCED_FACE('',(#7534),#7500,.T.);
#7536=CARTESIAN_POINT('',(9.164825547,7.959532086,2.61));
#7537=DIRECTION('',(0.,1.,0.));
#7538=DIRECTION('',(0.,0.,1.));
#7539=AXIS2_PLACEMENT_3D('',#7536,#7537,#7538);
#7540=PLANE('',#7539);
#7541=CARTESIAN_POINT('',(9.103135206,7.959532086,2.6));
#7542=VERTEX_POINT('',#7541);
#7543=CARTESIAN_POINT('',(9.103135206,7.959532086,2.6));
#7544=DIRECTION('',(1.,0.,-0.));
#7545=VECTOR('',#7544,0.123380683);
#7546=LINE('',#7543,#7545);
#7547=EDGE_CURVE('',#7542,#7502,#7546,.T.);
#7548=ORIENTED_EDGE('',*,*,#7547,.F.);
#7549=CARTESIAN_POINT('',(9.103135206,7.959532086,2.61));
#7550=VERTEX_POINT('',#7549);
#7551=CARTESIAN_POINT('',(9.103135206,7.959532086,2.61));
#7552=DIRECTION('',(0.,0.,-1.));
#7553=VECTOR('',#7552,0.01);
#7554=LINE('',#7551,#7553);
#7555=EDGE_CURVE('',#7550,#7542,#7554,.T.);
#7556=ORIENTED_EDGE('',*,*,#7555,.F.);
#7557=CARTESIAN_POINT('',(9.103135206,7.959532086,2.61));
#7558=DIRECTION('',(1.,0.,-0.));
#7559=VECTOR('',#7558,0.123380683);
#7560=LINE('',#7557,#7559);
#7561=EDGE_CURVE('',#7550,#7512,#7560,.T.);
#7562=ORIENTED_EDGE('',*,*,#7561,.T.);
#7563=ORIENTED_EDGE('',*,*,#7517,.T.);
#7564=EDGE_LOOP('',(#7548,#7556,#7562,#7563));
#7565=FACE_BOUND('',#7564,.T.);
#7566=ADVANCED_FACE('',(#7565),#7540,.T.);
#7567=CARTESIAN_POINT('',(9.103135206,7.77105242,2.61));
#7568=DIRECTION('',(-1.,0.,0.));
#7569=DIRECTION('',(0.,0.,1.));
#7570=AXIS2_PLACEMENT_3D('',#7567,#7568,#7569);
#7571=PLANE('',#7570);
#7572=CARTESIAN_POINT('',(9.103135206,7.582572754,2.6));
#7573=VERTEX_POINT('',#7572);
#7574=CARTESIAN_POINT('',(9.103135206,7.582572754,2.6));
#7575=DIRECTION('',(0.,1.,0.));
#7576=VECTOR('',#7575,0.376959331);
#7577=LINE('',#7574,#7576);
#7578=EDGE_CURVE('',#7573,#7542,#7577,.T.);
#7579=ORIENTED_EDGE('',*,*,#7578,.F.);
#7580=CARTESIAN_POINT('',(9.103135206,7.582572754,2.61));
#7581=VERTEX_POINT('',#7580);
#7582=CARTESIAN_POINT('',(9.103135206,7.582572754,2.61));
#7583=DIRECTION('',(0.,0.,-1.));
#7584=VECTOR('',#7583,0.01);
#7585=LINE('',#7582,#7584);
#7586=EDGE_CURVE('',#7581,#7573,#7585,.T.);
#7587=ORIENTED_EDGE('',*,*,#7586,.F.);
#7588=CARTESIAN_POINT('',(9.103135206,7.582572754,2.61));
#7589=DIRECTION('',(0.,1.,0.));
#7590=VECTOR('',#7589,0.376959331);
#7591=LINE('',#7588,#7590);
#7592=EDGE_CURVE('',#7581,#7550,#7591,.T.);
#7593=ORIENTED_EDGE('',*,*,#7592,.T.);
#7594=ORIENTED_EDGE('',*,*,#7555,.T.);
#7595=EDGE_LOOP('',(#7579,#7587,#7593,#7594));
#7596=FACE_BOUND('',#7595,.T.);
#7597=ADVANCED_FACE('',(#7596),#7571,.T.);
#7598=CARTESIAN_POINT('',(9.164825547,7.582572754,2.61));
#7599=DIRECTION('',(0.,-1.,0.));
#7600=DIRECTION('',(0.,0.,-1.));
#7601=AXIS2_PLACEMENT_3D('',#7598,#7599,#7600);
#7602=PLANE('',#7601);
#7603=CARTESIAN_POINT('',(9.226515889,7.582572754,2.6));
#7604=DIRECTION('',(-1.,0.,0.));
#7605=VECTOR('',#7604,0.123380683);
#7606=LINE('',#7603,#7605);
#7607=EDGE_CURVE('',#7504,#7573,#7606,.T.);
#7608=ORIENTED_EDGE('',*,*,#7607,.F.);
#7609=ORIENTED_EDGE('',*,*,#7531,.F.);
#7610=CARTESIAN_POINT('',(9.226515889,7.582572754,2.61));
#7611=DIRECTION('',(-1.,0.,0.));
#7612=VECTOR('',#7611,0.123380683);
#7613=LINE('',#7610,#7612);
#7614=EDGE_CURVE('',#7520,#7581,#7613,.T.);
#7615=ORIENTED_EDGE('',*,*,#7614,.T.);
#7616=ORIENTED_EDGE('',*,*,#7586,.T.);
#7617=EDGE_LOOP('',(#7608,#7609,#7615,#7616));
#7618=FACE_BOUND('',#7617,.T.);
#7619=ADVANCED_FACE('',(#7618),#7602,.T.);
#7620=CARTESIAN_POINT('',(0.,0.,2.61));
#7621=DIRECTION('',(0.,0.,1.));
#7622=DIRECTION('',(1.,0.,0.));
#7623=AXIS2_PLACEMENT_3D('',#7620,#7621,#7622);
#7624=PLANE('',#7623);
#7625=ORIENTED_EDGE('',*,*,#7525,.F.);
#7626=ORIENTED_EDGE('',*,*,#7561,.F.);
#7627=ORIENTED_EDGE('',*,*,#7592,.F.);
#7628=ORIENTED_EDGE('',*,*,#7614,.F.);
#7629=EDGE_LOOP('',(#7625,#7626,#7627,#7628));
#7630=FACE_BOUND('',#7629,.T.);
#7631=ADVANCED_FACE('',(#7630),#7624,.T.);
#7632=CARTESIAN_POINT('',(0.,0.,2.6));
#7633=DIRECTION('',(0.,0.,1.));
#7634=DIRECTION('',(1.,0.,0.));
#7635=AXIS2_PLACEMENT_3D('',#7632,#7633,#7634);
#7636=PLANE('',#7635);
#7637=ORIENTED_EDGE('',*,*,#7509,.T.);
#7638=ORIENTED_EDGE('',*,*,#7607,.T.);
#7639=ORIENTED_EDGE('',*,*,#7578,.T.);
#7640=ORIENTED_EDGE('',*,*,#7547,.T.);
#7641=EDGE_LOOP('',(#7637,#7638,#7639,#7640));
#7642=FACE_BOUND('',#7641,.T.);
#7643=ADVANCED_FACE('',(#7642),#7636,.F.);
#7644=CLOSED_SHELL('',(#7535,#7566,#7597,#7619,#7631,#7643));
#7645=MANIFOLD_SOLID_BREP('Body 25',#7644);
#7495=STYLED_ITEM('',(#3089),#7645);
#7647=CARTESIAN_POINT('',(11.970960978,12.422801483,2.61));
#7648=DIRECTION('',(1.,0.,0.));
#7649=DIRECTION('',(0.,0.,-1.));
#7650=AXIS2_PLACEMENT_3D('',#7647,#7648,#7649);
#7651=PLANE('',#7650);
#7652=CARTESIAN_POINT('',(11.970960978,12.551635712,2.6));
#7653=VERTEX_POINT('',#7652);
#7654=CARTESIAN_POINT('',(11.970960978,12.293967254,2.6));
#7655=VERTEX_POINT('',#7654);
#7656=CARTESIAN_POINT('',(11.970960978,12.551635712,2.6));
#7657=DIRECTION('',(0.,-1.,0.));
#7658=VECTOR('',#7657,0.257668458);
#7659=LINE('',#7656,#7658);
#7660=EDGE_CURVE('',#7653,#7655,#7659,.T.);
#7661=ORIENTED_EDGE('',*,*,#7660,.F.);
#7662=CARTESIAN_POINT('',(11.970960978,12.551635712,2.61));
#7663=VERTEX_POINT('',#7662);
#7664=CARTESIAN_POINT('',(11.970960978,12.551635712,2.61));
#7665=DIRECTION('',(0.,0.,-1.));
#7666=VECTOR('',#7665,0.01);
#7667=LINE('',#7664,#7666);
#7668=EDGE_CURVE('',#7663,#7653,#7667,.T.);
#7669=ORIENTED_EDGE('',*,*,#7668,.F.);
#7670=CARTESIAN_POINT('',(11.970960978,12.293967254,2.61));
#7671=VERTEX_POINT('',#7670);
#7672=CARTESIAN_POINT('',(11.970960978,12.551635712,2.61));
#7673=DIRECTION('',(0.,-1.,0.));
#7674=VECTOR('',#7673,0.257668458);
#7675=LINE('',#7672,#7674);
#7676=EDGE_CURVE('',#7663,#7671,#7675,.T.);
#7677=ORIENTED_EDGE('',*,*,#7676,.T.);
#7678=CARTESIAN_POINT('',(11.970960978,12.293967254,2.61));
#7679=DIRECTION('',(0.,0.,-1.));
#7680=VECTOR('',#7679,0.01);
#7681=LINE('',#7678,#7680);
#7682=EDGE_CURVE('',#7671,#7655,#7681,.T.);
#7683=ORIENTED_EDGE('',*,*,#7682,.T.);
#7684=EDGE_LOOP('',(#7661,#7669,#7677,#7683));
#7685=FACE_BOUND('',#7684,.T.);
#7686=ADVANCED_FACE('',(#7685),#7651,.T.);
#7687=CARTESIAN_POINT('',(11.21083831,12.551635712,2.61));
#7688=DIRECTION('',(0.,1.,0.));
#7689=DIRECTION('',(0.,0.,1.));
#7690=AXIS2_PLACEMENT_3D('',#7687,#7688,#7689);
#7691=PLANE('',#7690);
#7692=CARTESIAN_POINT('',(10.450715642,12.551635712,2.6));
#7693=VERTEX_POINT('',#7692);
#7694=CARTESIAN_POINT('',(10.450715642,12.551635712,2.6));
#7695=DIRECTION('',(1.,0.,-0.));
#7696=VECTOR('',#7695,1.520245336);
#7697=LINE('',#7694,#7696);
#7698=EDGE_CURVE('',#7693,#7653,#7697,.T.);
#7699=ORIENTED_EDGE('',*,*,#7698,.F.);
#7700=CARTESIAN_POINT('',(10.450715642,12.551635712,2.61));
#7701=VERTEX_POINT('',#7700);
#7702=CARTESIAN_POINT('',(10.450715642,12.551635712,2.61));
#7703=DIRECTION('',(0.,0.,-1.));
#7704=VECTOR('',#7703,0.01);
#7705=LINE('',#7702,#7704);
#7706=EDGE_CURVE('',#7701,#7693,#7705,.T.);
#7707=ORIENTED_EDGE('',*,*,#7706,.F.);
#7708=CARTESIAN_POINT('',(10.450715642,12.551635712,2.61));
#7709=DIRECTION('',(1.,0.,-0.));
#7710=VECTOR('',#7709,1.520245336);
#7711=LINE('',#7708,#7710);
#7712=EDGE_CURVE('',#7701,#7663,#7711,.T.);
#7713=ORIENTED_EDGE('',*,*,#7712,.T.);
#7714=ORIENTED_EDGE('',*,*,#7668,.T.);
#7715=EDGE_LOOP('',(#7699,#7707,#7713,#7714));
#7716=FACE_BOUND('',#7715,.T.);
#7717=ADVANCED_FACE('',(#7716),#7691,.T.);
#7718=CARTESIAN_POINT('',(10.450715642,12.422801483,2.61));
#7719=DIRECTION('',(-1.,0.,0.));
#7720=DIRECTION('',(0.,0.,1.));
#7721=AXIS2_PLACEMENT_3D('',#7718,#7719,#7720);
#7722=PLANE('',#7721);
#7723=CARTESIAN_POINT('',(10.450715642,12.293967254,2.6));
#7724=VERTEX_POINT('',#7723);
#7725=CARTESIAN_POINT('',(10.450715642,12.293967254,2.6));
#7726=DIRECTION('',(0.,1.,0.));
#7727=VECTOR('',#7726,0.257668458);
#7728=LINE('',#7725,#7727);
#7729=EDGE_CURVE('',#7724,#7693,#7728,.T.);
#7730=ORIENTED_EDGE('',*,*,#7729,.F.);
#7731=CARTESIAN_POINT('',(10.450715642,12.293967254,2.61));
#7732=VERTEX_POINT('',#7731);
#7733=CARTESIAN_POINT('',(10.450715642,12.293967254,2.61));
#7734=DIRECTION('',(0.,0.,-1.));
#7735=VECTOR('',#7734,0.01);
#7736=LINE('',#7733,#7735);
#7737=EDGE_CURVE('',#7732,#7724,#7736,.T.);
#7738=ORIENTED_EDGE('',*,*,#7737,.F.);
#7739=CARTESIAN_POINT('',(10.450715642,12.293967254,2.61));
#7740=DIRECTION('',(0.,1.,0.));
#7741=VECTOR('',#7740,0.257668458);
#7742=LINE('',#7739,#7741);
#7743=EDGE_CURVE('',#7732,#7701,#7742,.T.);
#7744=ORIENTED_EDGE('',*,*,#7743,.T.);
#7745=ORIENTED_EDGE('',*,*,#7706,.T.);
#7746=EDGE_LOOP('',(#7730,#7738,#7744,#7745));
#7747=FACE_BOUND('',#7746,.T.);
#7748=ADVANCED_FACE('',(#7747),#7722,.T.);
#7749=CARTESIAN_POINT('',(11.21083831,12.293967254,2.61));
#7750=DIRECTION('',(0.,-1.,0.));
#7751=DIRECTION('',(0.,0.,-1.));
#7752=AXIS2_PLACEMENT_3D('',#7749,#7750,#7751);
#7753=PLANE('',#7752);
#7754=CARTESIAN_POINT('',(11.970960978,12.293967254,2.6));
#7755=DIRECTION('',(-1.,0.,0.));
#7756=VECTOR('',#7755,1.520245336);
#7757=LINE('',#7754,#7756);
#7758=EDGE_CURVE('',#7655,#7724,#7757,.T.);
#7759=ORIENTED_EDGE('',*,*,#7758,.F.);
#7760=ORIENTED_EDGE('',*,*,#7682,.F.);
#7761=CARTESIAN_POINT('',(11.970960978,12.293967254,2.61));
#7762=DIRECTION('',(-1.,0.,0.));
#7763=VECTOR('',#7762,1.520245336);
#7764=LINE('',#7761,#7763);
#7765=EDGE_CURVE('',#7671,#7732,#7764,.T.);
#7766=ORIENTED_EDGE('',*,*,#7765,.T.);
#7767=ORIENTED_EDGE('',*,*,#7737,.T.);
#7768=EDGE_LOOP('',(#7759,#7760,#7766,#7767));
#7769=FACE_BOUND('',#7768,.T.);
#7770=ADVANCED_FACE('',(#7769),#7753,.T.);
#7771=CARTESIAN_POINT('',(0.,0.,2.61));
#7772=DIRECTION('',(0.,0.,1.));
#7773=DIRECTION('',(1.,0.,0.));
#7774=AXIS2_PLACEMENT_3D('',#7771,#7772,#7773);
#7775=PLANE('',#7774);
#7776=ORIENTED_EDGE('',*,*,#7676,.F.);
#7777=ORIENTED_EDGE('',*,*,#7712,.F.);
#7778=ORIENTED_EDGE('',*,*,#7743,.F.);
#7779=ORIENTED_EDGE('',*,*,#7765,.F.);
#7780=EDGE_LOOP('',(#7776,#7777,#7778,#7779));
#7781=FACE_BOUND('',#7780,.T.);
#7782=ADVANCED_FACE('',(#7781),#7775,.T.);
#7783=CARTESIAN_POINT('',(0.,0.,2.6));
#7784=DIRECTION('',(0.,0.,1.));
#7785=DIRECTION('',(1.,0.,0.));
#7786=AXIS2_PLACEMENT_3D('',#7783,#7784,#7785);
#7787=PLANE('',#7786);
#7788=ORIENTED_EDGE('',*,*,#7660,.T.);
#7789=ORIENTED_EDGE('',*,*,#7758,.T.);
#7790=ORIENTED_EDGE('',*,*,#7729,.T.);
#7791=ORIENTED_EDGE('',*,*,#7698,.T.);
#7792=EDGE_LOOP('',(#7788,#7789,#7790,#7791));
#7793=FACE_BOUND('',#7792,.T.);
#7794=ADVANCED_FACE('',(#7793),#7787,.F.);
#7795=CLOSED_SHELL('',(#7686,#7717,#7748,#7770,#7782,#7794));
#7796=MANIFOLD_SOLID_BREP('Body 24',#7795);
#7646=STYLED_ITEM('',(#3089),#7796);
#7798=CARTESIAN_POINT('',(9.802521206,5.755715072,2.61));
#7799=DIRECTION('',(1.,0.,0.));
#7800=DIRECTION('',(0.,0.,-1.));
#7801=AXIS2_PLACEMENT_3D('',#7798,#7799,#7800);
#7802=PLANE('',#7801);
#7803=CARTESIAN_POINT('',(9.802521206,5.81706455,2.6));
#7804=VERTEX_POINT('',#7803);
#7805=CARTESIAN_POINT('',(9.802521206,5.694365595,2.6));
#7806=VERTEX_POINT('',#7805);
#7807=CARTESIAN_POINT('',(9.802521206,5.81706455,2.6));
#7808=DIRECTION('',(0.,-1.,0.));
#7809=VECTOR('',#7808,0.122698955);
#7810=LINE('',#7807,#7809);
#7811=EDGE_CURVE('',#7804,#7806,#7810,.T.);
#7812=ORIENTED_EDGE('',*,*,#7811,.F.);
#7813=CARTESIAN_POINT('',(9.802521206,5.81706455,2.61));
#7814=VERTEX_POINT('',#7813);
#7815=CARTESIAN_POINT('',(9.802521206,5.81706455,2.61));
#7816=DIRECTION('',(0.,0.,-1.));
#7817=VECTOR('',#7816,0.01);
#7818=LINE('',#7815,#7817);
#7819=EDGE_CURVE('',#7814,#7804,#7818,.T.);
#7820=ORIENTED_EDGE('',*,*,#7819,.F.);
#7821=CARTESIAN_POINT('',(9.802521206,5.694365595,2.61));
#7822=VERTEX_POINT('',#7821);
#7823=CARTESIAN_POINT('',(9.802521206,5.81706455,2.61));
#7824=DIRECTION('',(0.,-1.,0.));
#7825=VECTOR('',#7824,0.122698955);
#7826=LINE('',#7823,#7825);
#7827=EDGE_CURVE('',#7814,#7822,#7826,.T.);
#7828=ORIENTED_EDGE('',*,*,#7827,.T.);
#7829=CARTESIAN_POINT('',(9.802521206,5.694365595,2.61));
#7830=DIRECTION('',(0.,0.,-1.));
#7831=VECTOR('',#7830,0.01);
#7832=LINE('',#7829,#7831);
#7833=EDGE_CURVE('',#7822,#7806,#7832,.T.);
#7834=ORIENTED_EDGE('',*,*,#7833,.T.);
#7835=EDGE_LOOP('',(#7812,#7820,#7828,#7834));
#7836=FACE_BOUND('',#7835,.T.);
#7837=ADVANCED_FACE('',(#7836),#7802,.T.);
#7838=CARTESIAN_POINT('',(9.73196933,5.81706455,2.61));
#7839=DIRECTION('',(0.,1.,0.));
#7840=DIRECTION('',(0.,0.,1.));
#7841=AXIS2_PLACEMENT_3D('',#7838,#7839,#7840);
#7842=PLANE('',#7841);
#7843=CARTESIAN_POINT('',(9.661417454,5.81706455,2.6));
#7844=VERTEX_POINT('',#7843);
#7845=CARTESIAN_POINT('',(9.661417454,5.81706455,2.6));
#7846=DIRECTION('',(1.,0.,-0.));
#7847=VECTOR('',#7846,0.141103752);
#7848=LINE('',#7845,#7847);
#7849=EDGE_CURVE('',#7844,#7804,#7848,.T.);
#7850=ORIENTED_EDGE('',*,*,#7849,.F.);
#7851=CARTESIAN_POINT('',(9.661417454,5.81706455,2.61));
#7852=VERTEX_POINT('',#7851);
#7853=CARTESIAN_POINT('',(9.661417454,5.81706455,2.61));
#7854=DIRECTION('',(0.,0.,-1.));
#7855=VECTOR('',#7854,0.01);
#7856=LINE('',#7853,#7855);
#7857=EDGE_CURVE('',#7852,#7844,#7856,.T.);
#7858=ORIENTED_EDGE('',*,*,#7857,.F.);
#7859=CARTESIAN_POINT('',(9.661417454,5.81706455,2.61));
#7860=DIRECTION('',(1.,0.,-0.));
#7861=VECTOR('',#7860,0.141103752);
#7862=LINE('',#7859,#7861);
#7863=EDGE_CURVE('',#7852,#7814,#7862,.T.);
#7864=ORIENTED_EDGE('',*,*,#7863,.T.);
#7865=ORIENTED_EDGE('',*,*,#7819,.T.);
#7866=EDGE_LOOP('',(#7850,#7858,#7864,#7865));
#7867=FACE_BOUND('',#7866,.T.);
#7868=ADVANCED_FACE('',(#7867),#7842,.T.);
#7869=CARTESIAN_POINT('',(9.661417454,5.755715072,2.61));
#7870=DIRECTION('',(-1.,0.,0.));
#7871=DIRECTION('',(0.,0.,1.));
#7872=AXIS2_PLACEMENT_3D('',#7869,#7870,#7871);
#7873=PLANE('',#7872);
#7874=CARTESIAN_POINT('',(9.661417454,5.694365595,2.6));
#7875=VERTEX_POINT('',#7874);
#7876=CARTESIAN_POINT('',(9.661417454,5.694365595,2.6));
#7877=DIRECTION('',(0.,1.,0.));
#7878=VECTOR('',#7877,0.122698955);
#7879=LINE('',#7876,#7878);
#7880=EDGE_CURVE('',#7875,#7844,#7879,.T.);
#7881=ORIENTED_EDGE('',*,*,#7880,.F.);
#7882=CARTESIAN_POINT('',(9.661417454,5.694365595,2.61));
#7883=VERTEX_POINT('',#7882);
#7884=CARTESIAN_POINT('',(9.661417454,5.694365595,2.61));
#7885=DIRECTION('',(0.,0.,-1.));
#7886=VECTOR('',#7885,0.01);
#7887=LINE('',#7884,#7886);
#7888=EDGE_CURVE('',#7883,#7875,#7887,.T.);
#7889=ORIENTED_EDGE('',*,*,#7888,.F.);
#7890=CARTESIAN_POINT('',(9.661417454,5.694365595,2.61));
#7891=DIRECTION('',(0.,1.,0.));
#7892=VECTOR('',#7891,0.122698955);
#7893=LINE('',#7890,#7892);
#7894=EDGE_CURVE('',#7883,#7852,#7893,.T.);
#7895=ORIENTED_EDGE('',*,*,#7894,.T.);
#7896=ORIENTED_EDGE('',*,*,#7857,.T.);
#7897=EDGE_LOOP('',(#7881,#7889,#7895,#7896));
#7898=FACE_BOUND('',#7897,.T.);
#7899=ADVANCED_FACE('',(#7898),#7873,.T.);
#7900=CARTESIAN_POINT('',(9.73196933,5.694365595,2.61));
#7901=DIRECTION('',(0.,-1.,0.));
#7902=DIRECTION('',(0.,0.,-1.));
#7903=AXIS2_PLACEMENT_3D('',#7900,#7901,#7902);
#7904=PLANE('',#7903);
#7905=CARTESIAN_POINT('',(9.802521206,5.694365595,2.6));
#7906=DIRECTION('',(-1.,0.,0.));
#7907=VECTOR('',#7906,0.141103752);
#7908=LINE('',#7905,#7907);
#7909=EDGE_CURVE('',#7806,#7875,#7908,.T.);
#7910=ORIENTED_EDGE('',*,*,#7909,.F.);
#7911=ORIENTED_EDGE('',*,*,#7833,.F.);
#7912=CARTESIAN_POINT('',(9.802521206,5.694365595,2.61));
#7913=DIRECTION('',(-1.,0.,0.));
#7914=VECTOR('',#7913,0.141103752);
#7915=LINE('',#7912,#7914);
#7916=EDGE_CURVE('',#7822,#7883,#7915,.T.);
#7917=ORIENTED_EDGE('',*,*,#7916,.T.);
#7918=ORIENTED_EDGE('',*,*,#7888,.T.);
#7919=EDGE_LOOP('',(#7910,#7911,#7917,#7918));
#7920=FACE_BOUND('',#7919,.T.);
#7921=ADVANCED_FACE('',(#7920),#7904,.T.);
#7922=CARTESIAN_POINT('',(0.,0.,2.61));
#7923=DIRECTION('',(0.,0.,1.));
#7924=DIRECTION('',(1.,0.,0.));
#7925=AXIS2_PLACEMENT_3D('',#7922,#7923,#7924);
#7926=PLANE('',#7925);
#7927=ORIENTED_EDGE('',*,*,#7827,.F.);
#7928=ORIENTED_EDGE('',*,*,#7863,.F.);
#7929=ORIENTED_EDGE('',*,*,#7894,.F.);
#7930=ORIENTED_EDGE('',*,*,#7916,.F.);
#7931=EDGE_LOOP('',(#7927,#7928,#7929,#7930));
#7932=FACE_BOUND('',#7931,.T.);
#7933=ADVANCED_FACE('',(#7932),#7926,.T.);
#7934=CARTESIAN_POINT('',(0.,0.,2.6));
#7935=DIRECTION('',(0.,0.,1.));
#7936=DIRECTION('',(1.,0.,0.));
#7937=AXIS2_PLACEMENT_3D('',#7934,#7935,#7936);
#7938=PLANE('',#7937);
#7939=ORIENTED_EDGE('',*,*,#7811,.T.);
#7940=ORIENTED_EDGE('',*,*,#7909,.T.);
#7941=ORIENTED_EDGE('',*,*,#7880,.T.);
#7942=ORIENTED_EDGE('',*,*,#7849,.T.);
#7943=EDGE_LOOP('',(#7939,#7940,#7941,#7942));
#7944=FACE_BOUND('',#7943,.T.);
#7945=ADVANCED_FACE('',(#7944),#7938,.F.);
#7946=CLOSED_SHELL('',(#7837,#7868,#7899,#7921,#7933,#7945));
#7947=MANIFOLD_SOLID_BREP('Body 23',#7946);
#7797=STYLED_ITEM('',(#3089),#7947);
#7949=CARTESIAN_POINT('',(11.990444735,4.770227708,2.61));
#7950=CARTESIAN_POINT('',(11.990444735,4.770227708,2.6));
#7951=CARTESIAN_POINT('',(12.134502642,4.721602425,2.61));
#7952=CARTESIAN_POINT('',(12.134502642,4.721602425,2.6));
#7953=CARTESIAN_POINT('',(12.245614082,4.649345763,2.61));
#7954=CARTESIAN_POINT('',(12.245614082,4.649345763,2.6));
#7955=CARTESIAN_POINT('',(12.323778123,4.553458653,2.61));
#7956=CARTESIAN_POINT('',(12.323778123,4.553458653,2.6));
#7957=CARTESIAN_POINT('',(12.401942164,4.457571544,2.61));
#7958=CARTESIAN_POINT('',(12.401942164,4.457571544,2.6));
#7959=CARTESIAN_POINT('',(12.441024184,4.336916842,2.61));
#7960=CARTESIAN_POINT('',(12.441024184,4.336916842,2.6));
#7961=CARTESIAN_POINT('',(12.441024184,4.191495478,2.61));
#7962=CARTESIAN_POINT('',(12.441024184,4.191495478,2.6));
#7963=CARTESIAN_POINT('',(12.441024184,4.084247164,2.61));
#7964=CARTESIAN_POINT('',(12.441024184,4.084247164,2.6));
#7965=CARTESIAN_POINT('',(12.41943799,3.990177996,2.61));
#7966=CARTESIAN_POINT('',(12.41943799,3.990177996,2.6));
#7967=CARTESIAN_POINT('',(12.376266532,3.909287043,2.61));
#7968=CARTESIAN_POINT('',(12.376266532,3.909287043,2.6));
#7969=CARTESIAN_POINT('',(12.333094142,3.828396089,2.61));
#7970=CARTESIAN_POINT('',(12.333094142,3.828396089,2.6));
#7971=CARTESIAN_POINT('',(12.270835228,3.761594184,2.61));
#7972=CARTESIAN_POINT('',(12.270835228,3.761594184,2.6));
#7973=CARTESIAN_POINT('',(12.189490721,3.708877601,2.61));
#7974=CARTESIAN_POINT('',(12.189490721,3.708877601,2.6));
#7975=CARTESIAN_POINT('',(12.108145282,3.65616288,2.61));
#7976=CARTESIAN_POINT('',(12.108145282,3.65616288,2.6));
#7977=CARTESIAN_POINT('',(12.009076774,3.614808433,2.61));
#7978=CARTESIAN_POINT('',(12.009076774,3.614808433,2.6));
#7979=CARTESIAN_POINT('',(11.892285198,3.584814258,2.61));
#7980=CARTESIAN_POINT('',(11.892285198,3.584814258,2.6));
#7981=CARTESIAN_POINT('',(11.775493622,3.554821946,2.61));
#7982=CARTESIAN_POINT('',(11.775493622,3.554821946,2.6));
#7983=CARTESIAN_POINT('',(11.618029326,3.53982579,2.61));
#7984=CARTESIAN_POINT('',(11.618029326,3.53982579,2.6));
#7985=CARTESIAN_POINT('',(11.419892311,3.53982579,2.61));
#7986=CARTESIAN_POINT('',(11.419892311,3.53982579,2.6));
#7987=CARTESIAN_POINT('',(11.185400188,3.53982579,2.61));
#7988=CARTESIAN_POINT('',(11.185400188,3.53982579,2.6));
#7989=CARTESIAN_POINT('',(10.996125638,3.563911654,2.61));
#7990=CARTESIAN_POINT('',(10.996125638,3.563911654,2.6));
#7991=CARTESIAN_POINT('',(10.8520668,3.61208152,2.61));
#7992=CARTESIAN_POINT('',(10.8520668,3.61208152,2.6));
#7993=CARTESIAN_POINT('',(10.708008893,3.660253249,2.61));
#7994=CARTESIAN_POINT('',(10.708008893,3.660253249,2.6));
#7995=CARTESIAN_POINT('',(10.59667021,3.732281737,2.61));
#7996=CARTESIAN_POINT('',(10.59667021,3.732281737,2.6));
#7997=CARTESIAN_POINT('',(10.518051684,3.828168847,2.61));
#7998=CARTESIAN_POINT('',(10.518051684,3.828168847,2.6));
#7999=CARTESIAN_POINT('',(10.439433157,3.924055956,2.61));
#8000=CARTESIAN_POINT('',(10.439433157,3.924055956,2.6));
#8001=CARTESIAN_POINT('',(10.400123894,4.045165144,2.61));
#8002=CARTESIAN_POINT('',(10.400123894,4.045165144,2.6));
#8003=CARTESIAN_POINT('',(10.400123894,4.191495478,2.61));
#8004=CARTESIAN_POINT('',(10.400123894,4.191495478,2.6));
#8005=CARTESIAN_POINT('',(10.400123894,4.3841796,2.61));
#8006=CARTESIAN_POINT('',(10.400123894,4.3841796,2.6));
#8007=CARTESIAN_POINT('',(10.469199158,4.535508342,2.61));
#8008=CARTESIAN_POINT('',(10.469199158,4.535508342,2.6));
#8009=CARTESIAN_POINT('',(10.607349686,4.645482637,2.61));
#8010=CARTESIAN_POINT('',(10.607349686,4.645482637,2.6));
#8011=B_SPLINE_SURFACE_WITH_KNOTS('',3,1,((#7949,#7950),(#7951,#7952),(#7953,#7954),(#7955,#7956),(#7957,#7958),(#7959,#7960),(#7961,#7962),(#7963,#7964),(#7965,#7966),(#7967,#7968),(#7969,#7970),(#7971,#7972),(#7973,#7974),(#7975,#7976),(#7977,#7978),(#7979,#7980),(#7981,#7982),(#7983,#7984),(#7985,#7986),(#7987,#7988),(#7989,#7990),(#7991,#7992),(#7993,#7994),(#7995,#7996),(#7997,#7998),(#7999,#8000),
(#8001,#8002),(#8003,#8004),(#8005,#8006),(#8007,#8008),(#8009,#8010)),.UNSPECIFIED.,.F.,.F.,.U.,(4,3,3,3,3,3,3,3,3,3,4),(2,2),(0.,0.09117005,0.182340099,0.249578047,0.316816317,0.384054426,0.451292277,0.530867244,0.610442057,0.690016871,0.794798993),(0.,1.),.UNSPECIFIED.);
#8012=CARTESIAN_POINT('',(11.990444735,4.770227708,2.6));
#8013=VERTEX_POINT('',#8012);
#8014=CARTESIAN_POINT('',(10.607349686,4.645482637,2.6));
#8015=VERTEX_POINT('',#8014);
#8016=CARTESIAN_POINT('',(11.990444735,4.770227708,2.6));
#8017=CARTESIAN_POINT('',(12.134502642,4.721602425,2.6));
#8018=CARTESIAN_POINT('',(12.245614082,4.649345763,2.6));
#8019=CARTESIAN_POINT('',(12.323778123,4.553458653,2.6));
#8020=CARTESIAN_POINT('',(12.401942164,4.457571544,2.6));
#8021=CARTESIAN_POINT('',(12.441024184,4.336916842,2.6));
#8022=CARTESIAN_POINT('',(12.441024184,4.191495478,2.6));
#8023=CARTESIAN_POINT('',(12.441024184,4.084247164,2.6));
#8024=CARTESIAN_POINT('',(12.41943799,3.990177996,2.6));
#8025=CARTESIAN_POINT('',(12.376266532,3.909287043,2.6));
#8026=CARTESIAN_POINT('',(12.333094142,3.828396089,2.6));
#8027=CARTESIAN_POINT('',(12.270835228,3.761594184,2.6));
#8028=CARTESIAN_POINT('',(12.189490721,3.708877601,2.6));
#8029=CARTESIAN_POINT('',(12.108145282,3.65616288,2.6));
#8030=CARTESIAN_POINT('',(12.009076774,3.614808433,2.6));
#8031=CARTESIAN_POINT('',(11.892285198,3.584814258,2.6));
#8032=CARTESIAN_POINT('',(11.775493622,3.554821946,2.6));
#8033=CARTESIAN_POINT('',(11.618029326,3.53982579,2.6));
#8034=CARTESIAN_POINT('',(11.419892311,3.53982579,2.6));
#8035=CARTESIAN_POINT('',(11.185400188,3.53982579,2.6));
#8036=CARTESIAN_POINT('',(10.996125638,3.563911654,2.6));
#8037=CARTESIAN_POINT('',(10.8520668,3.61208152,2.6));
#8038=CARTESIAN_POINT('',(10.708008893,3.660253249,2.6));
#8039=CARTESIAN_POINT('',(10.59667021,3.732281737,2.6));
#8040=CARTESIAN_POINT('',(10.518051684,3.828168847,2.6));
#8041=CARTESIAN_POINT('',(10.439433157,3.924055956,2.6));
#8042=CARTESIAN_POINT('',(10.400123894,4.045165144,2.6));
#8043=CARTESIAN_POINT('',(10.400123894,4.191495478,2.6));
#8044=CARTESIAN_POINT('',(10.400123894,4.3841796,2.6));
#8045=CARTESIAN_POINT('',(10.469199158,4.535508342,2.6));
#8046=CARTESIAN_POINT('',(10.607349686,4.645482637,2.6));
#8047=B_SPLINE_CURVE_WITH_KNOTS('',3,(#8016,#8017,#8018,#8019,#8020,#8021,#8022,#8023,#8024,#8025,#8026,#8027,#8028,#8029,#8030,#8031,#8032,#8033,#8034,#8035,#8036,#8037,#8038,#8039,#8040,#8041,
#8042,#8043,#8044,#8045,#8046),.UNSPECIFIED.,.F.,.F.,(4,3,3,3,3,3,3,3,3,3,4),(0.,0.09117005,0.182340099,0.249578047,0.316816317,0.384054426,0.451292277,0.530867244,0.610442057,0.690016871,0.794798993),.UNSPECIFIED.);
#8048=EDGE_CURVE('',#8013,#8015,#8047,.T.);
#8049=ORIENTED_EDGE('',*,*,#8048,.F.);
#8050=CARTESIAN_POINT('',(11.990444735,4.770227708,2.61));
#8051=VERTEX_POINT('',#8050);
#8052=CARTESIAN_POINT('',(11.990444735,4.770227708,2.61));
#8053=DIRECTION('',(0.,0.,-1.));
#8054=VECTOR('',#8053,0.01);
#8055=LINE('',#8052,#8054);
#8056=EDGE_CURVE('',#8051,#8013,#8055,.T.);
#8057=ORIENTED_EDGE('',*,*,#8056,.F.);
#8058=CARTESIAN_POINT('',(10.607349686,4.645482637,2.61));
#8059=VERTEX_POINT('',#8058);
#8060=CARTESIAN_POINT('',(11.990444735,4.770227708,2.61));
#8061=CARTESIAN_POINT('',(12.134502642,4.721602425,2.61));
#8062=CARTESIAN_POINT('',(12.245614082,4.649345763,2.61));
#8063=CARTESIAN_POINT('',(12.323778123,4.553458653,2.61));
#8064=CARTESIAN_POINT('',(12.401942164,4.457571544,2.61));
#8065=CARTESIAN_POINT('',(12.441024184,4.336916842,2.61));
#8066=CARTESIAN_POINT('',(12.441024184,4.191495478,2.61));
#8067=CARTESIAN_POINT('',(12.441024184,4.084247164,2.61));
#8068=CARTESIAN_POINT('',(12.41943799,3.990177996,2.61));
#8069=CARTESIAN_POINT('',(12.376266532,3.909287043,2.61));
#8070=CARTESIAN_POINT('',(12.333094142,3.828396089,2.61));
#8071=CARTESIAN_POINT('',(12.270835228,3.761594184,2.61));
#8072=CARTESIAN_POINT('',(12.189490721,3.708877601,2.61));
#8073=CARTESIAN_POINT('',(12.108145282,3.65616288,2.61));
#8074=CARTESIAN_POINT('',(12.009076774,3.614808433,2.61));
#8075=CARTESIAN_POINT('',(11.892285198,3.584814258,2.61));
#8076=CARTESIAN_POINT('',(11.775493622,3.554821946,2.61));
#8077=CARTESIAN_POINT('',(11.618029326,3.53982579,2.61));
#8078=CARTESIAN_POINT('',(11.419892311,3.53982579,2.61));
#8079=CARTESIAN_POINT('',(11.185400188,3.53982579,2.61));
#8080=CARTESIAN_POINT('',(10.996125638,3.563911654,2.61));
#8081=CARTESIAN_POINT('',(10.8520668,3.61208152,2.61));
#8082=CARTESIAN_POINT('',(10.708008893,3.660253249,2.61));
#8083=CARTESIAN_POINT('',(10.59667021,3.732281737,2.61));
#8084=CARTESIAN_POINT('',(10.518051684,3.828168847,2.61));
#8085=CARTESIAN_POINT('',(10.439433157,3.924055956,2.61));
#8086=CARTESIAN_POINT('',(10.400123894,4.045165144,2.61));
#8087=CARTESIAN_POINT('',(10.400123894,4.191495478,2.61));
#8088=CARTESIAN_POINT('',(10.400123894,4.3841796,2.61));
#8089=CARTESIAN_POINT('',(10.469199158,4.535508342,2.61));
#8090=CARTESIAN_POINT('',(10.607349686,4.645482637,2.61));
#8091=B_SPLINE_CURVE_WITH_KNOTS('',3,(#8060,#8061,#8062,#8063,#8064,#8065,#8066,#8067,#8068,#8069,#8070,#8071,#8072,#8073,#8074,#8075,#8076,#8077,#8078,#8079,#8080,#8081,#8082,#8083,#8084,#8085,
#8086,#8087,#8088,#8089,#8090),.UNSPECIFIED.,.F.,.F.,(4,3,3,3,3,3,3,3,3,3,4),(0.,0.09117005,0.182340099,0.249578047,0.316816317,0.384054426,0.451292277,0.530867244,0.610442057,0.690016871,0.794798993),.UNSPECIFIED.);
#8092=EDGE_CURVE('',#8051,#8059,#8091,.T.);
#8093=ORIENTED_EDGE('',*,*,#8092,.T.);
#8094=CARTESIAN_POINT('',(10.607349686,4.645482637,2.61));
#8095=DIRECTION('',(0.,0.,-1.));
#8096=VECTOR('',#8095,0.01);
#8097=LINE('',#8094,#8096);
#8098=EDGE_CURVE('',#8059,#8015,#8097,.T.);
#8099=ORIENTED_EDGE('',*,*,#8098,.T.);
#8100=EDGE_LOOP('',(#8049,#8057,#8093,#8099));
#8101=FACE_BOUND('',#8100,.T.);
#8102=ADVANCED_FACE('',(#8101),#8011,.T.);
#8103=CARTESIAN_POINT('',(10.764813982,4.475749098,2.61));
#8104=CARTESIAN_POINT('',(10.764813982,4.475749098,2.6));
#8105=CARTESIAN_POINT('',(10.656202212,4.398948513,2.61));
#8106=CARTESIAN_POINT('',(10.656202212,4.398948513,2.6));
#8107=CARTESIAN_POINT('',(10.601896793,4.304197617,2.61));
#8108=CARTESIAN_POINT('',(10.601896793,4.304197617,2.6));
#8109=CARTESIAN_POINT('',(10.601896793,4.191495478,2.61));
#8110=CARTESIAN_POINT('',(10.601896793,4.191495478,2.6));
#8111=CARTESIAN_POINT('',(10.601896793,4.078794271,2.61));
#8112=CARTESIAN_POINT('',(10.601896793,4.078794271,2.6));
#8113=CARTESIAN_POINT('',(10.656429455,3.984042443,2.61));
#8114=CARTESIAN_POINT('',(10.656429455,3.984042443,2.6));
#8115=CARTESIAN_POINT('',(10.76549571,3.907241859,2.61));
#8116=CARTESIAN_POINT('',(10.76549571,3.907241859,2.6));
#8117=CARTESIAN_POINT('',(10.874561965,3.830441274,2.61));
#8118=CARTESIAN_POINT('',(10.874561965,3.830441274,2.6));
#8119=CARTESIAN_POINT('',(11.092694476,3.792040981,2.61));
#8120=CARTESIAN_POINT('',(11.092694476,3.792040981,2.6));
#8121=CARTESIAN_POINT('',(11.419892311,3.792040981,2.61));
#8122=CARTESIAN_POINT('',(11.419892311,3.792040981,2.6));
#8123=CARTESIAN_POINT('',(11.748909019,3.792040981,2.61));
#8124=CARTESIAN_POINT('',(11.748909019,3.792040981,2.6));
#8125=CARTESIAN_POINT('',(11.967495084,3.830441274,2.61));
#8126=CARTESIAN_POINT('',(11.967495084,3.830441274,2.6));
#8127=CARTESIAN_POINT('',(12.075652368,3.907241859,2.61));
#8128=CARTESIAN_POINT('',(12.075652368,3.907241859,2.6));
#8129=CARTESIAN_POINT('',(12.183809653,3.984042443,2.61));
#8130=CARTESIAN_POINT('',(12.183809653,3.984042443,2.6));
#8131=CARTESIAN_POINT('',(12.237888761,4.079703242,2.61));
#8132=CARTESIAN_POINT('',(12.237888761,4.079703242,2.6));
#8133=CARTESIAN_POINT('',(12.237888761,4.194222391,2.61));
#8134=CARTESIAN_POINT('',(12.237888761,4.194222391,2.6));
#8135=CARTESIAN_POINT('',(12.237888761,4.306924529,2.61));
#8136=CARTESIAN_POINT('',(12.237888761,4.306924529,2.6));
#8137=CARTESIAN_POINT('',(12.190172449,4.396903329,2.61));
#8138=CARTESIAN_POINT('',(12.190172449,4.396903329,2.6));
#8139=CARTESIAN_POINT('',(12.094738893,4.464160651,2.61));
#8140=CARTESIAN_POINT('',(12.094738893,4.464160651,2.6));
#8141=B_SPLINE_SURFACE_WITH_KNOTS('',3,1,((#8103,#8104),(#8105,#8106),(#8107,#8108),(#8109,#8110),(#8111,#8112),(#8113,#8114),(#8115,#8116),(#8117,#8118),(#8119,#8120),(#8121,#8122),(#8123,#8124),(#8125,#8126),(#8127,#8128),(#8129,#8130),(#8131,#8132),(#8133,#8134),(#8135,#8136),(#8137,#8138),(#8139,#8140)),.UNSPECIFIED.,.F.,.F.,.U.,(4,3,3,3,3,3,4),(2,2),(0.,0.117456472,0.234911973,0.352367474,0.470475903,0.588584333,0.704818802),(0.,1.),.UNSPECIFIED.);
#8142=CARTESIAN_POINT('',(10.764813982,4.475749098,2.6));
#8143=VERTEX_POINT('',#8142);
#8144=CARTESIAN_POINT('',(12.094738893,4.464160651,2.6));
#8145=VERTEX_POINT('',#8144);
#8146=CARTESIAN_POINT('',(10.764813982,4.475749098,2.6));
#8147=CARTESIAN_POINT('',(10.656202212,4.398948513,2.6));
#8148=CARTESIAN_POINT('',(10.601896793,4.304197617,2.6));
#8149=CARTESIAN_POINT('',(10.601896793,4.191495478,2.6));
#8150=CARTESIAN_POINT('',(10.601896793,4.078794271,2.6));
#8151=CARTESIAN_POINT('',(10.656429455,3.984042443,2.6));
#8152=CARTESIAN_POINT('',(10.76549571,3.907241859,2.6));
#8153=CARTESIAN_POINT('',(10.874561965,3.830441274,2.6));
#8154=CARTESIAN_POINT('',(11.092694476,3.792040981,2.6));
#8155=CARTESIAN_POINT('',(11.419892311,3.792040981,2.6));
#8156=CARTESIAN_POINT('',(11.748909019,3.792040981,2.6));
#8157=CARTESIAN_POINT('',(11.967495084,3.830441274,2.6));
#8158=CARTESIAN_POINT('',(12.075652368,3.907241859,2.6));
#8159=CARTESIAN_POINT('',(12.183809653,3.984042443,2.6));
#8160=CARTESIAN_POINT('',(12.237888761,4.079703242,2.6));
#8161=CARTESIAN_POINT('',(12.237888761,4.194222391,2.6));
#8162=CARTESIAN_POINT('',(12.237888761,4.306924529,2.6));
#8163=CARTESIAN_POINT('',(12.190172449,4.396903329,2.6));
#8164=CARTESIAN_POINT('',(12.094738893,4.464160651,2.6));
#8165=B_SPLINE_CURVE_WITH_KNOTS('',3,(#8146,#8147,#8148,#8149,#8150,#8151,#8152,#8153,#8154,#8155,#8156,#8157,#8158,#8159,#8160,#8161,#8162,#8163,#8164),.UNSPECIFIED.,.F.,.F.,(4,3,3,3,3,3,4),(0.,0.117456472,0.234911973,0.352367474,0.470475903,0.588584333,0.704818802),.UNSPECIFIED.);
#8166=EDGE_CURVE('',#8143,#8145,#8165,.T.);
#8167=ORIENTED_EDGE('',*,*,#8166,.F.);
#8168=CARTESIAN_POINT('',(10.764813982,4.475749098,2.61));
#8169=VERTEX_POINT('',#8168);
#8170=CARTESIAN_POINT('',(10.764813982,4.475749098,2.61));
#8171=DIRECTION('',(0.,0.,-1.));
#8172=VECTOR('',#8171,0.01);
#8173=LINE('',#8170,#8172);
#8174=EDGE_CURVE('',#8169,#8143,#8173,.T.);
#8175=ORIENTED_EDGE('',*,*,#8174,.F.);
#8176=CARTESIAN_POINT('',(12.094738893,4.464160651,2.61));
#8177=VERTEX_POINT('',#8176);
#8178=CARTESIAN_POINT('',(10.764813982,4.475749098,2.61));
#8179=CARTESIAN_POINT('',(10.656202212,4.398948513,2.61));
#8180=CARTESIAN_POINT('',(10.601896793,4.304197617,2.61));
#8181=CARTESIAN_POINT('',(10.601896793,4.191495478,2.61));
#8182=CARTESIAN_POINT('',(10.601896793,4.078794271,2.61));
#8183=CARTESIAN_POINT('',(10.656429455,3.984042443,2.61));
#8184=CARTESIAN_POINT('',(10.76549571,3.907241859,2.61));
#8185=CARTESIAN_POINT('',(10.874561965,3.830441274,2.61));
#8186=CARTESIAN_POINT('',(11.092694476,3.792040981,2.61));
#8187=CARTESIAN_POINT('',(11.419892311,3.792040981,2.61));
#8188=CARTESIAN_POINT('',(11.748909019,3.792040981,2.61));
#8189=CARTESIAN_POINT('',(11.967495084,3.830441274,2.61));
#8190=CARTESIAN_POINT('',(12.075652368,3.907241859,2.61));
#8191=CARTESIAN_POINT('',(12.183809653,3.984042443,2.61));
#8192=CARTESIAN_POINT('',(12.237888761,4.079703242,2.61));
#8193=CARTESIAN_POINT('',(12.237888761,4.194222391,2.61));
#8194=CARTESIAN_POINT('',(12.237888761,4.306924529,2.61));
#8195=CARTESIAN_POINT('',(12.190172449,4.396903329,2.61));
#8196=CARTESIAN_POINT('',(12.094738893,4.464160651,2.61));
#8197=B_SPLINE_CURVE_WITH_KNOTS('',3,(#8178,#8179,#8180,#8181,#8182,#8183,#8184,#8185,#8186,#8187,#8188,#8189,#8190,#8191,#8192,#8193,#8194,#8195,#8196),.UNSPECIFIED.,.F.,.F.,(4,3,3,3,3,3,4),(0.,0.117456472,0.234911973,0.352367474,0.470475903,0.588584333,0.704818802),.UNSPECIFIED.);
#8198=EDGE_CURVE('',#8169,#8177,#8197,.T.);
#8199=ORIENTED_EDGE('',*,*,#8198,.T.);
#8200=CARTESIAN_POINT('',(12.094738893,4.464160651,2.61));
#8201=DIRECTION('',(0.,0.,-1.));
#8202=VECTOR('',#8201,0.01);
#8203=LINE('',#8200,#8202);
#8204=EDGE_CURVE('',#8177,#8145,#8203,.T.);
#8205=ORIENTED_EDGE('',*,*,#8204,.T.);
#8206=EDGE_LOOP('',(#8167,#8175,#8199,#8205));
#8207=FACE_BOUND('',#8206,.T.);
#8208=ADVANCED_FACE('',(#8207),#8141,.T.);
#8209=CARTESIAN_POINT('',(12.094738893,4.464160651,2.61));
#8210=CARTESIAN_POINT('',(12.094738893,4.464160651,2.6));
#8211=CARTESIAN_POINT('',(11.972948909,4.548687488,2.61));
#8212=CARTESIAN_POINT('',(11.972948909,4.548687488,2.6));
#8213=CARTESIAN_POINT('',(11.748000048,4.590949975,2.61));
#8214=CARTESIAN_POINT('',(11.748000048,4.590949975,2.6));
#8215=CARTESIAN_POINT('',(11.419892311,4.590949975,2.61));
#8216=CARTESIAN_POINT('',(11.419892311,4.590949975,2.6));
#8217=CARTESIAN_POINT('',(11.091785505,4.590949975,2.61));
#8218=CARTESIAN_POINT('',(11.091785505,4.590949975,2.6));
#8219=CARTESIAN_POINT('',(10.873425752,4.552549683,2.61));
#8220=CARTESIAN_POINT('',(10.873425752,4.552549683,2.6));
#8221=CARTESIAN_POINT('',(10.764813982,4.475749098,2.61));
#8222=CARTESIAN_POINT('',(10.764813982,4.475749098,2.6));
#8223=B_SPLINE_SURFACE_WITH_KNOTS('',3,1,((#8209,#8210),(#8211,#8212),(#8213,#8214),(#8215,#8216),(#8217,#8218),(#8219,#8220),(#8221,#8222)),.UNSPECIFIED.,.F.,.F.,.U.,(4,3,4),(2,2),(0.704818802,0.852409611,1.),(0.,1.),.UNSPECIFIED.);
#8224=CARTESIAN_POINT('',(12.094738893,4.464160651,2.6));
#8225=CARTESIAN_POINT('',(11.972948909,4.548687488,2.6));
#8226=CARTESIAN_POINT('',(11.748000048,4.590949975,2.6));
#8227=CARTESIAN_POINT('',(11.419892311,4.590949975,2.6));
#8228=CARTESIAN_POINT('',(11.091785505,4.590949975,2.6));
#8229=CARTESIAN_POINT('',(10.873425752,4.552549683,2.6));
#8230=CARTESIAN_POINT('',(10.764813982,4.475749098,2.6));
#8231=B_SPLINE_CURVE_WITH_KNOTS('',3,(#8224,#8225,#8226,#8227,#8228,#8229,#8230),.UNSPECIFIED.,.F.,.F.,(4,3,4),(0.704818802,0.852409611,1.),.UNSPECIFIED.);
#8232=EDGE_CURVE('',#8145,#8143,#8231,.T.);
#8233=ORIENTED_EDGE('',*,*,#8232,.F.);
#8234=ORIENTED_EDGE('',*,*,#8204,.F.);
#8235=CARTESIAN_POINT('',(12.094738893,4.464160651,2.61));
#8236=CARTESIAN_POINT('',(11.972948909,4.548687488,2.61));
#8237=CARTESIAN_POINT('',(11.748000048,4.590949975,2.61));
#8238=CARTESIAN_POINT('',(11.419892311,4.590949975,2.61));
#8239=CARTESIAN_POINT('',(11.091785505,4.590949975,2.61));
#8240=CARTESIAN_POINT('',(10.873425752,4.552549683,2.61));
#8241=CARTESIAN_POINT('',(10.764813982,4.475749098,2.61));
#8242=B_SPLINE_CURVE_WITH_KNOTS('',3,(#8235,#8236,#8237,#8238,#8239,#8240,#8241),.UNSPECIFIED.,.F.,.F.,(4,3,4),(0.704818802,0.852409611,1.),.UNSPECIFIED.);
#8243=EDGE_CURVE('',#8177,#8169,#8242,.T.);
#8244=ORIENTED_EDGE('',*,*,#8243,.T.);
#8245=ORIENTED_EDGE('',*,*,#8174,.T.);
#8246=EDGE_LOOP('',(#8233,#8234,#8244,#8245));
#8247=FACE_BOUND('',#8246,.T.);
#8248=ADVANCED_FACE('',(#8247),#8223,.T.);
#8249=CARTESIAN_POINT('',(10.607349686,4.645482637,2.61));
#8250=CARTESIAN_POINT('',(10.607349686,4.645482637,2.6));
#8251=CARTESIAN_POINT('',(10.773675516,4.777272232,2.61));
#8252=CARTESIAN_POINT('',(10.773675516,4.777272232,2.6));
#8253=CARTESIAN_POINT('',(11.044523679,4.843165167,2.61));
#8254=CARTESIAN_POINT('',(11.044523679,4.843165167,2.6));
#8255=CARTESIAN_POINT('',(11.419892311,4.843165167,2.61));
#8256=CARTESIAN_POINT('',(11.419892311,4.843165167,2.6));
#8257=CARTESIAN_POINT('',(11.656202376,4.843165167,2.61));
#8258=CARTESIAN_POINT('',(11.656202376,4.843165167,2.6));
#8259=CARTESIAN_POINT('',(11.846386828,4.818852991,2.61));
#8260=CARTESIAN_POINT('',(11.846386828,4.818852991,2.6));
#8261=CARTESIAN_POINT('',(11.990444735,4.770227708,2.61));
#8262=CARTESIAN_POINT('',(11.990444735,4.770227708,2.6));
#8263=B_SPLINE_SURFACE_WITH_KNOTS('',3,1,((#8249,#8250),(#8251,#8252),(#8253,#8254),(#8255,#8256),(#8257,#8258),(#8259,#8260),(#8261,#8262)),.UNSPECIFIED.,.F.,.F.,.U.,(4,3,4),(2,2),(0.794798993,0.920724617,1.),(0.,1.),.UNSPECIFIED.);
#8264=CARTESIAN_POINT('',(10.607349686,4.645482637,2.6));
#8265=CARTESIAN_POINT('',(10.773675516,4.777272232,2.6));
#8266=CARTESIAN_POINT('',(11.044523679,4.843165167,2.6));
#8267=CARTESIAN_POINT('',(11.419892311,4.843165167,2.6));
#8268=CARTESIAN_POINT('',(11.656202376,4.843165167,2.6));
#8269=CARTESIAN_POINT('',(11.846386828,4.818852991,2.6));
#8270=CARTESIAN_POINT('',(11.990444735,4.770227708,2.6));
#8271=B_SPLINE_CURVE_WITH_KNOTS('',3,(#8264,#8265,#8266,#8267,#8268,#8269,#8270),.UNSPECIFIED.,.F.,.F.,(4,3,4),(0.794798993,0.920724617,1.),.UNSPECIFIED.);
#8272=EDGE_CURVE('',#8015,#8013,#8271,.T.);
#8273=ORIENTED_EDGE('',*,*,#8272,.F.);
#8274=ORIENTED_EDGE('',*,*,#8098,.F.);
#8275=CARTESIAN_POINT('',(10.607349686,4.645482637,2.61));
#8276=CARTESIAN_POINT('',(10.773675516,4.777272232,2.61));
#8277=CARTESIAN_POINT('',(11.044523679,4.843165167,2.61));
#8278=CARTESIAN_POINT('',(11.419892311,4.843165167,2.61));
#8279=CARTESIAN_POINT('',(11.656202376,4.843165167,2.61));
#8280=CARTESIAN_POINT('',(11.846386828,4.818852991,2.61));
#8281=CARTESIAN_POINT('',(11.990444735,4.770227708,2.61));
#8282=B_SPLINE_CURVE_WITH_KNOTS('',3,(#8275,#8276,#8277,#8278,#8279,#8280,#8281),.UNSPECIFIED.,.F.,.F.,(4,3,4),(0.794798993,0.920724617,1.),.UNSPECIFIED.);
#8283=EDGE_CURVE('',#8059,#8051,#8282,.T.);
#8284=ORIENTED_EDGE('',*,*,#8283,.T.);
#8285=ORIENTED_EDGE('',*,*,#8056,.T.);
#8286=EDGE_LOOP('',(#8273,#8274,#8284,#8285));
#8287=FACE_BOUND('',#8286,.T.);
#8288=ADVANCED_FACE('',(#8287),#8263,.T.);
#8289=CARTESIAN_POINT('',(0.,0.,2.61));
#8290=DIRECTION('',(0.,0.,1.));
#8291=DIRECTION('',(1.,0.,0.));
#8292=AXIS2_PLACEMENT_3D('',#8289,#8290,#8291);
#8293=PLANE('',#8292);
#8294=ORIENTED_EDGE('',*,*,#8198,.F.);
#8295=ORIENTED_EDGE('',*,*,#8243,.F.);
#8296=EDGE_LOOP('',(#8294,#8295));
#8297=FACE_BOUND('',#8296,.T.);
#8298=ORIENTED_EDGE('',*,*,#8092,.F.);
#8299=ORIENTED_EDGE('',*,*,#8283,.F.);
#8300=EDGE_LOOP('',(#8298,#8299));
#8301=FACE_BOUND('',#8300,.T.);
#8302=ADVANCED_FACE('',(#8297,#8301),#8293,.T.);
#8303=CARTESIAN_POINT('',(0.,0.,2.6));
#8304=DIRECTION('',(0.,0.,1.));
#8305=DIRECTION('',(1.,0.,0.));
#8306=AXIS2_PLACEMENT_3D('',#8303,#8304,#8305);
#8307=PLANE('',#8306);
#8308=ORIENTED_EDGE('',*,*,#8166,.T.);
#8309=ORIENTED_EDGE('',*,*,#8232,.T.);
#8310=EDGE_LOOP('',(#8308,#8309));
#8311=FACE_BOUND('',#8310,.T.);
#8312=ORIENTED_EDGE('',*,*,#8048,.T.);
#8313=ORIENTED_EDGE('',*,*,#8272,.T.);
#8314=EDGE_LOOP('',(#8312,#8313));
#8315=FACE_BOUND('',#8314,.T.);
#8316=ADVANCED_FACE('',(#8311,#8315),#8307,.F.);
#8317=CLOSED_SHELL('',(#8102,#8208,#8248,#8288,#8302,#8316));
#8318=MANIFOLD_SOLID_BREP('Body 40',#8317);
#7948=STYLED_ITEM('',(#3089),#8318);
#8320=CARTESIAN_POINT('',(11.280832812,5.423261318,2.61));
#8321=DIRECTION('',(1.,0.,0.));
#8322=DIRECTION('',(0.,0.,-1.));
#8323=AXIS2_PLACEMENT_3D('',#8320,#8321,#8322);
#8324=PLANE('',#8323);
#8325=CARTESIAN_POINT('',(11.280832812,5.800221115,2.6));
#8326=VERTEX_POINT('',#8325);
#8327=CARTESIAN_POINT('',(11.280832812,5.046301521,2.6));
#8328=VERTEX_POINT('',#8327);
#8329=CARTESIAN_POINT('',(11.280832812,5.800221115,2.6));
#8330=DIRECTION('',(0.,-1.,0.));
#8331=VECTOR('',#8330,0.753919594);
#8332=LINE('',#8329,#8331);
#8333=EDGE_CURVE('',#8326,#8328,#8332,.T.);
#8334=ORIENTED_EDGE('',*,*,#8333,.F.);
#8335=CARTESIAN_POINT('',(11.280832812,5.800221115,2.61));
#8336=VERTEX_POINT('',#8335);
#8337=CARTESIAN_POINT('',(11.280832812,5.800221115,2.61));
#8338=DIRECTION('',(0.,0.,-1.));
#8339=VECTOR('',#8338,0.01);
#8340=LINE('',#8337,#8339);
#8341=EDGE_CURVE('',#8336,#8326,#8340,.T.);
#8342=ORIENTED_EDGE('',*,*,#8341,.F.);
#8343=CARTESIAN_POINT('',(11.280832812,5.046301521,2.61));
#8344=VERTEX_POINT('',#8343);
#8345=CARTESIAN_POINT('',(11.280832812,5.800221115,2.61));
#8346=DIRECTION('',(0.,-1.,0.));
#8347=VECTOR('',#8346,0.753919594);
#8348=LINE('',#8345,#8347);
#8349=EDGE_CURVE('',#8336,#8344,#8348,.T.);
#8350=ORIENTED_EDGE('',*,*,#8349,.T.);
#8351=CARTESIAN_POINT('',(11.280832812,5.046301521,2.61));
#8352=DIRECTION('',(0.,0.,-1.));
#8353=VECTOR('',#8352,0.01);
#8354=LINE('',#8351,#8353);
#8355=EDGE_CURVE('',#8344,#8328,#8354,.T.);
#8356=ORIENTED_EDGE('',*,*,#8355,.T.);
#8357=EDGE_LOOP('',(#8334,#8342,#8350,#8356));
#8358=FACE_BOUND('',#8357,.T.);
#8359=ADVANCED_FACE('',(#8358),#8324,.T.);
#8360=CARTESIAN_POINT('',(11.157452129,5.800221115,2.61));
#8361=DIRECTION('',(0.,1.,0.));
#8362=DIRECTION('',(0.,0.,1.));
#8363=AXIS2_PLACEMENT_3D('',#8360,#8361,#8362);
#8364=PLANE('',#8363);
#8365=CARTESIAN_POINT('',(11.034071445,5.800221115,2.6));
#8366=VERTEX_POINT('',#8365);
#8367=CARTESIAN_POINT('',(11.034071445,5.800221115,2.6));
#8368=DIRECTION('',(1.,0.,-0.));
#8369=VECTOR('',#8368,0.246761367);
#8370=LINE('',#8367,#8369);
#8371=EDGE_CURVE('',#8366,#8326,#8370,.T.);
#8372=ORIENTED_EDGE('',*,*,#8371,.F.);
#8373=CARTESIAN_POINT('',(11.034071445,5.800221115,2.61));
#8374=VERTEX_POINT('',#8373);
#8375=CARTESIAN_POINT('',(11.034071445,5.800221115,2.61));
#8376=DIRECTION('',(0.,0.,-1.));
#8377=VECTOR('',#8376,0.01);
#8378=LINE('',#8375,#8377);
#8379=EDGE_CURVE('',#8374,#8366,#8378,.T.);
#8380=ORIENTED_EDGE('',*,*,#8379,.F.);
#8381=CARTESIAN_POINT('',(11.034071445,5.800221115,2.61));
#8382=DIRECTION('',(1.,0.,-0.));
#8383=VECTOR('',#8382,0.246761367);
#8384=LINE('',#8381,#8383);
#8385=EDGE_CURVE('',#8374,#8336,#8384,.T.);
#8386=ORIENTED_EDGE('',*,*,#8385,.T.);
#8387=ORIENTED_EDGE('',*,*,#8341,.T.);
#8388=EDGE_LOOP('',(#8372,#8380,#8386,#8387));
#8389=FACE_BOUND('',#8388,.T.);
#8390=ADVANCED_FACE('',(#8389),#8364,.T.);
#8391=CARTESIAN_POINT('',(11.034071445,5.423261318,2.61));
#8392=DIRECTION('',(-1.,0.,0.));
#8393=DIRECTION('',(0.,0.,1.));
#8394=AXIS2_PLACEMENT_3D('',#8391,#8392,#8393);
#8395=PLANE('',#8394);
#8396=CARTESIAN_POINT('',(11.034071445,5.046301521,2.6));
#8397=VERTEX_POINT('',#8396);
#8398=CARTESIAN_POINT('',(11.034071445,5.046301521,2.6));
#8399=DIRECTION('',(0.,1.,0.));
#8400=VECTOR('',#8399,0.753919594);
#8401=LINE('',#8398,#8400);
#8402=EDGE_CURVE('',#8397,#8366,#8401,.T.);
#8403=ORIENTED_EDGE('',*,*,#8402,.F.);
#8404=CARTESIAN_POINT('',(11.034071445,5.046301521,2.61));
#8405=VERTEX_POINT('',#8404);
#8406=CARTESIAN_POINT('',(11.034071445,5.046301521,2.61));
#8407=DIRECTION('',(0.,0.,-1.));
#8408=VECTOR('',#8407,0.01);
#8409=LINE('',#8406,#8408);
#8410=EDGE_CURVE('',#8405,#8397,#8409,.T.);
#8411=ORIENTED_EDGE('',*,*,#8410,.F.);
#8412=CARTESIAN_POINT('',(11.034071445,5.046301521,2.61));
#8413=DIRECTION('',(0.,1.,0.));
#8414=VECTOR('',#8413,0.753919594);
#8415=LINE('',#8412,#8414);
#8416=EDGE_CURVE('',#8405,#8374,#8415,.T.);
#8417=ORIENTED_EDGE('',*,*,#8416,.T.);
#8418=ORIENTED_EDGE('',*,*,#8379,.T.);
#8419=EDGE_LOOP('',(#8403,#8411,#8417,#8418));
#8420=FACE_BOUND('',#8419,.T.);
#8421=ADVANCED_FACE('',(#8420),#8395,.T.);
#8422=CARTESIAN_POINT('',(11.157452129,5.046301521,2.61));
#8423=DIRECTION('',(0.,-1.,0.));
#8424=DIRECTION('',(0.,0.,-1.));
#8425=AXIS2_PLACEMENT_3D('',#8422,#8423,#8424);
#8426=PLANE('',#8425);
#8427=CARTESIAN_POINT('',(11.280832812,5.046301521,2.6));
#8428=DIRECTION('',(-1.,0.,0.));
#8429=VECTOR('',#8428,0.246761367);
#8430=LINE('',#8427,#8429);
#8431=EDGE_CURVE('',#8328,#8397,#8430,.T.);
#8432=ORIENTED_EDGE('',*,*,#8431,.F.);
#8433=ORIENTED_EDGE('',*,*,#8355,.F.);
#8434=CARTESIAN_POINT('',(11.280832812,5.046301521,2.61));
#8435=DIRECTION('',(-1.,0.,0.));
#8436=VECTOR('',#8435,0.246761367);
#8437=LINE('',#8434,#8436);
#8438=EDGE_CURVE('',#8344,#8405,#8437,.T.);
#8439=ORIENTED_EDGE('',*,*,#8438,.T.);
#8440=ORIENTED_EDGE('',*,*,#8410,.T.);
#8441=EDGE_LOOP('',(#8432,#8433,#8439,#8440));
#8442=FACE_BOUND('',#8441,.T.);
#8443=ADVANCED_FACE('',(#8442),#8426,.T.);
#8444=CARTESIAN_POINT('',(0.,0.,2.61));
#8445=DIRECTION('',(0.,0.,1.));
#8446=DIRECTION('',(1.,0.,0.));
#8447=AXIS2_PLACEMENT_3D('',#8444,#8445,#8446);
#8448=PLANE('',#8447);
#8449=ORIENTED_EDGE('',*,*,#8349,.F.);
#8450=ORIENTED_EDGE('',*,*,#8385,.F.);
#8451=ORIENTED_EDGE('',*,*,#8416,.F.);
#8452=ORIENTED_EDGE('',*,*,#8438,.F.);
#8453=EDGE_LOOP('',(#8449,#8450,#8451,#8452));
#8454=FACE_BOUND('',#8453,.T.);
#8455=ADVANCED_FACE('',(#8454),#8448,.T.);
#8456=CARTESIAN_POINT('',(0.,0.,2.6));
#8457=DIRECTION('',(0.,0.,1.));
#8458=DIRECTION('',(1.,0.,0.));
#8459=AXIS2_PLACEMENT_3D('',#8456,#8457,#8458);
#8460=PLANE('',#8459);
#8461=ORIENTED_EDGE('',*,*,#8333,.T.);
#8462=ORIENTED_EDGE('',*,*,#8431,.T.);
#8463=ORIENTED_EDGE('',*,*,#8402,.T.);
#8464=ORIENTED_EDGE('',*,*,#8371,.T.);
#8465=EDGE_LOOP('',(#8461,#8462,#8463,#8464));
#8466=FACE_BOUND('',#8465,.T.);
#8467=ADVANCED_FACE('',(#8466),#8460,.F.);
#8468=CLOSED_SHELL('',(#8359,#8390,#8421,#8443,#8455,#8467));
#8469=MANIFOLD_SOLID_BREP('Body 22',#8468);
#8319=STYLED_ITEM('',(#3089),#8469);
#8471=CARTESIAN_POINT('',(9.133809712,3.677323926,2.61));
#8472=DIRECTION('',(-1.,0.,0.));
#8473=DIRECTION('',(0.,0.,1.));
#8474=AXIS2_PLACEMENT_3D('',#8471,#8472,#8473);
#8475=PLANE('',#8474);
#8476=CARTESIAN_POINT('',(9.133809712,3.407384735,2.6));
#8477=VERTEX_POINT('',#8476);
#8478=CARTESIAN_POINT('',(9.133809712,3.947263118,2.6));
#8479=VERTEX_POINT('',#8478);
#8480=CARTESIAN_POINT('',(9.133809712,3.407384735,2.6));
#8481=DIRECTION('',(0.,1.,0.));
#8482=VECTOR('',#8481,0.539878383);
#8483=LINE('',#8480,#8482);
#8484=EDGE_CURVE('',#8477,#8479,#8483,.T.);
#8485=ORIENTED_EDGE('',*,*,#8484,.F.);
#8486=CARTESIAN_POINT('',(9.133809712,3.407384735,2.61));
#8487=VERTEX_POINT('',#8486);
#8488=CARTESIAN_POINT('',(9.133809712,3.407384735,2.61));
#8489=DIRECTION('',(0.,0.,-1.));
#8490=VECTOR('',#8489,0.01);
#8491=LINE('',#8488,#8490);
#8492=EDGE_CURVE('',#8487,#8477,#8491,.T.);
#8493=ORIENTED_EDGE('',*,*,#8492,.F.);
#8494=CARTESIAN_POINT('',(9.133809712,3.947263118,2.61));
#8495=VERTEX_POINT('',#8494);
#8496=CARTESIAN_POINT('',(9.133809712,3.407384735,2.61));
#8497=DIRECTION('',(0.,1.,0.));
#8498=VECTOR('',#8497,0.539878383);
#8499=LINE('',#8496,#8498);
#8500=EDGE_CURVE('',#8487,#8495,#8499,.T.);
#8501=ORIENTED_EDGE('',*,*,#8500,.T.);
#8502=CARTESIAN_POINT('',(9.133809712,3.947263118,2.61));
#8503=DIRECTION('',(0.,0.,-1.));
#8504=VECTOR('',#8503,0.01);
#8505=LINE('',#8502,#8504);
#8506=EDGE_CURVE('',#8495,#8479,#8505,.T.);
#8507=ORIENTED_EDGE('',*,*,#8506,.T.);
#8508=EDGE_LOOP('',(#8485,#8493,#8501,#8507));
#8509=FACE_BOUND('',#8508,.T.);
#8510=ADVANCED_FACE('',(#8509),#8475,.T.);
#8511=CARTESIAN_POINT('',(9.020654019,3.410793375,2.61));
#8512=CARTESIAN_POINT('',(9.020654019,3.410793375,2.6));
#8513=CARTESIAN_POINT('',(8.946579881,3.430788871,2.61));
#8514=CARTESIAN_POINT('',(8.946579881,3.430788871,2.6));
#8515=CARTESIAN_POINT('',(8.889092598,3.467825707,2.61));
#8516=CARTESIAN_POINT('',(8.889092598,3.467825707,2.6));
#8517=CARTESIAN_POINT('',(8.848193102,3.521903884,2.61));
#8518=CARTESIAN_POINT('',(8.848193102,3.521903884,2.6));
#8519=CARTESIAN_POINT('',(8.807293139,3.575983923,2.61));
#8520=CARTESIAN_POINT('',(8.807293139,3.575983923,2.6));
#8521=CARTESIAN_POINT('',(8.786843158,3.645058256,2.61));
#8522=CARTESIAN_POINT('',(8.786843158,3.645058256,2.6));
#8523=CARTESIAN_POINT('',(8.786843158,3.729130607,2.61));
#8524=CARTESIAN_POINT('',(8.786843158,3.729130607,2.6));
#8525=CARTESIAN_POINT('',(8.786843158,3.835015465,2.61));
#8526=CARTESIAN_POINT('',(8.786843158,3.835015465,2.6));
#8527=CARTESIAN_POINT('',(8.819449693,3.918973263,2.61));
#8528=CARTESIAN_POINT('',(8.819449693,3.918973263,2.6));
#8529=CARTESIAN_POINT('',(8.884661831,3.981004935,2.61));
#8530=CARTESIAN_POINT('',(8.884661831,3.981004935,2.6));
#8531=CARTESIAN_POINT('',(8.949874435,4.043036606,2.61));
#8532=CARTESIAN_POINT('',(8.949874435,4.043036606,2.6));
#8533=CARTESIAN_POINT('',(9.041330777,4.074051511,2.61));
#8534=CARTESIAN_POINT('',(9.041330777,4.074051511,2.6));
#8535=CARTESIAN_POINT('',(9.159031324,4.074051511,2.61));
#8536=CARTESIAN_POINT('',(9.159031324,4.074051511,2.6));
#8537=CARTESIAN_POINT('',(9.28082224,4.074051511,2.61));
#8538=CARTESIAN_POINT('',(9.28082224,4.074051511,2.6));
#8539=CARTESIAN_POINT('',(9.375345893,4.042695742,2.61));
#8540=CARTESIAN_POINT('',(9.375345893,4.042695742,2.6));
#8541=CARTESIAN_POINT('',(9.442603216,3.979982343,2.61));
#8542=CARTESIAN_POINT('',(9.442603216,3.979982343,2.6));
#8543=CARTESIAN_POINT('',(9.509860538,3.917268943,2.61));
#8544=CARTESIAN_POINT('',(9.509860538,3.917268943,2.6));
#8545=CARTESIAN_POINT('',(9.543489665,3.835924435,2.61));
#8546=CARTESIAN_POINT('',(9.543489665,3.835924435,2.6));
#8547=CARTESIAN_POINT('',(9.543489665,3.735946957,2.61));
#8548=CARTESIAN_POINT('',(9.543489665,3.735946957,2.6));
#8549=CARTESIAN_POINT('',(9.543489665,3.639149945,2.61));
#8550=CARTESIAN_POINT('',(9.543489665,3.639149945,2.6));
#8551=CARTESIAN_POINT('',(9.510542266,3.560077865,2.61));
#8552=CARTESIAN_POINT('',(9.510542266,3.560077865,2.6));
#8553=CARTESIAN_POINT('',(9.4446484,3.498727921,2.61));
#8554=CARTESIAN_POINT('',(9.4446484,3.498727921,2.6));
#8555=CARTESIAN_POINT('',(9.378754534,3.437378909,2.61));
#8556=CARTESIAN_POINT('',(9.378754534,3.437378909,2.6));
#8557=CARTESIAN_POINT('',(9.286047891,3.406703006,2.61));
#8558=CARTESIAN_POINT('',(9.286047891,3.406703006,2.6));
#8559=CARTESIAN_POINT('',(9.166529868,3.406703006,2.61));
#8560=CARTESIAN_POINT('',(9.166529868,3.406703006,2.6));
#8561=CARTESIAN_POINT('',(9.159258567,3.406703006,2.61));
#8562=CARTESIAN_POINT('',(9.159258567,3.406703006,2.6));
#8563=CARTESIAN_POINT('',(9.148351848,3.406931181,2.61));
#8564=CARTESIAN_POINT('',(9.148351848,3.406931181,2.6));
#8565=CARTESIAN_POINT('',(9.133809712,3.407384735,2.61));
#8566=CARTESIAN_POINT('',(9.133809712,3.407384735,2.6));
#8567=B_SPLINE_SURFACE_WITH_KNOTS('',3,1,((#8511,#8512),(#8513,#8514),(#8515,#8516),(#8517,#8518),(#8519,#8520),(#8521,#8522),(#8523,#8524),(#8525,#8526),(#8527,#8528),(#8529,#8530),(#8531,#8532),(#8533,#8534),(#8535,#8536),(#8537,#8538),(#8539,#8540),(#8541,#8542),(#8543,#8544),(#8545,#8546),(#8547,#8548),(#8549,#8550),(#8551,#8552),(#8553,#8554),(#8555,#8556),(#8557,#8558),(#8559,#8560),(#8561,#8562),
(#8563,#8564),(#8565,#8566)),.UNSPECIFIED.,.F.,.F.,.U.,(4,3,3,3,3,3,3,3,3,4),(2,2),(0.,0.102818663,0.205640004,0.335138262,0.464637006,0.598636133,0.73263526,0.86237163,0.992107085,1.),(0.,1.),.UNSPECIFIED.);
#8568=CARTESIAN_POINT('',(9.020654019,3.410793375,2.6));
#8569=VERTEX_POINT('',#8568);
#8570=CARTESIAN_POINT('',(9.020654019,3.410793375,2.6));
#8571=CARTESIAN_POINT('',(8.946579881,3.430788871,2.6));
#8572=CARTESIAN_POINT('',(8.889092598,3.467825707,2.6));
#8573=CARTESIAN_POINT('',(8.848193102,3.521903884,2.6));
#8574=CARTESIAN_POINT('',(8.807293139,3.575983923,2.6));
#8575=CARTESIAN_POINT('',(8.786843158,3.645058256,2.6));
#8576=CARTESIAN_POINT('',(8.786843158,3.729130607,2.6));
#8577=CARTESIAN_POINT('',(8.786843158,3.835015465,2.6));
#8578=CARTESIAN_POINT('',(8.819449693,3.918973263,2.6));
#8579=CARTESIAN_POINT('',(8.884661831,3.981004935,2.6));
#8580=CARTESIAN_POINT('',(8.949874435,4.043036606,2.6));
#8581=CARTESIAN_POINT('',(9.041330777,4.074051511,2.6));
#8582=CARTESIAN_POINT('',(9.159031324,4.074051511,2.6));
#8583=CARTESIAN_POINT('',(9.28082224,4.074051511,2.6));
#8584=CARTESIAN_POINT('',(9.375345893,4.042695742,2.6));
#8585=CARTESIAN_POINT('',(9.442603216,3.979982343,2.6));
#8586=CARTESIAN_POINT('',(9.509860538,3.917268943,2.6));
#8587=CARTESIAN_POINT('',(9.543489665,3.835924435,2.6));
#8588=CARTESIAN_POINT('',(9.543489665,3.735946957,2.6));
#8589=CARTESIAN_POINT('',(9.543489665,3.639149945,2.6));
#8590=CARTESIAN_POINT('',(9.510542266,3.560077865,2.6));
#8591=CARTESIAN_POINT('',(9.4446484,3.498727921,2.6));
#8592=CARTESIAN_POINT('',(9.378754534,3.437378909,2.6));
#8593=CARTESIAN_POINT('',(9.286047891,3.406703006,2.6));
#8594=CARTESIAN_POINT('',(9.166529868,3.406703006,2.6));
#8595=CARTESIAN_POINT('',(9.159258567,3.406703006,2.6));
#8596=CARTESIAN_POINT('',(9.148351848,3.406931181,2.6));
#8597=CARTESIAN_POINT('',(9.133809712,3.407384735,2.6));
#8598=B_SPLINE_CURVE_WITH_KNOTS('',3,(#8570,#8571,#8572,#8573,#8574,#8575,#8576,#8577,#8578,#8579,#8580,#8581,#8582,#8583,#8584,#8585,#8586,#8587,#8588,#8589,#8590,#8591,#8592,#8593,#8594,#8595,
#8596,#8597),.UNSPECIFIED.,.F.,.F.,(4,3,3,3,3,3,3,3,3,4),(0.,0.102818663,0.205640004,0.335138262,0.464637006,0.598636133,0.73263526,0.86237163,0.992107085,1.),.UNSPECIFIED.);
#8599=EDGE_CURVE('',#8569,#8477,#8598,.T.);
#8600=ORIENTED_EDGE('',*,*,#8599,.F.);
#8601=CARTESIAN_POINT('',(9.020654019,3.410793375,2.61));
#8602=VERTEX_POINT('',#8601);
#8603=CARTESIAN_POINT('',(9.020654019,3.410793375,2.61));
#8604=DIRECTION('',(0.,0.,-1.));
#8605=VECTOR('',#8604,0.01);
#8606=LINE('',#8603,#8605);
#8607=EDGE_CURVE('',#8602,#8569,#8606,.T.);
#8608=ORIENTED_EDGE('',*,*,#8607,.F.);
#8609=CARTESIAN_POINT('',(9.020654019,3.410793375,2.61));
#8610=CARTESIAN_POINT('',(8.946579881,3.430788871,2.61));
#8611=CARTESIAN_POINT('',(8.889092598,3.467825707,2.61));
#8612=CARTESIAN_POINT('',(8.848193102,3.521903884,2.61));
#8613=CARTESIAN_POINT('',(8.807293139,3.575983923,2.61));
#8614=CARTESIAN_POINT('',(8.786843158,3.645058256,2.61));
#8615=CARTESIAN_POINT('',(8.786843158,3.729130607,2.61));
#8616=CARTESIAN_POINT('',(8.786843158,3.835015465,2.61));
#8617=CARTESIAN_POINT('',(8.819449693,3.918973263,2.61));
#8618=CARTESIAN_POINT('',(8.884661831,3.981004935,2.61));
#8619=CARTESIAN_POINT('',(8.949874435,4.043036606,2.61));
#8620=CARTESIAN_POINT('',(9.041330777,4.074051511,2.61));
#8621=CARTESIAN_POINT('',(9.159031324,4.074051511,2.61));
#8622=CARTESIAN_POINT('',(9.28082224,4.074051511,2.61));
#8623=CARTESIAN_POINT('',(9.375345893,4.042695742,2.61));
#8624=CARTESIAN_POINT('',(9.442603216,3.979982343,2.61));
#8625=CARTESIAN_POINT('',(9.509860538,3.917268943,2.61));
#8626=CARTESIAN_POINT('',(9.543489665,3.835924435,2.61));
#8627=CARTESIAN_POINT('',(9.543489665,3.735946957,2.61));
#8628=CARTESIAN_POINT('',(9.543489665,3.639149945,2.61));
#8629=CARTESIAN_POINT('',(9.510542266,3.560077865,2.61));
#8630=CARTESIAN_POINT('',(9.4446484,3.498727921,2.61));
#8631=CARTESIAN_POINT('',(9.378754534,3.437378909,2.61));
#8632=CARTESIAN_POINT('',(9.286047891,3.406703006,2.61));
#8633=CARTESIAN_POINT('',(9.166529868,3.406703006,2.61));
#8634=CARTESIAN_POINT('',(9.159258567,3.406703006,2.61));
#8635=CARTESIAN_POINT('',(9.148351848,3.406931181,2.61));
#8636=CARTESIAN_POINT('',(9.133809712,3.407384735,2.61));
#8637=B_SPLINE_CURVE_WITH_KNOTS('',3,(#8609,#8610,#8611,#8612,#8613,#8614,#8615,#8616,#8617,#8618,#8619,#8620,#8621,#8622,#8623,#8624,#8625,#8626,#8627,#8628,#8629,#8630,#8631,#8632,#8633,#8634,
#8635,#8636),.UNSPECIFIED.,.F.,.F.,(4,3,3,3,3,3,3,3,3,4),(0.,0.102818663,0.205640004,0.335138262,0.464637006,0.598636133,0.73263526,0.86237163,0.992107085,1.),.UNSPECIFIED.);
#8638=EDGE_CURVE('',#8602,#8487,#8637,.T.);
#8639=ORIENTED_EDGE('',*,*,#8638,.T.);
#8640=ORIENTED_EDGE('',*,*,#8492,.T.);
#8641=EDGE_LOOP('',(#8600,#8608,#8639,#8640));
#8642=FACE_BOUND('',#8641,.T.);
#8643=ADVANCED_FACE('',(#8642),#8567,.T.);
#8644=CARTESIAN_POINT('',(9.028492961,3.474188037,2.61));
#8645=DIRECTION('',(0.992441531,-0.122718404,0.));
#8646=DIRECTION('',(0.122718404,0.992441531,0.));
#8647=AXIS2_PLACEMENT_3D('',#8644,#8645,#8646);
#8648=PLANE('',#8647);
#8649=CARTESIAN_POINT('',(9.036331903,3.537582699,2.6));
#8650=VERTEX_POINT('',#8649);
#8651=CARTESIAN_POINT('',(9.036331903,3.537582699,2.6));
#8652=DIRECTION('',(-0.122718404,-0.992441531,0.));
#8653=VECTOR('',#8652,0.127754956);
#8654=LINE('',#8651,#8653);
#8655=EDGE_CURVE('',#8650,#8569,#8654,.T.);
#8656=ORIENTED_EDGE('',*,*,#8655,.F.);
#8657=CARTESIAN_POINT('',(9.036331903,3.537582699,2.61));
#8658=VERTEX_POINT('',#8657);
#8659=CARTESIAN_POINT('',(9.036331903,3.537582699,2.61));
#8660=DIRECTION('',(0.,0.,-1.));
#8661=VECTOR('',#8660,0.01);
#8662=LINE('',#8659,#8661);
#8663=EDGE_CURVE('',#8658,#8650,#8662,.T.);
#8664=ORIENTED_EDGE('',*,*,#8663,.F.);
#8665=CARTESIAN_POINT('',(9.036331903,3.537582699,2.61));
#8666=DIRECTION('',(-0.122718404,-0.992441531,0.));
#8667=VECTOR('',#8666,0.127754956);
#8668=LINE('',#8665,#8667);
#8669=EDGE_CURVE('',#8658,#8602,#8668,.T.);
#8670=ORIENTED_EDGE('',*,*,#8669,.T.);
#8671=ORIENTED_EDGE('',*,*,#8607,.T.);
#8672=EDGE_LOOP('',(#8656,#8664,#8670,#8671));
#8673=FACE_BOUND('',#8672,.T.);
#8674=ADVANCED_FACE('',(#8673),#8648,.T.);
#8675=CARTESIAN_POINT('',(9.37171001,3.582572099,2.61));
#8676=CARTESIAN_POINT('',(9.37171001,3.582572099,2.6));
#8677=CARTESIAN_POINT('',(9.418972768,3.621655051,2.61));
#8678=CARTESIAN_POINT('',(9.418972768,3.621655051,2.6));
#8679=CARTESIAN_POINT('',(9.442603216,3.672325518,2.61));
#8680=CARTESIAN_POINT('',(9.442603216,3.672325518,2.6));
#8681=CARTESIAN_POINT('',(9.442603216,3.734583501,2.61));
#8682=CARTESIAN_POINT('',(9.442603216,3.734583501,2.6));
#8683=CARTESIAN_POINT('',(9.442603216,3.790935036,2.61));
#8684=CARTESIAN_POINT('',(9.442603216,3.790935036,2.6));
#8685=CARTESIAN_POINT('',(9.423743933,3.838309553,2.61));
#8686=CARTESIAN_POINT('',(9.423743933,3.838309553,2.6));
#8687=CARTESIAN_POINT('',(9.386025369,3.876709845,2.61));
#8688=CARTESIAN_POINT('',(9.386025369,3.876709845,2.6));
#8689=CARTESIAN_POINT('',(9.348306805,3.915111069,2.61));
#8690=CARTESIAN_POINT('',(9.348306805,3.915111069,2.6));
#8691=CARTESIAN_POINT('',(9.29786358,3.936355468,2.61));
#8692=CARTESIAN_POINT('',(9.29786358,3.936355468,2.6));
#8693=CARTESIAN_POINT('',(9.234696161,3.940445837,2.61));
#8694=CARTESIAN_POINT('',(9.234696161,3.940445837,2.6));
#8695=B_SPLINE_SURFACE_WITH_KNOTS('',3,1,((#8675,#8676),(#8677,#8678),(#8679,#8680),(#8681,#8682),(#8683,#8684),(#8685,#8686),(#8687,#8688),(#8689,#8690),(#8691,#8692),(#8693,#8694)),.UNSPECIFIED.,.F.,.F.,.U.,(4,3,3,4),(2,2),(0.187148931,0.47639197,0.738194369,1.),(0.,1.),.UNSPECIFIED.);
#8696=CARTESIAN_POINT('',(9.37171001,3.582572099,2.6));
#8697=VERTEX_POINT('',#8696);
#8698=CARTESIAN_POINT('',(9.234696161,3.940445837,2.6));
#8699=VERTEX_POINT('',#8698);
#8700=CARTESIAN_POINT('',(9.37171001,3.582572099,2.6));
#8701=CARTESIAN_POINT('',(9.418972768,3.621655051,2.6));
#8702=CARTESIAN_POINT('',(9.442603216,3.672325518,2.6));
#8703=CARTESIAN_POINT('',(9.442603216,3.734583501,2.6));
#8704=CARTESIAN_POINT('',(9.442603216,3.790935036,2.6));
#8705=CARTESIAN_POINT('',(9.423743933,3.838309553,2.6));
#8706=CARTESIAN_POINT('',(9.386025369,3.876709845,2.6));
#8707=CARTESIAN_POINT('',(9.348306805,3.915111069,2.6));
#8708=CARTESIAN_POINT('',(9.29786358,3.936355468,2.6));
#8709=CARTESIAN_POINT('',(9.234696161,3.940445837,2.6));
#8710=B_SPLINE_CURVE_WITH_KNOTS('',3,(#8700,#8701,#8702,#8703,#8704,#8705,#8706,#8707,#8708,#8709),.UNSPECIFIED.,.F.,.F.,(4,3,3,4),(0.187148931,0.47639197,0.738194369,1.),.UNSPECIFIED.);
#8711=EDGE_CURVE('',#8697,#8699,#8710,.T.);
#8712=ORIENTED_EDGE('',*,*,#8711,.F.);
#8713=CARTESIAN_POINT('',(9.37171001,3.582572099,2.61));
#8714=VERTEX_POINT('',#8713);
#8715=CARTESIAN_POINT('',(9.37171001,3.582572099,2.61));
#8716=DIRECTION('',(0.,0.,-1.));
#8717=VECTOR('',#8716,0.01);
#8718=LINE('',#8715,#8717);
#8719=EDGE_CURVE('',#8714,#8697,#8718,.T.);
#8720=ORIENTED_EDGE('',*,*,#8719,.F.);
#8721=CARTESIAN_POINT('',(9.234696161,3.940445837,2.61));
#8722=VERTEX_POINT('',#8721);
#8723=CARTESIAN_POINT('',(9.37171001,3.582572099,2.61));
#8724=CARTESIAN_POINT('',(9.418972768,3.621655051,2.61));
#8725=CARTESIAN_POINT('',(9.442603216,3.672325518,2.61));
#8726=CARTESIAN_POINT('',(9.442603216,3.734583501,2.61));
#8727=CARTESIAN_POINT('',(9.442603216,3.790935036,2.61));
#8728=CARTESIAN_POINT('',(9.423743933,3.838309553,2.61));
#8729=CARTESIAN_POINT('',(9.386025369,3.876709845,2.61));
#8730=CARTESIAN_POINT('',(9.348306805,3.915111069,2.61));
#8731=CARTESIAN_POINT('',(9.29786358,3.936355468,2.61));
#8732=CARTESIAN_POINT('',(9.234696161,3.940445837,2.61));
#8733=B_SPLINE_CURVE_WITH_KNOTS('',3,(#8723,#8724,#8725,#8726,#8727,#8728,#8729,#8730,#8731,#8732),.UNSPECIFIED.,.F.,.F.,(4,3,3,4),(0.187148931,0.47639197,0.738194369,1.),.UNSPECIFIED.);
#8734=EDGE_CURVE('',#8714,#8722,#8733,.T.);
#8735=ORIENTED_EDGE('',*,*,#8734,.T.);
#8736=CARTESIAN_POINT('',(9.234696161,3.940445837,2.61));
#8737=DIRECTION('',(0.,0.,-1.));
#8738=VECTOR('',#8737,0.01);
#8739=LINE('',#8736,#8738);
#8740=EDGE_CURVE('',#8722,#8699,#8739,.T.);
#8741=ORIENTED_EDGE('',*,*,#8740,.T.);
#8742=EDGE_LOOP('',(#8712,#8720,#8735,#8741));
#8743=FACE_BOUND('',#8742,.T.);
#8744=ADVANCED_FACE('',(#8743),#8695,.T.);
#8745=CARTESIAN_POINT('',(9.234696161,3.536219243,2.61));
#8746=CARTESIAN_POINT('',(9.234696161,3.536219243,2.6));
#8747=CARTESIAN_POINT('',(9.295591102,3.541672132,2.61));
#8748=CARTESIAN_POINT('',(9.295591102,3.541672132,2.6));
#8749=CARTESIAN_POINT('',(9.341262205,3.557124615,2.61));
#8750=CARTESIAN_POINT('',(9.341262205,3.557124615,2.6));
#8751=CARTESIAN_POINT('',(9.371709934,3.582572035,2.61));
#8752=CARTESIAN_POINT('',(9.371709934,3.582572035,2.6));
#8753=B_SPLINE_SURFACE_WITH_KNOTS('',3,1,((#8745,#8746),(#8747,#8748),(#8749,#8750),(#8751,#8752)),.UNSPECIFIED.,.F.,.F.,.U.,(4,4),(2,2),(0.,0.187148774),(0.,1.),.UNSPECIFIED.);
#8754=CARTESIAN_POINT('',(9.234696161,3.536219243,2.6));
#8755=VERTEX_POINT('',#8754);
#8756=CARTESIAN_POINT('',(9.234696161,3.536219243,2.6));
#8757=CARTESIAN_POINT('',(9.295591153,3.541672137,2.6));
#8758=CARTESIAN_POINT('',(9.341262281,3.557124641,2.6));
#8759=CARTESIAN_POINT('',(9.37171001,3.582572099,2.6));
#8760=B_SPLINE_CURVE_WITH_KNOTS('',3,(#8756,#8757,#8758,#8759),.UNSPECIFIED.,.F.,.F.,(4,4),(0.,0.187148931),.UNSPECIFIED.);
#8761=EDGE_CURVE('',#8755,#8697,#8760,.T.);
#8762=ORIENTED_EDGE('',*,*,#8761,.F.);
#8763=CARTESIAN_POINT('',(9.234696161,3.536219243,2.61));
#8764=VERTEX_POINT('',#8763);
#8765=CARTESIAN_POINT('',(9.234696161,3.536219243,2.61));
#8766=DIRECTION('',(0.,0.,-1.));
#8767=VECTOR('',#8766,0.01);
#8768=LINE('',#8765,#8767);
#8769=EDGE_CURVE('',#8764,#8755,#8768,.T.);
#8770=ORIENTED_EDGE('',*,*,#8769,.F.);
#8771=CARTESIAN_POINT('',(9.234696161,3.536219243,2.61));
#8772=CARTESIAN_POINT('',(9.295591153,3.541672137,2.61));
#8773=CARTESIAN_POINT('',(9.341262281,3.557124641,2.61));
#8774=CARTESIAN_POINT('',(9.37171001,3.582572099,2.61));
#8775=B_SPLINE_CURVE_WITH_KNOTS('',3,(#8771,#8772,#8773,#8774),.UNSPECIFIED.,.F.,.F.,(4,4),(0.,0.187148931),.UNSPECIFIED.);
#8776=EDGE_CURVE('',#8764,#8714,#8775,.T.);
#8777=ORIENTED_EDGE('',*,*,#8776,.T.);
#8778=ORIENTED_EDGE('',*,*,#8719,.T.);
#8779=EDGE_LOOP('',(#8762,#8770,#8777,#8778));
#8780=FACE_BOUND('',#8779,.T.);
#8781=ADVANCED_FACE('',(#8780),#8753,.T.);
#8782=CARTESIAN_POINT('',(9.234696161,3.73833254,2.61));
#8783=DIRECTION('',(1.,0.,0.));
#8784=DIRECTION('',(0.,0.,-1.));
#8785=AXIS2_PLACEMENT_3D('',#8782,#8783,#8784);
#8786=PLANE('',#8785);
#8787=CARTESIAN_POINT('',(9.234696161,3.940445837,2.6));
#8788=DIRECTION('',(0.,-1.,0.));
#8789=VECTOR('',#8788,0.404226594);
#8790=LINE('',#8787,#8789);
#8791=EDGE_CURVE('',#8699,#8755,#8790,.T.);
#8792=ORIENTED_EDGE('',*,*,#8791,.F.);
#8793=ORIENTED_EDGE('',*,*,#8740,.F.);
#8794=CARTESIAN_POINT('',(9.234696161,3.940445837,2.61));
#8795=DIRECTION('',(0.,-1.,0.));
#8796=VECTOR('',#8795,0.404226594);
#8797=LINE('',#8794,#8796);
#8798=EDGE_CURVE('',#8722,#8764,#8797,.T.);
#8799=ORIENTED_EDGE('',*,*,#8798,.T.);
#8800=ORIENTED_EDGE('',*,*,#8769,.T.);
#8801=EDGE_LOOP('',(#8792,#8793,#8799,#8800));
#8802=FACE_BOUND('',#8801,.T.);
#8803=ADVANCED_FACE('',(#8802),#8786,.T.);
#8804=CARTESIAN_POINT('',(9.133809712,3.947263118,2.61));
#8805=CARTESIAN_POINT('',(9.133809712,3.947263118,2.6));
#8806=CARTESIAN_POINT('',(9.05428268,3.942718264,2.61));
#8807=CARTESIAN_POINT('',(9.05428268,3.942718264,2.6));
#8808=CARTESIAN_POINT('',(8.993387222,3.920223098,2.61));
#8809=CARTESIAN_POINT('',(8.993387222,3.920223098,2.6));
#8810=CARTESIAN_POINT('',(8.95112427,3.879777621,2.61));
#8811=CARTESIAN_POINT('',(8.95112427,3.879777621,2.6));
#8812=CARTESIAN_POINT('',(8.908860851,3.839332145,2.61));
#8813=CARTESIAN_POINT('',(8.908860851,3.839332145,2.6));
#8814=CARTESIAN_POINT('',(8.887729608,3.788889851,2.61));
#8815=CARTESIAN_POINT('',(8.887729608,3.788889851,2.6));
#8816=CARTESIAN_POINT('',(8.887729608,3.728448879,2.61));
#8817=CARTESIAN_POINT('',(8.887729608,3.728448879,2.6));
#8818=CARTESIAN_POINT('',(8.887729608,3.683458548,2.61));
#8819=CARTESIAN_POINT('',(8.887729608,3.683458548,2.6));
#8820=CARTESIAN_POINT('',(8.899544831,3.645058256,2.61));
#8821=CARTESIAN_POINT('',(8.899544831,3.645058256,2.6));
#8822=CARTESIAN_POINT('',(8.923175745,3.613248002,2.61));
#8823=CARTESIAN_POINT('',(8.923175745,3.613248002,2.6));
#8824=CARTESIAN_POINT('',(8.946807124,3.581436817,2.61));
#8825=CARTESIAN_POINT('',(8.946807124,3.581436817,2.6));
#8826=CARTESIAN_POINT('',(8.984525688,3.55621567,2.61));
#8827=CARTESIAN_POINT('',(8.984525688,3.55621567,2.6));
#8828=CARTESIAN_POINT('',(9.036331903,3.537582699,2.61));
#8829=CARTESIAN_POINT('',(9.036331903,3.537582699,2.6));
#8830=B_SPLINE_SURFACE_WITH_KNOTS('',3,1,((#8804,#8805),(#8806,#8807),(#8808,#8809),(#8810,#8811),(#8812,#8813),(#8814,#8815),(#8816,#8817),(#8818,#8819),(#8820,#8821),(#8822,#8823),(#8824,#8825),(#8826,#8827),(#8828,#8829)),.UNSPECIFIED.,.F.,.F.,.U.,(4,3,3,3,4),(2,2),(0.,0.286633992,0.573269633,0.786632056,1.),(0.,1.),.UNSPECIFIED.);
#8831=CARTESIAN_POINT('',(9.133809712,3.947263118,2.6));
#8832=CARTESIAN_POINT('',(9.05428268,3.942718264,2.6));
#8833=CARTESIAN_POINT('',(8.993387222,3.920223098,2.6));
#8834=CARTESIAN_POINT('',(8.95112427,3.879777621,2.6));
#8835=CARTESIAN_POINT('',(8.908860851,3.839332145,2.6));
#8836=CARTESIAN_POINT('',(8.887729608,3.788889851,2.6));
#8837=CARTESIAN_POINT('',(8.887729608,3.728448879,2.6));
#8838=CARTESIAN_POINT('',(8.887729608,3.683458548,2.6));
#8839=CARTESIAN_POINT('',(8.899544831,3.645058256,2.6));
#8840=CARTESIAN_POINT('',(8.923175745,3.613248002,2.6));
#8841=CARTESIAN_POINT('',(8.946807124,3.581436817,2.6));
#8842=CARTESIAN_POINT('',(8.984525688,3.55621567,2.6));
#8843=CARTESIAN_POINT('',(9.036331903,3.537582699,2.6));
#8844=B_SPLINE_CURVE_WITH_KNOTS('',3,(#8831,#8832,#8833,#8834,#8835,#8836,#8837,#8838,#8839,#8840,#8841,#8842,#8843),.UNSPECIFIED.,.F.,.F.,(4,3,3,3,4),(0.,0.286633992,0.573269633,0.786632056,1.),.UNSPECIFIED.);
#8845=EDGE_CURVE('',#8479,#8650,#8844,.T.);
#8846=ORIENTED_EDGE('',*,*,#8845,.F.);
#8847=ORIENTED_EDGE('',*,*,#8506,.F.);
#8848=CARTESIAN_POINT('',(9.133809712,3.947263118,2.61));
#8849=CARTESIAN_POINT('',(9.05428268,3.942718264,2.61));
#8850=CARTESIAN_POINT('',(8.993387222,3.920223098,2.61));
#8851=CARTESIAN_POINT('',(8.95112427,3.879777621,2.61));
#8852=CARTESIAN_POINT('',(8.908860851,3.839332145,2.61));
#8853=CARTESIAN_POINT('',(8.887729608,3.788889851,2.61));
#8854=CARTESIAN_POINT('',(8.887729608,3.728448879,2.61));
#8855=CARTESIAN_POINT('',(8.887729608,3.683458548,2.61));
#8856=CARTESIAN_POINT('',(8.899544831,3.645058256,2.61));
#8857=CARTESIAN_POINT('',(8.923175745,3.613248002,2.61));
#8858=CARTESIAN_POINT('',(8.946807124,3.581436817,2.61));
#8859=CARTESIAN_POINT('',(8.984525688,3.55621567,2.61));
#8860=CARTESIAN_POINT('',(9.036331903,3.537582699,2.61));
#8861=B_SPLINE_CURVE_WITH_KNOTS('',3,(#8848,#8849,#8850,#8851,#8852,#8853,#8854,#8855,#8856,#8857,#8858,#8859,#8860),.UNSPECIFIED.,.F.,.F.,(4,3,3,3,4),(0.,0.286633992,0.573269633,0.786632056,1.),.UNSPECIFIED.);
#8862=EDGE_CURVE('',#8495,#8658,#8861,.T.);
#8863=ORIENTED_EDGE('',*,*,#8862,.T.);
#8864=ORIENTED_EDGE('',*,*,#8663,.T.);
#8865=EDGE_LOOP('',(#8846,#8847,#8863,#8864));
#8866=FACE_BOUND('',#8865,.T.);
#8867=ADVANCED_FACE('',(#8866),#8830,.T.);
#8868=CARTESIAN_POINT('',(0.,0.,2.61));
#8869=DIRECTION('',(0.,0.,1.));
#8870=DIRECTION('',(1.,0.,0.));
#8871=AXIS2_PLACEMENT_3D('',#8868,#8869,#8870);
#8872=PLANE('',#8871);
#8873=ORIENTED_EDGE('',*,*,#8734,.F.);
#8874=ORIENTED_EDGE('',*,*,#8776,.F.);
#8875=ORIENTED_EDGE('',*,*,#8798,.F.);
#8876=EDGE_LOOP('',(#8873,#8874,#8875));
#8877=FACE_BOUND('',#8876,.T.);
#8878=ORIENTED_EDGE('',*,*,#8500,.F.);
#8879=ORIENTED_EDGE('',*,*,#8638,.F.);
#8880=ORIENTED_EDGE('',*,*,#8669,.F.);
#8881=ORIENTED_EDGE('',*,*,#8862,.F.);
#8882=EDGE_LOOP('',(#8878,#8879,#8880,#8881));
#8883=FACE_BOUND('',#8882,.T.);
#8884=ADVANCED_FACE('',(#8877,#8883),#8872,.T.);
#8885=CARTESIAN_POINT('',(0.,0.,2.6));
#8886=DIRECTION('',(0.,0.,1.));
#8887=DIRECTION('',(1.,0.,0.));
#8888=AXIS2_PLACEMENT_3D('',#8885,#8886,#8887);
#8889=PLANE('',#8888);
#8890=ORIENTED_EDGE('',*,*,#8711,.T.);
#8891=ORIENTED_EDGE('',*,*,#8791,.T.);
#8892=ORIENTED_EDGE('',*,*,#8761,.T.);
#8893=EDGE_LOOP('',(#8890,#8891,#8892));
#8894=FACE_BOUND('',#8893,.T.);
#8895=ORIENTED_EDGE('',*,*,#8484,.T.);
#8896=ORIENTED_EDGE('',*,*,#8845,.T.);
#8897=ORIENTED_EDGE('',*,*,#8655,.T.);
#8898=ORIENTED_EDGE('',*,*,#8599,.T.);
#8899=EDGE_LOOP('',(#8895,#8896,#8897,#8898));
#8900=FACE_BOUND('',#8899,.T.);
#8901=ADVANCED_FACE('',(#8894,#8900),#8889,.F.);
#8902=CLOSED_SHELL('',(#8510,#8643,#8674,#8744,#8781,#8803,#8867,#8884,#8901));
#8903=MANIFOLD_SOLID_BREP('Body 21',#8902);
#8470=STYLED_ITEM('',(#3089),#8903);
#8905=CARTESIAN_POINT('',(9.302862221,4.730493296,2.61));
#8906=DIRECTION('',(0.,1.,0.));
#8907=DIRECTION('',(0.,0.,1.));
#8908=AXIS2_PLACEMENT_3D('',#8905,#8906,#8907);
#8909=PLANE('',#8908);
#8910=CARTESIAN_POINT('',(8.803203236,4.730493296,2.6));
#8911=VERTEX_POINT('',#8910);
#8912=CARTESIAN_POINT('',(9.802521206,4.730493296,2.6));
#8913=VERTEX_POINT('',#8912);
#8914=CARTESIAN_POINT('',(8.803203236,4.730493296,2.6));
#8915=DIRECTION('',(1.,0.,-0.));
#8916=VECTOR('',#8915,0.99931797);
#8917=LINE('',#8914,#8916);
#8918=EDGE_CURVE('',#8911,#8913,#8917,.T.);
#8919=ORIENTED_EDGE('',*,*,#8918,.F.);
#8920=CARTESIAN_POINT('',(8.803203236,4.730493296,2.61));
#8921=VERTEX_POINT('',#8920);
#8922=CARTESIAN_POINT('',(8.803203236,4.730493296,2.61));
#8923=DIRECTION('',(0.,0.,-1.));
#8924=VECTOR('',#8923,0.01);
#8925=LINE('',#8922,#8924);
#8926=EDGE_CURVE('',#8921,#8911,#8925,.T.);
#8927=ORIENTED_EDGE('',*,*,#8926,.F.);
#8928=CARTESIAN_POINT('',(9.802521206,4.730493296,2.61));
#8929=VERTEX_POINT('',#8928);
#8930=CARTESIAN_POINT('',(8.803203236,4.730493296,2.61));
#8931=DIRECTION('',(1.,0.,-0.));
#8932=VECTOR('',#8931,0.99931797);
#8933=LINE('',#8930,#8932);
#8934=EDGE_CURVE('',#8921,#8929,#8933,.T.);
#8935=ORIENTED_EDGE('',*,*,#8934,.T.);
#8936=CARTESIAN_POINT('',(9.802521206,4.730493296,2.61));
#8937=DIRECTION('',(0.,0.,-1.));
#8938=VECTOR('',#8937,0.01);
#8939=LINE('',#8936,#8938);
#8940=EDGE_CURVE('',#8929,#8913,#8939,.T.);
#8941=ORIENTED_EDGE('',*,*,#8940,.T.);
#8942=EDGE_LOOP('',(#8919,#8927,#8935,#8941));
#8943=FACE_BOUND('',#8942,.T.);
#8944=ADVANCED_FACE('',(#8943),#8909,.T.);
#8945=CARTESIAN_POINT('',(8.803203236,4.669143818,2.61));
#8946=DIRECTION('',(-1.,0.,0.));
#8947=DIRECTION('',(0.,0.,1.));
#8948=AXIS2_PLACEMENT_3D('',#8945,#8946,#8947);
#8949=PLANE('',#8948);
#8950=CARTESIAN_POINT('',(8.803203236,4.607794341,2.6));
#8951=VERTEX_POINT('',#8950);
#8952=CARTESIAN_POINT('',(8.803203236,4.607794341,2.6));
#8953=DIRECTION('',(0.,1.,0.));
#8954=VECTOR('',#8953,0.122698955);
#8955=LINE('',#8952,#8954);
#8956=EDGE_CURVE('',#8951,#8911,#8955,.T.);
#8957=ORIENTED_EDGE('',*,*,#8956,.F.);
#8958=CARTESIAN_POINT('',(8.803203236,4.607794341,2.61));
#8959=VERTEX_POINT('',#8958);
#8960=CARTESIAN_POINT('',(8.803203236,4.607794341,2.61));
#8961=DIRECTION('',(0.,0.,-1.));
#8962=VECTOR('',#8961,0.01);
#8963=LINE('',#8960,#8962);
#8964=EDGE_CURVE('',#8959,#8951,#8963,.T.);
#8965=ORIENTED_EDGE('',*,*,#8964,.F.);
#8966=CARTESIAN_POINT('',(8.803203236,4.607794341,2.61));
#8967=DIRECTION('',(0.,1.,0.));
#8968=VECTOR('',#8967,0.122698955);
#8969=LINE('',#8966,#8968);
#8970=EDGE_CURVE('',#8959,#8921,#8969,.T.);
#8971=ORIENTED_EDGE('',*,*,#8970,.T.);
#8972=ORIENTED_EDGE('',*,*,#8926,.T.);
#8973=EDGE_LOOP('',(#8957,#8965,#8971,#8972));
#8974=FACE_BOUND('',#8973,.T.);
#8975=ADVANCED_FACE('',(#8974),#8949,.T.);
#8976=CARTESIAN_POINT('',(8.94669327,4.607794341,2.61));
#8977=DIRECTION('',(0.,-1.,0.));
#8978=DIRECTION('',(0.,0.,-1.));
#8979=AXIS2_PLACEMENT_3D('',#8976,#8977,#8978);
#8980=PLANE('',#8979);
#8981=CARTESIAN_POINT('',(9.090183303,4.607794341,2.6));
#8982=VERTEX_POINT('',#8981);
#8983=CARTESIAN_POINT('',(9.090183303,4.607794341,2.6));
#8984=DIRECTION('',(-1.,0.,0.));
#8985=VECTOR('',#8984,0.286980066);
#8986=LINE('',#8983,#8985);
#8987=EDGE_CURVE('',#8982,#8951,#8986,.T.);
#8988=ORIENTED_EDGE('',*,*,#8987,.F.);
#8989=CARTESIAN_POINT('',(9.090183303,4.607794341,2.61));
#8990=VERTEX_POINT('',#8989);
#8991=CARTESIAN_POINT('',(9.090183303,4.607794341,2.61));
#8992=DIRECTION('',(0.,0.,-1.));
#8993=VECTOR('',#8992,0.01);
#8994=LINE('',#8991,#8993);
#8995=EDGE_CURVE('',#8990,#8982,#8994,.T.);
#8996=ORIENTED_EDGE('',*,*,#8995,.F.);
#8997=CARTESIAN_POINT('',(9.090183303,4.607794341,2.61));
#8998=DIRECTION('',(-1.,0.,0.));
#8999=VECTOR('',#8998,0.286980066);
#9000=LINE('',#8997,#8999);
#9001=EDGE_CURVE('',#8990,#8959,#9000,.T.);
#9002=ORIENTED_EDGE('',*,*,#9001,.T.);
#9003=ORIENTED_EDGE('',*,*,#8964,.T.);
#9004=EDGE_LOOP('',(#8988,#8996,#9002,#9003));
#9005=FACE_BOUND('',#9004,.T.);
#9006=ADVANCED_FACE('',(#9005),#8980,.T.);
#9007=CARTESIAN_POINT('',(9.13176476,4.56450833,2.61));
#9008=DIRECTION('',(-0.721163493,-0.692764907,0.));
#9009=DIRECTION('',(0.692764907,-0.721163493,0.));
#9010=AXIS2_PLACEMENT_3D('',#9007,#9008,#9009);
#9011=PLANE('',#9010);
#9012=CARTESIAN_POINT('',(9.173346218,4.521222319,2.6));
#9013=VERTEX_POINT('',#9012);
#9014=CARTESIAN_POINT('',(9.173346218,4.521222319,2.6));
#9015=DIRECTION('',(-0.692764907,0.721163493,0.));
#9016=VECTOR('',#9015,0.12004493);
#9017=LINE('',#9014,#9016);
#9018=EDGE_CURVE('',#9013,#8982,#9017,.T.);
#9019=ORIENTED_EDGE('',*,*,#9018,.F.);
#9020=CARTESIAN_POINT('',(9.173346218,4.521222319,2.61));
#9021=VERTEX_POINT('',#9020);
#9022=CARTESIAN_POINT('',(9.173346218,4.521222319,2.61));
#9023=DIRECTION('',(0.,0.,-1.));
#9024=VECTOR('',#9023,0.01);
#9025=LINE('',#9022,#9024);
#9026=EDGE_CURVE('',#9021,#9013,#9025,.T.);
#9027=ORIENTED_EDGE('',*,*,#9026,.F.);
#9028=CARTESIAN_POINT('',(9.173346218,4.521222319,2.61));
#9029=DIRECTION('',(-0.692764907,0.721163493,0.));
#9030=VECTOR('',#9029,0.12004493);
#9031=LINE('',#9028,#9030);
#9032=EDGE_CURVE('',#9021,#8990,#9031,.T.);
#9033=ORIENTED_EDGE('',*,*,#9032,.T.);
#9034=ORIENTED_EDGE('',*,*,#8995,.T.);
#9035=EDGE_LOOP('',(#9019,#9027,#9033,#9034));
#9036=FACE_BOUND('',#9035,.T.);
#9037=ADVANCED_FACE('',(#9036),#9011,.T.);
#9038=CARTESIAN_POINT('',(8.988274727,4.401590675,2.61));
#9039=DIRECTION('',(-0.5428658,0.839819459,0.));
#9040=DIRECTION('',(-0.839819459,-0.5428658,0.));
#9041=AXIS2_PLACEMENT_3D('',#9038,#9039,#9040);
#9042=PLANE('',#9041);
#9043=CARTESIAN_POINT('',(8.803203236,4.281959031,2.6));
#9044=VERTEX_POINT('',#9043);
#9045=CARTESIAN_POINT('',(8.803203236,4.281959031,2.6));
#9046=DIRECTION('',(0.839819459,0.5428658,0.));
#9047=VECTOR('',#9046,0.440741135);
#9048=LINE('',#9045,#9047);
#9049=EDGE_CURVE('',#9044,#9013,#9048,.T.);
#9050=ORIENTED_EDGE('',*,*,#9049,.F.);
#9051=CARTESIAN_POINT('',(8.803203236,4.281959031,2.61));
#9052=VERTEX_POINT('',#9051);
#9053=CARTESIAN_POINT('',(8.803203236,4.281959031,2.61));
#9054=DIRECTION('',(0.,0.,-1.));
#9055=VECTOR('',#9054,0.01);
#9056=LINE('',#9053,#9055);
#9057=EDGE_CURVE('',#9052,#9044,#9056,.T.);
#9058=ORIENTED_EDGE('',*,*,#9057,.F.);
#9059=CARTESIAN_POINT('',(8.803203236,4.281959031,2.61));
#9060=DIRECTION('',(0.839819459,0.5428658,0.));
#9061=VECTOR('',#9060,0.440741135);
#9062=LINE('',#9059,#9061);
#9063=EDGE_CURVE('',#9052,#9021,#9062,.T.);
#9064=ORIENTED_EDGE('',*,*,#9063,.T.);
#9065=ORIENTED_EDGE('',*,*,#9026,.T.);
#9066=EDGE_LOOP('',(#9050,#9058,#9064,#9065));
#9067=FACE_BOUND('',#9066,.T.);
#9068=ADVANCED_FACE('',(#9067),#9042,.T.);
#9069=CARTESIAN_POINT('',(8.803203236,4.206294194,2.61));
#9070=DIRECTION('',(-1.,0.,0.));
#9071=DIRECTION('',(0.,0.,1.));
#9072=AXIS2_PLACEMENT_3D('',#9069,#9070,#9071);
#9073=PLANE('',#9072);
#9074=CARTESIAN_POINT('',(8.803203236,4.130629357,2.6));
#9075=VERTEX_POINT('',#9074);
#9076=CARTESIAN_POINT('',(8.803203236,4.130629357,2.6));
#9077=DIRECTION('',(0.,1.,0.));
#9078=VECTOR('',#9077,0.151329674);
#9079=LINE('',#9076,#9078);
#9080=EDGE_CURVE('',#9075,#9044,#9079,.T.);
#9081=ORIENTED_EDGE('',*,*,#9080,.F.);
#9082=CARTESIAN_POINT('',(8.803203236,4.130629357,2.61));
#9083=VERTEX_POINT('',#9082);
#9084=CARTESIAN_POINT('',(8.803203236,4.130629357,2.61));
#9085=DIRECTION('',(0.,0.,-1.));
#9086=VECTOR('',#9085,0.01);
#9087=LINE('',#9084,#9086);
#9088=EDGE_CURVE('',#9083,#9075,#9087,.T.);
#9089=ORIENTED_EDGE('',*,*,#9088,.F.);
#9090=CARTESIAN_POINT('',(8.803203236,4.130629357,2.61));
#9091=DIRECTION('',(0.,1.,0.));
#9092=VECTOR('',#9091,0.151329674);
#9093=LINE('',#9090,#9092);
#9094=EDGE_CURVE('',#9083,#9052,#9093,.T.);
#9095=ORIENTED_EDGE('',*,*,#9094,.T.);
#9096=ORIENTED_EDGE('',*,*,#9057,.T.);
#9097=EDGE_LOOP('',(#9081,#9089,#9095,#9096));
#9098=FACE_BOUND('',#9097,.T.);
#9099=ADVANCED_FACE('',(#9098),#9073,.T.);
#9100=CARTESIAN_POINT('',(9.030878777,4.282981623,2.61));
#9101=DIRECTION('',(0.556136238,-0.831091141,0.));
#9102=DIRECTION('',(0.831091141,0.556136238,0.));
#9103=AXIS2_PLACEMENT_3D('',#9100,#9101,#9102);
#9104=PLANE('',#9103);
#9105=CARTESIAN_POINT('',(9.258554317,4.435333889,2.6));
#9106=VERTEX_POINT('',#9105);
#9107=CARTESIAN_POINT('',(9.258554317,4.435333889,2.6));
#9108=DIRECTION('',(-0.831091141,-0.556136238,0.));
#9109=VECTOR('',#9108,0.547895481);
#9110=LINE('',#9107,#9109);
#9111=EDGE_CURVE('',#9106,#9075,#9110,.T.);
#9112=ORIENTED_EDGE('',*,*,#9111,.F.);
#9113=CARTESIAN_POINT('',(9.258554317,4.435333889,2.61));
#9114=VERTEX_POINT('',#9113);
#9115=CARTESIAN_POINT('',(9.258554317,4.435333889,2.61));
#9116=DIRECTION('',(0.,0.,-1.));
#9117=VECTOR('',#9116,0.01);
#9118=LINE('',#9115,#9117);
#9119=EDGE_CURVE('',#9114,#9106,#9118,.T.);
#9120=ORIENTED_EDGE('',*,*,#9119,.F.);
#9121=CARTESIAN_POINT('',(9.258554317,4.435333889,2.61));
#9122=DIRECTION('',(-0.831091141,-0.556136238,0.));
#9123=VECTOR('',#9122,0.547895481);
#9124=LINE('',#9121,#9123);
#9125=EDGE_CURVE('',#9114,#9083,#9124,.T.);
#9126=ORIENTED_EDGE('',*,*,#9125,.T.);
#9127=ORIENTED_EDGE('',*,*,#9088,.T.);
#9128=EDGE_LOOP('',(#9112,#9120,#9126,#9127));
#9129=FACE_BOUND('',#9128,.T.);
#9130=ADVANCED_FACE('',(#9129),#9104,.T.);
#9131=CARTESIAN_POINT('',(9.392842185,4.296956118,2.61));
#9132=DIRECTION('',(-0.717632446,-0.696422051,0.));
#9133=DIRECTION('',(0.696422051,-0.717632446,0.));
#9134=AXIS2_PLACEMENT_3D('',#9131,#9132,#9133);
#9135=PLANE('',#9134);
#9136=CARTESIAN_POINT('',(9.527130052,4.158578347,2.6));
#9137=VERTEX_POINT('',#9136);
#9138=CARTESIAN_POINT('',(9.527130052,4.158578347,2.6));
#9139=DIRECTION('',(-0.696422051,0.717632446,0.));
#9140=VECTOR('',#9139,0.385650821);
#9141=LINE('',#9138,#9140);
#9142=EDGE_CURVE('',#9137,#9106,#9141,.T.);
#9143=ORIENTED_EDGE('',*,*,#9142,.F.);
#9144=CARTESIAN_POINT('',(9.527130052,4.158578347,2.61));
#9145=VERTEX_POINT('',#9144);
#9146=CARTESIAN_POINT('',(9.527130052,4.158578347,2.61));
#9147=DIRECTION('',(0.,0.,-1.));
#9148=VECTOR('',#9147,0.01);
#9149=LINE('',#9146,#9148);
#9150=EDGE_CURVE('',#9145,#9137,#9149,.T.);
#9151=ORIENTED_EDGE('',*,*,#9150,.F.);
#9152=CARTESIAN_POINT('',(9.527130052,4.158578347,2.61));
#9153=DIRECTION('',(-0.696422051,0.717632446,0.));
#9154=VECTOR('',#9153,0.385650821);
#9155=LINE('',#9152,#9154);
#9156=EDGE_CURVE('',#9145,#9114,#9155,.T.);
#9157=ORIENTED_EDGE('',*,*,#9156,.T.);
#9158=ORIENTED_EDGE('',*,*,#9119,.T.);
#9159=EDGE_LOOP('',(#9143,#9151,#9157,#9158));
#9160=FACE_BOUND('',#9159,.T.);
#9161=ADVANCED_FACE('',(#9160),#9135,.T.);
#9162=CARTESIAN_POINT('',(9.527130052,4.237992223,2.61));
#9163=DIRECTION('',(1.,0.,0.));
#9164=DIRECTION('',(0.,0.,-1.));
#9165=AXIS2_PLACEMENT_3D('',#9162,#9163,#9164);
#9166=PLANE('',#9165);
#9167=CARTESIAN_POINT('',(9.527130052,4.317406099,2.6));
#9168=VERTEX_POINT('',#9167);
#9169=CARTESIAN_POINT('',(9.527130052,4.317406099,2.6));
#9170=DIRECTION('',(0.,-1.,0.));
#9171=VECTOR('',#9170,0.158827752);
#9172=LINE('',#9169,#9171);
#9173=EDGE_CURVE('',#9168,#9137,#9172,.T.);
#9174=ORIENTED_EDGE('',*,*,#9173,.F.);
#9175=CARTESIAN_POINT('',(9.527130052,4.317406099,2.61));
#9176=VERTEX_POINT('',#9175);
#9177=CARTESIAN_POINT('',(9.527130052,4.317406099,2.61));
#9178=DIRECTION('',(0.,0.,-1.));
#9179=VECTOR('',#9178,0.01);
#9180=LINE('',#9177,#9179);
#9181=EDGE_CURVE('',#9176,#9168,#9180,.T.);
#9182=ORIENTED_EDGE('',*,*,#9181,.F.);
#9183=CARTESIAN_POINT('',(9.527130052,4.317406099,2.61));
#9184=DIRECTION('',(0.,-1.,0.));
#9185=VECTOR('',#9184,0.158827752);
#9186=LINE('',#9183,#9185);
#9187=EDGE_CURVE('',#9176,#9145,#9186,.T.);
#9188=ORIENTED_EDGE('',*,*,#9187,.T.);
#9189=ORIENTED_EDGE('',*,*,#9150,.T.);
#9190=EDGE_LOOP('',(#9174,#9182,#9188,#9189));
#9191=FACE_BOUND('',#9190,.T.);
#9192=ADVANCED_FACE('',(#9191),#9166,.T.);
#9193=CARTESIAN_POINT('',(9.379890515,4.46260022,2.61));
#9194=DIRECTION('',(0.702143772,0.712035198,0.));
#9195=DIRECTION('',(-0.712035198,0.702143772,0.));
#9196=AXIS2_PLACEMENT_3D('',#9193,#9194,#9195);
#9197=PLANE('',#9196);
#9198=CARTESIAN_POINT('',(9.232650977,4.607794341,2.6));
#9199=VERTEX_POINT('',#9198);
#9200=CARTESIAN_POINT('',(9.232650977,4.607794341,2.6));
#9201=DIRECTION('',(0.712035198,-0.702143772,0.));
#9202=VECTOR('',#9201,0.413573762);
#9203=LINE('',#9200,#9202);
#9204=EDGE_CURVE('',#9199,#9168,#9203,.T.);
#9205=ORIENTED_EDGE('',*,*,#9204,.F.);
#9206=CARTESIAN_POINT('',(9.232650977,4.607794341,2.61));
#9207=VERTEX_POINT('',#9206);
#9208=CARTESIAN_POINT('',(9.232650977,4.607794341,2.61));
#9209=DIRECTION('',(0.,0.,-1.));
#9210=VECTOR('',#9209,0.01);
#9211=LINE('',#9208,#9210);
#9212=EDGE_CURVE('',#9207,#9199,#9211,.T.);
#9213=ORIENTED_EDGE('',*,*,#9212,.F.);
#9214=CARTESIAN_POINT('',(9.232650977,4.607794341,2.61));
#9215=DIRECTION('',(0.712035198,-0.702143772,0.));
#9216=VECTOR('',#9215,0.413573762);
#9217=LINE('',#9214,#9216);
#9218=EDGE_CURVE('',#9207,#9176,#9217,.T.);
#9219=ORIENTED_EDGE('',*,*,#9218,.T.);
#9220=ORIENTED_EDGE('',*,*,#9181,.T.);
#9221=EDGE_LOOP('',(#9205,#9213,#9219,#9220));
#9222=FACE_BOUND('',#9221,.T.);
#9223=ADVANCED_FACE('',(#9222),#9197,.T.);
#9224=CARTESIAN_POINT('',(9.517586092,4.607794341,2.61));
#9225=DIRECTION('',(0.,-1.,0.));
#9226=DIRECTION('',(0.,0.,-1.));
#9227=AXIS2_PLACEMENT_3D('',#9224,#9225,#9226);
#9228=PLANE('',#9227);
#9229=CARTESIAN_POINT('',(9.802521206,4.607794341,2.6));
#9230=VERTEX_POINT('',#9229);
#9231=CARTESIAN_POINT('',(9.802521206,4.607794341,2.6));
#9232=DIRECTION('',(-1.,0.,0.));
#9233=VECTOR('',#9232,0.56987023);
#9234=LINE('',#9231,#9233);
#9235=EDGE_CURVE('',#9230,#9199,#9234,.T.);
#9236=ORIENTED_EDGE('',*,*,#9235,.F.);
#9237=CARTESIAN_POINT('',(9.802521206,4.607794341,2.61));
#9238=VERTEX_POINT('',#9237);
#9239=CARTESIAN_POINT('',(9.802521206,4.607794341,2.61));
#9240=DIRECTION('',(0.,0.,-1.));
#9241=VECTOR('',#9240,0.01);
#9242=LINE('',#9239,#9241);
#9243=EDGE_CURVE('',#9238,#9230,#9242,.T.);
#9244=ORIENTED_EDGE('',*,*,#9243,.F.);
#9245=CARTESIAN_POINT('',(9.802521206,4.607794341,2.61));
#9246=DIRECTION('',(-1.,0.,0.));
#9247=VECTOR('',#9246,0.56987023);
#9248=LINE('',#9245,#9247);
#9249=EDGE_CURVE('',#9238,#9207,#9248,.T.);
#9250=ORIENTED_EDGE('',*,*,#9249,.T.);
#9251=ORIENTED_EDGE('',*,*,#9212,.T.);
#9252=EDGE_LOOP('',(#9236,#9244,#9250,#9251));
#9253=FACE_BOUND('',#9252,.T.);
#9254=ADVANCED_FACE('',(#9253),#9228,.T.);
#9255=CARTESIAN_POINT('',(9.802521206,4.669143818,2.61));
#9256=DIRECTION('',(1.,0.,0.));
#9257=DIRECTION('',(0.,0.,-1.));
#9258=AXIS2_PLACEMENT_3D('',#9255,#9256,#9257);
#9259=PLANE('',#9258);
#9260=CARTESIAN_POINT('',(9.802521206,4.730493296,2.6));
#9261=DIRECTION('',(0.,-1.,0.));
#9262=VECTOR('',#9261,0.122698955);
#9263=LINE('',#9260,#9262);
#9264=EDGE_CURVE('',#8913,#9230,#9263,.T.);
#9265=ORIENTED_EDGE('',*,*,#9264,.F.);
#9266=ORIENTED_EDGE('',*,*,#8940,.F.);
#9267=CARTESIAN_POINT('',(9.802521206,4.730493296,2.61));
#9268=DIRECTION('',(0.,-1.,0.));
#9269=VECTOR('',#9268,0.122698955);
#9270=LINE('',#9267,#9269);
#9271=EDGE_CURVE('',#8929,#9238,#9270,.T.);
#9272=ORIENTED_EDGE('',*,*,#9271,.T.);
#9273=ORIENTED_EDGE('',*,*,#9243,.T.);
#9274=EDGE_LOOP('',(#9265,#9266,#9272,#9273));
#9275=FACE_BOUND('',#9274,.T.);
#9276=ADVANCED_FACE('',(#9275),#9259,.T.);
#9277=CARTESIAN_POINT('',(0.,0.,2.61));
#9278=DIRECTION('',(0.,0.,1.));
#9279=DIRECTION('',(1.,0.,0.));
#9280=AXIS2_PLACEMENT_3D('',#9277,#9278,#9279);
#9281=PLANE('',#9280);
#9282=ORIENTED_EDGE('',*,*,#8934,.F.);
#9283=ORIENTED_EDGE('',*,*,#8970,.F.);
#9284=ORIENTED_EDGE('',*,*,#9001,.F.);
#9285=ORIENTED_EDGE('',*,*,#9032,.F.);
#9286=ORIENTED_EDGE('',*,*,#9063,.F.);
#9287=ORIENTED_EDGE('',*,*,#9094,.F.);
#9288=ORIENTED_EDGE('',*,*,#9125,.F.);
#9289=ORIENTED_EDGE('',*,*,#9156,.F.);
#9290=ORIENTED_EDGE('',*,*,#9187,.F.);
#9291=ORIENTED_EDGE('',*,*,#9218,.F.);
#9292=ORIENTED_EDGE('',*,*,#9249,.F.);
#9293=ORIENTED_EDGE('',*,*,#9271,.F.);
#9294=EDGE_LOOP('',(#9282,#9283,#9284,#9285,#9286,#9287,#9288,#9289,#9290,#9291,#9292,#9293));
#9295=FACE_BOUND('',#9294,.T.);
#9296=ADVANCED_FACE('',(#9295),#9281,.T.);
#9297=CARTESIAN_POINT('',(0.,0.,2.6));
#9298=DIRECTION('',(0.,0.,1.));
#9299=DIRECTION('',(1.,0.,0.));
#9300=AXIS2_PLACEMENT_3D('',#9297,#9298,#9299);
#9301=PLANE('',#9300);
#9302=ORIENTED_EDGE('',*,*,#8918,.T.);
#9303=ORIENTED_EDGE('',*,*,#9264,.T.);
#9304=ORIENTED_EDGE('',*,*,#9235,.T.);
#9305=ORIENTED_EDGE('',*,*,#9204,.T.);
#9306=ORIENTED_EDGE('',*,*,#9173,.T.);
#9307=ORIENTED_EDGE('',*,*,#9142,.T.);
#9308=ORIENTED_EDGE('',*,*,#9111,.T.);
#9309=ORIENTED_EDGE('',*,*,#9080,.T.);
#9310=ORIENTED_EDGE('',*,*,#9049,.T.);
#9311=ORIENTED_EDGE('',*,*,#9018,.T.);
#9312=ORIENTED_EDGE('',*,*,#8987,.T.);
#9313=ORIENTED_EDGE('',*,*,#8956,.T.);
#9314=EDGE_LOOP('',(#9302,#9303,#9304,#9305,#9306,#9307,#9308,#9309,#9310,#9311,#9312,#9313));
#9315=FACE_BOUND('',#9314,.T.);
#9316=ADVANCED_FACE('',(#9315),#9301,.F.);
#9317=CLOSED_SHELL('',(#8944,#8975,#9006,#9037,#9068,#9099,#9130,#9161,#9192,#9223,#9254,#9276,#9296,#9316));
#9318=MANIFOLD_SOLID_BREP('Body 20',#9317);
#8904=STYLED_ITEM('',(#3089),#9318);
#9320=CARTESIAN_POINT('',(9.527130052,5.755715072,2.61));
#9321=DIRECTION('',(1.,0.,0.));
#9322=DIRECTION('',(0.,0.,-1.));
#9323=AXIS2_PLACEMENT_3D('',#9320,#9321,#9322);
#9324=PLANE('',#9323);
#9325=CARTESIAN_POINT('',(9.527130052,5.81706455,2.6));
#9326=VERTEX_POINT('',#9325);
#9327=CARTESIAN_POINT('',(9.527130052,5.694365595,2.6));
#9328=VERTEX_POINT('',#9327);
#9329=CARTESIAN_POINT('',(9.527130052,5.81706455,2.6));
#9330=DIRECTION('',(0.,-1.,0.));
#9331=VECTOR('',#9330,0.122698955);
#9332=LINE('',#9329,#9331);
#9333=EDGE_CURVE('',#9326,#9328,#9332,.T.);
#9334=ORIENTED_EDGE('',*,*,#9333,.F.);
#9335=CARTESIAN_POINT('',(9.527130052,5.81706455,2.61));
#9336=VERTEX_POINT('',#9335);
#9337=CARTESIAN_POINT('',(9.527130052,5.81706455,2.61));
#9338=DIRECTION('',(0.,0.,-1.));
#9339=VECTOR('',#9338,0.01);
#9340=LINE('',#9337,#9339);
#9341=EDGE_CURVE('',#9336,#9326,#9340,.T.);
#9342=ORIENTED_EDGE('',*,*,#9341,.F.);
#9343=CARTESIAN_POINT('',(9.527130052,5.694365595,2.61));
#9344=VERTEX_POINT('',#9343);
#9345=CARTESIAN_POINT('',(9.527130052,5.81706455,2.61));
#9346=DIRECTION('',(0.,-1.,0.));
#9347=VECTOR('',#9346,0.122698955);
#9348=LINE('',#9345,#9347);
#9349=EDGE_CURVE('',#9336,#9344,#9348,.T.);
#9350=ORIENTED_EDGE('',*,*,#9349,.T.);
#9351=CARTESIAN_POINT('',(9.527130052,5.694365595,2.61));
#9352=DIRECTION('',(0.,0.,-1.));
#9353=VECTOR('',#9352,0.01);
#9354=LINE('',#9351,#9353);
#9355=EDGE_CURVE('',#9344,#9328,#9354,.T.);
#9356=ORIENTED_EDGE('',*,*,#9355,.T.);
#9357=EDGE_LOOP('',(#9334,#9342,#9350,#9356));
#9358=FACE_BOUND('',#9357,.T.);
#9359=ADVANCED_FACE('',(#9358),#9324,.T.);
#9360=CARTESIAN_POINT('',(9.165166644,5.81706455,2.61));
#9361=DIRECTION('',(0.,1.,0.));
#9362=DIRECTION('',(0.,0.,1.));
#9363=AXIS2_PLACEMENT_3D('',#9360,#9361,#9362);
#9364=PLANE('',#9363);
#9365=CARTESIAN_POINT('',(8.803203236,5.81706455,2.6));
#9366=VERTEX_POINT('',#9365);
#9367=CARTESIAN_POINT('',(8.803203236,5.81706455,2.6));
#9368=DIRECTION('',(1.,0.,-0.));
#9369=VECTOR('',#9368,0.723926816);
#9370=LINE('',#9367,#9369);
#9371=EDGE_CURVE('',#9366,#9326,#9370,.T.);
#9372=ORIENTED_EDGE('',*,*,#9371,.F.);
#9373=CARTESIAN_POINT('',(8.803203236,5.81706455,2.61));
#9374=VERTEX_POINT('',#9373);
#9375=CARTESIAN_POINT('',(8.803203236,5.81706455,2.61));
#9376=DIRECTION('',(0.,0.,-1.));
#9377=VECTOR('',#9376,0.01);
#9378=LINE('',#9375,#9377);
#9379=EDGE_CURVE('',#9374,#9366,#9378,.T.);
#9380=ORIENTED_EDGE('',*,*,#9379,.F.);
#9381=CARTESIAN_POINT('',(8.803203236,5.81706455,2.61));
#9382=DIRECTION('',(1.,0.,-0.));
#9383=VECTOR('',#9382,0.723926816);
#9384=LINE('',#9381,#9383);
#9385=EDGE_CURVE('',#9374,#9336,#9384,.T.);
#9386=ORIENTED_EDGE('',*,*,#9385,.T.);
#9387=ORIENTED_EDGE('',*,*,#9341,.T.);
#9388=EDGE_LOOP('',(#9372,#9380,#9386,#9387));
#9389=FACE_BOUND('',#9388,.T.);
#9390=ADVANCED_FACE('',(#9389),#9364,.T.);
#9391=CARTESIAN_POINT('',(8.803203236,5.755715072,2.61));
#9392=DIRECTION('',(-1.,0.,0.));
#9393=DIRECTION('',(0.,0.,1.));
#9394=AXIS2_PLACEMENT_3D('',#9391,#9392,#9393);
#9395=PLANE('',#9394);
#9396=CARTESIAN_POINT('',(8.803203236,5.694365595,2.6));
#9397=VERTEX_POINT('',#9396);
#9398=CARTESIAN_POINT('',(8.803203236,5.694365595,2.6));
#9399=DIRECTION('',(0.,1.,0.));
#9400=VECTOR('',#9399,0.122698955);
#9401=LINE('',#9398,#9400);
#9402=EDGE_CURVE('',#9397,#9366,#9401,.T.);
#9403=ORIENTED_EDGE('',*,*,#9402,.F.);
#9404=CARTESIAN_POINT('',(8.803203236,5.694365595,2.61));
#9405=VERTEX_POINT('',#9404);
#9406=CARTESIAN_POINT('',(8.803203236,5.694365595,2.61));
#9407=DIRECTION('',(0.,0.,-1.));
#9408=VECTOR('',#9407,0.01);
#9409=LINE('',#9406,#9408);
#9410=EDGE_CURVE('',#9405,#9397,#9409,.T.);
#9411=ORIENTED_EDGE('',*,*,#9410,.F.);
#9412=CARTESIAN_POINT('',(8.803203236,5.694365595,2.61));
#9413=DIRECTION('',(0.,1.,0.));
#9414=VECTOR('',#9413,0.122698955);
#9415=LINE('',#9412,#9414);
#9416=EDGE_CURVE('',#9405,#9374,#9415,.T.);
#9417=ORIENTED_EDGE('',*,*,#9416,.T.);
#9418=ORIENTED_EDGE('',*,*,#9379,.T.);
#9419=EDGE_LOOP('',(#9403,#9411,#9417,#9418));
#9420=FACE_BOUND('',#9419,.T.);
#9421=ADVANCED_FACE('',(#9420),#9395,.T.);
#9422=CARTESIAN_POINT('',(9.165166644,5.694365595,2.61));
#9423=DIRECTION('',(0.,-1.,0.));
#9424=DIRECTION('',(0.,0.,-1.));
#9425=AXIS2_PLACEMENT_3D('',#9422,#9423,#9424);
#9426=PLANE('',#9425);
#9427=CARTESIAN_POINT('',(9.527130052,5.694365595,2.6));
#9428=DIRECTION('',(-1.,0.,0.));
#9429=VECTOR('',#9428,0.723926816);
#9430=LINE('',#9427,#9429);
#9431=EDGE_CURVE('',#9328,#9397,#9430,.T.);
#9432=ORIENTED_EDGE('',*,*,#9431,.F.);
#9433=ORIENTED_EDGE('',*,*,#9355,.F.);
#9434=CARTESIAN_POINT('',(9.527130052,5.694365595,2.61));
#9435=DIRECTION('',(-1.,0.,0.));
#9436=VECTOR('',#9435,0.723926816);
#9437=LINE('',#9434,#9436);
#9438=EDGE_CURVE('',#9344,#9405,#9437,.T.);
#9439=ORIENTED_EDGE('',*,*,#9438,.T.);
#9440=ORIENTED_EDGE('',*,*,#9410,.T.);
#9441=EDGE_LOOP('',(#9432,#9433,#9439,#9440));
#9442=FACE_BOUND('',#9441,.T.);
#9443=ADVANCED_FACE('',(#9442),#9426,.T.);
#9444=CARTESIAN_POINT('',(0.,0.,2.61));
#9445=DIRECTION('',(0.,0.,1.));
#9446=DIRECTION('',(1.,0.,0.));
#9447=AXIS2_PLACEMENT_3D('',#9444,#9445,#9446);
#9448=PLANE('',#9447);
#9449=ORIENTED_EDGE('',*,*,#9349,.F.);
#9450=ORIENTED_EDGE('',*,*,#9385,.F.);
#9451=ORIENTED_EDGE('',*,*,#9416,.F.);
#9452=ORIENTED_EDGE('',*,*,#9438,.F.);
#9453=EDGE_LOOP('',(#9449,#9450,#9451,#9452));
#9454=FACE_BOUND('',#9453,.T.);
#9455=ADVANCED_FACE('',(#9454),#9448,.T.);
#9456=CARTESIAN_POINT('',(0.,0.,2.6));
#9457=DIRECTION('',(0.,0.,1.));
#9458=DIRECTION('',(1.,0.,0.));
#9459=AXIS2_PLACEMENT_3D('',#9456,#9457,#9458);
#9460=PLANE('',#9459);
#9461=ORIENTED_EDGE('',*,*,#9333,.T.);
#9462=ORIENTED_EDGE('',*,*,#9431,.T.);
#9463=ORIENTED_EDGE('',*,*,#9402,.T.);
#9464=ORIENTED_EDGE('',*,*,#9371,.T.);
#9465=EDGE_LOOP('',(#9461,#9462,#9463,#9464));
#9466=FACE_BOUND('',#9465,.T.);
#9467=ADVANCED_FACE('',(#9466),#9460,.F.);
#9468=CLOSED_SHELL('',(#9359,#9390,#9421,#9443,#9455,#9467));
#9469=MANIFOLD_SOLID_BREP('Body 29',#9468);
#9319=STYLED_ITEM('',(#3089),#9469);
#9471=CARTESIAN_POINT('',(11.452612467,7.178544067,2.61));
#9472=DIRECTION('',(-0.990830542,0.135110459,0.));
#9473=DIRECTION('',(-0.135110459,-0.990830542,0.));
#9474=AXIS2_PLACEMENT_3D('',#9471,#9472,#9473);
#9475=PLANE('',#9474);
#9476=CARTESIAN_POINT('',(11.436252855,7.058571093,2.6));
#9477=VERTEX_POINT('',#9476);
#9478=CARTESIAN_POINT('',(11.468972079,7.298517041,2.6));
#9479=VERTEX_POINT('',#9478);
#9480=CARTESIAN_POINT('',(11.436252855,7.058571093,2.6));
#9481=DIRECTION('',(0.135110459,0.990830542,0.));
#9482=VECTOR('',#9481,0.242166483);
#9483=LINE('',#9480,#9482);
#9484=EDGE_CURVE('',#9477,#9479,#9483,.T.);
#9485=ORIENTED_EDGE('',*,*,#9484,.F.);
#9486=CARTESIAN_POINT('',(11.436252855,7.058571093,2.61));
#9487=VERTEX_POINT('',#9486);
#9488=CARTESIAN_POINT('',(11.436252855,7.058571093,2.61));
#9489=DIRECTION('',(0.,0.,-1.));
#9490=VECTOR('',#9489,0.01);
#9491=LINE('',#9488,#9490);
#9492=EDGE_CURVE('',#9487,#9477,#9491,.T.);
#9493=ORIENTED_EDGE('',*,*,#9492,.F.);
#9494=CARTESIAN_POINT('',(11.468972079,7.298517041,2.61));
#9495=VERTEX_POINT('',#9494);
#9496=CARTESIAN_POINT('',(11.436252855,7.058571093,2.61));
#9497=DIRECTION('',(0.135110459,0.990830542,0.));
#9498=VECTOR('',#9497,0.242166483);
#9499=LINE('',#9496,#9498);
#9500=EDGE_CURVE('',#9487,#9495,#9499,.T.);
#9501=ORIENTED_EDGE('',*,*,#9500,.T.);
#9502=CARTESIAN_POINT('',(11.468972079,7.298517041,2.61));
#9503=DIRECTION('',(0.,0.,-1.));
#9504=VECTOR('',#9503,0.01);
#9505=LINE('',#9502,#9504);
#9506=EDGE_CURVE('',#9495,#9479,#9505,.T.);
#9507=ORIENTED_EDGE('',*,*,#9506,.T.);
#9508=EDGE_LOOP('',(#9485,#9493,#9501,#9507));
#9509=FACE_BOUND('',#9508,.T.);
#9510=ADVANCED_FACE('',(#9509),#9475,.T.);
#9511=CARTESIAN_POINT('',(11.628481559,6.401447579,2.61));
#9512=CARTESIAN_POINT('',(11.628481559,6.401447579,2.6));
#9513=CARTESIAN_POINT('',(11.683923192,6.464160979,2.61));
#9514=CARTESIAN_POINT('',(11.683923192,6.464160979,2.6));
#9515=CARTESIAN_POINT('',(11.711644009,6.557322107,2.61));
#9516=CARTESIAN_POINT('',(11.711644009,6.557322107,2.6));
#9517=CARTESIAN_POINT('',(11.711644009,6.680930033,2.61));
#9518=CARTESIAN_POINT('',(11.711644009,6.680930033,2.6));
#9519=CARTESIAN_POINT('',(11.711644009,6.796358153,2.61));
#9520=CARTESIAN_POINT('',(11.711644009,6.796358153,2.6));
#9521=CARTESIAN_POINT('',(11.69142127,6.881565787,2.61));
#9522=CARTESIAN_POINT('',(11.69142127,6.881565787,2.6));
#9523=CARTESIAN_POINT('',(11.650976725,6.936552934,2.61));
#9524=CARTESIAN_POINT('',(11.650976725,6.936552934,2.6));
#9525=CARTESIAN_POINT('',(11.610531248,6.991541013,2.61));
#9526=CARTESIAN_POINT('',(11.610531248,6.991541013,2.6));
#9527=CARTESIAN_POINT('',(11.538956314,7.032213733,2.61));
#9528=CARTESIAN_POINT('',(11.538956314,7.032213733,2.6));
#9529=CARTESIAN_POINT('',(11.436252855,7.058571093,2.61));
#9530=CARTESIAN_POINT('',(11.436252855,7.058571093,2.6));
#9531=B_SPLINE_SURFACE_WITH_KNOTS('',3,1,((#9511,#9512),(#9513,#9514),(#9515,#9516),(#9517,#9518),(#9519,#9520),(#9521,#9522),(#9523,#9524),(#9525,#9526),(#9527,#9528),(#9529,#9530)),.UNSPECIFIED.,.F.,.F.,.U.,(4,3,3,4),(2,2),(0.43672322,0.633146579,0.81657154,1.),(0.,1.),.UNSPECIFIED.);
#9532=CARTESIAN_POINT('',(11.628481559,6.401447579,2.6));
#9533=VERTEX_POINT('',#9532);
#9534=CARTESIAN_POINT('',(11.628481559,6.401447579,2.6));
#9535=CARTESIAN_POINT('',(11.683923192,6.464160979,2.6));
#9536=CARTESIAN_POINT('',(11.711644009,6.557322107,2.6));
#9537=CARTESIAN_POINT('',(11.711644009,6.680930033,2.6));
#9538=CARTESIAN_POINT('',(11.711644009,6.796358153,2.6));
#9539=CARTESIAN_POINT('',(11.69142127,6.881565787,2.6));
#9540=CARTESIAN_POINT('',(11.650976725,6.936552934,2.6));
#9541=CARTESIAN_POINT('',(11.610531248,6.991541013,2.6));
#9542=CARTESIAN_POINT('',(11.538956314,7.032213733,2.6));
#9543=CARTESIAN_POINT('',(11.436252855,7.058571093,2.6));
#9544=B_SPLINE_CURVE_WITH_KNOTS('',3,(#9534,#9535,#9536,#9537,#9538,#9539,#9540,#9541,#9542,#9543),.UNSPECIFIED.,.F.,.F.,(4,3,3,4),(0.43672322,0.633146579,0.81657154,1.),.UNSPECIFIED.);
#9545=EDGE_CURVE('',#9533,#9477,#9544,.T.);
#9546=ORIENTED_EDGE('',*,*,#9545,.F.);
#9547=CARTESIAN_POINT('',(11.628481559,6.401447579,2.61));
#9548=VERTEX_POINT('',#9547);
#9549=CARTESIAN_POINT('',(11.628481559,6.401447579,2.61));
#9550=DIRECTION('',(0.,0.,-1.));
#9551=VECTOR('',#9550,0.01);
#9552=LINE('',#9549,#9551);
#9553=EDGE_CURVE('',#9548,#9533,#9552,.T.);
#9554=ORIENTED_EDGE('',*,*,#9553,.F.);
#9555=CARTESIAN_POINT('',(11.628481559,6.401447579,2.61));
#9556=CARTESIAN_POINT('',(11.683923192,6.464160979,2.61));
#9557=CARTESIAN_POINT('',(11.711644009,6.557322107,2.61));
#9558=CARTESIAN_POINT('',(11.711644009,6.680930033,2.61));
#9559=CARTESIAN_POINT('',(11.711644009,6.796358153,2.61));
#9560=CARTESIAN_POINT('',(11.69142127,6.881565787,2.61));
#9561=CARTESIAN_POINT('',(11.650976725,6.936552934,2.61));
#9562=CARTESIAN_POINT('',(11.610531248,6.991541013,2.61));
#9563=CARTESIAN_POINT('',(11.538956314,7.032213733,2.61));
#9564=CARTESIAN_POINT('',(11.436252855,7.058571093,2.61));
#9565=B_SPLINE_CURVE_WITH_KNOTS('',3,(#9555,#9556,#9557,#9558,#9559,#9560,#9561,#9562,#9563,#9564),.UNSPECIFIED.,.F.,.F.,(4,3,3,4),(0.43672322,0.633146579,0.81657154,1.),.UNSPECIFIED.);
#9566=EDGE_CURVE('',#9548,#9487,#9565,.T.);
#9567=ORIENTED_EDGE('',*,*,#9566,.T.);
#9568=ORIENTED_EDGE('',*,*,#9492,.T.);
#9569=EDGE_LOOP('',(#9546,#9554,#9567,#9568));
#9570=FACE_BOUND('',#9569,.T.);
#9571=ADVANCED_FACE('',(#9570),#9531,.T.);
#9572=CARTESIAN_POINT('',(11.353089474,6.333281286,2.61));
#9573=CARTESIAN_POINT('',(11.353089474,6.333281286,2.6));
#9574=CARTESIAN_POINT('',(11.386718601,6.332372315,2.61));
#9575=CARTESIAN_POINT('',(11.386718601,6.332372315,2.6));
#9576=CARTESIAN_POINT('',(11.408077553,6.33191783,2.61));
#9577=CARTESIAN_POINT('',(11.408077553,6.33191783,2.6));
#9578=CARTESIAN_POINT('',(11.41716633,6.33191783,2.61));
#9579=CARTESIAN_POINT('',(11.41716633,6.33191783,2.6));
#9580=CARTESIAN_POINT('',(11.517142842,6.33191783,2.61));
#9581=CARTESIAN_POINT('',(11.517142842,6.33191783,2.6));
#9582=CARTESIAN_POINT('',(11.587581549,6.355094707,2.61));
#9583=CARTESIAN_POINT('',(11.587581549,6.355094707,2.6));
#9584=CARTESIAN_POINT('',(11.628481517,6.401447531,2.61));
#9585=CARTESIAN_POINT('',(11.628481517,6.401447531,2.6));
#9586=B_SPLINE_SURFACE_WITH_KNOTS('',3,1,((#9572,#9573),(#9574,#9575),(#9576,#9577),(#9578,#9579),(#9580,#9581),(#9582,#9583),(#9584,#9585)),.UNSPECIFIED.,.F.,.F.,.U.,(4,3,4),(2,2),(0.278476597,0.291663816,0.43672317),(0.,1.),.UNSPECIFIED.);
#9587=CARTESIAN_POINT('',(11.353089474,6.333281286,2.6));
#9588=VERTEX_POINT('',#9587);
#9589=CARTESIAN_POINT('',(11.353089474,6.333281286,2.6));
#9590=CARTESIAN_POINT('',(11.386718601,6.332372315,2.6));
#9591=CARTESIAN_POINT('',(11.408077553,6.33191783,2.6));
#9592=CARTESIAN_POINT('',(11.41716633,6.33191783,2.6));
#9593=CARTESIAN_POINT('',(11.517142877,6.33191783,2.6));
#9594=CARTESIAN_POINT('',(11.587581597,6.355094723,2.6));
#9595=CARTESIAN_POINT('',(11.628481559,6.401447579,2.6));
#9596=B_SPLINE_CURVE_WITH_KNOTS('',3,(#9589,#9590,#9591,#9592,#9593,#9594,#9595),.UNSPECIFIED.,.F.,.F.,(4,3,4),(0.278476597,0.291663816,0.43672322),.UNSPECIFIED.);
#9597=EDGE_CURVE('',#9588,#9533,#9596,.T.);
#9598=ORIENTED_EDGE('',*,*,#9597,.F.);
#9599=CARTESIAN_POINT('',(11.353089474,6.333281286,2.61));
#9600=VERTEX_POINT('',#9599);
#9601=CARTESIAN_POINT('',(11.353089474,6.333281286,2.61));
#9602=DIRECTION('',(0.,0.,-1.));
#9603=VECTOR('',#9602,0.01);
#9604=LINE('',#9601,#9603);
#9605=EDGE_CURVE('',#9600,#9588,#9604,.T.);
#9606=ORIENTED_EDGE('',*,*,#9605,.F.);
#9607=CARTESIAN_POINT('',(11.353089474,6.333281286,2.61));
#9608=CARTESIAN_POINT('',(11.386718601,6.332372315,2.61));
#9609=CARTESIAN_POINT('',(11.408077553,6.33191783,2.61));
#9610=CARTESIAN_POINT('',(11.41716633,6.33191783,2.61));
#9611=CARTESIAN_POINT('',(11.517142877,6.33191783,2.61));
#9612=CARTESIAN_POINT('',(11.587581597,6.355094723,2.61));
#9613=CARTESIAN_POINT('',(11.628481559,6.401447579,2.61));
#9614=B_SPLINE_CURVE_WITH_KNOTS('',3,(#9607,#9608,#9609,#9610,#9611,#9612,#9613),.UNSPECIFIED.,.F.,.F.,(4,3,4),(0.278476597,0.291663816,0.43672322),.UNSPECIFIED.);
#9615=EDGE_CURVE('',#9600,#9548,#9614,.T.);
#9616=ORIENTED_EDGE('',*,*,#9615,.T.);
#9617=ORIENTED_EDGE('',*,*,#9553,.T.);
#9618=EDGE_LOOP('',(#9598,#9606,#9616,#9617));
#9619=FACE_BOUND('',#9618,.T.);
#9620=ADVANCED_FACE('',(#9619),#9586,.T.);
#9621=CARTESIAN_POINT('',(11.268563569,6.770909764,2.61));
#9622=CARTESIAN_POINT('',(11.268563569,6.770909764,2.6));
#9623=CARTESIAN_POINT('',(11.292194016,6.572772749,2.61));
#9624=CARTESIAN_POINT('',(11.292194016,6.572772749,2.6));
#9625=CARTESIAN_POINT('',(11.320369318,6.4268969,2.61));
#9626=CARTESIAN_POINT('',(11.320369318,6.4268969,2.6));
#9627=CARTESIAN_POINT('',(11.353089474,6.333281286,2.61));
#9628=CARTESIAN_POINT('',(11.353089474,6.333281286,2.6));
#9629=B_SPLINE_SURFACE_WITH_KNOTS('',3,1,((#9621,#9622),(#9623,#9624),(#9625,#9626),(#9627,#9628)),.UNSPECIFIED.,.F.,.F.,.U.,(4,4),(2,2),(0.239602977,0.278476597),(0.,1.),.UNSPECIFIED.);
#9630=CARTESIAN_POINT('',(11.268563569,6.770909764,2.6));
#9631=VERTEX_POINT('',#9630);
#9632=CARTESIAN_POINT('',(11.268563569,6.770909764,2.6));
#9633=CARTESIAN_POINT('',(11.292194016,6.572772749,2.6));
#9634=CARTESIAN_POINT('',(11.320369318,6.4268969,2.6));
#9635=CARTESIAN_POINT('',(11.353089474,6.333281286,2.6));
#9636=B_SPLINE_CURVE_WITH_KNOTS('',3,(#9632,#9633,#9634,#9635),.UNSPECIFIED.,.F.,.F.,(4,4),(0.239602977,0.278476597),.UNSPECIFIED.);
#9637=EDGE_CURVE('',#9631,#9588,#9636,.T.);
#9638=ORIENTED_EDGE('',*,*,#9637,.F.);
#9639=CARTESIAN_POINT('',(11.268563569,6.770909764,2.61));
#9640=VERTEX_POINT('',#9639);
#9641=CARTESIAN_POINT('',(11.268563569,6.770909764,2.61));
#9642=DIRECTION('',(0.,0.,-1.));
#9643=VECTOR('',#9642,0.01);
#9644=LINE('',#9641,#9643);
#9645=EDGE_CURVE('',#9640,#9631,#9644,.T.);
#9646=ORIENTED_EDGE('',*,*,#9645,.F.);
#9647=CARTESIAN_POINT('',(11.268563569,6.770909764,2.61));
#9648=CARTESIAN_POINT('',(11.292194016,6.572772749,2.61));
#9649=CARTESIAN_POINT('',(11.320369318,6.4268969,2.61));
#9650=CARTESIAN_POINT('',(11.353089474,6.333281286,2.61));
#9651=B_SPLINE_CURVE_WITH_KNOTS('',3,(#9647,#9648,#9649,#9650),.UNSPECIFIED.,.F.,.F.,(4,4),(0.239602977,0.278476597),.UNSPECIFIED.);
#9652=EDGE_CURVE('',#9640,#9600,#9651,.T.);
#9653=ORIENTED_EDGE('',*,*,#9652,.T.);
#9654=ORIENTED_EDGE('',*,*,#9605,.T.);
#9655=EDGE_LOOP('',(#9638,#9646,#9653,#9654));
#9656=FACE_BOUND('',#9655,.T.);
#9657=ADVANCED_FACE('',(#9656),#9629,.T.);
#9658=CARTESIAN_POINT('',(11.231753975,6.989041343,2.61));
#9659=CARTESIAN_POINT('',(11.231753975,6.989041343,2.6));
#9660=CARTESIAN_POINT('',(11.244477704,6.940870546,2.61));
#9661=CARTESIAN_POINT('',(11.244477704,6.940870546,2.6));
#9662=CARTESIAN_POINT('',(11.256747879,6.86816033,2.61));
#9663=CARTESIAN_POINT('',(11.256747879,6.86816033,2.6));
#9664=CARTESIAN_POINT('',(11.268563569,6.770909764,2.61));
#9665=CARTESIAN_POINT('',(11.268563569,6.770909764,2.6));
#9666=B_SPLINE_SURFACE_WITH_KNOTS('',3,1,((#9658,#9659),(#9660,#9661),(#9662,#9663),(#9664,#9665)),.UNSPECIFIED.,.F.,.F.,.U.,(4,4),(2,2),(0.22051778,0.239602977),(0.,1.),.UNSPECIFIED.);
#9667=CARTESIAN_POINT('',(11.231753975,6.989041343,2.6));
#9668=VERTEX_POINT('',#9667);
#9669=CARTESIAN_POINT('',(11.231753975,6.989041343,2.6));
#9670=CARTESIAN_POINT('',(11.244477704,6.940870546,2.6));
#9671=CARTESIAN_POINT('',(11.256747879,6.86816033,2.6));
#9672=CARTESIAN_POINT('',(11.268563569,6.770909764,2.6));
#9673=B_SPLINE_CURVE_WITH_KNOTS('',3,(#9669,#9670,#9671,#9672),.UNSPECIFIED.,.F.,.F.,(4,4),(0.22051778,0.239602977),.UNSPECIFIED.);
#9674=EDGE_CURVE('',#9668,#9631,#9673,.T.);
#9675=ORIENTED_EDGE('',*,*,#9674,.F.);
#9676=CARTESIAN_POINT('',(11.231753975,6.989041343,2.61));
#9677=VERTEX_POINT('',#9676);
#9678=CARTESIAN_POINT('',(11.231753975,6.989041343,2.61));
#9679=DIRECTION('',(0.,0.,-1.));
#9680=VECTOR('',#9679,0.01);
#9681=LINE('',#9678,#9680);
#9682=EDGE_CURVE('',#9677,#9668,#9681,.T.);
#9683=ORIENTED_EDGE('',*,*,#9682,.F.);
#9684=CARTESIAN_POINT('',(11.231753975,6.989041343,2.61));
#9685=CARTESIAN_POINT('',(11.244477704,6.940870546,2.61));
#9686=CARTESIAN_POINT('',(11.256747879,6.86816033,2.61));
#9687=CARTESIAN_POINT('',(11.268563569,6.770909764,2.61));
#9688=B_SPLINE_CURVE_WITH_KNOTS('',3,(#9684,#9685,#9686,#9687),.UNSPECIFIED.,.F.,.F.,(4,4),(0.22051778,0.239602977),.UNSPECIFIED.);
#9689=EDGE_CURVE('',#9677,#9640,#9688,.T.);
#9690=ORIENTED_EDGE('',*,*,#9689,.T.);
#9691=ORIENTED_EDGE('',*,*,#9645,.T.);
#9692=EDGE_LOOP('',(#9675,#9683,#9690,#9691));
#9693=FACE_BOUND('',#9692,.T.);
#9694=ADVANCED_FACE('',(#9693),#9666,.T.);
#9695=CARTESIAN_POINT('',(10.612803511,6.312831305,2.61));
#9696=CARTESIAN_POINT('',(10.612803511,6.312831305,2.6));
#9697=CARTESIAN_POINT('',(10.535548441,6.403720006,2.61));
#9698=CARTESIAN_POINT('',(10.535548441,6.403720006,2.6));
#9699=CARTESIAN_POINT('',(10.481014848,6.491200067,2.61));
#9700=CARTESIAN_POINT('',(10.481014848,6.491200067,2.6));
#9701=CARTESIAN_POINT('',(10.449203663,6.575272419,2.61));
#9702=CARTESIAN_POINT('',(10.449203663,6.575272419,2.6));
#9703=CARTESIAN_POINT('',(10.417393409,6.659343839,2.61));
#9704=CARTESIAN_POINT('',(10.417393409,6.659343839,2.6));
#9705=CARTESIAN_POINT('',(10.40148735,6.749550812,2.61));
#9706=CARTESIAN_POINT('',(10.40148735,6.749550812,2.6));
#9707=CARTESIAN_POINT('',(10.40148735,6.845892407,2.61));
#9708=CARTESIAN_POINT('',(10.40148735,6.845892407,2.6));
#9709=CARTESIAN_POINT('',(10.40148735,7.004947402,2.61));
#9710=CARTESIAN_POINT('',(10.40148735,7.004947402,2.6));
#9711=CARTESIAN_POINT('',(10.440342128,7.127191871,2.61));
#9712=CARTESIAN_POINT('',(10.440342128,7.127191871,2.6));
#9713=CARTESIAN_POINT('',(10.518051684,7.212626748,2.61));
#9714=CARTESIAN_POINT('',(10.518051684,7.212626748,2.6));
#9715=CARTESIAN_POINT('',(10.59576124,7.298062555,2.61));
#9716=CARTESIAN_POINT('',(10.59576124,7.298062555,2.6));
#9717=CARTESIAN_POINT('',(10.69505699,7.340779528,2.61));
#9718=CARTESIAN_POINT('',(10.69505699,7.340779528,2.6));
#9719=CARTESIAN_POINT('',(10.815938935,7.340779528,2.61));
#9720=CARTESIAN_POINT('',(10.815938935,7.340779528,2.6));
#9721=CARTESIAN_POINT('',(10.88683214,7.340779528,2.61));
#9722=CARTESIAN_POINT('',(10.88683214,7.340779528,2.6));
#9723=CARTESIAN_POINT('',(10.951589793,7.324647158,2.61));
#9724=CARTESIAN_POINT('',(10.951589793,7.324647158,2.6));
#9725=CARTESIAN_POINT('',(11.010212824,7.292381488,2.61));
#9726=CARTESIAN_POINT('',(11.010212824,7.292381488,2.6));
#9727=CARTESIAN_POINT('',(11.068835855,7.260116749,2.61));
#9728=CARTESIAN_POINT('',(11.068835855,7.260116749,2.6));
#9729=CARTESIAN_POINT('',(11.115870439,7.21785333,2.61));
#9730=CARTESIAN_POINT('',(11.115870439,7.21785333,2.6));
#9731=CARTESIAN_POINT('',(11.151317507,7.165592164,2.61));
#9732=CARTESIAN_POINT('',(11.151317507,7.165592164,2.6));
#9733=CARTESIAN_POINT('',(11.186763644,7.113331929,2.61));
#9734=CARTESIAN_POINT('',(11.186763644,7.113331929,2.6));
#9735=CARTESIAN_POINT('',(11.21357549,7.054480724,2.61));
#9736=CARTESIAN_POINT('',(11.21357549,7.054480724,2.6));
#9737=CARTESIAN_POINT('',(11.231753975,6.989041343,2.61));
#9738=CARTESIAN_POINT('',(11.231753975,6.989041343,2.6));
#9739=B_SPLINE_SURFACE_WITH_KNOTS('',3,1,((#9695,#9696),(#9697,#9698),(#9699,#9700),(#9701,#9702),(#9703,#9704),(#9705,#9706),(#9707,#9708),(#9709,#9710),(#9711,#9712),(#9713,#9714),(#9715,#9716),(#9717,#9718),(#9719,#9720),(#9721,#9722),(#9723,#9724),(#9725,#9726),(#9727,#9728),(#9729,#9730),(#9731,#9732),(#9733,#9734),(#9735,#9736),(#9737,#9738)),.UNSPECIFIED.,.F.,.F.,.U.,(4,3,3,3,3,3,3,4),(2,2),(0.,0.026871203,0.053742047,0.098104422,0.142467062,0.168484262,0.194501287,0.22051778),(0.,1.),.UNSPECIFIED.);
#9740=CARTESIAN_POINT('',(10.612803511,6.312831305,2.6));
#9741=VERTEX_POINT('',#9740);
#9742=CARTESIAN_POINT('',(10.612803511,6.312831305,2.6));
#9743=CARTESIAN_POINT('',(10.535548441,6.403720006,2.6));
#9744=CARTESIAN_POINT('',(10.481014848,6.491200067,2.6));
#9745=CARTESIAN_POINT('',(10.449203663,6.575272419,2.6));
#9746=CARTESIAN_POINT('',(10.417393409,6.659343839,2.6));
#9747=CARTESIAN_POINT('',(10.40148735,6.749550812,2.6));
#9748=CARTESIAN_POINT('',(10.40148735,6.845892407,2.6));
#9749=CARTESIAN_POINT('',(10.40148735,7.004947402,2.6));
#9750=CARTESIAN_POINT('',(10.440342128,7.127191871,2.6));
#9751=CARTESIAN_POINT('',(10.518051684,7.212626748,2.6));
#9752=CARTESIAN_POINT('',(10.59576124,7.298062555,2.6));
#9753=CARTESIAN_POINT('',(10.69505699,7.340779528,2.6));
#9754=CARTESIAN_POINT('',(10.815938935,7.340779528,2.6));
#9755=CARTESIAN_POINT('',(10.88683214,7.340779528,2.6));
#9756=CARTESIAN_POINT('',(10.951589793,7.324647158,2.6));
#9757=CARTESIAN_POINT('',(11.010212824,7.292381488,2.6));
#9758=CARTESIAN_POINT('',(11.068835855,7.260116749,2.6));
#9759=CARTESIAN_POINT('',(11.115870439,7.21785333,2.6));
#9760=CARTESIAN_POINT('',(11.151317507,7.165592164,2.6));
#9761=CARTESIAN_POINT('',(11.186763644,7.113331929,2.6));
#9762=CARTESIAN_POINT('',(11.21357549,7.054480724,2.6));
#9763=CARTESIAN_POINT('',(11.231753975,6.989041343,2.6));
#9764=B_SPLINE_CURVE_WITH_KNOTS('',3,(#9742,#9743,#9744,#9745,#9746,#9747,#9748,#9749,#9750,#9751,#9752,#9753,#9754,#9755,#9756,#9757,#9758,#9759,#9760,#9761,#9762,#9763),.UNSPECIFIED.,.F.,.F.,(4,3,3,3,3,3,3,4),(0.,0.026871203,0.053742047,0.098104422,0.142467062,0.168484262,0.194501287,0.22051778),.UNSPECIFIED.);
#9765=EDGE_CURVE('',#9741,#9668,#9764,.T.);
#9766=ORIENTED_EDGE('',*,*,#9765,.F.);
#9767=CARTESIAN_POINT('',(10.612803511,6.312831305,2.61));
#9768=VERTEX_POINT('',#9767);
#9769=CARTESIAN_POINT('',(10.612803511,6.312831305,2.61));
#9770=DIRECTION('',(0.,0.,-1.));
#9771=VECTOR('',#9770,0.01);
#9772=LINE('',#9769,#9771);
#9773=EDGE_CURVE('',#9768,#9741,#9772,.T.);
#9774=ORIENTED_EDGE('',*,*,#9773,.F.);
#9775=CARTESIAN_POINT('',(10.612803511,6.312831305,2.61));
#9776=CARTESIAN_POINT('',(10.535548441,6.403720006,2.61));
#9777=CARTESIAN_POINT('',(10.481014848,6.491200067,2.61));
#9778=CARTESIAN_POINT('',(10.449203663,6.575272419,2.61));
#9779=CARTESIAN_POINT('',(10.417393409,6.659343839,2.61));
#9780=CARTESIAN_POINT('',(10.40148735,6.749550812,2.61));
#9781=CARTESIAN_POINT('',(10.40148735,6.845892407,2.61));
#9782=CARTESIAN_POINT('',(10.40148735,7.004947402,2.61));
#9783=CARTESIAN_POINT('',(10.440342128,7.127191871,2.61));
#9784=CARTESIAN_POINT('',(10.518051684,7.212626748,2.61));
#9785=CARTESIAN_POINT('',(10.59576124,7.298062555,2.61));
#9786=CARTESIAN_POINT('',(10.69505699,7.340779528,2.61));
#9787=CARTESIAN_POINT('',(10.815938935,7.340779528,2.61));
#9788=CARTESIAN_POINT('',(10.88683214,7.340779528,2.61));
#9789=CARTESIAN_POINT('',(10.951589793,7.324647158,2.61));
#9790=CARTESIAN_POINT('',(11.010212824,7.292381488,2.61));
#9791=CARTESIAN_POINT('',(11.068835855,7.260116749,2.61));
#9792=CARTESIAN_POINT('',(11.115870439,7.21785333,2.61));
#9793=CARTESIAN_POINT('',(11.151317507,7.165592164,2.61));
#9794=CARTESIAN_POINT('',(11.186763644,7.113331929,2.61));
#9795=CARTESIAN_POINT('',(11.21357549,7.054480724,2.61));
#9796=CARTESIAN_POINT('',(11.231753975,6.989041343,2.61));
#9797=B_SPLINE_CURVE_WITH_KNOTS('',3,(#9775,#9776,#9777,#9778,#9779,#9780,#9781,#9782,#9783,#9784,#9785,#9786,#9787,#9788,#9789,#9790,#9791,#9792,#9793,#9794,#9795,#9796),.UNSPECIFIED.,.F.,.F.,(4,3,3,3,3,3,3,4),(0.,0.026871203,0.053742047,0.098104422,0.142467062,0.168484262,0.194501287,0.22051778),.UNSPECIFIED.);
#9798=EDGE_CURVE('',#9768,#9677,#9797,.T.);
#9799=ORIENTED_EDGE('',*,*,#9798,.T.);
#9800=ORIENTED_EDGE('',*,*,#9682,.T.);
#9801=EDGE_LOOP('',(#9766,#9774,#9799,#9800));
#9802=FACE_BOUND('',#9801,.T.);
#9803=ADVANCED_FACE('',(#9802),#9739,.T.);
#9804=CARTESIAN_POINT('',(10.434207753,6.26375166,2.61));
#9805=CARTESIAN_POINT('',(10.434207753,6.26375166,2.6));
#9806=CARTESIAN_POINT('',(10.485105409,6.28920091,2.61));
#9807=CARTESIAN_POINT('',(10.485105409,6.28920091,2.6));
#9808=CARTESIAN_POINT('',(10.544637328,6.305560481,2.61));
#9809=CARTESIAN_POINT('',(10.544637328,6.305560481,2.6));
#9810=CARTESIAN_POINT('',(10.612803511,6.312831305,2.61));
#9811=CARTESIAN_POINT('',(10.612803511,6.312831305,2.6));
#9812=B_SPLINE_SURFACE_WITH_KNOTS('',3,1,((#9804,#9805),(#9806,#9807),(#9808,#9809),(#9810,#9811)),.UNSPECIFIED.,.F.,.F.,.U.,(4,4),(2,2),(0.000001617,1.),(0.,1.),.UNSPECIFIED.);
#9813=CARTESIAN_POINT('',(10.434207506,6.263751537,2.6));
#9814=VERTEX_POINT('',#9813);
#9815=CARTESIAN_POINT('',(10.434207506,6.263751537,2.6));
#9816=CARTESIAN_POINT('',(10.485105217,6.289200857,2.6));
#9817=CARTESIAN_POINT('',(10.544637218,6.30556047,2.6));
#9818=CARTESIAN_POINT('',(10.612803511,6.312831305,2.6));
#9819=B_SPLINE_CURVE_WITH_KNOTS('',3,(#9815,#9816,#9817,#9818),.UNSPECIFIED.,.F.,.F.,(4,4),(0.,1.),.UNSPECIFIED.);
#9820=EDGE_CURVE('',#9814,#9741,#9819,.T.);
#9821=ORIENTED_EDGE('',*,*,#9820,.F.);
#9822=CARTESIAN_POINT('',(10.434207506,6.263751537,2.61));
#9823=VERTEX_POINT('',#9822);
#9824=CARTESIAN_POINT('',(10.434207506,6.263751537,2.61));
#9825=DIRECTION('',(0.,0.,-1.));
#9826=VECTOR('',#9825,0.01);
#9827=LINE('',#9824,#9826);
#9828=EDGE_CURVE('',#9823,#9814,#9827,.T.);
#9829=ORIENTED_EDGE('',*,*,#9828,.F.);
#9830=CARTESIAN_POINT('',(10.434207506,6.263751537,2.61));
#9831=CARTESIAN_POINT('',(10.485105217,6.289200857,2.61));
#9832=CARTESIAN_POINT('',(10.544637218,6.30556047,2.61));
#9833=CARTESIAN_POINT('',(10.612803511,6.312831305,2.61));
#9834=B_SPLINE_CURVE_WITH_KNOTS('',3,(#9830,#9831,#9832,#9833),.UNSPECIFIED.,.F.,.F.,(4,4),(0.,1.),.UNSPECIFIED.);
#9835=EDGE_CURVE('',#9823,#9768,#9834,.T.);
#9836=ORIENTED_EDGE('',*,*,#9835,.T.);
#9837=ORIENTED_EDGE('',*,*,#9773,.T.);
#9838=EDGE_LOOP('',(#9821,#9829,#9836,#9837));
#9839=FACE_BOUND('',#9838,.T.);
#9840=ADVANCED_FACE('',(#9839),#9812,.T.);
#9841=CARTESIAN_POINT('',(10.434207506,6.135599222,2.61));
#9842=DIRECTION('',(-1.,0.,0.));
#9843=DIRECTION('',(0.,0.,1.));
#9844=AXIS2_PLACEMENT_3D('',#9841,#9842,#9843);
#9845=PLANE('',#9844);
#9846=CARTESIAN_POINT('',(10.434207506,6.007446907,2.6));
#9847=VERTEX_POINT('',#9846);
#9848=CARTESIAN_POINT('',(10.434207506,6.007446907,2.6));
#9849=DIRECTION('',(0.,1.,0.));
#9850=VECTOR('',#9849,0.256304629);
#9851=LINE('',#9848,#9850);
#9852=EDGE_CURVE('',#9847,#9814,#9851,.T.);
#9853=ORIENTED_EDGE('',*,*,#9852,.F.);
#9854=CARTESIAN_POINT('',(10.434207506,6.007446907,2.61));
#9855=VERTEX_POINT('',#9854);
#9856=CARTESIAN_POINT('',(10.434207506,6.007446907,2.61));
#9857=DIRECTION('',(0.,0.,-1.));
#9858=VECTOR('',#9857,0.01);
#9859=LINE('',#9856,#9858);
#9860=EDGE_CURVE('',#9855,#9847,#9859,.T.);
#9861=ORIENTED_EDGE('',*,*,#9860,.F.);
#9862=CARTESIAN_POINT('',(10.434207506,6.007446907,2.61));
#9863=DIRECTION('',(0.,1.,0.));
#9864=VECTOR('',#9863,0.256304629);
#9865=LINE('',#9862,#9864);
#9866=EDGE_CURVE('',#9855,#9823,#9865,.T.);
#9867=ORIENTED_EDGE('',*,*,#9866,.T.);
#9868=ORIENTED_EDGE('',*,*,#9828,.T.);
#9869=EDGE_LOOP('',(#9853,#9861,#9867,#9868));
#9870=FACE_BOUND('',#9869,.T.);
#9871=ADVANCED_FACE('',(#9870),#9845,.T.);
#9872=CARTESIAN_POINT('',(11.040887795,6.085156463,2.61));
#9873=CARTESIAN_POINT('',(11.040887795,6.085156463,2.6));
#9874=CARTESIAN_POINT('',(10.812757537,6.085156463,2.61));
#9875=CARTESIAN_POINT('',(10.812757537,6.085156463,2.6));
#9876=CARTESIAN_POINT('',(10.668472387,6.079929881,2.61));
#9877=CARTESIAN_POINT('',(10.668472387,6.079929881,2.6));
#9878=CARTESIAN_POINT('',(10.608031414,6.069477648,2.61));
#9879=CARTESIAN_POINT('',(10.608031414,6.069477648,2.6));
#9880=CARTESIAN_POINT('',(10.547590442,6.059025414,2.61));
#9881=CARTESIAN_POINT('',(10.547590442,6.059025414,2.6));
#9882=CARTESIAN_POINT('',(10.489649139,6.03834819,2.61));
#9883=CARTESIAN_POINT('',(10.489649139,6.03834819,2.6));
#9884=CARTESIAN_POINT('',(10.434207506,6.007446907,2.61));
#9885=CARTESIAN_POINT('',(10.434207506,6.007446907,2.6));
#9886=B_SPLINE_SURFACE_WITH_KNOTS('',3,1,((#9872,#9873),(#9874,#9875),(#9876,#9877),(#9878,#9879),(#9880,#9881),(#9882,#9883),(#9884,#9885)),.UNSPECIFIED.,.F.,.F.,.U.,(4,3,4),(2,2),(0.,0.5,1.),(0.,1.),.UNSPECIFIED.);
#9887=CARTESIAN_POINT('',(11.040887795,6.085156463,2.6));
#9888=VERTEX_POINT('',#9887);
#9889=CARTESIAN_POINT('',(11.040887795,6.085156463,2.6));
#9890=CARTESIAN_POINT('',(10.812757537,6.085156463,2.6));
#9891=CARTESIAN_POINT('',(10.668472387,6.079929881,2.6));
#9892=CARTESIAN_POINT('',(10.608031414,6.069477648,2.6));
#9893=CARTESIAN_POINT('',(10.547590442,6.059025414,2.6));
#9894=CARTESIAN_POINT('',(10.489649139,6.03834819,2.6));
#9895=CARTESIAN_POINT('',(10.434207506,6.007446907,2.6));
#9896=B_SPLINE_CURVE_WITH_KNOTS('',3,(#9889,#9890,#9891,#9892,#9893,#9894,#9895),.UNSPECIFIED.,.F.,.F.,(4,3,4),(0.,0.5,1.),.UNSPECIFIED.);
#9897=EDGE_CURVE('',#9888,#9847,#9896,.T.);
#9898=ORIENTED_EDGE('',*,*,#9897,.F.);
#9899=CARTESIAN_POINT('',(11.040887795,6.085156463,2.61));
#9900=VERTEX_POINT('',#9899);
#9901=CARTESIAN_POINT('',(11.040887795,6.085156463,2.61));
#9902=DIRECTION('',(0.,0.,-1.));
#9903=VECTOR('',#9902,0.01);
#9904=LINE('',#9901,#9903);
#9905=EDGE_CURVE('',#9900,#9888,#9904,.T.);
#9906=ORIENTED_EDGE('',*,*,#9905,.F.);
#9907=CARTESIAN_POINT('',(11.040887795,6.085156463,2.61));
#9908=CARTESIAN_POINT('',(10.812757537,6.085156463,2.61));
#9909=CARTESIAN_POINT('',(10.668472387,6.079929881,2.61));
#9910=CARTESIAN_POINT('',(10.608031414,6.069477648,2.61));
#9911=CARTESIAN_POINT('',(10.547590442,6.059025414,2.61));
#9912=CARTESIAN_POINT('',(10.489649139,6.03834819,2.61));
#9913=CARTESIAN_POINT('',(10.434207506,6.007446907,2.61));
#9914=B_SPLINE_CURVE_WITH_KNOTS('',3,(#9907,#9908,#9909,#9910,#9911,#9912,#9913),.UNSPECIFIED.,.F.,.F.,(4,3,4),(0.,0.5,1.),.UNSPECIFIED.);
#9915=EDGE_CURVE('',#9900,#9855,#9914,.T.);
#9916=ORIENTED_EDGE('',*,*,#9915,.T.);
#9917=ORIENTED_EDGE('',*,*,#9860,.T.);
#9918=EDGE_LOOP('',(#9898,#9906,#9916,#9917));
#9919=FACE_BOUND('',#9918,.T.);
#9920=ADVANCED_FACE('',(#9919),#9886,.T.);
#9921=CARTESIAN_POINT('',(11.204487178,6.085156463,2.61));
#9922=DIRECTION('',(0.,-1.,0.));
#9923=DIRECTION('',(0.,0.,-1.));
#9924=AXIS2_PLACEMENT_3D('',#9921,#9922,#9923);
#9925=PLANE('',#9924);
#9926=CARTESIAN_POINT('',(11.368086562,6.085156463,2.6));
#9927=VERTEX_POINT('',#9926);
#9928=CARTESIAN_POINT('',(11.368086562,6.085156463,2.6));
#9929=DIRECTION('',(-1.,0.,0.));
#9930=VECTOR('',#9929,0.327198766);
#9931=LINE('',#9928,#9930);
#9932=EDGE_CURVE('',#9927,#9888,#9931,.T.);
#9933=ORIENTED_EDGE('',*,*,#9932,.F.);
#9934=CARTESIAN_POINT('',(11.368086562,6.085156463,2.61));
#9935=VERTEX_POINT('',#9934);
#9936=CARTESIAN_POINT('',(11.368086562,6.085156463,2.61));
#9937=DIRECTION('',(0.,0.,-1.));
#9938=VECTOR('',#9937,0.01);
#9939=LINE('',#9936,#9938);
#9940=EDGE_CURVE('',#9935,#9927,#9939,.T.);
#9941=ORIENTED_EDGE('',*,*,#9940,.F.);
#9942=CARTESIAN_POINT('',(11.368086562,6.085156463,2.61));
#9943=DIRECTION('',(-1.,0.,0.));
#9944=VECTOR('',#9943,0.327198766);
#9945=LINE('',#9942,#9944);
#9946=EDGE_CURVE('',#9935,#9900,#9945,.T.);
#9947=ORIENTED_EDGE('',*,*,#9946,.T.);
#9948=ORIENTED_EDGE('',*,*,#9905,.T.);
#9949=EDGE_LOOP('',(#9933,#9941,#9947,#9948));
#9950=FACE_BOUND('',#9949,.T.);
#9951=ADVANCED_FACE('',(#9950),#9925,.T.);
#9952=CARTESIAN_POINT('',(11.594397947,6.097425707,2.61));
#9953=CARTESIAN_POINT('',(11.594397947,6.097425707,2.6));
#9954=CARTESIAN_POINT('',(11.552589945,6.089245901,2.61));
#9955=CARTESIAN_POINT('',(11.552589945,6.089245901,2.6));
#9956=CARTESIAN_POINT('',(11.477151886,6.085156463,2.61));
#9957=CARTESIAN_POINT('',(11.477151886,6.085156463,2.6));
#9958=CARTESIAN_POINT('',(11.368086562,6.085156463,2.61));
#9959=CARTESIAN_POINT('',(11.368086562,6.085156463,2.6));
#9960=B_SPLINE_SURFACE_WITH_KNOTS('',3,1,((#9952,#9953),(#9954,#9955),(#9956,#9957),(#9958,#9959)),.UNSPECIFIED.,.F.,.F.,.U.,(4,4),(2,2),(0.906782415,1.),(0.,1.),.UNSPECIFIED.);
#9961=CARTESIAN_POINT('',(11.594397947,6.097425707,2.6));
#9962=VERTEX_POINT('',#9961);
#9963=CARTESIAN_POINT('',(11.594397947,6.097425707,2.6));
#9964=CARTESIAN_POINT('',(11.552589945,6.089245901,2.6));
#9965=CARTESIAN_POINT('',(11.477151886,6.085156463,2.6));
#9966=CARTESIAN_POINT('',(11.368086562,6.085156463,2.6));
#9967=B_SPLINE_CURVE_WITH_KNOTS('',3,(#9963,#9964,#9965,#9966),.UNSPECIFIED.,.F.,.F.,(4,4),(0.906782415,1.),.UNSPECIFIED.);
#9968=EDGE_CURVE('',#9962,#9927,#9967,.T.);
#9969=ORIENTED_EDGE('',*,*,#9968,.F.);
#9970=CARTESIAN_POINT('',(11.594397947,6.097425707,2.61));
#9971=VERTEX_POINT('',#9970);
#9972=CARTESIAN_POINT('',(11.594397947,6.097425707,2.61));
#9973=DIRECTION('',(0.,0.,-1.));
#9974=VECTOR('',#9973,0.01);
#9975=LINE('',#9972,#9974);
#9976=EDGE_CURVE('',#9971,#9962,#9975,.T.);
#9977=ORIENTED_EDGE('',*,*,#9976,.F.);
#9978=CARTESIAN_POINT('',(11.594397947,6.097425707,2.61));
#9979=CARTESIAN_POINT('',(11.552589945,6.089245901,2.61));
#9980=CARTESIAN_POINT('',(11.477151886,6.085156463,2.61));
#9981=CARTESIAN_POINT('',(11.368086562,6.085156463,2.61));
#9982=B_SPLINE_CURVE_WITH_KNOTS('',3,(#9978,#9979,#9980,#9981),.UNSPECIFIED.,.F.,.F.,(4,4),(0.906782415,1.),.UNSPECIFIED.);
#9983=EDGE_CURVE('',#9971,#9935,#9982,.T.);
#9984=ORIENTED_EDGE('',*,*,#9983,.T.);
#9985=ORIENTED_EDGE('',*,*,#9940,.T.);
#9986=EDGE_LOOP('',(#9969,#9977,#9984,#9985));
#9987=FACE_BOUND('',#9986,.T.);
#9988=ADVANCED_FACE('',(#9987),#9960,.T.);
#9989=CARTESIAN_POINT('',(11.068154126,6.734099239,2.61));
#9990=CARTESIAN_POINT('',(11.068154126,6.734099239,2.6));
#9991=CARTESIAN_POINT('',(11.053612456,6.834985688,2.61));
#9992=CARTESIAN_POINT('',(11.053612456,6.834985688,2.6));
#9993=CARTESIAN_POINT('',(11.037251912,6.906333379,2.61));
#9994=CARTESIAN_POINT('',(11.037251912,6.906333379,2.6));
#9995=CARTESIAN_POINT('',(11.019074358,6.948142312,2.61));
#9996=CARTESIAN_POINT('',(11.019074358,6.948142312,2.6));
#9997=CARTESIAN_POINT('',(11.000896804,6.989950314,2.61));
#9998=CARTESIAN_POINT('',(11.000896804,6.989950314,2.6));
#9999=CARTESIAN_POINT('',(10.974312201,7.022215985,2.61));
#10000=CARTESIAN_POINT('',(10.974312201,7.022215985,2.6));
#10001=CARTESIAN_POINT('',(10.939319618,7.044938393,2.61));
#10002=CARTESIAN_POINT('',(10.939319618,7.044938393,2.6));
#10003=CARTESIAN_POINT('',(10.904327966,7.06765987,2.61));
#10004=CARTESIAN_POINT('',(10.904327966,7.06765987,2.6));
#10005=CARTESIAN_POINT('',(10.865473188,7.079021074,2.61));
#10006=CARTESIAN_POINT('',(10.865473188,7.079021074,2.6));
#10007=CARTESIAN_POINT('',(10.822755285,7.079021074,2.61));
#10008=CARTESIAN_POINT('',(10.822755285,7.079021074,2.6));
#10009=CARTESIAN_POINT('',(10.757315904,7.079021074,2.61));
#10010=CARTESIAN_POINT('',(10.757315904,7.079021074,2.6));
#10011=CARTESIAN_POINT('',(10.702783242,7.054254413,2.61));
#10012=CARTESIAN_POINT('',(10.702783242,7.054254413,2.6));
#10013=CARTESIAN_POINT('',(10.659156367,7.004720159,2.61));
#10014=CARTESIAN_POINT('',(10.659156367,7.004720159,2.6));
#10015=CARTESIAN_POINT('',(10.615529492,6.955185905,2.61));
#10016=CARTESIAN_POINT('',(10.615529492,6.955185905,2.6));
#10017=CARTESIAN_POINT('',(10.593716986,6.882702,2.61));
#10018=CARTESIAN_POINT('',(10.593716986,6.882702,2.6));
#10019=CARTESIAN_POINT('',(10.593716986,6.787269376,2.61));
#10020=CARTESIAN_POINT('',(10.593716986,6.787269376,2.6));
#10021=CARTESIAN_POINT('',(10.593716986,6.692745723,2.61));
#10022=CARTESIAN_POINT('',(10.593716986,6.692745723,2.6));
#10023=CARTESIAN_POINT('',(10.61439421,6.608673371,2.61));
#10024=CARTESIAN_POINT('',(10.61439421,6.608673371,2.6));
#10025=CARTESIAN_POINT('',(10.655747727,6.535054184,2.61));
#10026=CARTESIAN_POINT('',(10.655747727,6.535054184,2.6));
#10027=CARTESIAN_POINT('',(10.697102174,6.461434066,2.61));
#10028=CARTESIAN_POINT('',(10.697102174,6.461434066,2.6));
#10029=CARTESIAN_POINT('',(10.753680021,6.40735589,2.61));
#10030=CARTESIAN_POINT('',(10.753680021,6.40735589,2.6));
#10031=CARTESIAN_POINT('',(10.825482197,6.372817792,2.61));
#10032=CARTESIAN_POINT('',(10.825482197,6.372817792,2.6));
#10033=B_SPLINE_SURFACE_WITH_KNOTS('',3,1,((#9989,#9990),(#9991,#9992),(#9993,#9994),(#9995,#9996),(#9997,#9998),(#9999,#10000),(#10001,#10002),(#10003,#10004),(#10005,#10006),(#10007,#10008),(#10009,#10010),(#10011,#10012),(#10013,#10014),(#10015,#10016),(#10017,#10018),(#10019,#10020),(#10021,#10022),(#10023,#10024),(#10025,#10026),(#10027,#10028),(#10029,#10030),(#10031,#10032)),.UNSPECIFIED.,.F.,.F.,.U.,(4,3,3,3,3,3,3,4),(2,2),(0.146722641,0.229831082,0.312937966,0.396042284,0.523349446,0.650656608,0.776751202,0.90284769),(0.,1.),.UNSPECIFIED.);
#10034=CARTESIAN_POINT('',(11.068154126,6.734099239,2.6));
#10035=VERTEX_POINT('',#10034);
#10036=CARTESIAN_POINT('',(10.825482197,6.372817792,2.6));
#10037=VERTEX_POINT('',#10036);
#10038=CARTESIAN_POINT('',(11.068154126,6.734099239,2.6));
#10039=CARTESIAN_POINT('',(11.053612456,6.834985688,2.6));
#10040=CARTESIAN_POINT('',(11.037251912,6.906333379,2.6));
#10041=CARTESIAN_POINT('',(11.019074358,6.948142312,2.6));
#10042=CARTESIAN_POINT('',(11.000896804,6.989950314,2.6));
#10043=CARTESIAN_POINT('',(10.974312201,7.022215985,2.6));
#10044=CARTESIAN_POINT('',(10.939319618,7.044938393,2.6));
#10045=CARTESIAN_POINT('',(10.904327966,7.06765987,2.6));
#10046=CARTESIAN_POINT('',(10.865473188,7.079021074,2.6));
#10047=CARTESIAN_POINT('',(10.822755285,7.079021074,2.6));
#10048=CARTESIAN_POINT('',(10.757315904,7.079021074,2.6));
#10049=CARTESIAN_POINT('',(10.702783242,7.054254413,2.6));
#10050=CARTESIAN_POINT('',(10.659156367,7.004720159,2.6));
#10051=CARTESIAN_POINT('',(10.615529492,6.955185905,2.6));
#10052=CARTESIAN_POINT('',(10.593716986,6.882702,2.6));
#10053=CARTESIAN_POINT('',(10.593716986,6.787269376,2.6));
#10054=CARTESIAN_POINT('',(10.593716986,6.692745723,2.6));
#10055=CARTESIAN_POINT('',(10.61439421,6.608673371,2.6));
#10056=CARTESIAN_POINT('',(10.655747727,6.535054184,2.6));
#10057=CARTESIAN_POINT('',(10.697102174,6.461434066,2.6));
#10058=CARTESIAN_POINT('',(10.753680021,6.40735589,2.6));
#10059=CARTESIAN_POINT('',(10.825482197,6.372817792,2.6));
#10060=B_SPLINE_CURVE_WITH_KNOTS('',3,(#10038,#10039,#10040,#10041,#10042,#10043,#10044,#10045,#10046,#10047,#10048,#10049,#10050,#10051,#10052,#10053,#10054,#10055,#10056,#10057,#10058,#10059),.UNSPECIFIED.,.F.,.F.,(4,3,3,3,3,3,3,4),(0.146722641,0.229831082,0.312937966,0.396042284,0.523349446,0.650656608,0.776751202,0.90284769),.UNSPECIFIED.);
#10061=EDGE_CURVE('',#10035,#10037,#10060,.T.);
#10062=ORIENTED_EDGE('',*,*,#10061,.F.);
#10063=CARTESIAN_POINT('',(11.068154126,6.734099239,2.61));
#10064=VERTEX_POINT('',#10063);
#10065=CARTESIAN_POINT('',(11.068154126,6.734099239,2.61));
#10066=DIRECTION('',(0.,0.,-1.));
#10067=VECTOR('',#10066,0.01);
#10068=LINE('',#10065,#10067);
#10069=EDGE_CURVE('',#10064,#10035,#10068,.T.);
#10070=ORIENTED_EDGE('',*,*,#10069,.F.);
#10071=CARTESIAN_POINT('',(10.825482197,6.372817792,2.61));
#10072=VERTEX_POINT('',#10071);
#10073=CARTESIAN_POINT('',(11.068154126,6.734099239,2.61));
#10074=CARTESIAN_POINT('',(11.053612456,6.834985688,2.61));
#10075=CARTESIAN_POINT('',(11.037251912,6.906333379,2.61));
#10076=CARTESIAN_POINT('',(11.019074358,6.948142312,2.61));
#10077=CARTESIAN_POINT('',(11.000896804,6.989950314,2.61));
#10078=CARTESIAN_POINT('',(10.974312201,7.022215985,2.61));
#10079=CARTESIAN_POINT('',(10.939319618,7.044938393,2.61));
#10080=CARTESIAN_POINT('',(10.904327966,7.06765987,2.61));
#10081=CARTESIAN_POINT('',(10.865473188,7.079021074,2.61));
#10082=CARTESIAN_POINT('',(10.822755285,7.079021074,2.61));
#10083=CARTESIAN_POINT('',(10.757315904,7.079021074,2.61));
#10084=CARTESIAN_POINT('',(10.702783242,7.054254413,2.61));
#10085=CARTESIAN_POINT('',(10.659156367,7.004720159,2.61));
#10086=CARTESIAN_POINT('',(10.615529492,6.955185905,2.61));
#10087=CARTESIAN_POINT('',(10.593716986,6.882702,2.61));
#10088=CARTESIAN_POINT('',(10.593716986,6.787269376,2.61));
#10089=CARTESIAN_POINT('',(10.593716986,6.692745723,2.61));
#10090=CARTESIAN_POINT('',(10.61439421,6.608673371,2.61));
#10091=CARTESIAN_POINT('',(10.655747727,6.535054184,2.61));
#10092=CARTESIAN_POINT('',(10.697102174,6.461434066,2.61));
#10093=CARTESIAN_POINT('',(10.753680021,6.40735589,2.61));
#10094=CARTESIAN_POINT('',(10.825482197,6.372817792,2.61));
#10095=B_SPLINE_CURVE_WITH_KNOTS('',3,(#10073,#10074,#10075,#10076,#10077,#10078,#10079,#10080,#10081,#10082,#10083,#10084,#10085,#10086,#10087,#10088,#10089,#10090,#10091,#10092,#10093,#10094),.UNSPECIFIED.,.F.,.F.,(4,3,3,3,3,3,3,4),(0.146722641,0.229831082,0.312937966,0.396042284,0.523349446,0.650656608,0.776751202,0.90284769),.UNSPECIFIED.);
#10096=EDGE_CURVE('',#10064,#10072,#10095,.T.);
#10097=ORIENTED_EDGE('',*,*,#10096,.T.);
#10098=CARTESIAN_POINT('',(10.825482197,6.372817792,2.61));
#10099=DIRECTION('',(0.,0.,-1.));
#10100=VECTOR('',#10099,0.01);
#10101=LINE('',#10098,#10100);
#10102=EDGE_CURVE('',#10072,#10037,#10101,.T.);
#10103=ORIENTED_EDGE('',*,*,#10102,.T.);
#10104=EDGE_LOOP('',(#10062,#10070,#10097,#10103));
#10105=FACE_BOUND('',#10104,.T.);
#10106=ADVANCED_FACE('',(#10105),#10033,.T.);
#10107=CARTESIAN_POINT('',(11.160860769,6.333281286,2.61));
#10108=CARTESIAN_POINT('',(11.160860769,6.333281286,2.6));
#10109=CARTESIAN_POINT('',(11.12450473,6.422352046,2.61));
#10110=CARTESIAN_POINT('',(11.12450473,6.422352046,2.6));
#10111=CARTESIAN_POINT('',(11.093603447,6.555958651,2.61));
#10112=CARTESIAN_POINT('',(11.093603447,6.555958651,2.6));
#10113=CARTESIAN_POINT('',(11.068154126,6.734099239,2.61));
#10114=CARTESIAN_POINT('',(11.068154126,6.734099239,2.6));
#10115=B_SPLINE_SURFACE_WITH_KNOTS('',3,1,((#10107,#10108),(#10109,#10110),(#10111,#10112),(#10113,#10114)),.UNSPECIFIED.,.F.,.F.,.U.,(4,4),(2,2),(0.,0.146722641),(0.,1.),.UNSPECIFIED.);
#10116=CARTESIAN_POINT('',(11.160860769,6.333281286,2.6));
#10117=VERTEX_POINT('',#10116);
#10118=CARTESIAN_POINT('',(11.160860769,6.333281286,2.6));
#10119=CARTESIAN_POINT('',(11.12450473,6.422352046,2.6));
#10120=CARTESIAN_POINT('',(11.093603447,6.555958651,2.6));
#10121=CARTESIAN_POINT('',(11.068154126,6.734099239,2.6));
#10122=B_SPLINE_CURVE_WITH_KNOTS('',3,(#10118,#10119,#10120,#10121),.UNSPECIFIED.,.F.,.F.,(4,4),(0.,0.146722641),.UNSPECIFIED.);
#10123=EDGE_CURVE('',#10117,#10035,#10122,.T.);
#10124=ORIENTED_EDGE('',*,*,#10123,.F.);
#10125=CARTESIAN_POINT('',(11.160860769,6.333281286,2.61));
#10126=VERTEX_POINT('',#10125);
#10127=CARTESIAN_POINT('',(11.160860769,6.333281286,2.61));
#10128=DIRECTION('',(0.,0.,-1.));
#10129=VECTOR('',#10128,0.01);
#10130=LINE('',#10127,#10129);
#10131=EDGE_CURVE('',#10126,#10117,#10130,.T.);
#10132=ORIENTED_EDGE('',*,*,#10131,.F.);
#10133=CARTESIAN_POINT('',(11.160860769,6.333281286,2.61));
#10134=CARTESIAN_POINT('',(11.12450473,6.422352046,2.61));
#10135=CARTESIAN_POINT('',(11.093603447,6.555958651,2.61));
#10136=CARTESIAN_POINT('',(11.068154126,6.734099239,2.61));
#10137=B_SPLINE_CURVE_WITH_KNOTS('',3,(#10133,#10134,#10135,#10136),.UNSPECIFIED.,.F.,.F.,(4,4),(0.,0.146722641),.UNSPECIFIED.);
#10138=EDGE_CURVE('',#10126,#10064,#10137,.T.);
#10139=ORIENTED_EDGE('',*,*,#10138,.T.);
#10140=ORIENTED_EDGE('',*,*,#10069,.T.);
#10141=EDGE_LOOP('',(#10124,#10132,#10139,#10140));
#10142=FACE_BOUND('',#10141,.T.);
#10143=ADVANCED_FACE('',(#10142),#10115,.T.);
#10144=CARTESIAN_POINT('',(11.115870904,6.333281286,2.61));
#10145=DIRECTION('',(0.,1.,0.));
#10146=DIRECTION('',(0.,0.,1.));
#10147=AXIS2_PLACEMENT_3D('',#10144,#10145,#10146);
#10148=PLANE('',#10147);
#10149=CARTESIAN_POINT('',(11.070881039,6.333281286,2.6));
#10150=VERTEX_POINT('',#10149);
#10151=CARTESIAN_POINT('',(11.070881039,6.333281286,2.6));
#10152=DIRECTION('',(1.,0.,-0.));
#10153=VECTOR('',#10152,0.089979731);
#10154=LINE('',#10151,#10153);
#10155=EDGE_CURVE('',#10150,#10117,#10154,.T.);
#10156=ORIENTED_EDGE('',*,*,#10155,.F.);
#10157=CARTESIAN_POINT('',(11.070881039,6.333281286,2.61));
#10158=VERTEX_POINT('',#10157);
#10159=CARTESIAN_POINT('',(11.070881039,6.333281286,2.61));
#10160=DIRECTION('',(0.,0.,-1.));
#10161=VECTOR('',#10160,0.01);
#10162=LINE('',#10159,#10161);
#10163=EDGE_CURVE('',#10158,#10150,#10162,.T.);
#10164=ORIENTED_EDGE('',*,*,#10163,.F.);
#10165=CARTESIAN_POINT('',(11.070881039,6.333281286,2.61));
#10166=DIRECTION('',(1.,0.,-0.));
#10167=VECTOR('',#10166,0.089979731);
#10168=LINE('',#10165,#10167);
#10169=EDGE_CURVE('',#10158,#10126,#10168,.T.);
#10170=ORIENTED_EDGE('',*,*,#10169,.T.);
#10171=ORIENTED_EDGE('',*,*,#10131,.T.);
#10172=EDGE_LOOP('',(#10156,#10164,#10170,#10171));
#10173=FACE_BOUND('',#10172,.T.);
#10174=ADVANCED_FACE('',(#10173),#10148,.T.);
#10175=CARTESIAN_POINT('',(10.825482197,6.372817792,2.61));
#10176=CARTESIAN_POINT('',(10.825482197,6.372817792,2.6));
#10177=CARTESIAN_POINT('',(10.88092383,6.346460432,2.61));
#10178=CARTESIAN_POINT('',(10.88092383,6.346460432,2.6));
#10179=CARTESIAN_POINT('',(10.962723754,6.333281286,2.61));
#10180=CARTESIAN_POINT('',(10.962723754,6.333281286,2.6));
#10181=CARTESIAN_POINT('',(11.070881039,6.333281286,2.61));
#10182=CARTESIAN_POINT('',(11.070881039,6.333281286,2.6));
#10183=B_SPLINE_SURFACE_WITH_KNOTS('',3,1,((#10175,#10176),(#10177,#10178),(#10179,#10180),(#10181,#10182)),.UNSPECIFIED.,.F.,.F.,.U.,(4,4),(2,2),(0.90284769,1.),(0.,1.),.UNSPECIFIED.);
#10184=CARTESIAN_POINT('',(10.825482197,6.372817792,2.6));
#10185=CARTESIAN_POINT('',(10.88092383,6.346460432,2.6));
#10186=CARTESIAN_POINT('',(10.962723754,6.333281286,2.6));
#10187=CARTESIAN_POINT('',(11.070881039,6.333281286,2.6));
#10188=B_SPLINE_CURVE_WITH_KNOTS('',3,(#10184,#10185,#10186,#10187),.UNSPECIFIED.,.F.,.F.,(4,4),(0.90284769,1.),.UNSPECIFIED.);
#10189=EDGE_CURVE('',#10037,#10150,#10188,.T.);
#10190=ORIENTED_EDGE('',*,*,#10189,.F.);
#10191=ORIENTED_EDGE('',*,*,#10102,.F.);
#10192=CARTESIAN_POINT('',(10.825482197,6.372817792,2.61));
#10193=CARTESIAN_POINT('',(10.88092383,6.346460432,2.61));
#10194=CARTESIAN_POINT('',(10.962723754,6.333281286,2.61));
#10195=CARTESIAN_POINT('',(11.070881039,6.333281286,2.61));
#10196=B_SPLINE_CURVE_WITH_KNOTS('',3,(#10192,#10193,#10194,#10195),.UNSPECIFIED.,.F.,.F.,(4,4),(0.90284769,1.),.UNSPECIFIED.);
#10197=EDGE_CURVE('',#10072,#10158,#10196,.T.);
#10198=ORIENTED_EDGE('',*,*,#10197,.T.);
#10199=ORIENTED_EDGE('',*,*,#10163,.T.);
#10200=EDGE_LOOP('',(#10190,#10191,#10198,#10199));
#10201=FACE_BOUND('',#10200,.T.);
#10202=ADVANCED_FACE('',(#10201),#10183,.T.);
#10203=CARTESIAN_POINT('',(11.468972079,7.298517041,2.61));
#10204=CARTESIAN_POINT('',(11.468972079,7.298517041,2.6));
#10205=CARTESIAN_POINT('',(11.57167647,7.276703604,2.61));
#10206=CARTESIAN_POINT('',(11.57167647,7.276703604,2.6));
#10207=CARTESIAN_POINT('',(11.654611677,7.240802981,2.61));
#10208=CARTESIAN_POINT('',(11.654611677,7.240802981,2.6));
#10209=CARTESIAN_POINT('',(11.717779562,7.190814242,2.61));
#10210=CARTESIAN_POINT('',(11.717779562,7.190814242,2.6));
#10211=CARTESIAN_POINT('',(11.780946516,7.140825503,2.61));
#10212=CARTESIAN_POINT('',(11.780946516,7.140825503,2.6));
#10213=CARTESIAN_POINT('',(11.829571798,7.068568841,2.61));
#10214=CARTESIAN_POINT('',(11.829571798,7.068568841,2.6));
#10215=CARTESIAN_POINT('',(11.863655411,6.974045187,2.61));
#10216=CARTESIAN_POINT('',(11.863655411,6.974045187,2.6));
#10217=CARTESIAN_POINT('',(11.897739023,6.879520603,2.61));
#10218=CARTESIAN_POINT('',(11.897739023,6.879520603,2.6));
#10219=CARTESIAN_POINT('',(11.914780363,6.770000793,2.61));
#10220=CARTESIAN_POINT('',(11.914780363,6.770000793,2.6));
#10221=CARTESIAN_POINT('',(11.914780363,6.645482965,2.61));
#10222=CARTESIAN_POINT('',(11.914780363,6.645482965,2.6));
#10223=CARTESIAN_POINT('',(11.914780363,6.521875039,2.61));
#10224=CARTESIAN_POINT('',(11.914780363,6.521875039,2.6));
#10225=CARTESIAN_POINT('',(11.900237761,6.421443075,2.61));
#10226=CARTESIAN_POINT('',(11.900237761,6.421443075,2.6));
#10227=CARTESIAN_POINT('',(11.871153489,6.344188005,2.61));
#10228=CARTESIAN_POINT('',(11.871153489,6.344188005,2.6));
#10229=CARTESIAN_POINT('',(11.842069216,6.266932935,2.61));
#10230=CARTESIAN_POINT('',(11.842069216,6.266932935,2.6));
#10231=CARTESIAN_POINT('',(11.805486865,6.210127845,2.61));
#10232=CARTESIAN_POINT('',(11.805486865,6.210127845,2.6));
#10233=CARTESIAN_POINT('',(11.761405505,6.173771806,2.61));
#10234=CARTESIAN_POINT('',(11.761405505,6.173771806,2.6));
#10235=CARTESIAN_POINT('',(11.717325076,6.137416698,2.61));
#10236=CARTESIAN_POINT('',(11.717325076,6.137416698,2.6));
#10237=CARTESIAN_POINT('',(11.661656201,6.111968309,2.61));
#10238=CARTESIAN_POINT('',(11.661656201,6.111968309,2.6));
#10239=CARTESIAN_POINT('',(11.594397947,6.097425707,2.61));
#10240=CARTESIAN_POINT('',(11.594397947,6.097425707,2.6));
#10241=B_SPLINE_SURFACE_WITH_KNOTS('',3,1,((#10203,#10204),(#10205,#10206),(#10207,#10208),(#10209,#10210),(#10211,#10212),(#10213,#10214),(#10215,#10216),(#10217,#10218),(#10219,#10220),(#10221,#10222),(#10223,#10224),(#10225,#10226),(#10227,#10228),(#10229,#10230),(#10231,#10232),(#10233,#10234),(#10235,#10236),(#10237,#10238),(#10239,#10240)),.UNSPECIFIED.,.F.,.F.,.U.,(4,3,3,3,3,3,4),(2,2),(0.,0.151685456,0.303369537,0.45505494,0.605631917,0.756208893,0.906782415),(0.,1.),.UNSPECIFIED.);
#10242=CARTESIAN_POINT('',(11.468972079,7.298517041,2.6));
#10243=CARTESIAN_POINT('',(11.57167647,7.276703604,2.6));
#10244=CARTESIAN_POINT('',(11.654611677,7.240802981,2.6));
#10245=CARTESIAN_POINT('',(11.717779562,7.190814242,2.6));
#10246=CARTESIAN_POINT('',(11.780946516,7.140825503,2.6));
#10247=CARTESIAN_POINT('',(11.829571798,7.068568841,2.6));
#10248=CARTESIAN_POINT('',(11.863655411,6.974045187,2.6));
#10249=CARTESIAN_POINT('',(11.897739023,6.879520603,2.6));
#10250=CARTESIAN_POINT('',(11.914780363,6.770000793,2.6));
#10251=CARTESIAN_POINT('',(11.914780363,6.645482965,2.6));
#10252=CARTESIAN_POINT('',(11.914780363,6.521875039,2.6));
#10253=CARTESIAN_POINT('',(11.900237761,6.421443075,2.6));
#10254=CARTESIAN_POINT('',(11.871153489,6.344188005,2.6));
#10255=CARTESIAN_POINT('',(11.842069216,6.266932935,2.6));
#10256=CARTESIAN_POINT('',(11.805486865,6.210127845,2.6));
#10257=CARTESIAN_POINT('',(11.761405505,6.173771806,2.6));
#10258=CARTESIAN_POINT('',(11.717325076,6.137416698,2.6));
#10259=CARTESIAN_POINT('',(11.661656201,6.111968309,2.6));
#10260=CARTESIAN_POINT('',(11.594397947,6.097425707,2.6));
#10261=B_SPLINE_CURVE_WITH_KNOTS('',3,(#10242,#10243,#10244,#10245,#10246,#10247,#10248,#10249,#10250,#10251,#10252,#10253,#10254,#10255,#10256,#10257,#10258,#10259,#10260),.UNSPECIFIED.,.F.,.F.,(4,3,3,3,3,3,4),(0.,0.151685456,0.303369537,0.45505494,0.605631917,0.756208893,0.906782415),.UNSPECIFIED.);
#10262=EDGE_CURVE('',#9479,#9962,#10261,.T.);
#10263=ORIENTED_EDGE('',*,*,#10262,.F.);
#10264=ORIENTED_EDGE('',*,*,#9506,.F.);
#10265=CARTESIAN_POINT('',(11.468972079,7.298517041,2.61));
#10266=CARTESIAN_POINT('',(11.57167647,7.276703604,2.61));
#10267=CARTESIAN_POINT('',(11.654611677,7.240802981,2.61));
#10268=CARTESIAN_POINT('',(11.717779562,7.190814242,2.61));
#10269=CARTESIAN_POINT('',(11.780946516,7.140825503,2.61));
#10270=CARTESIAN_POINT('',(11.829571798,7.068568841,2.61));
#10271=CARTESIAN_POINT('',(11.863655411,6.974045187,2.61));
#10272=CARTESIAN_POINT('',(11.897739023,6.879520603,2.61));
#10273=CARTESIAN_POINT('',(11.914780363,6.770000793,2.61));
#10274=CARTESIAN_POINT('',(11.914780363,6.645482965,2.61));
#10275=CARTESIAN_POINT('',(11.914780363,6.521875039,2.61));
#10276=CARTESIAN_POINT('',(11.900237761,6.421443075,2.61));
#10277=CARTESIAN_POINT('',(11.871153489,6.344188005,2.61));
#10278=CARTESIAN_POINT('',(11.842069216,6.266932935,2.61));
#10279=CARTESIAN_POINT('',(11.805486865,6.210127845,2.61));
#10280=CARTESIAN_POINT('',(11.761405505,6.173771806,2.61));
#10281=CARTESIAN_POINT('',(11.717325076,6.137416698,2.61));
#10282=CARTESIAN_POINT('',(11.661656201,6.111968309,2.61));
#10283=CARTESIAN_POINT('',(11.594397947,6.097425707,2.61));
#10284=B_SPLINE_CURVE_WITH_KNOTS('',3,(#10265,#10266,#10267,#10268,#10269,#10270,#10271,#10272,#10273,#10274,#10275,#10276,#10277,#10278,#10279,#10280,#10281,#10282,#10283),.UNSPECIFIED.,.F.,.F.,(4,3,3,3,3,3,4),(0.,0.151685456,0.303369537,0.45505494,0.605631917,0.756208893,0.906782415),.UNSPECIFIED.);
#10285=EDGE_CURVE('',#9495,#9971,#10284,.T.);
#10286=ORIENTED_EDGE('',*,*,#10285,.T.);
#10287=ORIENTED_EDGE('',*,*,#9976,.T.);
#10288=EDGE_LOOP('',(#10263,#10264,#10286,#10287));
#10289=FACE_BOUND('',#10288,.T.);
#10290=ADVANCED_FACE('',(#10289),#10241,.T.);
#10291=CARTESIAN_POINT('',(0.,0.,2.61));
#10292=DIRECTION('',(0.,0.,1.));
#10293=DIRECTION('',(1.,0.,0.));
#10294=AXIS2_PLACEMENT_3D('',#10291,#10292,#10293);
#10295=PLANE('',#10294);
#10296=ORIENTED_EDGE('',*,*,#10096,.F.);
#10297=ORIENTED_EDGE('',*,*,#10138,.F.);
#10298=ORIENTED_EDGE('',*,*,#10169,.F.);
#10299=ORIENTED_EDGE('',*,*,#10197,.F.);
#10300=EDGE_LOOP('',(#10296,#10297,#10298,#10299));
#10301=FACE_BOUND('',#10300,.T.);
#10302=ORIENTED_EDGE('',*,*,#9500,.F.);
#10303=ORIENTED_EDGE('',*,*,#9566,.F.);
#10304=ORIENTED_EDGE('',*,*,#9615,.F.);
#10305=ORIENTED_EDGE('',*,*,#9652,.F.);
#10306=ORIENTED_EDGE('',*,*,#9689,.F.);
#10307=ORIENTED_EDGE('',*,*,#9798,.F.);
#10308=ORIENTED_EDGE('',*,*,#9835,.F.);
#10309=ORIENTED_EDGE('',*,*,#9866,.F.);
#10310=ORIENTED_EDGE('',*,*,#9915,.F.);
#10311=ORIENTED_EDGE('',*,*,#9946,.F.);
#10312=ORIENTED_EDGE('',*,*,#9983,.F.);
#10313=ORIENTED_EDGE('',*,*,#10285,.F.);
#10314=EDGE_LOOP('',(#10302,#10303,#10304,#10305,#10306,#10307,#10308,#10309,#10310,#10311,#10312,#10313));
#10315=FACE_BOUND('',#10314,.T.);
#10316=ADVANCED_FACE('',(#10301,#10315),#10295,.T.);
#10317=CARTESIAN_POINT('',(0.,0.,2.6));
#10318=DIRECTION('',(0.,0.,1.));
#10319=DIRECTION('',(1.,0.,0.));
#10320=AXIS2_PLACEMENT_3D('',#10317,#10318,#10319);
#10321=PLANE('',#10320);
#10322=ORIENTED_EDGE('',*,*,#10061,.T.);
#10323=ORIENTED_EDGE('',*,*,#10189,.T.);
#10324=ORIENTED_EDGE('',*,*,#10155,.T.);
#10325=ORIENTED_EDGE('',*,*,#10123,.T.);
#10326=EDGE_LOOP('',(#10322,#10323,#10324,#10325));
#10327=FACE_BOUND('',#10326,.T.);
#10328=ORIENTED_EDGE('',*,*,#9484,.T.);
#10329=ORIENTED_EDGE('',*,*,#10262,.T.);
#10330=ORIENTED_EDGE('',*,*,#9968,.T.);
#10331=ORIENTED_EDGE('',*,*,#9932,.T.);
#10332=ORIENTED_EDGE('',*,*,#9897,.T.);
#10333=ORIENTED_EDGE('',*,*,#9852,.T.);
#10334=ORIENTED_EDGE('',*,*,#9820,.T.);
#10335=ORIENTED_EDGE('',*,*,#9765,.T.);
#10336=ORIENTED_EDGE('',*,*,#9674,.T.);
#10337=ORIENTED_EDGE('',*,*,#9637,.T.);
#10338=ORIENTED_EDGE('',*,*,#9597,.T.);
#10339=ORIENTED_EDGE('',*,*,#9545,.T.);
#10340=EDGE_LOOP('',(#10328,#10329,#10330,#10331,#10332,#10333,#10334,#10335,#10336,#10337,#10338,#10339));
#10341=FACE_BOUND('',#10340,.T.);
#10342=ADVANCED_FACE('',(#10327,#10341),#10321,.F.);
#10343=CLOSED_SHELL('',(#9510,#9571,#9620,#9657,#9694,#9803,#9840,#9871,#9920,#9951,#9988,#10106,#10143,#10174,#10202,#10290,#10316,#10342));
#10344=MANIFOLD_SOLID_BREP('Body 32',#10343);
#9470=STYLED_ITEM('',(#3089),#10344);
#3099=SHAPE_REPRESENTATION('Text',(#15),#3097);
#3100=ADVANCED_BREP_SHAPE_REPRESENTATION('Text',(#3562,#4302,#4804,#4937,#5401,#5885,#6036,#6187,#6651,#6802,#7211,#7494,#7645,#7796,#7947,#8318,#8469,#8903,#9318,#9469,#10344),#3097);
#10352=SHAPE_REPRESENTATION_RELATIONSHIP('','',#3099,#3100);
#10353=CARTESIAN_POINT('',(0.,0.,0.));
#10354=DIRECTION('',(0.,0.,1.));
#10355=DIRECTION('',(1.,0.,0.));
#10356=AXIS2_PLACEMENT_3D('',#10353,#10354,#10355);
#10358=MAPPED_ITEM('',#10357,#10356);
#10357=REPRESENTATION_MAP(#10356,#3099);
#10359=APPLICATION_CONTEXT('Managed model based 3d engineering');
#10360=APPLICATION_PROTOCOL_DEFINITION('international standard','ap242_managed_model_based_3d_engineering',2014,#10359);
#10361=PRODUCT_CONTEXT('',#10359,'mechanical');
#10362=PRODUCT_DEFINITION_CONTEXT('part definition',#10359,'design');
#3107=PRODUCT('Text','Text','',(#10361));
#10363=PRODUCT_RELATED_PRODUCT_CATEGORY('part','',(#3107));
#10364=PRODUCT_DEFINITION_FORMATION_WITH_SPECIFIED_SOURCE('','',#3107,.NOT_KNOWN.);
#3108=PRODUCT_DEFINITION('design','',#10364,#10362);
#3106=PRODUCT_DEFINITION_SHAPE('','',#3108);
#10365=SHAPE_DEFINITION_REPRESENTATION(#3106,#3099);
#3098=DRAUGHTING_MODEL('',(#10358),#3097);
#10366=(NAMED_UNIT(*)PLANE_ANGLE_UNIT()SI_UNIT($,.RADIAN.));
#10367=PLANE_ANGLE_MEASURE_WITH_UNIT(PLANE_ANGLE_MEASURE(0.0174532925),#10366);
#10368=(CONVERSION_BASED_UNIT('DEGREE',#10367)NAMED_UNIT(#10369)PLANE_ANGLE_UNIT());
#10369=DIMENSIONAL_EXPONENTS(0.,0.,0.,0.,0.,0.,0.);
#10370=(NAMED_UNIT(*)SI_UNIT($,.STERADIAN.)SOLID_ANGLE_UNIT());
#10371=(LENGTH_UNIT()NAMED_UNIT(*)SI_UNIT(.MILLI.,.METRE.));
#10372=UNCERTAINTY_MEASURE_WITH_UNIT(LENGTH_MEASURE(1.000000E-03),#10371,'DISTANCE_ACCURACY_VALUE','Maximum Tolerance applied to model');
#10373=(GEOMETRIC_REPRESENTATION_CONTEXT(3)GLOBAL_UNCERTAINTY_ASSIGNED_CONTEXT((#10372))GLOBAL_UNIT_ASSIGNED_CONTEXT((#10371,#10368,#10370))REPRESENTATION_CONTEXT('','IPEX 2mm.step'));
#10385=CARTESIAN_POINT('',(0.,0.,0.));
#10386=DIRECTION('',(0.,0.,1.));
#10387=DIRECTION('',(1.,0.,-0.));
#10388=AXIS2_PLACEMENT_3D('',#10385,#10386,#10387);
#10389=ITEM_DEFINED_TRANSFORMATION('','',#10388,#15);
#10390=(REPRESENTATION_RELATIONSHIP('','',#10375,#16)REPRESENTATION_RELATIONSHIP_WITH_TRANSFORMATION(#10389)SHAPE_REPRESENTATION_RELATIONSHIP());
#10391=NEXT_ASSEMBLY_USAGE_OCCURRENCE('IPEX 2mm.step_2','IPEX 2mm.step','IPEX 2mm.step',#25,#10384,$);
#10392=PRODUCT_DEFINITION_SHAPE('','',#10391);
#10393=CONTEXT_DEPENDENT_SHAPE_REPRESENTATION(#10390,#10392);
#10394=(NAMED_UNIT(*)PLANE_ANGLE_UNIT()SI_UNIT($,.RADIAN.));
#10395=PLANE_ANGLE_MEASURE_WITH_UNIT(PLANE_ANGLE_MEASURE(0.0174532925),#10394);
#10396=(CONVERSION_BASED_UNIT('DEGREE',#10395)NAMED_UNIT(#10397)PLANE_ANGLE_UNIT());
#10397=DIMENSIONAL_EXPONENTS(0.,0.,0.,0.,0.,0.,0.);
#10398=(NAMED_UNIT(*)SI_UNIT($,.STERADIAN.)SOLID_ANGLE_UNIT());
#10399=(LENGTH_UNIT()NAMED_UNIT(*)SI_UNIT(.MILLI.,.METRE.));
#10400=UNCERTAINTY_MEASURE_WITH_UNIT(LENGTH_MEASURE(1.000000E-03),#10399,'DISTANCE_ACCURACY_VALUE','Maximum Tolerance applied to model');
#10401=(GEOMETRIC_REPRESENTATION_CONTEXT(3)GLOBAL_UNCERTAINTY_ASSIGNED_CONTEXT((#10400))GLOBAL_UNIT_ASSIGNED_CONTEXT((#10399,#10396,#10398))REPRESENTATION_CONTEXT('','ipex_pcb.step'));
#10413=CARTESIAN_POINT('',(0.,0.,0.));
#10414=DIRECTION('',(0.,0.,1.));
#10415=DIRECTION('',(1.,0.,-0.));
#10416=AXIS2_PLACEMENT_3D('',#10413,#10414,#10415);
#10417=ITEM_DEFINED_TRANSFORMATION('','',#10416,#15);
#10418=(REPRESENTATION_RELATIONSHIP('','',#10403,#10375)REPRESENTATION_RELATIONSHIP_WITH_TRANSFORMATION(#10417)SHAPE_REPRESENTATION_RELATIONSHIP());
#10419=NEXT_ASSEMBLY_USAGE_OCCURRENCE('ipex_pcb.step_3','ipex_pcb.step','ipex_pcb.step',#10384,#10412,$);
#10420=PRODUCT_DEFINITION_SHAPE('','',#10419);
#10421=CONTEXT_DEPENDENT_SHAPE_REPRESENTATION(#10418,#10420);
#10422=(NAMED_UNIT(*)PLANE_ANGLE_UNIT()SI_UNIT($,.RADIAN.));
#10423=PLANE_ANGLE_MEASURE_WITH_UNIT(PLANE_ANGLE_MEASURE(0.0174532925),#10422);
#10424=(CONVERSION_BASED_UNIT('DEGREE',#10423)NAMED_UNIT(#10425)PLANE_ANGLE_UNIT());
#10425=DIMENSIONAL_EXPONENTS(0.,0.,0.,0.,0.,0.,0.);
#10426=(NAMED_UNIT(*)SI_UNIT($,.STERADIAN.)SOLID_ANGLE_UNIT());
#10427=(LENGTH_UNIT()NAMED_UNIT(*)SI_UNIT(.MILLI.,.METRE.));
#10428=UNCERTAINTY_MEASURE_WITH_UNIT(LENGTH_MEASURE(1.000000E-05),#10427,'DISTANCE_ACCURACY_VALUE','Maximum Tolerance applied to model');
#10429=(GEOMETRIC_REPRESENTATION_CONTEXT(3)GLOBAL_UNCERTAINTY_ASSIGNED_CONTEXT((#10428))GLOBAL_UNIT_ASSIGNED_CONTEXT((#10427,#10424,#10426))REPRESENTATION_CONTEXT('','Fusion'));
#10441=CARTESIAN_POINT('',(0.,0.,0.));
#10442=DIRECTION('',(0.,0.,1.));
#10443=DIRECTION('',(1.,0.,-0.));
#10444=AXIS2_PLACEMENT_3D('',#10441,#10442,#10443);
#10445=ITEM_DEFINED_TRANSFORMATION('','',#10444,#15);
#10446=(REPRESENTATION_RELATIONSHIP('','',#10431,#10403)REPRESENTATION_RELATIONSHIP_WITH_TRANSFORMATION(#10445)SHAPE_REPRESENTATION_RELATIONSHIP());
#10447=NEXT_ASSEMBLY_USAGE_OCCURRENCE('Fusion_4','Fusion','Fusion',#10412,#10440,$);
#10448=PRODUCT_DEFINITION_SHAPE('','',#10447);
#10449=CONTEXT_DEPENDENT_SHAPE_REPRESENTATION(#10446,#10448);
#10451=CARTESIAN_POINT('',(4.55,14.65,0.8));
#10452=DIRECTION('',(0.,0.,-1.));
#10453=DIRECTION('',(-1.,0.,0.));
#10454=AXIS2_PLACEMENT_3D('',#10451,#10452,#10453);
#10455=PLANE('',#10454);
#10456=CARTESIAN_POINT('',(4.5,14.25,0.8));
#10457=VERTEX_POINT('',#10456);
#10458=CARTESIAN_POINT('',(3.489897949,14.25,0.8));
#10459=VERTEX_POINT('',#10458);
#10460=CARTESIAN_POINT('',(4.5,14.25,0.8));
#10461=DIRECTION('',(-1.,0.,0.));
#10462=VECTOR('',#10461,1.010102051);
#10463=LINE('',#10460,#10462);
#10464=EDGE_CURVE('',#10457,#10459,#10463,.T.);
#10465=ORIENTED_EDGE('',*,*,#10464,.T.);
#10466=CARTESIAN_POINT('',(2.45,14.5,0.8));
#10467=VERTEX_POINT('',#10466);
#10468=CARTESIAN_POINT('',(3.,14.5,0.8));
#10469=DIRECTION('',(0.,0.,-1.));
#10470=DIRECTION('',(-1.,0.,0.));
#10471=AXIS2_PLACEMENT_3D('',#10468,#10469,#10470);
#10472=CIRCLE('',#10471,0.55);
#10473=EDGE_CURVE('',#10459,#10467,#10472,.T.);
#10474=ORIENTED_EDGE('',*,*,#10473,.T.);
#10475=CARTESIAN_POINT('',(3.489897949,14.75,0.8));
#10476=VERTEX_POINT('',#10475);
#10477=CARTESIAN_POINT('',(3.,14.5,0.8));
#10478=DIRECTION('',(0.,0.,-1.));
#10479=DIRECTION('',(-1.,0.,0.));
#10480=AXIS2_PLACEMENT_3D('',#10477,#10478,#10479);
#10481=CIRCLE('',#10480,0.55);
#10482=EDGE_CURVE('',#10467,#10476,#10481,.T.);
#10483=ORIENTED_EDGE('',*,*,#10482,.T.);
#10484=CARTESIAN_POINT('',(4.5,14.75,0.8));
#10485=VERTEX_POINT('',#10484);
#10486=CARTESIAN_POINT('',(3.489897949,14.75,0.8));
#10487=DIRECTION('',(1.,-0.,-0.));
#10488=VECTOR('',#10487,1.010102051);
#10489=LINE('',#10486,#10488);
#10490=EDGE_CURVE('',#10476,#10485,#10489,.T.);
#10491=ORIENTED_EDGE('',*,*,#10490,.T.);
#10492=CARTESIAN_POINT('',(4.5,14.693649167,0.8));
#10493=VERTEX_POINT('',#10492);
#10494=CARTESIAN_POINT('',(4.5,14.75,0.8));
#10495=DIRECTION('',(-0.,-1.,-0.));
#10496=VECTOR('',#10495,0.056350833);
#10497=LINE('',#10494,#10496);
#10498=EDGE_CURVE('',#10485,#10493,#10497,.T.);
#10499=ORIENTED_EDGE('',*,*,#10498,.T.);
#10500=CARTESIAN_POINT('',(4.35,14.5,0.8));
#10501=VERTEX_POINT('',#10500);
#10502=CARTESIAN_POINT('',(4.55,14.5,0.8));
#10503=DIRECTION('',(-0.,-0.,1.));
#10504=DIRECTION('',(-1.,0.,0.));
#10505=AXIS2_PLACEMENT_3D('',#10502,#10503,#10504);
#10506=CIRCLE('',#10505,0.2);
#10507=EDGE_CURVE('',#10493,#10501,#10506,.T.);
#10508=ORIENTED_EDGE('',*,*,#10507,.T.);
#10509=CARTESIAN_POINT('',(4.5,14.306350833,0.8));
#10510=VERTEX_POINT('',#10509);
#10511=CARTESIAN_POINT('',(4.55,14.5,0.8));
#10512=DIRECTION('',(-0.,-0.,1.));
#10513=DIRECTION('',(-1.,0.,0.));
#10514=AXIS2_PLACEMENT_3D('',#10511,#10512,#10513);
#10515=CIRCLE('',#10514,0.2);
#10516=EDGE_CURVE('',#10501,#10510,#10515,.T.);
#10517=ORIENTED_EDGE('',*,*,#10516,.T.);
#10518=CARTESIAN_POINT('',(4.5,14.306350833,0.8));
#10519=DIRECTION('',(-0.,-1.,-0.));
#10520=VECTOR('',#10519,0.056350833);
#10521=LINE('',#10518,#10520);
#10522=EDGE_CURVE('',#10510,#10457,#10521,.T.);
#10523=ORIENTED_EDGE('',*,*,#10522,.T.);
#10524=EDGE_LOOP('',(#10465,#10474,#10483,#10491,#10499,#10508,#10517,#10523));
#10525=FACE_BOUND('',#10524,.T.);
#10526=ADVANCED_FACE('',(#10525),#10455,.T.);
#10527=COLOUR_RGB('',0.992156863,0.988235295,0.);
#10528=FILL_AREA_STYLE_COLOUR('',#10527);
#10529=FILL_AREA_STYLE('',(#10528));
#10530=SURFACE_STYLE_FILL_AREA(#10529);
#10531=SURFACE_SIDE_STYLE('',(#10530));
#10532=SURFACE_STYLE_USAGE(.BOTH.,#10531);
#10533=PRESENTATION_STYLE_ASSIGNMENT((#10532));
#10534=OVER_RIDING_STYLED_ITEM('',(#10533),#10526,#10450);
#10535=CARTESIAN_POINT('',(4.55,14.65,0.9));
#10536=DIRECTION('',(0.,0.,-1.));
#10537=DIRECTION('',(-1.,0.,0.));
#10538=AXIS2_PLACEMENT_3D('',#10535,#10536,#10537);
#10539=PLANE('',#10538);
#10540=CARTESIAN_POINT('',(4.5,14.693649167,0.9));
#10541=VERTEX_POINT('',#10540);
#10542=CARTESIAN_POINT('',(4.5,14.75,0.9));
#10543=VERTEX_POINT('',#10542);
#10544=CARTESIAN_POINT('',(4.5,14.693649167,0.9));
#10545=DIRECTION('',(0.,1.,0.));
#10546=VECTOR('',#10545,0.056350833);
#10547=LINE('',#10544,#10546);
#10548=EDGE_CURVE('',#10541,#10543,#10547,.T.);
#10549=ORIENTED_EDGE('',*,*,#10548,.T.);
#10550=CARTESIAN_POINT('',(4.28660254,14.75,0.9));
#10551=VERTEX_POINT('',#10550);
#10552=CARTESIAN_POINT('',(4.5,14.75,0.9));
#10553=DIRECTION('',(-1.,0.,0.));
#10554=VECTOR('',#10553,0.21339746);
#10555=LINE('',#10552,#10554);
#10556=EDGE_CURVE('',#10543,#10551,#10555,.T.);
#10557=ORIENTED_EDGE('',*,*,#10556,.T.);
#10558=CARTESIAN_POINT('',(4.28660254,14.25,0.9));
#10559=VERTEX_POINT('',#10558);
#10560=CARTESIAN_POINT('',(4.28660254,14.75,0.9));
#10561=DIRECTION('',(-0.,-1.,-0.));
#10562=VECTOR('',#10561,0.5);
#10563=LINE('',#10560,#10562);
#10564=EDGE_CURVE('',#10551,#10559,#10563,.T.);
#10565=ORIENTED_EDGE('',*,*,#10564,.T.);
#10566=CARTESIAN_POINT('',(4.5,14.25,0.9));
#10567=VERTEX_POINT('',#10566);
#10568=CARTESIAN_POINT('',(4.28660254,14.25,0.9));
#10569=DIRECTION('',(1.,-0.,-0.));
#10570=VECTOR('',#10569,0.21339746);
#10571=LINE('',#10568,#10570);
#10572=EDGE_CURVE('',#10559,#10567,#10571,.T.);
#10573=ORIENTED_EDGE('',*,*,#10572,.T.);
#10574=CARTESIAN_POINT('',(4.5,14.306350833,0.9));
#10575=VERTEX_POINT('',#10574);
#10576=CARTESIAN_POINT('',(4.5,14.25,0.9));
#10577=DIRECTION('',(0.,1.,0.));
#10578=VECTOR('',#10577,0.056350833);
#10579=LINE('',#10576,#10578);
#10580=EDGE_CURVE('',#10567,#10575,#10579,.T.);
#10581=ORIENTED_EDGE('',*,*,#10580,.T.);
#10582=CARTESIAN_POINT('',(4.35,14.5,0.9));
#10583=VERTEX_POINT('',#10582);
#10584=CARTESIAN_POINT('',(4.55,14.5,0.9));
#10585=DIRECTION('',(0.,0.,-1.));
#10586=DIRECTION('',(-1.,0.,0.));
#10587=AXIS2_PLACEMENT_3D('',#10584,#10585,#10586);
#10588=CIRCLE('',#10587,0.2);
#10589=EDGE_CURVE('',#10575,#10583,#10588,.T.);
#10590=ORIENTED_EDGE('',*,*,#10589,.T.);
#10591=CARTESIAN_POINT('',(4.55,14.5,0.9));
#10592=DIRECTION('',(0.,0.,-1.));
#10593=DIRECTION('',(-1.,0.,0.));
#10594=AXIS2_PLACEMENT_3D('',#10591,#10592,#10593);
#10595=CIRCLE('',#10594,0.2);
#10596=EDGE_CURVE('',#10583,#10541,#10595,.T.);
#10597=ORIENTED_EDGE('',*,*,#10596,.T.);
#10598=EDGE_LOOP('',(#10549,#10557,#10565,#10573,#10581,#10590,#10597));
#10599=FACE_BOUND('',#10598,.T.);
#10600=ADVANCED_FACE('',(#10599),#10539,.F.);
#10601=CARTESIAN_POINT('',(2.,13.2,0.85));
#10602=DIRECTION('',(0.,0.,-1.));
#10603=DIRECTION('',(-1.,0.,0.));
#10604=AXIS2_PLACEMENT_3D('',#10601,#10602,#10603);
#10605=PLANE('',#10604);
#10606=CARTESIAN_POINT('',(2.1,13.3,0.85));
#10607=VERTEX_POINT('',#10606);
#10608=CARTESIAN_POINT('',(1.850000405,13.299999392,0.85));
#10609=VERTEX_POINT('',#10608);
#10610=CARTESIAN_POINT('',(2.1,13.3,0.85));
#10611=DIRECTION('',(-1.,0.,0.));
#10612=VECTOR('',#10611,0.25);
#10613=LINE('',#10610,#10612);
#10614=EDGE_CURVE('',#10607,#10609,#10613,.T.);
#10615=ORIENTED_EDGE('',*,*,#10614,.T.);
#10616=CARTESIAN_POINT('',(1.75,13.5,0.85));
#10617=VERTEX_POINT('',#10616);
#10618=CARTESIAN_POINT('',(2.,13.5,0.85));
#10619=DIRECTION('',(0.,0.,-1.));
#10620=DIRECTION('',(-1.,0.,0.));
#10621=AXIS2_PLACEMENT_3D('',#10618,#10619,#10620);
#10622=CIRCLE('',#10621,0.25);
#10623=EDGE_CURVE('',#10609,#10617,#10622,.T.);
#10624=ORIENTED_EDGE('',*,*,#10623,.T.);
#10625=CARTESIAN_POINT('',(1.75,15.5,0.85));
#10626=VERTEX_POINT('',#10625);
#10627=CARTESIAN_POINT('',(1.75,13.5,0.85));
#10628=DIRECTION('',(0.,1.,0.));
#10629=VECTOR('',#10628,2.);
#10630=LINE('',#10627,#10629);
#10631=EDGE_CURVE('',#10617,#10626,#10630,.T.);
#10632=ORIENTED_EDGE('',*,*,#10631,.T.);
#10633=CARTESIAN_POINT('',(2.,15.75,0.85));
#10634=VERTEX_POINT('',#10633);
#10635=CARTESIAN_POINT('',(2.,15.5,0.85));
#10636=DIRECTION('',(0.,0.,-1.));
#10637=DIRECTION('',(-1.,0.,0.));
#10638=AXIS2_PLACEMENT_3D('',#10635,#10636,#10637);
#10639=CIRCLE('',#10638,0.25);
#10640=EDGE_CURVE('',#10626,#10634,#10639,.T.);
#10641=ORIENTED_EDGE('',*,*,#10640,.T.);
#10642=CARTESIAN_POINT('',(2.1,15.750002236,0.85));
#10643=VERTEX_POINT('',#10642);
#10644=CARTESIAN_POINT('',(2.,15.75,0.85));
#10645=DIRECTION('',(1.,-0.,-0.));
#10646=VECTOR('',#10645,0.1);
#10647=LINE('',#10644,#10646);
#10648=EDGE_CURVE('',#10634,#10643,#10647,.T.);
#10649=ORIENTED_EDGE('',*,*,#10648,.T.);
#10650=CARTESIAN_POINT('',(2.1,15.6,0.85));
#10651=VERTEX_POINT('',#10650);
#10652=CARTESIAN_POINT('',(2.1,15.750002236,0.85));
#10653=DIRECTION('',(-0.,-1.,-0.));
#10654=VECTOR('',#10653,0.150002236);
#10655=LINE('',#10652,#10654);
#10656=EDGE_CURVE('',#10643,#10651,#10655,.T.);
#10657=ORIENTED_EDGE('',*,*,#10656,.T.);
#10658=CARTESIAN_POINT('',(2.15,15.55,0.85));
#10659=VERTEX_POINT('',#10658);
#10660=CARTESIAN_POINT('',(2.15,15.6,0.85));
#10661=DIRECTION('',(-0.,-0.,1.));
#10662=DIRECTION('',(-1.,0.,-0.));
#10663=AXIS2_PLACEMENT_3D('',#10660,#10661,#10662);
#10664=CIRCLE('',#10663,0.05);
#10665=EDGE_CURVE('',#10651,#10659,#10664,.T.);
#10666=ORIENTED_EDGE('',*,*,#10665,.T.);
#10667=CARTESIAN_POINT('',(3.85,15.55,0.85));
#10668=VERTEX_POINT('',#10667);
#10669=CARTESIAN_POINT('',(2.15,15.55,0.85));
#10670=DIRECTION('',(1.,-0.,-0.));
#10671=VECTOR('',#10670,1.7);
#10672=LINE('',#10669,#10671);
#10673=EDGE_CURVE('',#10659,#10668,#10672,.T.);
#10674=ORIENTED_EDGE('',*,*,#10673,.T.);
#10675=CARTESIAN_POINT('',(3.9,15.6,0.85));
#10676=VERTEX_POINT('',#10675);
#10677=CARTESIAN_POINT('',(3.85,15.6,0.85));
#10678=DIRECTION('',(0.,0.,1.));
#10679=DIRECTION('',(1.,0.,-0.));
#10680=AXIS2_PLACEMENT_3D('',#10677,#10678,#10679);
#10681=CIRCLE('',#10680,0.05);
#10682=EDGE_CURVE('',#10668,#10676,#10681,.T.);
#10683=ORIENTED_EDGE('',*,*,#10682,.T.);
#10684=CARTESIAN_POINT('',(3.9,15.8,0.85));
#10685=VERTEX_POINT('',#10684);
#10686=CARTESIAN_POINT('',(3.9,15.8,0.85));
#10687=DIRECTION('',(0.,-1.,0.));
#10688=VECTOR('',#10687,0.2);
#10689=LINE('',#10686,#10688);
#10690=EDGE_CURVE('',#10685,#10676,#10689,.T.);
#10691=ORIENTED_EDGE('',*,*,#10690,.F.);
#10692=CARTESIAN_POINT('',(4.,15.8,0.85));
#10693=VERTEX_POINT('',#10692);
#10694=CARTESIAN_POINT('',(4.,15.8,0.85));
#10695=DIRECTION('',(-1.,0.,0.));
#10696=VECTOR('',#10695,0.1);
#10697=LINE('',#10694,#10696);
#10698=EDGE_CURVE('',#10693,#10685,#10697,.T.);
#10699=ORIENTED_EDGE('',*,*,#10698,.F.);
#10700=CARTESIAN_POINT('',(4.2,15.723606798,0.85));
#10701=VERTEX_POINT('',#10700);
#10702=CARTESIAN_POINT('',(4.,15.5,0.85));
#10703=DIRECTION('',(-0.,-0.,1.));
#10704=DIRECTION('',(-1.,0.,0.));
#10705=AXIS2_PLACEMENT_3D('',#10702,#10703,#10704);
#10706=CIRCLE('',#10705,0.3);
#10707=EDGE_CURVE('',#10701,#10693,#10706,.T.);
#10708=ORIENTED_EDGE('',*,*,#10707,.F.);
#10709=CARTESIAN_POINT('',(4.2,14.8,0.85));
#10710=VERTEX_POINT('',#10709);
#10711=CARTESIAN_POINT('',(4.2,15.723606798,0.85));
#10712=DIRECTION('',(-0.,-1.,-0.));
#10713=VECTOR('',#10712,0.923606798);
#10714=LINE('',#10711,#10713);
#10715=EDGE_CURVE('',#10701,#10710,#10714,.T.);
#10716=ORIENTED_EDGE('',*,*,#10715,.T.);
#10717=CARTESIAN_POINT('',(3.519615242,14.8,0.85));
#10718=VERTEX_POINT('',#10717);
#10719=CARTESIAN_POINT('',(4.2,14.8,0.85));
#10720=DIRECTION('',(-1.,0.,0.));
#10721=VECTOR('',#10720,0.680384758);
#10722=LINE('',#10719,#10721);
#10723=EDGE_CURVE('',#10710,#10718,#10722,.T.);
#10724=ORIENTED_EDGE('',*,*,#10723,.T.);
#10725=CARTESIAN_POINT('',(2.4,14.5,0.85));
#10726=VERTEX_POINT('',#10725);
#10727=CARTESIAN_POINT('',(3.,14.5,0.85));
#10728=DIRECTION('',(0.,0.,-1.));
#10729=DIRECTION('',(-1.,0.,0.));
#10730=AXIS2_PLACEMENT_3D('',#10727,#10728,#10729);
#10731=CIRCLE('',#10730,0.6);
#10732=EDGE_CURVE('',#10726,#10718,#10731,.T.);
#10733=ORIENTED_EDGE('',*,*,#10732,.F.);
#10734=CARTESIAN_POINT('',(3.519615242,14.2,0.85));
#10735=VERTEX_POINT('',#10734);
#10736=CARTESIAN_POINT('',(3.,14.5,0.85));
#10737=DIRECTION('',(0.,0.,-1.));
#10738=DIRECTION('',(-1.,0.,0.));
#10739=AXIS2_PLACEMENT_3D('',#10736,#10737,#10738);
#10740=CIRCLE('',#10739,0.6);
#10741=EDGE_CURVE('',#10735,#10726,#10740,.T.);
#10742=ORIENTED_EDGE('',*,*,#10741,.F.);
#10743=CARTESIAN_POINT('',(4.2,14.2,0.85));
#10744=VERTEX_POINT('',#10743);
#10745=CARTESIAN_POINT('',(3.519615242,14.2,0.85));
#10746=DIRECTION('',(1.,-0.,-0.));
#10747=VECTOR('',#10746,0.680384758);
#10748=LINE('',#10745,#10747);
#10749=EDGE_CURVE('',#10735,#10744,#10748,.T.);
#10750=ORIENTED_EDGE('',*,*,#10749,.T.);
#10751=CARTESIAN_POINT('',(4.2,13.5,0.85));
#10752=VERTEX_POINT('',#10751);
#10753=CARTESIAN_POINT('',(4.2,14.2,0.85));
#10754=DIRECTION('',(-0.,-1.,-0.));
#10755=VECTOR('',#10754,0.7);
#10756=LINE('',#10753,#10755);
#10757=EDGE_CURVE('',#10744,#10752,#10756,.T.);
#10758=ORIENTED_EDGE('',*,*,#10757,.T.);
#10759=CARTESIAN_POINT('',(4.,13.3,0.85));
#10760=VERTEX_POINT('',#10759);
#10761=CARTESIAN_POINT('',(4.,13.5,0.85));
#10762=DIRECTION('',(0.,0.,-1.));
#10763=DIRECTION('',(-1.,0.,0.));
#10764=AXIS2_PLACEMENT_3D('',#10761,#10762,#10763);
#10765=CIRCLE('',#10764,0.2);
#10766=EDGE_CURVE('',#10752,#10760,#10765,.T.);
#10767=ORIENTED_EDGE('',*,*,#10766,.T.);
#10768=CARTESIAN_POINT('',(3.9,13.3,0.85));
#10769=VERTEX_POINT('',#10768);
#10770=CARTESIAN_POINT('',(4.,13.3,0.85));
#10771=DIRECTION('',(-1.,0.,0.));
#10772=VECTOR('',#10771,0.1);
#10773=LINE('',#10770,#10772);
#10774=EDGE_CURVE('',#10760,#10769,#10773,.T.);
#10775=ORIENTED_EDGE('',*,*,#10774,.T.);
#10776=CARTESIAN_POINT('',(3.9,13.4,0.85));
#10777=VERTEX_POINT('',#10776);
#10778=CARTESIAN_POINT('',(3.9,13.3,0.85));
#10779=DIRECTION('',(0.,1.,0.));
#10780=VECTOR('',#10779,0.1);
#10781=LINE('',#10778,#10780);
#10782=EDGE_CURVE('',#10769,#10777,#10781,.T.);
#10783=ORIENTED_EDGE('',*,*,#10782,.T.);
#10784=CARTESIAN_POINT('',(3.85,13.45,0.85));
#10785=VERTEX_POINT('',#10784);
#10786=CARTESIAN_POINT('',(3.85,13.4,0.85));
#10787=DIRECTION('',(-0.,-0.,1.));
#10788=DIRECTION('',(-1.,0.,0.));
#10789=AXIS2_PLACEMENT_3D('',#10786,#10787,#10788);
#10790=CIRCLE('',#10789,0.05);
#10791=EDGE_CURVE('',#10777,#10785,#10790,.T.);
#10792=ORIENTED_EDGE('',*,*,#10791,.T.);
#10793=CARTESIAN_POINT('',(2.15,13.45,0.85));
#10794=VERTEX_POINT('',#10793);
#10795=CARTESIAN_POINT('',(3.85,13.45,0.85));
#10796=DIRECTION('',(-1.,0.,0.));
#10797=VECTOR('',#10796,1.7);
#10798=LINE('',#10795,#10797);
#10799=EDGE_CURVE('',#10785,#10794,#10798,.T.);
#10800=ORIENTED_EDGE('',*,*,#10799,.T.);
#10801=CARTESIAN_POINT('',(2.1,13.4,0.85));
#10802=VERTEX_POINT('',#10801);
#10803=CARTESIAN_POINT('',(2.15,13.4,0.85));
#10804=DIRECTION('',(0.,0.,1.));
#10805=DIRECTION('',(1.,0.,-0.));
#10806=AXIS2_PLACEMENT_3D('',#10803,#10804,#10805);
#10807=CIRCLE('',#10806,0.05);
#10808=EDGE_CURVE('',#10794,#10802,#10807,.T.);
#10809=ORIENTED_EDGE('',*,*,#10808,.T.);
#10810=CARTESIAN_POINT('',(2.1,13.3,0.85));
#10811=DIRECTION('',(0.,1.,0.));
#10812=VECTOR('',#10811,0.1);
#10813=LINE('',#10810,#10812);
#10814=EDGE_CURVE('',#10607,#10802,#10813,.T.);
#10815=ORIENTED_EDGE('',*,*,#10814,.F.);
#10816=EDGE_LOOP('',(#10615,#10624,#10632,#10641,#10649,#10657,#10666,#10674,#10683,#10691,#10699,#10708,#10716,#10724,#10733,#10742,#10750,#10758,#10767,#10775,#10783,#10792,#10800,#10809,#10815));
#10817=FACE_BOUND('',#10816,.T.);
#10818=ADVANCED_FACE('',(#10817),#10605,.T.);
#10819=DRAUGHTING_PRE_DEFINED_COLOUR('white');
#10820=FILL_AREA_STYLE_COLOUR('',#10819);
#10821=FILL_AREA_STYLE('',(#10820));
#10822=SURFACE_STYLE_FILL_AREA(#10821);
#10823=SURFACE_SIDE_STYLE('',(#10822));
#10824=SURFACE_STYLE_USAGE(.BOTH.,#10823);
#10825=PRESENTATION_STYLE_ASSIGNMENT((#10824));
#10826=OVER_RIDING_STYLED_ITEM('',(#10825),#10818,#10450);
#10827=CARTESIAN_POINT('',(4.3,13.5,0.85));
#10828=DIRECTION('',(-1.,0.,0.));
#10829=DIRECTION('',(0.,1.,0.));
#10830=AXIS2_PLACEMENT_3D('',#10827,#10828,#10829);
#10831=PLANE('',#10830);
#10832=CARTESIAN_POINT('',(4.3,13.5,0.95));
#10833=VERTEX_POINT('',#10832);
#10834=CARTESIAN_POINT('',(4.3,13.5,1.06));
#10835=VERTEX_POINT('',#10834);
#10836=CARTESIAN_POINT('',(4.3,13.5,0.95));
#10837=DIRECTION('',(-0.,-0.,1.));
#10838=VECTOR('',#10837,0.11);
#10839=LINE('',#10836,#10838);
#10840=EDGE_CURVE('',#10833,#10835,#10839,.T.);
#10841=ORIENTED_EDGE('',*,*,#10840,.F.);
#10842=CARTESIAN_POINT('',(4.3,15.5,0.95));
#10843=VERTEX_POINT('',#10842);
#10844=CARTESIAN_POINT('',(4.3,13.5,0.95));
#10845=DIRECTION('',(0.,1.,0.));
#10846=VECTOR('',#10845,2.);
#10847=LINE('',#10844,#10846);
#10848=EDGE_CURVE('',#10833,#10843,#10847,.T.);
#10849=ORIENTED_EDGE('',*,*,#10848,.T.);
#10850=CARTESIAN_POINT('',(4.3,15.5,1.06));
#10851=VERTEX_POINT('',#10850);
#10852=CARTESIAN_POINT('',(4.3,15.5,0.95));
#10853=DIRECTION('',(-0.,-0.,1.));
#10854=VECTOR('',#10853,0.11);
#10855=LINE('',#10852,#10854);
#10856=EDGE_CURVE('',#10843,#10851,#10855,.T.);
#10857=ORIENTED_EDGE('',*,*,#10856,.T.);
#10858=CARTESIAN_POINT('',(4.3,15.5,1.06));
#10859=DIRECTION('',(-0.,-1.,-0.));
#10860=VECTOR('',#10859,2.);
#10861=LINE('',#10858,#10860);
#10862=EDGE_CURVE('',#10851,#10835,#10861,.T.);
#10863=ORIENTED_EDGE('',*,*,#10862,.T.);
#10864=EDGE_LOOP('',(#10841,#10849,#10857,#10863));
#10865=FACE_BOUND('',#10864,.T.);
#10866=ADVANCED_FACE('',(#10865),#10831,.F.);
#10867=OVER_RIDING_STYLED_ITEM('',(#10825),#10866,#10450);
#10868=CARTESIAN_POINT('',(2.,13.2,0.85));
#10869=DIRECTION('',(0.,1.,0.));
#10870=DIRECTION('',(1.,0.,0.));
#10871=AXIS2_PLACEMENT_3D('',#10868,#10869,#10870);
#10872=PLANE('',#10871);
#10873=CARTESIAN_POINT('',(2.,13.2,0.95));
#10874=VERTEX_POINT('',#10873);
#10875=CARTESIAN_POINT('',(2.,13.2,1.06));
#10876=VERTEX_POINT('',#10875);
#10877=CARTESIAN_POINT('',(2.,13.2,0.95));
#10878=DIRECTION('',(-0.,-0.,1.));
#10879=VECTOR('',#10878,0.11);
#10880=LINE('',#10877,#10879);
#10881=EDGE_CURVE('',#10874,#10876,#10880,.T.);
#10882=ORIENTED_EDGE('',*,*,#10881,.F.);
#10883=CARTESIAN_POINT('',(4.,13.2,0.95));
#10884=VERTEX_POINT('',#10883);
#10885=CARTESIAN_POINT('',(2.,13.2,0.95));
#10886=DIRECTION('',(1.,0.,-0.));
#10887=VECTOR('',#10886,2.);
#10888=LINE('',#10885,#10887);
#10889=EDGE_CURVE('',#10874,#10884,#10888,.T.);
#10890=ORIENTED_EDGE('',*,*,#10889,.T.);
#10891=CARTESIAN_POINT('',(4.,13.2,1.06));
#10892=VERTEX_POINT('',#10891);
#10893=CARTESIAN_POINT('',(4.,13.2,0.95));
#10894=DIRECTION('',(-0.,-0.,1.));
#10895=VECTOR('',#10894,0.11);
#10896=LINE('',#10893,#10895);
#10897=EDGE_CURVE('',#10884,#10892,#10896,.T.);
#10898=ORIENTED_EDGE('',*,*,#10897,.T.);
#10899=CARTESIAN_POINT('',(4.,13.2,1.06));
#10900=DIRECTION('',(-1.,-0.,0.));
#10901=VECTOR('',#10900,2.);
#10902=LINE('',#10899,#10901);
#10903=EDGE_CURVE('',#10892,#10876,#10902,.T.);
#10904=ORIENTED_EDGE('',*,*,#10903,.T.);
#10905=EDGE_LOOP('',(#10882,#10890,#10898,#10904));
#10906=FACE_BOUND('',#10905,.T.);
#10907=ADVANCED_FACE('',(#10906),#10872,.F.);
#10908=OVER_RIDING_STYLED_ITEM('',(#10825),#10907,#10450);
#10909=CARTESIAN_POINT('',(4.,13.5,0.85));
#10910=DIRECTION('',(0.,0.,-1.));
#10911=DIRECTION('',(1.,0.,0.));
#10912=AXIS2_PLACEMENT_3D('',#10909,#10910,#10911);
#10913=CYLINDRICAL_SURFACE('',#10912,0.3);
#10914=ORIENTED_EDGE('',*,*,#10897,.F.);
#10915=CARTESIAN_POINT('',(4.,13.5,0.95));
#10916=DIRECTION('',(-0.,-0.,1.));
#10917=DIRECTION('',(-1.,0.,0.));
#10918=AXIS2_PLACEMENT_3D('',#10915,#10916,#10917);
#10919=CIRCLE('',#10918,0.3);
#10920=EDGE_CURVE('',#10884,#10833,#10919,.T.);
#10921=ORIENTED_EDGE('',*,*,#10920,.T.);
#10922=ORIENTED_EDGE('',*,*,#10840,.T.);
#10923=CARTESIAN_POINT('',(4.,13.5,1.06));
#10924=DIRECTION('',(0.,0.,-1.));
#10925=DIRECTION('',(-1.,0.,0.));
#10926=AXIS2_PLACEMENT_3D('',#10923,#10924,#10925);
#10927=CIRCLE('',#10926,0.3);
#10928=EDGE_CURVE('',#10835,#10892,#10927,.T.);
#10929=ORIENTED_EDGE('',*,*,#10928,.T.);
#10930=EDGE_LOOP('',(#10914,#10921,#10922,#10929));
#10931=FACE_BOUND('',#10930,.T.);
#10932=ADVANCED_FACE('',(#10931),#10913,.T.);
#10933=OVER_RIDING_STYLED_ITEM('',(#10825),#10932,#10450);
#10934=CARTESIAN_POINT('',(4.,15.5,0.85));
#10935=DIRECTION('',(0.,0.,-1.));
#10936=DIRECTION('',(1.,0.,0.));
#10937=AXIS2_PLACEMENT_3D('',#10934,#10935,#10936);
#10938=CYLINDRICAL_SURFACE('',#10937,0.3);
#10939=ORIENTED_EDGE('',*,*,#10856,.F.);
#10940=CARTESIAN_POINT('',(4.3,15.5,0.95));
#10941=CARTESIAN_POINT('',(4.3,15.539796914,0.927020368));
#10942=CARTESIAN_POINT('',(4.292463076,15.578817172,0.904333044));
#10943=CARTESIAN_POINT('',(4.276123357,15.617285513,0.885152221));
#10944=CARTESIAN_POINT('',(4.259783638,15.655753855,0.865971397));
#10945=CARTESIAN_POINT('',(4.234516192,15.692734577,0.85));
#10946=CARTESIAN_POINT('',(4.2,15.723606798,0.85));
#10947=B_SPLINE_CURVE_WITH_KNOTS('',3,(#10940,#10941,#10942,#10943,#10944,#10945,#10946),.UNSPECIFIED.,.F.,.F.,(4,3,4),(0.,0.000137417,0.000274834),.UNSPECIFIED.);
#10948=EDGE_CURVE('',#10843,#10701,#10947,.T.);
#10949=ORIENTED_EDGE('',*,*,#10948,.T.);
#10950=ORIENTED_EDGE('',*,*,#10707,.T.);
#10951=CARTESIAN_POINT('',(4.,15.8,1.06));
#10952=VERTEX_POINT('',#10951);
#10953=CARTESIAN_POINT('',(4.,15.8,0.85));
#10954=DIRECTION('',(-0.,-0.,1.));
#10955=VECTOR('',#10954,0.21);
#10956=LINE('',#10953,#10955);
#10957=EDGE_CURVE('',#10693,#10952,#10956,.T.);
#10958=ORIENTED_EDGE('',*,*,#10957,.T.);
#10959=CARTESIAN_POINT('',(4.,15.5,1.06));
#10960=DIRECTION('',(0.,0.,-1.));
#10961=DIRECTION('',(-1.,0.,0.));
#10962=AXIS2_PLACEMENT_3D('',#10959,#10960,#10961);
#10963=CIRCLE('',#10962,0.3);
#10964=EDGE_CURVE('',#10952,#10851,#10963,.T.);
#10965=ORIENTED_EDGE('',*,*,#10964,.T.);
#10966=EDGE_LOOP('',(#10939,#10949,#10950,#10958,#10965));
#10967=FACE_BOUND('',#10966,.T.);
#10968=ADVANCED_FACE('',(#10967),#10938,.T.);
#10969=OVER_RIDING_STYLED_ITEM('',(#10825),#10968,#10450);
#10970=CARTESIAN_POINT('',(4.,15.8,0.85));
#10971=DIRECTION('',(0.,-1.,0.));
#10972=DIRECTION('',(-1.,0.,0.));
#10973=AXIS2_PLACEMENT_3D('',#10970,#10971,#10972);
#10974=PLANE('',#10973);
#10975=CARTESIAN_POINT('',(3.85,15.8,0.9));
#10976=VERTEX_POINT('',#10975);
#10977=CARTESIAN_POINT('',(2.15,15.8,0.9));
#10978=VERTEX_POINT('',#10977);
#10979=CARTESIAN_POINT('',(3.85,15.8,0.9));
#10980=DIRECTION('',(-1.,0.,0.));
#10981=VECTOR('',#10980,1.7);
#10982=LINE('',#10979,#10981);
#10983=EDGE_CURVE('',#10976,#10978,#10982,.T.);
#10984=ORIENTED_EDGE('',*,*,#10983,.T.);
#10985=CARTESIAN_POINT('',(2.,15.8,0.9));
#10986=VERTEX_POINT('',#10985);
#10987=CARTESIAN_POINT('',(2.15,15.8,0.9));
#10988=DIRECTION('',(-1.,0.,0.));
#10989=VECTOR('',#10988,0.15);
#10990=LINE('',#10987,#10989);
#10991=EDGE_CURVE('',#10978,#10986,#10990,.T.);
#10992=ORIENTED_EDGE('',*,*,#10991,.T.);
#10993=CARTESIAN_POINT('',(2.,15.8,1.06));
#10994=VERTEX_POINT('',#10993);
#10995=CARTESIAN_POINT('',(2.,15.8,0.9));
#10996=DIRECTION('',(-0.,-0.,1.));
#10997=VECTOR('',#10996,0.16);
#10998=LINE('',#10995,#10997);
#10999=EDGE_CURVE('',#10986,#10994,#10998,.T.);
#11000=ORIENTED_EDGE('',*,*,#10999,.T.);
#11001=CARTESIAN_POINT('',(2.,15.8,1.06));
#11002=DIRECTION('',(1.,-0.,-0.));
#11003=VECTOR('',#11002,2.);
#11004=LINE('',#11001,#11003);
#11005=EDGE_CURVE('',#10994,#10952,#11004,.T.);
#11006=ORIENTED_EDGE('',*,*,#11005,.T.);
#11007=ORIENTED_EDGE('',*,*,#10957,.F.);
#11008=ORIENTED_EDGE('',*,*,#10698,.T.);
#11009=CARTESIAN_POINT('',(3.85,15.8,0.85));
#11010=DIRECTION('',(-0.,-1.,-0.));
#11011=DIRECTION('',(0.,-0.,1.));
#11012=AXIS2_PLACEMENT_3D('',#11009,#11010,#11011);
#11013=CIRCLE('',#11012,0.05);
#11014=EDGE_CURVE('',#10685,#10976,#11013,.T.);
#11015=ORIENTED_EDGE('',*,*,#11014,.T.);
#11016=EDGE_LOOP('',(#10984,#10992,#11000,#11006,#11007,#11008,#11015));
#11017=FACE_BOUND('',#11016,.T.);
#11018=ADVANCED_FACE('',(#11017),#10974,.F.);
#11019=OVER_RIDING_STYLED_ITEM('',(#10825),#11018,#10450);
#11020=CARTESIAN_POINT('',(2.,15.5,0.85));
#11021=DIRECTION('',(0.,0.,-1.));
#11022=DIRECTION('',(1.,0.,0.));
#11023=AXIS2_PLACEMENT_3D('',#11020,#11021,#11022);
#11024=CYLINDRICAL_SURFACE('',#11023,0.3);
#11025=ORIENTED_EDGE('',*,*,#10999,.F.);
#11026=CARTESIAN_POINT('',(1.7,15.5,0.9));
#11027=VERTEX_POINT('',#11026);
#11028=CARTESIAN_POINT('',(2.,15.5,0.9));
#11029=DIRECTION('',(-0.,-0.,1.));
#11030=DIRECTION('',(-1.,0.,0.));
#11031=AXIS2_PLACEMENT_3D('',#11028,#11029,#11030);
#11032=CIRCLE('',#11031,0.3);
#11033=EDGE_CURVE('',#10986,#11027,#11032,.T.);
#11034=ORIENTED_EDGE('',*,*,#11033,.T.);
#11035=CARTESIAN_POINT('',(1.7,15.5,1.06));
#11036=VERTEX_POINT('',#11035);
#11037=CARTESIAN_POINT('',(1.7,15.5,0.9));
#11038=DIRECTION('',(-0.,-0.,1.));
#11039=VECTOR('',#11038,0.16);
#11040=LINE('',#11037,#11039);
#11041=EDGE_CURVE('',#11027,#11036,#11040,.T.);
#11042=ORIENTED_EDGE('',*,*,#11041,.T.);
#11043=CARTESIAN_POINT('',(2.,15.5,1.06));
#11044=DIRECTION('',(0.,0.,-1.));
#11045=DIRECTION('',(-1.,0.,0.));
#11046=AXIS2_PLACEMENT_3D('',#11043,#11044,#11045);
#11047=CIRCLE('',#11046,0.3);
#11048=EDGE_CURVE('',#11036,#10994,#11047,.T.);
#11049=ORIENTED_EDGE('',*,*,#11048,.T.);
#11050=EDGE_LOOP('',(#11025,#11034,#11042,#11049));
#11051=FACE_BOUND('',#11050,.T.);
#11052=ADVANCED_FACE('',(#11051),#11024,.T.);
#11053=OVER_RIDING_STYLED_ITEM('',(#10825),#11052,#10450);
#11054=CARTESIAN_POINT('',(1.7,15.5,0.85));
#11055=DIRECTION('',(1.,0.,0.));
#11056=DIRECTION('',(0.,-1.,0.));
#11057=AXIS2_PLACEMENT_3D('',#11054,#11055,#11056);
#11058=PLANE('',#11057);
#11059=ORIENTED_EDGE('',*,*,#11041,.F.);
#11060=CARTESIAN_POINT('',(1.7,13.5,0.9));
#11061=VERTEX_POINT('',#11060);
#11062=CARTESIAN_POINT('',(1.7,15.5,0.9));
#11063=DIRECTION('',(0.,-1.,0.));
#11064=VECTOR('',#11063,2.);
#11065=LINE('',#11062,#11064);
#11066=EDGE_CURVE('',#11027,#11061,#11065,.T.);
#11067=ORIENTED_EDGE('',*,*,#11066,.T.);
#11068=CARTESIAN_POINT('',(1.7,13.5,1.06));
#11069=VERTEX_POINT('',#11068);
#11070=CARTESIAN_POINT('',(1.7,13.5,0.9));
#11071=DIRECTION('',(-0.,-0.,1.));
#11072=VECTOR('',#11071,0.16);
#11073=LINE('',#11070,#11072);
#11074=EDGE_CURVE('',#11061,#11069,#11073,.T.);
#11075=ORIENTED_EDGE('',*,*,#11074,.T.);
#11076=CARTESIAN_POINT('',(1.7,14.25,1.06));
#11077=VERTEX_POINT('',#11076);
#11078=CARTESIAN_POINT('',(1.7,13.5,1.06));
#11079=DIRECTION('',(-0.,1.,-0.));
#11080=VECTOR('',#11079,0.75);
#11081=LINE('',#11078,#11080);
#11082=EDGE_CURVE('',#11069,#11077,#11081,.T.);
#11083=ORIENTED_EDGE('',*,*,#11082,.T.);
#11084=CARTESIAN_POINT('',(1.7,14.75,1.06));
#11085=VERTEX_POINT('',#11084);
#11086=CARTESIAN_POINT('',(1.7,14.75,1.06));
#11087=DIRECTION('',(-0.,-1.,-0.));
#11088=VECTOR('',#11087,0.5);
#11089=LINE('',#11086,#11088);
#11090=EDGE_CURVE('',#11085,#11077,#11089,.T.);
#11091=ORIENTED_EDGE('',*,*,#11090,.F.);
#11092=CARTESIAN_POINT('',(1.7,14.75,1.06));
#11093=DIRECTION('',(-0.,1.,-0.));
#11094=VECTOR('',#11093,0.75);
#11095=LINE('',#11092,#11094);
#11096=EDGE_CURVE('',#11085,#11036,#11095,.T.);
#11097=ORIENTED_EDGE('',*,*,#11096,.T.);
#11098=EDGE_LOOP('',(#11059,#11067,#11075,#11083,#11091,#11097));
#11099=FACE_BOUND('',#11098,.T.);
#11100=ADVANCED_FACE('',(#11099),#11058,.F.);
#11101=OVER_RIDING_STYLED_ITEM('',(#10825),#11100,#10450);
#11102=CARTESIAN_POINT('',(2.,13.5,0.85));
#11103=DIRECTION('',(0.,0.,-1.));
#11104=DIRECTION('',(1.,0.,0.));
#11105=AXIS2_PLACEMENT_3D('',#11102,#11103,#11104);
#11106=CYLINDRICAL_SURFACE('',#11105,0.3);
#11107=CARTESIAN_POINT('',(1.82,13.26,0.9));
#11108=VERTEX_POINT('',#11107);
#11109=CARTESIAN_POINT('',(2.,13.5,0.9));
#11110=DIRECTION('',(-0.,-0.,1.));
#11111=DIRECTION('',(-1.,0.,0.));
#11112=AXIS2_PLACEMENT_3D('',#11109,#11110,#11111);
#11113=CIRCLE('',#11112,0.3);
#11114=EDGE_CURVE('',#11061,#11108,#11113,.T.);
#11115=ORIENTED_EDGE('',*,*,#11114,.T.);
#11116=CARTESIAN_POINT('',(1.82,13.26,0.9));
#11117=CARTESIAN_POINT('',(1.847450145,13.239412391,0.9));
#11118=CARTESIAN_POINT('',(1.877411496,13.22435601,0.907886495));
#11119=CARTESIAN_POINT('',(1.90761071,13.214580626,0.917321949));
#11120=CARTESIAN_POINT('',(1.937809924,13.204805242,0.926757403));
#11121=CARTESIAN_POINT('',(1.968894506,13.2,0.938408695));
#11122=CARTESIAN_POINT('',(2.,13.2,0.95));
#11123=B_SPLINE_CURVE_WITH_KNOTS('',3,(#11116,#11117,#11118,#11119,#11120,#11121,#11122),.UNSPECIFIED.,.F.,.F.,(4,3,4),(0.,0.000084637,0.000169273),.UNSPECIFIED.);
#11124=EDGE_CURVE('',#11108,#10874,#11123,.T.);
#11125=ORIENTED_EDGE('',*,*,#11124,.T.);
#11126=ORIENTED_EDGE('',*,*,#10881,.T.);
#11127=CARTESIAN_POINT('',(2.,13.5,1.06));
#11128=DIRECTION('',(0.,0.,-1.));
#11129=DIRECTION('',(-1.,0.,0.));
#11130=AXIS2_PLACEMENT_3D('',#11127,#11128,#11129);
#11131=CIRCLE('',#11130,0.3);
#11132=EDGE_CURVE('',#10876,#11069,#11131,.T.);
#11133=ORIENTED_EDGE('',*,*,#11132,.T.);
#11134=ORIENTED_EDGE('',*,*,#11074,.F.);
#11135=EDGE_LOOP('',(#11115,#11125,#11126,#11133,#11134));
#11136=FACE_BOUND('',#11135,.T.);
#11137=ADVANCED_FACE('',(#11136),#11106,.T.);
#11138=OVER_RIDING_STYLED_ITEM('',(#10825),#11137,#10450);
#11139=CARTESIAN_POINT('',(2.,13.2,1.15));
#11140=DIRECTION('',(0.,0.,-1.));
#11141=DIRECTION('',(-1.,0.,0.));
#11142=AXIS2_PLACEMENT_3D('',#11139,#11140,#11141);
#11143=PLANE('',#11142);
#11144=CARTESIAN_POINT('',(2.,15.71,1.15));
#11145=VERTEX_POINT('',#11144);
#11146=CARTESIAN_POINT('',(1.79,15.5,1.15));
#11147=VERTEX_POINT('',#11146);
#11148=CARTESIAN_POINT('',(2.,15.5,1.15));
#11149=DIRECTION('',(-0.,-0.,1.));
#11150=DIRECTION('',(-1.,0.,0.));
#11151=AXIS2_PLACEMENT_3D('',#11148,#11149,#11150);
#11152=CIRCLE('',#11151,0.21);
#11153=EDGE_CURVE('',#11145,#11147,#11152,.T.);
#11154=ORIENTED_EDGE('',*,*,#11153,.T.);
#11155=CARTESIAN_POINT('',(1.79,14.78,1.15));
#11156=VERTEX_POINT('',#11155);
#11157=CARTESIAN_POINT('',(1.79,15.5,1.15));
#11158=DIRECTION('',(-0.,-1.,-0.));
#11159=VECTOR('',#11158,0.72);
#11160=LINE('',#11157,#11159);
#11161=EDGE_CURVE('',#11147,#11156,#11160,.T.);
#11162=ORIENTED_EDGE('',*,*,#11161,.T.);
#11163=CARTESIAN_POINT('',(2.04,14.78,1.15));
#11164=VERTEX_POINT('',#11163);
#11165=CARTESIAN_POINT('',(1.79,14.78,1.15));
#11166=DIRECTION('',(1.,-0.,-0.));
#11167=VECTOR('',#11166,0.25);
#11168=LINE('',#11165,#11167);
#11169=EDGE_CURVE('',#11156,#11164,#11168,.T.);
#11170=ORIENTED_EDGE('',*,*,#11169,.T.);
#11171=CARTESIAN_POINT('',(2.04,14.22,1.15));
#11172=VERTEX_POINT('',#11171);
#11173=CARTESIAN_POINT('',(3.,14.5,1.15));
#11174=DIRECTION('',(0.,0.,1.));
#11175=DIRECTION('',(1.,0.,-0.));
#11176=AXIS2_PLACEMENT_3D('',#11173,#11174,#11175);
#11177=CIRCLE('',#11176,1.);
#11178=EDGE_CURVE('',#11172,#11164,#11177,.T.);
#11179=ORIENTED_EDGE('',*,*,#11178,.F.);
#11180=CARTESIAN_POINT('',(1.79,14.22,1.15));
#11181=VERTEX_POINT('',#11180);
#11182=CARTESIAN_POINT('',(2.04,14.22,1.15));
#11183=DIRECTION('',(-1.,0.,0.));
#11184=VECTOR('',#11183,0.25);
#11185=LINE('',#11182,#11184);
#11186=EDGE_CURVE('',#11172,#11181,#11185,.T.);
#11187=ORIENTED_EDGE('',*,*,#11186,.T.);
#11188=CARTESIAN_POINT('',(1.79,13.5,1.15));
#11189=VERTEX_POINT('',#11188);
#11190=CARTESIAN_POINT('',(1.79,14.22,1.15));
#11191=DIRECTION('',(-0.,-1.,-0.));
#11192=VECTOR('',#11191,0.72);
#11193=LINE('',#11190,#11192);
#11194=EDGE_CURVE('',#11181,#11189,#11193,.T.);
#11195=ORIENTED_EDGE('',*,*,#11194,.T.);
#11196=CARTESIAN_POINT('',(2.,13.29,1.15));
#11197=VERTEX_POINT('',#11196);
#11198=CARTESIAN_POINT('',(2.,13.5,1.15));
#11199=DIRECTION('',(-0.,-0.,1.));
#11200=DIRECTION('',(-1.,0.,0.));
#11201=AXIS2_PLACEMENT_3D('',#11198,#11199,#11200);
#11202=CIRCLE('',#11201,0.21);
#11203=EDGE_CURVE('',#11189,#11197,#11202,.T.);
#11204=ORIENTED_EDGE('',*,*,#11203,.T.);
#11205=CARTESIAN_POINT('',(4.,13.29,1.15));
#11206=VERTEX_POINT('',#11205);
#11207=CARTESIAN_POINT('',(2.,13.29,1.15));
#11208=DIRECTION('',(1.,-0.,-0.));
#11209=VECTOR('',#11208,2.);
#11210=LINE('',#11207,#11209);
#11211=EDGE_CURVE('',#11197,#11206,#11210,.T.);
#11212=ORIENTED_EDGE('',*,*,#11211,.T.);
#11213=CARTESIAN_POINT('',(4.21,13.5,1.15));
#11214=VERTEX_POINT('',#11213);
#11215=CARTESIAN_POINT('',(4.,13.5,1.15));
#11216=DIRECTION('',(-0.,-0.,1.));
#11217=DIRECTION('',(-1.,0.,0.));
#11218=AXIS2_PLACEMENT_3D('',#11215,#11216,#11217);
#11219=CIRCLE('',#11218,0.21);
#11220=EDGE_CURVE('',#11206,#11214,#11219,.T.);
#11221=ORIENTED_EDGE('',*,*,#11220,.T.);
#11222=CARTESIAN_POINT('',(4.21,15.5,1.15));
#11223=VERTEX_POINT('',#11222);
#11224=CARTESIAN_POINT('',(4.21,13.5,1.15));
#11225=DIRECTION('',(0.,1.,0.));
#11226=VECTOR('',#11225,2.);
#11227=LINE('',#11224,#11226);
#11228=EDGE_CURVE('',#11214,#11223,#11227,.T.);
#11229=ORIENTED_EDGE('',*,*,#11228,.T.);
#11230=CARTESIAN_POINT('',(4.,15.71,1.15));
#11231=VERTEX_POINT('',#11230);
#11232=CARTESIAN_POINT('',(4.,15.5,1.15));
#11233=DIRECTION('',(-0.,-0.,1.));
#11234=DIRECTION('',(-1.,0.,0.));
#11235=AXIS2_PLACEMENT_3D('',#11232,#11233,#11234);
#11236=CIRCLE('',#11235,0.21);
#11237=EDGE_CURVE('',#11223,#11231,#11236,.T.);
#11238=ORIENTED_EDGE('',*,*,#11237,.T.);
#11239=CARTESIAN_POINT('',(4.,15.71,1.15));
#11240=DIRECTION('',(-1.,0.,0.));
#11241=VECTOR('',#11240,2.);
#11242=LINE('',#11239,#11241);
#11243=EDGE_CURVE('',#11231,#11145,#11242,.T.);
#11244=ORIENTED_EDGE('',*,*,#11243,.T.);
#11245=EDGE_LOOP('',(#11154,#11162,#11170,#11179,#11187,#11195,#11204,#11212,#11221,#11229,#11238,#11244));
#11246=FACE_BOUND('',#11245,.T.);
#11247=ADVANCED_FACE('',(#11246),#11143,.F.);
#11248=OVER_RIDING_STYLED_ITEM('',(#10825),#11247,#10450);
#11249=CARTESIAN_POINT('',(3.9,13.45,0.9));
#11250=DIRECTION('',(0.,0.,1.));
#11251=DIRECTION('',(-1.,0.,0.));
#11252=AXIS2_PLACEMENT_3D('',#11249,#11250,#11251);
#11253=PLANE('',#11252);
#11254=CARTESIAN_POINT('',(2.15,13.05,0.9));
#11255=VERTEX_POINT('',#11254);
#11256=CARTESIAN_POINT('',(3.85,13.05,0.9));
#11257=VERTEX_POINT('',#11256);
#11258=CARTESIAN_POINT('',(2.15,13.05,0.9));
#11259=DIRECTION('',(1.,-0.,-0.));
#11260=VECTOR('',#11259,1.7);
#11261=LINE('',#11258,#11260);
#11262=EDGE_CURVE('',#11255,#11257,#11261,.T.);
#11263=ORIENTED_EDGE('',*,*,#11262,.T.);
#11264=CARTESIAN_POINT('',(3.85,13.21339746,0.9));
#11265=VERTEX_POINT('',#11264);
#11266=CARTESIAN_POINT('',(3.85,13.05,0.9));
#11267=DIRECTION('',(-0.,1.,-0.));
#11268=VECTOR('',#11267,0.16339746);
#11269=LINE('',#11266,#11268);
#11270=EDGE_CURVE('',#11257,#11265,#11269,.T.);
#11271=ORIENTED_EDGE('',*,*,#11270,.T.);
#11272=CARTESIAN_POINT('',(2.15,13.21339746,0.9));
#11273=VERTEX_POINT('',#11272);
#11274=CARTESIAN_POINT('',(3.85,13.21339746,0.9));
#11275=DIRECTION('',(-1.,0.,0.));
#11276=VECTOR('',#11275,1.7);
#11277=LINE('',#11274,#11276);
#11278=EDGE_CURVE('',#11265,#11273,#11277,.T.);
#11279=ORIENTED_EDGE('',*,*,#11278,.T.);
#11280=CARTESIAN_POINT('',(2.15,13.21339746,0.9));
#11281=DIRECTION('',(0.,-1.,0.));
#11282=VECTOR('',#11281,0.16339746);
#11283=LINE('',#11280,#11282);
#11284=EDGE_CURVE('',#11273,#11255,#11283,.T.);
#11285=ORIENTED_EDGE('',*,*,#11284,.T.);
#11286=EDGE_LOOP('',(#11263,#11271,#11279,#11285));
#11287=FACE_BOUND('',#11286,.T.);
#11288=ADVANCED_FACE('',(#11287),#11253,.T.);
#11289=CARTESIAN_POINT('',(3.9,13.45,0.8));
#11290=DIRECTION('',(0.,0.,1.));
#11291=DIRECTION('',(-1.,0.,0.));
#11292=AXIS2_PLACEMENT_3D('',#11289,#11290,#11291);
#11293=PLANE('',#11292);
#11294=CARTESIAN_POINT('',(2.15,13.05,0.8));
#11295=VERTEX_POINT('',#11294);
#11296=CARTESIAN_POINT('',(2.15,13.4,0.8));
#11297=VERTEX_POINT('',#11296);
#11298=CARTESIAN_POINT('',(2.15,13.05,0.8));
#11299=DIRECTION('',(-0.,1.,-0.));
#11300=VECTOR('',#11299,0.35);
#11301=LINE('',#11298,#11300);
#11302=EDGE_CURVE('',#11295,#11297,#11301,.T.);
#11303=ORIENTED_EDGE('',*,*,#11302,.T.);
#11304=CARTESIAN_POINT('',(3.85,13.4,0.8));
#11305=VERTEX_POINT('',#11304);
#11306=CARTESIAN_POINT('',(2.15,13.4,0.8));
#11307=DIRECTION('',(1.,-0.,-0.));
#11308=VECTOR('',#11307,1.7);
#11309=LINE('',#11306,#11308);
#11310=EDGE_CURVE('',#11297,#11305,#11309,.T.);
#11311=ORIENTED_EDGE('',*,*,#11310,.T.);
#11312=CARTESIAN_POINT('',(3.85,13.05,0.8));
#11313=VERTEX_POINT('',#11312);
#11314=CARTESIAN_POINT('',(3.85,13.4,0.8));
#11315=DIRECTION('',(0.,-1.,0.));
#11316=VECTOR('',#11315,0.35);
#11317=LINE('',#11314,#11316);
#11318=EDGE_CURVE('',#11305,#11313,#11317,.T.);
#11319=ORIENTED_EDGE('',*,*,#11318,.T.);
#11320=CARTESIAN_POINT('',(3.85,13.05,0.8));
#11321=DIRECTION('',(-1.,0.,0.));
#11322=VECTOR('',#11321,1.7);
#11323=LINE('',#11320,#11322);
#11324=EDGE_CURVE('',#11313,#11295,#11323,.T.);
#11325=ORIENTED_EDGE('',*,*,#11324,.T.);
#11326=EDGE_LOOP('',(#11303,#11311,#11319,#11325));
#11327=FACE_BOUND('',#11326,.T.);
#11328=ADVANCED_FACE('',(#11327),#11293,.F.);
#11329=CARTESIAN_POINT('',(2.1,15.55,0.9));
#11330=DIRECTION('',(0.,0.,1.));
#11331=DIRECTION('',(1.,0.,0.));
#11332=AXIS2_PLACEMENT_3D('',#11329,#11330,#11331);
#11333=PLANE('',#11332);
#11334=CARTESIAN_POINT('',(3.85,15.95,0.9));
#11335=VERTEX_POINT('',#11334);
#11336=CARTESIAN_POINT('',(2.15,15.95,0.9));
#11337=VERTEX_POINT('',#11336);
#11338=CARTESIAN_POINT('',(3.85,15.95,0.9));
#11339=DIRECTION('',(-1.,-0.,0.));
#11340=VECTOR('',#11339,1.7);
#11341=LINE('',#11338,#11340);
#11342=EDGE_CURVE('',#11335,#11337,#11341,.T.);
#11343=ORIENTED_EDGE('',*,*,#11342,.T.);
#11344=CARTESIAN_POINT('',(2.15,15.95,0.9));
#11345=DIRECTION('',(-0.,-1.,-0.));
#11346=VECTOR('',#11345,0.15);
#11347=LINE('',#11344,#11346);
#11348=EDGE_CURVE('',#11337,#10978,#11347,.T.);
#11349=ORIENTED_EDGE('',*,*,#11348,.T.);
#11350=ORIENTED_EDGE('',*,*,#10983,.F.);
#11351=CARTESIAN_POINT('',(3.85,15.8,0.9));
#11352=DIRECTION('',(0.,1.,0.));
#11353=VECTOR('',#11352,0.15);
#11354=LINE('',#11351,#11353);
#11355=EDGE_CURVE('',#10976,#11335,#11354,.T.);
#11356=ORIENTED_EDGE('',*,*,#11355,.T.);
#11357=EDGE_LOOP('',(#11343,#11349,#11350,#11356));
#11358=FACE_BOUND('',#11357,.T.);
#11359=ADVANCED_FACE('',(#11358),#11333,.T.);
#11360=COLOUR_RGB('',1.,0.996078432,0.184313729);
#11361=FILL_AREA_STYLE_COLOUR('',#11360);
#11362=FILL_AREA_STYLE('',(#11361));
#11363=SURFACE_STYLE_FILL_AREA(#11362);
#11364=SURFACE_SIDE_STYLE('',(#11363));
#11365=SURFACE_STYLE_USAGE(.BOTH.,#11364);
#11366=PRESENTATION_STYLE_ASSIGNMENT((#11365));
#11367=OVER_RIDING_STYLED_ITEM('',(#11366),#11359,#10450);
#11368=CARTESIAN_POINT('',(2.1,15.55,0.8));
#11369=DIRECTION('',(0.,0.,1.));
#11370=DIRECTION('',(1.,0.,0.));
#11371=AXIS2_PLACEMENT_3D('',#11368,#11369,#11370);
#11372=PLANE('',#11371);
#11373=CARTESIAN_POINT('',(3.85,15.95,0.8));
#11374=VERTEX_POINT('',#11373);
#11375=CARTESIAN_POINT('',(3.85,15.6,0.8));
#11376=VERTEX_POINT('',#11375);
#11377=CARTESIAN_POINT('',(3.85,15.95,0.8));
#11378=DIRECTION('',(-0.,-1.,-0.));
#11379=VECTOR('',#11378,0.35);
#11380=LINE('',#11377,#11379);
#11381=EDGE_CURVE('',#11374,#11376,#11380,.T.);
#11382=ORIENTED_EDGE('',*,*,#11381,.T.);
#11383=CARTESIAN_POINT('',(2.15,15.6,0.8));
#11384=VERTEX_POINT('',#11383);
#11385=CARTESIAN_POINT('',(3.85,15.6,0.8));
#11386=DIRECTION('',(-1.,-0.,0.));
#11387=VECTOR('',#11386,1.7);
#11388=LINE('',#11385,#11387);
#11389=EDGE_CURVE('',#11376,#11384,#11388,.T.);
#11390=ORIENTED_EDGE('',*,*,#11389,.T.);
#11391=CARTESIAN_POINT('',(2.15,15.95,0.8));
#11392=VERTEX_POINT('',#11391);
#11393=CARTESIAN_POINT('',(2.15,15.6,0.8));
#11394=DIRECTION('',(0.,1.,0.));
#11395=VECTOR('',#11394,0.35);
#11396=LINE('',#11393,#11395);
#11397=EDGE_CURVE('',#11384,#11392,#11396,.T.);
#11398=ORIENTED_EDGE('',*,*,#11397,.T.);
#11399=CARTESIAN_POINT('',(2.15,15.95,0.8));
#11400=DIRECTION('',(1.,0.,-0.));
#11401=VECTOR('',#11400,1.7);
#11402=LINE('',#11399,#11401);
#11403=EDGE_CURVE('',#11392,#11374,#11402,.T.);
#11404=ORIENTED_EDGE('',*,*,#11403,.T.);
#11405=EDGE_LOOP('',(#11382,#11390,#11398,#11404));
#11406=FACE_BOUND('',#11405,.T.);
#11407=ADVANCED_FACE('',(#11406),#11372,.F.);
#11408=OVER_RIDING_STYLED_ITEM('',(#11366),#11407,#10450);
#11409=CARTESIAN_POINT('',(1.45,14.2,1.06));
#11410=DIRECTION('',(0.,0.,1.));
#11411=DIRECTION('',(1.,0.,0.));
#11412=AXIS2_PLACEMENT_3D('',#11409,#11410,#11411);
#11413=PLANE('',#11412);
#11414=ORIENTED_EDGE('',*,*,#11090,.T.);
#11415=CARTESIAN_POINT('',(1.5,14.25,1.06));
#11416=VERTEX_POINT('',#11415);
#11417=CARTESIAN_POINT('',(1.7,14.25,1.06));
#11418=DIRECTION('',(-1.,-0.,0.));
#11419=VECTOR('',#11418,0.2);
#11420=LINE('',#11417,#11419);
#11421=EDGE_CURVE('',#11077,#11416,#11420,.T.);
#11422=ORIENTED_EDGE('',*,*,#11421,.T.);
#11423=CARTESIAN_POINT('',(1.5,14.75,1.06));
#11424=VERTEX_POINT('',#11423);
#11425=CARTESIAN_POINT('',(1.5,14.25,1.06));
#11426=DIRECTION('',(0.,1.,0.));
#11427=VECTOR('',#11426,0.5);
#11428=LINE('',#11425,#11427);
#11429=EDGE_CURVE('',#11416,#11424,#11428,.T.);
#11430=ORIENTED_EDGE('',*,*,#11429,.T.);
#11431=CARTESIAN_POINT('',(1.5,14.75,1.06));
#11432=DIRECTION('',(1.,0.,-0.));
#11433=VECTOR('',#11432,0.2);
#11434=LINE('',#11431,#11433);
#11435=EDGE_CURVE('',#11424,#11085,#11434,.T.);
#11436=ORIENTED_EDGE('',*,*,#11435,.T.);
#11437=EDGE_LOOP('',(#11414,#11422,#11430,#11436));
#11438=FACE_BOUND('',#11437,.T.);
#11439=ADVANCED_FACE('',(#11438),#11413,.F.);
#11440=CARTESIAN_POINT('',(3.,14.5,1.15));
#11441=DIRECTION('',(0.,0.,1.));
#11442=DIRECTION('',(-1.,0.,0.));
#11443=AXIS2_PLACEMENT_3D('',#11440,#11441,#11442);
#11444=CYLINDRICAL_SURFACE('',#11443,1.);
#11445=CARTESIAN_POINT('',(2.,14.5,1.279377175));
#11446=VERTEX_POINT('',#11445);
#11447=CARTESIAN_POINT('',(2.,14.5,1.16));
#11448=VERTEX_POINT('',#11447);
#11449=CARTESIAN_POINT('',(2.,14.5,1.279377175));
#11450=DIRECTION('',(-0.,-0.,-1.));
#11451=VECTOR('',#11450,0.119377175);
#11452=LINE('',#11449,#11451);
#11453=EDGE_CURVE('',#11446,#11448,#11452,.T.);
#11454=ORIENTED_EDGE('',*,*,#11453,.T.);
#11455=CARTESIAN_POINT('',(2.031754163,14.25,1.16));
#11456=VERTEX_POINT('',#11455);
#11457=CARTESIAN_POINT('',(3.,14.5,1.16));
#11458=DIRECTION('',(0.,0.,1.));
#11459=DIRECTION('',(1.,0.,-0.));
#11460=AXIS2_PLACEMENT_3D('',#11457,#11458,#11459);
#11461=CIRCLE('',#11460,1.);
#11462=EDGE_CURVE('',#11448,#11456,#11461,.T.);
#11463=ORIENTED_EDGE('',*,*,#11462,.T.);
#11464=CARTESIAN_POINT('',(2.031754163,14.25,1.16));
#11465=CARTESIAN_POINT('',(2.034545283,14.239190041,1.16));
#11466=CARTESIAN_POINT('',(2.037462774,14.228699059,1.156524294));
#11467=CARTESIAN_POINT('',(2.04,14.22,1.15));
#11468=B_SPLINE_CURVE_WITH_KNOTS('',3,(#11464,#11465,#11466,#11467),.UNSPECIFIED.,.F.,.F.,(4,4),(0.,0.000033019),.UNSPECIFIED.);
#11469=EDGE_CURVE('',#11456,#11172,#11468,.T.);
#11470=ORIENTED_EDGE('',*,*,#11469,.T.);
#11471=ORIENTED_EDGE('',*,*,#11178,.T.);
#11472=CARTESIAN_POINT('',(2.031754163,14.75,1.16));
#11473=VERTEX_POINT('',#11472);
#11474=CARTESIAN_POINT('',(2.04,14.78,1.15));
#11475=CARTESIAN_POINT('',(2.037462641,14.771300483,1.156524638));
#11476=CARTESIAN_POINT('',(2.034545247,14.760809821,1.16));
#11477=CARTESIAN_POINT('',(2.031754163,14.75,1.16));
#11478=B_SPLINE_CURVE_WITH_KNOTS('',3,(#11474,#11475,#11476,#11477),.UNSPECIFIED.,.F.,.F.,(4,4),(0.,0.000033018),.UNSPECIFIED.);
#11479=EDGE_CURVE('',#11164,#11473,#11478,.T.);
#11480=ORIENTED_EDGE('',*,*,#11479,.T.);
#11481=CARTESIAN_POINT('',(3.,14.5,1.16));
#11482=DIRECTION('',(0.,0.,1.));
#11483=DIRECTION('',(1.,0.,-0.));
#11484=AXIS2_PLACEMENT_3D('',#11481,#11482,#11483);
#11485=CIRCLE('',#11484,1.);
#11486=EDGE_CURVE('',#11473,#11448,#11485,.T.);
#11487=ORIENTED_EDGE('',*,*,#11486,.T.);
#11488=ORIENTED_EDGE('',*,*,#11453,.F.);
#11489=CARTESIAN_POINT('',(3.,15.5,1.279377175));
#11490=VERTEX_POINT('',#11489);
#11491=CARTESIAN_POINT('',(3.,14.5,1.279377175));
#11492=DIRECTION('',(-0.,-0.,-1.));
#11493=DIRECTION('',(1.,0.,-0.));
#11494=AXIS2_PLACEMENT_3D('',#11491,#11492,#11493);
#11495=CIRCLE('',#11494,1.);
#11496=EDGE_CURVE('',#11446,#11490,#11495,.T.);
#11497=ORIENTED_EDGE('',*,*,#11496,.T.);
#11498=CARTESIAN_POINT('',(4.,14.5,1.279377175));
#11499=VERTEX_POINT('',#11498);
#11500=CARTESIAN_POINT('',(3.,14.5,1.279377175));
#11501=DIRECTION('',(-0.,-0.,-1.));
#11502=DIRECTION('',(1.,0.,-0.));
#11503=AXIS2_PLACEMENT_3D('',#11500,#11501,#11502);
#11504=CIRCLE('',#11503,1.);
#11505=EDGE_CURVE('',#11490,#11499,#11504,.T.);
#11506=ORIENTED_EDGE('',*,*,#11505,.T.);
#11507=CARTESIAN_POINT('',(3.,14.5,1.279377175));
#11508=DIRECTION('',(-0.,-0.,-1.));
#11509=DIRECTION('',(1.,0.,-0.));
#11510=AXIS2_PLACEMENT_3D('',#11507,#11508,#11509);
#11511=CIRCLE('',#11510,1.);
#11512=EDGE_CURVE('',#11499,#11446,#11511,.T.);
#11513=ORIENTED_EDGE('',*,*,#11512,.T.);
#11514=EDGE_LOOP('',(#11454,#11463,#11470,#11471,#11480,#11487,#11488,#11497,#11506,#11513));
#11515=FACE_BOUND('',#11514,.T.);
#11516=ADVANCED_FACE('',(#11515),#11444,.T.);
#11517=CARTESIAN_POINT('',(1.45,14.2,1.16));
#11518=DIRECTION('',(0.,0.,1.));
#11519=DIRECTION('',(1.,0.,0.));
#11520=AXIS2_PLACEMENT_3D('',#11517,#11518,#11519);
#11521=PLANE('',#11520);
#11522=CARTESIAN_POINT('',(1.5,14.75,1.16));
#11523=VERTEX_POINT('',#11522);
#11524=CARTESIAN_POINT('',(1.5,14.25,1.16));
#11525=VERTEX_POINT('',#11524);
#11526=CARTESIAN_POINT('',(1.5,14.75,1.16));
#11527=DIRECTION('',(-0.,-1.,-0.));
#11528=VECTOR('',#11527,0.5);
#11529=LINE('',#11526,#11528);
#11530=EDGE_CURVE('',#11523,#11525,#11529,.T.);
#11531=ORIENTED_EDGE('',*,*,#11530,.T.);
#11532=CARTESIAN_POINT('',(1.5,14.25,1.16));
#11533=DIRECTION('',(1.,0.,-0.));
#11534=VECTOR('',#11533,0.531754163);
#11535=LINE('',#11532,#11534);
#11536=EDGE_CURVE('',#11525,#11456,#11535,.T.);
#11537=ORIENTED_EDGE('',*,*,#11536,.T.);
#11538=ORIENTED_EDGE('',*,*,#11462,.F.);
#11539=ORIENTED_EDGE('',*,*,#11486,.F.);
#11540=CARTESIAN_POINT('',(2.031754163,14.75,1.16));
#11541=DIRECTION('',(-1.,-0.,0.));
#11542=VECTOR('',#11541,0.531754163);
#11543=LINE('',#11540,#11542);
#11544=EDGE_CURVE('',#11473,#11523,#11543,.T.);
#11545=ORIENTED_EDGE('',*,*,#11544,.T.);
#11546=EDGE_LOOP('',(#11531,#11537,#11538,#11539,#11545));
#11547=FACE_BOUND('',#11546,.T.);
#11548=ADVANCED_FACE('',(#11547),#11521,.T.);
#11549=CARTESIAN_POINT('',(3.,14.5,1.3));
#11550=DIRECTION('',(0.,0.,-1.));
#11551=DIRECTION('',(-1.,0.,0.));
#11552=AXIS2_PLACEMENT_3D('',#11549,#11550,#11551);
#11553=CONICAL_SURFACE('',#11552,1.,44.828035389);
#11554=CARTESIAN_POINT('',(2.014538707,14.5,1.314626241));
#11555=VERTEX_POINT('',#11554);
#11556=CARTESIAN_POINT('',(2.072748,14.5,1.373186));
#11557=VERTEX_POINT('',#11556);
#11558=CARTESIAN_POINT('',(2.014538707,14.5,1.314626241));
#11559=DIRECTION('',(0.704981326,-0.,0.709225867));
#11560=VECTOR('',#11559,0.08256856);
#11561=LINE('',#11558,#11560);
#11562=EDGE_CURVE('',#11555,#11557,#11561,.T.);
#11563=ORIENTED_EDGE('',*,*,#11562,.T.);
#11564=CARTESIAN_POINT('',(3.927252,14.5,1.373186));
#11565=VERTEX_POINT('',#11564);
#11566=CARTESIAN_POINT('',(3.,14.5,1.373186));
#11567=DIRECTION('',(0.,0.,1.));
#11568=DIRECTION('',(1.,0.,-0.));
#11569=AXIS2_PLACEMENT_3D('',#11566,#11567,#11568);
#11570=CIRCLE('',#11569,0.927252);
#11571=EDGE_CURVE('',#11565,#11557,#11570,.T.);
#11572=ORIENTED_EDGE('',*,*,#11571,.F.);
#11573=CARTESIAN_POINT('',(3.,14.5,1.373186));
#11574=DIRECTION('',(0.,0.,1.));
#11575=DIRECTION('',(1.,0.,-0.));
#11576=AXIS2_PLACEMENT_3D('',#11573,#11574,#11575);
#11577=CIRCLE('',#11576,0.927252);
#11578=EDGE_CURVE('',#11557,#11565,#11577,.T.);
#11579=ORIENTED_EDGE('',*,*,#11578,.F.);
#11580=ORIENTED_EDGE('',*,*,#11562,.F.);
#11581=CARTESIAN_POINT('',(3.,15.485461293,1.314626241));
#11582=VERTEX_POINT('',#11581);
#11583=CARTESIAN_POINT('',(3.,14.5,1.314626241));
#11584=DIRECTION('',(-0.,-0.,1.));
#11585=DIRECTION('',(-1.,0.,0.));
#11586=AXIS2_PLACEMENT_3D('',#11583,#11584,#11585);
#11587=CIRCLE('',#11586,0.985461293);
#11588=EDGE_CURVE('',#11555,#11582,#11587,.T.);
#11589=ORIENTED_EDGE('',*,*,#11588,.T.);
#11590=CARTESIAN_POINT('',(3.,14.5,1.314626241));
#11591=DIRECTION('',(-0.,-0.,1.));
#11592=DIRECTION('',(-1.,0.,0.));
#11593=AXIS2_PLACEMENT_3D('',#11590,#11591,#11592);
#11594=CIRCLE('',#11593,0.985461293);
#11595=EDGE_CURVE('',#11582,#11555,#11594,.T.);
#11596=ORIENTED_EDGE('',*,*,#11595,.T.);
#11597=EDGE_LOOP('',(#11563,#11572,#11579,#11580,#11589,#11596));
#11598=FACE_BOUND('',#11597,.T.);
#11599=ADVANCED_FACE('',(#11598),#11553,.T.);
#11600=CARTESIAN_POINT('',(3.,14.5,1.373186));
#11601=DIRECTION('',(0.,0.,1.));
#11602=DIRECTION('',(-1.,0.,0.));
#11603=AXIS2_PLACEMENT_3D('',#11600,#11601,#11602);
#11604=CYLINDRICAL_SURFACE('',#11603,0.927252);
#11605=CARTESIAN_POINT('',(2.072748,14.5,1.479793));
#11606=VERTEX_POINT('',#11605);
#11607=CARTESIAN_POINT('',(2.072748,14.5,1.479793));
#11608=DIRECTION('',(-0.,-0.,-1.));
#11609=VECTOR('',#11608,0.106607);
#11610=LINE('',#11607,#11609);
#11611=EDGE_CURVE('',#11606,#11557,#11610,.T.);
#11612=ORIENTED_EDGE('',*,*,#11611,.T.);
#11613=ORIENTED_EDGE('',*,*,#11578,.T.);
#11614=ORIENTED_EDGE('',*,*,#11571,.T.);
#11615=ORIENTED_EDGE('',*,*,#11611,.F.);
#11616=CARTESIAN_POINT('',(3.927252,14.5,1.479793));
#11617=VERTEX_POINT('',#11616);
#11618=CARTESIAN_POINT('',(3.,14.5,1.479793));
#11619=DIRECTION('',(0.,0.,1.));
#11620=DIRECTION('',(1.,0.,-0.));
#11621=AXIS2_PLACEMENT_3D('',#11618,#11619,#11620);
#11622=CIRCLE('',#11621,0.927252);
#11623=EDGE_CURVE('',#11617,#11606,#11622,.T.);
#11624=ORIENTED_EDGE('',*,*,#11623,.F.);
#11625=CARTESIAN_POINT('',(3.,14.5,1.479793));
#11626=DIRECTION('',(0.,0.,1.));
#11627=DIRECTION('',(1.,0.,-0.));
#11628=AXIS2_PLACEMENT_3D('',#11625,#11626,#11627);
#11629=CIRCLE('',#11628,0.927252);
#11630=EDGE_CURVE('',#11606,#11617,#11629,.T.);
#11631=ORIENTED_EDGE('',*,*,#11630,.F.);
#11632=EDGE_LOOP('',(#11612,#11613,#11614,#11615,#11624,#11631));
#11633=FACE_BOUND('',#11632,.T.);
#11634=ADVANCED_FACE('',(#11633),#11604,.T.);
#11635=CARTESIAN_POINT('',(3.,14.5,1.479793));
#11636=DIRECTION('',(0.,0.,1.));
#11637=DIRECTION('',(-1.,0.,0.));
#11638=AXIS2_PLACEMENT_3D('',#11635,#11636,#11637);
#11639=CONICAL_SURFACE('',#11638,0.927252,46.018315123);
#11640=CARTESIAN_POINT('',(2.015278581,14.5,1.535255082));
#11641=VERTEX_POINT('',#11640);
#11642=CARTESIAN_POINT('',(2.015278581,14.5,1.535255082));
#11643=DIRECTION('',(0.719561818,-0.,-0.694428391));
#11644=VECTOR('',#11643,0.079867244);
#11645=LINE('',#11642,#11644);
#11646=EDGE_CURVE('',#11641,#11606,#11645,.T.);
#11647=ORIENTED_EDGE('',*,*,#11646,.T.);
#11648=ORIENTED_EDGE('',*,*,#11630,.T.);
#11649=ORIENTED_EDGE('',*,*,#11623,.T.);
#11650=ORIENTED_EDGE('',*,*,#11646,.F.);
#11651=CARTESIAN_POINT('',(3.,15.484721419,1.535255082));
#11652=VERTEX_POINT('',#11651);
#11653=CARTESIAN_POINT('',(3.,14.5,1.535255082));
#11654=DIRECTION('',(-0.,-0.,-1.));
#11655=DIRECTION('',(1.,0.,-0.));
#11656=AXIS2_PLACEMENT_3D('',#11653,#11654,#11655);
#11657=CIRCLE('',#11656,0.984721419);
#11658=EDGE_CURVE('',#11641,#11652,#11657,.T.);
#11659=ORIENTED_EDGE('',*,*,#11658,.T.);
#11660=CARTESIAN_POINT('',(3.984721419,14.5,1.535255082));
#11661=VERTEX_POINT('',#11660);
#11662=CARTESIAN_POINT('',(3.,14.5,1.535255082));
#11663=DIRECTION('',(-0.,-0.,-1.));
#11664=DIRECTION('',(1.,0.,-0.));
#11665=AXIS2_PLACEMENT_3D('',#11662,#11663,#11664);
#11666=CIRCLE('',#11665,0.984721419);
#11667=EDGE_CURVE('',#11652,#11661,#11666,.T.);
#11668=ORIENTED_EDGE('',*,*,#11667,.T.);
#11669=CARTESIAN_POINT('',(3.,14.5,1.535255082));
#11670=DIRECTION('',(-0.,-0.,-1.));
#11671=DIRECTION('',(1.,0.,-0.));
#11672=AXIS2_PLACEMENT_3D('',#11669,#11670,#11671);
#11673=CIRCLE('',#11672,0.984721419);
#11674=EDGE_CURVE('',#11661,#11641,#11673,.T.);
#11675=ORIENTED_EDGE('',*,*,#11674,.T.);
#11676=EDGE_LOOP('',(#11647,#11648,#11649,#11650,#11659,#11668,#11675));
#11677=FACE_BOUND('',#11676,.T.);
#11678=ADVANCED_FACE('',(#11677),#11639,.T.);
#11679=OVER_RIDING_STYLED_ITEM('',(#11366),#11678,#10450);
#11680=CARTESIAN_POINT('',(3.,14.5,1.55));
#11681=DIRECTION('',(0.,0.,1.));
#11682=DIRECTION('',(-1.,0.,0.));
#11683=AXIS2_PLACEMENT_3D('',#11680,#11681,#11682);
#11684=CYLINDRICAL_SURFACE('',#11683,1.);
#11685=CARTESIAN_POINT('',(2.,14.5,1.938196601));
#11686=VERTEX_POINT('',#11685);
#11687=CARTESIAN_POINT('',(2.,14.5,1.571233173));
#11688=VERTEX_POINT('',#11687);
#11689=CARTESIAN_POINT('',(2.,14.5,1.938196601));
#11690=DIRECTION('',(-0.,-0.,-1.));
#11691=VECTOR('',#11690,0.366963428);
#11692=LINE('',#11689,#11691);
#11693=EDGE_CURVE('',#11686,#11688,#11692,.T.);
#11694=ORIENTED_EDGE('',*,*,#11693,.T.);
#11695=CARTESIAN_POINT('',(4.,14.5,1.571233173));
#11696=VERTEX_POINT('',#11695);
#11697=CARTESIAN_POINT('',(3.,14.5,1.571233173));
#11698=DIRECTION('',(0.,0.,1.));
#11699=DIRECTION('',(1.,0.,-0.));
#11700=AXIS2_PLACEMENT_3D('',#11697,#11698,#11699);
#11701=CIRCLE('',#11700,1.);
#11702=EDGE_CURVE('',#11688,#11696,#11701,.T.);
#11703=ORIENTED_EDGE('',*,*,#11702,.T.);
#11704=CARTESIAN_POINT('',(3.,15.5,1.571233173));
#11705=VERTEX_POINT('',#11704);
#11706=CARTESIAN_POINT('',(3.,14.5,1.571233173));
#11707=DIRECTION('',(0.,0.,1.));
#11708=DIRECTION('',(1.,0.,-0.));
#11709=AXIS2_PLACEMENT_3D('',#11706,#11707,#11708);
#11710=CIRCLE('',#11709,1.);
#11711=EDGE_CURVE('',#11696,#11705,#11710,.T.);
#11712=ORIENTED_EDGE('',*,*,#11711,.T.);
#11713=CARTESIAN_POINT('',(3.,14.5,1.571233173));
#11714=DIRECTION('',(0.,0.,1.));
#11715=DIRECTION('',(1.,0.,-0.));
#11716=AXIS2_PLACEMENT_3D('',#11713,#11714,#11715);
#11717=CIRCLE('',#11716,1.);
#11718=EDGE_CURVE('',#11705,#11688,#11717,.T.);
#11719=ORIENTED_EDGE('',*,*,#11718,.T.);
#11720=ORIENTED_EDGE('',*,*,#11693,.F.);
#11721=CARTESIAN_POINT('',(3.,15.5,1.938196601));
#11722=VERTEX_POINT('',#11721);
#11723=CARTESIAN_POINT('',(3.,14.5,1.938196601));
#11724=DIRECTION('',(-0.,-0.,-1.));
#11725=DIRECTION('',(1.,0.,-0.));
#11726=AXIS2_PLACEMENT_3D('',#11723,#11724,#11725);
#11727=CIRCLE('',#11726,1.);
#11728=EDGE_CURVE('',#11686,#11722,#11727,.T.);
#11729=ORIENTED_EDGE('',*,*,#11728,.T.);
#11730=CARTESIAN_POINT('',(4.,14.5,1.938196601));
#11731=VERTEX_POINT('',#11730);
#11732=CARTESIAN_POINT('',(3.,14.5,1.938196601));
#11733=DIRECTION('',(-0.,-0.,-1.));
#11734=DIRECTION('',(1.,0.,-0.));
#11735=AXIS2_PLACEMENT_3D('',#11732,#11733,#11734);
#11736=CIRCLE('',#11735,1.);
#11737=EDGE_CURVE('',#11722,#11731,#11736,.T.);
#11738=ORIENTED_EDGE('',*,*,#11737,.T.);
#11739=CARTESIAN_POINT('',(3.,14.5,1.938196601));
#11740=DIRECTION('',(-0.,-0.,-1.));
#11741=DIRECTION('',(1.,0.,-0.));
#11742=AXIS2_PLACEMENT_3D('',#11739,#11740,#11741);
#11743=CIRCLE('',#11742,1.);
#11744=EDGE_CURVE('',#11731,#11686,#11743,.T.);
#11745=ORIENTED_EDGE('',*,*,#11744,.T.);
#11746=EDGE_LOOP('',(#11694,#11703,#11712,#11719,#11720,#11729,#11738,#11745));
#11747=FACE_BOUND('',#11746,.T.);
#11748=ADVANCED_FACE('',(#11747),#11684,.T.);
#11749=CARTESIAN_POINT('',(3.,14.5,2.05));
#11750=DIRECTION('',(0.,0.,-1.));
#11751=DIRECTION('',(-1.,0.,0.));
#11752=AXIS2_PLACEMENT_3D('',#11749,#11750,#11751);
#11753=CONICAL_SURFACE('',#11752,0.95,26.565051147);
#11754=CARTESIAN_POINT('',(2.005278641,14.5,1.960557281));
#11755=VERTEX_POINT('',#11754);
#11756=CARTESIAN_POINT('',(2.03618034,14.5,2.02236068));
#11757=VERTEX_POINT('',#11756);
#11758=CARTESIAN_POINT('',(2.005278641,14.5,1.960557281));
#11759=DIRECTION('',(0.447213595,-0.,0.894427191));
#11760=VECTOR('',#11759,0.069098301);
#11761=LINE('',#11758,#11760);
#11762=EDGE_CURVE('',#11755,#11757,#11761,.T.);
#11763=ORIENTED_EDGE('',*,*,#11762,.T.);
#11764=CARTESIAN_POINT('',(3.,13.53618034,2.02236068));
#11765=VERTEX_POINT('',#11764);
#11766=CARTESIAN_POINT('',(3.,14.5,2.02236068));
#11767=DIRECTION('',(0.,0.,-1.));
#11768=DIRECTION('',(-1.,0.,0.));
#11769=AXIS2_PLACEMENT_3D('',#11766,#11767,#11768);
#11770=CIRCLE('',#11769,0.96381966);
#11771=EDGE_CURVE('',#11757,#11765,#11770,.T.);
#11772=ORIENTED_EDGE('',*,*,#11771,.T.);
#11773=CARTESIAN_POINT('',(3.,14.5,2.02236068));
#11774=DIRECTION('',(0.,0.,-1.));
#11775=DIRECTION('',(-1.,0.,0.));
#11776=AXIS2_PLACEMENT_3D('',#11773,#11774,#11775);
#11777=CIRCLE('',#11776,0.96381966);
#11778=EDGE_CURVE('',#11765,#11757,#11777,.T.);
#11779=ORIENTED_EDGE('',*,*,#11778,.T.);
#11780=ORIENTED_EDGE('',*,*,#11762,.F.);
#11781=CARTESIAN_POINT('',(3.,15.494721359,1.960557281));
#11782=VERTEX_POINT('',#11781);
#11783=CARTESIAN_POINT('',(3.,14.5,1.960557281));
#11784=DIRECTION('',(-0.,-0.,1.));
#11785=DIRECTION('',(-1.,0.,0.));
#11786=AXIS2_PLACEMENT_3D('',#11783,#11784,#11785);
#11787=CIRCLE('',#11786,0.994721359);
#11788=EDGE_CURVE('',#11755,#11782,#11787,.T.);
#11789=ORIENTED_EDGE('',*,*,#11788,.T.);
#11790=CARTESIAN_POINT('',(3.,14.5,1.960557281));
#11791=DIRECTION('',(-0.,-0.,1.));
#11792=DIRECTION('',(-1.,0.,0.));
#11793=AXIS2_PLACEMENT_3D('',#11790,#11791,#11792);
#11794=CIRCLE('',#11793,0.994721359);
#11795=EDGE_CURVE('',#11782,#11755,#11794,.T.);
#11796=ORIENTED_EDGE('',*,*,#11795,.T.);
#11797=EDGE_LOOP('',(#11763,#11772,#11779,#11780,#11789,#11796));
#11798=FACE_BOUND('',#11797,.T.);
#11799=ADVANCED_FACE('',(#11798),#11753,.T.);
#11800=CARTESIAN_POINT('',(3.,14.5,2.05));
#11801=DIRECTION('',(0.,0.,1.));
#11802=DIRECTION('',(-1.,0.,0.));
#11803=AXIS2_PLACEMENT_3D('',#11800,#11801,#11802);
#11804=PLANE('',#11803);
#11805=CARTESIAN_POINT('',(3.919098301,14.5,2.05));
#11806=VERTEX_POINT('',#11805);
#11807=CARTESIAN_POINT('',(3.,13.580901699,2.05));
#11808=VERTEX_POINT('',#11807);
#11809=CARTESIAN_POINT('',(3.,14.5,2.05));
#11810=DIRECTION('',(0.,0.,1.));
#11811=DIRECTION('',(1.,0.,-0.));
#11812=AXIS2_PLACEMENT_3D('',#11809,#11810,#11811);
#11813=CIRCLE('',#11812,0.919098301);
#11814=EDGE_CURVE('',#11806,#11808,#11813,.T.);
#11815=ORIENTED_EDGE('',*,*,#11814,.T.);
#11816=CARTESIAN_POINT('',(3.,14.5,2.05));
#11817=DIRECTION('',(0.,0.,1.));
#11818=DIRECTION('',(1.,0.,-0.));
#11819=AXIS2_PLACEMENT_3D('',#11816,#11817,#11818);
#11820=CIRCLE('',#11819,0.919098301);
#11821=EDGE_CURVE('',#11808,#11806,#11820,.T.);
#11822=ORIENTED_EDGE('',*,*,#11821,.T.);
#11823=EDGE_LOOP('',(#11815,#11822));
#11824=FACE_BOUND('',#11823,.T.);
#11825=CARTESIAN_POINT('',(3.9,14.5,2.05));
#11826=VERTEX_POINT('',#11825);
#11827=CARTESIAN_POINT('',(3.,13.6,2.05));
#11828=VERTEX_POINT('',#11827);
#11829=CARTESIAN_POINT('',(3.,14.5,2.05));
#11830=DIRECTION('',(-0.,-0.,-1.));
#11831=DIRECTION('',(1.,0.,-0.));
#11832=AXIS2_PLACEMENT_3D('',#11829,#11830,#11831);
#11833=CIRCLE('',#11832,0.9);
#11834=EDGE_CURVE('',#11826,#11828,#11833,.T.);
#11835=ORIENTED_EDGE('',*,*,#11834,.T.);
#11836=CARTESIAN_POINT('',(3.,14.5,2.05));
#11837=DIRECTION('',(-0.,-0.,-1.));
#11838=DIRECTION('',(1.,0.,-0.));
#11839=AXIS2_PLACEMENT_3D('',#11836,#11837,#11838);
#11840=CIRCLE('',#11839,0.9);
#11841=EDGE_CURVE('',#11828,#11826,#11840,.T.);
#11842=ORIENTED_EDGE('',*,*,#11841,.T.);
#11843=EDGE_LOOP('',(#11835,#11842));
#11844=FACE_BOUND('',#11843,.T.);
#11845=ADVANCED_FACE('',(#11824,#11844),#11804,.T.);
#11846=OVER_RIDING_STYLED_ITEM('',(#11366),#11845,#10450);
#11847=CARTESIAN_POINT('',(3.,14.5,2.05));
#11848=DIRECTION('',(0.,0.,-1.));
#11849=DIRECTION('',(-1.,0.,0.));
#11850=AXIS2_PLACEMENT_3D('',#11847,#11848,#11849);
#11851=CYLINDRICAL_SURFACE('',#11850,0.85);
#11852=CARTESIAN_POINT('',(2.15,14.5,1.15));
#11853=VERTEX_POINT('',#11852);
#11854=CARTESIAN_POINT('',(2.15,14.5,2.));
#11855=VERTEX_POINT('',#11854);
#11856=CARTESIAN_POINT('',(2.15,14.5,1.15));
#11857=DIRECTION('',(-0.,-0.,1.));
#11858=VECTOR('',#11857,0.85);
#11859=LINE('',#11856,#11858);
#11860=EDGE_CURVE('',#11853,#11855,#11859,.T.);
#11861=ORIENTED_EDGE('',*,*,#11860,.F.);
#11862=CARTESIAN_POINT('',(3.,14.5,1.15));
#11863=DIRECTION('',(-0.,-0.,1.));
#11864=DIRECTION('',(-1.,0.,0.));
#11865=AXIS2_PLACEMENT_3D('',#11862,#11863,#11864);
#11866=CIRCLE('',#11865,0.85);
#11867=EDGE_CURVE('',#11853,#11853,#11866,.T.);
#11868=ORIENTED_EDGE('',*,*,#11867,.F.);
#11869=ORIENTED_EDGE('',*,*,#11860,.T.);
#11870=CARTESIAN_POINT('',(3.,13.65,2.));
#11871=VERTEX_POINT('',#11870);
#11872=CARTESIAN_POINT('',(3.,14.5,2.));
#11873=DIRECTION('',(-0.,-0.,1.));
#11874=DIRECTION('',(-1.,0.,0.));
#11875=AXIS2_PLACEMENT_3D('',#11872,#11873,#11874);
#11876=CIRCLE('',#11875,0.85);
#11877=EDGE_CURVE('',#11855,#11871,#11876,.T.);
#11878=ORIENTED_EDGE('',*,*,#11877,.T.);
#11879=CARTESIAN_POINT('',(3.,14.5,2.));
#11880=DIRECTION('',(-0.,-0.,1.));
#11881=DIRECTION('',(-1.,0.,0.));
#11882=AXIS2_PLACEMENT_3D('',#11879,#11880,#11881);
#11883=CIRCLE('',#11882,0.85);
#11884=EDGE_CURVE('',#11871,#11855,#11883,.T.);
#11885=ORIENTED_EDGE('',*,*,#11884,.T.);
#11886=EDGE_LOOP('',(#11861,#11868,#11869,#11878,#11885));
#11887=FACE_BOUND('',#11886,.T.);
#11888=ADVANCED_FACE('',(#11887),#11851,.F.);
#11889=CARTESIAN_POINT('',(2.,13.2,1.15));
#11890=DIRECTION('',(0.,0.,-1.));
#11891=DIRECTION('',(-1.,0.,0.));
#11892=AXIS2_PLACEMENT_3D('',#11889,#11890,#11891);
#11893=PLANE('',#11892);
#11894=ORIENTED_EDGE('',*,*,#11867,.T.);
#11895=EDGE_LOOP('',(#11894));
#11896=FACE_BOUND('',#11895,.T.);
#11897=CARTESIAN_POINT('',(2.75,14.5,1.15));
#11898=VERTEX_POINT('',#11897);
#11899=CARTESIAN_POINT('',(3.,14.5,1.15));
#11900=DIRECTION('',(-0.,-0.,1.));
#11901=DIRECTION('',(-1.,0.,0.));
#11902=AXIS2_PLACEMENT_3D('',#11899,#11900,#11901);
#11903=CIRCLE('',#11902,0.25);
#11904=EDGE_CURVE('',#11898,#11898,#11903,.T.);
#11905=ORIENTED_EDGE('',*,*,#11904,.F.);
#11906=EDGE_LOOP('',(#11905));
#11907=FACE_BOUND('',#11906,.T.);
#11908=ADVANCED_FACE('',(#11896,#11907),#11893,.F.);
#11909=OVER_RIDING_STYLED_ITEM('',(#10825),#11908,#10450);
#11910=CARTESIAN_POINT('',(3.,14.5,1.8));
#11911=DIRECTION('',(0.,0.,-1.));
#11912=DIRECTION('',(-1.,0.,0.));
#11913=AXIS2_PLACEMENT_3D('',#11910,#11911,#11912);
#11914=CYLINDRICAL_SURFACE('',#11913,0.25);
#11915=CARTESIAN_POINT('',(2.75,14.5,1.8));
#11916=VERTEX_POINT('',#11915);
#11917=CARTESIAN_POINT('',(2.75,14.5,1.15));
#11918=DIRECTION('',(-0.,-0.,1.));
#11919=VECTOR('',#11918,0.65);
#11920=LINE('',#11917,#11919);
#11921=EDGE_CURVE('',#11898,#11916,#11920,.T.);
#11922=ORIENTED_EDGE('',*,*,#11921,.T.);
#11923=CARTESIAN_POINT('',(3.,14.5,1.8));
#11924=DIRECTION('',(-0.,-0.,1.));
#11925=DIRECTION('',(-1.,0.,0.));
#11926=AXIS2_PLACEMENT_3D('',#11923,#11924,#11925);
#11927=CIRCLE('',#11926,0.25);
#11928=EDGE_CURVE('',#11916,#11916,#11927,.T.);
#11929=ORIENTED_EDGE('',*,*,#11928,.F.);
#11930=ORIENTED_EDGE('',*,*,#11921,.F.);
#11931=ORIENTED_EDGE('',*,*,#11904,.T.);
#11932=EDGE_LOOP('',(#11922,#11929,#11930,#11931));
#11933=FACE_BOUND('',#11932,.T.);
#11934=ADVANCED_FACE('',(#11933),#11914,.T.);
#11935=CARTESIAN_POINT('',(3.,14.5,1.8));
#11936=DIRECTION('',(0.,0.,-1.));
#11937=DIRECTION('',(-1.,0.,0.));
#11938=AXIS2_PLACEMENT_3D('',#11935,#11936,#11937);
#11939=SPHERICAL_SURFACE('',#11938,0.25);
#11940=CARTESIAN_POINT('',(3.,14.5,2.05));
#11941=VERTEX_POINT('',#11940);
#11942=CARTESIAN_POINT('',(3.,14.5,1.8));
#11943=DIRECTION('',(-0.,1.,-0.));
#11944=DIRECTION('',(-1.,0.,0.));
#11945=AXIS2_PLACEMENT_3D('',#11942,#11943,#11944);
#11946=CIRCLE('',#11945,0.25);
#11947=EDGE_CURVE('',#11916,#11941,#11946,.T.);
#11948=ORIENTED_EDGE('',*,*,#11947,.T.);
#11949=ORIENTED_EDGE('',*,*,#11947,.F.);
#11950=ORIENTED_EDGE('',*,*,#11928,.T.);
#11951=EDGE_LOOP('',(#11948,#11949,#11950));
#11952=FACE_BOUND('',#11951,.T.);
#11953=ADVANCED_FACE('',(#11952),#11939,.T.);
#11954=CARTESIAN_POINT('',(1.79,13.2,1.06));
#11955=DIRECTION('',(0.,-1.,0.));
#11956=DIRECTION('',(0.,0.,-1.));
#11957=AXIS2_PLACEMENT_3D('',#11954,#11955,#11956);
#11958=CYLINDRICAL_SURFACE('',#11957,0.09);
#11959=ORIENTED_EDGE('',*,*,#11194,.F.);
#11960=CARTESIAN_POINT('',(1.79,14.22,1.15));
#11961=CARTESIAN_POINT('',(1.760932348,14.22,1.15));
#11962=CARTESIAN_POINT('',(1.735302433,14.202019728,1.137057039));
#11963=CARTESIAN_POINT('',(1.71801447,14.200161809,1.114019288));
#11964=CARTESIAN_POINT('',(1.709370489,14.199232849,1.102500413));
#11965=CARTESIAN_POINT('',(1.703835996,14.202806281,1.088220942));
#11966=CARTESIAN_POINT('',(1.701706884,14.212050459,1.077444934));
#11967=CARTESIAN_POINT('',(1.699577773,14.221294638,1.066668925));
#11968=CARTESIAN_POINT('',(1.7,14.235481107,1.06));
#11969=CARTESIAN_POINT('',(1.7,14.25,1.06));
#11970=B_SPLINE_CURVE_WITH_KNOTS('',3,(#11960,#11961,#11962,#11963,#11964,#11965,#11966,#11967,#11968,#11969),.UNSPECIFIED.,.F.,.F.,(4,3,3,4),(0.,0.00008568,0.000128521,0.000171361),.UNSPECIFIED.);
#11971=EDGE_CURVE('',#11181,#11077,#11970,.T.);
#11972=ORIENTED_EDGE('',*,*,#11971,.T.);
#11973=ORIENTED_EDGE('',*,*,#11082,.F.);
#11974=CARTESIAN_POINT('',(1.79,13.5,1.06));
#11975=DIRECTION('',(0.,-1.,0.));
#11976=DIRECTION('',(0.,0.,-1.));
#11977=AXIS2_PLACEMENT_3D('',#11974,#11975,#11976);
#11978=CIRCLE('',#11977,0.09);
#11979=EDGE_CURVE('',#11189,#11069,#11978,.T.);
#11980=ORIENTED_EDGE('',*,*,#11979,.F.);
#11981=EDGE_LOOP('',(#11959,#11972,#11973,#11980));
#11982=FACE_BOUND('',#11981,.T.);
#11983=ADVANCED_FACE('',(#11982),#11958,.T.);
#11984=OVER_RIDING_STYLED_ITEM('',(#10825),#11983,#10450);
#11985=CARTESIAN_POINT('',(2.,13.5,1.06));
#11986=DIRECTION('',(0.,0.,-1.));
#11987=DIRECTION('',(-1.,0.,0.));
#11988=AXIS2_PLACEMENT_3D('',#11985,#11986,#11987);
#11989=TOROIDAL_SURFACE('',#11988,0.21,0.09);
#11990=ORIENTED_EDGE('',*,*,#11979,.T.);
#11991=ORIENTED_EDGE('',*,*,#11132,.F.);
#11992=CARTESIAN_POINT('',(2.,13.29,1.06));
#11993=DIRECTION('',(1.,0.,0.));
#11994=DIRECTION('',(0.,0.,-1.));
#11995=AXIS2_PLACEMENT_3D('',#11992,#11993,#11994);
#11996=CIRCLE('',#11995,0.09);
#11997=EDGE_CURVE('',#11197,#10876,#11996,.T.);
#11998=ORIENTED_EDGE('',*,*,#11997,.F.);
#11999=ORIENTED_EDGE('',*,*,#11203,.F.);
#12000=EDGE_LOOP('',(#11990,#11991,#11998,#11999));
#12001=FACE_BOUND('',#12000,.T.);
#12002=ADVANCED_FACE('',(#12001),#11989,.T.);
#12003=OVER_RIDING_STYLED_ITEM('',(#10825),#12002,#10450);
#12004=CARTESIAN_POINT('',(2.,13.29,1.06));
#12005=DIRECTION('',(1.,0.,0.));
#12006=DIRECTION('',(0.,0.,-1.));
#12007=AXIS2_PLACEMENT_3D('',#12004,#12005,#12006);
#12008=CYLINDRICAL_SURFACE('',#12007,0.09);
#12009=ORIENTED_EDGE('',*,*,#11997,.T.);
#12010=ORIENTED_EDGE('',*,*,#10903,.F.);
#12011=CARTESIAN_POINT('',(4.,13.29,1.06));
#12012=DIRECTION('',(1.,0.,0.));
#12013=DIRECTION('',(-0.,1.,0.));
#12014=AXIS2_PLACEMENT_3D('',#12011,#12012,#12013);
#12015=CIRCLE('',#12014,0.09);
#12016=EDGE_CURVE('',#11206,#10892,#12015,.T.);
#12017=ORIENTED_EDGE('',*,*,#12016,.F.);
#12018=ORIENTED_EDGE('',*,*,#11211,.F.);
#12019=EDGE_LOOP('',(#12009,#12010,#12017,#12018));
#12020=FACE_BOUND('',#12019,.T.);
#12021=ADVANCED_FACE('',(#12020),#12008,.T.);
#12022=OVER_RIDING_STYLED_ITEM('',(#10825),#12021,#10450);
#12023=CARTESIAN_POINT('',(4.,13.5,1.06));
#12024=DIRECTION('',(0.,0.,-1.));
#12025=DIRECTION('',(-1.,0.,0.));
#12026=AXIS2_PLACEMENT_3D('',#12023,#12024,#12025);
#12027=TOROIDAL_SURFACE('',#12026,0.21,0.09);
#12028=ORIENTED_EDGE('',*,*,#12016,.T.);
#12029=ORIENTED_EDGE('',*,*,#10928,.F.);
#12030=CARTESIAN_POINT('',(4.21,13.5,1.06));
#12031=DIRECTION('',(0.,1.,0.));
#12032=DIRECTION('',(0.,-0.,1.));
#12033=AXIS2_PLACEMENT_3D('',#12030,#12031,#12032);
#12034=CIRCLE('',#12033,0.09);
#12035=EDGE_CURVE('',#11214,#10835,#12034,.T.);
#12036=ORIENTED_EDGE('',*,*,#12035,.F.);
#12037=ORIENTED_EDGE('',*,*,#11220,.F.);
#12038=EDGE_LOOP('',(#12028,#12029,#12036,#12037));
#12039=FACE_BOUND('',#12038,.T.);
#12040=ADVANCED_FACE('',(#12039),#12027,.T.);
#12041=OVER_RIDING_STYLED_ITEM('',(#10825),#12040,#10450);
#12042=CARTESIAN_POINT('',(4.21,13.2,1.06));
#12043=DIRECTION('',(0.,1.,0.));
#12044=DIRECTION('',(0.,-0.,1.));
#12045=AXIS2_PLACEMENT_3D('',#12042,#12043,#12044);
#12046=CYLINDRICAL_SURFACE('',#12045,0.09);
#12047=ORIENTED_EDGE('',*,*,#12035,.T.);
#12048=ORIENTED_EDGE('',*,*,#10862,.F.);
#12049=CARTESIAN_POINT('',(4.21,15.5,1.06));
#12050=DIRECTION('',(0.,1.,0.));
#12051=DIRECTION('',(-1.,0.,0.));
#12052=AXIS2_PLACEMENT_3D('',#12049,#12050,#12051);
#12053=CIRCLE('',#12052,0.09);
#12054=EDGE_CURVE('',#11223,#10851,#12053,.T.);
#12055=ORIENTED_EDGE('',*,*,#12054,.F.);
#12056=ORIENTED_EDGE('',*,*,#11228,.F.);
#12057=EDGE_LOOP('',(#12047,#12048,#12055,#12056));
#12058=FACE_BOUND('',#12057,.T.);
#12059=ADVANCED_FACE('',(#12058),#12046,.T.);
#12060=OVER_RIDING_STYLED_ITEM('',(#10825),#12059,#10450);
#12061=CARTESIAN_POINT('',(4.,15.5,1.06));
#12062=DIRECTION('',(0.,0.,-1.));
#12063=DIRECTION('',(-1.,0.,0.));
#12064=AXIS2_PLACEMENT_3D('',#12061,#12062,#12063);
#12065=TOROIDAL_SURFACE('',#12064,0.21,0.09);
#12066=ORIENTED_EDGE('',*,*,#12054,.T.);
#12067=ORIENTED_EDGE('',*,*,#10964,.F.);
#12068=CARTESIAN_POINT('',(4.,15.71,1.06));
#12069=DIRECTION('',(-1.,0.,0.));
#12070=DIRECTION('',(0.,0.,1.));
#12071=AXIS2_PLACEMENT_3D('',#12068,#12069,#12070);
#12072=CIRCLE('',#12071,0.09);
#12073=EDGE_CURVE('',#11231,#10952,#12072,.T.);
#12074=ORIENTED_EDGE('',*,*,#12073,.F.);
#12075=ORIENTED_EDGE('',*,*,#11237,.F.);
#12076=EDGE_LOOP('',(#12066,#12067,#12074,#12075));
#12077=FACE_BOUND('',#12076,.T.);
#12078=ADVANCED_FACE('',(#12077),#12065,.T.);
#12079=OVER_RIDING_STYLED_ITEM('',(#10825),#12078,#10450);
#12080=CARTESIAN_POINT('',(2.,15.71,1.06));
#12081=DIRECTION('',(-1.,0.,0.));
#12082=DIRECTION('',(0.,0.,1.));
#12083=AXIS2_PLACEMENT_3D('',#12080,#12081,#12082);
#12084=CYLINDRICAL_SURFACE('',#12083,0.09);
#12085=ORIENTED_EDGE('',*,*,#12073,.T.);
#12086=ORIENTED_EDGE('',*,*,#11005,.F.);
#12087=CARTESIAN_POINT('',(2.,15.71,1.06));
#12088=DIRECTION('',(-1.,0.,0.));
#12089=DIRECTION('',(-0.,-1.,0.));
#12090=AXIS2_PLACEMENT_3D('',#12087,#12088,#12089);
#12091=CIRCLE('',#12090,0.09);
#12092=EDGE_CURVE('',#11145,#10994,#12091,.T.);
#12093=ORIENTED_EDGE('',*,*,#12092,.F.);
#12094=ORIENTED_EDGE('',*,*,#11243,.F.);
#12095=EDGE_LOOP('',(#12085,#12086,#12093,#12094));
#12096=FACE_BOUND('',#12095,.T.);
#12097=ADVANCED_FACE('',(#12096),#12084,.T.);
#12098=OVER_RIDING_STYLED_ITEM('',(#10825),#12097,#10450);
#12099=CARTESIAN_POINT('',(2.,15.5,1.06));
#12100=DIRECTION('',(0.,0.,-1.));
#12101=DIRECTION('',(-1.,0.,0.));
#12102=AXIS2_PLACEMENT_3D('',#12099,#12100,#12101);
#12103=TOROIDAL_SURFACE('',#12102,0.21,0.09);
#12104=ORIENTED_EDGE('',*,*,#12092,.T.);
#12105=ORIENTED_EDGE('',*,*,#11048,.F.);
#12106=CARTESIAN_POINT('',(1.79,15.5,1.06));
#12107=DIRECTION('',(0.,-1.,0.));
#12108=DIRECTION('',(0.,0.,-1.));
#12109=AXIS2_PLACEMENT_3D('',#12106,#12107,#12108);
#12110=CIRCLE('',#12109,0.09);
#12111=EDGE_CURVE('',#11147,#11036,#12110,.T.);
#12112=ORIENTED_EDGE('',*,*,#12111,.F.);
#12113=ORIENTED_EDGE('',*,*,#11153,.F.);
#12114=EDGE_LOOP('',(#12104,#12105,#12112,#12113));
#12115=FACE_BOUND('',#12114,.T.);
#12116=ADVANCED_FACE('',(#12115),#12103,.T.);
#12117=OVER_RIDING_STYLED_ITEM('',(#10825),#12116,#10450);
#12118=CARTESIAN_POINT('',(1.79,13.2,1.06));
#12119=DIRECTION('',(0.,-1.,0.));
#12120=DIRECTION('',(0.,0.,-1.));
#12121=AXIS2_PLACEMENT_3D('',#12118,#12119,#12120);
#12122=CYLINDRICAL_SURFACE('',#12121,0.09);
#12123=ORIENTED_EDGE('',*,*,#12111,.T.);
#12124=ORIENTED_EDGE('',*,*,#11096,.F.);
#12125=CARTESIAN_POINT('',(1.7,14.75,1.06));
#12126=CARTESIAN_POINT('',(1.7,14.76453745,1.06));
#12127=CARTESIAN_POINT('',(1.699583265,14.778748538,1.06670859));
#12128=CARTESIAN_POINT('',(1.701710556,14.787965465,1.077463506));
#12129=CARTESIAN_POINT('',(1.703837846,14.797182392,1.088218422));
#12130=CARTESIAN_POINT('',(1.709478174,14.80077123,1.102669318));
#12131=CARTESIAN_POINT('',(1.718072213,14.799831933,1.114096151));
#12132=CARTESIAN_POINT('',(1.735260292,14.79795334,1.136949816));
#12133=CARTESIAN_POINT('',(1.761009596,14.78,1.15));
#12134=CARTESIAN_POINT('',(1.79,14.78,1.15));
#12135=B_SPLINE_CURVE_WITH_KNOTS('',3,(#12125,#12126,#12127,#12128,#12129,#12130,#12131,#12132,#12133,#12134),.UNSPECIFIED.,.F.,.F.,(4,3,3,4),(0.,0.000042997,0.000085993,0.000171986),.UNSPECIFIED.);
#12136=EDGE_CURVE('',#11085,#11156,#12135,.T.);
#12137=ORIENTED_EDGE('',*,*,#12136,.T.);
#12138=ORIENTED_EDGE('',*,*,#11161,.F.);
#12139=EDGE_LOOP('',(#12123,#12124,#12137,#12138));
#12140=FACE_BOUND('',#12139,.T.);
#12141=ADVANCED_FACE('',(#12140),#12122,.T.);
#12142=OVER_RIDING_STYLED_ITEM('',(#10825),#12141,#10450);
#12143=CARTESIAN_POINT('',(2.,13.3,0.95));
#12144=DIRECTION('',(-1.,0.,0.));
#12145=DIRECTION('',(0.,0.,1.));
#12146=AXIS2_PLACEMENT_3D('',#12143,#12144,#12145);
#12147=CYLINDRICAL_SURFACE('',#12146,0.1);
#12148=ORIENTED_EDGE('',*,*,#10889,.F.);
#12149=CARTESIAN_POINT('',(2.,13.2,0.95));
#12150=CARTESIAN_POINT('',(1.974079637,13.2,0.926815087));
#12151=CARTESIAN_POINT('',(1.948175963,13.208014898,0.9035214));
#12152=CARTESIAN_POINT('',(1.923009662,13.224306635,0.884650826));
#12153=CARTESIAN_POINT('',(1.897843361,13.240598372,0.865780253));
#12154=CARTESIAN_POINT('',(1.872875391,13.265686913,0.85));
#12155=CARTESIAN_POINT('',(1.85,13.3,0.85));
#12156=B_SPLINE_CURVE_WITH_KNOTS('',3,(#12149,#12150,#12151,#12152,#12153,#12154,#12155),.UNSPECIFIED.,.F.,.F.,(4,3,4),(0.,0.000084637,0.000169273),.UNSPECIFIED.);
#12157=EDGE_CURVE('',#10874,#10609,#12156,.T.);
#12158=ORIENTED_EDGE('',*,*,#12157,.T.);
#12159=ORIENTED_EDGE('',*,*,#10614,.F.);
#12160=CARTESIAN_POINT('',(2.099878215,13.283680837,0.851384071));
#12161=VERTEX_POINT('',#12160);
#12162=CARTESIAN_POINT('',(2.1,13.3,0.85));
#12163=CARTESIAN_POINT('',(2.1,13.278096788,0.85));
#12164=CARTESIAN_POINT('',(2.098655058,13.256374409,0.857585757));
#12165=CARTESIAN_POINT('',(2.104310216,13.239590579,0.870308709));
#12166=CARTESIAN_POINT('',(2.107137795,13.231198664,0.876670185));
#12167=CARTESIAN_POINT('',(2.112176063,13.224324934,0.884206057));
#12168=CARTESIAN_POINT('',(2.120240151,13.219866069,0.890178992));
#12169=CARTESIAN_POINT('',(2.128304238,13.215407203,0.896151926));
#12170=CARTESIAN_POINT('',(2.138965712,13.21339746,0.9));
#12171=CARTESIAN_POINT('',(2.15,13.21339746,0.9));
#12172=B_SPLINE_CURVE_WITH_KNOTS('',3,(#12162,#12163,#12164,#12165,#12166,#12167,#12168,#12169,#12170,#12171),.UNSPECIFIED.,.F.,.F.,(4,3,3,4),(0.,0.000064779,0.000097168,0.000129557),.UNSPECIFIED.);
#12173=EDGE_CURVE('',#10607,#12161,#12172,.T.);
#12174=ORIENTED_EDGE('',*,*,#12173,.T.);
#12175=CARTESIAN_POINT('',(2.1,13.3,0.85));
#12176=CARTESIAN_POINT('',(2.1,13.278096788,0.85));
#12177=CARTESIAN_POINT('',(2.098655058,13.256374409,0.857585757));
#12178=CARTESIAN_POINT('',(2.104310216,13.239590579,0.870308709));
#12179=CARTESIAN_POINT('',(2.107137795,13.231198664,0.876670185));
#12180=CARTESIAN_POINT('',(2.112176063,13.224324934,0.884206057));
#12181=CARTESIAN_POINT('',(2.120240151,13.219866069,0.890178992));
#12182=CARTESIAN_POINT('',(2.128304238,13.215407203,0.896151926));
#12183=CARTESIAN_POINT('',(2.138965712,13.21339746,0.9));
#12184=CARTESIAN_POINT('',(2.15,13.21339746,0.9));
#12185=B_SPLINE_CURVE_WITH_KNOTS('',3,(#12175,#12176,#12177,#12178,#12179,#12180,#12181,#12182,#12183,#12184),.UNSPECIFIED.,.F.,.F.,(4,3,3,4),(0.,0.000064779,0.000097168,0.000129557),.UNSPECIFIED.);
#12186=EDGE_CURVE('',#12161,#11273,#12185,.T.);
#12187=ORIENTED_EDGE('',*,*,#12186,.T.);
#12188=ORIENTED_EDGE('',*,*,#11278,.F.);
#12189=CARTESIAN_POINT('',(3.900118765,13.283682293,0.851391274));
#12190=VERTEX_POINT('',#12189);
#12191=CARTESIAN_POINT('',(3.85,13.21339746,0.9));
#12192=CARTESIAN_POINT('',(3.861015269,13.21339746,0.9));
#12193=CARTESIAN_POINT('',(3.871732003,13.21543132,0.896121128));
#12194=CARTESIAN_POINT('',(3.879746889,13.219858906,0.890188588));
#12195=CARTESIAN_POINT('',(3.887761775,13.224286492,0.884256048));
#12196=CARTESIAN_POINT('',(3.892869893,13.231224707,0.876651434));
#12197=CARTESIAN_POINT('',(3.895687823,13.23958476,0.87031312));
#12198=CARTESIAN_POINT('',(3.901323683,13.256304866,0.857636493));
#12199=CARTESIAN_POINT('',(3.9,13.278123636,0.85));
#12200=CARTESIAN_POINT('',(3.9,13.3,0.85));
#12201=B_SPLINE_CURVE_WITH_KNOTS('',3,(#12191,#12192,#12193,#12194,#12195,#12196,#12197,#12198,#12199,#12200),.UNSPECIFIED.,.F.,.F.,(4,3,3,4),(0.,0.000032572,0.000065144,0.000130287),.UNSPECIFIED.);
#12202=EDGE_CURVE('',#11265,#12190,#12201,.T.);
#12203=ORIENTED_EDGE('',*,*,#12202,.T.);
#12204=CARTESIAN_POINT('',(3.85,13.21339746,0.9));
#12205=CARTESIAN_POINT('',(3.861015269,13.21339746,0.9));
#12206=CARTESIAN_POINT('',(3.871732003,13.21543132,0.896121128));
#12207=CARTESIAN_POINT('',(3.879746889,13.219858906,0.890188588));
#12208=CARTESIAN_POINT('',(3.887761775,13.224286492,0.884256048));
#12209=CARTESIAN_POINT('',(3.892869893,13.231224707,0.876651434));
#12210=CARTESIAN_POINT('',(3.895687823,13.23958476,0.87031312));
#12211=CARTESIAN_POINT('',(3.901323683,13.256304866,0.857636493));
#12212=CARTESIAN_POINT('',(3.9,13.278123636,0.85));
#12213=CARTESIAN_POINT('',(3.9,13.3,0.85));
#12214=B_SPLINE_CURVE_WITH_KNOTS('',3,(#12204,#12205,#12206,#12207,#12208,#12209,#12210,#12211,#12212,#12213),.UNSPECIFIED.,.F.,.F.,(4,3,3,4),(0.,0.000032572,0.000065144,0.000130287),.UNSPECIFIED.);
#12215=EDGE_CURVE('',#12190,#10769,#12214,.T.);
#12216=ORIENTED_EDGE('',*,*,#12215,.T.);
#12217=ORIENTED_EDGE('',*,*,#10774,.F.);
#12218=CARTESIAN_POINT('',(4.,13.3,0.95));
#12219=DIRECTION('',(1.,0.,0.));
#12220=DIRECTION('',(-0.,1.,0.));
#12221=AXIS2_PLACEMENT_3D('',#12218,#12219,#12220);
#12222=CIRCLE('',#12221,0.1);
#12223=EDGE_CURVE('',#10884,#10760,#12222,.T.);
#12224=ORIENTED_EDGE('',*,*,#12223,.F.);
#12225=EDGE_LOOP('',(#12148,#12158,#12159,#12174,#12187,#12188,#12203,#12216,#12217,#12224));
#12226=FACE_BOUND('',#12225,.T.);
#12227=ADVANCED_FACE('',(#12226),#12147,.T.);
#12228=OVER_RIDING_STYLED_ITEM('',(#10825),#12227,#10450);
#12229=CARTESIAN_POINT('',(4.,13.5,0.95));
#12230=DIRECTION('',(0.,0.,-1.));
#12231=DIRECTION('',(-1.,0.,0.));
#12232=AXIS2_PLACEMENT_3D('',#12229,#12230,#12231);
#12233=TOROIDAL_SURFACE('',#12232,0.2,0.1);
#12234=ORIENTED_EDGE('',*,*,#12223,.T.);
#12235=ORIENTED_EDGE('',*,*,#10766,.F.);
#12236=CARTESIAN_POINT('',(4.2,13.5,0.95));
#12237=DIRECTION('',(-0.,1.,-0.));
#12238=DIRECTION('',(0.,0.,-1.));
#12239=AXIS2_PLACEMENT_3D('',#12236,#12237,#12238);
#12240=CIRCLE('',#12239,0.1);
#12241=EDGE_CURVE('',#10833,#10752,#12240,.T.);
#12242=ORIENTED_EDGE('',*,*,#12241,.F.);
#12243=ORIENTED_EDGE('',*,*,#10920,.F.);
#12244=EDGE_LOOP('',(#12234,#12235,#12242,#12243));
#12245=FACE_BOUND('',#12244,.T.);
#12246=ADVANCED_FACE('',(#12245),#12233,.T.);
#12247=OVER_RIDING_STYLED_ITEM('',(#10825),#12246,#10450);
#12248=CARTESIAN_POINT('',(4.2,13.5,0.95));
#12249=DIRECTION('',(0.,-1.,0.));
#12250=DIRECTION('',(0.,0.,-1.));
#12251=AXIS2_PLACEMENT_3D('',#12248,#12249,#12250);
#12252=CYLINDRICAL_SURFACE('',#12251,0.1);
#12253=ORIENTED_EDGE('',*,*,#12241,.T.);
#12254=ORIENTED_EDGE('',*,*,#10757,.F.);
#12255=CARTESIAN_POINT('',(4.2,14.2,0.85));
#12256=CARTESIAN_POINT('',(4.221903212,14.2,0.85));
#12257=CARTESIAN_POINT('',(4.243625591,14.198655058,0.857585757));
#12258=CARTESIAN_POINT('',(4.260409421,14.204310216,0.870308709));
#12259=CARTESIAN_POINT('',(4.268801336,14.207137795,0.876670185));
#12260=CARTESIAN_POINT('',(4.275675066,14.212176063,0.884206057));
#12261=CARTESIAN_POINT('',(4.280133931,14.220240151,0.890178992));
#12262=CARTESIAN_POINT('',(4.284592797,14.228304238,0.896151926));
#12263=CARTESIAN_POINT('',(4.28660254,14.238965712,0.9));
#12264=CARTESIAN_POINT('',(4.28660254,14.25,0.9));
#12265=B_SPLINE_CURVE_WITH_KNOTS('',3,(#12255,#12256,#12257,#12258,#12259,#12260,#12261,#12262,#12263,#12264),.UNSPECIFIED.,.F.,.F.,(4,3,3,4),(0.,0.000064779,0.000097168,0.000129557),.UNSPECIFIED.);
#12266=EDGE_CURVE('',#10744,#10559,#12265,.T.);
#12267=ORIENTED_EDGE('',*,*,#12266,.T.);
#12268=ORIENTED_EDGE('',*,*,#10564,.F.);
#12269=CARTESIAN_POINT('',(4.28660254,14.75,0.9));
#12270=CARTESIAN_POINT('',(4.28660254,14.761015269,0.9));
#12271=CARTESIAN_POINT('',(4.28456868,14.771732003,0.896121128));
#12272=CARTESIAN_POINT('',(4.280141094,14.779746889,0.890188588));
#12273=CARTESIAN_POINT('',(4.275713508,14.787761775,0.884256048));
#12274=CARTESIAN_POINT('',(4.268775293,14.792869893,0.876651434));
#12275=CARTESIAN_POINT('',(4.26041524,14.795687823,0.87031312));
#12276=CARTESIAN_POINT('',(4.243695134,14.801323683,0.857636493));
#12277=CARTESIAN_POINT('',(4.221876364,14.8,0.85));
#12278=CARTESIAN_POINT('',(4.2,14.8,0.85));
#12279=B_SPLINE_CURVE_WITH_KNOTS('',3,(#12269,#12270,#12271,#12272,#12273,#12274,#12275,#12276,#12277,#12278),.UNSPECIFIED.,.F.,.F.,(4,3,3,4),(0.,0.000032572,0.000065144,0.000130287),.UNSPECIFIED.);
#12280=EDGE_CURVE('',#10551,#10710,#12279,.T.);
#12281=ORIENTED_EDGE('',*,*,#12280,.T.);
#12282=ORIENTED_EDGE('',*,*,#10715,.F.);
#12283=ORIENTED_EDGE('',*,*,#10948,.F.);
#12284=ORIENTED_EDGE('',*,*,#10848,.F.);
#12285=EDGE_LOOP('',(#12253,#12254,#12267,#12268,#12281,#12282,#12283,#12284));
#12286=FACE_BOUND('',#12285,.T.);
#12287=ADVANCED_FACE('',(#12286),#12252,.T.);
#12288=OVER_RIDING_STYLED_ITEM('',(#10825),#12287,#10450);
#12289=CARTESIAN_POINT('',(3.9,13.05,0.85));
#12290=DIRECTION('',(-1.,0.,0.));
#12291=DIRECTION('',(0.,-1.,0.));
#12292=AXIS2_PLACEMENT_3D('',#12289,#12290,#12291);
#12293=CYLINDRICAL_SURFACE('',#12292,0.05);
#12294=CARTESIAN_POINT('',(2.15,13.,0.85));
#12295=VERTEX_POINT('',#12294);
#12296=CARTESIAN_POINT('',(3.85,13.,0.85));
#12297=VERTEX_POINT('',#12296);
#12298=CARTESIAN_POINT('',(2.15,13.,0.85));
#12299=DIRECTION('',(1.,-0.,-0.));
#12300=VECTOR('',#12299,1.7);
#12301=LINE('',#12298,#12300);
#12302=EDGE_CURVE('',#12295,#12297,#12301,.T.);
#12303=ORIENTED_EDGE('',*,*,#12302,.T.);
#12304=CARTESIAN_POINT('',(3.85,13.05,0.85));
#12305=DIRECTION('',(-1.,0.,0.));
#12306=DIRECTION('',(0.,0.,1.));
#12307=AXIS2_PLACEMENT_3D('',#12304,#12305,#12306);
#12308=CIRCLE('',#12307,0.05);
#12309=EDGE_CURVE('',#12297,#11257,#12308,.T.);
#12310=ORIENTED_EDGE('',*,*,#12309,.T.);
#12311=ORIENTED_EDGE('',*,*,#11262,.F.);
#12312=CARTESIAN_POINT('',(2.15,13.05,0.85));
#12313=DIRECTION('',(1.,-0.,-0.));
#12314=DIRECTION('',(0.,0.,1.));
#12315=AXIS2_PLACEMENT_3D('',#12312,#12313,#12314);
#12316=CIRCLE('',#12315,0.05);
#12317=EDGE_CURVE('',#11255,#12295,#12316,.T.);
#12318=ORIENTED_EDGE('',*,*,#12317,.T.);
#12319=EDGE_LOOP('',(#12303,#12310,#12311,#12318));
#12320=FACE_BOUND('',#12319,.T.);
#12321=ADVANCED_FACE('',(#12320),#12293,.T.);
#12322=CARTESIAN_POINT('',(2.15,13.05,0.85));
#12323=DIRECTION('',(-1.,0.,0.));
#12324=DIRECTION('',(0.,-1.,0.));
#12325=AXIS2_PLACEMENT_3D('',#12322,#12323,#12324);
#12326=SPHERICAL_SURFACE('',#12325,0.05);
#12327=CARTESIAN_POINT('',(2.1,13.05,0.85));
#12328=VERTEX_POINT('',#12327);
#12329=CARTESIAN_POINT('',(2.15,13.05,0.85));
#12330=DIRECTION('',(-0.,-0.,1.));
#12331=DIRECTION('',(0.,-1.,0.));
#12332=AXIS2_PLACEMENT_3D('',#12329,#12330,#12331);
#12333=CIRCLE('',#12332,0.05);
#12334=EDGE_CURVE('',#12328,#12295,#12333,.T.);
#12335=ORIENTED_EDGE('',*,*,#12334,.T.);
#12336=ORIENTED_EDGE('',*,*,#12317,.F.);
#12337=CARTESIAN_POINT('',(2.15,13.05,0.85));
#12338=DIRECTION('',(0.,1.,0.));
#12339=DIRECTION('',(0.,-0.,1.));
#12340=AXIS2_PLACEMENT_3D('',#12337,#12338,#12339);
#12341=CIRCLE('',#12340,0.05);
#12342=EDGE_CURVE('',#12328,#11255,#12341,.T.);
#12343=ORIENTED_EDGE('',*,*,#12342,.F.);
#12344=EDGE_LOOP('',(#12335,#12336,#12343));
#12345=FACE_BOUND('',#12344,.T.);
#12346=ADVANCED_FACE('',(#12345),#12326,.T.);
#12347=CARTESIAN_POINT('',(2.15,13.45,0.85));
#12348=DIRECTION('',(0.,1.,0.));
#12349=DIRECTION('',(-1.,0.,0.));
#12350=AXIS2_PLACEMENT_3D('',#12347,#12348,#12349);
#12351=CYLINDRICAL_SURFACE('',#12350,0.05);
#12352=CARTESIAN_POINT('',(2.1,13.283680837,0.85));
#12353=DIRECTION('',(0.,-1.,-0.));
#12354=VECTOR('',#12353,0.233680837);
#12355=LINE('',#12352,#12354);
#12356=EDGE_CURVE('',#12161,#12328,#12355,.T.);
#12357=ORIENTED_EDGE('',*,*,#12356,.T.);
#12358=ORIENTED_EDGE('',*,*,#12342,.T.);
#12359=ORIENTED_EDGE('',*,*,#11284,.F.);
#12360=ORIENTED_EDGE('',*,*,#12186,.F.);
#12361=EDGE_LOOP('',(#12357,#12358,#12359,#12360));
#12362=FACE_BOUND('',#12361,.T.);
#12363=ADVANCED_FACE('',(#12362),#12351,.T.);
#12364=CARTESIAN_POINT('',(3.85,13.05,0.85));
#12365=DIRECTION('',(-1.,0.,0.));
#12366=DIRECTION('',(0.,-1.,0.));
#12367=AXIS2_PLACEMENT_3D('',#12364,#12365,#12366);
#12368=SPHERICAL_SURFACE('',#12367,0.05);
#12369=CARTESIAN_POINT('',(3.9,13.05,0.85));
#12370=VERTEX_POINT('',#12369);
#12371=CARTESIAN_POINT('',(3.85,13.05,0.85));
#12372=DIRECTION('',(-0.,-0.,1.));
#12373=DIRECTION('',(0.,-1.,0.));
#12374=AXIS2_PLACEMENT_3D('',#12371,#12372,#12373);
#12375=CIRCLE('',#12374,0.05);
#12376=EDGE_CURVE('',#12297,#12370,#12375,.T.);
#12377=ORIENTED_EDGE('',*,*,#12376,.T.);
#12378=CARTESIAN_POINT('',(3.85,13.05,0.85));
#12379=DIRECTION('',(-0.,1.,-0.));
#12380=DIRECTION('',(0.,0.,-1.));
#12381=AXIS2_PLACEMENT_3D('',#12378,#12379,#12380);
#12382=CIRCLE('',#12381,0.05);
#12383=EDGE_CURVE('',#11257,#12370,#12382,.T.);
#12384=ORIENTED_EDGE('',*,*,#12383,.F.);
#12385=ORIENTED_EDGE('',*,*,#12309,.F.);
#12386=EDGE_LOOP('',(#12377,#12384,#12385));
#12387=FACE_BOUND('',#12386,.T.);
#12388=ADVANCED_FACE('',(#12387),#12368,.T.);
#12389=CARTESIAN_POINT('',(3.85,13.45,0.85));
#12390=DIRECTION('',(0.,-1.,0.));
#12391=DIRECTION('',(1.,0.,0.));
#12392=AXIS2_PLACEMENT_3D('',#12389,#12390,#12391);
#12393=CYLINDRICAL_SURFACE('',#12392,0.05);
#12394=CARTESIAN_POINT('',(3.9,13.05,0.85));
#12395=DIRECTION('',(-0.,1.,-0.));
#12396=VECTOR('',#12395,0.233682293);
#12397=LINE('',#12394,#12396);
#12398=EDGE_CURVE('',#12370,#12190,#12397,.T.);
#12399=ORIENTED_EDGE('',*,*,#12398,.T.);
#12400=ORIENTED_EDGE('',*,*,#12202,.F.);
#12401=ORIENTED_EDGE('',*,*,#11270,.F.);
#12402=ORIENTED_EDGE('',*,*,#12383,.T.);
#12403=EDGE_LOOP('',(#12399,#12400,#12401,#12402));
#12404=FACE_BOUND('',#12403,.T.);
#12405=ADVANCED_FACE('',(#12404),#12393,.T.);
#12406=CARTESIAN_POINT('',(2.1,15.95,0.85));
#12407=DIRECTION('',(1.,0.,0.));
#12408=DIRECTION('',(0.,0.,-1.));
#12409=AXIS2_PLACEMENT_3D('',#12406,#12407,#12408);
#12410=CYLINDRICAL_SURFACE('',#12409,0.05);
#12411=CARTESIAN_POINT('',(3.85,15.95,0.85));
#12412=DIRECTION('',(-1.,-0.,-0.));
#12413=DIRECTION('',(0.,0.,-1.));
#12414=AXIS2_PLACEMENT_3D('',#12411,#12412,#12413);
#12415=CIRCLE('',#12414,0.05);
#12416=EDGE_CURVE('',#11335,#11374,#12415,.T.);
#12417=ORIENTED_EDGE('',*,*,#12416,.T.);
#12418=ORIENTED_EDGE('',*,*,#11403,.F.);
#12419=CARTESIAN_POINT('',(2.15,15.95,0.85));
#12420=DIRECTION('',(1.,0.,0.));
#12421=DIRECTION('',(0.,0.,-1.));
#12422=AXIS2_PLACEMENT_3D('',#12419,#12420,#12421);
#12423=CIRCLE('',#12422,0.05);
#12424=EDGE_CURVE('',#11392,#11337,#12423,.T.);
#12425=ORIENTED_EDGE('',*,*,#12424,.T.);
#12426=ORIENTED_EDGE('',*,*,#11342,.F.);
#12427=EDGE_LOOP('',(#12417,#12418,#12425,#12426));
#12428=FACE_BOUND('',#12427,.T.);
#12429=ADVANCED_FACE('',(#12428),#12410,.T.);
#12430=OVER_RIDING_STYLED_ITEM('',(#11366),#12429,#10450);
#12431=CARTESIAN_POINT('',(3.85,15.95,0.85));
#12432=DIRECTION('',(1.,0.,0.));
#12433=DIRECTION('',(0.,0.,-1.));
#12434=AXIS2_PLACEMENT_3D('',#12431,#12432,#12433);
#12435=SPHERICAL_SURFACE('',#12434,0.05);
#12436=ORIENTED_EDGE('',*,*,#12416,.F.);
#12437=CARTESIAN_POINT('',(3.9,15.95,0.85));
#12438=VERTEX_POINT('',#12437);
#12439=CARTESIAN_POINT('',(3.85,15.95,0.85));
#12440=DIRECTION('',(0.,-1.,0.));
#12441=DIRECTION('',(0.,0.,-1.));
#12442=AXIS2_PLACEMENT_3D('',#12439,#12440,#12441);
#12443=CIRCLE('',#12442,0.05);
#12444=EDGE_CURVE('',#12438,#11335,#12443,.T.);
#12445=ORIENTED_EDGE('',*,*,#12444,.F.);
#12446=CARTESIAN_POINT('',(3.85,15.95,0.85));
#12447=DIRECTION('',(0.,-1.,0.));
#12448=DIRECTION('',(0.,0.,-1.));
#12449=AXIS2_PLACEMENT_3D('',#12446,#12447,#12448);
#12450=CIRCLE('',#12449,0.05);
#12451=EDGE_CURVE('',#11374,#12438,#12450,.T.);
#12452=ORIENTED_EDGE('',*,*,#12451,.F.);
#12453=EDGE_LOOP('',(#12436,#12445,#12452));
#12454=FACE_BOUND('',#12453,.T.);
#12455=ADVANCED_FACE('',(#12454),#12435,.T.);
#12456=OVER_RIDING_STYLED_ITEM('',(#11366),#12455,#10450);
#12457=CARTESIAN_POINT('',(3.85,15.55,0.85));
#12458=DIRECTION('',(0.,-1.,0.));
#12459=DIRECTION('',(0.,0.,-1.));
#12460=AXIS2_PLACEMENT_3D('',#12457,#12458,#12459);
#12461=CYLINDRICAL_SURFACE('',#12460,0.05);
#12462=ORIENTED_EDGE('',*,*,#10690,.T.);
#12463=CARTESIAN_POINT('',(3.85,15.6,0.85));
#12464=DIRECTION('',(-0.,1.,-0.));
#12465=DIRECTION('',(0.,0.,-1.));
#12466=AXIS2_PLACEMENT_3D('',#12463,#12464,#12465);
#12467=CIRCLE('',#12466,0.05);
#12468=EDGE_CURVE('',#10676,#11376,#12467,.T.);
#12469=ORIENTED_EDGE('',*,*,#12468,.T.);
#12470=ORIENTED_EDGE('',*,*,#11381,.F.);
#12471=ORIENTED_EDGE('',*,*,#12451,.T.);
#12472=ORIENTED_EDGE('',*,*,#12444,.T.);
#12473=ORIENTED_EDGE('',*,*,#11355,.F.);
#12474=ORIENTED_EDGE('',*,*,#11014,.F.);
#12475=EDGE_LOOP('',(#12462,#12469,#12470,#12471,#12472,#12473,#12474));
#12476=FACE_BOUND('',#12475,.T.);
#12477=ADVANCED_FACE('',(#12476),#12461,.T.);
#12478=OVER_RIDING_STYLED_ITEM('',(#11366),#12477,#10450);
#12479=CARTESIAN_POINT('',(2.15,15.95,0.85));
#12480=DIRECTION('',(1.,0.,0.));
#12481=DIRECTION('',(0.,0.,-1.));
#12482=AXIS2_PLACEMENT_3D('',#12479,#12480,#12481);
#12483=SPHERICAL_SURFACE('',#12482,0.05);
#12484=ORIENTED_EDGE('',*,*,#12424,.F.);
#12485=CARTESIAN_POINT('',(2.1,15.95,0.85));
#12486=VERTEX_POINT('',#12485);
#12487=CARTESIAN_POINT('',(2.15,15.95,0.85));
#12488=DIRECTION('',(0.,-1.,0.));
#12489=DIRECTION('',(0.,0.,-1.));
#12490=AXIS2_PLACEMENT_3D('',#12487,#12488,#12489);
#12491=CIRCLE('',#12490,0.05);
#12492=EDGE_CURVE('',#12486,#11392,#12491,.T.);
#12493=ORIENTED_EDGE('',*,*,#12492,.F.);
#12494=CARTESIAN_POINT('',(2.15,15.95,0.85));
#12495=DIRECTION('',(0.,-1.,0.));
#12496=DIRECTION('',(0.,0.,-1.));
#12497=AXIS2_PLACEMENT_3D('',#12494,#12495,#12496);
#12498=CIRCLE('',#12497,0.05);
#12499=EDGE_CURVE('',#11337,#12486,#12498,.T.);
#12500=ORIENTED_EDGE('',*,*,#12499,.F.);
#12501=EDGE_LOOP('',(#12484,#12493,#12500));
#12502=FACE_BOUND('',#12501,.T.);
#12503=ADVANCED_FACE('',(#12502),#12483,.T.);
#12504=OVER_RIDING_STYLED_ITEM('',(#11366),#12503,#10450);
#12505=CARTESIAN_POINT('',(2.15,15.55,0.85));
#12506=DIRECTION('',(0.,-1.,0.));
#12507=DIRECTION('',(0.,0.,-1.));
#12508=AXIS2_PLACEMENT_3D('',#12505,#12506,#12507);
#12509=CYLINDRICAL_SURFACE('',#12508,0.05);
#12510=ORIENTED_EDGE('',*,*,#11348,.F.);
#12511=ORIENTED_EDGE('',*,*,#12499,.T.);
#12512=ORIENTED_EDGE('',*,*,#12492,.T.);
#12513=ORIENTED_EDGE('',*,*,#11397,.F.);
#12514=CARTESIAN_POINT('',(2.15,15.6,0.85));
#12515=DIRECTION('',(0.,1.,0.));
#12516=DIRECTION('',(0.,-0.,1.));
#12517=AXIS2_PLACEMENT_3D('',#12514,#12515,#12516);
#12518=CIRCLE('',#12517,0.05);
#12519=EDGE_CURVE('',#11384,#10651,#12518,.T.);
#12520=ORIENTED_EDGE('',*,*,#12519,.T.);
#12521=ORIENTED_EDGE('',*,*,#10656,.F.);
#12522=CARTESIAN_POINT('',(2.1,15.750003355,0.85));
#12523=CARTESIAN_POINT('',(2.1,15.767912007,0.850001202));
#12524=CARTESIAN_POINT('',(2.098758058,15.785316251,0.861207873));
#12525=CARTESIAN_POINT('',(2.10666857,15.793271027,0.87494769));
#12526=CARTESIAN_POINT('',(2.114579083,15.801225802,0.888687506));
#12527=CARTESIAN_POINT('',(2.132074088,15.8,0.9));
#12528=CARTESIAN_POINT('',(2.15,15.8,0.9));
#12529=B_SPLINE_CURVE_WITH_KNOTS('',3,(#12522,#12523,#12524,#12525,#12526,#12527,#12528),.UNSPECIFIED.,.F.,.F.,(4,3,4),(0.,0.000052976,0.000105953),.UNSPECIFIED.);
#12530=EDGE_CURVE('',#10643,#10978,#12529,.T.);
#12531=ORIENTED_EDGE('',*,*,#12530,.T.);
#12532=EDGE_LOOP('',(#12510,#12511,#12512,#12513,#12520,#12521,#12531));
#12533=FACE_BOUND('',#12532,.T.);
#12534=ADVANCED_FACE('',(#12533),#12509,.T.);
#12535=OVER_RIDING_STYLED_ITEM('',(#11366),#12534,#10450);
#12536=CARTESIAN_POINT('',(4.,15.75,0.9));
#12537=DIRECTION('',(1.,0.,0.));
#12538=DIRECTION('',(0.,0.,-1.));
#12539=AXIS2_PLACEMENT_3D('',#12536,#12537,#12538);
#12540=CYLINDRICAL_SURFACE('',#12539,0.05);
#12541=ORIENTED_EDGE('',*,*,#12530,.F.);
#12542=ORIENTED_EDGE('',*,*,#10648,.F.);
#12543=CARTESIAN_POINT('',(2.,15.75,0.9));
#12544=DIRECTION('',(-1.,0.,0.));
#12545=DIRECTION('',(-0.,-1.,0.));
#12546=AXIS2_PLACEMENT_3D('',#12543,#12544,#12545);
#12547=CIRCLE('',#12546,0.05);
#12548=EDGE_CURVE('',#10986,#10634,#12547,.T.);
#12549=ORIENTED_EDGE('',*,*,#12548,.F.);
#12550=ORIENTED_EDGE('',*,*,#10991,.F.);
#12551=EDGE_LOOP('',(#12541,#12542,#12549,#12550));
#12552=FACE_BOUND('',#12551,.T.);
#12553=ADVANCED_FACE('',(#12552),#12540,.T.);
#12554=OVER_RIDING_STYLED_ITEM('',(#10825),#12553,#10450);
#12555=CARTESIAN_POINT('',(2.,15.5,0.9));
#12556=DIRECTION('',(0.,0.,-1.));
#12557=DIRECTION('',(-1.,0.,0.));
#12558=AXIS2_PLACEMENT_3D('',#12555,#12556,#12557);
#12559=TOROIDAL_SURFACE('',#12558,0.25,0.05);
#12560=ORIENTED_EDGE('',*,*,#12548,.T.);
#12561=ORIENTED_EDGE('',*,*,#10640,.F.);
#12562=CARTESIAN_POINT('',(1.75,15.5,0.9));
#12563=DIRECTION('',(-0.,-1.,-0.));
#12564=DIRECTION('',(0.,-0.,1.));
#12565=AXIS2_PLACEMENT_3D('',#12562,#12563,#12564);
#12566=CIRCLE('',#12565,0.05);
#12567=EDGE_CURVE('',#11027,#10626,#12566,.T.);
#12568=ORIENTED_EDGE('',*,*,#12567,.F.);
#12569=ORIENTED_EDGE('',*,*,#11033,.F.);
#12570=EDGE_LOOP('',(#12560,#12561,#12568,#12569));
#12571=FACE_BOUND('',#12570,.T.);
#12572=ADVANCED_FACE('',(#12571),#12559,.T.);
#12573=OVER_RIDING_STYLED_ITEM('',(#10825),#12572,#10450);
#12574=CARTESIAN_POINT('',(1.75,15.5,0.9));
#12575=DIRECTION('',(0.,1.,0.));
#12576=DIRECTION('',(0.,-0.,1.));
#12577=AXIS2_PLACEMENT_3D('',#12574,#12575,#12576);
#12578=CYLINDRICAL_SURFACE('',#12577,0.05);
#12579=ORIENTED_EDGE('',*,*,#12567,.T.);
#12580=ORIENTED_EDGE('',*,*,#10631,.F.);
#12581=CARTESIAN_POINT('',(1.75,13.5,0.9));
#12582=DIRECTION('',(0.,-1.,0.));
#12583=DIRECTION('',(0.,0.,-1.));
#12584=AXIS2_PLACEMENT_3D('',#12581,#12582,#12583);
#12585=CIRCLE('',#12584,0.05);
#12586=EDGE_CURVE('',#11061,#10617,#12585,.T.);
#12587=ORIENTED_EDGE('',*,*,#12586,.F.);
#12588=ORIENTED_EDGE('',*,*,#11066,.F.);
#12589=EDGE_LOOP('',(#12579,#12580,#12587,#12588));
#12590=FACE_BOUND('',#12589,.T.);
#12591=ADVANCED_FACE('',(#12590),#12578,.T.);
#12592=OVER_RIDING_STYLED_ITEM('',(#10825),#12591,#10450);
#12593=CARTESIAN_POINT('',(2.,13.5,0.9));
#12594=DIRECTION('',(0.,0.,-1.));
#12595=DIRECTION('',(-1.,0.,0.));
#12596=AXIS2_PLACEMENT_3D('',#12593,#12594,#12595);
#12597=TOROIDAL_SURFACE('',#12596,0.25,0.05);
#12598=ORIENTED_EDGE('',*,*,#12586,.T.);
#12599=ORIENTED_EDGE('',*,*,#10623,.F.);
#12600=CARTESIAN_POINT('',(1.85,13.3,0.9));
#12601=DIRECTION('',(0.8,-0.6,0.));
#12602=DIRECTION('',(-0.6,-0.8,0.));
#12603=AXIS2_PLACEMENT_3D('',#12600,#12601,#12602);
#12604=CIRCLE('',#12603,0.05);
#12605=EDGE_CURVE('',#11108,#10609,#12604,.T.);
#12606=ORIENTED_EDGE('',*,*,#12605,.F.);
#12607=ORIENTED_EDGE('',*,*,#11114,.F.);
#12608=EDGE_LOOP('',(#12598,#12599,#12606,#12607));
#12609=FACE_BOUND('',#12608,.T.);
#12610=ADVANCED_FACE('',(#12609),#12597,.T.);
#12611=OVER_RIDING_STYLED_ITEM('',(#10825),#12610,#10450);
#12612=CARTESIAN_POINT('',(1.85,13.3,0.85));
#12613=CARTESIAN_POINT('',(1.842146018,13.289528024,0.85));
#12614=CARTESIAN_POINT('',(1.8343404,13.279120534,0.855388655));
#12615=CARTESIAN_POINT('',(1.823233193,13.264310924,0.873900667));
#12616=CARTESIAN_POINT('',(1.82,13.26,0.886910031));
#12617=CARTESIAN_POINT('',(1.82,13.26,0.9));
#12618=CARTESIAN_POINT('',(1.872875256,13.265687116,0.85));
#12619=CARTESIAN_POINT('',(1.867591535,13.256146852,0.853593237));
#12620=CARTESIAN_POINT('',(1.862307042,13.248469926,0.860588353));
#12621=CARTESIAN_POINT('',(1.853310252,13.239297319,0.878406118));
#12622=CARTESIAN_POINT('',(1.849606249,13.237795313,0.889197556));
#12623=CARTESIAN_POINT('',(1.847450307,13.23941227,0.9));
#12624=CARTESIAN_POINT('',(1.897842776,13.240599648,0.865780544));
#12625=CARTESIAN_POINT('',(1.893884236,13.234566822,0.87058298));
#12626=CARTESIAN_POINT('',(1.889928406,13.229915329,0.876979235));
#12627=CARTESIAN_POINT('',(1.882860467,13.224310254,0.891550887));
#12628=CARTESIAN_POINT('',(1.879753416,13.223360275,0.899715705));
#12629=CARTESIAN_POINT('',(1.87741185,13.224355833,0.907886588));
#12630=CARTESIAN_POINT('',(1.948175657,13.2080142,0.90352044));
#12631=CARTESIAN_POINT('',(1.946462046,13.206562868,0.907385133));
#12632=CARTESIAN_POINT('',(1.944747662,13.205609293,0.911273154));
#12633=CARTESIAN_POINT('',(1.941294451,13.204568449,0.919025421));
#12634=CARTESIAN_POINT('',(1.939554326,13.204479953,0.922892267));
#12635=CARTESIAN_POINT('',(1.937810639,13.204805074,0.926757645));
#12636=CARTESIAN_POINT('',(1.974079484,13.2,0.92681495));
#12637=CARTESIAN_POINT('',(1.974079484,13.2,0.92681495));
#12638=CARTESIAN_POINT('',(1.971487087,13.2,0.932611856));
#12639=CARTESIAN_POINT('',(1.971487087,13.2,0.932611856));
#12640=CARTESIAN_POINT('',(1.96889469,13.2,0.938408763));
#12641=CARTESIAN_POINT('',(1.96889469,13.2,0.938408763));
#12642=CARTESIAN_POINT('',(2.,13.2,0.95));
#12643=CARTESIAN_POINT('',(2.,13.2,0.95));
#12644=CARTESIAN_POINT('',(2.,13.2,0.95));
#12645=CARTESIAN_POINT('',(2.,13.2,0.95));
#12646=CARTESIAN_POINT('',(2.,13.2,0.95));
#12647=CARTESIAN_POINT('',(2.,13.2,0.95));
#12648=B_SPLINE_SURFACE_WITH_KNOTS('',3,3,((#12612,#12613,#12614,#12615,#12616,#12617),(#12618,#12619,#12620,#12621,#12622,#12623),(#12624,#12625,#12626,#12627,#12628,#12629),(#12630,#12631,#12632,#12633,#12634,#12635),(#12636,#12637,#12638,#12639,#12640,#12641),(#12642,#12643,#12644,#12645,#12646,#12647)),.UNSPECIFIED.,.F.,.F.,.U.,(4,2,4),(4,2,4),(0.,0.000084637,0.000169273),(0.,0.5,1.),.UNSPECIFIED.);
#12649=ORIENTED_EDGE('',*,*,#12605,.T.);
#12650=ORIENTED_EDGE('',*,*,#12157,.F.);
#12651=ORIENTED_EDGE('',*,*,#11124,.F.);
#12652=EDGE_LOOP('',(#12649,#12650,#12651));
#12653=FACE_BOUND('',#12652,.T.);
#12654=ADVANCED_FACE('',(#12653),#12648,.T.);
#12655=OVER_RIDING_STYLED_ITEM('',(#10825),#12654,#10450);
#12656=CARTESIAN_POINT('',(3.,14.5,2.));
#12657=DIRECTION('',(0.,0.,1.));
#12658=DIRECTION('',(0.,-1.,0.));
#12659=AXIS2_PLACEMENT_3D('',#12656,#12657,#12658);
#12660=TOROIDAL_SURFACE('',#12659,0.9,0.05);
#12661=CARTESIAN_POINT('',(3.,13.6,2.));
#12662=DIRECTION('',(1.,-0.,-0.));
#12663=DIRECTION('',(0.,-1.,0.));
#12664=AXIS2_PLACEMENT_3D('',#12661,#12662,#12663);
#12665=CIRCLE('',#12664,0.05);
#12666=EDGE_CURVE('',#11871,#11828,#12665,.T.);
#12667=ORIENTED_EDGE('',*,*,#12666,.T.);
#12668=ORIENTED_EDGE('',*,*,#11834,.F.);
#12669=ORIENTED_EDGE('',*,*,#11841,.F.);
#12670=ORIENTED_EDGE('',*,*,#12666,.F.);
#12671=ORIENTED_EDGE('',*,*,#11877,.F.);
#12672=ORIENTED_EDGE('',*,*,#11884,.F.);
#12673=EDGE_LOOP('',(#12667,#12668,#12669,#12670,#12671,#12672));
#12674=FACE_BOUND('',#12673,.T.);
#12675=ADVANCED_FACE('',(#12674),#12660,.T.);
#12676=CARTESIAN_POINT('',(1.5,14.2,1.11));
#12677=DIRECTION('',(0.,-1.,0.));
#12678=DIRECTION('',(0.,0.,-1.));
#12679=AXIS2_PLACEMENT_3D('',#12676,#12677,#12678);
#12680=CYLINDRICAL_SURFACE('',#12679,0.05);
#12681=CARTESIAN_POINT('',(1.5,14.75,1.11));
#12682=DIRECTION('',(0.,-1.,0.));
#12683=DIRECTION('',(0.,0.,-1.));
#12684=AXIS2_PLACEMENT_3D('',#12681,#12682,#12683);
#12685=CIRCLE('',#12684,0.05);
#12686=EDGE_CURVE('',#11523,#11424,#12685,.T.);
#12687=ORIENTED_EDGE('',*,*,#12686,.T.);
#12688=ORIENTED_EDGE('',*,*,#11429,.F.);
#12689=CARTESIAN_POINT('',(1.5,14.25,1.11));
#12690=DIRECTION('',(-0.,1.,-0.));
#12691=DIRECTION('',(0.,0.,-1.));
#12692=AXIS2_PLACEMENT_3D('',#12689,#12690,#12691);
#12693=CIRCLE('',#12692,0.05);
#12694=EDGE_CURVE('',#11416,#11525,#12693,.T.);
#12695=ORIENTED_EDGE('',*,*,#12694,.T.);
#12696=ORIENTED_EDGE('',*,*,#11530,.F.);
#12697=EDGE_LOOP('',(#12687,#12688,#12695,#12696));
#12698=FACE_BOUND('',#12697,.T.);
#12699=ADVANCED_FACE('',(#12698),#12680,.T.);
#12700=CARTESIAN_POINT('',(1.5,14.75,1.11));
#12701=DIRECTION('',(0.,1.,0.));
#12702=DIRECTION('',(0.,-0.,1.));
#12703=AXIS2_PLACEMENT_3D('',#12700,#12701,#12702);
#12704=SPHERICAL_SURFACE('',#12703,0.05);
#12705=ORIENTED_EDGE('',*,*,#12686,.F.);
#12706=CARTESIAN_POINT('',(1.5,14.8,1.11));
#12707=VERTEX_POINT('',#12706);
#12708=CARTESIAN_POINT('',(1.5,14.75,1.11));
#12709=DIRECTION('',(1.,-0.,-0.));
#12710=DIRECTION('',(0.,0.,1.));
#12711=AXIS2_PLACEMENT_3D('',#12708,#12709,#12710);
#12712=CIRCLE('',#12711,0.05);
#12713=EDGE_CURVE('',#12707,#11523,#12712,.T.);
#12714=ORIENTED_EDGE('',*,*,#12713,.F.);
#12715=CARTESIAN_POINT('',(1.5,14.75,1.11));
#12716=DIRECTION('',(1.,-0.,-0.));
#12717=DIRECTION('',(0.,0.,1.));
#12718=AXIS2_PLACEMENT_3D('',#12715,#12716,#12717);
#12719=CIRCLE('',#12718,0.05);
#12720=EDGE_CURVE('',#11424,#12707,#12719,.T.);
#12721=ORIENTED_EDGE('',*,*,#12720,.F.);
#12722=EDGE_LOOP('',(#12705,#12714,#12721));
#12723=FACE_BOUND('',#12722,.T.);
#12724=ADVANCED_FACE('',(#12723),#12704,.T.);
#12725=CARTESIAN_POINT('',(1.45,14.75,1.11));
#12726=DIRECTION('',(-1.,0.,0.));
#12727=DIRECTION('',(0.,0.,1.));
#12728=AXIS2_PLACEMENT_3D('',#12725,#12726,#12727);
#12729=CYLINDRICAL_SURFACE('',#12728,0.05);
#12730=ORIENTED_EDGE('',*,*,#11435,.F.);
#12731=ORIENTED_EDGE('',*,*,#12720,.T.);
#12732=ORIENTED_EDGE('',*,*,#12713,.T.);
#12733=ORIENTED_EDGE('',*,*,#11544,.F.);
#12734=ORIENTED_EDGE('',*,*,#11479,.F.);
#12735=ORIENTED_EDGE('',*,*,#11169,.F.);
#12736=ORIENTED_EDGE('',*,*,#12136,.F.);
#12737=EDGE_LOOP('',(#12730,#12731,#12732,#12733,#12734,#12735,#12736));
#12738=FACE_BOUND('',#12737,.T.);
#12739=ADVANCED_FACE('',(#12738),#12729,.T.);
#12740=CARTESIAN_POINT('',(1.5,14.25,1.11));
#12741=DIRECTION('',(0.,1.,0.));
#12742=DIRECTION('',(0.,-0.,1.));
#12743=AXIS2_PLACEMENT_3D('',#12740,#12741,#12742);
#12744=SPHERICAL_SURFACE('',#12743,0.05);
#12745=ORIENTED_EDGE('',*,*,#12694,.F.);
#12746=CARTESIAN_POINT('',(1.5,14.2,1.11));
#12747=VERTEX_POINT('',#12746);
#12748=CARTESIAN_POINT('',(1.5,14.25,1.11));
#12749=DIRECTION('',(1.,-0.,-0.));
#12750=DIRECTION('',(0.,0.,1.));
#12751=AXIS2_PLACEMENT_3D('',#12748,#12749,#12750);
#12752=CIRCLE('',#12751,0.05);
#12753=EDGE_CURVE('',#12747,#11416,#12752,.T.);
#12754=ORIENTED_EDGE('',*,*,#12753,.F.);
#12755=CARTESIAN_POINT('',(1.5,14.25,1.11));
#12756=DIRECTION('',(1.,-0.,-0.));
#12757=DIRECTION('',(0.,0.,1.));
#12758=AXIS2_PLACEMENT_3D('',#12755,#12756,#12757);
#12759=CIRCLE('',#12758,0.05);
#12760=EDGE_CURVE('',#11525,#12747,#12759,.T.);
#12761=ORIENTED_EDGE('',*,*,#12760,.F.);
#12762=EDGE_LOOP('',(#12745,#12754,#12761));
#12763=FACE_BOUND('',#12762,.T.);
#12764=ADVANCED_FACE('',(#12763),#12744,.T.);
#12765=CARTESIAN_POINT('',(1.45,14.25,1.11));
#12766=DIRECTION('',(-1.,0.,0.));
#12767=DIRECTION('',(0.,0.,1.));
#12768=AXIS2_PLACEMENT_3D('',#12765,#12766,#12767);
#12769=CYLINDRICAL_SURFACE('',#12768,0.05);
#12770=ORIENTED_EDGE('',*,*,#11536,.F.);
#12771=ORIENTED_EDGE('',*,*,#12760,.T.);
#12772=ORIENTED_EDGE('',*,*,#12753,.T.);
#12773=ORIENTED_EDGE('',*,*,#11421,.F.);
#12774=ORIENTED_EDGE('',*,*,#11971,.F.);
#12775=ORIENTED_EDGE('',*,*,#11186,.F.);
#12776=ORIENTED_EDGE('',*,*,#11469,.F.);
#12777=EDGE_LOOP('',(#12770,#12771,#12772,#12773,#12774,#12775,#12776));
#12778=FACE_BOUND('',#12777,.T.);
#12779=ADVANCED_FACE('',(#12778),#12769,.T.);
#12780=CARTESIAN_POINT('',(4.55,14.5,0.85));
#12781=DIRECTION('',(0.,0.,-1.));
#12782=DIRECTION('',(-1.,0.,0.));
#12783=AXIS2_PLACEMENT_3D('',#12780,#12781,#12782);
#12784=TOROIDAL_SURFACE('',#12783,0.2,0.05);
#12785=CARTESIAN_POINT('',(4.35,14.5,0.85));
#12786=DIRECTION('',(-0.,1.,-0.));
#12787=DIRECTION('',(-1.,0.,0.));
#12788=AXIS2_PLACEMENT_3D('',#12785,#12786,#12787);
#12789=CIRCLE('',#12788,0.05);
#12790=EDGE_CURVE('',#10583,#10501,#12789,.T.);
#12791=ORIENTED_EDGE('',*,*,#12790,.T.);
#12792=ORIENTED_EDGE('',*,*,#10507,.F.);
#12793=CARTESIAN_POINT('',(4.5125,14.645236875,0.85));
#12794=VERTEX_POINT('',#12793);
#12795=CARTESIAN_POINT('',(4.5,14.693649167,0.85));
#12796=DIRECTION('',(0.968245837,0.25,0.));
#12797=DIRECTION('',(-0.25,0.968245837,0.));
#12798=AXIS2_PLACEMENT_3D('',#12795,#12796,#12797);
#12799=CIRCLE('',#12798,0.05);
#12800=EDGE_CURVE('',#12794,#10493,#12799,.T.);
#12801=ORIENTED_EDGE('',*,*,#12800,.F.);
#12802=CARTESIAN_POINT('',(4.5,14.693649167,0.85));
#12803=DIRECTION('',(-0.968245836,-0.250000001,0.));
#12804=DIRECTION('',(0.250000001,-0.968245836,0.));
#12805=AXIS2_PLACEMENT_3D('',#12802,#12803,#12804);
#12806=CIRCLE('',#12805,0.05);
#12807=EDGE_CURVE('',#12794,#10541,#12806,.T.);
#12808=ORIENTED_EDGE('',*,*,#12807,.T.);
#12809=ORIENTED_EDGE('',*,*,#10596,.F.);
#12810=EDGE_LOOP('',(#12791,#12792,#12801,#12808,#12809));
#12811=FACE_BOUND('',#12810,.T.);
#12812=ADVANCED_FACE('',(#12811),#12784,.T.);
#12813=OVER_RIDING_STYLED_ITEM('',(#10533),#12812,#10450);
#12814=CARTESIAN_POINT('',(4.5,14.306350833,0.85));
#12815=DIRECTION('',(-1.,0.,0.));
#12816=DIRECTION('',(0.,0.,1.));
#12817=AXIS2_PLACEMENT_3D('',#12814,#12815,#12816);
#12818=SPHERICAL_SURFACE('',#12817,0.05);
#12819=CARTESIAN_POINT('',(4.5125,14.354763125,0.85));
#12820=VERTEX_POINT('',#12819);
#12821=CARTESIAN_POINT('',(4.5,14.306350833,0.85));
#12822=DIRECTION('',(-0.968245836,0.25,-0.));
#12823=DIRECTION('',(0.25,0.968245836,0.));
#12824=AXIS2_PLACEMENT_3D('',#12821,#12822,#12823);
#12825=CIRCLE('',#12824,0.05);
#12826=EDGE_CURVE('',#10575,#12820,#12825,.T.);
#12827=ORIENTED_EDGE('',*,*,#12826,.F.);
#12828=CARTESIAN_POINT('',(4.55,14.306350833,0.85));
#12829=VERTEX_POINT('',#12828);
#12830=CARTESIAN_POINT('',(4.5,14.306350833,0.85));
#12831=DIRECTION('',(-0.,-1.,-0.));
#12832=DIRECTION('',(0.,-0.,1.));
#12833=AXIS2_PLACEMENT_3D('',#12830,#12831,#12832);
#12834=CIRCLE('',#12833,0.05);
#12835=EDGE_CURVE('',#12829,#10575,#12834,.T.);
#12836=ORIENTED_EDGE('',*,*,#12835,.F.);
#12837=CARTESIAN_POINT('',(4.5,14.306350833,0.85));
#12838=DIRECTION('',(-0.,-1.,-0.));
#12839=DIRECTION('',(0.,-0.,1.));
#12840=AXIS2_PLACEMENT_3D('',#12837,#12838,#12839);
#12841=CIRCLE('',#12840,0.05);
#12842=EDGE_CURVE('',#10510,#12829,#12841,.T.);
#12843=ORIENTED_EDGE('',*,*,#12842,.F.);
#12844=CARTESIAN_POINT('',(4.5,14.306350833,0.85));
#12845=DIRECTION('',(-0.968245836,0.250000001,-0.));
#12846=DIRECTION('',(0.250000001,0.968245836,0.));
#12847=AXIS2_PLACEMENT_3D('',#12844,#12845,#12846);
#12848=CIRCLE('',#12847,0.05);
#12849=EDGE_CURVE('',#12820,#10510,#12848,.T.);
#12850=ORIENTED_EDGE('',*,*,#12849,.F.);
#12851=EDGE_LOOP('',(#12827,#12836,#12843,#12850));
#12852=FACE_BOUND('',#12851,.T.);
#12853=ADVANCED_FACE('',(#12852),#12818,.T.);
#12854=OVER_RIDING_STYLED_ITEM('',(#10533),#12853,#10450);
#12855=CARTESIAN_POINT('',(4.5,14.65,0.85));
#12856=DIRECTION('',(0.,1.,0.));
#12857=DIRECTION('',(0.,-0.,1.));
#12858=AXIS2_PLACEMENT_3D('',#12855,#12856,#12857);
#12859=CYLINDRICAL_SURFACE('',#12858,0.05);
#12860=ORIENTED_EDGE('',*,*,#10580,.F.);
#12861=CARTESIAN_POINT('',(4.5,14.25,0.85));
#12862=DIRECTION('',(0.,1.,0.));
#12863=DIRECTION('',(0.,-0.,1.));
#12864=AXIS2_PLACEMENT_3D('',#12861,#12862,#12863);
#12865=CIRCLE('',#12864,0.05);
#12866=EDGE_CURVE('',#10567,#10457,#12865,.T.);
#12867=ORIENTED_EDGE('',*,*,#12866,.T.);
#12868=ORIENTED_EDGE('',*,*,#10522,.F.);
#12869=ORIENTED_EDGE('',*,*,#12842,.T.);
#12870=ORIENTED_EDGE('',*,*,#12835,.T.);
#12871=EDGE_LOOP('',(#12860,#12867,#12868,#12869,#12870));
#12872=FACE_BOUND('',#12871,.T.);
#12873=ADVANCED_FACE('',(#12872),#12859,.T.);
#12874=OVER_RIDING_STYLED_ITEM('',(#10533),#12873,#10450);
#12875=CARTESIAN_POINT('',(4.5,14.693649167,0.85));
#12876=DIRECTION('',(-1.,0.,0.));
#12877=DIRECTION('',(0.,0.,1.));
#12878=AXIS2_PLACEMENT_3D('',#12875,#12876,#12877);
#12879=SPHERICAL_SURFACE('',#12878,0.05);
#12880=CARTESIAN_POINT('',(4.55,14.693649167,0.85));
#12881=VERTEX_POINT('',#12880);
#12882=CARTESIAN_POINT('',(4.5,14.693649167,0.85));
#12883=DIRECTION('',(0.,1.,0.));
#12884=DIRECTION('',(0.,-0.,1.));
#12885=AXIS2_PLACEMENT_3D('',#12882,#12883,#12884);
#12886=CIRCLE('',#12885,0.05);
#12887=EDGE_CURVE('',#10541,#12881,#12886,.T.);
#12888=ORIENTED_EDGE('',*,*,#12887,.F.);
#12889=ORIENTED_EDGE('',*,*,#12807,.F.);
#12890=ORIENTED_EDGE('',*,*,#12800,.T.);
#12891=CARTESIAN_POINT('',(4.5,14.693649167,0.85));
#12892=DIRECTION('',(0.,1.,0.));
#12893=DIRECTION('',(0.,-0.,1.));
#12894=AXIS2_PLACEMENT_3D('',#12891,#12892,#12893);
#12895=CIRCLE('',#12894,0.05);
#12896=EDGE_CURVE('',#12881,#10493,#12895,.T.);
#12897=ORIENTED_EDGE('',*,*,#12896,.F.);
#12898=EDGE_LOOP('',(#12888,#12889,#12890,#12897));
#12899=FACE_BOUND('',#12898,.T.);
#12900=ADVANCED_FACE('',(#12899),#12879,.T.);
#12901=OVER_RIDING_STYLED_ITEM('',(#10533),#12900,#10450);
#12902=CARTESIAN_POINT('',(4.5,14.65,0.85));
#12903=DIRECTION('',(0.,1.,0.));
#12904=DIRECTION('',(0.,-0.,1.));
#12905=AXIS2_PLACEMENT_3D('',#12902,#12903,#12904);
#12906=CYLINDRICAL_SURFACE('',#12905,0.05);
#12907=ORIENTED_EDGE('',*,*,#12887,.T.);
#12908=ORIENTED_EDGE('',*,*,#12896,.T.);
#12909=ORIENTED_EDGE('',*,*,#10498,.F.);
#12910=CARTESIAN_POINT('',(4.5,14.75,0.85));
#12911=DIRECTION('',(-0.,-1.,-0.));
#12912=DIRECTION('',(0.,-0.,1.));
#12913=AXIS2_PLACEMENT_3D('',#12910,#12911,#12912);
#12914=CIRCLE('',#12913,0.05);
#12915=EDGE_CURVE('',#10485,#10543,#12914,.T.);
#12916=ORIENTED_EDGE('',*,*,#12915,.T.);
#12917=ORIENTED_EDGE('',*,*,#10548,.F.);
#12918=EDGE_LOOP('',(#12907,#12908,#12909,#12916,#12917));
#12919=FACE_BOUND('',#12918,.T.);
#12920=ADVANCED_FACE('',(#12919),#12906,.T.);
#12921=OVER_RIDING_STYLED_ITEM('',(#10533),#12920,#10450);
#12922=CARTESIAN_POINT('',(4.5,14.25,0.85));
#12923=DIRECTION('',(0.,1.,0.));
#12924=DIRECTION('',(0.,-0.,1.));
#12925=AXIS2_PLACEMENT_3D('',#12922,#12923,#12924);
#12926=SPHERICAL_SURFACE('',#12925,0.05);
#12927=ORIENTED_EDGE('',*,*,#12866,.F.);
#12928=CARTESIAN_POINT('',(4.5,14.2,0.85));
#12929=VERTEX_POINT('',#12928);
#12930=CARTESIAN_POINT('',(4.5,14.25,0.85));
#12931=DIRECTION('',(-1.,-0.,-0.));
#12932=DIRECTION('',(0.,0.,-1.));
#12933=AXIS2_PLACEMENT_3D('',#12930,#12931,#12932);
#12934=CIRCLE('',#12933,0.05);
#12935=EDGE_CURVE('',#12929,#10567,#12934,.T.);
#12936=ORIENTED_EDGE('',*,*,#12935,.F.);
#12937=CARTESIAN_POINT('',(4.5,14.25,0.85));
#12938=DIRECTION('',(-1.,-0.,-0.));
#12939=DIRECTION('',(0.,0.,-1.));
#12940=AXIS2_PLACEMENT_3D('',#12937,#12938,#12939);
#12941=CIRCLE('',#12940,0.05);
#12942=EDGE_CURVE('',#10457,#12929,#12941,.T.);
#12943=ORIENTED_EDGE('',*,*,#12942,.F.);
#12944=EDGE_LOOP('',(#12927,#12936,#12943));
#12945=FACE_BOUND('',#12944,.T.);
#12946=ADVANCED_FACE('',(#12945),#12926,.T.);
#12947=OVER_RIDING_STYLED_ITEM('',(#10533),#12946,#10450);
#12948=CARTESIAN_POINT('',(4.55,14.25,0.85));
#12949=DIRECTION('',(1.,0.,0.));
#12950=DIRECTION('',(0.,0.,-1.));
#12951=AXIS2_PLACEMENT_3D('',#12948,#12949,#12950);
#12952=CYLINDRICAL_SURFACE('',#12951,0.05);
#12953=ORIENTED_EDGE('',*,*,#12266,.F.);
#12954=ORIENTED_EDGE('',*,*,#10749,.F.);
#12955=CARTESIAN_POINT('',(3.519615242,14.2,0.85));
#12956=CARTESIAN_POINT('',(3.519615242,14.2,0.835672943));
#12957=CARTESIAN_POINT('',(3.515890964,14.206480182,0.822148517));
#12958=CARTESIAN_POINT('',(3.510269947,14.216040969,0.813301441));
#12959=CARTESIAN_POINT('',(3.50464893,14.225601755,0.804454366));
#12960=CARTESIAN_POINT('',(3.497350219,14.237824754,0.8));
#12961=CARTESIAN_POINT('',(3.489897949,14.25,0.8));
#12962=B_SPLINE_CURVE_WITH_KNOTS('',3,(#12955,#12956,#12957,#12958,#12959,#12960,#12961),.UNSPECIFIED.,.F.,.F.,(4,3,4),(0.,0.00004233,0.00008466),.UNSPECIFIED.);
#12963=EDGE_CURVE('',#10735,#10459,#12962,.T.);
#12964=ORIENTED_EDGE('',*,*,#12963,.T.);
#12965=ORIENTED_EDGE('',*,*,#10464,.F.);
#12966=ORIENTED_EDGE('',*,*,#12942,.T.);
#12967=ORIENTED_EDGE('',*,*,#12935,.T.);
#12968=ORIENTED_EDGE('',*,*,#10572,.F.);
#12969=EDGE_LOOP('',(#12953,#12954,#12964,#12965,#12966,#12967,#12968));
#12970=FACE_BOUND('',#12969,.T.);
#12971=ADVANCED_FACE('',(#12970),#12952,.T.);
#12972=OVER_RIDING_STYLED_ITEM('',(#10533),#12971,#10450);
#12973=CARTESIAN_POINT('',(4.5,14.75,0.85));
#12974=DIRECTION('',(0.,-1.,0.));
#12975=DIRECTION('',(0.,0.,-1.));
#12976=AXIS2_PLACEMENT_3D('',#12973,#12974,#12975);
#12977=SPHERICAL_SURFACE('',#12976,0.05);
#12978=CARTESIAN_POINT('',(4.5,14.8,0.85));
#12979=VERTEX_POINT('',#12978);
#12980=CARTESIAN_POINT('',(4.5,14.75,0.85));
#12981=DIRECTION('',(-1.,0.,0.));
#12982=DIRECTION('',(0.,0.,1.));
#12983=AXIS2_PLACEMENT_3D('',#12980,#12981,#12982);
#12984=CIRCLE('',#12983,0.05);
#12985=EDGE_CURVE('',#10543,#12979,#12984,.T.);
#12986=ORIENTED_EDGE('',*,*,#12985,.F.);
#12987=ORIENTED_EDGE('',*,*,#12915,.F.);
#12988=CARTESIAN_POINT('',(4.5,14.75,0.85));
#12989=DIRECTION('',(-1.,0.,0.));
#12990=DIRECTION('',(0.,0.,1.));
#12991=AXIS2_PLACEMENT_3D('',#12988,#12989,#12990);
#12992=CIRCLE('',#12991,0.05);
#12993=EDGE_CURVE('',#12979,#10485,#12992,.T.);
#12994=ORIENTED_EDGE('',*,*,#12993,.F.);
#12995=EDGE_LOOP('',(#12986,#12987,#12994));
#12996=FACE_BOUND('',#12995,.T.);
#12997=ADVANCED_FACE('',(#12996),#12977,.T.);
#12998=OVER_RIDING_STYLED_ITEM('',(#10533),#12997,#10450);
#12999=CARTESIAN_POINT('',(4.55,14.75,0.85));
#13000=DIRECTION('',(-1.,0.,0.));
#13001=DIRECTION('',(0.,0.,1.));
#13002=AXIS2_PLACEMENT_3D('',#12999,#13000,#13001);
#13003=CYLINDRICAL_SURFACE('',#13002,0.05);
#13004=ORIENTED_EDGE('',*,*,#12985,.T.);
#13005=ORIENTED_EDGE('',*,*,#12993,.T.);
#13006=ORIENTED_EDGE('',*,*,#10490,.F.);
#13007=CARTESIAN_POINT('',(3.489897949,14.75,0.8));
#13008=CARTESIAN_POINT('',(3.497346678,14.762177412,0.8));
#13009=CARTESIAN_POINT('',(3.50464893,14.774398245,0.804454366));
#13010=CARTESIAN_POINT('',(3.510269947,14.783959031,0.813301441));
#13011=CARTESIAN_POINT('',(3.515890964,14.793519818,0.822148517));
#13012=CARTESIAN_POINT('',(3.519615242,14.8,0.835672943));
#13013=CARTESIAN_POINT('',(3.519615242,14.8,0.85));
#13014=B_SPLINE_CURVE_WITH_KNOTS('',3,(#13007,#13008,#13009,#13010,#13011,#13012,#13013),.UNSPECIFIED.,.F.,.F.,(4,3,4),(0.,0.00004233,0.00008466),.UNSPECIFIED.);
#13015=EDGE_CURVE('',#10476,#10718,#13014,.T.);
#13016=ORIENTED_EDGE('',*,*,#13015,.T.);
#13017=ORIENTED_EDGE('',*,*,#10723,.F.);
#13018=ORIENTED_EDGE('',*,*,#12280,.F.);
#13019=ORIENTED_EDGE('',*,*,#10556,.F.);
#13020=EDGE_LOOP('',(#13004,#13005,#13006,#13016,#13017,#13018,#13019));
#13021=FACE_BOUND('',#13020,.T.);
#13022=ADVANCED_FACE('',(#13021),#13003,.T.);
#13023=OVER_RIDING_STYLED_ITEM('',(#10533),#13022,#10450);
#13024=CARTESIAN_POINT('',(3.,14.5,0.85));
#13025=DIRECTION('',(0.,0.,-1.));
#13026=DIRECTION('',(-1.,0.,0.));
#13027=AXIS2_PLACEMENT_3D('',#13024,#13025,#13026);
#13028=TOROIDAL_SURFACE('',#13027,0.55,0.05);
#13029=CARTESIAN_POINT('',(2.45,14.5,0.85));
#13030=DIRECTION('',(-0.,1.,-0.));
#13031=DIRECTION('',(-1.,0.,0.));
#13032=AXIS2_PLACEMENT_3D('',#13029,#13030,#13031);
#13033=CIRCLE('',#13032,0.05);
#13034=EDGE_CURVE('',#10467,#10726,#13033,.T.);
#13035=ORIENTED_EDGE('',*,*,#13034,.T.);
#13036=ORIENTED_EDGE('',*,*,#10732,.T.);
#13037=ORIENTED_EDGE('',*,*,#13015,.F.);
#13038=ORIENTED_EDGE('',*,*,#10482,.F.);
#13039=EDGE_LOOP('',(#13035,#13036,#13037,#13038));
#13040=FACE_BOUND('',#13039,.T.);
#13041=ADVANCED_FACE('',(#13040),#13028,.T.);
#13042=OVER_RIDING_STYLED_ITEM('',(#10533),#13041,#10450);
#13043=CARTESIAN_POINT('',(2.15,15.6,0.85));
#13044=DIRECTION('',(0.,1.,0.));
#13045=DIRECTION('',(0.,-0.,1.));
#13046=AXIS2_PLACEMENT_3D('',#13043,#13044,#13045);
#13047=SPHERICAL_SURFACE('',#13046,0.05);
#13048=ORIENTED_EDGE('',*,*,#10665,.F.);
#13049=ORIENTED_EDGE('',*,*,#12519,.F.);
#13050=CARTESIAN_POINT('',(2.15,15.6,0.85));
#13051=DIRECTION('',(1.,0.,0.));
#13052=DIRECTION('',(0.,0.,-1.));
#13053=AXIS2_PLACEMENT_3D('',#13050,#13051,#13052);
#13054=CIRCLE('',#13053,0.05);
#13055=EDGE_CURVE('',#10659,#11384,#13054,.T.);
#13056=ORIENTED_EDGE('',*,*,#13055,.F.);
#13057=EDGE_LOOP('',(#13048,#13049,#13056));
#13058=FACE_BOUND('',#13057,.T.);
#13059=ADVANCED_FACE('',(#13058),#13047,.T.);
#13060=OVER_RIDING_STYLED_ITEM('',(#11366),#13059,#10450);
#13061=CARTESIAN_POINT('',(2.1,15.6,0.85));
#13062=DIRECTION('',(1.,0.,0.));
#13063=DIRECTION('',(0.,0.,-1.));
#13064=AXIS2_PLACEMENT_3D('',#13061,#13062,#13063);
#13065=CYLINDRICAL_SURFACE('',#13064,0.05);
#13066=ORIENTED_EDGE('',*,*,#13055,.T.);
#13067=ORIENTED_EDGE('',*,*,#11389,.F.);
#13068=CARTESIAN_POINT('',(3.85,15.6,0.85));
#13069=DIRECTION('',(1.,0.,0.));
#13070=DIRECTION('',(0.,0.,-1.));
#13071=AXIS2_PLACEMENT_3D('',#13068,#13069,#13070);
#13072=CIRCLE('',#13071,0.05);
#13073=EDGE_CURVE('',#10668,#11376,#13072,.T.);
#13074=ORIENTED_EDGE('',*,*,#13073,.F.);
#13075=ORIENTED_EDGE('',*,*,#10673,.F.);
#13076=EDGE_LOOP('',(#13066,#13067,#13074,#13075));
#13077=FACE_BOUND('',#13076,.T.);
#13078=ADVANCED_FACE('',(#13077),#13065,.T.);
#13079=OVER_RIDING_STYLED_ITEM('',(#11366),#13078,#10450);
#13080=CARTESIAN_POINT('',(3.85,15.6,0.85));
#13081=DIRECTION('',(0.,1.,0.));
#13082=DIRECTION('',(0.,-0.,1.));
#13083=AXIS2_PLACEMENT_3D('',#13080,#13081,#13082);
#13084=SPHERICAL_SURFACE('',#13083,0.05);
#13085=ORIENTED_EDGE('',*,*,#13073,.T.);
#13086=ORIENTED_EDGE('',*,*,#12468,.F.);
#13087=ORIENTED_EDGE('',*,*,#10682,.F.);
#13088=EDGE_LOOP('',(#13085,#13086,#13087));
#13089=FACE_BOUND('',#13088,.T.);
#13090=ADVANCED_FACE('',(#13089),#13084,.T.);
#13091=OVER_RIDING_STYLED_ITEM('',(#11366),#13090,#10450);
#13092=CARTESIAN_POINT('',(3.85,13.4,0.85));
#13093=DIRECTION('',(0.,-1.,0.));
#13094=DIRECTION('',(1.,0.,0.));
#13095=AXIS2_PLACEMENT_3D('',#13092,#13093,#13094);
#13096=SPHERICAL_SURFACE('',#13095,0.05);
#13097=ORIENTED_EDGE('',*,*,#10791,.F.);
#13098=CARTESIAN_POINT('',(3.85,13.4,0.85));
#13099=DIRECTION('',(0.,-1.,0.));
#13100=DIRECTION('',(0.,0.,-1.));
#13101=AXIS2_PLACEMENT_3D('',#13098,#13099,#13100);
#13102=CIRCLE('',#13101,0.05);
#13103=EDGE_CURVE('',#11305,#10777,#13102,.T.);
#13104=ORIENTED_EDGE('',*,*,#13103,.F.);
#13105=CARTESIAN_POINT('',(3.85,13.4,0.85));
#13106=DIRECTION('',(-1.,0.,0.));
#13107=DIRECTION('',(0.,0.,1.));
#13108=AXIS2_PLACEMENT_3D('',#13105,#13106,#13107);
#13109=CIRCLE('',#13108,0.05);
#13110=EDGE_CURVE('',#10785,#11305,#13109,.T.);
#13111=ORIENTED_EDGE('',*,*,#13110,.F.);
#13112=EDGE_LOOP('',(#13097,#13104,#13111));
#13113=FACE_BOUND('',#13112,.T.);
#13114=ADVANCED_FACE('',(#13113),#13096,.T.);
#13115=OVER_RIDING_STYLED_ITEM('',(#11366),#13114,#10450);
#13116=CARTESIAN_POINT('',(3.9,13.4,0.85));
#13117=DIRECTION('',(-1.,0.,0.));
#13118=DIRECTION('',(0.,-1.,0.));
#13119=AXIS2_PLACEMENT_3D('',#13116,#13117,#13118);
#13120=CYLINDRICAL_SURFACE('',#13119,0.05);
#13121=ORIENTED_EDGE('',*,*,#13110,.T.);
#13122=ORIENTED_EDGE('',*,*,#11310,.F.);
#13123=CARTESIAN_POINT('',(2.15,13.4,0.85));
#13124=DIRECTION('',(-1.,0.,0.));
#13125=DIRECTION('',(0.,0.,1.));
#13126=AXIS2_PLACEMENT_3D('',#13123,#13124,#13125);
#13127=CIRCLE('',#13126,0.05);
#13128=EDGE_CURVE('',#10794,#11297,#13127,.T.);
#13129=ORIENTED_EDGE('',*,*,#13128,.F.);
#13130=ORIENTED_EDGE('',*,*,#10799,.F.);
#13131=EDGE_LOOP('',(#13121,#13122,#13129,#13130));
#13132=FACE_BOUND('',#13131,.T.);
#13133=ADVANCED_FACE('',(#13132),#13120,.T.);
#13134=OVER_RIDING_STYLED_ITEM('',(#11366),#13133,#10450);
#13135=CARTESIAN_POINT('',(2.15,13.4,0.85));
#13136=DIRECTION('',(0.,-1.,0.));
#13137=DIRECTION('',(1.,0.,0.));
#13138=AXIS2_PLACEMENT_3D('',#13135,#13136,#13137);
#13139=SPHERICAL_SURFACE('',#13138,0.05);
#13140=ORIENTED_EDGE('',*,*,#13128,.T.);
#13141=CARTESIAN_POINT('',(2.15,13.4,0.85));
#13142=DIRECTION('',(-0.,-1.,-0.));
#13143=DIRECTION('',(0.,-0.,1.));
#13144=AXIS2_PLACEMENT_3D('',#13141,#13142,#13143);
#13145=CIRCLE('',#13144,0.05);
#13146=EDGE_CURVE('',#10802,#11297,#13145,.T.);
#13147=ORIENTED_EDGE('',*,*,#13146,.F.);
#13148=ORIENTED_EDGE('',*,*,#10808,.F.);
#13149=EDGE_LOOP('',(#13140,#13147,#13148));
#13150=FACE_BOUND('',#13149,.T.);
#13151=ADVANCED_FACE('',(#13150),#13139,.T.);
#13152=OVER_RIDING_STYLED_ITEM('',(#11366),#13151,#10450);
#13153=CARTESIAN_POINT('',(3.,14.5,1.279377175));
#13154=DIRECTION('',(0.,0.,-1.));
#13155=DIRECTION('',(0.,1.,0.));
#13156=AXIS2_PLACEMENT_3D('',#13153,#13154,#13155);
#13157=TOROIDAL_SURFACE('',#13156,0.95,0.05);
#13158=CARTESIAN_POINT('',(3.,15.45,1.279377175));
#13159=DIRECTION('',(1.,-0.,-0.));
#13160=DIRECTION('',(0.,1.,0.));
#13161=AXIS2_PLACEMENT_3D('',#13158,#13159,#13160);
#13162=CIRCLE('',#13161,0.05);
#13163=EDGE_CURVE('',#11490,#11582,#13162,.T.);
#13164=ORIENTED_EDGE('',*,*,#13163,.T.);
#13165=ORIENTED_EDGE('',*,*,#11588,.F.);
#13166=ORIENTED_EDGE('',*,*,#11595,.F.);
#13167=ORIENTED_EDGE('',*,*,#13163,.F.);
#13168=ORIENTED_EDGE('',*,*,#11496,.F.);
#13169=ORIENTED_EDGE('',*,*,#11512,.F.);
#13170=ORIENTED_EDGE('',*,*,#11505,.F.);
#13171=EDGE_LOOP('',(#13164,#13165,#13166,#13167,#13168,#13169,#13170));
#13172=FACE_BOUND('',#13171,.T.);
#13173=ADVANCED_FACE('',(#13172),#13157,.T.);
#13174=OVER_RIDING_STYLED_ITEM('',(#11366),#13173,#10450);
#13175=CARTESIAN_POINT('',(3.,14.5,1.571233173));
#13176=DIRECTION('',(0.,0.,-1.));
#13177=DIRECTION('',(0.,1.,0.));
#13178=AXIS2_PLACEMENT_3D('',#13175,#13176,#13177);
#13179=TOROIDAL_SURFACE('',#13178,0.95,0.05);
#13180=CARTESIAN_POINT('',(3.,15.45,1.571233173));
#13181=DIRECTION('',(1.,-0.,-0.));
#13182=DIRECTION('',(0.,1.,0.));
#13183=AXIS2_PLACEMENT_3D('',#13180,#13181,#13182);
#13184=CIRCLE('',#13183,0.05);
#13185=EDGE_CURVE('',#11652,#11705,#13184,.T.);
#13186=ORIENTED_EDGE('',*,*,#13185,.T.);
#13187=ORIENTED_EDGE('',*,*,#11711,.F.);
#13188=ORIENTED_EDGE('',*,*,#11702,.F.);
#13189=ORIENTED_EDGE('',*,*,#11718,.F.);
#13190=ORIENTED_EDGE('',*,*,#13185,.F.);
#13191=ORIENTED_EDGE('',*,*,#11658,.F.);
#13192=ORIENTED_EDGE('',*,*,#11674,.F.);
#13193=ORIENTED_EDGE('',*,*,#11667,.F.);
#13194=EDGE_LOOP('',(#13186,#13187,#13188,#13189,#13190,#13191,#13192,#13193));
#13195=FACE_BOUND('',#13194,.T.);
#13196=ADVANCED_FACE('',(#13195),#13179,.T.);
#13197=CARTESIAN_POINT('',(3.,14.5,1.938196601));
#13198=DIRECTION('',(0.,0.,-1.));
#13199=DIRECTION('',(0.,1.,0.));
#13200=AXIS2_PLACEMENT_3D('',#13197,#13198,#13199);
#13201=TOROIDAL_SURFACE('',#13200,0.95,0.05);
#13202=CARTESIAN_POINT('',(3.,15.45,1.938196601));
#13203=DIRECTION('',(1.,-0.,-0.));
#13204=DIRECTION('',(0.,1.,0.));
#13205=AXIS2_PLACEMENT_3D('',#13202,#13203,#13204);
#13206=CIRCLE('',#13205,0.05);
#13207=EDGE_CURVE('',#11722,#11782,#13206,.T.);
#13208=ORIENTED_EDGE('',*,*,#13207,.T.);
#13209=ORIENTED_EDGE('',*,*,#11788,.F.);
#13210=ORIENTED_EDGE('',*,*,#11795,.F.);
#13211=ORIENTED_EDGE('',*,*,#13207,.F.);
#13212=ORIENTED_EDGE('',*,*,#11728,.F.);
#13213=ORIENTED_EDGE('',*,*,#11744,.F.);
#13214=ORIENTED_EDGE('',*,*,#11737,.F.);
#13215=EDGE_LOOP('',(#13208,#13209,#13210,#13211,#13212,#13213,#13214));
#13216=FACE_BOUND('',#13215,.T.);
#13217=ADVANCED_FACE('',(#13216),#13201,.T.);
#13218=OVER_RIDING_STYLED_ITEM('',(#11366),#13217,#10450);
#13219=CARTESIAN_POINT('',(3.,14.5,2.));
#13220=DIRECTION('',(0.,0.,1.));
#13221=DIRECTION('',(0.,-1.,0.));
#13222=AXIS2_PLACEMENT_3D('',#13219,#13220,#13221);
#13223=TOROIDAL_SURFACE('',#13222,0.919098301,0.05);
#13224=CARTESIAN_POINT('',(3.,13.580901699,2.));
#13225=DIRECTION('',(1.,-0.,-0.));
#13226=DIRECTION('',(0.,-1.,0.));
#13227=AXIS2_PLACEMENT_3D('',#13224,#13225,#13226);
#13228=CIRCLE('',#13227,0.05);
#13229=EDGE_CURVE('',#11808,#11765,#13228,.T.);
#13230=ORIENTED_EDGE('',*,*,#13229,.T.);
#13231=ORIENTED_EDGE('',*,*,#11771,.F.);
#13232=ORIENTED_EDGE('',*,*,#11778,.F.);
#13233=ORIENTED_EDGE('',*,*,#13229,.F.);
#13234=ORIENTED_EDGE('',*,*,#11814,.F.);
#13235=ORIENTED_EDGE('',*,*,#11821,.F.);
#13236=EDGE_LOOP('',(#13230,#13231,#13232,#13233,#13234,#13235));
#13237=FACE_BOUND('',#13236,.T.);
#13238=ADVANCED_FACE('',(#13237),#13223,.T.);
#13239=OVER_RIDING_STYLED_ITEM('',(#11366),#13238,#10450);
#13240=CARTESIAN_POINT('',(3.9,13.05,0.85));
#13241=DIRECTION('',(-1.,0.,0.));
#13242=DIRECTION('',(0.,-1.,0.));
#13243=AXIS2_PLACEMENT_3D('',#13240,#13241,#13242);
#13244=CYLINDRICAL_SURFACE('',#13243,0.05);
#13245=ORIENTED_EDGE('',*,*,#12302,.F.);
#13246=CARTESIAN_POINT('',(2.15,13.05,0.85));
#13247=DIRECTION('',(1.,-0.,-0.));
#13248=DIRECTION('',(0.,0.,1.));
#13249=AXIS2_PLACEMENT_3D('',#13246,#13247,#13248);
#13250=CIRCLE('',#13249,0.05);
#13251=EDGE_CURVE('',#12295,#11295,#13250,.T.);
#13252=ORIENTED_EDGE('',*,*,#13251,.T.);
#13253=ORIENTED_EDGE('',*,*,#11324,.F.);
#13254=CARTESIAN_POINT('',(3.85,13.05,0.85));
#13255=DIRECTION('',(-1.,0.,0.));
#13256=DIRECTION('',(0.,0.,1.));
#13257=AXIS2_PLACEMENT_3D('',#13254,#13255,#13256);
#13258=CIRCLE('',#13257,0.05);
#13259=EDGE_CURVE('',#11313,#12297,#13258,.T.);
#13260=ORIENTED_EDGE('',*,*,#13259,.T.);
#13261=EDGE_LOOP('',(#13245,#13252,#13253,#13260));
#13262=FACE_BOUND('',#13261,.T.);
#13263=ADVANCED_FACE('',(#13262),#13244,.T.);
#13264=CARTESIAN_POINT('',(2.15,13.05,0.85));
#13265=DIRECTION('',(-1.,0.,0.));
#13266=DIRECTION('',(0.,-1.,0.));
#13267=AXIS2_PLACEMENT_3D('',#13264,#13265,#13266);
#13268=SPHERICAL_SURFACE('',#13267,0.05);
#13269=ORIENTED_EDGE('',*,*,#12334,.F.);
#13270=CARTESIAN_POINT('',(2.15,13.05,0.85));
#13271=DIRECTION('',(0.,1.,0.));
#13272=DIRECTION('',(0.,-0.,1.));
#13273=AXIS2_PLACEMENT_3D('',#13270,#13271,#13272);
#13274=CIRCLE('',#13273,0.05);
#13275=EDGE_CURVE('',#11295,#12328,#13274,.T.);
#13276=ORIENTED_EDGE('',*,*,#13275,.F.);
#13277=ORIENTED_EDGE('',*,*,#13251,.F.);
#13278=EDGE_LOOP('',(#13269,#13276,#13277));
#13279=FACE_BOUND('',#13278,.T.);
#13280=ADVANCED_FACE('',(#13279),#13268,.T.);
#13281=CARTESIAN_POINT('',(2.15,13.45,0.85));
#13282=DIRECTION('',(0.,1.,0.));
#13283=DIRECTION('',(-1.,0.,0.));
#13284=AXIS2_PLACEMENT_3D('',#13281,#13282,#13283);
#13285=CYLINDRICAL_SURFACE('',#13284,0.05);
#13286=ORIENTED_EDGE('',*,*,#12356,.F.);
#13287=ORIENTED_EDGE('',*,*,#12173,.F.);
#13288=ORIENTED_EDGE('',*,*,#10814,.T.);
#13289=ORIENTED_EDGE('',*,*,#13146,.T.);
#13290=ORIENTED_EDGE('',*,*,#11302,.F.);
#13291=ORIENTED_EDGE('',*,*,#13275,.T.);
#13292=EDGE_LOOP('',(#13286,#13287,#13288,#13289,#13290,#13291));
#13293=FACE_BOUND('',#13292,.T.);
#13294=ADVANCED_FACE('',(#13293),#13285,.T.);
#13295=CARTESIAN_POINT('',(3.85,13.05,0.85));
#13296=DIRECTION('',(-1.,0.,0.));
#13297=DIRECTION('',(0.,-1.,0.));
#13298=AXIS2_PLACEMENT_3D('',#13295,#13296,#13297);
#13299=SPHERICAL_SURFACE('',#13298,0.05);
#13300=ORIENTED_EDGE('',*,*,#12376,.F.);
#13301=ORIENTED_EDGE('',*,*,#13259,.F.);
#13302=CARTESIAN_POINT('',(3.85,13.05,0.85));
#13303=DIRECTION('',(-0.,1.,-0.));
#13304=DIRECTION('',(0.,0.,-1.));
#13305=AXIS2_PLACEMENT_3D('',#13302,#13303,#13304);
#13306=CIRCLE('',#13305,0.05);
#13307=EDGE_CURVE('',#12370,#11313,#13306,.T.);
#13308=ORIENTED_EDGE('',*,*,#13307,.F.);
#13309=EDGE_LOOP('',(#13300,#13301,#13308));
#13310=FACE_BOUND('',#13309,.T.);
#13311=ADVANCED_FACE('',(#13310),#13299,.T.);
#13312=CARTESIAN_POINT('',(3.85,13.45,0.85));
#13313=DIRECTION('',(0.,-1.,0.));
#13314=DIRECTION('',(1.,0.,0.));
#13315=AXIS2_PLACEMENT_3D('',#13312,#13313,#13314);
#13316=CYLINDRICAL_SURFACE('',#13315,0.05);
#13317=ORIENTED_EDGE('',*,*,#12398,.F.);
#13318=ORIENTED_EDGE('',*,*,#13307,.T.);
#13319=ORIENTED_EDGE('',*,*,#11318,.F.);
#13320=ORIENTED_EDGE('',*,*,#13103,.T.);
#13321=ORIENTED_EDGE('',*,*,#10782,.F.);
#13322=ORIENTED_EDGE('',*,*,#12215,.F.);
#13323=EDGE_LOOP('',(#13317,#13318,#13319,#13320,#13321,#13322));
#13324=FACE_BOUND('',#13323,.T.);
#13325=ADVANCED_FACE('',(#13324),#13316,.T.);
#13326=CARTESIAN_POINT('',(4.55,14.5,0.85));
#13327=DIRECTION('',(0.,0.,-1.));
#13328=DIRECTION('',(-1.,0.,0.));
#13329=AXIS2_PLACEMENT_3D('',#13326,#13327,#13328);
#13330=TOROIDAL_SURFACE('',#13329,0.2,0.05);
#13331=ORIENTED_EDGE('',*,*,#12790,.F.);
#13332=ORIENTED_EDGE('',*,*,#10589,.F.);
#13333=ORIENTED_EDGE('',*,*,#12826,.T.);
#13334=ORIENTED_EDGE('',*,*,#12849,.T.);
#13335=ORIENTED_EDGE('',*,*,#10516,.F.);
#13336=EDGE_LOOP('',(#13331,#13332,#13333,#13334,#13335));
#13337=FACE_BOUND('',#13336,.T.);
#13338=ADVANCED_FACE('',(#13337),#13330,.T.);
#13339=OVER_RIDING_STYLED_ITEM('',(#10533),#13338,#10450);
#13340=CARTESIAN_POINT('',(3.,14.5,0.85));
#13341=DIRECTION('',(0.,0.,-1.));
#13342=DIRECTION('',(-1.,0.,0.));
#13343=AXIS2_PLACEMENT_3D('',#13340,#13341,#13342);
#13344=TOROIDAL_SURFACE('',#13343,0.55,0.05);
#13345=ORIENTED_EDGE('',*,*,#13034,.F.);
#13346=ORIENTED_EDGE('',*,*,#10473,.F.);
#13347=ORIENTED_EDGE('',*,*,#12963,.F.);
#13348=ORIENTED_EDGE('',*,*,#10741,.T.);
#13349=EDGE_LOOP('',(#13345,#13346,#13347,#13348));
#13350=FACE_BOUND('',#13349,.T.);
#13351=ADVANCED_FACE('',(#13350),#13344,.T.);
#13352=OVER_RIDING_STYLED_ITEM('',(#10533),#13351,#10450);
#13353=CLOSED_SHELL('',(#10526,#10600,#10818,#10866,#10907,#10932,#10968,#11018,#11052,#11100,#11137,#11247,#11288,#11328,#11359,#11407,#11439,#11516,#11548,#11599,#11634,#11678,#11748,#11799,#11845,#11888,
#11908,#11934,#11953,#11983,#12002,#12021,#12040,#12059,#12078,#12097,#12116,#12141,#12227,#12246,#12287,#12321,#12346,#12363,#12388,#12405,#12429,#12455,#12477,#12503,#12534,
#12553,#12572,#12591,#12610,#12654,#12675,#12699,#12724,#12739,#12764,#12779,#12812,#12853,#12873,#12900,#12920,#12946,#12971,#12997,#13022,#13041,#13059,#13078,#13090,#13114,
#13133,#13151,#13173,#13196,#13217,#13238,#13263,#13280,#13294,#13311,#13325,#13338,#13351));
#13354=MANIFOLD_SOLID_BREP('Imported 01',#13353);
#13355=COLOUR_RGB('',1.,0.996078432,0.);
#13356=FILL_AREA_STYLE_COLOUR('',#13355);
#13357=FILL_AREA_STYLE('',(#13356));
#13358=SURFACE_STYLE_FILL_AREA(#13357);
#13359=SURFACE_SIDE_STYLE('',(#13358));
#13360=SURFACE_STYLE_USAGE(.BOTH.,#13359);
#13361=PRESENTATION_STYLE_ASSIGNMENT((#13360));
#10450=STYLED_ITEM('',(#13361),#13354);
#10431=SHAPE_REPRESENTATION('Fusion',(#15),#10429);
#10432=ADVANCED_BREP_SHAPE_REPRESENTATION('Fusion',(#13354),#10429);
#13369=SHAPE_REPRESENTATION_RELATIONSHIP('','',#10431,#10432);
#13370=CARTESIAN_POINT('',(0.,0.,0.));
#13371=DIRECTION('',(0.,0.,1.));
#13372=DIRECTION('',(1.,0.,0.));
#13373=AXIS2_PLACEMENT_3D('',#13370,#13371,#13372);
#13375=MAPPED_ITEM('',#13374,#13373);
#13374=REPRESENTATION_MAP(#13373,#10431);
#10439=PRODUCT('Fusion','Fusion','',(#10361));
#13376=PRODUCT_RELATED_PRODUCT_CATEGORY('part','',(#10439));
#13377=PRODUCT_DEFINITION_FORMATION_WITH_SPECIFIED_SOURCE('','',#10439,.NOT_KNOWN.);
#10440=PRODUCT_DEFINITION('design','',#13377,#10362);
#10438=PRODUCT_DEFINITION_SHAPE('','',#10440);
#13378=SHAPE_DEFINITION_REPRESENTATION(#10438,#10431);
#10430=DRAUGHTING_MODEL('',(#13375),#10429);
#10403=SHAPE_REPRESENTATION('ipex_pcb.step',(#15,#10444),#10401);
#13379=CARTESIAN_POINT('',(0.,0.,0.));
#13380=DIRECTION('',(0.,0.,1.));
#13381=DIRECTION('',(1.,0.,0.));
#13382=AXIS2_PLACEMENT_3D('',#13379,#13380,#13381);
#13384=MAPPED_ITEM('',#13383,#13382);
#13383=REPRESENTATION_MAP(#13382,#10403);
#10411=PRODUCT('ipex_pcb.step','ipex_pcb.step','',(#10361));
#13385=PRODUCT_RELATED_PRODUCT_CATEGORY('part','',(#10411));
#13386=PRODUCT_DEFINITION_FORMATION_WITH_SPECIFIED_SOURCE('','',#10411,.NOT_KNOWN.);
#10412=PRODUCT_DEFINITION('design','',#13386,#10362);
#10410=PRODUCT_DEFINITION_SHAPE('','',#10412);
#13387=SHAPE_DEFINITION_REPRESENTATION(#10410,#10403);
#10402=DRAUGHTING_MODEL('',(#13384),#10401);
#10375=SHAPE_REPRESENTATION('IPEX 2mm.step',(#15,#10416),#10373);
#13388=CARTESIAN_POINT('',(0.,0.,0.));
#13389=DIRECTION('',(0.,0.,1.));
#13390=DIRECTION('',(1.,0.,0.));
#13391=AXIS2_PLACEMENT_3D('',#13388,#13389,#13390);
#13393=MAPPED_ITEM('',#13392,#13391);
#13392=REPRESENTATION_MAP(#13391,#10375);
#10383=PRODUCT('IPEX 2mm.step','IPEX 2mm.step','',(#10361));
#13394=PRODUCT_RELATED_PRODUCT_CATEGORY('part','',(#10383));
#13395=PRODUCT_DEFINITION_FORMATION_WITH_SPECIFIED_SOURCE('','',#10383,.NOT_KNOWN.);
#10384=PRODUCT_DEFINITION('design','',#13395,#10362);
#10382=PRODUCT_DEFINITION_SHAPE('','',#10384);
#13396=SHAPE_DEFINITION_REPRESENTATION(#10382,#10375);
#10374=DRAUGHTING_MODEL('',(#13393),#10373);
#13397=(NAMED_UNIT(*)PLANE_ANGLE_UNIT()SI_UNIT($,.RADIAN.));
#13398=PLANE_ANGLE_MEASURE_WITH_UNIT(PLANE_ANGLE_MEASURE(0.0174532925),#13397);
#13399=(CONVERSION_BASED_UNIT('DEGREE',#13398)NAMED_UNIT(#13400)PLANE_ANGLE_UNIT());
#13400=DIMENSIONAL_EXPONENTS(0.,0.,0.,0.,0.,0.,0.);
#13401=(NAMED_UNIT(*)SI_UNIT($,.STERADIAN.)SOLID_ANGLE_UNIT());
#13402=(LENGTH_UNIT()NAMED_UNIT(*)SI_UNIT(.MILLI.,.METRE.));
#13403=UNCERTAINTY_MEASURE_WITH_UNIT(LENGTH_MEASURE(1.000000E-05),#13402,'DISTANCE_ACCURACY_VALUE','Maximum Tolerance applied to model');
#13404=(GEOMETRIC_REPRESENTATION_CONTEXT(3)GLOBAL_UNCERTAINTY_ASSIGNED_CONTEXT((#13403))GLOBAL_UNIT_ASSIGNED_CONTEXT((#13402,#13399,#13401))REPRESENTATION_CONTEXT('','PADs'));
#13416=CARTESIAN_POINT('',(0.,0.,0.));
#13417=DIRECTION('',(0.,0.,1.));
#13418=DIRECTION('',(1.,0.,-0.));
#13419=AXIS2_PLACEMENT_3D('',#13416,#13417,#13418);
#13420=ITEM_DEFINED_TRANSFORMATION('','',#13419,#15);
#13421=(REPRESENTATION_RELATIONSHIP('','',#13406,#16)REPRESENTATION_RELATIONSHIP_WITH_TRANSFORMATION(#13420)SHAPE_REPRESENTATION_RELATIONSHIP());
#13422=NEXT_ASSEMBLY_USAGE_OCCURRENCE('PADs_5','PADs','PADs',#25,#13415,$);
#13423=PRODUCT_DEFINITION_SHAPE('','',#13422);
#13424=CONTEXT_DEPENDENT_SHAPE_REPRESENTATION(#13421,#13423);
#13426=CARTESIAN_POINT('',(16.,5.5,0.81));
#13427=DIRECTION('',(0.,0.,-1.));
#13428=DIRECTION('',(-1.,0.,0.));
#13429=AXIS2_PLACEMENT_3D('',#13426,#13427,#13428);
#13430=CYLINDRICAL_SURFACE('',#13429,0.3);
#13431=CARTESIAN_POINT('',(15.7,5.5,-0.01));
#13432=VERTEX_POINT('',#13431);
#13433=CARTESIAN_POINT('',(15.7,5.5,0.81));
#13434=VERTEX_POINT('',#13433);
#13435=CARTESIAN_POINT('',(15.7,5.5,-0.01));
#13436=DIRECTION('',(-0.,-0.,1.));
#13437=VECTOR('',#13436,0.82);
#13438=LINE('',#13435,#13437);
#13439=EDGE_CURVE('',#13432,#13434,#13438,.T.);
#13440=ORIENTED_EDGE('',*,*,#13439,.F.);
#13441=CARTESIAN_POINT('',(16.,5.8,-0.01));
#13442=VERTEX_POINT('',#13441);
#13443=CARTESIAN_POINT('',(16.,5.5,-0.01));
#13444=DIRECTION('',(0.,0.,1.));
#13445=DIRECTION('',(1.,0.,-0.));
#13446=AXIS2_PLACEMENT_3D('',#13443,#13444,#13445);
#13447=CIRCLE('',#13446,0.3);
#13448=EDGE_CURVE('',#13442,#13432,#13447,.T.);
#13449=ORIENTED_EDGE('',*,*,#13448,.F.);
#13450=CARTESIAN_POINT('',(16.,5.8,0.81));
#13451=VERTEX_POINT('',#13450);
#13452=CARTESIAN_POINT('',(16.,5.8,0.81));
#13453=DIRECTION('',(0.,0.,-1.));
#13454=VECTOR('',#13453,0.82);
#13455=LINE('',#13452,#13454);
#13456=EDGE_CURVE('',#13451,#13442,#13455,.T.);
#13457=ORIENTED_EDGE('',*,*,#13456,.F.);
#13458=CARTESIAN_POINT('',(16.,5.5,0.81));
#13459=DIRECTION('',(0.,0.,1.));
#13460=DIRECTION('',(1.,0.,-0.));
#13461=AXIS2_PLACEMENT_3D('',#13458,#13459,#13460);
#13462=CIRCLE('',#13461,0.3);
#13463=EDGE_CURVE('',#13451,#13434,#13462,.T.);
#13464=ORIENTED_EDGE('',*,*,#13463,.T.);
#13465=EDGE_LOOP('',(#13440,#13449,#13457,#13464));
#13466=FACE_BOUND('',#13465,.T.);
#13467=ADVANCED_FACE('',(#13466),#13430,.F.);
#13468=CARTESIAN_POINT('',(16.,5.9,0.81));
#13469=DIRECTION('',(-1.,0.,0.));
#13470=DIRECTION('',(0.,0.,1.));
#13471=AXIS2_PLACEMENT_3D('',#13468,#13469,#13470);
#13472=PLANE('',#13471);
#13473=CARTESIAN_POINT('',(16.,6.,-0.01));
#13474=VERTEX_POINT('',#13473);
#13475=CARTESIAN_POINT('',(16.,5.8,-0.01));
#13476=DIRECTION('',(0.,1.,0.));
#13477=VECTOR('',#13476,0.2);
#13478=LINE('',#13475,#13477);
#13479=EDGE_CURVE('',#13442,#13474,#13478,.T.);
#13480=ORIENTED_EDGE('',*,*,#13479,.T.);
#13481=CARTESIAN_POINT('',(16.,6.,0.81));
#13482=VERTEX_POINT('',#13481);
#13483=CARTESIAN_POINT('',(16.,6.,0.81));
#13484=DIRECTION('',(0.,0.,-1.));
#13485=VECTOR('',#13484,0.82);
#13486=LINE('',#13483,#13485);
#13487=EDGE_CURVE('',#13482,#13474,#13486,.T.);
#13488=ORIENTED_EDGE('',*,*,#13487,.F.);
#13489=CARTESIAN_POINT('',(16.,5.8,0.81));
#13490=DIRECTION('',(0.,1.,0.));
#13491=VECTOR('',#13490,0.2);
#13492=LINE('',#13489,#13491);
#13493=EDGE_CURVE('',#13451,#13482,#13492,.T.);
#13494=ORIENTED_EDGE('',*,*,#13493,.F.);
#13495=ORIENTED_EDGE('',*,*,#13456,.T.);
#13496=EDGE_LOOP('',(#13480,#13488,#13494,#13495));
#13497=FACE_BOUND('',#13496,.T.);
#13498=ADVANCED_FACE('',(#13497),#13472,.F.);
#13499=CARTESIAN_POINT('',(15.5,6.,0.81));
#13500=DIRECTION('',(0.,-1.,0.));
#13501=DIRECTION('',(0.,0.,-1.));
#13502=AXIS2_PLACEMENT_3D('',#13499,#13500,#13501);
#13503=PLANE('',#13502);
#13504=CARTESIAN_POINT('',(15.,6.,-0.01));
#13505=VERTEX_POINT('',#13504);
#13506=CARTESIAN_POINT('',(16.,6.,-0.01));
#13507=DIRECTION('',(-1.,0.,0.));
#13508=VECTOR('',#13507,1.);
#13509=LINE('',#13506,#13508);
#13510=EDGE_CURVE('',#13474,#13505,#13509,.T.);
#13511=ORIENTED_EDGE('',*,*,#13510,.T.);
#13512=CARTESIAN_POINT('',(15.,6.,0.81));
#13513=VERTEX_POINT('',#13512);
#13514=CARTESIAN_POINT('',(15.,6.,0.81));
#13515=DIRECTION('',(0.,0.,-1.));
#13516=VECTOR('',#13515,0.82);
#13517=LINE('',#13514,#13516);
#13518=EDGE_CURVE('',#13513,#13505,#13517,.T.);
#13519=ORIENTED_EDGE('',*,*,#13518,.F.);
#13520=CARTESIAN_POINT('',(16.,6.,0.81));
#13521=DIRECTION('',(-1.,0.,0.));
#13522=VECTOR('',#13521,1.);
#13523=LINE('',#13520,#13522);
#13524=EDGE_CURVE('',#13482,#13513,#13523,.T.);
#13525=ORIENTED_EDGE('',*,*,#13524,.F.);
#13526=ORIENTED_EDGE('',*,*,#13487,.T.);
#13527=EDGE_LOOP('',(#13511,#13519,#13525,#13526));
#13528=FACE_BOUND('',#13527,.T.);
#13529=ADVANCED_FACE('',(#13528),#13503,.F.);
#13530=CARTESIAN_POINT('',(15.,5.5,0.81));
#13531=DIRECTION('',(1.,0.,0.));
#13532=DIRECTION('',(0.,0.,-1.));
#13533=AXIS2_PLACEMENT_3D('',#13530,#13531,#13532);
#13534=PLANE('',#13533);
#13535=CARTESIAN_POINT('',(15.,5.,-0.01));
#13536=VERTEX_POINT('',#13535);
#13537=CARTESIAN_POINT('',(15.,6.,-0.01));
#13538=DIRECTION('',(0.,-1.,0.));
#13539=VECTOR('',#13538,1.);
#13540=LINE('',#13537,#13539);
#13541=EDGE_CURVE('',#13505,#13536,#13540,.T.);
#13542=ORIENTED_EDGE('',*,*,#13541,.T.);
#13543=CARTESIAN_POINT('',(15.,5.,0.81));
#13544=VERTEX_POINT('',#13543);
#13545=CARTESIAN_POINT('',(15.,5.,0.81));
#13546=DIRECTION('',(0.,0.,-1.));
#13547=VECTOR('',#13546,0.82);
#13548=LINE('',#13545,#13547);
#13549=EDGE_CURVE('',#13544,#13536,#13548,.T.);
#13550=ORIENTED_EDGE('',*,*,#13549,.F.);
#13551=CARTESIAN_POINT('',(15.,6.,0.81));
#13552=DIRECTION('',(0.,-1.,0.));
#13553=VECTOR('',#13552,1.);
#13554=LINE('',#13551,#13553);
#13555=EDGE_CURVE('',#13513,#13544,#13554,.T.);
#13556=ORIENTED_EDGE('',*,*,#13555,.F.);
#13557=ORIENTED_EDGE('',*,*,#13518,.T.);
#13558=EDGE_LOOP('',(#13542,#13550,#13556,#13557));
#13559=FACE_BOUND('',#13558,.T.);
#13560=ADVANCED_FACE('',(#13559),#13534,.F.);
#13561=CARTESIAN_POINT('',(15.5,5.,0.81));
#13562=DIRECTION('',(0.,1.,0.));
#13563=DIRECTION('',(0.,0.,1.));
#13564=AXIS2_PLACEMENT_3D('',#13561,#13562,#13563);
#13565=PLANE('',#13564);
#13566=CARTESIAN_POINT('',(16.,5.,-0.01));
#13567=VERTEX_POINT('',#13566);
#13568=CARTESIAN_POINT('',(15.,5.,-0.01));
#13569=DIRECTION('',(1.,0.,-0.));
#13570=VECTOR('',#13569,1.);
#13571=LINE('',#13568,#13570);
#13572=EDGE_CURVE('',#13536,#13567,#13571,.T.);
#13573=ORIENTED_EDGE('',*,*,#13572,.T.);
#13574=CARTESIAN_POINT('',(16.,5.,0.81));
#13575=VERTEX_POINT('',#13574);
#13576=CARTESIAN_POINT('',(16.,5.,0.81));
#13577=DIRECTION('',(0.,0.,-1.));
#13578=VECTOR('',#13577,0.82);
#13579=LINE('',#13576,#13578);
#13580=EDGE_CURVE('',#13575,#13567,#13579,.T.);
#13581=ORIENTED_EDGE('',*,*,#13580,.F.);
#13582=CARTESIAN_POINT('',(15.,5.,0.81));
#13583=DIRECTION('',(1.,0.,-0.));
#13584=VECTOR('',#13583,1.);
#13585=LINE('',#13582,#13584);
#13586=EDGE_CURVE('',#13544,#13575,#13585,.T.);
#13587=ORIENTED_EDGE('',*,*,#13586,.F.);
#13588=ORIENTED_EDGE('',*,*,#13549,.T.);
#13589=EDGE_LOOP('',(#13573,#13581,#13587,#13588));
#13590=FACE_BOUND('',#13589,.T.);
#13591=ADVANCED_FACE('',(#13590),#13565,.F.);
#13592=CARTESIAN_POINT('',(16.,5.1,0.81));
#13593=DIRECTION('',(-1.,0.,0.));
#13594=DIRECTION('',(0.,0.,1.));
#13595=AXIS2_PLACEMENT_3D('',#13592,#13593,#13594);
#13596=PLANE('',#13595);
#13597=CARTESIAN_POINT('',(16.,5.2,-0.01));
#13598=VERTEX_POINT('',#13597);
#13599=CARTESIAN_POINT('',(16.,5.,-0.01));
#13600=DIRECTION('',(0.,1.,0.));
#13601=VECTOR('',#13600,0.2);
#13602=LINE('',#13599,#13601);
#13603=EDGE_CURVE('',#13567,#13598,#13602,.T.);
#13604=ORIENTED_EDGE('',*,*,#13603,.T.);
#13605=CARTESIAN_POINT('',(16.,5.2,0.81));
#13606=VERTEX_POINT('',#13605);
#13607=CARTESIAN_POINT('',(16.,5.2,0.81));
#13608=DIRECTION('',(0.,0.,-1.));
#13609=VECTOR('',#13608,0.82);
#13610=LINE('',#13607,#13609);
#13611=EDGE_CURVE('',#13606,#13598,#13610,.T.);
#13612=ORIENTED_EDGE('',*,*,#13611,.F.);
#13613=CARTESIAN_POINT('',(16.,5.,0.81));
#13614=DIRECTION('',(0.,1.,0.));
#13615=VECTOR('',#13614,0.2);
#13616=LINE('',#13613,#13615);
#13617=EDGE_CURVE('',#13575,#13606,#13616,.T.);
#13618=ORIENTED_EDGE('',*,*,#13617,.F.);
#13619=ORIENTED_EDGE('',*,*,#13580,.T.);
#13620=EDGE_LOOP('',(#13604,#13612,#13618,#13619));
#13621=FACE_BOUND('',#13620,.T.);
#13622=ADVANCED_FACE('',(#13621),#13596,.F.);
#13623=CARTESIAN_POINT('',(0.,0.,0.81));
#13624=DIRECTION('',(0.,0.,1.));
#13625=DIRECTION('',(1.,0.,0.));
#13626=AXIS2_PLACEMENT_3D('',#13623,#13624,#13625);
#13627=PLANE('',#13626);
#13628=CARTESIAN_POINT('',(16.,5.5,0.81));
#13629=DIRECTION('',(0.,0.,1.));
#13630=DIRECTION('',(1.,0.,-0.));
#13631=AXIS2_PLACEMENT_3D('',#13628,#13629,#13630);
#13632=CIRCLE('',#13631,0.3);
#13633=EDGE_CURVE('',#13434,#13606,#13632,.T.);
#13634=ORIENTED_EDGE('',*,*,#13633,.F.);
#13635=ORIENTED_EDGE('',*,*,#13463,.F.);
#13636=ORIENTED_EDGE('',*,*,#13493,.T.);
#13637=ORIENTED_EDGE('',*,*,#13524,.T.);
#13638=ORIENTED_EDGE('',*,*,#13555,.T.);
#13639=ORIENTED_EDGE('',*,*,#13586,.T.);
#13640=ORIENTED_EDGE('',*,*,#13617,.T.);
#13641=EDGE_LOOP('',(#13634,#13635,#13636,#13637,#13638,#13639,#13640));
#13642=FACE_BOUND('',#13641,.T.);
#13643=ADVANCED_FACE('',(#13642),#13627,.T.);
#13644=CARTESIAN_POINT('',(0.,0.,-0.01));
#13645=DIRECTION('',(0.,0.,1.));
#13646=DIRECTION('',(1.,0.,0.));
#13647=AXIS2_PLACEMENT_3D('',#13644,#13645,#13646);
#13648=PLANE('',#13647);
#13649=ORIENTED_EDGE('',*,*,#13448,.T.);
#13650=CARTESIAN_POINT('',(16.,5.5,-0.01));
#13651=DIRECTION('',(0.,0.,1.));
#13652=DIRECTION('',(1.,0.,-0.));
#13653=AXIS2_PLACEMENT_3D('',#13650,#13651,#13652);
#13654=CIRCLE('',#13653,0.3);
#13655=EDGE_CURVE('',#13432,#13598,#13654,.T.);
#13656=ORIENTED_EDGE('',*,*,#13655,.T.);
#13657=ORIENTED_EDGE('',*,*,#13603,.F.);
#13658=ORIENTED_EDGE('',*,*,#13572,.F.);
#13659=ORIENTED_EDGE('',*,*,#13541,.F.);
#13660=ORIENTED_EDGE('',*,*,#13510,.F.);
#13661=ORIENTED_EDGE('',*,*,#13479,.F.);
#13662=EDGE_LOOP('',(#13649,#13656,#13657,#13658,#13659,#13660,#13661));
#13663=FACE_BOUND('',#13662,.T.);
#13664=ADVANCED_FACE('',(#13663),#13648,.F.);
#13665=CARTESIAN_POINT('',(16.,5.5,0.81));
#13666=DIRECTION('',(0.,0.,-1.));
#13667=DIRECTION('',(-1.,0.,0.));
#13668=AXIS2_PLACEMENT_3D('',#13665,#13666,#13667);
#13669=CYLINDRICAL_SURFACE('',#13668,0.3);
#13670=ORIENTED_EDGE('',*,*,#13439,.T.);
#13671=ORIENTED_EDGE('',*,*,#13633,.T.);
#13672=ORIENTED_EDGE('',*,*,#13611,.T.);
#13673=ORIENTED_EDGE('',*,*,#13655,.F.);
#13674=EDGE_LOOP('',(#13670,#13671,#13672,#13673));
#13675=FACE_BOUND('',#13674,.T.);
#13676=ADVANCED_FACE('',(#13675),#13669,.F.);
#13677=CLOSED_SHELL('',(#13467,#13498,#13529,#13560,#13591,#13622,#13643,#13664,#13676));
#13678=MANIFOLD_SOLID_BREP('Body 16',#13677);
#13679=COLOUR_RGB('',1.,0.941176474,0.);
#13680=FILL_AREA_STYLE_COLOUR('',#13679);
#13681=FILL_AREA_STYLE('',(#13680));
#13682=SURFACE_STYLE_FILL_AREA(#13681);
#13683=SURFACE_SIDE_STYLE('',(#13682));
#13684=SURFACE_STYLE_USAGE(.BOTH.,#13683);
#13685=PRESENTATION_STYLE_ASSIGNMENT((#13684));
#13425=STYLED_ITEM('',(#13685),#13678);
#13687=CARTESIAN_POINT('',(16.,7.5,0.81));
#13688=DIRECTION('',(0.,0.,-1.));
#13689=DIRECTION('',(-1.,0.,0.));
#13690=AXIS2_PLACEMENT_3D('',#13687,#13688,#13689);
#13691=CYLINDRICAL_SURFACE('',#13690,0.3);
#13692=CARTESIAN_POINT('',(15.7,7.5,-0.01));
#13693=VERTEX_POINT('',#13692);
#13694=CARTESIAN_POINT('',(15.7,7.5,0.81));
#13695=VERTEX_POINT('',#13694);
#13696=CARTESIAN_POINT('',(15.7,7.5,-0.01));
#13697=DIRECTION('',(-0.,-0.,1.));
#13698=VECTOR('',#13697,0.82);
#13699=LINE('',#13696,#13698);
#13700=EDGE_CURVE('',#13693,#13695,#13699,.T.);
#13701=ORIENTED_EDGE('',*,*,#13700,.F.);
#13702=CARTESIAN_POINT('',(16.,7.8,-0.01));
#13703=VERTEX_POINT('',#13702);
#13704=CARTESIAN_POINT('',(16.,7.5,-0.01));
#13705=DIRECTION('',(0.,0.,1.));
#13706=DIRECTION('',(1.,0.,-0.));
#13707=AXIS2_PLACEMENT_3D('',#13704,#13705,#13706);
#13708=CIRCLE('',#13707,0.3);
#13709=EDGE_CURVE('',#13703,#13693,#13708,.T.);
#13710=ORIENTED_EDGE('',*,*,#13709,.F.);
#13711=CARTESIAN_POINT('',(16.,7.8,0.81));
#13712=VERTEX_POINT('',#13711);
#13713=CARTESIAN_POINT('',(16.,7.8,0.81));
#13714=DIRECTION('',(0.,0.,-1.));
#13715=VECTOR('',#13714,0.82);
#13716=LINE('',#13713,#13715);
#13717=EDGE_CURVE('',#13712,#13703,#13716,.T.);
#13718=ORIENTED_EDGE('',*,*,#13717,.F.);
#13719=CARTESIAN_POINT('',(16.,7.5,0.81));
#13720=DIRECTION('',(0.,0.,1.));
#13721=DIRECTION('',(1.,0.,-0.));
#13722=AXIS2_PLACEMENT_3D('',#13719,#13720,#13721);
#13723=CIRCLE('',#13722,0.3);
#13724=EDGE_CURVE('',#13712,#13695,#13723,.T.);
#13725=ORIENTED_EDGE('',*,*,#13724,.T.);
#13726=EDGE_LOOP('',(#13701,#13710,#13718,#13725));
#13727=FACE_BOUND('',#13726,.T.);
#13728=ADVANCED_FACE('',(#13727),#13691,.F.);
#13729=CARTESIAN_POINT('',(16.,7.9,0.81));
#13730=DIRECTION('',(-1.,0.,0.));
#13731=DIRECTION('',(0.,0.,1.));
#13732=AXIS2_PLACEMENT_3D('',#13729,#13730,#13731);
#13733=PLANE('',#13732);
#13734=CARTESIAN_POINT('',(16.,8.,-0.01));
#13735=VERTEX_POINT('',#13734);
#13736=CARTESIAN_POINT('',(16.,7.8,-0.01));
#13737=DIRECTION('',(0.,1.,0.));
#13738=VECTOR('',#13737,0.2);
#13739=LINE('',#13736,#13738);
#13740=EDGE_CURVE('',#13703,#13735,#13739,.T.);
#13741=ORIENTED_EDGE('',*,*,#13740,.T.);
#13742=CARTESIAN_POINT('',(16.,8.,0.81));
#13743=VERTEX_POINT('',#13742);
#13744=CARTESIAN_POINT('',(16.,8.,0.81));
#13745=DIRECTION('',(0.,0.,-1.));
#13746=VECTOR('',#13745,0.82);
#13747=LINE('',#13744,#13746);
#13748=EDGE_CURVE('',#13743,#13735,#13747,.T.);
#13749=ORIENTED_EDGE('',*,*,#13748,.F.);
#13750=CARTESIAN_POINT('',(16.,7.8,0.81));
#13751=DIRECTION('',(0.,1.,0.));
#13752=VECTOR('',#13751,0.2);
#13753=LINE('',#13750,#13752);
#13754=EDGE_CURVE('',#13712,#13743,#13753,.T.);
#13755=ORIENTED_EDGE('',*,*,#13754,.F.);
#13756=ORIENTED_EDGE('',*,*,#13717,.T.);
#13757=EDGE_LOOP('',(#13741,#13749,#13755,#13756));
#13758=FACE_BOUND('',#13757,.T.);
#13759=ADVANCED_FACE('',(#13758),#13733,.F.);
#13760=CARTESIAN_POINT('',(15.5,8.,0.81));
#13761=DIRECTION('',(0.,-1.,0.));
#13762=DIRECTION('',(0.,0.,-1.));
#13763=AXIS2_PLACEMENT_3D('',#13760,#13761,#13762);
#13764=PLANE('',#13763);
#13765=CARTESIAN_POINT('',(15.,8.,-0.01));
#13766=VERTEX_POINT('',#13765);
#13767=CARTESIAN_POINT('',(16.,8.,-0.01));
#13768=DIRECTION('',(-1.,0.,0.));
#13769=VECTOR('',#13768,1.);
#13770=LINE('',#13767,#13769);
#13771=EDGE_CURVE('',#13735,#13766,#13770,.T.);
#13772=ORIENTED_EDGE('',*,*,#13771,.T.);
#13773=CARTESIAN_POINT('',(15.,8.,0.81));
#13774=VERTEX_POINT('',#13773);
#13775=CARTESIAN_POINT('',(15.,8.,0.81));
#13776=DIRECTION('',(0.,0.,-1.));
#13777=VECTOR('',#13776,0.82);
#13778=LINE('',#13775,#13777);
#13779=EDGE_CURVE('',#13774,#13766,#13778,.T.);
#13780=ORIENTED_EDGE('',*,*,#13779,.F.);
#13781=CARTESIAN_POINT('',(16.,8.,0.81));
#13782=DIRECTION('',(-1.,0.,0.));
#13783=VECTOR('',#13782,1.);
#13784=LINE('',#13781,#13783);
#13785=EDGE_CURVE('',#13743,#13774,#13784,.T.);
#13786=ORIENTED_EDGE('',*,*,#13785,.F.);
#13787=ORIENTED_EDGE('',*,*,#13748,.T.);
#13788=EDGE_LOOP('',(#13772,#13780,#13786,#13787));
#13789=FACE_BOUND('',#13788,.T.);
#13790=ADVANCED_FACE('',(#13789),#13764,.F.);
#13791=CARTESIAN_POINT('',(15.,7.5,0.81));
#13792=DIRECTION('',(1.,0.,0.));
#13793=DIRECTION('',(0.,0.,-1.));
#13794=AXIS2_PLACEMENT_3D('',#13791,#13792,#13793);
#13795=PLANE('',#13794);
#13796=CARTESIAN_POINT('',(15.,7.,-0.01));
#13797=VERTEX_POINT('',#13796);
#13798=CARTESIAN_POINT('',(15.,8.,-0.01));
#13799=DIRECTION('',(0.,-1.,0.));
#13800=VECTOR('',#13799,1.);
#13801=LINE('',#13798,#13800);
#13802=EDGE_CURVE('',#13766,#13797,#13801,.T.);
#13803=ORIENTED_EDGE('',*,*,#13802,.T.);
#13804=CARTESIAN_POINT('',(15.,7.,0.81));
#13805=VERTEX_POINT('',#13804);
#13806=CARTESIAN_POINT('',(15.,7.,0.81));
#13807=DIRECTION('',(0.,0.,-1.));
#13808=VECTOR('',#13807,0.82);
#13809=LINE('',#13806,#13808);
#13810=EDGE_CURVE('',#13805,#13797,#13809,.T.);
#13811=ORIENTED_EDGE('',*,*,#13810,.F.);
#13812=CARTESIAN_POINT('',(15.,8.,0.81));
#13813=DIRECTION('',(0.,-1.,0.));
#13814=VECTOR('',#13813,1.);
#13815=LINE('',#13812,#13814);
#13816=EDGE_CURVE('',#13774,#13805,#13815,.T.);
#13817=ORIENTED_EDGE('',*,*,#13816,.F.);
#13818=ORIENTED_EDGE('',*,*,#13779,.T.);
#13819=EDGE_LOOP('',(#13803,#13811,#13817,#13818));
#13820=FACE_BOUND('',#13819,.T.);
#13821=ADVANCED_FACE('',(#13820),#13795,.F.);
#13822=CARTESIAN_POINT('',(15.5,7.,0.81));
#13823=DIRECTION('',(0.,1.,0.));
#13824=DIRECTION('',(0.,0.,1.));
#13825=AXIS2_PLACEMENT_3D('',#13822,#13823,#13824);
#13826=PLANE('',#13825);
#13827=CARTESIAN_POINT('',(16.,7.,-0.01));
#13828=VERTEX_POINT('',#13827);
#13829=CARTESIAN_POINT('',(15.,7.,-0.01));
#13830=DIRECTION('',(1.,0.,-0.));
#13831=VECTOR('',#13830,1.);
#13832=LINE('',#13829,#13831);
#13833=EDGE_CURVE('',#13797,#13828,#13832,.T.);
#13834=ORIENTED_EDGE('',*,*,#13833,.T.);
#13835=CARTESIAN_POINT('',(16.,7.,0.81));
#13836=VERTEX_POINT('',#13835);
#13837=CARTESIAN_POINT('',(16.,7.,0.81));
#13838=DIRECTION('',(0.,0.,-1.));
#13839=VECTOR('',#13838,0.82);
#13840=LINE('',#13837,#13839);
#13841=EDGE_CURVE('',#13836,#13828,#13840,.T.);
#13842=ORIENTED_EDGE('',*,*,#13841,.F.);
#13843=CARTESIAN_POINT('',(15.,7.,0.81));
#13844=DIRECTION('',(1.,0.,-0.));
#13845=VECTOR('',#13844,1.);
#13846=LINE('',#13843,#13845);
#13847=EDGE_CURVE('',#13805,#13836,#13846,.T.);
#13848=ORIENTED_EDGE('',*,*,#13847,.F.);
#13849=ORIENTED_EDGE('',*,*,#13810,.T.);
#13850=EDGE_LOOP('',(#13834,#13842,#13848,#13849));
#13851=FACE_BOUND('',#13850,.T.);
#13852=ADVANCED_FACE('',(#13851),#13826,.F.);
#13853=CARTESIAN_POINT('',(16.,7.1,0.81));
#13854=DIRECTION('',(-1.,0.,0.));
#13855=DIRECTION('',(0.,0.,1.));
#13856=AXIS2_PLACEMENT_3D('',#13853,#13854,#13855);
#13857=PLANE('',#13856);
#13858=CARTESIAN_POINT('',(16.,7.2,-0.01));
#13859=VERTEX_POINT('',#13858);
#13860=CARTESIAN_POINT('',(16.,7.,-0.01));
#13861=DIRECTION('',(0.,1.,0.));
#13862=VECTOR('',#13861,0.2);
#13863=LINE('',#13860,#13862);
#13864=EDGE_CURVE('',#13828,#13859,#13863,.T.);
#13865=ORIENTED_EDGE('',*,*,#13864,.T.);
#13866=CARTESIAN_POINT('',(16.,7.2,0.81));
#13867=VERTEX_POINT('',#13866);
#13868=CARTESIAN_POINT('',(16.,7.2,0.81));
#13869=DIRECTION('',(0.,0.,-1.));
#13870=VECTOR('',#13869,0.82);
#13871=LINE('',#13868,#13870);
#13872=EDGE_CURVE('',#13867,#13859,#13871,.T.);
#13873=ORIENTED_EDGE('',*,*,#13872,.F.);
#13874=CARTESIAN_POINT('',(16.,7.,0.81));
#13875=DIRECTION('',(0.,1.,0.));
#13876=VECTOR('',#13875,0.2);
#13877=LINE('',#13874,#13876);
#13878=EDGE_CURVE('',#13836,#13867,#13877,.T.);
#13879=ORIENTED_EDGE('',*,*,#13878,.F.);
#13880=ORIENTED_EDGE('',*,*,#13841,.T.);
#13881=EDGE_LOOP('',(#13865,#13873,#13879,#13880));
#13882=FACE_BOUND('',#13881,.T.);
#13883=ADVANCED_FACE('',(#13882),#13857,.F.);
#13884=CARTESIAN_POINT('',(0.,0.,0.81));
#13885=DIRECTION('',(0.,0.,1.));
#13886=DIRECTION('',(1.,0.,0.));
#13887=AXIS2_PLACEMENT_3D('',#13884,#13885,#13886);
#13888=PLANE('',#13887);
#13889=CARTESIAN_POINT('',(16.,7.5,0.81));
#13890=DIRECTION('',(0.,0.,1.));
#13891=DIRECTION('',(1.,0.,-0.));
#13892=AXIS2_PLACEMENT_3D('',#13889,#13890,#13891);
#13893=CIRCLE('',#13892,0.3);
#13894=EDGE_CURVE('',#13695,#13867,#13893,.T.);
#13895=ORIENTED_EDGE('',*,*,#13894,.F.);
#13896=ORIENTED_EDGE('',*,*,#13724,.F.);
#13897=ORIENTED_EDGE('',*,*,#13754,.T.);
#13898=ORIENTED_EDGE('',*,*,#13785,.T.);
#13899=ORIENTED_EDGE('',*,*,#13816,.T.);
#13900=ORIENTED_EDGE('',*,*,#13847,.T.);
#13901=ORIENTED_EDGE('',*,*,#13878,.T.);
#13902=EDGE_LOOP('',(#13895,#13896,#13897,#13898,#13899,#13900,#13901));
#13903=FACE_BOUND('',#13902,.T.);
#13904=ADVANCED_FACE('',(#13903),#13888,.T.);
#13905=CARTESIAN_POINT('',(0.,0.,-0.01));
#13906=DIRECTION('',(0.,0.,1.));
#13907=DIRECTION('',(1.,0.,0.));
#13908=AXIS2_PLACEMENT_3D('',#13905,#13906,#13907);
#13909=PLANE('',#13908);
#13910=ORIENTED_EDGE('',*,*,#13709,.T.);
#13911=CARTESIAN_POINT('',(16.,7.5,-0.01));
#13912=DIRECTION('',(0.,0.,1.));
#13913=DIRECTION('',(1.,0.,-0.));
#13914=AXIS2_PLACEMENT_3D('',#13911,#13912,#13913);
#13915=CIRCLE('',#13914,0.3);
#13916=EDGE_CURVE('',#13693,#13859,#13915,.T.);
#13917=ORIENTED_EDGE('',*,*,#13916,.T.);
#13918=ORIENTED_EDGE('',*,*,#13864,.F.);
#13919=ORIENTED_EDGE('',*,*,#13833,.F.);
#13920=ORIENTED_EDGE('',*,*,#13802,.F.);
#13921=ORIENTED_EDGE('',*,*,#13771,.F.);
#13922=ORIENTED_EDGE('',*,*,#13740,.F.);
#13923=EDGE_LOOP('',(#13910,#13917,#13918,#13919,#13920,#13921,#13922));
#13924=FACE_BOUND('',#13923,.T.);
#13925=ADVANCED_FACE('',(#13924),#13909,.F.);
#13926=CARTESIAN_POINT('',(16.,7.5,0.81));
#13927=DIRECTION('',(0.,0.,-1.));
#13928=DIRECTION('',(-1.,0.,0.));
#13929=AXIS2_PLACEMENT_3D('',#13926,#13927,#13928);
#13930=CYLINDRICAL_SURFACE('',#13929,0.3);
#13931=ORIENTED_EDGE('',*,*,#13700,.T.);
#13932=ORIENTED_EDGE('',*,*,#13894,.T.);
#13933=ORIENTED_EDGE('',*,*,#13872,.T.);
#13934=ORIENTED_EDGE('',*,*,#13916,.F.);
#13935=EDGE_LOOP('',(#13931,#13932,#13933,#13934));
#13936=FACE_BOUND('',#13935,.T.);
#13937=ADVANCED_FACE('',(#13936),#13930,.F.);
#13938=CLOSED_SHELL('',(#13728,#13759,#13790,#13821,#13852,#13883,#13904,#13925,#13937));
#13939=MANIFOLD_SOLID_BREP('Body 13',#13938);
#13686=STYLED_ITEM('',(#13685),#13939);
#13941=CARTESIAN_POINT('',(16.,15.5,0.81));
#13942=DIRECTION('',(0.,0.,-1.));
#13943=DIRECTION('',(-1.,0.,0.));
#13944=AXIS2_PLACEMENT_3D('',#13941,#13942,#13943);
#13945=CYLINDRICAL_SURFACE('',#13944,0.3);
#13946=CARTESIAN_POINT('',(15.7,15.5,-0.01));
#13947=VERTEX_POINT('',#13946);
#13948=CARTESIAN_POINT('',(15.7,15.5,0.81));
#13949=VERTEX_POINT('',#13948);
#13950=CARTESIAN_POINT('',(15.7,15.5,-0.01));
#13951=DIRECTION('',(-0.,-0.,1.));
#13952=VECTOR('',#13951,0.82);
#13953=LINE('',#13950,#13952);
#13954=EDGE_CURVE('',#13947,#13949,#13953,.T.);
#13955=ORIENTED_EDGE('',*,*,#13954,.F.);
#13956=CARTESIAN_POINT('',(16.,15.8,-0.01));
#13957=VERTEX_POINT('',#13956);
#13958=CARTESIAN_POINT('',(16.,15.5,-0.01));
#13959=DIRECTION('',(0.,0.,1.));
#13960=DIRECTION('',(1.,0.,-0.));
#13961=AXIS2_PLACEMENT_3D('',#13958,#13959,#13960);
#13962=CIRCLE('',#13961,0.3);
#13963=EDGE_CURVE('',#13957,#13947,#13962,.T.);
#13964=ORIENTED_EDGE('',*,*,#13963,.F.);
#13965=CARTESIAN_POINT('',(16.,15.8,0.81));
#13966=VERTEX_POINT('',#13965);
#13967=CARTESIAN_POINT('',(16.,15.8,0.81));
#13968=DIRECTION('',(0.,0.,-1.));
#13969=VECTOR('',#13968,0.82);
#13970=LINE('',#13967,#13969);
#13971=EDGE_CURVE('',#13966,#13957,#13970,.T.);
#13972=ORIENTED_EDGE('',*,*,#13971,.F.);
#13973=CARTESIAN_POINT('',(16.,15.5,0.81));
#13974=DIRECTION('',(0.,0.,1.));
#13975=DIRECTION('',(1.,0.,-0.));
#13976=AXIS2_PLACEMENT_3D('',#13973,#13974,#13975);
#13977=CIRCLE('',#13976,0.3);
#13978=EDGE_CURVE('',#13966,#13949,#13977,.T.);
#13979=ORIENTED_EDGE('',*,*,#13978,.T.);
#13980=EDGE_LOOP('',(#13955,#13964,#13972,#13979));
#13981=FACE_BOUND('',#13980,.T.);
#13982=ADVANCED_FACE('',(#13981),#13945,.F.);
#13983=CARTESIAN_POINT('',(16.,15.9,0.81));
#13984=DIRECTION('',(-1.,0.,0.));
#13985=DIRECTION('',(0.,0.,1.));
#13986=AXIS2_PLACEMENT_3D('',#13983,#13984,#13985);
#13987=PLANE('',#13986);
#13988=CARTESIAN_POINT('',(16.,16.,-0.01));
#13989=VERTEX_POINT('',#13988);
#13990=CARTESIAN_POINT('',(16.,15.8,-0.01));
#13991=DIRECTION('',(0.,1.,0.));
#13992=VECTOR('',#13991,0.2);
#13993=LINE('',#13990,#13992);
#13994=EDGE_CURVE('',#13957,#13989,#13993,.T.);
#13995=ORIENTED_EDGE('',*,*,#13994,.T.);
#13996=CARTESIAN_POINT('',(16.,16.,0.81));
#13997=VERTEX_POINT('',#13996);
#13998=CARTESIAN_POINT('',(16.,16.,0.81));
#13999=DIRECTION('',(0.,0.,-1.));
#14000=VECTOR('',#13999,0.82);
#14001=LINE('',#13998,#14000);
#14002=EDGE_CURVE('',#13997,#13989,#14001,.T.);
#14003=ORIENTED_EDGE('',*,*,#14002,.F.);
#14004=CARTESIAN_POINT('',(16.,15.8,0.81));
#14005=DIRECTION('',(0.,1.,0.));
#14006=VECTOR('',#14005,0.2);
#14007=LINE('',#14004,#14006);
#14008=EDGE_CURVE('',#13966,#13997,#14007,.T.);
#14009=ORIENTED_EDGE('',*,*,#14008,.F.);
#14010=ORIENTED_EDGE('',*,*,#13971,.T.);
#14011=EDGE_LOOP('',(#13995,#14003,#14009,#14010));
#14012=FACE_BOUND('',#14011,.T.);
#14013=ADVANCED_FACE('',(#14012),#13987,.F.);
#14014=CARTESIAN_POINT('',(15.5,16.,0.81));
#14015=DIRECTION('',(0.,-1.,0.));
#14016=DIRECTION('',(0.,0.,-1.));
#14017=AXIS2_PLACEMENT_3D('',#14014,#14015,#14016);
#14018=PLANE('',#14017);
#14019=CARTESIAN_POINT('',(15.,16.,-0.01));
#14020=VERTEX_POINT('',#14019);
#14021=CARTESIAN_POINT('',(16.,16.,-0.01));
#14022=DIRECTION('',(-1.,0.,0.));
#14023=VECTOR('',#14022,1.);
#14024=LINE('',#14021,#14023);
#14025=EDGE_CURVE('',#13989,#14020,#14024,.T.);
#14026=ORIENTED_EDGE('',*,*,#14025,.T.);
#14027=CARTESIAN_POINT('',(15.,16.,0.81));
#14028=VERTEX_POINT('',#14027);
#14029=CARTESIAN_POINT('',(15.,16.,0.81));
#14030=DIRECTION('',(0.,0.,-1.));
#14031=VECTOR('',#14030,0.82);
#14032=LINE('',#14029,#14031);
#14033=EDGE_CURVE('',#14028,#14020,#14032,.T.);
#14034=ORIENTED_EDGE('',*,*,#14033,.F.);
#14035=CARTESIAN_POINT('',(16.,16.,0.81));
#14036=DIRECTION('',(-1.,0.,0.));
#14037=VECTOR('',#14036,1.);
#14038=LINE('',#14035,#14037);
#14039=EDGE_CURVE('',#13997,#14028,#14038,.T.);
#14040=ORIENTED_EDGE('',*,*,#14039,.F.);
#14041=ORIENTED_EDGE('',*,*,#14002,.T.);
#14042=EDGE_LOOP('',(#14026,#14034,#14040,#14041));
#14043=FACE_BOUND('',#14042,.T.);
#14044=ADVANCED_FACE('',(#14043),#14018,.F.);
#14045=CARTESIAN_POINT('',(15.,15.5,0.81));
#14046=DIRECTION('',(1.,0.,0.));
#14047=DIRECTION('',(0.,0.,-1.));
#14048=AXIS2_PLACEMENT_3D('',#14045,#14046,#14047);
#14049=PLANE('',#14048);
#14050=CARTESIAN_POINT('',(15.,15.,-0.01));
#14051=VERTEX_POINT('',#14050);
#14052=CARTESIAN_POINT('',(15.,16.,-0.01));
#14053=DIRECTION('',(0.,-1.,0.));
#14054=VECTOR('',#14053,1.);
#14055=LINE('',#14052,#14054);
#14056=EDGE_CURVE('',#14020,#14051,#14055,.T.);
#14057=ORIENTED_EDGE('',*,*,#14056,.T.);
#14058=CARTESIAN_POINT('',(15.,15.,0.81));
#14059=VERTEX_POINT('',#14058);
#14060=CARTESIAN_POINT('',(15.,15.,0.81));
#14061=DIRECTION('',(0.,0.,-1.));
#14062=VECTOR('',#14061,0.82);
#14063=LINE('',#14060,#14062);
#14064=EDGE_CURVE('',#14059,#14051,#14063,.T.);
#14065=ORIENTED_EDGE('',*,*,#14064,.F.);
#14066=CARTESIAN_POINT('',(15.,16.,0.81));
#14067=DIRECTION('',(0.,-1.,0.));
#14068=VECTOR('',#14067,1.);
#14069=LINE('',#14066,#14068);
#14070=EDGE_CURVE('',#14028,#14059,#14069,.T.);
#14071=ORIENTED_EDGE('',*,*,#14070,.F.);
#14072=ORIENTED_EDGE('',*,*,#14033,.T.);
#14073=EDGE_LOOP('',(#14057,#14065,#14071,#14072));
#14074=FACE_BOUND('',#14073,.T.);
#14075=ADVANCED_FACE('',(#14074),#14049,.F.);
#14076=CARTESIAN_POINT('',(15.5,15.,0.81));
#14077=DIRECTION('',(0.,1.,0.));
#14078=DIRECTION('',(0.,0.,1.));
#14079=AXIS2_PLACEMENT_3D('',#14076,#14077,#14078);
#14080=PLANE('',#14079);
#14081=CARTESIAN_POINT('',(16.,15.,-0.01));
#14082=VERTEX_POINT('',#14081);
#14083=CARTESIAN_POINT('',(15.,15.,-0.01));
#14084=DIRECTION('',(1.,0.,-0.));
#14085=VECTOR('',#14084,1.);
#14086=LINE('',#14083,#14085);
#14087=EDGE_CURVE('',#14051,#14082,#14086,.T.);
#14088=ORIENTED_EDGE('',*,*,#14087,.T.);
#14089=CARTESIAN_POINT('',(16.,15.,0.81));
#14090=VERTEX_POINT('',#14089);
#14091=CARTESIAN_POINT('',(16.,15.,0.81));
#14092=DIRECTION('',(0.,0.,-1.));
#14093=VECTOR('',#14092,0.82);
#14094=LINE('',#14091,#14093);
#14095=EDGE_CURVE('',#14090,#14082,#14094,.T.);
#14096=ORIENTED_EDGE('',*,*,#14095,.F.);
#14097=CARTESIAN_POINT('',(15.,15.,0.81));
#14098=DIRECTION('',(1.,0.,-0.));
#14099=VECTOR('',#14098,1.);
#14100=LINE('',#14097,#14099);
#14101=EDGE_CURVE('',#14059,#14090,#14100,.T.);
#14102=ORIENTED_EDGE('',*,*,#14101,.F.);
#14103=ORIENTED_EDGE('',*,*,#14064,.T.);
#14104=EDGE_LOOP('',(#14088,#14096,#14102,#14103));
#14105=FACE_BOUND('',#14104,.T.);
#14106=ADVANCED_FACE('',(#14105),#14080,.F.);
#14107=CARTESIAN_POINT('',(16.,15.1,0.81));
#14108=DIRECTION('',(-1.,0.,0.));
#14109=DIRECTION('',(0.,0.,1.));
#14110=AXIS2_PLACEMENT_3D('',#14107,#14108,#14109);
#14111=PLANE('',#14110);
#14112=CARTESIAN_POINT('',(16.,15.2,-0.01));
#14113=VERTEX_POINT('',#14112);
#14114=CARTESIAN_POINT('',(16.,15.,-0.01));
#14115=DIRECTION('',(0.,1.,0.));
#14116=VECTOR('',#14115,0.2);
#14117=LINE('',#14114,#14116);
#14118=EDGE_CURVE('',#14082,#14113,#14117,.T.);
#14119=ORIENTED_EDGE('',*,*,#14118,.T.);
#14120=CARTESIAN_POINT('',(16.,15.2,0.81));
#14121=VERTEX_POINT('',#14120);
#14122=CARTESIAN_POINT('',(16.,15.2,0.81));
#14123=DIRECTION('',(0.,0.,-1.));
#14124=VECTOR('',#14123,0.82);
#14125=LINE('',#14122,#14124);
#14126=EDGE_CURVE('',#14121,#14113,#14125,.T.);
#14127=ORIENTED_EDGE('',*,*,#14126,.F.);
#14128=CARTESIAN_POINT('',(16.,15.,0.81));
#14129=DIRECTION('',(0.,1.,0.));
#14130=VECTOR('',#14129,0.2);
#14131=LINE('',#14128,#14130);
#14132=EDGE_CURVE('',#14090,#14121,#14131,.T.);
#14133=ORIENTED_EDGE('',*,*,#14132,.F.);
#14134=ORIENTED_EDGE('',*,*,#14095,.T.);
#14135=EDGE_LOOP('',(#14119,#14127,#14133,#14134));
#14136=FACE_BOUND('',#14135,.T.);
#14137=ADVANCED_FACE('',(#14136),#14111,.F.);
#14138=CARTESIAN_POINT('',(0.,0.,0.81));
#14139=DIRECTION('',(0.,0.,1.));
#14140=DIRECTION('',(1.,0.,0.));
#14141=AXIS2_PLACEMENT_3D('',#14138,#14139,#14140);
#14142=PLANE('',#14141);
#14143=CARTESIAN_POINT('',(16.,15.5,0.81));
#14144=DIRECTION('',(0.,0.,1.));
#14145=DIRECTION('',(1.,0.,-0.));
#14146=AXIS2_PLACEMENT_3D('',#14143,#14144,#14145);
#14147=CIRCLE('',#14146,0.3);
#14148=EDGE_CURVE('',#13949,#14121,#14147,.T.);
#14149=ORIENTED_EDGE('',*,*,#14148,.F.);
#14150=ORIENTED_EDGE('',*,*,#13978,.F.);
#14151=ORIENTED_EDGE('',*,*,#14008,.T.);
#14152=ORIENTED_EDGE('',*,*,#14039,.T.);
#14153=ORIENTED_EDGE('',*,*,#14070,.T.);
#14154=ORIENTED_EDGE('',*,*,#14101,.T.);
#14155=ORIENTED_EDGE('',*,*,#14132,.T.);
#14156=EDGE_LOOP('',(#14149,#14150,#14151,#14152,#14153,#14154,#14155));
#14157=FACE_BOUND('',#14156,.T.);
#14158=ADVANCED_FACE('',(#14157),#14142,.T.);
#14159=CARTESIAN_POINT('',(0.,0.,-0.01));
#14160=DIRECTION('',(0.,0.,1.));
#14161=DIRECTION('',(1.,0.,0.));
#14162=AXIS2_PLACEMENT_3D('',#14159,#14160,#14161);
#14163=PLANE('',#14162);
#14164=ORIENTED_EDGE('',*,*,#13963,.T.);
#14165=CARTESIAN_POINT('',(16.,15.5,-0.01));
#14166=DIRECTION('',(0.,0.,1.));
#14167=DIRECTION('',(1.,0.,-0.));
#14168=AXIS2_PLACEMENT_3D('',#14165,#14166,#14167);
#14169=CIRCLE('',#14168,0.3);
#14170=EDGE_CURVE('',#13947,#14113,#14169,.T.);
#14171=ORIENTED_EDGE('',*,*,#14170,.T.);
#14172=ORIENTED_EDGE('',*,*,#14118,.F.);
#14173=ORIENTED_EDGE('',*,*,#14087,.F.);
#14174=ORIENTED_EDGE('',*,*,#14056,.F.);
#14175=ORIENTED_EDGE('',*,*,#14025,.F.);
#14176=ORIENTED_EDGE('',*,*,#13994,.F.);
#14177=EDGE_LOOP('',(#14164,#14171,#14172,#14173,#14174,#14175,#14176));
#14178=FACE_BOUND('',#14177,.T.);
#14179=ADVANCED_FACE('',(#14178),#14163,.F.);
#14180=CARTESIAN_POINT('',(16.,15.5,0.81));
#14181=DIRECTION('',(0.,0.,-1.));
#14182=DIRECTION('',(-1.,0.,0.));
#14183=AXIS2_PLACEMENT_3D('',#14180,#14181,#14182);
#14184=CYLINDRICAL_SURFACE('',#14183,0.3);
#14185=ORIENTED_EDGE('',*,*,#13954,.T.);
#14186=ORIENTED_EDGE('',*,*,#14148,.T.);
#14187=ORIENTED_EDGE('',*,*,#14126,.T.);
#14188=ORIENTED_EDGE('',*,*,#14170,.F.);
#14189=EDGE_LOOP('',(#14185,#14186,#14187,#14188));
#14190=FACE_BOUND('',#14189,.T.);
#14191=ADVANCED_FACE('',(#14190),#14184,.F.);
#14192=CLOSED_SHELL('',(#13982,#14013,#14044,#14075,#14106,#14137,#14158,#14179,#14191));
#14193=MANIFOLD_SOLID_BREP('Body 17',#14192);
#13940=STYLED_ITEM('',(#13685),#14193);
#14195=CARTESIAN_POINT('',(16.,11.5,0.81));
#14196=DIRECTION('',(0.,0.,-1.));
#14197=DIRECTION('',(-1.,0.,0.));
#14198=AXIS2_PLACEMENT_3D('',#14195,#14196,#14197);
#14199=CYLINDRICAL_SURFACE('',#14198,0.3);
#14200=CARTESIAN_POINT('',(15.7,11.5,-0.01));
#14201=VERTEX_POINT('',#14200);
#14202=CARTESIAN_POINT('',(15.7,11.5,0.81));
#14203=VERTEX_POINT('',#14202);
#14204=CARTESIAN_POINT('',(15.7,11.5,-0.01));
#14205=DIRECTION('',(-0.,-0.,1.));
#14206=VECTOR('',#14205,0.82);
#14207=LINE('',#14204,#14206);
#14208=EDGE_CURVE('',#14201,#14203,#14207,.T.);
#14209=ORIENTED_EDGE('',*,*,#14208,.F.);
#14210=CARTESIAN_POINT('',(16.,11.8,-0.01));
#14211=VERTEX_POINT('',#14210);
#14212=CARTESIAN_POINT('',(16.,11.5,-0.01));
#14213=DIRECTION('',(0.,0.,1.));
#14214=DIRECTION('',(1.,0.,-0.));
#14215=AXIS2_PLACEMENT_3D('',#14212,#14213,#14214);
#14216=CIRCLE('',#14215,0.3);
#14217=EDGE_CURVE('',#14211,#14201,#14216,.T.);
#14218=ORIENTED_EDGE('',*,*,#14217,.F.);
#14219=CARTESIAN_POINT('',(16.,11.8,0.81));
#14220=VERTEX_POINT('',#14219);
#14221=CARTESIAN_POINT('',(16.,11.8,0.81));
#14222=DIRECTION('',(0.,0.,-1.));
#14223=VECTOR('',#14222,0.82);
#14224=LINE('',#14221,#14223);
#14225=EDGE_CURVE('',#14220,#14211,#14224,.T.);
#14226=ORIENTED_EDGE('',*,*,#14225,.F.);
#14227=CARTESIAN_POINT('',(16.,11.5,0.81));
#14228=DIRECTION('',(0.,0.,1.));
#14229=DIRECTION('',(1.,0.,-0.));
#14230=AXIS2_PLACEMENT_3D('',#14227,#14228,#14229);
#14231=CIRCLE('',#14230,0.3);
#14232=EDGE_CURVE('',#14220,#14203,#14231,.T.);
#14233=ORIENTED_EDGE('',*,*,#14232,.T.);
#14234=EDGE_LOOP('',(#14209,#14218,#14226,#14233));
#14235=FACE_BOUND('',#14234,.T.);
#14236=ADVANCED_FACE('',(#14235),#14199,.F.);
#14237=CARTESIAN_POINT('',(16.,11.9,0.81));
#14238=DIRECTION('',(-1.,0.,0.));
#14239=DIRECTION('',(0.,0.,1.));
#14240=AXIS2_PLACEMENT_3D('',#14237,#14238,#14239);
#14241=PLANE('',#14240);
#14242=CARTESIAN_POINT('',(16.,12.,-0.01));
#14243=VERTEX_POINT('',#14242);
#14244=CARTESIAN_POINT('',(16.,11.8,-0.01));
#14245=DIRECTION('',(0.,1.,0.));
#14246=VECTOR('',#14245,0.2);
#14247=LINE('',#14244,#14246);
#14248=EDGE_CURVE('',#14211,#14243,#14247,.T.);
#14249=ORIENTED_EDGE('',*,*,#14248,.T.);
#14250=CARTESIAN_POINT('',(16.,12.,0.81));
#14251=VERTEX_POINT('',#14250);
#14252=CARTESIAN_POINT('',(16.,12.,0.81));
#14253=DIRECTION('',(0.,0.,-1.));
#14254=VECTOR('',#14253,0.82);
#14255=LINE('',#14252,#14254);
#14256=EDGE_CURVE('',#14251,#14243,#14255,.T.);
#14257=ORIENTED_EDGE('',*,*,#14256,.F.);
#14258=CARTESIAN_POINT('',(16.,11.8,0.81));
#14259=DIRECTION('',(0.,1.,0.));
#14260=VECTOR('',#14259,0.2);
#14261=LINE('',#14258,#14260);
#14262=EDGE_CURVE('',#14220,#14251,#14261,.T.);
#14263=ORIENTED_EDGE('',*,*,#14262,.F.);
#14264=ORIENTED_EDGE('',*,*,#14225,.T.);
#14265=EDGE_LOOP('',(#14249,#14257,#14263,#14264));
#14266=FACE_BOUND('',#14265,.T.);
#14267=ADVANCED_FACE('',(#14266),#14241,.F.);
#14268=CARTESIAN_POINT('',(15.5,12.,0.81));
#14269=DIRECTION('',(0.,-1.,0.));
#14270=DIRECTION('',(0.,0.,-1.));
#14271=AXIS2_PLACEMENT_3D('',#14268,#14269,#14270);
#14272=PLANE('',#14271);
#14273=CARTESIAN_POINT('',(15.,12.,-0.01));
#14274=VERTEX_POINT('',#14273);
#14275=CARTESIAN_POINT('',(16.,12.,-0.01));
#14276=DIRECTION('',(-1.,0.,0.));
#14277=VECTOR('',#14276,1.);
#14278=LINE('',#14275,#14277);
#14279=EDGE_CURVE('',#14243,#14274,#14278,.T.);
#14280=ORIENTED_EDGE('',*,*,#14279,.T.);
#14281=CARTESIAN_POINT('',(15.,12.,0.81));
#14282=VERTEX_POINT('',#14281);
#14283=CARTESIAN_POINT('',(15.,12.,0.81));
#14284=DIRECTION('',(0.,0.,-1.));
#14285=VECTOR('',#14284,0.82);
#14286=LINE('',#14283,#14285);
#14287=EDGE_CURVE('',#14282,#14274,#14286,.T.);
#14288=ORIENTED_EDGE('',*,*,#14287,.F.);
#14289=CARTESIAN_POINT('',(16.,12.,0.81));
#14290=DIRECTION('',(-1.,0.,0.));
#14291=VECTOR('',#14290,1.);
#14292=LINE('',#14289,#14291);
#14293=EDGE_CURVE('',#14251,#14282,#14292,.T.);
#14294=ORIENTED_EDGE('',*,*,#14293,.F.);
#14295=ORIENTED_EDGE('',*,*,#14256,.T.);
#14296=EDGE_LOOP('',(#14280,#14288,#14294,#14295));
#14297=FACE_BOUND('',#14296,.T.);
#14298=ADVANCED_FACE('',(#14297),#14272,.F.);
#14299=CARTESIAN_POINT('',(15.,11.5,0.81));
#14300=DIRECTION('',(1.,0.,0.));
#14301=DIRECTION('',(0.,0.,-1.));
#14302=AXIS2_PLACEMENT_3D('',#14299,#14300,#14301);
#14303=PLANE('',#14302);
#14304=CARTESIAN_POINT('',(15.,11.,-0.01));
#14305=VERTEX_POINT('',#14304);
#14306=CARTESIAN_POINT('',(15.,12.,-0.01));
#14307=DIRECTION('',(0.,-1.,0.));
#14308=VECTOR('',#14307,1.);
#14309=LINE('',#14306,#14308);
#14310=EDGE_CURVE('',#14274,#14305,#14309,.T.);
#14311=ORIENTED_EDGE('',*,*,#14310,.T.);
#14312=CARTESIAN_POINT('',(15.,11.,0.81));
#14313=VERTEX_POINT('',#14312);
#14314=CARTESIAN_POINT('',(15.,11.,0.81));
#14315=DIRECTION('',(0.,0.,-1.));
#14316=VECTOR('',#14315,0.82);
#14317=LINE('',#14314,#14316);
#14318=EDGE_CURVE('',#14313,#14305,#14317,.T.);
#14319=ORIENTED_EDGE('',*,*,#14318,.F.);
#14320=CARTESIAN_POINT('',(15.,12.,0.81));
#14321=DIRECTION('',(0.,-1.,0.));
#14322=VECTOR('',#14321,1.);
#14323=LINE('',#14320,#14322);
#14324=EDGE_CURVE('',#14282,#14313,#14323,.T.);
#14325=ORIENTED_EDGE('',*,*,#14324,.F.);
#14326=ORIENTED_EDGE('',*,*,#14287,.T.);
#14327=EDGE_LOOP('',(#14311,#14319,#14325,#14326));
#14328=FACE_BOUND('',#14327,.T.);
#14329=ADVANCED_FACE('',(#14328),#14303,.F.);
#14330=CARTESIAN_POINT('',(15.5,11.,0.81));
#14331=DIRECTION('',(0.,1.,0.));
#14332=DIRECTION('',(0.,0.,1.));
#14333=AXIS2_PLACEMENT_3D('',#14330,#14331,#14332);
#14334=PLANE('',#14333);
#14335=CARTESIAN_POINT('',(16.,11.,-0.01));
#14336=VERTEX_POINT('',#14335);
#14337=CARTESIAN_POINT('',(15.,11.,-0.01));
#14338=DIRECTION('',(1.,0.,-0.));
#14339=VECTOR('',#14338,1.);
#14340=LINE('',#14337,#14339);
#14341=EDGE_CURVE('',#14305,#14336,#14340,.T.);
#14342=ORIENTED_EDGE('',*,*,#14341,.T.);
#14343=CARTESIAN_POINT('',(16.,11.,0.81));
#14344=VERTEX_POINT('',#14343);
#14345=CARTESIAN_POINT('',(16.,11.,0.81));
#14346=DIRECTION('',(0.,0.,-1.));
#14347=VECTOR('',#14346,0.82);
#14348=LINE('',#14345,#14347);
#14349=EDGE_CURVE('',#14344,#14336,#14348,.T.);
#14350=ORIENTED_EDGE('',*,*,#14349,.F.);
#14351=CARTESIAN_POINT('',(15.,11.,0.81));
#14352=DIRECTION('',(1.,0.,-0.));
#14353=VECTOR('',#14352,1.);
#14354=LINE('',#14351,#14353);
#14355=EDGE_CURVE('',#14313,#14344,#14354,.T.);
#14356=ORIENTED_EDGE('',*,*,#14355,.F.);
#14357=ORIENTED_EDGE('',*,*,#14318,.T.);
#14358=EDGE_LOOP('',(#14342,#14350,#14356,#14357));
#14359=FACE_BOUND('',#14358,.T.);
#14360=ADVANCED_FACE('',(#14359),#14334,.F.);
#14361=CARTESIAN_POINT('',(16.,11.1,0.81));
#14362=DIRECTION('',(-1.,0.,0.));
#14363=DIRECTION('',(0.,0.,1.));
#14364=AXIS2_PLACEMENT_3D('',#14361,#14362,#14363);
#14365=PLANE('',#14364);
#14366=CARTESIAN_POINT('',(16.,11.2,-0.01));
#14367=VERTEX_POINT('',#14366);
#14368=CARTESIAN_POINT('',(16.,11.,-0.01));
#14369=DIRECTION('',(0.,1.,0.));
#14370=VECTOR('',#14369,0.2);
#14371=LINE('',#14368,#14370);
#14372=EDGE_CURVE('',#14336,#14367,#14371,.T.);
#14373=ORIENTED_EDGE('',*,*,#14372,.T.);
#14374=CARTESIAN_POINT('',(16.,11.2,0.81));
#14375=VERTEX_POINT('',#14374);
#14376=CARTESIAN_POINT('',(16.,11.2,0.81));
#14377=DIRECTION('',(0.,0.,-1.));
#14378=VECTOR('',#14377,0.82);
#14379=LINE('',#14376,#14378);
#14380=EDGE_CURVE('',#14375,#14367,#14379,.T.);
#14381=ORIENTED_EDGE('',*,*,#14380,.F.);
#14382=CARTESIAN_POINT('',(16.,11.,0.81));
#14383=DIRECTION('',(0.,1.,0.));
#14384=VECTOR('',#14383,0.2);
#14385=LINE('',#14382,#14384);
#14386=EDGE_CURVE('',#14344,#14375,#14385,.T.);
#14387=ORIENTED_EDGE('',*,*,#14386,.F.);
#14388=ORIENTED_EDGE('',*,*,#14349,.T.);
#14389=EDGE_LOOP('',(#14373,#14381,#14387,#14388));
#14390=FACE_BOUND('',#14389,.T.);
#14391=ADVANCED_FACE('',(#14390),#14365,.F.);
#14392=CARTESIAN_POINT('',(0.,0.,0.81));
#14393=DIRECTION('',(0.,0.,1.));
#14394=DIRECTION('',(1.,0.,0.));
#14395=AXIS2_PLACEMENT_3D('',#14392,#14393,#14394);
#14396=PLANE('',#14395);
#14397=CARTESIAN_POINT('',(16.,11.5,0.81));
#14398=DIRECTION('',(0.,0.,1.));
#14399=DIRECTION('',(1.,0.,-0.));
#14400=AXIS2_PLACEMENT_3D('',#14397,#14398,#14399);
#14401=CIRCLE('',#14400,0.3);
#14402=EDGE_CURVE('',#14203,#14375,#14401,.T.);
#14403=ORIENTED_EDGE('',*,*,#14402,.F.);
#14404=ORIENTED_EDGE('',*,*,#14232,.F.);
#14405=ORIENTED_EDGE('',*,*,#14262,.T.);
#14406=ORIENTED_EDGE('',*,*,#14293,.T.);
#14407=ORIENTED_EDGE('',*,*,#14324,.T.);
#14408=ORIENTED_EDGE('',*,*,#14355,.T.);
#14409=ORIENTED_EDGE('',*,*,#14386,.T.);
#14410=EDGE_LOOP('',(#14403,#14404,#14405,#14406,#14407,#14408,#14409));
#14411=FACE_BOUND('',#14410,.T.);
#14412=ADVANCED_FACE('',(#14411),#14396,.T.);
#14413=CARTESIAN_POINT('',(0.,0.,-0.01));
#14414=DIRECTION('',(0.,0.,1.));
#14415=DIRECTION('',(1.,0.,0.));
#14416=AXIS2_PLACEMENT_3D('',#14413,#14414,#14415);
#14417=PLANE('',#14416);
#14418=ORIENTED_EDGE('',*,*,#14217,.T.);
#14419=CARTESIAN_POINT('',(16.,11.5,-0.01));
#14420=DIRECTION('',(0.,0.,1.));
#14421=DIRECTION('',(1.,0.,-0.));
#14422=AXIS2_PLACEMENT_3D('',#14419,#14420,#14421);
#14423=CIRCLE('',#14422,0.3);
#14424=EDGE_CURVE('',#14201,#14367,#14423,.T.);
#14425=ORIENTED_EDGE('',*,*,#14424,.T.);
#14426=ORIENTED_EDGE('',*,*,#14372,.F.);
#14427=ORIENTED_EDGE('',*,*,#14341,.F.);
#14428=ORIENTED_EDGE('',*,*,#14310,.F.);
#14429=ORIENTED_EDGE('',*,*,#14279,.F.);
#14430=ORIENTED_EDGE('',*,*,#14248,.F.);
#14431=EDGE_LOOP('',(#14418,#14425,#14426,#14427,#14428,#14429,#14430));
#14432=FACE_BOUND('',#14431,.T.);
#14433=ADVANCED_FACE('',(#14432),#14417,.F.);
#14434=CARTESIAN_POINT('',(16.,11.5,0.81));
#14435=DIRECTION('',(0.,0.,-1.));
#14436=DIRECTION('',(-1.,0.,0.));
#14437=AXIS2_PLACEMENT_3D('',#14434,#14435,#14436);
#14438=CYLINDRICAL_SURFACE('',#14437,0.3);
#14439=ORIENTED_EDGE('',*,*,#14208,.T.);
#14440=ORIENTED_EDGE('',*,*,#14402,.T.);
#14441=ORIENTED_EDGE('',*,*,#14380,.T.);
#14442=ORIENTED_EDGE('',*,*,#14424,.F.);
#14443=EDGE_LOOP('',(#14439,#14440,#14441,#14442));
#14444=FACE_BOUND('',#14443,.T.);
#14445=ADVANCED_FACE('',(#14444),#14438,.F.);
#14446=CLOSED_SHELL('',(#14236,#14267,#14298,#14329,#14360,#14391,#14412,#14433,#14445));
#14447=MANIFOLD_SOLID_BREP('Body 12',#14446);
#14194=STYLED_ITEM('',(#13685),#14447);
#14449=CARTESIAN_POINT('',(16.,1.5,0.81));
#14450=DIRECTION('',(0.,0.,-1.));
#14451=DIRECTION('',(-1.,0.,0.));
#14452=AXIS2_PLACEMENT_3D('',#14449,#14450,#14451);
#14453=CYLINDRICAL_SURFACE('',#14452,0.3);
#14454=CARTESIAN_POINT('',(15.7,1.5,-0.01));
#14455=VERTEX_POINT('',#14454);
#14456=CARTESIAN_POINT('',(15.7,1.5,0.81));
#14457=VERTEX_POINT('',#14456);
#14458=CARTESIAN_POINT('',(15.7,1.5,-0.01));
#14459=DIRECTION('',(-0.,-0.,1.));
#14460=VECTOR('',#14459,0.82);
#14461=LINE('',#14458,#14460);
#14462=EDGE_CURVE('',#14455,#14457,#14461,.T.);
#14463=ORIENTED_EDGE('',*,*,#14462,.F.);
#14464=CARTESIAN_POINT('',(16.,1.8,-0.01));
#14465=VERTEX_POINT('',#14464);
#14466=CARTESIAN_POINT('',(16.,1.5,-0.01));
#14467=DIRECTION('',(0.,0.,1.));
#14468=DIRECTION('',(1.,0.,-0.));
#14469=AXIS2_PLACEMENT_3D('',#14466,#14467,#14468);
#14470=CIRCLE('',#14469,0.3);
#14471=EDGE_CURVE('',#14465,#14455,#14470,.T.);
#14472=ORIENTED_EDGE('',*,*,#14471,.F.);
#14473=CARTESIAN_POINT('',(16.,1.8,0.81));
#14474=VERTEX_POINT('',#14473);
#14475=CARTESIAN_POINT('',(16.,1.8,0.81));
#14476=DIRECTION('',(0.,0.,-1.));
#14477=VECTOR('',#14476,0.82);
#14478=LINE('',#14475,#14477);
#14479=EDGE_CURVE('',#14474,#14465,#14478,.T.);
#14480=ORIENTED_EDGE('',*,*,#14479,.F.);
#14481=CARTESIAN_POINT('',(16.,1.5,0.81));
#14482=DIRECTION('',(0.,0.,1.));
#14483=DIRECTION('',(1.,0.,-0.));
#14484=AXIS2_PLACEMENT_3D('',#14481,#14482,#14483);
#14485=CIRCLE('',#14484,0.3);
#14486=EDGE_CURVE('',#14474,#14457,#14485,.T.);
#14487=ORIENTED_EDGE('',*,*,#14486,.T.);
#14488=EDGE_LOOP('',(#14463,#14472,#14480,#14487));
#14489=FACE_BOUND('',#14488,.T.);
#14490=ADVANCED_FACE('',(#14489),#14453,.F.);
#14491=CARTESIAN_POINT('',(16.,1.9,0.81));
#14492=DIRECTION('',(-1.,0.,0.));
#14493=DIRECTION('',(0.,0.,1.));
#14494=AXIS2_PLACEMENT_3D('',#14491,#14492,#14493);
#14495=PLANE('',#14494);
#14496=CARTESIAN_POINT('',(16.,2.,-0.01));
#14497=VERTEX_POINT('',#14496);
#14498=CARTESIAN_POINT('',(16.,1.8,-0.01));
#14499=DIRECTION('',(0.,1.,0.));
#14500=VECTOR('',#14499,0.2);
#14501=LINE('',#14498,#14500);
#14502=EDGE_CURVE('',#14465,#14497,#14501,.T.);
#14503=ORIENTED_EDGE('',*,*,#14502,.T.);
#14504=CARTESIAN_POINT('',(16.,2.,0.81));
#14505=VERTEX_POINT('',#14504);
#14506=CARTESIAN_POINT('',(16.,2.,0.81));
#14507=DIRECTION('',(0.,0.,-1.));
#14508=VECTOR('',#14507,0.82);
#14509=LINE('',#14506,#14508);
#14510=EDGE_CURVE('',#14505,#14497,#14509,.T.);
#14511=ORIENTED_EDGE('',*,*,#14510,.F.);
#14512=CARTESIAN_POINT('',(16.,1.8,0.81));
#14513=DIRECTION('',(0.,1.,0.));
#14514=VECTOR('',#14513,0.2);
#14515=LINE('',#14512,#14514);
#14516=EDGE_CURVE('',#14474,#14505,#14515,.T.);
#14517=ORIENTED_EDGE('',*,*,#14516,.F.);
#14518=ORIENTED_EDGE('',*,*,#14479,.T.);
#14519=EDGE_LOOP('',(#14503,#14511,#14517,#14518));
#14520=FACE_BOUND('',#14519,.T.);
#14521=ADVANCED_FACE('',(#14520),#14495,.F.);
#14522=CARTESIAN_POINT('',(15.5,2.,0.81));
#14523=DIRECTION('',(0.,-1.,0.));
#14524=DIRECTION('',(0.,0.,-1.));
#14525=AXIS2_PLACEMENT_3D('',#14522,#14523,#14524);
#14526=PLANE('',#14525);
#14527=CARTESIAN_POINT('',(15.,2.,-0.01));
#14528=VERTEX_POINT('',#14527);
#14529=CARTESIAN_POINT('',(16.,2.,-0.01));
#14530=DIRECTION('',(-1.,0.,0.));
#14531=VECTOR('',#14530,1.);
#14532=LINE('',#14529,#14531);
#14533=EDGE_CURVE('',#14497,#14528,#14532,.T.);
#14534=ORIENTED_EDGE('',*,*,#14533,.T.);
#14535=CARTESIAN_POINT('',(15.,2.,0.81));
#14536=VERTEX_POINT('',#14535);
#14537=CARTESIAN_POINT('',(15.,2.,0.81));
#14538=DIRECTION('',(0.,0.,-1.));
#14539=VECTOR('',#14538,0.82);
#14540=LINE('',#14537,#14539);
#14541=EDGE_CURVE('',#14536,#14528,#14540,.T.);
#14542=ORIENTED_EDGE('',*,*,#14541,.F.);
#14543=CARTESIAN_POINT('',(16.,2.,0.81));
#14544=DIRECTION('',(-1.,0.,0.));
#14545=VECTOR('',#14544,1.);
#14546=LINE('',#14543,#14545);
#14547=EDGE_CURVE('',#14505,#14536,#14546,.T.);
#14548=ORIENTED_EDGE('',*,*,#14547,.F.);
#14549=ORIENTED_EDGE('',*,*,#14510,.T.);
#14550=EDGE_LOOP('',(#14534,#14542,#14548,#14549));
#14551=FACE_BOUND('',#14550,.T.);
#14552=ADVANCED_FACE('',(#14551),#14526,.F.);
#14553=CARTESIAN_POINT('',(15.,1.5,0.81));
#14554=DIRECTION('',(1.,0.,0.));
#14555=DIRECTION('',(0.,0.,-1.));
#14556=AXIS2_PLACEMENT_3D('',#14553,#14554,#14555);
#14557=PLANE('',#14556);
#14558=CARTESIAN_POINT('',(15.,1.,-0.01));
#14559=VERTEX_POINT('',#14558);
#14560=CARTESIAN_POINT('',(15.,2.,-0.01));
#14561=DIRECTION('',(0.,-1.,0.));
#14562=VECTOR('',#14561,1.);
#14563=LINE('',#14560,#14562);
#14564=EDGE_CURVE('',#14528,#14559,#14563,.T.);
#14565=ORIENTED_EDGE('',*,*,#14564,.T.);
#14566=CARTESIAN_POINT('',(15.,1.,0.81));
#14567=VERTEX_POINT('',#14566);
#14568=CARTESIAN_POINT('',(15.,1.,0.81));
#14569=DIRECTION('',(0.,0.,-1.));
#14570=VECTOR('',#14569,0.82);
#14571=LINE('',#14568,#14570);
#14572=EDGE_CURVE('',#14567,#14559,#14571,.T.);
#14573=ORIENTED_EDGE('',*,*,#14572,.F.);
#14574=CARTESIAN_POINT('',(15.,2.,0.81));
#14575=DIRECTION('',(0.,-1.,0.));
#14576=VECTOR('',#14575,1.);
#14577=LINE('',#14574,#14576);
#14578=EDGE_CURVE('',#14536,#14567,#14577,.T.);
#14579=ORIENTED_EDGE('',*,*,#14578,.F.);
#14580=ORIENTED_EDGE('',*,*,#14541,.T.);
#14581=EDGE_LOOP('',(#14565,#14573,#14579,#14580));
#14582=FACE_BOUND('',#14581,.T.);
#14583=ADVANCED_FACE('',(#14582),#14557,.F.);
#14584=CARTESIAN_POINT('',(15.5,1.,0.81));
#14585=DIRECTION('',(0.,1.,0.));
#14586=DIRECTION('',(0.,0.,1.));
#14587=AXIS2_PLACEMENT_3D('',#14584,#14585,#14586);
#14588=PLANE('',#14587);
#14589=CARTESIAN_POINT('',(16.,1.,-0.01));
#14590=VERTEX_POINT('',#14589);
#14591=CARTESIAN_POINT('',(15.,1.,-0.01));
#14592=DIRECTION('',(1.,0.,-0.));
#14593=VECTOR('',#14592,1.);
#14594=LINE('',#14591,#14593);
#14595=EDGE_CURVE('',#14559,#14590,#14594,.T.);
#14596=ORIENTED_EDGE('',*,*,#14595,.T.);
#14597=CARTESIAN_POINT('',(16.,1.,0.81));
#14598=VERTEX_POINT('',#14597);
#14599=CARTESIAN_POINT('',(16.,1.,0.81));
#14600=DIRECTION('',(0.,0.,-1.));
#14601=VECTOR('',#14600,0.82);
#14602=LINE('',#14599,#14601);
#14603=EDGE_CURVE('',#14598,#14590,#14602,.T.);
#14604=ORIENTED_EDGE('',*,*,#14603,.F.);
#14605=CARTESIAN_POINT('',(15.,1.,0.81));
#14606=DIRECTION('',(1.,0.,-0.));
#14607=VECTOR('',#14606,1.);
#14608=LINE('',#14605,#14607);
#14609=EDGE_CURVE('',#14567,#14598,#14608,.T.);
#14610=ORIENTED_EDGE('',*,*,#14609,.F.);
#14611=ORIENTED_EDGE('',*,*,#14572,.T.);
#14612=EDGE_LOOP('',(#14596,#14604,#14610,#14611));
#14613=FACE_BOUND('',#14612,.T.);
#14614=ADVANCED_FACE('',(#14613),#14588,.F.);
#14615=CARTESIAN_POINT('',(16.,1.1,0.81));
#14616=DIRECTION('',(-1.,0.,0.));
#14617=DIRECTION('',(0.,0.,1.));
#14618=AXIS2_PLACEMENT_3D('',#14615,#14616,#14617);
#14619=PLANE('',#14618);
#14620=CARTESIAN_POINT('',(16.,1.2,-0.01));
#14621=VERTEX_POINT('',#14620);
#14622=CARTESIAN_POINT('',(16.,1.,-0.01));
#14623=DIRECTION('',(0.,1.,0.));
#14624=VECTOR('',#14623,0.2);
#14625=LINE('',#14622,#14624);
#14626=EDGE_CURVE('',#14590,#14621,#14625,.T.);
#14627=ORIENTED_EDGE('',*,*,#14626,.T.);
#14628=CARTESIAN_POINT('',(16.,1.2,0.81));
#14629=VERTEX_POINT('',#14628);
#14630=CARTESIAN_POINT('',(16.,1.2,0.81));
#14631=DIRECTION('',(0.,0.,-1.));
#14632=VECTOR('',#14631,0.82);
#14633=LINE('',#14630,#14632);
#14634=EDGE_CURVE('',#14629,#14621,#14633,.T.);
#14635=ORIENTED_EDGE('',*,*,#14634,.F.);
#14636=CARTESIAN_POINT('',(16.,1.,0.81));
#14637=DIRECTION('',(0.,1.,0.));
#14638=VECTOR('',#14637,0.2);
#14639=LINE('',#14636,#14638);
#14640=EDGE_CURVE('',#14598,#14629,#14639,.T.);
#14641=ORIENTED_EDGE('',*,*,#14640,.F.);
#14642=ORIENTED_EDGE('',*,*,#14603,.T.);
#14643=EDGE_LOOP('',(#14627,#14635,#14641,#14642));
#14644=FACE_BOUND('',#14643,.T.);
#14645=ADVANCED_FACE('',(#14644),#14619,.F.);
#14646=CARTESIAN_POINT('',(0.,0.,0.81));
#14647=DIRECTION('',(0.,0.,1.));
#14648=DIRECTION('',(1.,0.,0.));
#14649=AXIS2_PLACEMENT_3D('',#14646,#14647,#14648);
#14650=PLANE('',#14649);
#14651=CARTESIAN_POINT('',(16.,1.5,0.81));
#14652=DIRECTION('',(0.,0.,1.));
#14653=DIRECTION('',(1.,0.,-0.));
#14654=AXIS2_PLACEMENT_3D('',#14651,#14652,#14653);
#14655=CIRCLE('',#14654,0.3);
#14656=EDGE_CURVE('',#14457,#14629,#14655,.T.);
#14657=ORIENTED_EDGE('',*,*,#14656,.F.);
#14658=ORIENTED_EDGE('',*,*,#14486,.F.);
#14659=ORIENTED_EDGE('',*,*,#14516,.T.);
#14660=ORIENTED_EDGE('',*,*,#14547,.T.);
#14661=ORIENTED_EDGE('',*,*,#14578,.T.);
#14662=ORIENTED_EDGE('',*,*,#14609,.T.);
#14663=ORIENTED_EDGE('',*,*,#14640,.T.);
#14664=EDGE_LOOP('',(#14657,#14658,#14659,#14660,#14661,#14662,#14663));
#14665=FACE_BOUND('',#14664,.T.);
#14666=ADVANCED_FACE('',(#14665),#14650,.T.);
#14667=CARTESIAN_POINT('',(0.,0.,-0.01));
#14668=DIRECTION('',(0.,0.,1.));
#14669=DIRECTION('',(1.,0.,0.));
#14670=AXIS2_PLACEMENT_3D('',#14667,#14668,#14669);
#14671=PLANE('',#14670);
#14672=ORIENTED_EDGE('',*,*,#14471,.T.);
#14673=CARTESIAN_POINT('',(16.,1.5,-0.01));
#14674=DIRECTION('',(0.,0.,1.));
#14675=DIRECTION('',(1.,0.,-0.));
#14676=AXIS2_PLACEMENT_3D('',#14673,#14674,#14675);
#14677=CIRCLE('',#14676,0.3);
#14678=EDGE_CURVE('',#14455,#14621,#14677,.T.);
#14679=ORIENTED_EDGE('',*,*,#14678,.T.);
#14680=ORIENTED_EDGE('',*,*,#14626,.F.);
#14681=ORIENTED_EDGE('',*,*,#14595,.F.);
#14682=ORIENTED_EDGE('',*,*,#14564,.F.);
#14683=ORIENTED_EDGE('',*,*,#14533,.F.);
#14684=ORIENTED_EDGE('',*,*,#14502,.F.);
#14685=EDGE_LOOP('',(#14672,#14679,#14680,#14681,#14682,#14683,#14684));
#14686=FACE_BOUND('',#14685,.T.);
#14687=ADVANCED_FACE('',(#14686),#14671,.F.);
#14688=CARTESIAN_POINT('',(16.,1.5,0.81));
#14689=DIRECTION('',(0.,0.,-1.));
#14690=DIRECTION('',(-1.,0.,0.));
#14691=AXIS2_PLACEMENT_3D('',#14688,#14689,#14690);
#14692=CYLINDRICAL_SURFACE('',#14691,0.3);
#14693=ORIENTED_EDGE('',*,*,#14462,.T.);
#14694=ORIENTED_EDGE('',*,*,#14656,.T.);
#14695=ORIENTED_EDGE('',*,*,#14634,.T.);
#14696=ORIENTED_EDGE('',*,*,#14678,.F.);
#14697=EDGE_LOOP('',(#14693,#14694,#14695,#14696));
#14698=FACE_BOUND('',#14697,.T.);
#14699=ADVANCED_FACE('',(#14698),#14692,.F.);
#14700=CLOSED_SHELL('',(#14490,#14521,#14552,#14583,#14614,#14645,#14666,#14687,#14699));
#14701=MANIFOLD_SOLID_BREP('Body 14',#14700);
#14448=STYLED_ITEM('',(#13685),#14701);
#14703=CARTESIAN_POINT('',(16.,13.5,0.81));
#14704=DIRECTION('',(0.,0.,-1.));
#14705=DIRECTION('',(-1.,0.,0.));
#14706=AXIS2_PLACEMENT_3D('',#14703,#14704,#14705);
#14707=CYLINDRICAL_SURFACE('',#14706,0.3);
#14708=CARTESIAN_POINT('',(15.7,13.5,-0.01));
#14709=VERTEX_POINT('',#14708);
#14710=CARTESIAN_POINT('',(15.7,13.5,0.81));
#14711=VERTEX_POINT('',#14710);
#14712=CARTESIAN_POINT('',(15.7,13.5,-0.01));
#14713=DIRECTION('',(-0.,-0.,1.));
#14714=VECTOR('',#14713,0.82);
#14715=LINE('',#14712,#14714);
#14716=EDGE_CURVE('',#14709,#14711,#14715,.T.);
#14717=ORIENTED_EDGE('',*,*,#14716,.F.);
#14718=CARTESIAN_POINT('',(16.,13.8,-0.01));
#14719=VERTEX_POINT('',#14718);
#14720=CARTESIAN_POINT('',(16.,13.5,-0.01));
#14721=DIRECTION('',(0.,0.,1.));
#14722=DIRECTION('',(1.,0.,-0.));
#14723=AXIS2_PLACEMENT_3D('',#14720,#14721,#14722);
#14724=CIRCLE('',#14723,0.3);
#14725=EDGE_CURVE('',#14719,#14709,#14724,.T.);
#14726=ORIENTED_EDGE('',*,*,#14725,.F.);
#14727=CARTESIAN_POINT('',(16.,13.8,0.81));
#14728=VERTEX_POINT('',#14727);
#14729=CARTESIAN_POINT('',(16.,13.8,0.81));
#14730=DIRECTION('',(0.,0.,-1.));
#14731=VECTOR('',#14730,0.82);
#14732=LINE('',#14729,#14731);
#14733=EDGE_CURVE('',#14728,#14719,#14732,.T.);
#14734=ORIENTED_EDGE('',*,*,#14733,.F.);
#14735=CARTESIAN_POINT('',(16.,13.5,0.81));
#14736=DIRECTION('',(0.,0.,1.));
#14737=DIRECTION('',(1.,0.,-0.));
#14738=AXIS2_PLACEMENT_3D('',#14735,#14736,#14737);
#14739=CIRCLE('',#14738,0.3);
#14740=EDGE_CURVE('',#14728,#14711,#14739,.T.);
#14741=ORIENTED_EDGE('',*,*,#14740,.T.);
#14742=EDGE_LOOP('',(#14717,#14726,#14734,#14741));
#14743=FACE_BOUND('',#14742,.T.);
#14744=ADVANCED_FACE('',(#14743),#14707,.F.);
#14745=CARTESIAN_POINT('',(16.,13.9,0.81));
#14746=DIRECTION('',(-1.,0.,0.));
#14747=DIRECTION('',(0.,0.,1.));
#14748=AXIS2_PLACEMENT_3D('',#14745,#14746,#14747);
#14749=PLANE('',#14748);
#14750=CARTESIAN_POINT('',(16.,14.,-0.01));
#14751=VERTEX_POINT('',#14750);
#14752=CARTESIAN_POINT('',(16.,13.8,-0.01));
#14753=DIRECTION('',(0.,1.,0.));
#14754=VECTOR('',#14753,0.2);
#14755=LINE('',#14752,#14754);
#14756=EDGE_CURVE('',#14719,#14751,#14755,.T.);
#14757=ORIENTED_EDGE('',*,*,#14756,.T.);
#14758=CARTESIAN_POINT('',(16.,14.,0.81));
#14759=VERTEX_POINT('',#14758);
#14760=CARTESIAN_POINT('',(16.,14.,0.81));
#14761=DIRECTION('',(0.,0.,-1.));
#14762=VECTOR('',#14761,0.82);
#14763=LINE('',#14760,#14762);
#14764=EDGE_CURVE('',#14759,#14751,#14763,.T.);
#14765=ORIENTED_EDGE('',*,*,#14764,.F.);
#14766=CARTESIAN_POINT('',(16.,13.8,0.81));
#14767=DIRECTION('',(0.,1.,0.));
#14768=VECTOR('',#14767,0.2);
#14769=LINE('',#14766,#14768);
#14770=EDGE_CURVE('',#14728,#14759,#14769,.T.);
#14771=ORIENTED_EDGE('',*,*,#14770,.F.);
#14772=ORIENTED_EDGE('',*,*,#14733,.T.);
#14773=EDGE_LOOP('',(#14757,#14765,#14771,#14772));
#14774=FACE_BOUND('',#14773,.T.);
#14775=ADVANCED_FACE('',(#14774),#14749,.F.);
#14776=CARTESIAN_POINT('',(15.5,14.,0.81));
#14777=DIRECTION('',(0.,-1.,0.));
#14778=DIRECTION('',(0.,0.,-1.));
#14779=AXIS2_PLACEMENT_3D('',#14776,#14777,#14778);
#14780=PLANE('',#14779);
#14781=CARTESIAN_POINT('',(15.,14.,-0.01));
#14782=VERTEX_POINT('',#14781);
#14783=CARTESIAN_POINT('',(16.,14.,-0.01));
#14784=DIRECTION('',(-1.,0.,0.));
#14785=VECTOR('',#14784,1.);
#14786=LINE('',#14783,#14785);
#14787=EDGE_CURVE('',#14751,#14782,#14786,.T.);
#14788=ORIENTED_EDGE('',*,*,#14787,.T.);
#14789=CARTESIAN_POINT('',(15.,14.,0.81));
#14790=VERTEX_POINT('',#14789);
#14791=CARTESIAN_POINT('',(15.,14.,0.81));
#14792=DIRECTION('',(0.,0.,-1.));
#14793=VECTOR('',#14792,0.82);
#14794=LINE('',#14791,#14793);
#14795=EDGE_CURVE('',#14790,#14782,#14794,.T.);
#14796=ORIENTED_EDGE('',*,*,#14795,.F.);
#14797=CARTESIAN_POINT('',(16.,14.,0.81));
#14798=DIRECTION('',(-1.,0.,0.));
#14799=VECTOR('',#14798,1.);
#14800=LINE('',#14797,#14799);
#14801=EDGE_CURVE('',#14759,#14790,#14800,.T.);
#14802=ORIENTED_EDGE('',*,*,#14801,.F.);
#14803=ORIENTED_EDGE('',*,*,#14764,.T.);
#14804=EDGE_LOOP('',(#14788,#14796,#14802,#14803));
#14805=FACE_BOUND('',#14804,.T.);
#14806=ADVANCED_FACE('',(#14805),#14780,.F.);
#14807=CARTESIAN_POINT('',(15.,13.5,0.81));
#14808=DIRECTION('',(1.,0.,0.));
#14809=DIRECTION('',(0.,0.,-1.));
#14810=AXIS2_PLACEMENT_3D('',#14807,#14808,#14809);
#14811=PLANE('',#14810);
#14812=CARTESIAN_POINT('',(15.,13.,-0.01));
#14813=VERTEX_POINT('',#14812);
#14814=CARTESIAN_POINT('',(15.,14.,-0.01));
#14815=DIRECTION('',(0.,-1.,0.));
#14816=VECTOR('',#14815,1.);
#14817=LINE('',#14814,#14816);
#14818=EDGE_CURVE('',#14782,#14813,#14817,.T.);
#14819=ORIENTED_EDGE('',*,*,#14818,.T.);
#14820=CARTESIAN_POINT('',(15.,13.,0.81));
#14821=VERTEX_POINT('',#14820);
#14822=CARTESIAN_POINT('',(15.,13.,0.81));
#14823=DIRECTION('',(0.,0.,-1.));
#14824=VECTOR('',#14823,0.82);
#14825=LINE('',#14822,#14824);
#14826=EDGE_CURVE('',#14821,#14813,#14825,.T.);
#14827=ORIENTED_EDGE('',*,*,#14826,.F.);
#14828=CARTESIAN_POINT('',(15.,14.,0.81));
#14829=DIRECTION('',(0.,-1.,0.));
#14830=VECTOR('',#14829,1.);
#14831=LINE('',#14828,#14830);
#14832=EDGE_CURVE('',#14790,#14821,#14831,.T.);
#14833=ORIENTED_EDGE('',*,*,#14832,.F.);
#14834=ORIENTED_EDGE('',*,*,#14795,.T.);
#14835=EDGE_LOOP('',(#14819,#14827,#14833,#14834));
#14836=FACE_BOUND('',#14835,.T.);
#14837=ADVANCED_FACE('',(#14836),#14811,.F.);
#14838=CARTESIAN_POINT('',(15.5,13.,0.81));
#14839=DIRECTION('',(0.,1.,0.));
#14840=DIRECTION('',(0.,0.,1.));
#14841=AXIS2_PLACEMENT_3D('',#14838,#14839,#14840);
#14842=PLANE('',#14841);
#14843=CARTESIAN_POINT('',(16.,13.,-0.01));
#14844=VERTEX_POINT('',#14843);
#14845=CARTESIAN_POINT('',(15.,13.,-0.01));
#14846=DIRECTION('',(1.,0.,-0.));
#14847=VECTOR('',#14846,1.);
#14848=LINE('',#14845,#14847);
#14849=EDGE_CURVE('',#14813,#14844,#14848,.T.);
#14850=ORIENTED_EDGE('',*,*,#14849,.T.);
#14851=CARTESIAN_POINT('',(16.,13.,0.81));
#14852=VERTEX_POINT('',#14851);
#14853=CARTESIAN_POINT('',(16.,13.,0.81));
#14854=DIRECTION('',(0.,0.,-1.));
#14855=VECTOR('',#14854,0.82);
#14856=LINE('',#14853,#14855);
#14857=EDGE_CURVE('',#14852,#14844,#14856,.T.);
#14858=ORIENTED_EDGE('',*,*,#14857,.F.);
#14859=CARTESIAN_POINT('',(15.,13.,0.81));
#14860=DIRECTION('',(1.,0.,-0.));
#14861=VECTOR('',#14860,1.);
#14862=LINE('',#14859,#14861);
#14863=EDGE_CURVE('',#14821,#14852,#14862,.T.);
#14864=ORIENTED_EDGE('',*,*,#14863,.F.);
#14865=ORIENTED_EDGE('',*,*,#14826,.T.);
#14866=EDGE_LOOP('',(#14850,#14858,#14864,#14865));
#14867=FACE_BOUND('',#14866,.T.);
#14868=ADVANCED_FACE('',(#14867),#14842,.F.);
#14869=CARTESIAN_POINT('',(16.,13.1,0.81));
#14870=DIRECTION('',(-1.,0.,0.));
#14871=DIRECTION('',(0.,0.,1.));
#14872=AXIS2_PLACEMENT_3D('',#14869,#14870,#14871);
#14873=PLANE('',#14872);
#14874=CARTESIAN_POINT('',(16.,13.2,-0.01));
#14875=VERTEX_POINT('',#14874);
#14876=CARTESIAN_POINT('',(16.,13.,-0.01));
#14877=DIRECTION('',(0.,1.,0.));
#14878=VECTOR('',#14877,0.2);
#14879=LINE('',#14876,#14878);
#14880=EDGE_CURVE('',#14844,#14875,#14879,.T.);
#14881=ORIENTED_EDGE('',*,*,#14880,.T.);
#14882=CARTESIAN_POINT('',(16.,13.2,0.81));
#14883=VERTEX_POINT('',#14882);
#14884=CARTESIAN_POINT('',(16.,13.2,0.81));
#14885=DIRECTION('',(0.,0.,-1.));
#14886=VECTOR('',#14885,0.82);
#14887=LINE('',#14884,#14886);
#14888=EDGE_CURVE('',#14883,#14875,#14887,.T.);
#14889=ORIENTED_EDGE('',*,*,#14888,.F.);
#14890=CARTESIAN_POINT('',(16.,13.,0.81));
#14891=DIRECTION('',(0.,1.,0.));
#14892=VECTOR('',#14891,0.2);
#14893=LINE('',#14890,#14892);
#14894=EDGE_CURVE('',#14852,#14883,#14893,.T.);
#14895=ORIENTED_EDGE('',*,*,#14894,.F.);
#14896=ORIENTED_EDGE('',*,*,#14857,.T.);
#14897=EDGE_LOOP('',(#14881,#14889,#14895,#14896));
#14898=FACE_BOUND('',#14897,.T.);
#14899=ADVANCED_FACE('',(#14898),#14873,.F.);
#14900=CARTESIAN_POINT('',(0.,0.,0.81));
#14901=DIRECTION('',(0.,0.,1.));
#14902=DIRECTION('',(1.,0.,0.));
#14903=AXIS2_PLACEMENT_3D('',#14900,#14901,#14902);
#14904=PLANE('',#14903);
#14905=CARTESIAN_POINT('',(16.,13.5,0.81));
#14906=DIRECTION('',(0.,0.,1.));
#14907=DIRECTION('',(1.,0.,-0.));
#14908=AXIS2_PLACEMENT_3D('',#14905,#14906,#14907);
#14909=CIRCLE('',#14908,0.3);
#14910=EDGE_CURVE('',#14711,#14883,#14909,.T.);
#14911=ORIENTED_EDGE('',*,*,#14910,.F.);
#14912=ORIENTED_EDGE('',*,*,#14740,.F.);
#14913=ORIENTED_EDGE('',*,*,#14770,.T.);
#14914=ORIENTED_EDGE('',*,*,#14801,.T.);
#14915=ORIENTED_EDGE('',*,*,#14832,.T.);
#14916=ORIENTED_EDGE('',*,*,#14863,.T.);
#14917=ORIENTED_EDGE('',*,*,#14894,.T.);
#14918=EDGE_LOOP('',(#14911,#14912,#14913,#14914,#14915,#14916,#14917));
#14919=FACE_BOUND('',#14918,.T.);
#14920=ADVANCED_FACE('',(#14919),#14904,.T.);
#14921=CARTESIAN_POINT('',(0.,0.,-0.01));
#14922=DIRECTION('',(0.,0.,1.));
#14923=DIRECTION('',(1.,0.,0.));
#14924=AXIS2_PLACEMENT_3D('',#14921,#14922,#14923);
#14925=PLANE('',#14924);
#14926=ORIENTED_EDGE('',*,*,#14725,.T.);
#14927=CARTESIAN_POINT('',(16.,13.5,-0.01));
#14928=DIRECTION('',(0.,0.,1.));
#14929=DIRECTION('',(1.,0.,-0.));
#14930=AXIS2_PLACEMENT_3D('',#14927,#14928,#14929);
#14931=CIRCLE('',#14930,0.3);
#14932=EDGE_CURVE('',#14709,#14875,#14931,.T.);
#14933=ORIENTED_EDGE('',*,*,#14932,.T.);
#14934=ORIENTED_EDGE('',*,*,#14880,.F.);
#14935=ORIENTED_EDGE('',*,*,#14849,.F.);
#14936=ORIENTED_EDGE('',*,*,#14818,.F.);
#14937=ORIENTED_EDGE('',*,*,#14787,.F.);
#14938=ORIENTED_EDGE('',*,*,#14756,.F.);
#14939=EDGE_LOOP('',(#14926,#14933,#14934,#14935,#14936,#14937,#14938));
#14940=FACE_BOUND('',#14939,.T.);
#14941=ADVANCED_FACE('',(#14940),#14925,.F.);
#14942=CARTESIAN_POINT('',(16.,13.5,0.81));
#14943=DIRECTION('',(0.,0.,-1.));
#14944=DIRECTION('',(-1.,0.,0.));
#14945=AXIS2_PLACEMENT_3D('',#14942,#14943,#14944);
#14946=CYLINDRICAL_SURFACE('',#14945,0.3);
#14947=ORIENTED_EDGE('',*,*,#14716,.T.);
#14948=ORIENTED_EDGE('',*,*,#14910,.T.);
#14949=ORIENTED_EDGE('',*,*,#14888,.T.);
#14950=ORIENTED_EDGE('',*,*,#14932,.F.);
#14951=EDGE_LOOP('',(#14947,#14948,#14949,#14950));
#14952=FACE_BOUND('',#14951,.T.);
#14953=ADVANCED_FACE('',(#14952),#14946,.F.);
#14954=CLOSED_SHELL('',(#14744,#14775,#14806,#14837,#14868,#14899,#14920,#14941,#14953));
#14955=MANIFOLD_SOLID_BREP('Body 11',#14954);
#14702=STYLED_ITEM('',(#13685),#14955);
#14957=CARTESIAN_POINT('',(16.,9.5,0.81));
#14958=DIRECTION('',(0.,0.,-1.));
#14959=DIRECTION('',(-1.,0.,0.));
#14960=AXIS2_PLACEMENT_3D('',#14957,#14958,#14959);
#14961=CYLINDRICAL_SURFACE('',#14960,0.3);
#14962=CARTESIAN_POINT('',(15.7,9.5,-0.01));
#14963=VERTEX_POINT('',#14962);
#14964=CARTESIAN_POINT('',(15.7,9.5,0.81));
#14965=VERTEX_POINT('',#14964);
#14966=CARTESIAN_POINT('',(15.7,9.5,-0.01));
#14967=DIRECTION('',(-0.,-0.,1.));
#14968=VECTOR('',#14967,0.82);
#14969=LINE('',#14966,#14968);
#14970=EDGE_CURVE('',#14963,#14965,#14969,.T.);
#14971=ORIENTED_EDGE('',*,*,#14970,.F.);
#14972=CARTESIAN_POINT('',(16.,9.8,-0.01));
#14973=VERTEX_POINT('',#14972);
#14974=CARTESIAN_POINT('',(16.,9.5,-0.01));
#14975=DIRECTION('',(0.,0.,1.));
#14976=DIRECTION('',(1.,0.,-0.));
#14977=AXIS2_PLACEMENT_3D('',#14974,#14975,#14976);
#14978=CIRCLE('',#14977,0.3);
#14979=EDGE_CURVE('',#14973,#14963,#14978,.T.);
#14980=ORIENTED_EDGE('',*,*,#14979,.F.);
#14981=CARTESIAN_POINT('',(16.,9.8,0.81));
#14982=VERTEX_POINT('',#14981);
#14983=CARTESIAN_POINT('',(16.,9.8,0.81));
#14984=DIRECTION('',(0.,0.,-1.));
#14985=VECTOR('',#14984,0.82);
#14986=LINE('',#14983,#14985);
#14987=EDGE_CURVE('',#14982,#14973,#14986,.T.);
#14988=ORIENTED_EDGE('',*,*,#14987,.F.);
#14989=CARTESIAN_POINT('',(16.,9.5,0.81));
#14990=DIRECTION('',(0.,0.,1.));
#14991=DIRECTION('',(1.,0.,-0.));
#14992=AXIS2_PLACEMENT_3D('',#14989,#14990,#14991);
#14993=CIRCLE('',#14992,0.3);
#14994=EDGE_CURVE('',#14982,#14965,#14993,.T.);
#14995=ORIENTED_EDGE('',*,*,#14994,.T.);
#14996=EDGE_LOOP('',(#14971,#14980,#14988,#14995));
#14997=FACE_BOUND('',#14996,.T.);
#14998=ADVANCED_FACE('',(#14997),#14961,.F.);
#14999=CARTESIAN_POINT('',(16.,9.9,0.81));
#15000=DIRECTION('',(-1.,0.,0.));
#15001=DIRECTION('',(0.,0.,1.));
#15002=AXIS2_PLACEMENT_3D('',#14999,#15000,#15001);
#15003=PLANE('',#15002);
#15004=CARTESIAN_POINT('',(16.,10.,-0.01));
#15005=VERTEX_POINT('',#15004);
#15006=CARTESIAN_POINT('',(16.,9.8,-0.01));
#15007=DIRECTION('',(0.,1.,0.));
#15008=VECTOR('',#15007,0.2);
#15009=LINE('',#15006,#15008);
#15010=EDGE_CURVE('',#14973,#15005,#15009,.T.);
#15011=ORIENTED_EDGE('',*,*,#15010,.T.);
#15012=CARTESIAN_POINT('',(16.,10.,0.81));
#15013=VERTEX_POINT('',#15012);
#15014=CARTESIAN_POINT('',(16.,10.,0.81));
#15015=DIRECTION('',(0.,0.,-1.));
#15016=VECTOR('',#15015,0.82);
#15017=LINE('',#15014,#15016);
#15018=EDGE_CURVE('',#15013,#15005,#15017,.T.);
#15019=ORIENTED_EDGE('',*,*,#15018,.F.);
#15020=CARTESIAN_POINT('',(16.,9.8,0.81));
#15021=DIRECTION('',(0.,1.,0.));
#15022=VECTOR('',#15021,0.2);
#15023=LINE('',#15020,#15022);
#15024=EDGE_CURVE('',#14982,#15013,#15023,.T.);
#15025=ORIENTED_EDGE('',*,*,#15024,.F.);
#15026=ORIENTED_EDGE('',*,*,#14987,.T.);
#15027=EDGE_LOOP('',(#15011,#15019,#15025,#15026));
#15028=FACE_BOUND('',#15027,.T.);
#15029=ADVANCED_FACE('',(#15028),#15003,.F.);
#15030=CARTESIAN_POINT('',(15.5,10.,0.81));
#15031=DIRECTION('',(0.,-1.,0.));
#15032=DIRECTION('',(0.,0.,-1.));
#15033=AXIS2_PLACEMENT_3D('',#15030,#15031,#15032);
#15034=PLANE('',#15033);
#15035=CARTESIAN_POINT('',(15.,10.,-0.01));
#15036=VERTEX_POINT('',#15035);
#15037=CARTESIAN_POINT('',(16.,10.,-0.01));
#15038=DIRECTION('',(-1.,0.,0.));
#15039=VECTOR('',#15038,1.);
#15040=LINE('',#15037,#15039);
#15041=EDGE_CURVE('',#15005,#15036,#15040,.T.);
#15042=ORIENTED_EDGE('',*,*,#15041,.T.);
#15043=CARTESIAN_POINT('',(15.,10.,0.81));
#15044=VERTEX_POINT('',#15043);
#15045=CARTESIAN_POINT('',(15.,10.,0.81));
#15046=DIRECTION('',(0.,0.,-1.));
#15047=VECTOR('',#15046,0.82);
#15048=LINE('',#15045,#15047);
#15049=EDGE_CURVE('',#15044,#15036,#15048,.T.);
#15050=ORIENTED_EDGE('',*,*,#15049,.F.);
#15051=CARTESIAN_POINT('',(16.,10.,0.81));
#15052=DIRECTION('',(-1.,0.,0.));
#15053=VECTOR('',#15052,1.);
#15054=LINE('',#15051,#15053);
#15055=EDGE_CURVE('',#15013,#15044,#15054,.T.);
#15056=ORIENTED_EDGE('',*,*,#15055,.F.);
#15057=ORIENTED_EDGE('',*,*,#15018,.T.);
#15058=EDGE_LOOP('',(#15042,#15050,#15056,#15057));
#15059=FACE_BOUND('',#15058,.T.);
#15060=ADVANCED_FACE('',(#15059),#15034,.F.);
#15061=CARTESIAN_POINT('',(15.,9.5,0.81));
#15062=DIRECTION('',(1.,0.,0.));
#15063=DIRECTION('',(0.,0.,-1.));
#15064=AXIS2_PLACEMENT_3D('',#15061,#15062,#15063);
#15065=PLANE('',#15064);
#15066=CARTESIAN_POINT('',(15.,9.,-0.01));
#15067=VERTEX_POINT('',#15066);
#15068=CARTESIAN_POINT('',(15.,10.,-0.01));
#15069=DIRECTION('',(0.,-1.,0.));
#15070=VECTOR('',#15069,1.);
#15071=LINE('',#15068,#15070);
#15072=EDGE_CURVE('',#15036,#15067,#15071,.T.);
#15073=ORIENTED_EDGE('',*,*,#15072,.T.);
#15074=CARTESIAN_POINT('',(15.,9.,0.81));
#15075=VERTEX_POINT('',#15074);
#15076=CARTESIAN_POINT('',(15.,9.,0.81));
#15077=DIRECTION('',(0.,0.,-1.));
#15078=VECTOR('',#15077,0.82);
#15079=LINE('',#15076,#15078);
#15080=EDGE_CURVE('',#15075,#15067,#15079,.T.);
#15081=ORIENTED_EDGE('',*,*,#15080,.F.);
#15082=CARTESIAN_POINT('',(15.,10.,0.81));
#15083=DIRECTION('',(0.,-1.,0.));
#15084=VECTOR('',#15083,1.);
#15085=LINE('',#15082,#15084);
#15086=EDGE_CURVE('',#15044,#15075,#15085,.T.);
#15087=ORIENTED_EDGE('',*,*,#15086,.F.);
#15088=ORIENTED_EDGE('',*,*,#15049,.T.);
#15089=EDGE_LOOP('',(#15073,#15081,#15087,#15088));
#15090=FACE_BOUND('',#15089,.T.);
#15091=ADVANCED_FACE('',(#15090),#15065,.F.);
#15092=CARTESIAN_POINT('',(15.5,9.,0.81));
#15093=DIRECTION('',(0.,1.,0.));
#15094=DIRECTION('',(0.,0.,1.));
#15095=AXIS2_PLACEMENT_3D('',#15092,#15093,#15094);
#15096=PLANE('',#15095);
#15097=CARTESIAN_POINT('',(16.,9.,-0.01));
#15098=VERTEX_POINT('',#15097);
#15099=CARTESIAN_POINT('',(15.,9.,-0.01));
#15100=DIRECTION('',(1.,0.,-0.));
#15101=VECTOR('',#15100,1.);
#15102=LINE('',#15099,#15101);
#15103=EDGE_CURVE('',#15067,#15098,#15102,.T.);
#15104=ORIENTED_EDGE('',*,*,#15103,.T.);
#15105=CARTESIAN_POINT('',(16.,9.,0.81));
#15106=VERTEX_POINT('',#15105);
#15107=CARTESIAN_POINT('',(16.,9.,0.81));
#15108=DIRECTION('',(0.,0.,-1.));
#15109=VECTOR('',#15108,0.82);
#15110=LINE('',#15107,#15109);
#15111=EDGE_CURVE('',#15106,#15098,#15110,.T.);
#15112=ORIENTED_EDGE('',*,*,#15111,.F.);
#15113=CARTESIAN_POINT('',(15.,9.,0.81));
#15114=DIRECTION('',(1.,0.,-0.));
#15115=VECTOR('',#15114,1.);
#15116=LINE('',#15113,#15115);
#15117=EDGE_CURVE('',#15075,#15106,#15116,.T.);
#15118=ORIENTED_EDGE('',*,*,#15117,.F.);
#15119=ORIENTED_EDGE('',*,*,#15080,.T.);
#15120=EDGE_LOOP('',(#15104,#15112,#15118,#15119));
#15121=FACE_BOUND('',#15120,.T.);
#15122=ADVANCED_FACE('',(#15121),#15096,.F.);
#15123=CARTESIAN_POINT('',(16.,9.1,0.81));
#15124=DIRECTION('',(-1.,0.,0.));
#15125=DIRECTION('',(0.,0.,1.));
#15126=AXIS2_PLACEMENT_3D('',#15123,#15124,#15125);
#15127=PLANE('',#15126);
#15128=CARTESIAN_POINT('',(16.,9.2,-0.01));
#15129=VERTEX_POINT('',#15128);
#15130=CARTESIAN_POINT('',(16.,9.,-0.01));
#15131=DIRECTION('',(0.,1.,0.));
#15132=VECTOR('',#15131,0.2);
#15133=LINE('',#15130,#15132);
#15134=EDGE_CURVE('',#15098,#15129,#15133,.T.);
#15135=ORIENTED_EDGE('',*,*,#15134,.T.);
#15136=CARTESIAN_POINT('',(16.,9.2,0.81));
#15137=VERTEX_POINT('',#15136);
#15138=CARTESIAN_POINT('',(16.,9.2,0.81));
#15139=DIRECTION('',(0.,0.,-1.));
#15140=VECTOR('',#15139,0.82);
#15141=LINE('',#15138,#15140);
#15142=EDGE_CURVE('',#15137,#15129,#15141,.T.);
#15143=ORIENTED_EDGE('',*,*,#15142,.F.);
#15144=CARTESIAN_POINT('',(16.,9.,0.81));
#15145=DIRECTION('',(0.,1.,0.));
#15146=VECTOR('',#15145,0.2);
#15147=LINE('',#15144,#15146);
#15148=EDGE_CURVE('',#15106,#15137,#15147,.T.);
#15149=ORIENTED_EDGE('',*,*,#15148,.F.);
#15150=ORIENTED_EDGE('',*,*,#15111,.T.);
#15151=EDGE_LOOP('',(#15135,#15143,#15149,#15150));
#15152=FACE_BOUND('',#15151,.T.);
#15153=ADVANCED_FACE('',(#15152),#15127,.F.);
#15154=CARTESIAN_POINT('',(0.,0.,0.81));
#15155=DIRECTION('',(0.,0.,1.));
#15156=DIRECTION('',(1.,0.,0.));
#15157=AXIS2_PLACEMENT_3D('',#15154,#15155,#15156);
#15158=PLANE('',#15157);
#15159=CARTESIAN_POINT('',(16.,9.5,0.81));
#15160=DIRECTION('',(0.,0.,1.));
#15161=DIRECTION('',(1.,0.,-0.));
#15162=AXIS2_PLACEMENT_3D('',#15159,#15160,#15161);
#15163=CIRCLE('',#15162,0.3);
#15164=EDGE_CURVE('',#14965,#15137,#15163,.T.);
#15165=ORIENTED_EDGE('',*,*,#15164,.F.);
#15166=ORIENTED_EDGE('',*,*,#14994,.F.);
#15167=ORIENTED_EDGE('',*,*,#15024,.T.);
#15168=ORIENTED_EDGE('',*,*,#15055,.T.);
#15169=ORIENTED_EDGE('',*,*,#15086,.T.);
#15170=ORIENTED_EDGE('',*,*,#15117,.T.);
#15171=ORIENTED_EDGE('',*,*,#15148,.T.);
#15172=EDGE_LOOP('',(#15165,#15166,#15167,#15168,#15169,#15170,#15171));
#15173=FACE_BOUND('',#15172,.T.);
#15174=ADVANCED_FACE('',(#15173),#15158,.T.);
#15175=CARTESIAN_POINT('',(0.,0.,-0.01));
#15176=DIRECTION('',(0.,0.,1.));
#15177=DIRECTION('',(1.,0.,0.));
#15178=AXIS2_PLACEMENT_3D('',#15175,#15176,#15177);
#15179=PLANE('',#15178);
#15180=ORIENTED_EDGE('',*,*,#14979,.T.);
#15181=CARTESIAN_POINT('',(16.,9.5,-0.01));
#15182=DIRECTION('',(0.,0.,1.));
#15183=DIRECTION('',(1.,0.,-0.));
#15184=AXIS2_PLACEMENT_3D('',#15181,#15182,#15183);
#15185=CIRCLE('',#15184,0.3);
#15186=EDGE_CURVE('',#14963,#15129,#15185,.T.);
#15187=ORIENTED_EDGE('',*,*,#15186,.T.);
#15188=ORIENTED_EDGE('',*,*,#15134,.F.);
#15189=ORIENTED_EDGE('',*,*,#15103,.F.);
#15190=ORIENTED_EDGE('',*,*,#15072,.F.);
#15191=ORIENTED_EDGE('',*,*,#15041,.F.);
#15192=ORIENTED_EDGE('',*,*,#15010,.F.);
#15193=EDGE_LOOP('',(#15180,#15187,#15188,#15189,#15190,#15191,#15192));
#15194=FACE_BOUND('',#15193,.T.);
#15195=ADVANCED_FACE('',(#15194),#15179,.F.);
#15196=CARTESIAN_POINT('',(16.,9.5,0.81));
#15197=DIRECTION('',(0.,0.,-1.));
#15198=DIRECTION('',(-1.,0.,0.));
#15199=AXIS2_PLACEMENT_3D('',#15196,#15197,#15198);
#15200=CYLINDRICAL_SURFACE('',#15199,0.3);
#15201=ORIENTED_EDGE('',*,*,#14970,.T.);
#15202=ORIENTED_EDGE('',*,*,#15164,.T.);
#15203=ORIENTED_EDGE('',*,*,#15142,.T.);
#15204=ORIENTED_EDGE('',*,*,#15186,.F.);
#15205=EDGE_LOOP('',(#15201,#15202,#15203,#15204));
#15206=FACE_BOUND('',#15205,.T.);
#15207=ADVANCED_FACE('',(#15206),#15200,.F.);
#15208=CLOSED_SHELL('',(#14998,#15029,#15060,#15091,#15122,#15153,#15174,#15195,#15207));
#15209=MANIFOLD_SOLID_BREP('Body 10',#15208);
#14956=STYLED_ITEM('',(#13685),#15209);
#15211=CARTESIAN_POINT('',(16.,3.5,0.81));
#15212=DIRECTION('',(0.,0.,-1.));
#15213=DIRECTION('',(-1.,0.,0.));
#15214=AXIS2_PLACEMENT_3D('',#15211,#15212,#15213);
#15215=CYLINDRICAL_SURFACE('',#15214,0.3);
#15216=CARTESIAN_POINT('',(15.7,3.5,-0.01));
#15217=VERTEX_POINT('',#15216);
#15218=CARTESIAN_POINT('',(15.7,3.5,0.81));
#15219=VERTEX_POINT('',#15218);
#15220=CARTESIAN_POINT('',(15.7,3.5,-0.01));
#15221=DIRECTION('',(-0.,-0.,1.));
#15222=VECTOR('',#15221,0.82);
#15223=LINE('',#15220,#15222);
#15224=EDGE_CURVE('',#15217,#15219,#15223,.T.);
#15225=ORIENTED_EDGE('',*,*,#15224,.F.);
#15226=CARTESIAN_POINT('',(16.,3.8,-0.01));
#15227=VERTEX_POINT('',#15226);
#15228=CARTESIAN_POINT('',(16.,3.5,-0.01));
#15229=DIRECTION('',(0.,0.,1.));
#15230=DIRECTION('',(1.,0.,-0.));
#15231=AXIS2_PLACEMENT_3D('',#15228,#15229,#15230);
#15232=CIRCLE('',#15231,0.3);
#15233=EDGE_CURVE('',#15227,#15217,#15232,.T.);
#15234=ORIENTED_EDGE('',*,*,#15233,.F.);
#15235=CARTESIAN_POINT('',(16.,3.8,0.81));
#15236=VERTEX_POINT('',#15235);
#15237=CARTESIAN_POINT('',(16.,3.8,0.81));
#15238=DIRECTION('',(0.,0.,-1.));
#15239=VECTOR('',#15238,0.82);
#15240=LINE('',#15237,#15239);
#15241=EDGE_CURVE('',#15236,#15227,#15240,.T.);
#15242=ORIENTED_EDGE('',*,*,#15241,.F.);
#15243=CARTESIAN_POINT('',(16.,3.5,0.81));
#15244=DIRECTION('',(0.,0.,1.));
#15245=DIRECTION('',(1.,0.,-0.));
#15246=AXIS2_PLACEMENT_3D('',#15243,#15244,#15245);
#15247=CIRCLE('',#15246,0.3);
#15248=EDGE_CURVE('',#15236,#15219,#15247,.T.);
#15249=ORIENTED_EDGE('',*,*,#15248,.T.);
#15250=EDGE_LOOP('',(#15225,#15234,#15242,#15249));
#15251=FACE_BOUND('',#15250,.T.);
#15252=ADVANCED_FACE('',(#15251),#15215,.F.);
#15253=CARTESIAN_POINT('',(16.,3.9,0.81));
#15254=DIRECTION('',(-1.,0.,0.));
#15255=DIRECTION('',(0.,0.,1.));
#15256=AXIS2_PLACEMENT_3D('',#15253,#15254,#15255);
#15257=PLANE('',#15256);
#15258=CARTESIAN_POINT('',(16.,4.,-0.01));
#15259=VERTEX_POINT('',#15258);
#15260=CARTESIAN_POINT('',(16.,3.8,-0.01));
#15261=DIRECTION('',(0.,1.,0.));
#15262=VECTOR('',#15261,0.2);
#15263=LINE('',#15260,#15262);
#15264=EDGE_CURVE('',#15227,#15259,#15263,.T.);
#15265=ORIENTED_EDGE('',*,*,#15264,.T.);
#15266=CARTESIAN_POINT('',(16.,4.,0.81));
#15267=VERTEX_POINT('',#15266);
#15268=CARTESIAN_POINT('',(16.,4.,0.81));
#15269=DIRECTION('',(0.,0.,-1.));
#15270=VECTOR('',#15269,0.82);
#15271=LINE('',#15268,#15270);
#15272=EDGE_CURVE('',#15267,#15259,#15271,.T.);
#15273=ORIENTED_EDGE('',*,*,#15272,.F.);
#15274=CARTESIAN_POINT('',(16.,3.8,0.81));
#15275=DIRECTION('',(0.,1.,0.));
#15276=VECTOR('',#15275,0.2);
#15277=LINE('',#15274,#15276);
#15278=EDGE_CURVE('',#15236,#15267,#15277,.T.);
#15279=ORIENTED_EDGE('',*,*,#15278,.F.);
#15280=ORIENTED_EDGE('',*,*,#15241,.T.);
#15281=EDGE_LOOP('',(#15265,#15273,#15279,#15280));
#15282=FACE_BOUND('',#15281,.T.);
#15283=ADVANCED_FACE('',(#15282),#15257,.F.);
#15284=CARTESIAN_POINT('',(15.5,4.,0.81));
#15285=DIRECTION('',(0.,-1.,0.));
#15286=DIRECTION('',(0.,0.,-1.));
#15287=AXIS2_PLACEMENT_3D('',#15284,#15285,#15286);
#15288=PLANE('',#15287);
#15289=CARTESIAN_POINT('',(15.,4.,-0.01));
#15290=VERTEX_POINT('',#15289);
#15291=CARTESIAN_POINT('',(16.,4.,-0.01));
#15292=DIRECTION('',(-1.,0.,0.));
#15293=VECTOR('',#15292,1.);
#15294=LINE('',#15291,#15293);
#15295=EDGE_CURVE('',#15259,#15290,#15294,.T.);
#15296=ORIENTED_EDGE('',*,*,#15295,.T.);
#15297=CARTESIAN_POINT('',(15.,4.,0.81));
#15298=VERTEX_POINT('',#15297);
#15299=CARTESIAN_POINT('',(15.,4.,0.81));
#15300=DIRECTION('',(0.,0.,-1.));
#15301=VECTOR('',#15300,0.82);
#15302=LINE('',#15299,#15301);
#15303=EDGE_CURVE('',#15298,#15290,#15302,.T.);
#15304=ORIENTED_EDGE('',*,*,#15303,.F.);
#15305=CARTESIAN_POINT('',(16.,4.,0.81));
#15306=DIRECTION('',(-1.,0.,0.));
#15307=VECTOR('',#15306,1.);
#15308=LINE('',#15305,#15307);
#15309=EDGE_CURVE('',#15267,#15298,#15308,.T.);
#15310=ORIENTED_EDGE('',*,*,#15309,.F.);
#15311=ORIENTED_EDGE('',*,*,#15272,.T.);
#15312=EDGE_LOOP('',(#15296,#15304,#15310,#15311));
#15313=FACE_BOUND('',#15312,.T.);
#15314=ADVANCED_FACE('',(#15313),#15288,.F.);
#15315=CARTESIAN_POINT('',(15.,3.5,0.81));
#15316=DIRECTION('',(1.,0.,0.));
#15317=DIRECTION('',(0.,0.,-1.));
#15318=AXIS2_PLACEMENT_3D('',#15315,#15316,#15317);
#15319=PLANE('',#15318);
#15320=CARTESIAN_POINT('',(15.,3.,-0.01));
#15321=VERTEX_POINT('',#15320);
#15322=CARTESIAN_POINT('',(15.,4.,-0.01));
#15323=DIRECTION('',(0.,-1.,0.));
#15324=VECTOR('',#15323,1.);
#15325=LINE('',#15322,#15324);
#15326=EDGE_CURVE('',#15290,#15321,#15325,.T.);
#15327=ORIENTED_EDGE('',*,*,#15326,.T.);
#15328=CARTESIAN_POINT('',(15.,3.,0.81));
#15329=VERTEX_POINT('',#15328);
#15330=CARTESIAN_POINT('',(15.,3.,0.81));
#15331=DIRECTION('',(0.,0.,-1.));
#15332=VECTOR('',#15331,0.82);
#15333=LINE('',#15330,#15332);
#15334=EDGE_CURVE('',#15329,#15321,#15333,.T.);
#15335=ORIENTED_EDGE('',*,*,#15334,.F.);
#15336=CARTESIAN_POINT('',(15.,4.,0.81));
#15337=DIRECTION('',(0.,-1.,0.));
#15338=VECTOR('',#15337,1.);
#15339=LINE('',#15336,#15338);
#15340=EDGE_CURVE('',#15298,#15329,#15339,.T.);
#15341=ORIENTED_EDGE('',*,*,#15340,.F.);
#15342=ORIENTED_EDGE('',*,*,#15303,.T.);
#15343=EDGE_LOOP('',(#15327,#15335,#15341,#15342));
#15344=FACE_BOUND('',#15343,.T.);
#15345=ADVANCED_FACE('',(#15344),#15319,.F.);
#15346=CARTESIAN_POINT('',(15.5,3.,0.81));
#15347=DIRECTION('',(0.,1.,0.));
#15348=DIRECTION('',(0.,0.,1.));
#15349=AXIS2_PLACEMENT_3D('',#15346,#15347,#15348);
#15350=PLANE('',#15349);
#15351=CARTESIAN_POINT('',(16.,3.,-0.01));
#15352=VERTEX_POINT('',#15351);
#15353=CARTESIAN_POINT('',(15.,3.,-0.01));
#15354=DIRECTION('',(1.,0.,-0.));
#15355=VECTOR('',#15354,1.);
#15356=LINE('',#15353,#15355);
#15357=EDGE_CURVE('',#15321,#15352,#15356,.T.);
#15358=ORIENTED_EDGE('',*,*,#15357,.T.);
#15359=CARTESIAN_POINT('',(16.,3.,0.81));
#15360=VERTEX_POINT('',#15359);
#15361=CARTESIAN_POINT('',(16.,3.,0.81));
#15362=DIRECTION('',(0.,0.,-1.));
#15363=VECTOR('',#15362,0.82);
#15364=LINE('',#15361,#15363);
#15365=EDGE_CURVE('',#15360,#15352,#15364,.T.);
#15366=ORIENTED_EDGE('',*,*,#15365,.F.);
#15367=CARTESIAN_POINT('',(15.,3.,0.81));
#15368=DIRECTION('',(1.,0.,-0.));
#15369=VECTOR('',#15368,1.);
#15370=LINE('',#15367,#15369);
#15371=EDGE_CURVE('',#15329,#15360,#15370,.T.);
#15372=ORIENTED_EDGE('',*,*,#15371,.F.);
#15373=ORIENTED_EDGE('',*,*,#15334,.T.);
#15374=EDGE_LOOP('',(#15358,#15366,#15372,#15373));
#15375=FACE_BOUND('',#15374,.T.);
#15376=ADVANCED_FACE('',(#15375),#15350,.F.);
#15377=CARTESIAN_POINT('',(16.,3.1,0.81));
#15378=DIRECTION('',(-1.,0.,0.));
#15379=DIRECTION('',(0.,0.,1.));
#15380=AXIS2_PLACEMENT_3D('',#15377,#15378,#15379);
#15381=PLANE('',#15380);
#15382=CARTESIAN_POINT('',(16.,3.2,-0.01));
#15383=VERTEX_POINT('',#15382);
#15384=CARTESIAN_POINT('',(16.,3.,-0.01));
#15385=DIRECTION('',(0.,1.,0.));
#15386=VECTOR('',#15385,0.2);
#15387=LINE('',#15384,#15386);
#15388=EDGE_CURVE('',#15352,#15383,#15387,.T.);
#15389=ORIENTED_EDGE('',*,*,#15388,.T.);
#15390=CARTESIAN_POINT('',(16.,3.2,0.81));
#15391=VERTEX_POINT('',#15390);
#15392=CARTESIAN_POINT('',(16.,3.2,0.81));
#15393=DIRECTION('',(0.,0.,-1.));
#15394=VECTOR('',#15393,0.82);
#15395=LINE('',#15392,#15394);
#15396=EDGE_CURVE('',#15391,#15383,#15395,.T.);
#15397=ORIENTED_EDGE('',*,*,#15396,.F.);
#15398=CARTESIAN_POINT('',(16.,3.,0.81));
#15399=DIRECTION('',(0.,1.,0.));
#15400=VECTOR('',#15399,0.2);
#15401=LINE('',#15398,#15400);
#15402=EDGE_CURVE('',#15360,#15391,#15401,.T.);
#15403=ORIENTED_EDGE('',*,*,#15402,.F.);
#15404=ORIENTED_EDGE('',*,*,#15365,.T.);
#15405=EDGE_LOOP('',(#15389,#15397,#15403,#15404));
#15406=FACE_BOUND('',#15405,.T.);
#15407=ADVANCED_FACE('',(#15406),#15381,.F.);
#15408=CARTESIAN_POINT('',(0.,0.,0.81));
#15409=DIRECTION('',(0.,0.,1.));
#15410=DIRECTION('',(1.,0.,0.));
#15411=AXIS2_PLACEMENT_3D('',#15408,#15409,#15410);
#15412=PLANE('',#15411);
#15413=CARTESIAN_POINT('',(16.,3.5,0.81));
#15414=DIRECTION('',(0.,0.,1.));
#15415=DIRECTION('',(1.,0.,-0.));
#15416=AXIS2_PLACEMENT_3D('',#15413,#15414,#15415);
#15417=CIRCLE('',#15416,0.3);
#15418=EDGE_CURVE('',#15219,#15391,#15417,.T.);
#15419=ORIENTED_EDGE('',*,*,#15418,.F.);
#15420=ORIENTED_EDGE('',*,*,#15248,.F.);
#15421=ORIENTED_EDGE('',*,*,#15278,.T.);
#15422=ORIENTED_EDGE('',*,*,#15309,.T.);
#15423=ORIENTED_EDGE('',*,*,#15340,.T.);
#15424=ORIENTED_EDGE('',*,*,#15371,.T.);
#15425=ORIENTED_EDGE('',*,*,#15402,.T.);
#15426=EDGE_LOOP('',(#15419,#15420,#15421,#15422,#15423,#15424,#15425));
#15427=FACE_BOUND('',#15426,.T.);
#15428=ADVANCED_FACE('',(#15427),#15412,.T.);
#15429=CARTESIAN_POINT('',(0.,0.,-0.01));
#15430=DIRECTION('',(0.,0.,1.));
#15431=DIRECTION('',(1.,0.,0.));
#15432=AXIS2_PLACEMENT_3D('',#15429,#15430,#15431);
#15433=PLANE('',#15432);
#15434=ORIENTED_EDGE('',*,*,#15233,.T.);
#15435=CARTESIAN_POINT('',(16.,3.5,-0.01));
#15436=DIRECTION('',(0.,0.,1.));
#15437=DIRECTION('',(1.,0.,-0.));
#15438=AXIS2_PLACEMENT_3D('',#15435,#15436,#15437);
#15439=CIRCLE('',#15438,0.3);
#15440=EDGE_CURVE('',#15217,#15383,#15439,.T.);
#15441=ORIENTED_EDGE('',*,*,#15440,.T.);
#15442=ORIENTED_EDGE('',*,*,#15388,.F.);
#15443=ORIENTED_EDGE('',*,*,#15357,.F.);
#15444=ORIENTED_EDGE('',*,*,#15326,.F.);
#15445=ORIENTED_EDGE('',*,*,#15295,.F.);
#15446=ORIENTED_EDGE('',*,*,#15264,.F.);
#15447=EDGE_LOOP('',(#15434,#15441,#15442,#15443,#15444,#15445,#15446));
#15448=FACE_BOUND('',#15447,.T.);
#15449=ADVANCED_FACE('',(#15448),#15433,.F.);
#15450=CARTESIAN_POINT('',(16.,3.5,0.81));
#15451=DIRECTION('',(0.,0.,-1.));
#15452=DIRECTION('',(-1.,0.,0.));
#15453=AXIS2_PLACEMENT_3D('',#15450,#15451,#15452);
#15454=CYLINDRICAL_SURFACE('',#15453,0.3);
#15455=ORIENTED_EDGE('',*,*,#15224,.T.);
#15456=ORIENTED_EDGE('',*,*,#15418,.T.);
#15457=ORIENTED_EDGE('',*,*,#15396,.T.);
#15458=ORIENTED_EDGE('',*,*,#15440,.F.);
#15459=EDGE_LOOP('',(#15455,#15456,#15457,#15458));
#15460=FACE_BOUND('',#15459,.T.);
#15461=ADVANCED_FACE('',(#15460),#15454,.F.);
#15462=CLOSED_SHELL('',(#15252,#15283,#15314,#15345,#15376,#15407,#15428,#15449,#15461));
#15463=MANIFOLD_SOLID_BREP('Body 15',#15462);
#15210=STYLED_ITEM('',(#13685),#15463);
#15465=CARTESIAN_POINT('',(-0.,1.5,0.81));
#15466=DIRECTION('',(0.,0.,-1.));
#15467=DIRECTION('',(-1.,0.,0.));
#15468=AXIS2_PLACEMENT_3D('',#15465,#15466,#15467);
#15469=CYLINDRICAL_SURFACE('',#15468,0.3);
#15470=CARTESIAN_POINT('',(0.,1.2,-0.01));
#15471=VERTEX_POINT('',#15470);
#15472=CARTESIAN_POINT('',(0.,1.8,-0.01));
#15473=VERTEX_POINT('',#15472);
#15474=CARTESIAN_POINT('',(-0.,1.5,-0.01));
#15475=DIRECTION('',(0.,0.,1.));
#15476=DIRECTION('',(1.,0.,-0.));
#15477=AXIS2_PLACEMENT_3D('',#15474,#15475,#15476);
#15478=CIRCLE('',#15477,0.3);
#15479=EDGE_CURVE('',#15471,#15473,#15478,.T.);
#15480=ORIENTED_EDGE('',*,*,#15479,.F.);
#15481=CARTESIAN_POINT('',(0.,1.2,0.81));
#15482=VERTEX_POINT('',#15481);
#15483=CARTESIAN_POINT('',(0.,1.2,0.81));
#15484=DIRECTION('',(0.,0.,-1.));
#15485=VECTOR('',#15484,0.82);
#15486=LINE('',#15483,#15485);
#15487=EDGE_CURVE('',#15482,#15471,#15486,.T.);
#15488=ORIENTED_EDGE('',*,*,#15487,.F.);
#15489=CARTESIAN_POINT('',(0.,1.8,0.81));
#15490=VERTEX_POINT('',#15489);
#15491=CARTESIAN_POINT('',(-0.,1.5,0.81));
#15492=DIRECTION('',(0.,0.,1.));
#15493=DIRECTION('',(1.,0.,-0.));
#15494=AXIS2_PLACEMENT_3D('',#15491,#15492,#15493);
#15495=CIRCLE('',#15494,0.3);
#15496=EDGE_CURVE('',#15482,#15490,#15495,.T.);
#15497=ORIENTED_EDGE('',*,*,#15496,.T.);
#15498=CARTESIAN_POINT('',(0.,1.8,0.81));
#15499=DIRECTION('',(0.,0.,-1.));
#15500=VECTOR('',#15499,0.82);
#15501=LINE('',#15498,#15500);
#15502=EDGE_CURVE('',#15490,#15473,#15501,.T.);
#15503=ORIENTED_EDGE('',*,*,#15502,.T.);
#15504=EDGE_LOOP('',(#15480,#15488,#15497,#15503));
#15505=FACE_BOUND('',#15504,.T.);
#15506=ADVANCED_FACE('',(#15505),#15469,.F.);
#15507=CARTESIAN_POINT('',(0.,1.1,0.81));
#15508=DIRECTION('',(-1.,0.,0.));
#15509=DIRECTION('',(0.,0.,1.));
#15510=AXIS2_PLACEMENT_3D('',#15507,#15508,#15509);
#15511=PLANE('',#15510);
#15512=CARTESIAN_POINT('',(0.,1.,-0.01));
#15513=VERTEX_POINT('',#15512);
#15514=CARTESIAN_POINT('',(0.,1.,-0.01));
#15515=DIRECTION('',(0.,1.,0.));
#15516=VECTOR('',#15515,0.2);
#15517=LINE('',#15514,#15516);
#15518=EDGE_CURVE('',#15513,#15471,#15517,.T.);
#15519=ORIENTED_EDGE('',*,*,#15518,.F.);
#15520=CARTESIAN_POINT('',(0.,1.,0.81));
#15521=VERTEX_POINT('',#15520);
#15522=CARTESIAN_POINT('',(0.,1.,0.81));
#15523=DIRECTION('',(0.,0.,-1.));
#15524=VECTOR('',#15523,0.82);
#15525=LINE('',#15522,#15524);
#15526=EDGE_CURVE('',#15521,#15513,#15525,.T.);
#15527=ORIENTED_EDGE('',*,*,#15526,.F.);
#15528=CARTESIAN_POINT('',(0.,1.,0.81));
#15529=DIRECTION('',(0.,1.,0.));
#15530=VECTOR('',#15529,0.2);
#15531=LINE('',#15528,#15530);
#15532=EDGE_CURVE('',#15521,#15482,#15531,.T.);
#15533=ORIENTED_EDGE('',*,*,#15532,.T.);
#15534=ORIENTED_EDGE('',*,*,#15487,.T.);
#15535=EDGE_LOOP('',(#15519,#15527,#15533,#15534));
#15536=FACE_BOUND('',#15535,.T.);
#15537=ADVANCED_FACE('',(#15536),#15511,.T.);
#15538=CARTESIAN_POINT('',(0.5,1.,0.81));
#15539=DIRECTION('',(0.,-1.,0.));
#15540=DIRECTION('',(0.,0.,-1.));
#15541=AXIS2_PLACEMENT_3D('',#15538,#15539,#15540);
#15542=PLANE('',#15541);
#15543=CARTESIAN_POINT('',(1.,1.,-0.01));
#15544=VERTEX_POINT('',#15543);
#15545=CARTESIAN_POINT('',(1.,1.,-0.01));
#15546=DIRECTION('',(-1.,0.,0.));
#15547=VECTOR('',#15546,1.);
#15548=LINE('',#15545,#15547);
#15549=EDGE_CURVE('',#15544,#15513,#15548,.T.);
#15550=ORIENTED_EDGE('',*,*,#15549,.F.);
#15551=CARTESIAN_POINT('',(1.,1.,0.81));
#15552=VERTEX_POINT('',#15551);
#15553=CARTESIAN_POINT('',(1.,1.,0.81));
#15554=DIRECTION('',(0.,0.,-1.));
#15555=VECTOR('',#15554,0.82);
#15556=LINE('',#15553,#15555);
#15557=EDGE_CURVE('',#15552,#15544,#15556,.T.);
#15558=ORIENTED_EDGE('',*,*,#15557,.F.);
#15559=CARTESIAN_POINT('',(1.,1.,0.81));
#15560=DIRECTION('',(-1.,0.,0.));
#15561=VECTOR('',#15560,1.);
#15562=LINE('',#15559,#15561);
#15563=EDGE_CURVE('',#15552,#15521,#15562,.T.);
#15564=ORIENTED_EDGE('',*,*,#15563,.T.);
#15565=ORIENTED_EDGE('',*,*,#15526,.T.);
#15566=EDGE_LOOP('',(#15550,#15558,#15564,#15565));
#15567=FACE_BOUND('',#15566,.T.);
#15568=ADVANCED_FACE('',(#15567),#15542,.T.);
#15569=CARTESIAN_POINT('',(1.,1.5,0.81));
#15570=DIRECTION('',(1.,0.,0.));
#15571=DIRECTION('',(0.,0.,-1.));
#15572=AXIS2_PLACEMENT_3D('',#15569,#15570,#15571);
#15573=PLANE('',#15572);
#15574=CARTESIAN_POINT('',(1.,2.,-0.01));
#15575=VERTEX_POINT('',#15574);
#15576=CARTESIAN_POINT('',(1.,2.,-0.01));
#15577=DIRECTION('',(0.,-1.,0.));
#15578=VECTOR('',#15577,1.);
#15579=LINE('',#15576,#15578);
#15580=EDGE_CURVE('',#15575,#15544,#15579,.T.);
#15581=ORIENTED_EDGE('',*,*,#15580,.F.);
#15582=CARTESIAN_POINT('',(1.,2.,0.81));
#15583=VERTEX_POINT('',#15582);
#15584=CARTESIAN_POINT('',(1.,2.,0.81));
#15585=DIRECTION('',(0.,0.,-1.));
#15586=VECTOR('',#15585,0.82);
#15587=LINE('',#15584,#15586);
#15588=EDGE_CURVE('',#15583,#15575,#15587,.T.);
#15589=ORIENTED_EDGE('',*,*,#15588,.F.);
#15590=CARTESIAN_POINT('',(1.,2.,0.81));
#15591=DIRECTION('',(0.,-1.,0.));
#15592=VECTOR('',#15591,1.);
#15593=LINE('',#15590,#15592);
#15594=EDGE_CURVE('',#15583,#15552,#15593,.T.);
#15595=ORIENTED_EDGE('',*,*,#15594,.T.);
#15596=ORIENTED_EDGE('',*,*,#15557,.T.);
#15597=EDGE_LOOP('',(#15581,#15589,#15595,#15596));
#15598=FACE_BOUND('',#15597,.T.);
#15599=ADVANCED_FACE('',(#15598),#15573,.T.);
#15600=CARTESIAN_POINT('',(0.5,2.,0.81));
#15601=DIRECTION('',(0.,1.,0.));
#15602=DIRECTION('',(0.,0.,1.));
#15603=AXIS2_PLACEMENT_3D('',#15600,#15601,#15602);
#15604=PLANE('',#15603);
#15605=CARTESIAN_POINT('',(0.,2.,-0.01));
#15606=VERTEX_POINT('',#15605);
#15607=CARTESIAN_POINT('',(0.,2.,-0.01));
#15608=DIRECTION('',(1.,0.,-0.));
#15609=VECTOR('',#15608,1.);
#15610=LINE('',#15607,#15609);
#15611=EDGE_CURVE('',#15606,#15575,#15610,.T.);
#15612=ORIENTED_EDGE('',*,*,#15611,.F.);
#15613=CARTESIAN_POINT('',(0.,2.,0.81));
#15614=VERTEX_POINT('',#15613);
#15615=CARTESIAN_POINT('',(0.,2.,0.81));
#15616=DIRECTION('',(0.,0.,-1.));
#15617=VECTOR('',#15616,0.82);
#15618=LINE('',#15615,#15617);
#15619=EDGE_CURVE('',#15614,#15606,#15618,.T.);
#15620=ORIENTED_EDGE('',*,*,#15619,.F.);
#15621=CARTESIAN_POINT('',(0.,2.,0.81));
#15622=DIRECTION('',(1.,0.,-0.));
#15623=VECTOR('',#15622,1.);
#15624=LINE('',#15621,#15623);
#15625=EDGE_CURVE('',#15614,#15583,#15624,.T.);
#15626=ORIENTED_EDGE('',*,*,#15625,.T.);
#15627=ORIENTED_EDGE('',*,*,#15588,.T.);
#15628=EDGE_LOOP('',(#15612,#15620,#15626,#15627));
#15629=FACE_BOUND('',#15628,.T.);
#15630=ADVANCED_FACE('',(#15629),#15604,.T.);
#15631=CARTESIAN_POINT('',(0.,1.9,0.81));
#15632=DIRECTION('',(-1.,0.,0.));
#15633=DIRECTION('',(0.,0.,1.));
#15634=AXIS2_PLACEMENT_3D('',#15631,#15632,#15633);
#15635=PLANE('',#15634);
#15636=CARTESIAN_POINT('',(0.,1.8,-0.01));
#15637=DIRECTION('',(0.,1.,0.));
#15638=VECTOR('',#15637,0.2);
#15639=LINE('',#15636,#15638);
#15640=EDGE_CURVE('',#15473,#15606,#15639,.T.);
#15641=ORIENTED_EDGE('',*,*,#15640,.F.);
#15642=ORIENTED_EDGE('',*,*,#15502,.F.);
#15643=CARTESIAN_POINT('',(0.,1.8,0.81));
#15644=DIRECTION('',(0.,1.,0.));
#15645=VECTOR('',#15644,0.2);
#15646=LINE('',#15643,#15645);
#15647=EDGE_CURVE('',#15490,#15614,#15646,.T.);
#15648=ORIENTED_EDGE('',*,*,#15647,.T.);
#15649=ORIENTED_EDGE('',*,*,#15619,.T.);
#15650=EDGE_LOOP('',(#15641,#15642,#15648,#15649));
#15651=FACE_BOUND('',#15650,.T.);
#15652=ADVANCED_FACE('',(#15651),#15635,.T.);
#15653=CARTESIAN_POINT('',(0.,0.,0.81));
#15654=DIRECTION('',(0.,0.,1.));
#15655=DIRECTION('',(1.,0.,0.));
#15656=AXIS2_PLACEMENT_3D('',#15653,#15654,#15655);
#15657=PLANE('',#15656);
#15658=ORIENTED_EDGE('',*,*,#15496,.F.);
#15659=ORIENTED_EDGE('',*,*,#15532,.F.);
#15660=ORIENTED_EDGE('',*,*,#15563,.F.);
#15661=ORIENTED_EDGE('',*,*,#15594,.F.);
#15662=ORIENTED_EDGE('',*,*,#15625,.F.);
#15663=ORIENTED_EDGE('',*,*,#15647,.F.);
#15664=EDGE_LOOP('',(#15658,#15659,#15660,#15661,#15662,#15663));
#15665=FACE_BOUND('',#15664,.T.);
#15666=ADVANCED_FACE('',(#15665),#15657,.T.);
#15667=CARTESIAN_POINT('',(0.,0.,-0.01));
#15668=DIRECTION('',(0.,0.,1.));
#15669=DIRECTION('',(1.,0.,0.));
#15670=AXIS2_PLACEMENT_3D('',#15667,#15668,#15669);
#15671=PLANE('',#15670);
#15672=ORIENTED_EDGE('',*,*,#15479,.T.);
#15673=ORIENTED_EDGE('',*,*,#15640,.T.);
#15674=ORIENTED_EDGE('',*,*,#15611,.T.);
#15675=ORIENTED_EDGE('',*,*,#15580,.T.);
#15676=ORIENTED_EDGE('',*,*,#15549,.T.);
#15677=ORIENTED_EDGE('',*,*,#15518,.T.);
#15678=EDGE_LOOP('',(#15672,#15673,#15674,#15675,#15676,#15677));
#15679=FACE_BOUND('',#15678,.T.);
#15680=ADVANCED_FACE('',(#15679),#15671,.F.);
#15681=CLOSED_SHELL('',(#15506,#15537,#15568,#15599,#15630,#15652,#15666,#15680));
#15682=MANIFOLD_SOLID_BREP('Body 09',#15681);
#15464=STYLED_ITEM('',(#13685),#15682);
#15684=CARTESIAN_POINT('',(-0.,11.5,0.81));
#15685=DIRECTION('',(0.,0.,-1.));
#15686=DIRECTION('',(-1.,0.,0.));
#15687=AXIS2_PLACEMENT_3D('',#15684,#15685,#15686);
#15688=CYLINDRICAL_SURFACE('',#15687,0.3);
#15689=CARTESIAN_POINT('',(0.,11.2,-0.01));
#15690=VERTEX_POINT('',#15689);
#15691=CARTESIAN_POINT('',(0.,11.8,-0.01));
#15692=VERTEX_POINT('',#15691);
#15693=CARTESIAN_POINT('',(-0.,11.5,-0.01));
#15694=DIRECTION('',(0.,0.,1.));
#15695=DIRECTION('',(1.,0.,-0.));
#15696=AXIS2_PLACEMENT_3D('',#15693,#15694,#15695);
#15697=CIRCLE('',#15696,0.3);
#15698=EDGE_CURVE('',#15690,#15692,#15697,.T.);
#15699=ORIENTED_EDGE('',*,*,#15698,.F.);
#15700=CARTESIAN_POINT('',(0.,11.2,0.81));
#15701=VERTEX_POINT('',#15700);
#15702=CARTESIAN_POINT('',(0.,11.2,0.81));
#15703=DIRECTION('',(0.,0.,-1.));
#15704=VECTOR('',#15703,0.82);
#15705=LINE('',#15702,#15704);
#15706=EDGE_CURVE('',#15701,#15690,#15705,.T.);
#15707=ORIENTED_EDGE('',*,*,#15706,.F.);
#15708=CARTESIAN_POINT('',(0.,11.8,0.81));
#15709=VERTEX_POINT('',#15708);
#15710=CARTESIAN_POINT('',(-0.,11.5,0.81));
#15711=DIRECTION('',(0.,0.,1.));
#15712=DIRECTION('',(1.,0.,-0.));
#15713=AXIS2_PLACEMENT_3D('',#15710,#15711,#15712);
#15714=CIRCLE('',#15713,0.3);
#15715=EDGE_CURVE('',#15701,#15709,#15714,.T.);
#15716=ORIENTED_EDGE('',*,*,#15715,.T.);
#15717=CARTESIAN_POINT('',(0.,11.8,0.81));
#15718=DIRECTION('',(0.,0.,-1.));
#15719=VECTOR('',#15718,0.82);
#15720=LINE('',#15717,#15719);
#15721=EDGE_CURVE('',#15709,#15692,#15720,.T.);
#15722=ORIENTED_EDGE('',*,*,#15721,.T.);
#15723=EDGE_LOOP('',(#15699,#15707,#15716,#15722));
#15724=FACE_BOUND('',#15723,.T.);
#15725=ADVANCED_FACE('',(#15724),#15688,.F.);
#15726=CARTESIAN_POINT('',(0.,11.1,0.81));
#15727=DIRECTION('',(-1.,0.,0.));
#15728=DIRECTION('',(0.,0.,1.));
#15729=AXIS2_PLACEMENT_3D('',#15726,#15727,#15728);
#15730=PLANE('',#15729);
#15731=CARTESIAN_POINT('',(0.,11.,-0.01));
#15732=VERTEX_POINT('',#15731);
#15733=CARTESIAN_POINT('',(0.,11.,-0.01));
#15734=DIRECTION('',(0.,1.,0.));
#15735=VECTOR('',#15734,0.2);
#15736=LINE('',#15733,#15735);
#15737=EDGE_CURVE('',#15732,#15690,#15736,.T.);
#15738=ORIENTED_EDGE('',*,*,#15737,.F.);
#15739=CARTESIAN_POINT('',(0.,11.,0.81));
#15740=VERTEX_POINT('',#15739);
#15741=CARTESIAN_POINT('',(0.,11.,0.81));
#15742=DIRECTION('',(0.,0.,-1.));
#15743=VECTOR('',#15742,0.82);
#15744=LINE('',#15741,#15743);
#15745=EDGE_CURVE('',#15740,#15732,#15744,.T.);
#15746=ORIENTED_EDGE('',*,*,#15745,.F.);
#15747=CARTESIAN_POINT('',(0.,11.,0.81));
#15748=DIRECTION('',(0.,1.,0.));
#15749=VECTOR('',#15748,0.2);
#15750=LINE('',#15747,#15749);
#15751=EDGE_CURVE('',#15740,#15701,#15750,.T.);
#15752=ORIENTED_EDGE('',*,*,#15751,.T.);
#15753=ORIENTED_EDGE('',*,*,#15706,.T.);
#15754=EDGE_LOOP('',(#15738,#15746,#15752,#15753));
#15755=FACE_BOUND('',#15754,.T.);
#15756=ADVANCED_FACE('',(#15755),#15730,.T.);
#15757=CARTESIAN_POINT('',(0.5,11.,0.81));
#15758=DIRECTION('',(0.,-1.,0.));
#15759=DIRECTION('',(0.,0.,-1.));
#15760=AXIS2_PLACEMENT_3D('',#15757,#15758,#15759);
#15761=PLANE('',#15760);
#15762=CARTESIAN_POINT('',(1.,11.,-0.01));
#15763=VERTEX_POINT('',#15762);
#15764=CARTESIAN_POINT('',(1.,11.,-0.01));
#15765=DIRECTION('',(-1.,0.,0.));
#15766=VECTOR('',#15765,1.);
#15767=LINE('',#15764,#15766);
#15768=EDGE_CURVE('',#15763,#15732,#15767,.T.);
#15769=ORIENTED_EDGE('',*,*,#15768,.F.);
#15770=CARTESIAN_POINT('',(1.,11.,0.81));
#15771=VERTEX_POINT('',#15770);
#15772=CARTESIAN_POINT('',(1.,11.,0.81));
#15773=DIRECTION('',(0.,0.,-1.));
#15774=VECTOR('',#15773,0.82);
#15775=LINE('',#15772,#15774);
#15776=EDGE_CURVE('',#15771,#15763,#15775,.T.);
#15777=ORIENTED_EDGE('',*,*,#15776,.F.);
#15778=CARTESIAN_POINT('',(1.,11.,0.81));
#15779=DIRECTION('',(-1.,0.,0.));
#15780=VECTOR('',#15779,1.);
#15781=LINE('',#15778,#15780);
#15782=EDGE_CURVE('',#15771,#15740,#15781,.T.);
#15783=ORIENTED_EDGE('',*,*,#15782,.T.);
#15784=ORIENTED_EDGE('',*,*,#15745,.T.);
#15785=EDGE_LOOP('',(#15769,#15777,#15783,#15784));
#15786=FACE_BOUND('',#15785,.T.);
#15787=ADVANCED_FACE('',(#15786),#15761,.T.);
#15788=CARTESIAN_POINT('',(1.,11.5,0.81));
#15789=DIRECTION('',(1.,0.,0.));
#15790=DIRECTION('',(0.,0.,-1.));
#15791=AXIS2_PLACEMENT_3D('',#15788,#15789,#15790);
#15792=PLANE('',#15791);
#15793=CARTESIAN_POINT('',(1.,12.,-0.01));
#15794=VERTEX_POINT('',#15793);
#15795=CARTESIAN_POINT('',(1.,12.,-0.01));
#15796=DIRECTION('',(0.,-1.,0.));
#15797=VECTOR('',#15796,1.);
#15798=LINE('',#15795,#15797);
#15799=EDGE_CURVE('',#15794,#15763,#15798,.T.);
#15800=ORIENTED_EDGE('',*,*,#15799,.F.);
#15801=CARTESIAN_POINT('',(1.,12.,0.81));
#15802=VERTEX_POINT('',#15801);
#15803=CARTESIAN_POINT('',(1.,12.,0.81));
#15804=DIRECTION('',(0.,0.,-1.));
#15805=VECTOR('',#15804,0.82);
#15806=LINE('',#15803,#15805);
#15807=EDGE_CURVE('',#15802,#15794,#15806,.T.);
#15808=ORIENTED_EDGE('',*,*,#15807,.F.);
#15809=CARTESIAN_POINT('',(1.,12.,0.81));
#15810=DIRECTION('',(0.,-1.,0.));
#15811=VECTOR('',#15810,1.);
#15812=LINE('',#15809,#15811);
#15813=EDGE_CURVE('',#15802,#15771,#15812,.T.);
#15814=ORIENTED_EDGE('',*,*,#15813,.T.);
#15815=ORIENTED_EDGE('',*,*,#15776,.T.);
#15816=EDGE_LOOP('',(#15800,#15808,#15814,#15815));
#15817=FACE_BOUND('',#15816,.T.);
#15818=ADVANCED_FACE('',(#15817),#15792,.T.);
#15819=CARTESIAN_POINT('',(0.5,12.,0.81));
#15820=DIRECTION('',(0.,1.,0.));
#15821=DIRECTION('',(0.,0.,1.));
#15822=AXIS2_PLACEMENT_3D('',#15819,#15820,#15821);
#15823=PLANE('',#15822);
#15824=CARTESIAN_POINT('',(0.,12.,-0.01));
#15825=VERTEX_POINT('',#15824);
#15826=CARTESIAN_POINT('',(0.,12.,-0.01));
#15827=DIRECTION('',(1.,0.,-0.));
#15828=VECTOR('',#15827,1.);
#15829=LINE('',#15826,#15828);
#15830=EDGE_CURVE('',#15825,#15794,#15829,.T.);
#15831=ORIENTED_EDGE('',*,*,#15830,.F.);
#15832=CARTESIAN_POINT('',(0.,12.,0.81));
#15833=VERTEX_POINT('',#15832);
#15834=CARTESIAN_POINT('',(0.,12.,0.81));
#15835=DIRECTION('',(0.,0.,-1.));
#15836=VECTOR('',#15835,0.82);
#15837=LINE('',#15834,#15836);
#15838=EDGE_CURVE('',#15833,#15825,#15837,.T.);
#15839=ORIENTED_EDGE('',*,*,#15838,.F.);
#15840=CARTESIAN_POINT('',(0.,12.,0.81));
#15841=DIRECTION('',(1.,0.,-0.));
#15842=VECTOR('',#15841,1.);
#15843=LINE('',#15840,#15842);
#15844=EDGE_CURVE('',#15833,#15802,#15843,.T.);
#15845=ORIENTED_EDGE('',*,*,#15844,.T.);
#15846=ORIENTED_EDGE('',*,*,#15807,.T.);
#15847=EDGE_LOOP('',(#15831,#15839,#15845,#15846));
#15848=FACE_BOUND('',#15847,.T.);
#15849=ADVANCED_FACE('',(#15848),#15823,.T.);
#15850=CARTESIAN_POINT('',(0.,11.9,0.81));
#15851=DIRECTION('',(-1.,0.,0.));
#15852=DIRECTION('',(0.,0.,1.));
#15853=AXIS2_PLACEMENT_3D('',#15850,#15851,#15852);
#15854=PLANE('',#15853);
#15855=CARTESIAN_POINT('',(0.,11.8,-0.01));
#15856=DIRECTION('',(0.,1.,0.));
#15857=VECTOR('',#15856,0.2);
#15858=LINE('',#15855,#15857);
#15859=EDGE_CURVE('',#15692,#15825,#15858,.T.);
#15860=ORIENTED_EDGE('',*,*,#15859,.F.);
#15861=ORIENTED_EDGE('',*,*,#15721,.F.);
#15862=CARTESIAN_POINT('',(0.,11.8,0.81));
#15863=DIRECTION('',(0.,1.,0.));
#15864=VECTOR('',#15863,0.2);
#15865=LINE('',#15862,#15864);
#15866=EDGE_CURVE('',#15709,#15833,#15865,.T.);
#15867=ORIENTED_EDGE('',*,*,#15866,.T.);
#15868=ORIENTED_EDGE('',*,*,#15838,.T.);
#15869=EDGE_LOOP('',(#15860,#15861,#15867,#15868));
#15870=FACE_BOUND('',#15869,.T.);
#15871=ADVANCED_FACE('',(#15870),#15854,.T.);
#15872=CARTESIAN_POINT('',(0.,0.,0.81));
#15873=DIRECTION('',(0.,0.,1.));
#15874=DIRECTION('',(1.,0.,0.));
#15875=AXIS2_PLACEMENT_3D('',#15872,#15873,#15874);
#15876=PLANE('',#15875);
#15877=ORIENTED_EDGE('',*,*,#15715,.F.);
#15878=ORIENTED_EDGE('',*,*,#15751,.F.);
#15879=ORIENTED_EDGE('',*,*,#15782,.F.);
#15880=ORIENTED_EDGE('',*,*,#15813,.F.);
#15881=ORIENTED_EDGE('',*,*,#15844,.F.);
#15882=ORIENTED_EDGE('',*,*,#15866,.F.);
#15883=EDGE_LOOP('',(#15877,#15878,#15879,#15880,#15881,#15882));
#15884=FACE_BOUND('',#15883,.T.);
#15885=ADVANCED_FACE('',(#15884),#15876,.T.);
#15886=CARTESIAN_POINT('',(0.,0.,-0.01));
#15887=DIRECTION('',(0.,0.,1.));
#15888=DIRECTION('',(1.,0.,0.));
#15889=AXIS2_PLACEMENT_3D('',#15886,#15887,#15888);
#15890=PLANE('',#15889);
#15891=ORIENTED_EDGE('',*,*,#15698,.T.);
#15892=ORIENTED_EDGE('',*,*,#15859,.T.);
#15893=ORIENTED_EDGE('',*,*,#15830,.T.);
#15894=ORIENTED_EDGE('',*,*,#15799,.T.);
#15895=ORIENTED_EDGE('',*,*,#15768,.T.);
#15896=ORIENTED_EDGE('',*,*,#15737,.T.);
#15897=EDGE_LOOP('',(#15891,#15892,#15893,#15894,#15895,#15896));
#15898=FACE_BOUND('',#15897,.T.);
#15899=ADVANCED_FACE('',(#15898),#15890,.F.);
#15900=CLOSED_SHELL('',(#15725,#15756,#15787,#15818,#15849,#15871,#15885,#15899));
#15901=MANIFOLD_SOLID_BREP('Body 08',#15900);
#15683=STYLED_ITEM('',(#13685),#15901);
#15903=CARTESIAN_POINT('',(-0.,13.5,0.81));
#15904=DIRECTION('',(0.,0.,-1.));
#15905=DIRECTION('',(-1.,0.,0.));
#15906=AXIS2_PLACEMENT_3D('',#15903,#15904,#15905);
#15907=CYLINDRICAL_SURFACE('',#15906,0.3);
#15908=CARTESIAN_POINT('',(0.,13.2,-0.01));
#15909=VERTEX_POINT('',#15908);
#15910=CARTESIAN_POINT('',(0.,13.8,-0.01));
#15911=VERTEX_POINT('',#15910);
#15912=CARTESIAN_POINT('',(-0.,13.5,-0.01));
#15913=DIRECTION('',(0.,0.,1.));
#15914=DIRECTION('',(1.,0.,-0.));
#15915=AXIS2_PLACEMENT_3D('',#15912,#15913,#15914);
#15916=CIRCLE('',#15915,0.3);
#15917=EDGE_CURVE('',#15909,#15911,#15916,.T.);
#15918=ORIENTED_EDGE('',*,*,#15917,.F.);
#15919=CARTESIAN_POINT('',(0.,13.2,0.81));
#15920=VERTEX_POINT('',#15919);
#15921=CARTESIAN_POINT('',(0.,13.2,0.81));
#15922=DIRECTION('',(0.,0.,-1.));
#15923=VECTOR('',#15922,0.82);
#15924=LINE('',#15921,#15923);
#15925=EDGE_CURVE('',#15920,#15909,#15924,.T.);
#15926=ORIENTED_EDGE('',*,*,#15925,.F.);
#15927=CARTESIAN_POINT('',(0.,13.8,0.81));
#15928=VERTEX_POINT('',#15927);
#15929=CARTESIAN_POINT('',(-0.,13.5,0.81));
#15930=DIRECTION('',(0.,0.,1.));
#15931=DIRECTION('',(1.,0.,-0.));
#15932=AXIS2_PLACEMENT_3D('',#15929,#15930,#15931);
#15933=CIRCLE('',#15932,0.3);
#15934=EDGE_CURVE('',#15920,#15928,#15933,.T.);
#15935=ORIENTED_EDGE('',*,*,#15934,.T.);
#15936=CARTESIAN_POINT('',(0.,13.8,0.81));
#15937=DIRECTION('',(0.,0.,-1.));
#15938=VECTOR('',#15937,0.82);
#15939=LINE('',#15936,#15938);
#15940=EDGE_CURVE('',#15928,#15911,#15939,.T.);
#15941=ORIENTED_EDGE('',*,*,#15940,.T.);
#15942=EDGE_LOOP('',(#15918,#15926,#15935,#15941));
#15943=FACE_BOUND('',#15942,.T.);
#15944=ADVANCED_FACE('',(#15943),#15907,.F.);
#15945=CARTESIAN_POINT('',(0.,13.1,0.81));
#15946=DIRECTION('',(-1.,0.,0.));
#15947=DIRECTION('',(0.,0.,1.));
#15948=AXIS2_PLACEMENT_3D('',#15945,#15946,#15947);
#15949=PLANE('',#15948);
#15950=CARTESIAN_POINT('',(0.,13.,-0.01));
#15951=VERTEX_POINT('',#15950);
#15952=CARTESIAN_POINT('',(0.,13.,-0.01));
#15953=DIRECTION('',(0.,1.,0.));
#15954=VECTOR('',#15953,0.2);
#15955=LINE('',#15952,#15954);
#15956=EDGE_CURVE('',#15951,#15909,#15955,.T.);
#15957=ORIENTED_EDGE('',*,*,#15956,.F.);
#15958=CARTESIAN_POINT('',(0.,13.,0.81));
#15959=VERTEX_POINT('',#15958);
#15960=CARTESIAN_POINT('',(0.,13.,0.81));
#15961=DIRECTION('',(0.,0.,-1.));
#15962=VECTOR('',#15961,0.82);
#15963=LINE('',#15960,#15962);
#15964=EDGE_CURVE('',#15959,#15951,#15963,.T.);
#15965=ORIENTED_EDGE('',*,*,#15964,.F.);
#15966=CARTESIAN_POINT('',(0.,13.,0.81));
#15967=DIRECTION('',(0.,1.,0.));
#15968=VECTOR('',#15967,0.2);
#15969=LINE('',#15966,#15968);
#15970=EDGE_CURVE('',#15959,#15920,#15969,.T.);
#15971=ORIENTED_EDGE('',*,*,#15970,.T.);
#15972=ORIENTED_EDGE('',*,*,#15925,.T.);
#15973=EDGE_LOOP('',(#15957,#15965,#15971,#15972));
#15974=FACE_BOUND('',#15973,.T.);
#15975=ADVANCED_FACE('',(#15974),#15949,.T.);
#15976=CARTESIAN_POINT('',(0.5,13.,0.81));
#15977=DIRECTION('',(0.,-1.,0.));
#15978=DIRECTION('',(0.,0.,-1.));
#15979=AXIS2_PLACEMENT_3D('',#15976,#15977,#15978);
#15980=PLANE('',#15979);
#15981=CARTESIAN_POINT('',(1.,13.,-0.01));
#15982=VERTEX_POINT('',#15981);
#15983=CARTESIAN_POINT('',(1.,13.,-0.01));
#15984=DIRECTION('',(-1.,0.,0.));
#15985=VECTOR('',#15984,1.);
#15986=LINE('',#15983,#15985);
#15987=EDGE_CURVE('',#15982,#15951,#15986,.T.);
#15988=ORIENTED_EDGE('',*,*,#15987,.F.);
#15989=CARTESIAN_POINT('',(1.,13.,0.81));
#15990=VERTEX_POINT('',#15989);
#15991=CARTESIAN_POINT('',(1.,13.,0.81));
#15992=DIRECTION('',(0.,0.,-1.));
#15993=VECTOR('',#15992,0.82);
#15994=LINE('',#15991,#15993);
#15995=EDGE_CURVE('',#15990,#15982,#15994,.T.);
#15996=ORIENTED_EDGE('',*,*,#15995,.F.);
#15997=CARTESIAN_POINT('',(1.,13.,0.81));
#15998=DIRECTION('',(-1.,0.,0.));
#15999=VECTOR('',#15998,1.);
#16000=LINE('',#15997,#15999);
#16001=EDGE_CURVE('',#15990,#15959,#16000,.T.);
#16002=ORIENTED_EDGE('',*,*,#16001,.T.);
#16003=ORIENTED_EDGE('',*,*,#15964,.T.);
#16004=EDGE_LOOP('',(#15988,#15996,#16002,#16003));
#16005=FACE_BOUND('',#16004,.T.);
#16006=ADVANCED_FACE('',(#16005),#15980,.T.);
#16007=CARTESIAN_POINT('',(1.,13.5,0.81));
#16008=DIRECTION('',(1.,0.,0.));
#16009=DIRECTION('',(0.,0.,-1.));
#16010=AXIS2_PLACEMENT_3D('',#16007,#16008,#16009);
#16011=PLANE('',#16010);
#16012=CARTESIAN_POINT('',(1.,14.,-0.01));
#16013=VERTEX_POINT('',#16012);
#16014=CARTESIAN_POINT('',(1.,14.,-0.01));
#16015=DIRECTION('',(0.,-1.,0.));
#16016=VECTOR('',#16015,1.);
#16017=LINE('',#16014,#16016);
#16018=EDGE_CURVE('',#16013,#15982,#16017,.T.);
#16019=ORIENTED_EDGE('',*,*,#16018,.F.);
#16020=CARTESIAN_POINT('',(1.,14.,0.81));
#16021=VERTEX_POINT('',#16020);
#16022=CARTESIAN_POINT('',(1.,14.,0.81));
#16023=DIRECTION('',(0.,0.,-1.));
#16024=VECTOR('',#16023,0.82);
#16025=LINE('',#16022,#16024);
#16026=EDGE_CURVE('',#16021,#16013,#16025,.T.);
#16027=ORIENTED_EDGE('',*,*,#16026,.F.);
#16028=CARTESIAN_POINT('',(1.,14.,0.81));
#16029=DIRECTION('',(0.,-1.,0.));
#16030=VECTOR('',#16029,1.);
#16031=LINE('',#16028,#16030);
#16032=EDGE_CURVE('',#16021,#15990,#16031,.T.);
#16033=ORIENTED_EDGE('',*,*,#16032,.T.);
#16034=ORIENTED_EDGE('',*,*,#15995,.T.);
#16035=EDGE_LOOP('',(#16019,#16027,#16033,#16034));
#16036=FACE_BOUND('',#16035,.T.);
#16037=ADVANCED_FACE('',(#16036),#16011,.T.);
#16038=CARTESIAN_POINT('',(0.5,14.,0.81));
#16039=DIRECTION('',(0.,1.,0.));
#16040=DIRECTION('',(0.,0.,1.));
#16041=AXIS2_PLACEMENT_3D('',#16038,#16039,#16040);
#16042=PLANE('',#16041);
#16043=CARTESIAN_POINT('',(0.,14.,-0.01));
#16044=VERTEX_POINT('',#16043);
#16045=CARTESIAN_POINT('',(0.,14.,-0.01));
#16046=DIRECTION('',(1.,0.,-0.));
#16047=VECTOR('',#16046,1.);
#16048=LINE('',#16045,#16047);
#16049=EDGE_CURVE('',#16044,#16013,#16048,.T.);
#16050=ORIENTED_EDGE('',*,*,#16049,.F.);
#16051=CARTESIAN_POINT('',(0.,14.,0.81));
#16052=VERTEX_POINT('',#16051);
#16053=CARTESIAN_POINT('',(0.,14.,0.81));
#16054=DIRECTION('',(0.,0.,-1.));
#16055=VECTOR('',#16054,0.82);
#16056=LINE('',#16053,#16055);
#16057=EDGE_CURVE('',#16052,#16044,#16056,.T.);
#16058=ORIENTED_EDGE('',*,*,#16057,.F.);
#16059=CARTESIAN_POINT('',(0.,14.,0.81));
#16060=DIRECTION('',(1.,0.,-0.));
#16061=VECTOR('',#16060,1.);
#16062=LINE('',#16059,#16061);
#16063=EDGE_CURVE('',#16052,#16021,#16062,.T.);
#16064=ORIENTED_EDGE('',*,*,#16063,.T.);
#16065=ORIENTED_EDGE('',*,*,#16026,.T.);
#16066=EDGE_LOOP('',(#16050,#16058,#16064,#16065));
#16067=FACE_BOUND('',#16066,.T.);
#16068=ADVANCED_FACE('',(#16067),#16042,.T.);
#16069=CARTESIAN_POINT('',(0.,13.9,0.81));
#16070=DIRECTION('',(-1.,0.,0.));
#16071=DIRECTION('',(0.,0.,1.));
#16072=AXIS2_PLACEMENT_3D('',#16069,#16070,#16071);
#16073=PLANE('',#16072);
#16074=CARTESIAN_POINT('',(0.,13.8,-0.01));
#16075=DIRECTION('',(0.,1.,0.));
#16076=VECTOR('',#16075,0.2);
#16077=LINE('',#16074,#16076);
#16078=EDGE_CURVE('',#15911,#16044,#16077,.T.);
#16079=ORIENTED_EDGE('',*,*,#16078,.F.);
#16080=ORIENTED_EDGE('',*,*,#15940,.F.);
#16081=CARTESIAN_POINT('',(0.,13.8,0.81));
#16082=DIRECTION('',(0.,1.,0.));
#16083=VECTOR('',#16082,0.2);
#16084=LINE('',#16081,#16083);
#16085=EDGE_CURVE('',#15928,#16052,#16084,.T.);
#16086=ORIENTED_EDGE('',*,*,#16085,.T.);
#16087=ORIENTED_EDGE('',*,*,#16057,.T.);
#16088=EDGE_LOOP('',(#16079,#16080,#16086,#16087));
#16089=FACE_BOUND('',#16088,.T.);
#16090=ADVANCED_FACE('',(#16089),#16073,.T.);
#16091=CARTESIAN_POINT('',(0.,0.,0.81));
#16092=DIRECTION('',(0.,0.,1.));
#16093=DIRECTION('',(1.,0.,0.));
#16094=AXIS2_PLACEMENT_3D('',#16091,#16092,#16093);
#16095=PLANE('',#16094);
#16096=ORIENTED_EDGE('',*,*,#15934,.F.);
#16097=ORIENTED_EDGE('',*,*,#15970,.F.);
#16098=ORIENTED_EDGE('',*,*,#16001,.F.);
#16099=ORIENTED_EDGE('',*,*,#16032,.F.);
#16100=ORIENTED_EDGE('',*,*,#16063,.F.);
#16101=ORIENTED_EDGE('',*,*,#16085,.F.);
#16102=EDGE_LOOP('',(#16096,#16097,#16098,#16099,#16100,#16101));
#16103=FACE_BOUND('',#16102,.T.);
#16104=ADVANCED_FACE('',(#16103),#16095,.T.);
#16105=CARTESIAN_POINT('',(0.,0.,-0.01));
#16106=DIRECTION('',(0.,0.,1.));
#16107=DIRECTION('',(1.,0.,0.));
#16108=AXIS2_PLACEMENT_3D('',#16105,#16106,#16107);
#16109=PLANE('',#16108);
#16110=ORIENTED_EDGE('',*,*,#15917,.T.);
#16111=ORIENTED_EDGE('',*,*,#16078,.T.);
#16112=ORIENTED_EDGE('',*,*,#16049,.T.);
#16113=ORIENTED_EDGE('',*,*,#16018,.T.);
#16114=ORIENTED_EDGE('',*,*,#15987,.T.);
#16115=ORIENTED_EDGE('',*,*,#15956,.T.);
#16116=EDGE_LOOP('',(#16110,#16111,#16112,#16113,#16114,#16115));
#16117=FACE_BOUND('',#16116,.T.);
#16118=ADVANCED_FACE('',(#16117),#16109,.F.);
#16119=CLOSED_SHELL('',(#15944,#15975,#16006,#16037,#16068,#16090,#16104,#16118));
#16120=MANIFOLD_SOLID_BREP('Body 06',#16119);
#15902=STYLED_ITEM('',(#13685),#16120);
#16122=CARTESIAN_POINT('',(-0.,7.5,0.81));
#16123=DIRECTION('',(0.,0.,-1.));
#16124=DIRECTION('',(-1.,0.,0.));
#16125=AXIS2_PLACEMENT_3D('',#16122,#16123,#16124);
#16126=CYLINDRICAL_SURFACE('',#16125,0.3);
#16127=CARTESIAN_POINT('',(0.,7.2,-0.01));
#16128=VERTEX_POINT('',#16127);
#16129=CARTESIAN_POINT('',(0.,7.8,-0.01));
#16130=VERTEX_POINT('',#16129);
#16131=CARTESIAN_POINT('',(-0.,7.5,-0.01));
#16132=DIRECTION('',(0.,0.,1.));
#16133=DIRECTION('',(1.,0.,-0.));
#16134=AXIS2_PLACEMENT_3D('',#16131,#16132,#16133);
#16135=CIRCLE('',#16134,0.3);
#16136=EDGE_CURVE('',#16128,#16130,#16135,.T.);
#16137=ORIENTED_EDGE('',*,*,#16136,.F.);
#16138=CARTESIAN_POINT('',(0.,7.2,0.81));
#16139=VERTEX_POINT('',#16138);
#16140=CARTESIAN_POINT('',(0.,7.2,0.81));
#16141=DIRECTION('',(0.,0.,-1.));
#16142=VECTOR('',#16141,0.82);
#16143=LINE('',#16140,#16142);
#16144=EDGE_CURVE('',#16139,#16128,#16143,.T.);
#16145=ORIENTED_EDGE('',*,*,#16144,.F.);
#16146=CARTESIAN_POINT('',(0.,7.8,0.81));
#16147=VERTEX_POINT('',#16146);
#16148=CARTESIAN_POINT('',(-0.,7.5,0.81));
#16149=DIRECTION('',(0.,0.,1.));
#16150=DIRECTION('',(1.,0.,-0.));
#16151=AXIS2_PLACEMENT_3D('',#16148,#16149,#16150);
#16152=CIRCLE('',#16151,0.3);
#16153=EDGE_CURVE('',#16139,#16147,#16152,.T.);
#16154=ORIENTED_EDGE('',*,*,#16153,.T.);
#16155=CARTESIAN_POINT('',(0.,7.8,0.81));
#16156=DIRECTION('',(0.,0.,-1.));
#16157=VECTOR('',#16156,0.82);
#16158=LINE('',#16155,#16157);
#16159=EDGE_CURVE('',#16147,#16130,#16158,.T.);
#16160=ORIENTED_EDGE('',*,*,#16159,.T.);
#16161=EDGE_LOOP('',(#16137,#16145,#16154,#16160));
#16162=FACE_BOUND('',#16161,.T.);
#16163=ADVANCED_FACE('',(#16162),#16126,.F.);
#16164=CARTESIAN_POINT('',(0.,7.1,0.81));
#16165=DIRECTION('',(-1.,0.,0.));
#16166=DIRECTION('',(0.,0.,1.));
#16167=AXIS2_PLACEMENT_3D('',#16164,#16165,#16166);
#16168=PLANE('',#16167);
#16169=CARTESIAN_POINT('',(0.,7.,-0.01));
#16170=VERTEX_POINT('',#16169);
#16171=CARTESIAN_POINT('',(0.,7.,-0.01));
#16172=DIRECTION('',(0.,1.,0.));
#16173=VECTOR('',#16172,0.2);
#16174=LINE('',#16171,#16173);
#16175=EDGE_CURVE('',#16170,#16128,#16174,.T.);
#16176=ORIENTED_EDGE('',*,*,#16175,.F.);
#16177=CARTESIAN_POINT('',(0.,7.,0.81));
#16178=VERTEX_POINT('',#16177);
#16179=CARTESIAN_POINT('',(0.,7.,0.81));
#16180=DIRECTION('',(0.,0.,-1.));
#16181=VECTOR('',#16180,0.82);
#16182=LINE('',#16179,#16181);
#16183=EDGE_CURVE('',#16178,#16170,#16182,.T.);
#16184=ORIENTED_EDGE('',*,*,#16183,.F.);
#16185=CARTESIAN_POINT('',(0.,7.,0.81));
#16186=DIRECTION('',(0.,1.,0.));
#16187=VECTOR('',#16186,0.2);
#16188=LINE('',#16185,#16187);
#16189=EDGE_CURVE('',#16178,#16139,#16188,.T.);
#16190=ORIENTED_EDGE('',*,*,#16189,.T.);
#16191=ORIENTED_EDGE('',*,*,#16144,.T.);
#16192=EDGE_LOOP('',(#16176,#16184,#16190,#16191));
#16193=FACE_BOUND('',#16192,.T.);
#16194=ADVANCED_FACE('',(#16193),#16168,.T.);
#16195=CARTESIAN_POINT('',(0.5,7.,0.81));
#16196=DIRECTION('',(0.,-1.,0.));
#16197=DIRECTION('',(0.,0.,-1.));
#16198=AXIS2_PLACEMENT_3D('',#16195,#16196,#16197);
#16199=PLANE('',#16198);
#16200=CARTESIAN_POINT('',(1.,7.,-0.01));
#16201=VERTEX_POINT('',#16200);
#16202=CARTESIAN_POINT('',(1.,7.,-0.01));
#16203=DIRECTION('',(-1.,0.,0.));
#16204=VECTOR('',#16203,1.);
#16205=LINE('',#16202,#16204);
#16206=EDGE_CURVE('',#16201,#16170,#16205,.T.);
#16207=ORIENTED_EDGE('',*,*,#16206,.F.);
#16208=CARTESIAN_POINT('',(1.,7.,0.81));
#16209=VERTEX_POINT('',#16208);
#16210=CARTESIAN_POINT('',(1.,7.,0.81));
#16211=DIRECTION('',(0.,0.,-1.));
#16212=VECTOR('',#16211,0.82);
#16213=LINE('',#16210,#16212);
#16214=EDGE_CURVE('',#16209,#16201,#16213,.T.);
#16215=ORIENTED_EDGE('',*,*,#16214,.F.);
#16216=CARTESIAN_POINT('',(1.,7.,0.81));
#16217=DIRECTION('',(-1.,0.,0.));
#16218=VECTOR('',#16217,1.);
#16219=LINE('',#16216,#16218);
#16220=EDGE_CURVE('',#16209,#16178,#16219,.T.);
#16221=ORIENTED_EDGE('',*,*,#16220,.T.);
#16222=ORIENTED_EDGE('',*,*,#16183,.T.);
#16223=EDGE_LOOP('',(#16207,#16215,#16221,#16222));
#16224=FACE_BOUND('',#16223,.T.);
#16225=ADVANCED_FACE('',(#16224),#16199,.T.);
#16226=CARTESIAN_POINT('',(1.,7.5,0.81));
#16227=DIRECTION('',(1.,0.,0.));
#16228=DIRECTION('',(0.,0.,-1.));
#16229=AXIS2_PLACEMENT_3D('',#16226,#16227,#16228);
#16230=PLANE('',#16229);
#16231=CARTESIAN_POINT('',(1.,8.,-0.01));
#16232=VERTEX_POINT('',#16231);
#16233=CARTESIAN_POINT('',(1.,8.,-0.01));
#16234=DIRECTION('',(0.,-1.,0.));
#16235=VECTOR('',#16234,1.);
#16236=LINE('',#16233,#16235);
#16237=EDGE_CURVE('',#16232,#16201,#16236,.T.);
#16238=ORIENTED_EDGE('',*,*,#16237,.F.);
#16239=CARTESIAN_POINT('',(1.,8.,0.81));
#16240=VERTEX_POINT('',#16239);
#16241=CARTESIAN_POINT('',(1.,8.,0.81));
#16242=DIRECTION('',(0.,0.,-1.));
#16243=VECTOR('',#16242,0.82);
#16244=LINE('',#16241,#16243);
#16245=EDGE_CURVE('',#16240,#16232,#16244,.T.);
#16246=ORIENTED_EDGE('',*,*,#16245,.F.);
#16247=CARTESIAN_POINT('',(1.,8.,0.81));
#16248=DIRECTION('',(0.,-1.,0.));
#16249=VECTOR('',#16248,1.);
#16250=LINE('',#16247,#16249);
#16251=EDGE_CURVE('',#16240,#16209,#16250,.T.);
#16252=ORIENTED_EDGE('',*,*,#16251,.T.);
#16253=ORIENTED_EDGE('',*,*,#16214,.T.);
#16254=EDGE_LOOP('',(#16238,#16246,#16252,#16253));
#16255=FACE_BOUND('',#16254,.T.);
#16256=ADVANCED_FACE('',(#16255),#16230,.T.);
#16257=CARTESIAN_POINT('',(0.5,8.,0.81));
#16258=DIRECTION('',(0.,1.,0.));
#16259=DIRECTION('',(0.,0.,1.));
#16260=AXIS2_PLACEMENT_3D('',#16257,#16258,#16259);
#16261=PLANE('',#16260);
#16262=CARTESIAN_POINT('',(0.,8.,-0.01));
#16263=VERTEX_POINT('',#16262);
#16264=CARTESIAN_POINT('',(0.,8.,-0.01));
#16265=DIRECTION('',(1.,0.,-0.));
#16266=VECTOR('',#16265,1.);
#16267=LINE('',#16264,#16266);
#16268=EDGE_CURVE('',#16263,#16232,#16267,.T.);
#16269=ORIENTED_EDGE('',*,*,#16268,.F.);
#16270=CARTESIAN_POINT('',(0.,8.,0.81));
#16271=VERTEX_POINT('',#16270);
#16272=CARTESIAN_POINT('',(0.,8.,0.81));
#16273=DIRECTION('',(0.,0.,-1.));
#16274=VECTOR('',#16273,0.82);
#16275=LINE('',#16272,#16274);
#16276=EDGE_CURVE('',#16271,#16263,#16275,.T.);
#16277=ORIENTED_EDGE('',*,*,#16276,.F.);
#16278=CARTESIAN_POINT('',(0.,8.,0.81));
#16279=DIRECTION('',(1.,0.,-0.));
#16280=VECTOR('',#16279,1.);
#16281=LINE('',#16278,#16280);
#16282=EDGE_CURVE('',#16271,#16240,#16281,.T.);
#16283=ORIENTED_EDGE('',*,*,#16282,.T.);
#16284=ORIENTED_EDGE('',*,*,#16245,.T.);
#16285=EDGE_LOOP('',(#16269,#16277,#16283,#16284));
#16286=FACE_BOUND('',#16285,.T.);
#16287=ADVANCED_FACE('',(#16286),#16261,.T.);
#16288=CARTESIAN_POINT('',(0.,7.9,0.81));
#16289=DIRECTION('',(-1.,0.,0.));
#16290=DIRECTION('',(0.,0.,1.));
#16291=AXIS2_PLACEMENT_3D('',#16288,#16289,#16290);
#16292=PLANE('',#16291);
#16293=CARTESIAN_POINT('',(0.,7.8,-0.01));
#16294=DIRECTION('',(0.,1.,0.));
#16295=VECTOR('',#16294,0.2);
#16296=LINE('',#16293,#16295);
#16297=EDGE_CURVE('',#16130,#16263,#16296,.T.);
#16298=ORIENTED_EDGE('',*,*,#16297,.F.);
#16299=ORIENTED_EDGE('',*,*,#16159,.F.);
#16300=CARTESIAN_POINT('',(0.,7.8,0.81));
#16301=DIRECTION('',(0.,1.,0.));
#16302=VECTOR('',#16301,0.2);
#16303=LINE('',#16300,#16302);
#16304=EDGE_CURVE('',#16147,#16271,#16303,.T.);
#16305=ORIENTED_EDGE('',*,*,#16304,.T.);
#16306=ORIENTED_EDGE('',*,*,#16276,.T.);
#16307=EDGE_LOOP('',(#16298,#16299,#16305,#16306));
#16308=FACE_BOUND('',#16307,.T.);
#16309=ADVANCED_FACE('',(#16308),#16292,.T.);
#16310=CARTESIAN_POINT('',(0.,0.,0.81));
#16311=DIRECTION('',(0.,0.,1.));
#16312=DIRECTION('',(1.,0.,0.));
#16313=AXIS2_PLACEMENT_3D('',#16310,#16311,#16312);
#16314=PLANE('',#16313);
#16315=ORIENTED_EDGE('',*,*,#16153,.F.);
#16316=ORIENTED_EDGE('',*,*,#16189,.F.);
#16317=ORIENTED_EDGE('',*,*,#16220,.F.);
#16318=ORIENTED_EDGE('',*,*,#16251,.F.);
#16319=ORIENTED_EDGE('',*,*,#16282,.F.);
#16320=ORIENTED_EDGE('',*,*,#16304,.F.);
#16321=EDGE_LOOP('',(#16315,#16316,#16317,#16318,#16319,#16320));
#16322=FACE_BOUND('',#16321,.T.);
#16323=ADVANCED_FACE('',(#16322),#16314,.T.);
#16324=CARTESIAN_POINT('',(0.,0.,-0.01));
#16325=DIRECTION('',(0.,0.,1.));
#16326=DIRECTION('',(1.,0.,0.));
#16327=AXIS2_PLACEMENT_3D('',#16324,#16325,#16326);
#16328=PLANE('',#16327);
#16329=ORIENTED_EDGE('',*,*,#16136,.T.);
#16330=ORIENTED_EDGE('',*,*,#16297,.T.);
#16331=ORIENTED_EDGE('',*,*,#16268,.T.);
#16332=ORIENTED_EDGE('',*,*,#16237,.T.);
#16333=ORIENTED_EDGE('',*,*,#16206,.T.);
#16334=ORIENTED_EDGE('',*,*,#16175,.T.);
#16335=EDGE_LOOP('',(#16329,#16330,#16331,#16332,#16333,#16334));
#16336=FACE_BOUND('',#16335,.T.);
#16337=ADVANCED_FACE('',(#16336),#16328,.F.);
#16338=CLOSED_SHELL('',(#16163,#16194,#16225,#16256,#16287,#16309,#16323,#16337));
#16339=MANIFOLD_SOLID_BREP('Body 05',#16338);
#16121=STYLED_ITEM('',(#13685),#16339);
#16341=CARTESIAN_POINT('',(-0.,9.5,0.81));
#16342=DIRECTION('',(0.,0.,-1.));
#16343=DIRECTION('',(-1.,0.,0.));
#16344=AXIS2_PLACEMENT_3D('',#16341,#16342,#16343);
#16345=CYLINDRICAL_SURFACE('',#16344,0.3);
#16346=CARTESIAN_POINT('',(0.,9.2,-0.01));
#16347=VERTEX_POINT('',#16346);
#16348=CARTESIAN_POINT('',(0.,9.8,-0.01));
#16349=VERTEX_POINT('',#16348);
#16350=CARTESIAN_POINT('',(-0.,9.5,-0.01));
#16351=DIRECTION('',(0.,0.,1.));
#16352=DIRECTION('',(1.,0.,-0.));
#16353=AXIS2_PLACEMENT_3D('',#16350,#16351,#16352);
#16354=CIRCLE('',#16353,0.3);
#16355=EDGE_CURVE('',#16347,#16349,#16354,.T.);
#16356=ORIENTED_EDGE('',*,*,#16355,.F.);
#16357=CARTESIAN_POINT('',(0.,9.2,0.81));
#16358=VERTEX_POINT('',#16357);
#16359=CARTESIAN_POINT('',(0.,9.2,0.81));
#16360=DIRECTION('',(0.,0.,-1.));
#16361=VECTOR('',#16360,0.82);
#16362=LINE('',#16359,#16361);
#16363=EDGE_CURVE('',#16358,#16347,#16362,.T.);
#16364=ORIENTED_EDGE('',*,*,#16363,.F.);
#16365=CARTESIAN_POINT('',(0.,9.8,0.81));
#16366=VERTEX_POINT('',#16365);
#16367=CARTESIAN_POINT('',(-0.,9.5,0.81));
#16368=DIRECTION('',(0.,0.,1.));
#16369=DIRECTION('',(1.,0.,-0.));
#16370=AXIS2_PLACEMENT_3D('',#16367,#16368,#16369);
#16371=CIRCLE('',#16370,0.3);
#16372=EDGE_CURVE('',#16358,#16366,#16371,.T.);
#16373=ORIENTED_EDGE('',*,*,#16372,.T.);
#16374=CARTESIAN_POINT('',(0.,9.8,0.81));
#16375=DIRECTION('',(0.,0.,-1.));
#16376=VECTOR('',#16375,0.82);
#16377=LINE('',#16374,#16376);
#16378=EDGE_CURVE('',#16366,#16349,#16377,.T.);
#16379=ORIENTED_EDGE('',*,*,#16378,.T.);
#16380=EDGE_LOOP('',(#16356,#16364,#16373,#16379));
#16381=FACE_BOUND('',#16380,.T.);
#16382=ADVANCED_FACE('',(#16381),#16345,.F.);
#16383=CARTESIAN_POINT('',(0.,9.1,0.81));
#16384=DIRECTION('',(-1.,0.,0.));
#16385=DIRECTION('',(0.,0.,1.));
#16386=AXIS2_PLACEMENT_3D('',#16383,#16384,#16385);
#16387=PLANE('',#16386);
#16388=CARTESIAN_POINT('',(0.,9.,-0.01));
#16389=VERTEX_POINT('',#16388);
#16390=CARTESIAN_POINT('',(0.,9.,-0.01));
#16391=DIRECTION('',(0.,1.,0.));
#16392=VECTOR('',#16391,0.2);
#16393=LINE('',#16390,#16392);
#16394=EDGE_CURVE('',#16389,#16347,#16393,.T.);
#16395=ORIENTED_EDGE('',*,*,#16394,.F.);
#16396=CARTESIAN_POINT('',(0.,9.,0.81));
#16397=VERTEX_POINT('',#16396);
#16398=CARTESIAN_POINT('',(0.,9.,0.81));
#16399=DIRECTION('',(0.,0.,-1.));
#16400=VECTOR('',#16399,0.82);
#16401=LINE('',#16398,#16400);
#16402=EDGE_CURVE('',#16397,#16389,#16401,.T.);
#16403=ORIENTED_EDGE('',*,*,#16402,.F.);
#16404=CARTESIAN_POINT('',(0.,9.,0.81));
#16405=DIRECTION('',(0.,1.,0.));
#16406=VECTOR('',#16405,0.2);
#16407=LINE('',#16404,#16406);
#16408=EDGE_CURVE('',#16397,#16358,#16407,.T.);
#16409=ORIENTED_EDGE('',*,*,#16408,.T.);
#16410=ORIENTED_EDGE('',*,*,#16363,.T.);
#16411=EDGE_LOOP('',(#16395,#16403,#16409,#16410));
#16412=FACE_BOUND('',#16411,.T.);
#16413=ADVANCED_FACE('',(#16412),#16387,.T.);
#16414=CARTESIAN_POINT('',(0.5,9.,0.81));
#16415=DIRECTION('',(0.,-1.,0.));
#16416=DIRECTION('',(0.,0.,-1.));
#16417=AXIS2_PLACEMENT_3D('',#16414,#16415,#16416);
#16418=PLANE('',#16417);
#16419=CARTESIAN_POINT('',(1.,9.,-0.01));
#16420=VERTEX_POINT('',#16419);
#16421=CARTESIAN_POINT('',(1.,9.,-0.01));
#16422=DIRECTION('',(-1.,0.,0.));
#16423=VECTOR('',#16422,1.);
#16424=LINE('',#16421,#16423);
#16425=EDGE_CURVE('',#16420,#16389,#16424,.T.);
#16426=ORIENTED_EDGE('',*,*,#16425,.F.);
#16427=CARTESIAN_POINT('',(1.,9.,0.81));
#16428=VERTEX_POINT('',#16427);
#16429=CARTESIAN_POINT('',(1.,9.,0.81));
#16430=DIRECTION('',(0.,0.,-1.));
#16431=VECTOR('',#16430,0.82);
#16432=LINE('',#16429,#16431);
#16433=EDGE_CURVE('',#16428,#16420,#16432,.T.);
#16434=ORIENTED_EDGE('',*,*,#16433,.F.);
#16435=CARTESIAN_POINT('',(1.,9.,0.81));
#16436=DIRECTION('',(-1.,0.,0.));
#16437=VECTOR('',#16436,1.);
#16438=LINE('',#16435,#16437);
#16439=EDGE_CURVE('',#16428,#16397,#16438,.T.);
#16440=ORIENTED_EDGE('',*,*,#16439,.T.);
#16441=ORIENTED_EDGE('',*,*,#16402,.T.);
#16442=EDGE_LOOP('',(#16426,#16434,#16440,#16441));
#16443=FACE_BOUND('',#16442,.T.);
#16444=ADVANCED_FACE('',(#16443),#16418,.T.);
#16445=CARTESIAN_POINT('',(1.,9.5,0.81));
#16446=DIRECTION('',(1.,0.,0.));
#16447=DIRECTION('',(0.,0.,-1.));
#16448=AXIS2_PLACEMENT_3D('',#16445,#16446,#16447);
#16449=PLANE('',#16448);
#16450=CARTESIAN_POINT('',(1.,10.,-0.01));
#16451=VERTEX_POINT('',#16450);
#16452=CARTESIAN_POINT('',(1.,10.,-0.01));
#16453=DIRECTION('',(0.,-1.,0.));
#16454=VECTOR('',#16453,1.);
#16455=LINE('',#16452,#16454);
#16456=EDGE_CURVE('',#16451,#16420,#16455,.T.);
#16457=ORIENTED_EDGE('',*,*,#16456,.F.);
#16458=CARTESIAN_POINT('',(1.,10.,0.81));
#16459=VERTEX_POINT('',#16458);
#16460=CARTESIAN_POINT('',(1.,10.,0.81));
#16461=DIRECTION('',(0.,0.,-1.));
#16462=VECTOR('',#16461,0.82);
#16463=LINE('',#16460,#16462);
#16464=EDGE_CURVE('',#16459,#16451,#16463,.T.);
#16465=ORIENTED_EDGE('',*,*,#16464,.F.);
#16466=CARTESIAN_POINT('',(1.,10.,0.81));
#16467=DIRECTION('',(0.,-1.,0.));
#16468=VECTOR('',#16467,1.);
#16469=LINE('',#16466,#16468);
#16470=EDGE_CURVE('',#16459,#16428,#16469,.T.);
#16471=ORIENTED_EDGE('',*,*,#16470,.T.);
#16472=ORIENTED_EDGE('',*,*,#16433,.T.);
#16473=EDGE_LOOP('',(#16457,#16465,#16471,#16472));
#16474=FACE_BOUND('',#16473,.T.);
#16475=ADVANCED_FACE('',(#16474),#16449,.T.);
#16476=CARTESIAN_POINT('',(0.5,10.,0.81));
#16477=DIRECTION('',(0.,1.,0.));
#16478=DIRECTION('',(0.,0.,1.));
#16479=AXIS2_PLACEMENT_3D('',#16476,#16477,#16478);
#16480=PLANE('',#16479);
#16481=CARTESIAN_POINT('',(0.,10.,-0.01));
#16482=VERTEX_POINT('',#16481);
#16483=CARTESIAN_POINT('',(0.,10.,-0.01));
#16484=DIRECTION('',(1.,0.,-0.));
#16485=VECTOR('',#16484,1.);
#16486=LINE('',#16483,#16485);
#16487=EDGE_CURVE('',#16482,#16451,#16486,.T.);
#16488=ORIENTED_EDGE('',*,*,#16487,.F.);
#16489=CARTESIAN_POINT('',(0.,10.,0.81));
#16490=VERTEX_POINT('',#16489);
#16491=CARTESIAN_POINT('',(0.,10.,0.81));
#16492=DIRECTION('',(0.,0.,-1.));
#16493=VECTOR('',#16492,0.82);
#16494=LINE('',#16491,#16493);
#16495=EDGE_CURVE('',#16490,#16482,#16494,.T.);
#16496=ORIENTED_EDGE('',*,*,#16495,.F.);
#16497=CARTESIAN_POINT('',(0.,10.,0.81));
#16498=DIRECTION('',(1.,0.,-0.));
#16499=VECTOR('',#16498,1.);
#16500=LINE('',#16497,#16499);
#16501=EDGE_CURVE('',#16490,#16459,#16500,.T.);
#16502=ORIENTED_EDGE('',*,*,#16501,.T.);
#16503=ORIENTED_EDGE('',*,*,#16464,.T.);
#16504=EDGE_LOOP('',(#16488,#16496,#16502,#16503));
#16505=FACE_BOUND('',#16504,.T.);
#16506=ADVANCED_FACE('',(#16505),#16480,.T.);
#16507=CARTESIAN_POINT('',(0.,9.9,0.81));
#16508=DIRECTION('',(-1.,0.,0.));
#16509=DIRECTION('',(0.,0.,1.));
#16510=AXIS2_PLACEMENT_3D('',#16507,#16508,#16509);
#16511=PLANE('',#16510);
#16512=CARTESIAN_POINT('',(0.,9.8,-0.01));
#16513=DIRECTION('',(0.,1.,0.));
#16514=VECTOR('',#16513,0.2);
#16515=LINE('',#16512,#16514);
#16516=EDGE_CURVE('',#16349,#16482,#16515,.T.);
#16517=ORIENTED_EDGE('',*,*,#16516,.F.);
#16518=ORIENTED_EDGE('',*,*,#16378,.F.);
#16519=CARTESIAN_POINT('',(0.,9.8,0.81));
#16520=DIRECTION('',(0.,1.,0.));
#16521=VECTOR('',#16520,0.2);
#16522=LINE('',#16519,#16521);
#16523=EDGE_CURVE('',#16366,#16490,#16522,.T.);
#16524=ORIENTED_EDGE('',*,*,#16523,.T.);
#16525=ORIENTED_EDGE('',*,*,#16495,.T.);
#16526=EDGE_LOOP('',(#16517,#16518,#16524,#16525));
#16527=FACE_BOUND('',#16526,.T.);
#16528=ADVANCED_FACE('',(#16527),#16511,.T.);
#16529=CARTESIAN_POINT('',(0.,0.,0.81));
#16530=DIRECTION('',(0.,0.,1.));
#16531=DIRECTION('',(1.,0.,0.));
#16532=AXIS2_PLACEMENT_3D('',#16529,#16530,#16531);
#16533=PLANE('',#16532);
#16534=ORIENTED_EDGE('',*,*,#16372,.F.);
#16535=ORIENTED_EDGE('',*,*,#16408,.F.);
#16536=ORIENTED_EDGE('',*,*,#16439,.F.);
#16537=ORIENTED_EDGE('',*,*,#16470,.F.);
#16538=ORIENTED_EDGE('',*,*,#16501,.F.);
#16539=ORIENTED_EDGE('',*,*,#16523,.F.);
#16540=EDGE_LOOP('',(#16534,#16535,#16536,#16537,#16538,#16539));
#16541=FACE_BOUND('',#16540,.T.);
#16542=ADVANCED_FACE('',(#16541),#16533,.T.);
#16543=CARTESIAN_POINT('',(0.,0.,-0.01));
#16544=DIRECTION('',(0.,0.,1.));
#16545=DIRECTION('',(1.,0.,0.));
#16546=AXIS2_PLACEMENT_3D('',#16543,#16544,#16545);
#16547=PLANE('',#16546);
#16548=ORIENTED_EDGE('',*,*,#16355,.T.);
#16549=ORIENTED_EDGE('',*,*,#16516,.T.);
#16550=ORIENTED_EDGE('',*,*,#16487,.T.);
#16551=ORIENTED_EDGE('',*,*,#16456,.T.);
#16552=ORIENTED_EDGE('',*,*,#16425,.T.);
#16553=ORIENTED_EDGE('',*,*,#16394,.T.);
#16554=EDGE_LOOP('',(#16548,#16549,#16550,#16551,#16552,#16553));
#16555=FACE_BOUND('',#16554,.T.);
#16556=ADVANCED_FACE('',(#16555),#16547,.F.);
#16557=CLOSED_SHELL('',(#16382,#16413,#16444,#16475,#16506,#16528,#16542,#16556));
#16558=MANIFOLD_SOLID_BREP('Body 07',#16557);
#16340=STYLED_ITEM('',(#13685),#16558);
#16560=CARTESIAN_POINT('',(-0.,5.5,0.81));
#16561=DIRECTION('',(0.,0.,-1.));
#16562=DIRECTION('',(-1.,0.,0.));
#16563=AXIS2_PLACEMENT_3D('',#16560,#16561,#16562);
#16564=CYLINDRICAL_SURFACE('',#16563,0.3);
#16565=CARTESIAN_POINT('',(0.,5.2,-0.01));
#16566=VERTEX_POINT('',#16565);
#16567=CARTESIAN_POINT('',(0.,5.8,-0.01));
#16568=VERTEX_POINT('',#16567);
#16569=CARTESIAN_POINT('',(-0.,5.5,-0.01));
#16570=DIRECTION('',(0.,0.,1.));
#16571=DIRECTION('',(1.,0.,-0.));
#16572=AXIS2_PLACEMENT_3D('',#16569,#16570,#16571);
#16573=CIRCLE('',#16572,0.3);
#16574=EDGE_CURVE('',#16566,#16568,#16573,.T.);
#16575=ORIENTED_EDGE('',*,*,#16574,.F.);
#16576=CARTESIAN_POINT('',(0.,5.2,0.81));
#16577=VERTEX_POINT('',#16576);
#16578=CARTESIAN_POINT('',(0.,5.2,0.81));
#16579=DIRECTION('',(0.,0.,-1.));
#16580=VECTOR('',#16579,0.82);
#16581=LINE('',#16578,#16580);
#16582=EDGE_CURVE('',#16577,#16566,#16581,.T.);
#16583=ORIENTED_EDGE('',*,*,#16582,.F.);
#16584=CARTESIAN_POINT('',(0.,5.8,0.81));
#16585=VERTEX_POINT('',#16584);
#16586=CARTESIAN_POINT('',(-0.,5.5,0.81));
#16587=DIRECTION('',(0.,0.,1.));
#16588=DIRECTION('',(1.,0.,-0.));
#16589=AXIS2_PLACEMENT_3D('',#16586,#16587,#16588);
#16590=CIRCLE('',#16589,0.3);
#16591=EDGE_CURVE('',#16577,#16585,#16590,.T.);
#16592=ORIENTED_EDGE('',*,*,#16591,.T.);
#16593=CARTESIAN_POINT('',(0.,5.8,0.81));
#16594=DIRECTION('',(0.,0.,-1.));
#16595=VECTOR('',#16594,0.82);
#16596=LINE('',#16593,#16595);
#16597=EDGE_CURVE('',#16585,#16568,#16596,.T.);
#16598=ORIENTED_EDGE('',*,*,#16597,.T.);
#16599=EDGE_LOOP('',(#16575,#16583,#16592,#16598));
#16600=FACE_BOUND('',#16599,.T.);
#16601=ADVANCED_FACE('',(#16600),#16564,.F.);
#16602=CARTESIAN_POINT('',(0.,5.1,0.81));
#16603=DIRECTION('',(-1.,0.,0.));
#16604=DIRECTION('',(0.,0.,1.));
#16605=AXIS2_PLACEMENT_3D('',#16602,#16603,#16604);
#16606=PLANE('',#16605);
#16607=CARTESIAN_POINT('',(0.,5.,-0.01));
#16608=VERTEX_POINT('',#16607);
#16609=CARTESIAN_POINT('',(0.,5.,-0.01));
#16610=DIRECTION('',(0.,1.,0.));
#16611=VECTOR('',#16610,0.2);
#16612=LINE('',#16609,#16611);
#16613=EDGE_CURVE('',#16608,#16566,#16612,.T.);
#16614=ORIENTED_EDGE('',*,*,#16613,.F.);
#16615=CARTESIAN_POINT('',(0.,5.,0.81));
#16616=VERTEX_POINT('',#16615);
#16617=CARTESIAN_POINT('',(0.,5.,0.81));
#16618=DIRECTION('',(0.,0.,-1.));
#16619=VECTOR('',#16618,0.82);
#16620=LINE('',#16617,#16619);
#16621=EDGE_CURVE('',#16616,#16608,#16620,.T.);
#16622=ORIENTED_EDGE('',*,*,#16621,.F.);
#16623=CARTESIAN_POINT('',(0.,5.,0.81));
#16624=DIRECTION('',(0.,1.,0.));
#16625=VECTOR('',#16624,0.2);
#16626=LINE('',#16623,#16625);
#16627=EDGE_CURVE('',#16616,#16577,#16626,.T.);
#16628=ORIENTED_EDGE('',*,*,#16627,.T.);
#16629=ORIENTED_EDGE('',*,*,#16582,.T.);
#16630=EDGE_LOOP('',(#16614,#16622,#16628,#16629));
#16631=FACE_BOUND('',#16630,.T.);
#16632=ADVANCED_FACE('',(#16631),#16606,.T.);
#16633=CARTESIAN_POINT('',(0.5,5.,0.81));
#16634=DIRECTION('',(0.,-1.,0.));
#16635=DIRECTION('',(0.,0.,-1.));
#16636=AXIS2_PLACEMENT_3D('',#16633,#16634,#16635);
#16637=PLANE('',#16636);
#16638=CARTESIAN_POINT('',(1.,5.,-0.01));
#16639=VERTEX_POINT('',#16638);
#16640=CARTESIAN_POINT('',(1.,5.,-0.01));
#16641=DIRECTION('',(-1.,0.,0.));
#16642=VECTOR('',#16641,1.);
#16643=LINE('',#16640,#16642);
#16644=EDGE_CURVE('',#16639,#16608,#16643,.T.);
#16645=ORIENTED_EDGE('',*,*,#16644,.F.);
#16646=CARTESIAN_POINT('',(1.,5.,0.81));
#16647=VERTEX_POINT('',#16646);
#16648=CARTESIAN_POINT('',(1.,5.,0.81));
#16649=DIRECTION('',(0.,0.,-1.));
#16650=VECTOR('',#16649,0.82);
#16651=LINE('',#16648,#16650);
#16652=EDGE_CURVE('',#16647,#16639,#16651,.T.);
#16653=ORIENTED_EDGE('',*,*,#16652,.F.);
#16654=CARTESIAN_POINT('',(1.,5.,0.81));
#16655=DIRECTION('',(-1.,0.,0.));
#16656=VECTOR('',#16655,1.);
#16657=LINE('',#16654,#16656);
#16658=EDGE_CURVE('',#16647,#16616,#16657,.T.);
#16659=ORIENTED_EDGE('',*,*,#16658,.T.);
#16660=ORIENTED_EDGE('',*,*,#16621,.T.);
#16661=EDGE_LOOP('',(#16645,#16653,#16659,#16660));
#16662=FACE_BOUND('',#16661,.T.);
#16663=ADVANCED_FACE('',(#16662),#16637,.T.);
#16664=CARTESIAN_POINT('',(1.,5.5,0.81));
#16665=DIRECTION('',(1.,0.,0.));
#16666=DIRECTION('',(0.,0.,-1.));
#16667=AXIS2_PLACEMENT_3D('',#16664,#16665,#16666);
#16668=PLANE('',#16667);
#16669=CARTESIAN_POINT('',(1.,6.,-0.01));
#16670=VERTEX_POINT('',#16669);
#16671=CARTESIAN_POINT('',(1.,6.,-0.01));
#16672=DIRECTION('',(0.,-1.,0.));
#16673=VECTOR('',#16672,1.);
#16674=LINE('',#16671,#16673);
#16675=EDGE_CURVE('',#16670,#16639,#16674,.T.);
#16676=ORIENTED_EDGE('',*,*,#16675,.F.);
#16677=CARTESIAN_POINT('',(1.,6.,0.81));
#16678=VERTEX_POINT('',#16677);
#16679=CARTESIAN_POINT('',(1.,6.,0.81));
#16680=DIRECTION('',(0.,0.,-1.));
#16681=VECTOR('',#16680,0.82);
#16682=LINE('',#16679,#16681);
#16683=EDGE_CURVE('',#16678,#16670,#16682,.T.);
#16684=ORIENTED_EDGE('',*,*,#16683,.F.);
#16685=CARTESIAN_POINT('',(1.,6.,0.81));
#16686=DIRECTION('',(0.,-1.,0.));
#16687=VECTOR('',#16686,1.);
#16688=LINE('',#16685,#16687);
#16689=EDGE_CURVE('',#16678,#16647,#16688,.T.);
#16690=ORIENTED_EDGE('',*,*,#16689,.T.);
#16691=ORIENTED_EDGE('',*,*,#16652,.T.);
#16692=EDGE_LOOP('',(#16676,#16684,#16690,#16691));
#16693=FACE_BOUND('',#16692,.T.);
#16694=ADVANCED_FACE('',(#16693),#16668,.T.);
#16695=CARTESIAN_POINT('',(0.5,6.,0.81));
#16696=DIRECTION('',(0.,1.,0.));
#16697=DIRECTION('',(0.,0.,1.));
#16698=AXIS2_PLACEMENT_3D('',#16695,#16696,#16697);
#16699=PLANE('',#16698);
#16700=CARTESIAN_POINT('',(0.,6.,-0.01));
#16701=VERTEX_POINT('',#16700);
#16702=CARTESIAN_POINT('',(0.,6.,-0.01));
#16703=DIRECTION('',(1.,0.,-0.));
#16704=VECTOR('',#16703,1.);
#16705=LINE('',#16702,#16704);
#16706=EDGE_CURVE('',#16701,#16670,#16705,.T.);
#16707=ORIENTED_EDGE('',*,*,#16706,.F.);
#16708=CARTESIAN_POINT('',(0.,6.,0.81));
#16709=VERTEX_POINT('',#16708);
#16710=CARTESIAN_POINT('',(0.,6.,0.81));
#16711=DIRECTION('',(0.,0.,-1.));
#16712=VECTOR('',#16711,0.82);
#16713=LINE('',#16710,#16712);
#16714=EDGE_CURVE('',#16709,#16701,#16713,.T.);
#16715=ORIENTED_EDGE('',*,*,#16714,.F.);
#16716=CARTESIAN_POINT('',(0.,6.,0.81));
#16717=DIRECTION('',(1.,0.,-0.));
#16718=VECTOR('',#16717,1.);
#16719=LINE('',#16716,#16718);
#16720=EDGE_CURVE('',#16709,#16678,#16719,.T.);
#16721=ORIENTED_EDGE('',*,*,#16720,.T.);
#16722=ORIENTED_EDGE('',*,*,#16683,.T.);
#16723=EDGE_LOOP('',(#16707,#16715,#16721,#16722));
#16724=FACE_BOUND('',#16723,.T.);
#16725=ADVANCED_FACE('',(#16724),#16699,.T.);
#16726=CARTESIAN_POINT('',(0.,5.9,0.81));
#16727=DIRECTION('',(-1.,0.,0.));
#16728=DIRECTION('',(0.,0.,1.));
#16729=AXIS2_PLACEMENT_3D('',#16726,#16727,#16728);
#16730=PLANE('',#16729);
#16731=CARTESIAN_POINT('',(0.,5.8,-0.01));
#16732=DIRECTION('',(0.,1.,0.));
#16733=VECTOR('',#16732,0.2);
#16734=LINE('',#16731,#16733);
#16735=EDGE_CURVE('',#16568,#16701,#16734,.T.);
#16736=ORIENTED_EDGE('',*,*,#16735,.F.);
#16737=ORIENTED_EDGE('',*,*,#16597,.F.);
#16738=CARTESIAN_POINT('',(0.,5.8,0.81));
#16739=DIRECTION('',(0.,1.,0.));
#16740=VECTOR('',#16739,0.2);
#16741=LINE('',#16738,#16740);
#16742=EDGE_CURVE('',#16585,#16709,#16741,.T.);
#16743=ORIENTED_EDGE('',*,*,#16742,.T.);
#16744=ORIENTED_EDGE('',*,*,#16714,.T.);
#16745=EDGE_LOOP('',(#16736,#16737,#16743,#16744));
#16746=FACE_BOUND('',#16745,.T.);
#16747=ADVANCED_FACE('',(#16746),#16730,.T.);
#16748=CARTESIAN_POINT('',(0.,0.,0.81));
#16749=DIRECTION('',(0.,0.,1.));
#16750=DIRECTION('',(1.,0.,0.));
#16751=AXIS2_PLACEMENT_3D('',#16748,#16749,#16750);
#16752=PLANE('',#16751);
#16753=ORIENTED_EDGE('',*,*,#16591,.F.);
#16754=ORIENTED_EDGE('',*,*,#16627,.F.);
#16755=ORIENTED_EDGE('',*,*,#16658,.F.);
#16756=ORIENTED_EDGE('',*,*,#16689,.F.);
#16757=ORIENTED_EDGE('',*,*,#16720,.F.);
#16758=ORIENTED_EDGE('',*,*,#16742,.F.);
#16759=EDGE_LOOP('',(#16753,#16754,#16755,#16756,#16757,#16758));
#16760=FACE_BOUND('',#16759,.T.);
#16761=ADVANCED_FACE('',(#16760),#16752,.T.);
#16762=CARTESIAN_POINT('',(0.,0.,-0.01));
#16763=DIRECTION('',(0.,0.,1.));
#16764=DIRECTION('',(1.,0.,0.));
#16765=AXIS2_PLACEMENT_3D('',#16762,#16763,#16764);
#16766=PLANE('',#16765);
#16767=ORIENTED_EDGE('',*,*,#16574,.T.);
#16768=ORIENTED_EDGE('',*,*,#16735,.T.);
#16769=ORIENTED_EDGE('',*,*,#16706,.T.);
#16770=ORIENTED_EDGE('',*,*,#16675,.T.);
#16771=ORIENTED_EDGE('',*,*,#16644,.T.);
#16772=ORIENTED_EDGE('',*,*,#16613,.T.);
#16773=EDGE_LOOP('',(#16767,#16768,#16769,#16770,#16771,#16772));
#16774=FACE_BOUND('',#16773,.T.);
#16775=ADVANCED_FACE('',(#16774),#16766,.F.);
#16776=CLOSED_SHELL('',(#16601,#16632,#16663,#16694,#16725,#16747,#16761,#16775));
#16777=MANIFOLD_SOLID_BREP('Body 04',#16776);
#16559=STYLED_ITEM('',(#13685),#16777);
#16779=CARTESIAN_POINT('',(-0.,15.5,0.81));
#16780=DIRECTION('',(0.,0.,-1.));
#16781=DIRECTION('',(-1.,0.,0.));
#16782=AXIS2_PLACEMENT_3D('',#16779,#16780,#16781);
#16783=CYLINDRICAL_SURFACE('',#16782,0.3);
#16784=CARTESIAN_POINT('',(0.,15.2,-0.01));
#16785=VERTEX_POINT('',#16784);
#16786=CARTESIAN_POINT('',(0.,15.8,-0.01));
#16787=VERTEX_POINT('',#16786);
#16788=CARTESIAN_POINT('',(-0.,15.5,-0.01));
#16789=DIRECTION('',(0.,0.,1.));
#16790=DIRECTION('',(1.,0.,-0.));
#16791=AXIS2_PLACEMENT_3D('',#16788,#16789,#16790);
#16792=CIRCLE('',#16791,0.3);
#16793=EDGE_CURVE('',#16785,#16787,#16792,.T.);
#16794=ORIENTED_EDGE('',*,*,#16793,.F.);
#16795=CARTESIAN_POINT('',(0.,15.2,0.81));
#16796=VERTEX_POINT('',#16795);
#16797=CARTESIAN_POINT('',(0.,15.2,0.81));
#16798=DIRECTION('',(0.,0.,-1.));
#16799=VECTOR('',#16798,0.82);
#16800=LINE('',#16797,#16799);
#16801=EDGE_CURVE('',#16796,#16785,#16800,.T.);
#16802=ORIENTED_EDGE('',*,*,#16801,.F.);
#16803=CARTESIAN_POINT('',(0.,15.8,0.81));
#16804=VERTEX_POINT('',#16803);
#16805=CARTESIAN_POINT('',(-0.,15.5,0.81));
#16806=DIRECTION('',(0.,0.,1.));
#16807=DIRECTION('',(1.,0.,-0.));
#16808=AXIS2_PLACEMENT_3D('',#16805,#16806,#16807);
#16809=CIRCLE('',#16808,0.3);
#16810=EDGE_CURVE('',#16796,#16804,#16809,.T.);
#16811=ORIENTED_EDGE('',*,*,#16810,.T.);
#16812=CARTESIAN_POINT('',(0.,15.8,0.81));
#16813=DIRECTION('',(0.,0.,-1.));
#16814=VECTOR('',#16813,0.82);
#16815=LINE('',#16812,#16814);
#16816=EDGE_CURVE('',#16804,#16787,#16815,.T.);
#16817=ORIENTED_EDGE('',*,*,#16816,.T.);
#16818=EDGE_LOOP('',(#16794,#16802,#16811,#16817));
#16819=FACE_BOUND('',#16818,.T.);
#16820=ADVANCED_FACE('',(#16819),#16783,.F.);
#16821=CARTESIAN_POINT('',(0.,15.1,0.81));
#16822=DIRECTION('',(-1.,0.,0.));
#16823=DIRECTION('',(0.,0.,1.));
#16824=AXIS2_PLACEMENT_3D('',#16821,#16822,#16823);
#16825=PLANE('',#16824);
#16826=CARTESIAN_POINT('',(0.,15.,-0.01));
#16827=VERTEX_POINT('',#16826);
#16828=CARTESIAN_POINT('',(0.,15.,-0.01));
#16829=DIRECTION('',(0.,1.,0.));
#16830=VECTOR('',#16829,0.2);
#16831=LINE('',#16828,#16830);
#16832=EDGE_CURVE('',#16827,#16785,#16831,.T.);
#16833=ORIENTED_EDGE('',*,*,#16832,.F.);
#16834=CARTESIAN_POINT('',(0.,15.,0.81));
#16835=VERTEX_POINT('',#16834);
#16836=CARTESIAN_POINT('',(0.,15.,0.81));
#16837=DIRECTION('',(0.,0.,-1.));
#16838=VECTOR('',#16837,0.82);
#16839=LINE('',#16836,#16838);
#16840=EDGE_CURVE('',#16835,#16827,#16839,.T.);
#16841=ORIENTED_EDGE('',*,*,#16840,.F.);
#16842=CARTESIAN_POINT('',(0.,15.,0.81));
#16843=DIRECTION('',(0.,1.,0.));
#16844=VECTOR('',#16843,0.2);
#16845=LINE('',#16842,#16844);
#16846=EDGE_CURVE('',#16835,#16796,#16845,.T.);
#16847=ORIENTED_EDGE('',*,*,#16846,.T.);
#16848=ORIENTED_EDGE('',*,*,#16801,.T.);
#16849=EDGE_LOOP('',(#16833,#16841,#16847,#16848));
#16850=FACE_BOUND('',#16849,.T.);
#16851=ADVANCED_FACE('',(#16850),#16825,.T.);
#16852=CARTESIAN_POINT('',(0.5,15.,0.81));
#16853=DIRECTION('',(0.,-1.,0.));
#16854=DIRECTION('',(0.,0.,-1.));
#16855=AXIS2_PLACEMENT_3D('',#16852,#16853,#16854);
#16856=PLANE('',#16855);
#16857=CARTESIAN_POINT('',(1.,15.,-0.01));
#16858=VERTEX_POINT('',#16857);
#16859=CARTESIAN_POINT('',(1.,15.,-0.01));
#16860=DIRECTION('',(-1.,0.,0.));
#16861=VECTOR('',#16860,1.);
#16862=LINE('',#16859,#16861);
#16863=EDGE_CURVE('',#16858,#16827,#16862,.T.);
#16864=ORIENTED_EDGE('',*,*,#16863,.F.);
#16865=CARTESIAN_POINT('',(1.,15.,0.81));
#16866=VERTEX_POINT('',#16865);
#16867=CARTESIAN_POINT('',(1.,15.,0.81));
#16868=DIRECTION('',(0.,0.,-1.));
#16869=VECTOR('',#16868,0.82);
#16870=LINE('',#16867,#16869);
#16871=EDGE_CURVE('',#16866,#16858,#16870,.T.);
#16872=ORIENTED_EDGE('',*,*,#16871,.F.);
#16873=CARTESIAN_POINT('',(1.,15.,0.81));
#16874=DIRECTION('',(-1.,0.,0.));
#16875=VECTOR('',#16874,1.);
#16876=LINE('',#16873,#16875);
#16877=EDGE_CURVE('',#16866,#16835,#16876,.T.);
#16878=ORIENTED_EDGE('',*,*,#16877,.T.);
#16879=ORIENTED_EDGE('',*,*,#16840,.T.);
#16880=EDGE_LOOP('',(#16864,#16872,#16878,#16879));
#16881=FACE_BOUND('',#16880,.T.);
#16882=ADVANCED_FACE('',(#16881),#16856,.T.);
#16883=CARTESIAN_POINT('',(1.,15.5,0.81));
#16884=DIRECTION('',(1.,0.,0.));
#16885=DIRECTION('',(0.,0.,-1.));
#16886=AXIS2_PLACEMENT_3D('',#16883,#16884,#16885);
#16887=PLANE('',#16886);
#16888=CARTESIAN_POINT('',(1.,16.,-0.01));
#16889=VERTEX_POINT('',#16888);
#16890=CARTESIAN_POINT('',(1.,16.,-0.01));
#16891=DIRECTION('',(0.,-1.,0.));
#16892=VECTOR('',#16891,1.);
#16893=LINE('',#16890,#16892);
#16894=EDGE_CURVE('',#16889,#16858,#16893,.T.);
#16895=ORIENTED_EDGE('',*,*,#16894,.F.);
#16896=CARTESIAN_POINT('',(1.,16.,0.81));
#16897=VERTEX_POINT('',#16896);
#16898=CARTESIAN_POINT('',(1.,16.,0.81));
#16899=DIRECTION('',(0.,0.,-1.));
#16900=VECTOR('',#16899,0.82);
#16901=LINE('',#16898,#16900);
#16902=EDGE_CURVE('',#16897,#16889,#16901,.T.);
#16903=ORIENTED_EDGE('',*,*,#16902,.F.);
#16904=CARTESIAN_POINT('',(1.,16.,0.81));
#16905=DIRECTION('',(0.,-1.,0.));
#16906=VECTOR('',#16905,1.);
#16907=LINE('',#16904,#16906);
#16908=EDGE_CURVE('',#16897,#16866,#16907,.T.);
#16909=ORIENTED_EDGE('',*,*,#16908,.T.);
#16910=ORIENTED_EDGE('',*,*,#16871,.T.);
#16911=EDGE_LOOP('',(#16895,#16903,#16909,#16910));
#16912=FACE_BOUND('',#16911,.T.);
#16913=ADVANCED_FACE('',(#16912),#16887,.T.);
#16914=CARTESIAN_POINT('',(0.5,16.,0.81));
#16915=DIRECTION('',(0.,1.,0.));
#16916=DIRECTION('',(0.,0.,1.));
#16917=AXIS2_PLACEMENT_3D('',#16914,#16915,#16916);
#16918=PLANE('',#16917);
#16919=CARTESIAN_POINT('',(0.,16.,-0.01));
#16920=VERTEX_POINT('',#16919);
#16921=CARTESIAN_POINT('',(0.,16.,-0.01));
#16922=DIRECTION('',(1.,0.,-0.));
#16923=VECTOR('',#16922,1.);
#16924=LINE('',#16921,#16923);
#16925=EDGE_CURVE('',#16920,#16889,#16924,.T.);
#16926=ORIENTED_EDGE('',*,*,#16925,.F.);
#16927=CARTESIAN_POINT('',(0.,16.,0.81));
#16928=VERTEX_POINT('',#16927);
#16929=CARTESIAN_POINT('',(0.,16.,0.81));
#16930=DIRECTION('',(0.,0.,-1.));
#16931=VECTOR('',#16930,0.82);
#16932=LINE('',#16929,#16931);
#16933=EDGE_CURVE('',#16928,#16920,#16932,.T.);
#16934=ORIENTED_EDGE('',*,*,#16933,.F.);
#16935=CARTESIAN_POINT('',(0.,16.,0.81));
#16936=DIRECTION('',(1.,0.,-0.));
#16937=VECTOR('',#16936,1.);
#16938=LINE('',#16935,#16937);
#16939=EDGE_CURVE('',#16928,#16897,#16938,.T.);
#16940=ORIENTED_EDGE('',*,*,#16939,.T.);
#16941=ORIENTED_EDGE('',*,*,#16902,.T.);
#16942=EDGE_LOOP('',(#16926,#16934,#16940,#16941));
#16943=FACE_BOUND('',#16942,.T.);
#16944=ADVANCED_FACE('',(#16943),#16918,.T.);
#16945=CARTESIAN_POINT('',(0.,15.9,0.81));
#16946=DIRECTION('',(-1.,0.,0.));
#16947=DIRECTION('',(0.,0.,1.));
#16948=AXIS2_PLACEMENT_3D('',#16945,#16946,#16947);
#16949=PLANE('',#16948);
#16950=CARTESIAN_POINT('',(0.,15.8,-0.01));
#16951=DIRECTION('',(0.,1.,0.));
#16952=VECTOR('',#16951,0.2);
#16953=LINE('',#16950,#16952);
#16954=EDGE_CURVE('',#16787,#16920,#16953,.T.);
#16955=ORIENTED_EDGE('',*,*,#16954,.F.);
#16956=ORIENTED_EDGE('',*,*,#16816,.F.);
#16957=CARTESIAN_POINT('',(0.,15.8,0.81));
#16958=DIRECTION('',(0.,1.,0.));
#16959=VECTOR('',#16958,0.2);
#16960=LINE('',#16957,#16959);
#16961=EDGE_CURVE('',#16804,#16928,#16960,.T.);
#16962=ORIENTED_EDGE('',*,*,#16961,.T.);
#16963=ORIENTED_EDGE('',*,*,#16933,.T.);
#16964=EDGE_LOOP('',(#16955,#16956,#16962,#16963));
#16965=FACE_BOUND('',#16964,.T.);
#16966=ADVANCED_FACE('',(#16965),#16949,.T.);
#16967=CARTESIAN_POINT('',(0.,0.,0.81));
#16968=DIRECTION('',(0.,0.,1.));
#16969=DIRECTION('',(1.,0.,0.));
#16970=AXIS2_PLACEMENT_3D('',#16967,#16968,#16969);
#16971=PLANE('',#16970);
#16972=ORIENTED_EDGE('',*,*,#16810,.F.);
#16973=ORIENTED_EDGE('',*,*,#16846,.F.);
#16974=ORIENTED_EDGE('',*,*,#16877,.F.);
#16975=ORIENTED_EDGE('',*,*,#16908,.F.);
#16976=ORIENTED_EDGE('',*,*,#16939,.F.);
#16977=ORIENTED_EDGE('',*,*,#16961,.F.);
#16978=EDGE_LOOP('',(#16972,#16973,#16974,#16975,#16976,#16977));
#16979=FACE_BOUND('',#16978,.T.);
#16980=ADVANCED_FACE('',(#16979),#16971,.T.);
#16981=CARTESIAN_POINT('',(0.,0.,-0.01));
#16982=DIRECTION('',(0.,0.,1.));
#16983=DIRECTION('',(1.,0.,0.));
#16984=AXIS2_PLACEMENT_3D('',#16981,#16982,#16983);
#16985=PLANE('',#16984);
#16986=ORIENTED_EDGE('',*,*,#16793,.T.);
#16987=ORIENTED_EDGE('',*,*,#16954,.T.);
#16988=ORIENTED_EDGE('',*,*,#16925,.T.);
#16989=ORIENTED_EDGE('',*,*,#16894,.T.);
#16990=ORIENTED_EDGE('',*,*,#16863,.T.);
#16991=ORIENTED_EDGE('',*,*,#16832,.T.);
#16992=EDGE_LOOP('',(#16986,#16987,#16988,#16989,#16990,#16991));
#16993=FACE_BOUND('',#16992,.T.);
#16994=ADVANCED_FACE('',(#16993),#16985,.F.);
#16995=CLOSED_SHELL('',(#16820,#16851,#16882,#16913,#16944,#16966,#16980,#16994));
#16996=MANIFOLD_SOLID_BREP('Body 03',#16995);
#16778=STYLED_ITEM('',(#13685),#16996);
#16998=CARTESIAN_POINT('',(-0.,3.5,0.81));
#16999=DIRECTION('',(0.,0.,-1.));
#17000=DIRECTION('',(-1.,0.,0.));
#17001=AXIS2_PLACEMENT_3D('',#16998,#16999,#17000);
#17002=CYLINDRICAL_SURFACE('',#17001,0.3);
#17003=CARTESIAN_POINT('',(0.,3.2,-0.01));
#17004=VERTEX_POINT('',#17003);
#17005=CARTESIAN_POINT('',(0.,3.8,-0.01));
#17006=VERTEX_POINT('',#17005);
#17007=CARTESIAN_POINT('',(-0.,3.5,-0.01));
#17008=DIRECTION('',(0.,0.,1.));
#17009=DIRECTION('',(1.,0.,-0.));
#17010=AXIS2_PLACEMENT_3D('',#17007,#17008,#17009);
#17011=CIRCLE('',#17010,0.3);
#17012=EDGE_CURVE('',#17004,#17006,#17011,.T.);
#17013=ORIENTED_EDGE('',*,*,#17012,.F.);
#17014=CARTESIAN_POINT('',(0.,3.2,0.81));
#17015=VERTEX_POINT('',#17014);
#17016=CARTESIAN_POINT('',(0.,3.2,0.81));
#17017=DIRECTION('',(0.,0.,-1.));
#17018=VECTOR('',#17017,0.82);
#17019=LINE('',#17016,#17018);
#17020=EDGE_CURVE('',#17015,#17004,#17019,.T.);
#17021=ORIENTED_EDGE('',*,*,#17020,.F.);
#17022=CARTESIAN_POINT('',(0.,3.8,0.81));
#17023=VERTEX_POINT('',#17022);
#17024=CARTESIAN_POINT('',(-0.,3.5,0.81));
#17025=DIRECTION('',(0.,0.,1.));
#17026=DIRECTION('',(1.,0.,-0.));
#17027=AXIS2_PLACEMENT_3D('',#17024,#17025,#17026);
#17028=CIRCLE('',#17027,0.3);
#17029=EDGE_CURVE('',#17015,#17023,#17028,.T.);
#17030=ORIENTED_EDGE('',*,*,#17029,.T.);
#17031=CARTESIAN_POINT('',(0.,3.8,0.81));
#17032=DIRECTION('',(0.,0.,-1.));
#17033=VECTOR('',#17032,0.82);
#17034=LINE('',#17031,#17033);
#17035=EDGE_CURVE('',#17023,#17006,#17034,.T.);
#17036=ORIENTED_EDGE('',*,*,#17035,.T.);
#17037=EDGE_LOOP('',(#17013,#17021,#17030,#17036));
#17038=FACE_BOUND('',#17037,.T.);
#17039=ADVANCED_FACE('',(#17038),#17002,.F.);
#17040=CARTESIAN_POINT('',(0.,3.1,0.81));
#17041=DIRECTION('',(-1.,0.,0.));
#17042=DIRECTION('',(0.,0.,1.));
#17043=AXIS2_PLACEMENT_3D('',#17040,#17041,#17042);
#17044=PLANE('',#17043);
#17045=CARTESIAN_POINT('',(0.,3.,-0.01));
#17046=VERTEX_POINT('',#17045);
#17047=CARTESIAN_POINT('',(0.,3.,-0.01));
#17048=DIRECTION('',(0.,1.,0.));
#17049=VECTOR('',#17048,0.2);
#17050=LINE('',#17047,#17049);
#17051=EDGE_CURVE('',#17046,#17004,#17050,.T.);
#17052=ORIENTED_EDGE('',*,*,#17051,.F.);
#17053=CARTESIAN_POINT('',(0.,3.,0.81));
#17054=VERTEX_POINT('',#17053);
#17055=CARTESIAN_POINT('',(0.,3.,0.81));
#17056=DIRECTION('',(0.,0.,-1.));
#17057=VECTOR('',#17056,0.82);
#17058=LINE('',#17055,#17057);
#17059=EDGE_CURVE('',#17054,#17046,#17058,.T.);
#17060=ORIENTED_EDGE('',*,*,#17059,.F.);
#17061=CARTESIAN_POINT('',(0.,3.,0.81));
#17062=DIRECTION('',(0.,1.,0.));
#17063=VECTOR('',#17062,0.2);
#17064=LINE('',#17061,#17063);
#17065=EDGE_CURVE('',#17054,#17015,#17064,.T.);
#17066=ORIENTED_EDGE('',*,*,#17065,.T.);
#17067=ORIENTED_EDGE('',*,*,#17020,.T.);
#17068=EDGE_LOOP('',(#17052,#17060,#17066,#17067));
#17069=FACE_BOUND('',#17068,.T.);
#17070=ADVANCED_FACE('',(#17069),#17044,.T.);
#17071=CARTESIAN_POINT('',(0.5,3.,0.81));
#17072=DIRECTION('',(0.,-1.,0.));
#17073=DIRECTION('',(0.,0.,-1.));
#17074=AXIS2_PLACEMENT_3D('',#17071,#17072,#17073);
#17075=PLANE('',#17074);
#17076=CARTESIAN_POINT('',(1.,3.,-0.01));
#17077=VERTEX_POINT('',#17076);
#17078=CARTESIAN_POINT('',(1.,3.,-0.01));
#17079=DIRECTION('',(-1.,0.,0.));
#17080=VECTOR('',#17079,1.);
#17081=LINE('',#17078,#17080);
#17082=EDGE_CURVE('',#17077,#17046,#17081,.T.);
#17083=ORIENTED_EDGE('',*,*,#17082,.F.);
#17084=CARTESIAN_POINT('',(1.,3.,0.81));
#17085=VERTEX_POINT('',#17084);
#17086=CARTESIAN_POINT('',(1.,3.,0.81));
#17087=DIRECTION('',(0.,0.,-1.));
#17088=VECTOR('',#17087,0.82);
#17089=LINE('',#17086,#17088);
#17090=EDGE_CURVE('',#17085,#17077,#17089,.T.);
#17091=ORIENTED_EDGE('',*,*,#17090,.F.);
#17092=CARTESIAN_POINT('',(1.,3.,0.81));
#17093=DIRECTION('',(-1.,0.,0.));
#17094=VECTOR('',#17093,1.);
#17095=LINE('',#17092,#17094);
#17096=EDGE_CURVE('',#17085,#17054,#17095,.T.);
#17097=ORIENTED_EDGE('',*,*,#17096,.T.);
#17098=ORIENTED_EDGE('',*,*,#17059,.T.);
#17099=EDGE_LOOP('',(#17083,#17091,#17097,#17098));
#17100=FACE_BOUND('',#17099,.T.);
#17101=ADVANCED_FACE('',(#17100),#17075,.T.);
#17102=CARTESIAN_POINT('',(1.,3.5,0.81));
#17103=DIRECTION('',(1.,0.,0.));
#17104=DIRECTION('',(0.,0.,-1.));
#17105=AXIS2_PLACEMENT_3D('',#17102,#17103,#17104);
#17106=PLANE('',#17105);
#17107=CARTESIAN_POINT('',(1.,4.,-0.01));
#17108=VERTEX_POINT('',#17107);
#17109=CARTESIAN_POINT('',(1.,4.,-0.01));
#17110=DIRECTION('',(0.,-1.,0.));
#17111=VECTOR('',#17110,1.);
#17112=LINE('',#17109,#17111);
#17113=EDGE_CURVE('',#17108,#17077,#17112,.T.);
#17114=ORIENTED_EDGE('',*,*,#17113,.F.);
#17115=CARTESIAN_POINT('',(1.,4.,0.81));
#17116=VERTEX_POINT('',#17115);
#17117=CARTESIAN_POINT('',(1.,4.,0.81));
#17118=DIRECTION('',(0.,0.,-1.));
#17119=VECTOR('',#17118,0.82);
#17120=LINE('',#17117,#17119);
#17121=EDGE_CURVE('',#17116,#17108,#17120,.T.);
#17122=ORIENTED_EDGE('',*,*,#17121,.F.);
#17123=CARTESIAN_POINT('',(1.,4.,0.81));
#17124=DIRECTION('',(0.,-1.,0.));
#17125=VECTOR('',#17124,1.);
#17126=LINE('',#17123,#17125);
#17127=EDGE_CURVE('',#17116,#17085,#17126,.T.);
#17128=ORIENTED_EDGE('',*,*,#17127,.T.);
#17129=ORIENTED_EDGE('',*,*,#17090,.T.);
#17130=EDGE_LOOP('',(#17114,#17122,#17128,#17129));
#17131=FACE_BOUND('',#17130,.T.);
#17132=ADVANCED_FACE('',(#17131),#17106,.T.);
#17133=CARTESIAN_POINT('',(0.5,4.,0.81));
#17134=DIRECTION('',(0.,1.,0.));
#17135=DIRECTION('',(0.,0.,1.));
#17136=AXIS2_PLACEMENT_3D('',#17133,#17134,#17135);
#17137=PLANE('',#17136);
#17138=CARTESIAN_POINT('',(0.,4.,-0.01));
#17139=VERTEX_POINT('',#17138);
#17140=CARTESIAN_POINT('',(0.,4.,-0.01));
#17141=DIRECTION('',(1.,0.,-0.));
#17142=VECTOR('',#17141,1.);
#17143=LINE('',#17140,#17142);
#17144=EDGE_CURVE('',#17139,#17108,#17143,.T.);
#17145=ORIENTED_EDGE('',*,*,#17144,.F.);
#17146=CARTESIAN_POINT('',(0.,4.,0.81));
#17147=VERTEX_POINT('',#17146);
#17148=CARTESIAN_POINT('',(0.,4.,0.81));
#17149=DIRECTION('',(0.,0.,-1.));
#17150=VECTOR('',#17149,0.82);
#17151=LINE('',#17148,#17150);
#17152=EDGE_CURVE('',#17147,#17139,#17151,.T.);
#17153=ORIENTED_EDGE('',*,*,#17152,.F.);
#17154=CARTESIAN_POINT('',(0.,4.,0.81));
#17155=DIRECTION('',(1.,0.,-0.));
#17156=VECTOR('',#17155,1.);
#17157=LINE('',#17154,#17156);
#17158=EDGE_CURVE('',#17147,#17116,#17157,.T.);
#17159=ORIENTED_EDGE('',*,*,#17158,.T.);
#17160=ORIENTED_EDGE('',*,*,#17121,.T.);
#17161=EDGE_LOOP('',(#17145,#17153,#17159,#17160));
#17162=FACE_BOUND('',#17161,.T.);
#17163=ADVANCED_FACE('',(#17162),#17137,.T.);
#17164=CARTESIAN_POINT('',(0.,3.9,0.81));
#17165=DIRECTION('',(-1.,0.,0.));
#17166=DIRECTION('',(0.,0.,1.));
#17167=AXIS2_PLACEMENT_3D('',#17164,#17165,#17166);
#17168=PLANE('',#17167);
#17169=CARTESIAN_POINT('',(0.,3.8,-0.01));
#17170=DIRECTION('',(0.,1.,0.));
#17171=VECTOR('',#17170,0.2);
#17172=LINE('',#17169,#17171);
#17173=EDGE_CURVE('',#17006,#17139,#17172,.T.);
#17174=ORIENTED_EDGE('',*,*,#17173,.F.);
#17175=ORIENTED_EDGE('',*,*,#17035,.F.);
#17176=CARTESIAN_POINT('',(0.,3.8,0.81));
#17177=DIRECTION('',(0.,1.,0.));
#17178=VECTOR('',#17177,0.2);
#17179=LINE('',#17176,#17178);
#17180=EDGE_CURVE('',#17023,#17147,#17179,.T.);
#17181=ORIENTED_EDGE('',*,*,#17180,.T.);
#17182=ORIENTED_EDGE('',*,*,#17152,.T.);
#17183=EDGE_LOOP('',(#17174,#17175,#17181,#17182));
#17184=FACE_BOUND('',#17183,.T.);
#17185=ADVANCED_FACE('',(#17184),#17168,.T.);
#17186=CARTESIAN_POINT('',(0.,0.,0.81));
#17187=DIRECTION('',(0.,0.,1.));
#17188=DIRECTION('',(1.,0.,0.));
#17189=AXIS2_PLACEMENT_3D('',#17186,#17187,#17188);
#17190=PLANE('',#17189);
#17191=ORIENTED_EDGE('',*,*,#17029,.F.);
#17192=ORIENTED_EDGE('',*,*,#17065,.F.);
#17193=ORIENTED_EDGE('',*,*,#17096,.F.);
#17194=ORIENTED_EDGE('',*,*,#17127,.F.);
#17195=ORIENTED_EDGE('',*,*,#17158,.F.);
#17196=ORIENTED_EDGE('',*,*,#17180,.F.);
#17197=EDGE_LOOP('',(#17191,#17192,#17193,#17194,#17195,#17196));
#17198=FACE_BOUND('',#17197,.T.);
#17199=ADVANCED_FACE('',(#17198),#17190,.T.);
#17200=CARTESIAN_POINT('',(0.,0.,-0.01));
#17201=DIRECTION('',(0.,0.,1.));
#17202=DIRECTION('',(1.,0.,0.));
#17203=AXIS2_PLACEMENT_3D('',#17200,#17201,#17202);
#17204=PLANE('',#17203);
#17205=ORIENTED_EDGE('',*,*,#17012,.T.);
#17206=ORIENTED_EDGE('',*,*,#17173,.T.);
#17207=ORIENTED_EDGE('',*,*,#17144,.T.);
#17208=ORIENTED_EDGE('',*,*,#17113,.T.);
#17209=ORIENTED_EDGE('',*,*,#17082,.T.);
#17210=ORIENTED_EDGE('',*,*,#17051,.T.);
#17211=EDGE_LOOP('',(#17205,#17206,#17207,#17208,#17209,#17210));
#17212=FACE_BOUND('',#17211,.T.);
#17213=ADVANCED_FACE('',(#17212),#17204,.F.);
#17214=CLOSED_SHELL('',(#17039,#17070,#17101,#17132,#17163,#17185,#17199,#17213));
#17215=MANIFOLD_SOLID_BREP('Body 02',#17214);
#16997=STYLED_ITEM('',(#13685),#17215);
#13406=SHAPE_REPRESENTATION('PADs',(#15),#13404);
#13407=ADVANCED_BREP_SHAPE_REPRESENTATION('PADs',(#13678,#13939,#14193,#14447,#14701,#14955,#15209,#15463,#15682,#15901,#16120,#16339,#16558,#16777,#16996,#17215),#13404);
#17223=SHAPE_REPRESENTATION_RELATIONSHIP('','',#13406,#13407);
#17224=CARTESIAN_POINT('',(0.,0.,0.));
#17225=DIRECTION('',(0.,0.,1.));
#17226=DIRECTION('',(1.,0.,0.));
#17227=AXIS2_PLACEMENT_3D('',#17224,#17225,#17226);
#17229=MAPPED_ITEM('',#17228,#17227);
#17228=REPRESENTATION_MAP(#17227,#13406);
#13414=PRODUCT('PADs','PADs','',(#10361));
#17230=PRODUCT_RELATED_PRODUCT_CATEGORY('part','',(#13414));
#17231=PRODUCT_DEFINITION_FORMATION_WITH_SPECIFIED_SOURCE('','',#13414,.NOT_KNOWN.);
#13415=PRODUCT_DEFINITION('design','',#17231,#10362);
#13413=PRODUCT_DEFINITION_SHAPE('','',#13415);
#17232=SHAPE_DEFINITION_REPRESENTATION(#13413,#13406);
#13405=DRAUGHTING_MODEL('',(#17229),#13404);
#16=SHAPE_REPRESENTATION('root',(#15,#3112,#10388,#13419),#10);
#17=ADVANCED_BREP_SHAPE_REPRESENTATION('root',(#812,#3082),#10);
#17240=SHAPE_REPRESENTATION_RELATIONSHIP('','',#16,#17);
#17241=CARTESIAN_POINT('',(0.,0.,0.));
#17242=DIRECTION('',(0.,0.,1.));
#17243=DIRECTION('',(1.,0.,0.));
#17244=AXIS2_PLACEMENT_3D('',#17241,#17242,#17243);
#17246=MAPPED_ITEM('',#17245,#17244);
#17245=REPRESENTATION_MAP(#17244,#16);
#24=PRODUCT('root','root','',(#10361));
#17247=PRODUCT_RELATED_PRODUCT_CATEGORY('part','',(#24));
#17248=PRODUCT_DEFINITION_FORMATION_WITH_SPECIFIED_SOURCE('','',#24,.NOT_KNOWN.);
#25=PRODUCT_DEFINITION('design','',#17248,#10362);
#23=PRODUCT_DEFINITION_SHAPE('','',#25);
#17249=SHAPE_DEFINITION_REPRESENTATION(#23,#16);
#11=DRAUGHTING_MODEL('',(#17246),#10);
#17250=DESCRIPTIVE_REPRESENTATION_ITEM('KEY','C:\\Users\\Nhatkhongbuon\\AppData\\Local\\Packages\\Shapr3D.Shapr3D_dvv5p1vgwv6mp\\TempState\\30cd6ed9-349d-47d8-a07e-1edf9ba1954c.tmp');
#17251=PROPERTY_DEFINITION('KEY','',#25);
#17252=REPRESENTATION('',(#17250),#10);
#17253=PROPERTY_DEFINITION_REPRESENTATION(#17251,#17252);
#17254=GENERAL_PROPERTY('','KEY','');
#17255=GENERAL_PROPERTY_ASSOCIATION('','',#17254,#17251);
#1=MECHANICAL_DESIGN_GEOMETRIC_PRESENTATION_REPRESENTATION('',(#26,#820,#3118,#3563,#4303,#4805,#4938,#5402,#5886,#6037,#6188,#6652,#6803,#7212,#7495,#7646,#7797,#7948,#8319,#8470,#8904,#9319,#9470,#10534,#10826,#10867,
#10908,#10933,#10969,#11019,#11053,#11101,#11138,#11248,#11367,#11408,#11679,#11846,#11909,#11984,#12003,#12022,#12041,#12060,#12079,#12098,#12117,#12142,#12228,#12247,#12288,
#12430,#12456,#12478,#12504,#12535,#12554,#12573,#12592,#12611,#12655,#12813,#12854,#12874,#12901,#12921,#12947,#12972,#12998,#13023,#13042,#13060,#13079,#13091,#13115,#13134,
#13152,#13174,#13218,#13239,#13339,#13352,#10450,#13425,#13686,#13940,#14194,#14448,#14702,#14956,#15210,#15464,#15683,#15902,#16121,#16340,#16559,#16778,#16997),#10);
ENDSEC;
END-ISO-10303-21;
