ISO-10303-21;
HEADER;
FILE_DESCRIPTION (( 'STEP AP214' ),
    '1' );
FILE_NAME ('887EA1BD-0908-4556-93AD-E66C4C3CB7D9.STEP',
    '2025-12-15T13:40:22',
    ( '' ),
    ( '' ),
    'SwSTEP 2.0',
    'SolidWorks 2022',
    '' );
FILE_SCHEMA (( 'AUTOMOTIVE_DESIGN' ));
ENDSEC;

DATA;
#1 = CARTESIAN_POINT ( 'NONE',  ( 2.977248734700789878, -4.545250538081153202, 3.100000000000000977 ) ) ;
#2 =( NAMED_UNIT ( * ) SI_UNIT ( $, .STERADIAN. ) SOLID_ANGLE_UNIT ( ) );
#3 = ORIENTED_EDGE ( 'NONE', *, *, #7368, .T. ) ;
#4 = MECHANICAL_DESIGN_GEOMETRIC_PRESENTATION_REPRESENTATION (  '', ( #5701 ), #8618 ) ;
#5 = EDGE_CURVE ( 'NONE', #9515, #5113, #505, .T. ) ;
#6 = CARTESIAN_POINT ( 'NONE',  ( 4.201378719905121351, -5.671002488439794931, 3.100000000001001954 ) ) ;
#7 = CARTESIAN_POINT ( 'NONE',  ( 4.617257111490873811, 0.8497528865176094959, 3.100000000000000977 ) ) ;
#8 = EDGE_CURVE ( 'NONE', #4136, #9618, #2277, .T. ) ;
#9 = ORIENTED_EDGE ( 'NONE', *, *, #2516, .T. ) ;
#10 = FILL_AREA_STYLE ('',( #2161 ) ) ;
#11 = VERTEX_POINT ( 'NONE', #3589 ) ;
#12 = DIRECTION ( 'NONE',  ( -0.001707210486922862945, 0.9999985427151147910, 0.0000000000000000000 ) ) ;
#13 = CARTESIAN_POINT ( 'NONE',  ( 8.000000000000000000, 5.000000000000000000, 0.0000000000000000000 ) ) ;
#14 = PRESENTATION_STYLE_ASSIGNMENT (( #3061 ) ) ;
#15 = CARTESIAN_POINT ( 'NONE',  ( 4.020897078162299465, -1.548641554280916433, 3.100000000000608047 ) ) ;
#16 = EDGE_CURVE ( 'NONE', #4359, #2629, #8288, .T. ) ;
#17 = DIRECTION ( 'NONE',  ( 0.9999979260147232596, 0.002036655653797850990, -0.0000000000000000000 ) ) ;
#18 = PRESENTATION_STYLE_ASSIGNMENT (( #3934 ) ) ;
#19 =( NAMED_UNIT ( * ) PLANE_ANGLE_UNIT ( ) SI_UNIT ( $, .RADIAN. ) );
#20 = VECTOR ( 'NONE', #519, 1000.000000000000000 ) ;
#21 = LINE ( 'NONE', #898, #6174 ) ;
#22 = ADVANCED_FACE ( 'NONE', ( #9196 ), #9234, .T. ) ;
#23 = ADVANCED_FACE ( 'NONE', ( #8734 ), #2326, .T. ) ;
#24 = EDGE_LOOP ( 'NONE', ( #1101, #2380, #6201, #5553 ) ) ;
#25 = CARTESIAN_POINT ( 'NONE',  ( 3.182201011159529358, -5.310991791576004317, 3.100000000000000977 ) ) ;
#26 =( NAMED_UNIT ( * ) PLANE_ANGLE_UNIT ( ) SI_UNIT ( $, .RADIAN. ) );
#27 = B_SPLINE_CURVE_WITH_KNOTS ( 'NONE', 3,
 ( #2839, #9819, #2734, #7542, #6678, #1234, #5848 ),
 .UNSPECIFIED., .F., .F.,
 ( 4, 1, 1, 1, 4 ),
 ( 0.0000000000000000000, 0.0001000489570417380290, 0.0002028997955187745084, 0.0003102339150898867693, 0.0004231591261537582215 ),
 .UNSPECIFIED. ) ;
#28 = CARTESIAN_POINT ( 'NONE',  ( 4.150139712202634890, -4.117154714883914046, 3.099999999999624833 ) ) ;
#29 = CARTESIAN_POINT ( 'NONE',  ( 3.616682957166871493, 0.8479693318753206421, 3.200000000000000178 ) ) ;
#30 = CARTESIAN_POINT ( 'NONE',  ( 2.809984012228541772, -4.847698833604182411, 3.100000000000648459 ) ) ;
#31 = CARTESIAN_POINT ( 'NONE',  ( 2.747125544358810956, 1.492334538811059153, 3.199999999999988187 ) ) ;
#32 = CARTESIAN_POINT ( 'NONE',  ( 2.668660799932806249, -1.348501804980333674, 3.199999999999999734 ) ) ;
#33 = ORIENTED_EDGE ( 'NONE', *, *, #145, .F. ) ;
#34 = CARTESIAN_POINT ( 'NONE',  ( 4.738548550851483299, -4.551157582838916582, 3.200000000000009948 ) ) ;
#35 = ORIENTED_EDGE ( 'NONE', *, *, #6065, .T. ) ;
#36 = MECHANICAL_DESIGN_GEOMETRIC_PRESENTATION_REPRESENTATION (  '', ( #362 ), #6218 ) ;
#37 = CARTESIAN_POINT ( 'NONE',  ( 3.060876527566346095, -5.272320278736419397, 3.199999999999998845 ) ) ;
#38 = FACE_OUTER_BOUND ( 'NONE', #4065, .T. ) ;
#39 = VERTEX_POINT ( 'NONE', #9438 ) ;
#40 = CARTESIAN_POINT ( 'NONE',  ( 2.861224351209768813, -2.248259722187680332, 3.200000000000000178 ) ) ;
#41 = CARTESIAN_POINT ( 'NONE',  ( -8.000000000000000000, -5.500000000000001776, 0.0000000000000000000 ) ) ;
#42 = LINE ( 'NONE', #4815, #8504 ) ;
#43 = FACE_OUTER_BOUND ( 'NONE', #979, .T. ) ;
#44 = COLOUR_RGB ( '',1.000000000000000000, 1.000000000000000000, 0.0000000000000000000 ) ;
#45 = CARTESIAN_POINT ( 'NONE',  ( 4.021261907689257953, -1.574127979970151525, 3.200000000000001510 ) ) ;
#46 = CARTESIAN_POINT ( 'NONE',  ( 4.417525677366958448, -0.2070222957845738176, 3.100000000000000533 ) ) ;
#47 = LINE ( 'NONE', #2938, #4715 ) ;
#48 = FILL_AREA_STYLE_COLOUR ( '', #6053 ) ;
#49 = EDGE_LOOP ( 'NONE', ( #5880, #4469, #1491, #9265, #6846, #2501, #7588, #8357, #2377, #6128, #3903, #4767, #2655, #3514, #4592, #3133, #7198, #7570, #7578, #2894 ) ) ;
#50 = CARTESIAN_POINT ( 'NONE',  ( 4.698403511409839695, -6.516034883319042237, 3.100000000000000977 ) ) ;
#51 = CARTESIAN_POINT ( 'NONE',  ( 8.000000000000000000, -2.499999999999999556, 0.0000000000000000000 ) ) ;
#52 = ORIENTED_EDGE ( 'NONE', *, *, #4130, .F. ) ;
#53 = COLOUR_RGB ( '',1.000000000000000000, 1.000000000000000000, 1.000000000000000000 ) ;
#54 = CARTESIAN_POINT ( 'NONE',  ( 4.340143947800257251, -5.274620109439672078, 3.199999999999998845 ) ) ;
#55 = UNCERTAINTY_MEASURE_WITH_UNIT (LENGTH_MEASURE( 1.000000000000000082E-05 ), #9765, 'distance_accuracy_value', 'NONE');
#56 = CARTESIAN_POINT ( 'NONE',  ( 2.669100637406973675, -1.973093306832810034, 3.100000000000000977 ) ) ;
#57 = CARTESIAN_POINT ( 'NONE',  ( -3.741792873543973830, 6.820462724888164630, 2.000000000000000000 ) ) ;
#58 = AXIS2_PLACEMENT_3D ( 'NONE', #4920, #3427, #6613 ) ;
#59 = EDGE_LOOP ( 'NONE', ( #5193, #6426, #9334, #6657 ) ) ;
#60 = CARTESIAN_POINT ( 'NONE',  ( 3.533301777639871410, -1.265541394800682617, 3.200000000000000178 ) ) ;
#61 = CARTESIAN_POINT ( 'NONE',  ( 0.0000000000000000000, 7.800000000000000711, 3.200000000000000178 ) ) ;
#62 = DIRECTION ( 'NONE',  ( 0.0000000000000000000, 0.0000000000000000000, 1.000000000000000000 ) ) ;
#63 = ORIENTED_EDGE ( 'NONE', *, *, #5194, .T. ) ;
#64 = SURFACE_STYLE_USAGE ( .BOTH. , #271 ) ;
#65 = ORIENTED_EDGE ( 'NONE', *, *, #2801, .F. ) ;
#66 = VECTOR ( 'NONE', #7438, 1000.000000000000000 ) ;
#67 = UNCERTAINTY_MEASURE_WITH_UNIT (LENGTH_MEASURE( 1.000000000000000082E-05 ), #9189, 'distance_accuracy_value', 'NONE');
#68 = CARTESIAN_POINT ( 'NONE',  ( 3.867272384408443564, -2.154197495321063638, 3.199999999999999734 ) ) ;
#69 = ADVANCED_FACE ( 'NONE', ( #4611 ), #9290, .F. ) ;
#70 = CARTESIAN_POINT ( 'NONE',  ( 4.380124901526238013, -6.771427187831762673, 3.100000000000238121 ) ) ;
#71 = LINE ( 'NONE', #836, #3529 ) ;
#72 = CARTESIAN_POINT ( 'NONE',  ( 3.955901720212568584, 0.2581833021763279556, 3.100000000000000533 ) ) ;
#73 = CARTESIAN_POINT ( 'NONE',  ( 3.977406883569775786, -1.403320990917490185, 3.099999999999930811 ) ) ;
#74 = CARTESIAN_POINT ( 'NONE',  ( 2.684355090916155095, -1.184917316749299676, 3.200000000000001510 ) ) ;
#75 = CARTESIAN_POINT ( 'NONE',  ( 8.000000000000000000, -4.500000000000000888, 1.000000000000000000 ) ) ;
#76 = FILL_AREA_STYLE ('',( #9324 ) ) ;
#77 = AXIS2_PLACEMENT_3D ( 'NONE', #8853, #5080, #7236 ) ;
#78 = CARTESIAN_POINT ( 'NONE',  ( 3.550691435402186347, -3.690006489136672840, 3.100000000000000977 ) ) ;
#79 = ORIENTED_EDGE ( 'NONE', *, *, #1537, .F. ) ;
#80 = EDGE_CURVE ( 'NONE', #8532, #5090, #4657, .T. ) ;
#81 = FACE_OUTER_BOUND ( 'NONE', #6668, .T. ) ;
#82 = AXIS2_PLACEMENT_3D ( 'NONE', #3286, #2532, #5103 ) ;
#83 = CARTESIAN_POINT ( 'NONE',  ( 3.836060178168390067, -1.406442211541495624, 3.099999999999909051 ) ) ;
#84 = EDGE_CURVE ( 'NONE', #855, #2721, #910, .T. ) ;
#85 = EDGE_CURVE ( 'NONE', #2344, #1977, #101, .T. ) ;
#86 = DIRECTION ( 'NONE',  ( -0.8139822599737979170, -0.5808897317460074428, 0.0000000000000000000 ) ) ;
#87 = DIRECTION ( 'NONE',  ( 0.0000000000000000000, -1.000000000000000000, 0.0000000000000000000 ) ) ;
#88 = CARTESIAN_POINT ( 'NONE',  ( 4.264559180978268138, -6.788830544899951747, 3.200000000000000178 ) ) ;
#89 = LINE ( 'NONE', #8577, #1152 ) ;
#90 = LINE ( 'NONE', #3997, #9839 ) ;
#91 = VERTEX_POINT ( 'NONE', #1624 ) ;
#92 = CARTESIAN_POINT ( 'NONE',  ( 3.513682676574694241, -4.522059120240607299, 3.200000000000000178 ) ) ;
#93 = ORIENTED_EDGE ( 'NONE', *, *, #3176, .T. ) ;
#94 = CARTESIAN_POINT ( 'NONE',  ( 7.000000000000000888, -8.000000000000000000, 1.200000000000000178 ) ) ;
#95 = DIRECTION ( 'NONE',  ( -0.0000000000000000000, -0.0000000000000000000, -1.000000000000000000 ) ) ;
#96 = ORIENTED_EDGE ( 'NONE', *, *, #8053, .T. ) ;
#97 = EDGE_CURVE ( 'NONE', #3333, #5971, #90, .T. ) ;
#98 = CARTESIAN_POINT ( 'NONE',  ( 3.088340713138428839, -6.635395549253498615, 3.099999999999856648 ) ) ;
#99 = DIRECTION ( 'NONE',  ( 0.9999985427151149020, 0.001707210486922863162, -0.0000000000000000000 ) ) ;
#101 = CIRCLE ( 'NONE', #2681, 0.5000000000000004441 ) ;
#100 = CARTESIAN_POINT ( 'NONE',  ( 4.171994041666753361, 5.159564388466884033, 3.100000000000000977 ) ) ;
#102 = EDGE_CURVE ( 'NONE', #10049, #8382, #7400, .T. ) ;
#103 = SURFACE_STYLE_USAGE ( .BOTH. , #7226 ) ;
#104 = FILL_AREA_STYLE_COLOUR ( '', #9940 ) ;
#105 = CARTESIAN_POINT ( 'NONE',  ( 4.617257111490874699, -4.839085957907439450, 3.199999999999999734 ) ) ;
#106 = CARTESIAN_POINT ( 'NONE',  ( 2.687450988534420215, -6.771886775798208191, 3.100000000000000977 ) ) ;
#107 = SURFACE_STYLE_FILL_AREA ( #8594 ) ;
#108 = ORIENTED_EDGE ( 'NONE', *, *, #2252, .F. ) ;
#109 = CARTESIAN_POINT ( 'NONE',  ( 4.321674127438069668, -6.785436823944085205, 3.100000000000000533 ) ) ;
#110 = CARTESIAN_POINT ( 'NONE',  ( 4.058820853513911864, -0.2586444669126427565, 3.100000000000000977 ) ) ;
#111 = ORIENTED_EDGE ( 'NONE', *, *, #6453, .F. ) ;
#112 = CARTESIAN_POINT ( 'NONE',  ( 4.649282160716518675, -5.054517781619319194, 3.199999999999999734 ) ) ;
#113 = CARTESIAN_POINT ( 'NONE',  ( -3.861792873543974380, 6.820462724888163741, 2.000000000000000000 ) ) ;
#114 = CARTESIAN_POINT ( 'NONE',  ( 2.794883017873982300, -1.783602348372401503, 3.099999999999999645 ) ) ;
#115 = ORIENTED_EDGE ( 'NONE', *, *, #1966, .T. ) ;
#116 = SURFACE_STYLE_FILL_AREA ( #3253 ) ;
#117 = SURFACE_STYLE_FILL_AREA ( #882 ) ;
#118 = CARTESIAN_POINT ( 'NONE',  ( 4.533830128668967063, 0.3662996609189494990, 3.199999999999998401 ) ) ;
#119 = ORIENTED_EDGE ( 'NONE', *, *, #4488, .T. ) ;
#120 = CARTESIAN_POINT ( 'NONE',  ( 3.533791345088359126, -1.279731693249097857, 3.100000000000000977 ) ) ;
#121 = ORIENTED_EDGE ( 'NONE', *, *, #84, .F. ) ;
#122 = CARTESIAN_POINT ( 'NONE',  ( 2.795099049851932804, -4.836015630205455551, 3.100000000000568523 ) ) ;
#123 = CARTESIAN_POINT ( 'NONE',  ( 4.321674127438069668, -6.785436823944085205, 3.100000000000237677 ) ) ;
#124 = AXIS2_PLACEMENT_3D ( 'NONE', #7397, #428, #9062 ) ;
#125 = CARTESIAN_POINT ( 'NONE',  ( 3.533979624123523955, -1.250322877279335554, 3.099999999999717648 ) ) ;
#126 = LINE ( 'NONE', #7911, #3518 ) ;
#127 = FACE_OUTER_BOUND ( 'NONE', #4430, .T. ) ;
#128 = CARTESIAN_POINT ( 'NONE',  ( 2.773406584962288424, -4.640968698584158503, 3.100000000000000533 ) ) ;
#129 = DIRECTION ( 'NONE',  ( 0.0000000000000000000, 0.0000000000000000000, 1.000000000000000000 ) ) ;
#130 = CARTESIAN_POINT ( 'NONE',  ( 4.401787745605671986, -6.119573770063328588, 3.100000000000821654 ) ) ;
#131 = CARTESIAN_POINT ( 'NONE',  ( 4.546452278796735413, 1.338988194043022384, 3.100000000000000977 ) ) ;
#132 = ORIENTED_EDGE ( 'NONE', *, *, #1474, .F. ) ;
#133 = VECTOR ( 'NONE', #5232, 1000.000000000000000 ) ;
#134 = FACE_OUTER_BOUND ( 'NONE', #2041, .T. ) ;
#135 = CARTESIAN_POINT ( 'NONE',  ( 4.677590350217426085, -5.015609156055396589, 3.099999999999853983 ) ) ;
#136 = PRESENTATION_LAYER_ASSIGNMENT (  '', '', ( #4518 ) ) ;
#137 =( LENGTH_UNIT ( ) NAMED_UNIT ( * ) SI_UNIT ( .MILLI., .METRE. ) );
#138 = CARTESIAN_POINT ( 'NONE',  ( 2.910317999653890375, 1.329547146508424538, 3.199999999999986855 ) ) ;
#139 = DIRECTION ( 'NONE',  ( 1.000000000000000000, 0.0000000000000000000, 0.0000000000000000000 ) ) ;
#140 = ORIENTED_EDGE ( 'NONE', *, *, #8607, .F. ) ;
#141 = ADVANCED_FACE ( 'NONE', ( #6510, #4855 ), #5728, .T. ) ;
#142 = CARTESIAN_POINT ( 'NONE',  ( 4.617703000151444748, 0.6887870800510477176, 3.100000000000000977 ) ) ;
#143 = EDGE_LOOP ( 'NONE', ( #1033, #7141, #7076, #2043 ) ) ;
#144 = CARTESIAN_POINT ( 'NONE',  ( 3.576998866375945774, -2.176046039689100819, 3.100000000000000977 ) ) ;
#145 = EDGE_CURVE ( 'NONE', #3670, #2032, #8386, .T. ) ;
#146 = CARTESIAN_POINT ( 'NONE',  ( 3.919979018374712076, -1.364446945643603692, 3.200000000000001954 ) ) ;
#147 = ORIENTED_EDGE ( 'NONE', *, *, #640, .T. ) ;
#148 = CARTESIAN_POINT ( 'NONE',  ( 1.537821031517181192, 6.677526461116456424, 3.100000000000000977 ) ) ;
#149 = AXIS2_PLACEMENT_3D ( 'NONE', #180, #3268, #4953 ) ;
#150 = UNCERTAINTY_MEASURE_WITH_UNIT (LENGTH_MEASURE( 1.000000000000000082E-05 ), #8892, 'distance_accuracy_value', 'NONE');
#151 = CARTESIAN_POINT ( 'NONE',  ( 0.0000000000000000000, 0.0000000000000000000, 3.200000000000000178 ) ) ;
#152 = DIRECTION ( 'NONE',  ( -0.0000000000000000000, -0.0000000000000000000, -1.000000000000000000 ) ) ;
#153 =( NAMED_UNIT ( * ) PLANE_ANGLE_UNIT ( ) SI_UNIT ( $, .RADIAN. ) );
#154 = DIRECTION ( 'NONE',  ( -1.000000000000000000, 0.0000000000000000000, 0.0000000000000000000 ) ) ;
#155 = CARTESIAN_POINT ( 'NONE',  ( 4.211613461242788681, -0.2665254309350317263, 3.100000000000000977 ) ) ;
#156 = LINE ( 'NONE', #1075, #7655 ) ;
#157 = EDGE_CURVE ( 'NONE', #8487, #3298, #8077, .T. ) ;
#158 = ORIENTED_EDGE ( 'NONE', *, *, #1530, .F. ) ;
#159 =( GEOMETRIC_REPRESENTATION_CONTEXT ( 3 ) GLOBAL_UNCERTAINTY_ASSIGNED_CONTEXT ( ( #8327 ) ) GLOBAL_UNIT_ASSIGNED_CONTEXT ( ( #6790, #2652, #7502 ) ) REPRESENTATION_CONTEXT ( 'NONE', 'WORKASPACE' ) );
#160 = CARTESIAN_POINT ( 'NONE',  ( 3.960057016446359324, -0.2281807449769481244, 3.100000000000000977 ) ) ;
#161 = EDGE_CURVE ( 'NONE', #8014, #283, #5778, .T. ) ;
#162 = VERTEX_POINT ( 'NONE', #5879 ) ;
#163 = EDGE_CURVE ( 'NONE', #2155, #7434, #1151, .T. ) ;
#164 =( NAMED_UNIT ( * ) SI_UNIT ( $, .STERADIAN. ) SOLID_ANGLE_UNIT ( ) );
#165 = CARTESIAN_POINT ( 'NONE',  ( 3.272825791484813784, -5.337435393803970918, 3.099999999999519140 ) ) ;
#166 = PRESENTATION_LAYER_ASSIGNMENT (  '', '', ( #3552 ) ) ;
#167 = CARTESIAN_POINT ( 'NONE',  ( 3.317785320959090178, -4.524252189468400687, 3.200000000000000178 ) ) ;
#168 = ORIENTED_EDGE ( 'NONE', *, *, #1268, .T. ) ;
#169 = CARTESIAN_POINT ( 'NONE',  ( 4.603524099391075097, 0.5266207711640384925, 3.100000000000001421 ) ) ;
#170 = CIRCLE ( 'NONE', #5841, 0.5000000000000004441 ) ;
#171 = ORIENTED_EDGE ( 'NONE', *, *, #6567, .F. ) ;
#172 = CARTESIAN_POINT ( 'NONE',  ( 3.545011490985022995, -1.345659017447457195, 3.100000000000000977 ) ) ;
#173 = UNCERTAINTY_MEASURE_WITH_UNIT (LENGTH_MEASURE( 1.000000000000000082E-05 ), #1240, 'distance_accuracy_value', 'NONE');
#174 = CARTESIAN_POINT ( 'NONE',  ( 4.115281287811521693, -1.864250767743167669, 3.100000000000000533 ) ) ;
#175 = CARTESIAN_POINT ( 'NONE',  ( 2.806224775495019141, -0.4329693501223990104, 3.100000000000000533 ) ) ;
#176 = VECTOR ( 'NONE', #5071, 1000.000000000000000 ) ;
#177 = CARTESIAN_POINT ( 'NONE',  ( 3.711702037124518849, -1.043345426499791229, 3.099999999999718536 ) ) ;
#178 = CARTESIAN_POINT ( 'NONE',  ( 4.665413086832669975, -4.717358353571228236, 3.100000000000061817 ) ) ;
#179 = CARTESIAN_POINT ( 'NONE',  ( 2.942945191042287245, -1.015397856219682149, 3.200000000000000178 ) ) ;
#180 = CARTESIAN_POINT ( 'NONE',  ( 0.0000000000000000000, 0.0000000000000000000, 3.100000000000000977 ) ) ;
#181 = CARTESIAN_POINT ( 'NONE',  ( 3.652354050012646347, 0.1844870049438971649, 3.100000000000000977 ) ) ;
#182 = DIRECTION ( 'NONE',  ( -0.0000000000000000000, -1.000000000000000000, -0.0000000000000000000 ) ) ;
#183 = B_SPLINE_CURVE_WITH_KNOTS ( 'NONE', 3,
 ( #6854, #6808, #9893, #3831, #1517, #2968, #7714 ),
 .UNSPECIFIED., .F., .F.,
 ( 4, 1, 1, 1, 4 ),
 ( 0.0000000000000000000, 1.972909594113724741E-05, 4.222805176722616949E-05, 6.849814127713461085E-05, 9.984816515755398441E-05 ),
 .UNSPECIFIED. ) ;
#184 = ORIENTED_EDGE ( 'NONE', *, *, #8229, .T. ) ;
#185 =( GEOMETRIC_REPRESENTATION_CONTEXT ( 3 ) GLOBAL_UNCERTAINTY_ASSIGNED_CONTEXT ( ( #7803 ) ) GLOBAL_UNIT_ASSIGNED_CONTEXT ( ( #7783, #6267, #5291 ) ) REPRESENTATION_CONTEXT ( 'NONE', 'WORKASPACE' ) );
#186 = FACE_OUTER_BOUND ( 'NONE', #4977, .T. ) ;
#187 = CARTESIAN_POINT ( 'NONE',  ( 4.699891294586261203, -4.469488205844956319, 3.100000000000000977 ) ) ;
#188 = CARTESIAN_POINT ( 'NONE',  ( -5.861792873543974380, 6.820462724888161077, 1.966862915010152424 ) ) ;
#189 = VECTOR ( 'NONE', #6894, 1000.000000000000000 ) ;
#190 = CARTESIAN_POINT ( 'NONE',  ( 4.583785022534586417, -5.126887747747466584, 3.099999999999854872 ) ) ;
#191 = CARTESIAN_POINT ( 'NONE',  ( 2.754077797123930527, 1.449392686304643574, 3.100000000000683098 ) ) ;
#192 = MECHANICAL_DESIGN_GEOMETRIC_PRESENTATION_REPRESENTATION (  '', ( #7343 ), #4247 ) ;
#193 = DIRECTION ( 'NONE',  ( -0.9321690295519318159, -0.3620233422642933907, -0.0000000000000000000 ) ) ;
#194 = SURFACE_SIDE_STYLE ('',( #2425 ) ) ;
#195 = ORIENTED_EDGE ( 'NONE', *, *, #7196, .F. ) ;
#196 = DIRECTION ( 'NONE',  ( 0.002022240556662139362, -0.9999979552694749918, 0.0000000000000000000 ) ) ;
#197 = ORIENTED_EDGE ( 'NONE', *, *, #1960, .F. ) ;
#198 = CARTESIAN_POINT ( 'NONE',  ( 2.821370948236383569, -5.117340763990642749, 3.199999999999998401 ) ) ;
#199 = DIRECTION ( 'NONE',  ( -1.000000000000000000, -0.0000000000000000000, 0.0000000000000000000 ) ) ;
#200 = ORIENTED_EDGE ( 'NONE', *, *, #3123, .F. ) ;
#201 = FACE_OUTER_BOUND ( 'NONE', #6041, .T. ) ;
#202 = CARTESIAN_POINT ( 'NONE',  ( 3.317785320959090178, -4.524252189468400687, 3.199999999999991296 ) ) ;
#203 = CARTESIAN_POINT ( 'NONE',  ( 3.618226773895201642, -1.078184339343281950, 3.100000000000000533 ) ) ;
#204 = FACE_OUTER_BOUND ( 'NONE', #2635, .T. ) ;
#205 =( LENGTH_UNIT ( ) NAMED_UNIT ( * ) SI_UNIT ( .MILLI., .METRE. ) );
#206 = LINE ( 'NONE', #6472, #3250 ) ;
#207 = CARTESIAN_POINT ( 'NONE',  ( 4.504740309548772359, -5.737275638638135611, 3.199999999999999734 ) ) ;
#208 = VECTOR ( 'NONE', #6580, 1000.000000000000000 ) ;
#209 = VERTEX_POINT ( 'NONE', #6561 ) ;
#210 = CARTESIAN_POINT ( 'NONE',  ( 4.698403511409839695, -6.516034883319042237, 3.200000000000001066 ) ) ;
#211 = CARTESIAN_POINT ( 'NONE',  ( 2.894343327039917924, -1.756910698751239508, 3.200000000000000622 ) ) ;
#212 = ORIENTED_EDGE ( 'NONE', *, *, #9859, .T. ) ;
#213 = STYLED_ITEM ( 'NONE', ( #5418 ), #7424 ) ;
#214 = EDGE_CURVE ( 'NONE', #5092, #1518, #9650, .T. ) ;
#215 = CARTESIAN_POINT ( 'NONE',  ( 2.722301466602863762, -1.839358506958202355, 3.199999999999998401 ) ) ;
#216 = CARTESIAN_POINT ( 'NONE',  ( 3.004031937540677433, -1.756910698751239508, 3.200000000000000178 ) ) ;
#217 = DIRECTION ( 'NONE',  ( -1.000000000000000000, 0.0000000000000000000, 0.0000000000000000000 ) ) ;
#218 = ADVANCED_FACE ( 'NONE', ( #4258 ), #9987, .T. ) ;
#219 = CARTESIAN_POINT ( 'NONE',  ( 4.617257111490873811, -4.839085957907439450, 3.199999999999999734 ) ) ;
#220 = CARTESIAN_POINT ( 'NONE',  ( 3.305052771020458469, -1.245020109674152220, 3.199999999999997513 ) ) ;
#221 = CARTESIAN_POINT ( 'NONE',  ( 4.477390176516555798, 0.3108221212578366477, 3.100000000000000977 ) ) ;
#222 = ORIENTED_EDGE ( 'NONE', *, *, #80, .T. ) ;
#223 = CARTESIAN_POINT ( 'NONE',  ( 3.735742593711724790, -5.382256747677341302, 3.099999999999948130 ) ) ;
#224 = CARTESIAN_POINT ( 'NONE',  ( 4.134805823598924235, -1.733479280196374539, 3.100000000000001421 ) ) ;
#225 = LINE ( 'NONE', #3208, #5253 ) ;
#226 = AXIS2_PLACEMENT_3D ( 'NONE', #5482, #3089, #6208 ) ;
#227 = ADVANCED_FACE ( 'NONE', ( #6805 ), #2863, .F. ) ;
#228 = CARTESIAN_POINT ( 'NONE',  ( 2.990701698550297660, -4.213630959953184707, 3.099999999999592415 ) ) ;
#229 = CARTESIAN_POINT ( 'NONE',  ( 2.687005099873847946, 0.5630464777696894130, 3.099999999999839329 ) ) ;
#230 = CARTESIAN_POINT ( 'NONE',  ( 2.774425337651444057, -0.4765480619099384252, 3.100000000000000977 ) ) ;
#231 = CARTESIAN_POINT ( 'NONE',  ( 2.835603780005400587, -0.4058099132500842532, 3.100000000000000977 ) ) ;
#232 = CARTESIAN_POINT ( 'NONE',  ( 8.000000000000000000, 4.499999999999999112, 0.0000000000000000000 ) ) ;
#233 = CARTESIAN_POINT ( 'NONE',  ( 4.105138672566606139, -5.343145069984670315, 3.199999999999998401 ) ) ;
#234 = ORIENTED_EDGE ( 'NONE', *, *, #9030, .F. ) ;
#235 = MECHANICAL_DESIGN_GEOMETRIC_PRESENTATION_REPRESENTATION (  '', ( #7871 ), #5584 ) ;
#236 = CARTESIAN_POINT ( 'NONE',  ( 4.767851122749374504, -4.678541764043326445, 3.100000000000000533 ) ) ;
#237 = SURFACE_STYLE_USAGE ( .BOTH. , #6505 ) ;
#238 = VECTOR ( 'NONE', #1937, 1000.000000000000227 ) ;
#239 = CARTESIAN_POINT ( 'NONE',  ( 3.059661208386069031, -1.033806404372277443, 3.099999999999659916 ) ) ;
#240 = CARTESIAN_POINT ( 'NONE',  ( 2.938309595611933833, 1.327507319078662595, 3.199999999999989075 ) ) ;
#241 = CARTESIAN_POINT ( 'NONE',  ( 4.700544586025626081, 0.2211131695278380771, 3.199999999999989075 ) ) ;
#242 = EDGE_LOOP ( 'NONE', ( #9537, #5327, #9468, #8197 ) ) ;
#243 = CARTESIAN_POINT ( 'NONE',  ( 4.148002663810291146, -0.2673160378058381248, 3.200000000000001954 ) ) ;
#244 = ORIENTED_EDGE ( 'NONE', *, *, #214, .T. ) ;
#245 =( GEOMETRIC_REPRESENTATION_CONTEXT ( 3 ) GLOBAL_UNCERTAINTY_ASSIGNED_CONTEXT ( ( #7490 ) ) GLOBAL_UNIT_ASSIGNED_CONTEXT ( ( #8833, #5573, #4042 ) ) REPRESENTATION_CONTEXT ( 'NONE', 'WORKASPACE' ) );
#246 = CARTESIAN_POINT ( 'NONE',  ( 3.266646651796760281, -1.501974964883620700, 3.199999999999999289 ) ) ;
#247 = DIRECTION ( 'NONE',  ( 0.0000000000000000000, 0.0000000000000000000, 1.000000000000000000 ) ) ;
#248 = FACE_OUTER_BOUND ( 'NONE', #2230, .T. ) ;
#249 = PRESENTATION_STYLE_ASSIGNMENT (( #3139 ) ) ;
#250 = SURFACE_STYLE_FILL_AREA ( #7228 ) ;
#251 = CARTESIAN_POINT ( 'NONE',  ( 4.335009589348675085, -4.912211698241278235, 3.100000000000000977 ) ) ;
#252 = LINE ( 'NONE', #5590, #2921 ) ;
#253 = CARTESIAN_POINT ( 'NONE',  ( 4.225561176189899015, -5.611400308100495060, 3.100000000000000977 ) ) ;
#254 = VERTEX_POINT ( 'NONE', #7568 ) ;
#255 = ORIENTED_EDGE ( 'NONE', *, *, #8299, .F. ) ;
#256 = DIRECTION ( 'NONE',  ( -1.000000000000000000, 0.0000000000000000000, 0.0000000000000000000 ) ) ;
#257 = CARTESIAN_POINT ( 'NONE',  ( -3.186462900341459292, 8.180974974472158934, 1.200000000000000178 ) ) ;
#258 = PRODUCT_RELATED_PRODUCT_CATEGORY ( 'part', '', ( #8523 ) ) ;
#259 = LINE ( 'NONE', #5024, #5594 ) ;
#260 = ORIENTED_EDGE ( 'NONE', *, *, #4626, .F. ) ;
#261 = VECTOR ( 'NONE', #1515, 1000.000000000000000 ) ;
#262 = SURFACE_SIDE_STYLE ('',( #5082 ) ) ;
#263 = CARTESIAN_POINT ( 'NONE',  ( 3.413573190531036694, -5.363574551609150198, 3.099999999999519584 ) ) ;
#264 = CARTESIAN_POINT ( 'NONE',  ( 4.665413086832669975, -4.717358353571228236, 3.100000000000061817 ) ) ;
#265 = FACE_OUTER_BOUND ( 'NONE', #6538, .T. ) ;
#266 = ORIENTED_EDGE ( 'NONE', *, *, #3004, .T. ) ;
#267 = LINE ( 'NONE', #6484, #516 ) ;
#268 = CARTESIAN_POINT ( 'NONE',  ( 4.603524099391075097, 0.5266207711640384925, 3.200000000000000622 ) ) ;
#269 = ADVANCED_FACE ( 'NONE', ( #3728 ), #552, .T. ) ;
#270 = ORIENTED_EDGE ( 'NONE', *, *, #8477, .F. ) ;
#271 = SURFACE_SIDE_STYLE ('',( #4686 ) ) ;
#272 = EDGE_CURVE ( 'NONE', #4021, #4945, #7662, .T. ) ;
#273 = UNCERTAINTY_MEASURE_WITH_UNIT (LENGTH_MEASURE( 1.000000000000000082E-05 ), #8979, 'distance_accuracy_value', 'NONE');
#274 = CARTESIAN_POINT ( 'NONE',  ( 3.883753384030912414, -2.147152705038420262, 3.100000000000000977 ) ) ;
#275 = PRESENTATION_STYLE_ASSIGNMENT (( #2001 ) ) ;
#276 = CARTESIAN_POINT ( 'NONE',  ( 3.413573190531036694, -5.363574551609151086, 3.199999999999999289 ) ) ;
#277 = CARTESIAN_POINT ( 'NONE',  ( 4.137286196154476237, 0.2278719730859279369, 3.100000000000000533 ) ) ;
#278 = CARTESIAN_POINT ( 'NONE',  ( 2.754334287620249455, -4.729843236067249990, 3.100000000000000977 ) ) ;
#279 = SURFACE_STYLE_FILL_AREA ( #8021 ) ;
#280 = CARTESIAN_POINT ( 'NONE',  ( 4.501904150784301173, -4.550888288282706640, 3.199999999999997513 ) ) ;
#281 = EDGE_CURVE ( 'NONE', #8899, #5279, #3634, .T. ) ;
#282 = DIRECTION ( 'NONE',  ( 0.0000000000000000000, 0.0000000000000000000, 1.000000000000000000 ) ) ;
#283 = VERTEX_POINT ( 'NONE', #2915 ) ;
#284 = EDGE_CURVE ( 'NONE', #5300, #3580, #3019, .T. ) ;
#285 = EDGE_CURVE ( 'NONE', #4132, #2305, #8246, .T. ) ;
#286 = MECHANICAL_DESIGN_GEOMETRIC_PRESENTATION_REPRESENTATION (  '', ( #3684 ), #6141 ) ;
#287 = CARTESIAN_POINT ( 'NONE',  ( 4.645976046506495649, -4.390321826466804467, 3.199999999999999289 ) ) ;
#288 = CARTESIAN_POINT ( 'NONE',  ( 3.772557959443765707, -6.312268064530220713, 3.199999999999985967 ) ) ;
#289 = LINE ( 'NONE', #7313, #4151 ) ;
#290 = DIRECTION ( 'NONE',  ( -0.001481479855715860973, 0.9999989026081164134, 0.0000000000000000000 ) ) ;
#291 = ORIENTED_EDGE ( 'NONE', *, *, #9717, .T. ) ;
#292 = CIRCLE ( 'NONE', #7935, 0.5000000000000004441 ) ;
#293 = CARTESIAN_POINT ( 'NONE',  ( 4.197842932013486461, -4.526555607756604260, 3.199999999999982414 ) ) ;
#294 = ORIENTED_EDGE ( 'NONE', *, *, #7056, .F. ) ;
#295 = CARTESIAN_POINT ( 'NONE',  ( 2.990056455551926451, -2.177199188839851640, 3.100000000000000977 ) ) ;
#296 = AXIS2_PLACEMENT_3D ( 'NONE', #564, #2879, #2130 ) ;
#297 = CARTESIAN_POINT ( 'NONE',  ( 4.670317862098963602, 1.611330718774915516, 3.149999999999999911 ) ) ;
#298 = CARTESIAN_POINT ( 'NONE',  ( 4.020710913231061667, -1.230536042025802690, 3.199999999999999289 ) ) ;
#299 = DIRECTION ( 'NONE',  ( -0.003333314814968972063, 0.9999944444907402641, 0.0000000000000000000 ) ) ;
#300 = DIRECTION ( 'NONE',  ( -0.0000000000000000000, -0.0000000000000000000, -1.000000000000000000 ) ) ;
#301 = CARTESIAN_POINT ( 'NONE',  ( 4.336522646977240214, -5.649032217680331591, 3.100000000000000977 ) ) ;
#302 = ORIENTED_EDGE ( 'NONE', *, *, #4749, .F. ) ;
#303 = ORIENTED_EDGE ( 'NONE', *, *, #8299, .T. ) ;
#304 = SURFACE_SIDE_STYLE ('',( #9664 ) ) ;
#305 = VECTOR ( 'NONE', #7455, 1000.000000000000000 ) ;
#306 = CARTESIAN_POINT ( 'NONE',  ( 4.615908915025121573, 1.376327939297132374, 3.100000000000804778 ) ) ;
#307 = EDGE_LOOP ( 'NONE', ( #1358, #4172, #9172, #7259 ) ) ;
#308 = CARTESIAN_POINT ( 'NONE',  ( 0.0000000000000000000, 0.0000000000000000000, 3.200000000000000178 ) ) ;
#309 = LINE ( 'NONE', #1703, #2777 ) ;
#310 = DIRECTION ( 'NONE',  ( -1.000000000000000000, 0.0000000000000000000, 0.0000000000000000000 ) ) ;
#311 = VECTOR ( 'NONE', #1765, 1000.000000000000000 ) ;
#312 = B_SPLINE_SURFACE_WITH_KNOTS ( 'NONE', 3, 1, ( 
 ( #10058, #5333 ),
 ( #6829, #3753 ),
 ( #8448, #6009 ),
 ( #6927, #6159 ),
 ( #8396, #5436 ),
 ( #8540, #3090 ),
 ( #6210, #1584 ),
 ( #9154, #4667 ),
 ( #1488, #4574 ),
 ( #714, #7687 ),
 ( #2186, #9965 ) ),
 .UNSPECIFIED., .F., .F., .F.,
 ( 4, 1, 1, 1, 1, 1, 1, 1, 4 ),
 ( 2, 2 ),
 ( 0.0000000000000000000, 0.1327757938377769065, 0.2628617672895262047, 0.3903971013573545035, 0.5155438913494673203, 0.6393003481904871999, 0.7611931459182327275, 0.8812898620344477019, 1.000000000000000000 ),
 ( 0.0000000000000000000, 1.000000000000000000 ),
 .UNSPECIFIED. ) ;
#313 = CARTESIAN_POINT ( 'NONE',  ( -3.781792873543973865, 6.820462724888164630, 2.000000000000000000 ) ) ;
#314 = CARTESIAN_POINT ( 'NONE',  ( 3.958133638277941735, -6.728136979887006319, 3.200000000000000622 ) ) ;
#315 = ORIENTED_EDGE ( 'NONE', *, *, #9734, .F. ) ;
#316 = MECHANICAL_DESIGN_GEOMETRIC_PRESENTATION_REPRESENTATION (  '', ( #3384 ), #4051 ) ;
#317 = DIRECTION ( 'NONE',  ( 1.000000000000000000, -0.0000000000000000000, 0.0000000000000000000 ) ) ;
#318 = CARTESIAN_POINT ( 'NONE',  ( 4.014618947186716191, -1.621498449057540370, 3.100000000000625366 ) ) ;
#319 = CARTESIAN_POINT ( 'NONE',  ( 3.708090132584171528, -5.382624235144940705, 3.200000000000000178 ) ) ;
#320 = FACE_OUTER_BOUND ( 'NONE', #6150, .T. ) ;
#321 = CARTESIAN_POINT ( 'NONE',  ( 2.942945191042287245, -1.015397856219682149, 3.199999999999999289 ) ) ;
#322 = VECTOR ( 'NONE', #62, 1000.000000000000000 ) ;
#323 = EDGE_CURVE ( 'NONE', #6479, #576, #739, .T. ) ;
#324 = SURFACE_SIDE_STYLE ('',( #279 ) ) ;
#325 = CARTESIAN_POINT ( 'NONE',  ( 4.504740309548772359, -5.737275638638135611, 3.100000000000579625 ) ) ;
#326 = CARTESIAN_POINT ( 'NONE',  ( 3.016362005931888302, -1.439329022982207329, 3.199999999999999734 ) ) ;
#327 = VERTEX_POINT ( 'NONE', #403 ) ;
#328 = STYLED_ITEM ( 'NONE', ( #7062 ), #4752 ) ;
#329 = SURFACE_STYLE_USAGE ( .BOTH. , #4451 ) ;
#330 = VECTOR ( 'NONE', #828, 1000.000000000000114 ) ;
#331 =( LENGTH_UNIT ( ) NAMED_UNIT ( * ) SI_UNIT ( .MILLI., .METRE. ) );
#332 = ADVANCED_FACE ( 'NONE', ( #4113 ), #1074, .T. ) ;
#333 = CARTESIAN_POINT ( 'NONE',  ( 2.718217306113901888, -5.571108612877292643, 3.200000000000000178 ) ) ;
#334 = CARTESIAN_POINT ( 'NONE',  ( 3.723696235704197388, 0.7623587090454595483, 3.099999999999976996 ) ) ;
#335 = DIRECTION ( 'NONE',  ( -0.0000000000000000000, -0.0000000000000000000, -1.000000000000000000 ) ) ;
#336 = ADVANCED_FACE ( 'NONE', ( #3431 ), #3379, .F. ) ;
#337 = CARTESIAN_POINT ( 'NONE',  ( 3.584083460887554029, -1.409782246693025654, 3.200000000000001066 ) ) ;
#338 = CARTESIAN_POINT ( 'NONE',  ( 2.892666957616261580, -2.303243501095311174, 3.200000000000004174 ) ) ;
#339 = EDGE_CURVE ( 'NONE', #9515, #9618, #3531, .T. ) ;
#340 = VECTOR ( 'NONE', #3339, 1000.000000000000000 ) ;
#341 = ORIENTED_EDGE ( 'NONE', *, *, #9897, .F. ) ;
#342 = VECTOR ( 'NONE', #4652, 1000.000000000000000 ) ;
#343 = CARTESIAN_POINT ( 'NONE',  ( 3.165423145989809228, -1.440876700268706401, 3.100000000000011191 ) ) ;
#344 = ORIENTED_EDGE ( 'NONE', *, *, #9472, .T. ) ;
#345 = CARTESIAN_POINT ( 'NONE',  ( 2.888025898047694273, -2.192247440756965204, 3.200000000000001066 ) ) ;
#346 = STYLED_ITEM ( 'NONE', ( #6088 ), #5869 ) ;
#347 = AXIS2_PLACEMENT_3D ( 'NONE', #148, #9551, #4163 ) ;
#348 = LINE ( 'NONE', #5735, #5368 ) ;
#349 = CARTESIAN_POINT ( 'NONE',  ( 4.664226490752307441, -4.687290573888824419, 3.199999999999995737 ) ) ;
#350 = DIRECTION ( 'NONE',  ( -1.000000000000000000, 0.0000000000000000000, 0.0000000000000000000 ) ) ;
#351 = SURFACE_STYLE_USAGE ( .BOTH. , #7229 ) ;
#352 = CARTESIAN_POINT ( 'NONE',  ( 4.442023374737687824, 1.329054724554779243, 3.199999999999997513 ) ) ;
#353 = ORIENTED_EDGE ( 'NONE', *, *, #97, .T. ) ;
#354 = ORIENTED_EDGE ( 'NONE', *, *, #4492, .T. ) ;
#355 = AXIS2_PLACEMENT_3D ( 'NONE', #6638, #2846, #8959 ) ;
#356 = CARTESIAN_POINT ( 'NONE',  ( 3.792808978092887529, -0.1062324017491729361, 3.200000000000000178 ) ) ;
#357 = STYLED_ITEM ( 'NONE', ( #8328 ), #4356 ) ;
#358 = CARTESIAN_POINT ( 'NONE',  ( 3.475336251765485773, -1.756018921430095192, 3.100000000000089351 ) ) ;
#359 = VERTEX_POINT ( 'NONE', #5642 ) ;
#360 = LINE ( 'NONE', #8945, #3453 ) ;
#361 = CARTESIAN_POINT ( 'NONE',  ( 4.104053321215041628, -1.902968806779446354, 3.199999999999995737 ) ) ;
#362 = STYLED_ITEM ( 'NONE', ( #3970 ), #6885 ) ;
#363 = CARTESIAN_POINT ( 'NONE',  ( 8.000000000000000000, -2.499999999999999556, 1.000000000000000000 ) ) ;
#364 = LINE ( 'NONE', #8859, #8493 ) ;
#365 = CARTESIAN_POINT ( 'NONE',  ( 4.678338707823219700, 0.1220168185618896034, 3.099999999999909495 ) ) ;
#366 = CARTESIAN_POINT ( 'NONE',  ( 2.933135640509699105, -4.553271326480662573, 3.100000000000159517 ) ) ;
#367 = CARTESIAN_POINT ( 'NONE',  ( 3.096427124302426837, -1.049311601777534797, 3.100000000000000089 ) ) ;
#368 =( NAMED_UNIT ( * ) SI_UNIT ( $, .STERADIAN. ) SOLID_ANGLE_UNIT ( ) );
#369 =( GEOMETRIC_REPRESENTATION_CONTEXT ( 3 ) GLOBAL_UNCERTAINTY_ASSIGNED_CONTEXT ( ( #9308 ) ) GLOBAL_UNIT_ASSIGNED_CONTEXT ( ( #1352, #9253, #7840 ) ) REPRESENTATION_CONTEXT ( 'NONE', 'WORKASPACE' ) );
#370 = VERTEX_POINT ( 'NONE', #8040 ) ;
#371 = VECTOR ( 'NONE', #402, 1000.000000000000227 ) ;
#372 = CARTESIAN_POINT ( 'NONE',  ( 3.560089590374192259, -4.068749605636805988, 3.200000000000004174 ) ) ;
#373 = UNCERTAINTY_MEASURE_WITH_UNIT (LENGTH_MEASURE( 1.000000000000000082E-05 ), #5105, 'distance_accuracy_value', 'NONE');
#374 = CARTESIAN_POINT ( 'NONE',  ( 3.704099025740840379, -6.579397999582019096, 3.199999999999997513 ) ) ;
#375 = PLANE ( 'NONE',  #3440 ) ;
#376 = CARTESIAN_POINT ( 'NONE',  ( 3.754169315763661974, -1.755243705470712845, 3.100000000000000533 ) ) ;
#377 = FACE_OUTER_BOUND ( 'NONE', #1797, .T. ) ;
#378 = CARTESIAN_POINT ( 'NONE',  ( 4.724945558062890960, 0.4922767977428808006, 3.100000000000000089 ) ) ;
#379 = CARTESIAN_POINT ( 'NONE',  ( 3.059661208386069475, -1.033806404372277443, 3.199999999999989519 ) ) ;
#380 = CARTESIAN_POINT ( 'NONE',  ( 2.802490262962046064, -4.842653067192014937, 3.150000000000000355 ) ) ;
#381 = CARTESIAN_POINT ( 'NONE',  ( 4.457308193252179862, -4.541834942368690342, 3.199999999999996625 ) ) ;
#382 = DIRECTION ( 'NONE',  ( -0.0000000000000000000, -0.0000000000000000000, -1.000000000000000000 ) ) ;
#383 = ORIENTED_EDGE ( 'NONE', *, *, #6491, .F. ) ;
#384 = CARTESIAN_POINT ( 'NONE',  ( 0.1062067755494594673, 4.851300258385033537, 3.200000000000000178 ) ) ;
#385 = ORIENTED_EDGE ( 'NONE', *, *, #9841, .T. ) ;
#386 = LINE ( 'NONE', #8218, #2459 ) ;
#387 =( NAMED_UNIT ( * ) SI_UNIT ( $, .STERADIAN. ) SOLID_ANGLE_UNIT ( ) );
#388 = DIRECTION ( 'NONE',  ( 1.000000000000000000, 1.334402673828313093E-16, -0.0000000000000000000 ) ) ;
#389 = LINE ( 'NONE', #1308, #6651 ) ;
#390 = DIRECTION ( 'NONE',  ( 0.0000000000000000000, 0.0000000000000000000, 1.000000000000000000 ) ) ;
#391 = MECHANICAL_DESIGN_GEOMETRIC_PRESENTATION_REPRESENTATION (  '', ( #7704 ), #9319 ) ;
#392 = CARTESIAN_POINT ( 'NONE',  ( 4.721819389080360807, 0.4152200445782285310, 3.199999999999989964 ) ) ;
#393 = ORIENTED_EDGE ( 'NONE', *, *, #462, .T. ) ;
#394 = CARTESIAN_POINT ( 'NONE',  ( 2.991248738379135741, -1.741170889233107477, 3.199999999999999734 ) ) ;
#395 = EDGE_LOOP ( 'NONE', ( #6474, #6376, #4177, #9067 ) ) ;
#396 = EDGE_CURVE ( 'NONE', #3312, #2941, #9045, .T. ) ;
#397 = CARTESIAN_POINT ( 'NONE',  ( 4.340143947800257251, -5.274620109439672078, 3.200000000000000178 ) ) ;
#398 = ADVANCED_FACE ( 'NONE', ( #8746 ), #6154, .T. ) ;
#400 = CIRCLE ( 'NONE', #6419, 0.8999999999999998002 ) ;
#399 = CARTESIAN_POINT ( 'NONE',  ( 8.000000000000000000, -3.500000000000000444, 2.200000000000000178 ) ) ;
#401 = CARTESIAN_POINT ( 'NONE',  ( 2.934027417830843198, -4.247837593988708527, 3.150000000000000355 ) ) ;
#402 = DIRECTION ( 'NONE',  ( -0.9337325090820074447, 0.3579715093180164120, 0.0000000000000000000 ) ) ;
#403 = CARTESIAN_POINT ( 'NONE',  ( 4.906206775549457610, 4.851300258385033537, 3.100000000000000977 ) ) ;
#404 = CARTESIAN_POINT ( 'NONE',  ( 2.644645677119489946, -4.725384349461528188, 3.100000000001473577 ) ) ;
#405 = DIRECTION ( 'NONE',  ( -1.000000000000000000, 0.0000000000000000000, 0.0000000000000000000 ) ) ;
#406 = ORIENTED_EDGE ( 'NONE', *, *, #4315, .T. ) ;
#407 = VERTEX_POINT ( 'NONE', #1319 ) ;
#408 = PRESENTATION_LAYER_ASSIGNMENT (  '', '', ( #6589 ) ) ;
#409 = ADVANCED_FACE ( 'NONE', ( #789 ), #3930, .F. ) ;
#410 = CARTESIAN_POINT ( 'NONE',  ( 3.805677775646030714, -1.431453813950118503, 3.200000000000001066 ) ) ;
#411 = VERTEX_POINT ( 'NONE', #9034 ) ;
#412 = LINE ( 'NONE', #7428, #4078 ) ;
#413 = EDGE_CURVE ( 'NONE', #411, #8024, #2309, .T. ) ;
#414 = PRESENTATION_LAYER_ASSIGNMENT (  '', '', ( #2826 ) ) ;
#415 = CARTESIAN_POINT ( 'NONE',  ( -5.007005029376162319, 7.777459261309173755, 2.000000000000000444 ) ) ;
#416 = CARTESIAN_POINT ( 'NONE',  ( 6.917157287525381726, 7.917157287525380838, 3.200000000000000622 ) ) ;
#417 = CARTESIAN_POINT ( 'NONE',  ( 4.181635937649142321, -0.2672681772008105860, 3.099999999999909495 ) ) ;
#418 = CARTESIAN_POINT ( 'NONE',  ( 3.231848620410831874, -4.526038353395975378, 3.100000000000549871 ) ) ;
#419 = CARTESIAN_POINT ( 'NONE',  ( 3.558845174299219760, -1.718949707196087084, 3.199999999999997513 ) ) ;
#420 = CARTESIAN_POINT ( 'NONE',  ( 4.020710913231060779, -1.230536042025802690, 3.099999999999573763 ) ) ;
#421 = AXIS2_PLACEMENT_3D ( 'NONE', #6964, #7925, #2526 ) ;
#422 = ORIENTED_EDGE ( 'NONE', *, *, #3792, .F. ) ;
#423 = CIRCLE ( 'NONE', #7571, 0.5000000000000004441 ) ;
#424 = CARTESIAN_POINT ( 'NONE',  ( 3.724142124364770101, -1.042597064514585892, 3.199999999999999734 ) ) ;
#425 = CARTESIAN_POINT ( 'NONE',  ( 3.049052145174298012, -4.913562030356666277, 3.200000000000000178 ) ) ;
#426 = DIRECTION ( 'NONE',  ( 1.000000000000000000, 1.239088197126290817E-16, 0.0000000000000000000 ) ) ;
#427 = CARTESIAN_POINT ( 'NONE',  ( 4.627520563075052884, 0.001502681311058898326, 3.100000000000000977 ) ) ;
#428 = DIRECTION ( 'NONE',  ( 0.0000000000000000000, 1.000000000000000000, 0.0000000000000000000 ) ) ;
#429 = CARTESIAN_POINT ( 'NONE',  ( -8.000000000000000000, -6.500000000000000000, 1.000000000000000000 ) ) ;
#430 = CARTESIAN_POINT ( 'NONE',  ( 4.271200049653481656, -5.624745434341622108, 3.100000000000580513 ) ) ;
#431 = CARTESIAN_POINT ( 'NONE',  ( -4.591792873543973919, 6.820462724888164630, 2.000000000000000000 ) ) ;
#432 = EDGE_LOOP ( 'NONE', ( #6982, #9510, #8978, #3099 ) ) ;
#433 = CARTESIAN_POINT ( 'NONE',  ( 4.357343892660743734, -6.208013685001462889, 3.199999999999998845 ) ) ;
#434 = ORIENTED_EDGE ( 'NONE', *, *, #5547, .F. ) ;
#435 = DIRECTION ( 'NONE',  ( 0.0000000000000000000, 0.0000000000000000000, 1.000000000000000000 ) ) ;
#436 = DIRECTION ( 'NONE',  ( -1.000000000000000000, 0.0000000000000000000, -0.0000000000000000000 ) ) ;
#437 = LINE ( 'NONE', #4455, #3653 ) ;
#438 = CARTESIAN_POINT ( 'NONE',  ( 3.476281720807388620, -1.546939471105154729, 3.099999999999659916 ) ) ;
#439 = CARTESIAN_POINT ( 'NONE',  ( 4.166463675652384957, -0.2676440968763069139, 3.149999999999999023 ) ) ;
#440 =( NAMED_UNIT ( * ) PLANE_ANGLE_UNIT ( ) SI_UNIT ( $, .RADIAN. ) );
#441 = EDGE_LOOP ( 'NONE', ( #5292, #683, #1437, #9981 ) ) ;
#442 = FACE_OUTER_BOUND ( 'NONE', #3978, .T. ) ;
#443 = ORIENTED_EDGE ( 'NONE', *, *, #8606, .F. ) ;
#444 = CARTESIAN_POINT ( 'NONE',  ( 1.538881060897523412, 6.156522020678421470, 3.100000000000000977 ) ) ;
#445 =( NAMED_UNIT ( * ) PLANE_ANGLE_UNIT ( ) SI_UNIT ( $, .RADIAN. ) );
#446 = DIRECTION ( 'NONE',  ( -1.000000000000000000, 0.0000000000000000000, 0.0000000000000000000 ) ) ;
#447 = CARTESIAN_POINT ( 'NONE',  ( 2.959888960144030801, -1.477338508572474396, 3.200000000000000178 ) ) ;
#448 = CARTESIAN_POINT ( 'NONE',  ( 2.687896877194992484, 0.05473340471738889768, 3.100000000000000977 ) ) ;
#449 = CARTESIAN_POINT ( 'NONE',  ( 3.523514305977484273, -6.436008531362118035, 3.199999999999999734 ) ) ;
#450 = CARTESIAN_POINT ( 'NONE',  ( 3.795089687780361043, -2.167458239457744185, 3.099999999999999201 ) ) ;
#451 = ORIENTED_EDGE ( 'NONE', *, *, #9168, .F. ) ;
#452 = ORIENTED_EDGE ( 'NONE', *, *, #773, .T. ) ;
#453 = ADVANCED_FACE ( 'NONE', ( #4411 ), #4601, .T. ) ;
#454 = CARTESIAN_POINT ( 'NONE',  ( 3.742156869327991853, -1.461668210008411961, 3.200000000000000178 ) ) ;
#455 = CARTESIAN_POINT ( 'NONE',  ( 4.738548550851484187, -4.551157582838916582, 3.100000000000632028 ) ) ;
#456 = ORIENTED_EDGE ( 'NONE', *, *, #9542, .F. ) ;
#457 =( NAMED_UNIT ( * ) SI_UNIT ( $, .STERADIAN. ) SOLID_ANGLE_UNIT ( ) );
#458 = VECTOR ( 'NONE', #4526, 1000.000000000000000 ) ;
#459 = B_SPLINE_SURFACE_WITH_KNOTS ( 'NONE', 3, 1, ( 
 ( #7432, #8250 ),
 ( #1124, #3392 ),
 ( #1280, #467 ),
 ( #3547, #6674 ),
 ( #5903, #3601 ),
 ( #8999, #2836 ),
 ( #2089, #8301 ),
 ( #4179, #6535 ),
 ( #718, #2144 ),
 ( #4478, #6980 ),
 ( #7539, #2891 ) ),
 .UNSPECIFIED., .F., .F., .F.,
 ( 4, 1, 1, 1, 1, 1, 1, 1, 4 ),
 ( 2, 2 ),
 ( 0.0000000000000000000, 0.1249097795076796330, 0.2452131054483611683, 0.3622835641144924734, 0.4804856469809222763, 0.6005935429954538662, 0.7251187543951765901, 0.8583147875384397052, 1.000000000000000000 ),
 ( 0.0000000000000000000, 1.000000000000000000 ),
 .UNSPECIFIED. ) ;
#460 = FACE_BOUND ( 'NONE', #3922, .T. ) ;
#461 = B_SPLINE_CURVE_WITH_KNOTS ( 'NONE', 3,
 ( #8081, #246, #3231, #1840, #1110, #4918, #3425 ),
 .UNSPECIFIED., .F., .F.,
 ( 4, 1, 1, 1, 4 ),
 ( 0.0000000000000000000, 7.820242542701933124E-05, 0.0001630321013390907041, 0.0002555886613564531699, 0.0003566295548817568790 ),
 .UNSPECIFIED. ) ;
#462 = EDGE_CURVE ( 'NONE', #5279, #1506, #7964, .T. ) ;
#463 = CARTESIAN_POINT ( 'NONE',  ( -8.000000000000000000, -2.499999999999999556, 0.0000000000000000000 ) ) ;
#464 = DIRECTION ( 'NONE',  ( 1.000000000000000000, 0.0000000000000000000, 0.0000000000000000000 ) ) ;
#465 = CARTESIAN_POINT ( 'NONE',  ( 3.237677595680506837, -2.813389382451740861, 3.100000000000000977 ) ) ;
#466 = VECTOR ( 'NONE', #6308, 1000.000000000000000 ) ;
#467 = CARTESIAN_POINT ( 'NONE',  ( 4.413438258043328233, -5.963561384361219631, 3.200000000000000178 ) ) ;
#468 = CARTESIAN_POINT ( 'NONE',  ( 4.617703000151444748, 0.6887870800510477176, 3.099999999999740741 ) ) ;
#469 = ADVANCED_FACE ( 'NONE', ( #6445 ), #1096, .F. ) ;
#470 = DIRECTION ( 'NONE',  ( -1.000000000000000000, 0.0000000000000000000, 0.0000000000000000000 ) ) ;
#471 = ORIENTED_EDGE ( 'NONE', *, *, #1908, .T. ) ;
#472 = CARTESIAN_POINT ( 'NONE',  ( 3.322049718994255940, -4.101235326237952172, 3.200000000000003286 ) ) ;
#473 = UNCERTAINTY_MEASURE_WITH_UNIT (LENGTH_MEASURE( 1.000000000000000082E-05 ), #4363, 'distance_accuracy_value', 'NONE');
#474 = CARTESIAN_POINT ( 'NONE',  ( 3.889098646523053038, -1.746204552846628788, 3.100000000000624478 ) ) ;
#475 =( GEOMETRIC_REPRESENTATION_CONTEXT ( 3 ) GLOBAL_UNCERTAINTY_ASSIGNED_CONTEXT ( ( #1302 ) ) GLOBAL_UNIT_ASSIGNED_CONTEXT ( ( #3884, #8483, #8630 ) ) REPRESENTATION_CONTEXT ( 'NONE', 'WORKASPACE' ) );
#476 = CARTESIAN_POINT ( 'NONE',  ( 2.825423928570725884, -4.858094992925177102, 3.100000000000000977 ) ) ;
#477 = CARTESIAN_POINT ( 'NONE',  ( 2.797149818709021574, 0.7980495410614178997, 3.100000000000044498 ) ) ;
#478 = DIRECTION ( 'NONE',  ( 0.0000000000000000000, 1.000000000000000000, 0.0000000000000000000 ) ) ;
#479 = SURFACE_STYLE_FILL_AREA ( #1050 ) ;
#480 = LINE ( 'NONE', #6692, #9891 ) ;
#481 = CARTESIAN_POINT ( 'NONE',  ( 4.750505603344540084, -6.077483467664504424, 3.100000000000580513 ) ) ;
#482 = VECTOR ( 'NONE', #10064, 1000.000000000000227 ) ;
#483 = EDGE_LOOP ( 'NONE', ( #7450, #2774, #3005, #6333 ) ) ;
#484 = DIRECTION ( 'NONE',  ( -0.0000000000000000000, -0.0000000000000000000, -1.000000000000000000 ) ) ;
#485 = ORIENTED_EDGE ( 'NONE', *, *, #5633, .F. ) ;
#486 = LINE ( 'NONE', #544, #1336 ) ;
#487 = DIRECTION ( 'NONE',  ( -1.000000000000000000, 0.0000000000000000000, 0.0000000000000000000 ) ) ;
#488 = VECTOR ( 'NONE', #6187, 1000.000000000000000 ) ;
#489 = CARTESIAN_POINT ( 'NONE',  ( 4.225303643858724811, -6.319477712618259524, 3.199999999999998401 ) ) ;
#490 = DIRECTION ( 'NONE',  ( -1.000000000000000000, 0.0000000000000000000, 0.0000000000000000000 ) ) ;
#491 = CARTESIAN_POINT ( 'NONE',  ( 3.080882686533308767, -6.494254986431027277, 3.200000000000002842 ) ) ;
#492 = CARTESIAN_POINT ( 'NONE',  ( -5.011792873543978288, 7.320462724888169959, 1.966862915010153090 ) ) ;
#493 = VERTEX_POINT ( 'NONE', #2463 ) ;
#494 = DIRECTION ( 'NONE',  ( 0.0000000000000000000, 0.0000000000000000000, 1.000000000000000000 ) ) ;
#495 = ORIENTED_EDGE ( 'NONE', *, *, #6246, .F. ) ;
#496 = CIRCLE ( 'NONE', #9414, 0.5000000000000004441 ) ;
#497 = CARTESIAN_POINT ( 'NONE',  ( 3.030785257175010017, -2.176937817010245357, 3.099999999999988987 ) ) ;
#498 =( NAMED_UNIT ( * ) PLANE_ANGLE_UNIT ( ) SI_UNIT ( $, .RADIAN. ) );
#499 = CARTESIAN_POINT ( 'NONE',  ( 2.942945191042287245, -1.015397856219682149, 3.150000000000000355 ) ) ;
#500 = COLOUR_RGB ( '',1.000000000000000000, 1.000000000000000000, 0.0000000000000000000 ) ;
#501 = PRESENTATION_LAYER_ASSIGNMENT (  '', '', ( #5701 ) ) ;
#502 = CARTESIAN_POINT ( 'NONE',  ( 3.858354611196999517, -6.677804268417474987, 3.200000000000000178 ) ) ;
#503 = B_SPLINE_CURVE_WITH_KNOTS ( 'NONE', 3,
 ( #8755, #6478, #4933, #4881, #8006, #8137, #5698, #2634, #6623, #1032, #5651, #306, #4222, #9565, #7331, #8808, #9712, #2724, #3489 ),
 .UNSPECIFIED., .F., .F.,
 ( 4, 1, 1, 1, 1, 1, 1, 1, 1, 1, 1, 1, 1, 1, 1, 1, 4 ),
 ( 8.673617379884035472E-19, 3.918081876144675137E-05, 7.440831277671113009E-05, 0.0001056908361140354965, 0.0001335493117133823516, 0.0001574667281202064481, 0.0001780201593851098261, 0.0001947827095007039627, 0.0002080255265041791775, 0.0002315054795198292939, 0.0002551949507465173044, 0.0002805632017411092819, 0.0003075920016512472053, 0.0003403126747772526866, 0.0003828763056385964475, 0.0004354841616118437873, 0.0004993277108977981328 ),
 .UNSPECIFIED. ) ;
#504 = CARTESIAN_POINT ( 'NONE',  ( 2.860455788836431701, -2.241591672793213696, 3.200000000000000622 ) ) ;
#505 = LINE ( 'NONE', #5278, #6925 ) ;
#506 = VERTEX_POINT ( 'NONE', #229 ) ;
#507 = SURFACE_STYLE_FILL_AREA ( #6823 ) ;
#508 = ORIENTED_EDGE ( 'NONE', *, *, #9031, .F. ) ;
#509 = VECTOR ( 'NONE', #7773, 1000.000000000000000 ) ;
#510 = AXIS2_PLACEMENT_3D ( 'NONE', #6244, #3833, #2270 ) ;
#511 = CARTESIAN_POINT ( 'NONE',  ( 2.797595321543739022, -5.637415229455133847, 3.100000000000555200 ) ) ;
#512 = CARTESIAN_POINT ( 'NONE',  ( 3.805677775646030714, -1.431453813950118503, 3.099999999999743405 ) ) ;
#513 = CARTESIAN_POINT ( 'NONE',  ( -4.699657686659850953, 7.800496357078934295, 2.000000000000000000 ) ) ;
#514 = APPLICATION_PROTOCOL_DEFINITION ( 'draft international standard', 'automotive_design', 1998, #2328 ) ;
#515 = CARTESIAN_POINT ( 'NONE',  ( 4.721819389080360807, 0.4152200445782285310, 3.099999999999910827 ) ) ;
#516 = VECTOR ( 'NONE', #5709, 1000.000000000000000 ) ;
#517 = PRESENTATION_LAYER_ASSIGNMENT (  '', '', ( #9616 ) ) ;
#518 = CARTESIAN_POINT ( 'NONE',  ( 3.258884741147642483, -6.193919181862010959, 3.099999999999949463 ) ) ;
#519 = DIRECTION ( 'NONE',  ( 0.0000000000000000000, 0.0000000000000000000, 1.000000000000000000 ) ) ;
#520 = EDGE_LOOP ( 'NONE', ( #7422, #5393, #8335, #1356 ) ) ;
#521 = CARTESIAN_POINT ( 'NONE',  ( 4.135697358072903285, -1.685568513059688689, 3.099999999999876188 ) ) ;
#522 = ORIENTED_EDGE ( 'NONE', *, *, #6304, .T. ) ;
#523 = EDGE_CURVE ( 'NONE', #783, #5953, #5666, .T. ) ;
#524 =( NAMED_UNIT ( * ) PLANE_ANGLE_UNIT ( ) SI_UNIT ( $, .RADIAN. ) );
#525 = FACE_OUTER_BOUND ( 'NONE', #8626, .T. ) ;
#526 = EDGE_CURVE ( 'NONE', #3258, #4612, #126, .T. ) ;
#527 = CARTESIAN_POINT ( 'NONE',  ( 2.678943260419953454, -2.125198982787244617, 3.100000000000000977 ) ) ;
#528 = EDGE_CURVE ( 'NONE', #9361, #6884, #8597, .T. ) ;
#529 = CARTESIAN_POINT ( 'NONE',  ( 3.819274407329690479, -1.752996568325632110, 3.100000000000000977 ) ) ;
#530 = SURFACE_STYLE_USAGE ( .BOTH. , #9732 ) ;
#531 =( NAMED_UNIT ( * ) PLANE_ANGLE_UNIT ( ) SI_UNIT ( $, .RADIAN. ) );
#532 = DIRECTION ( 'NONE',  ( -1.000000000000000000, 0.0000000000000000000, 0.0000000000000000000 ) ) ;
#533 = DIRECTION ( 'NONE',  ( -1.000000000000000000, 0.0000000000000000000, 0.0000000000000000000 ) ) ;
#534 = CARTESIAN_POINT ( 'NONE',  ( 2.759928226452438960, -4.399559845513985046, 3.100000000000648015 ) ) ;
#535 = DIRECTION ( 'NONE',  ( -0.9326558596006951918, -0.3607673038850504610, 0.0000000000000000000 ) ) ;
#536 = CARTESIAN_POINT ( 'NONE',  ( 3.005662272014303138, 1.325388940841571106, 3.199999999999998401 ) ) ;
#537 =( GEOMETRIC_REPRESENTATION_CONTEXT ( 3 ) GLOBAL_UNCERTAINTY_ASSIGNED_CONTEXT ( ( #3821 ) ) GLOBAL_UNIT_ASSIGNED_CONTEXT ( ( #1217, #5072, #6614 ) ) REPRESENTATION_CONTEXT ( 'NONE', 'WORKASPACE' ) );
#538 = CARTESIAN_POINT ( 'NONE',  ( 2.744970625748234028, -0.5877921551671416722, 3.099999999998592326 ) ) ;
#539 = VERTEX_POINT ( 'NONE', #3265 ) ;
#540 = ADVANCED_FACE ( 'NONE', ( #6394 ), #4144, .T. ) ;
#541 = DIRECTION ( 'NONE',  ( 0.0000000000000000000, -0.0000000000000000000, 1.000000000000000000 ) ) ;
#542 = ORIENTED_EDGE ( 'NONE', *, *, #1200, .F. ) ;
#543 = STYLED_ITEM ( 'NONE', ( #3039 ), #9905 ) ;
#544 = CARTESIAN_POINT ( 'NONE',  ( 8.000000000000000000, -7.500000000000001776, 2.200000000000000178 ) ) ;
#545 = ADVANCED_FACE ( 'NONE', ( #8719 ), #5615, .F. ) ;
#546 = MECHANICAL_DESIGN_GEOMETRIC_PRESENTATION_REPRESENTATION (  '', ( #3608 ), #3118 ) ;
#547 = CARTESIAN_POINT ( 'NONE',  ( 4.415269548251669285, -6.019226716752346995, 3.200000000000000178 ) ) ;
#548 = PRESENTATION_STYLE_ASSIGNMENT (( #5876 ) ) ;
#549 = CARTESIAN_POINT ( 'NONE',  ( 7.500000000000000000, 1.000000000000000888, 2.200000000000000178 ) ) ;
#550 = B_SPLINE_CURVE_WITH_KNOTS ( 'NONE', 3,
 ( #10007, #2288, #5389, #8496, #9866, #2139, #4623, #1436, #3654, #6777, #2887, #1384, #9098, #5239, #8351, #4474, #9917, #621, #3700 ),
 .UNSPECIFIED., .F., .F.,
 ( 4, 1, 1, 1, 1, 1, 1, 1, 1, 1, 1, 1, 1, 1, 1, 1, 4 ),
 ( 0.0000000000000000000, 7.621028931293519855E-05, 0.0001461376118034919962, 0.0002098557648823324141, 0.0002692456482215681529, 0.0003251226147048773404, 0.0003789568708435021903, 0.0004316435510454479877, 0.0004854959987353435176, 0.0005143299126124940401, 0.0005458916853221930463, 0.0005806128796349254361, 0.0006181691241167751360, 0.0006591285856516048303, 0.0007030558365438907553, 0.0007500053148768098333, 0.0008004641788707814393 ),
 .UNSPECIFIED. ) ;
#551 = DIRECTION ( 'NONE',  ( 0.0000000000000000000, 0.0000000000000000000, 1.000000000000000000 ) ) ;
#552 = PLANE ( 'NONE',  #6443 ) ;
#553 = FILL_AREA_STYLE ('',( #648 ) ) ;
#554 = CARTESIAN_POINT ( 'NONE',  ( 2.967487942401702661, -1.711914488080479524, 3.100000000000000089 ) ) ;
#555 = ORIENTED_EDGE ( 'NONE', *, *, #6383, .T. ) ;
#556 = VECTOR ( 'NONE', #6054, 1000.000000000000000 ) ;
#557 = DIRECTION ( 'NONE',  ( 0.0000000000000000000, 1.000000000000000000, -0.0000000000000000000 ) ) ;
#558 = AXIS2_PLACEMENT_3D ( 'NONE', #7887, #2287, #6157 ) ;
#559 = CARTESIAN_POINT ( 'NONE',  ( 3.206465389440453340, -4.131460653579368092, 3.100000000000000977 ) ) ;
#560 = CARTESIAN_POINT ( 'NONE',  ( 3.725644650923897849, 0.6652649810004314102, 3.100000000000000533 ) ) ;
#561 = CARTESIAN_POINT ( 'NONE',  ( 3.080278898498522544, -6.015659607467767955, 3.200000000000000178 ) ) ;
#562 = CARTESIAN_POINT ( 'NONE',  ( 3.043716028331602708, 1.325070198687567480, 3.100000000000528999 ) ) ;
#563 = ORIENTED_EDGE ( 'NONE', *, *, #9342, .F. ) ;
#564 = CARTESIAN_POINT ( 'NONE',  ( -8.000000000000000000, 5.000000000000000000, 2.200000000000000178 ) ) ;
#565 = SURFACE_STYLE_USAGE ( .BOTH. , #6001 ) ;
#566 = ORIENTED_EDGE ( 'NONE', *, *, #6867, .T. ) ;
#567 = AXIS2_PLACEMENT_3D ( 'NONE', #151, #1687, #3895 ) ;
#568 = SURFACE_SIDE_STYLE ('',( #7533 ) ) ;
#569 = FACE_BOUND ( 'NONE', #2470, .T. ) ;
#570 = FACE_OUTER_BOUND ( 'NONE', #5209, .T. ) ;
#571 = CARTESIAN_POINT ( 'NONE',  ( 2.667385998808671665, -2.028456893039705111, 3.200000000000000178 ) ) ;
#572 = CARTESIAN_POINT ( 'NONE',  ( 4.211613461242788681, -0.2665254309350317263, 3.099999999999910383 ) ) ;
#573 = PRESENTATION_LAYER_ASSIGNMENT (  '', '', ( #2818 ) ) ;
#574 = CARTESIAN_POINT ( 'NONE',  ( 4.319861344348815635, 0.2419363814125669032, 3.199999999999997513 ) ) ;
#575 = CARTESIAN_POINT ( 'NONE',  ( 4.613752480181505966, -4.352514539969473795, 3.200000000000009059 ) ) ;
#576 = VERTEX_POINT ( 'NONE', #8209 ) ;
#577 = FACE_OUTER_BOUND ( 'NONE', #1249, .T. ) ;
#578 = AXIS2_PLACEMENT_3D ( 'NONE', #7508, #6746, #541 ) ;
#579 = CARTESIAN_POINT ( 'NONE',  ( -3.781792873543974753, 6.820462724888163741, 2.000000000000000444 ) ) ;
#580 = FILL_AREA_STYLE ('',( #8310 ) ) ;
#581 = CARTESIAN_POINT ( 'NONE',  ( 3.031527665105265612, 0.8465240924424974889, 3.100000000000043610 ) ) ;
#582 = CARTESIAN_POINT ( 'NONE',  ( 3.019173477510786352, -5.818673143561658989, 3.199999999999986855 ) ) ;
#583 = LINE ( 'NONE', #2952, #7616 ) ;
#584 = ORIENTED_EDGE ( 'NONE', *, *, #3620, .F. ) ;
#585 = ADVANCED_FACE ( 'NONE', ( #320 ), #9008, .F. ) ;
#586 = CARTESIAN_POINT ( 'NONE',  ( 3.998236757294653554, -1.436754824234656391, 3.200000000000000622 ) ) ;
#587 = CARTESIAN_POINT ( 'NONE',  ( 2.742741182445372239, 0.5630464777696894130, 3.150000000000000355 ) ) ;
#588 = PRESENTATION_LAYER_ASSIGNMENT (  '', '', ( #9680 ) ) ;
#589 = CARTESIAN_POINT ( 'NONE',  ( 2.746253510383598773, -0.5746587085692872465, 3.100000000000003642 ) ) ;
#590 =( BOUNDED_CURVE ( )  B_SPLINE_CURVE ( 3, ( #4591, #2255, #7702, #8465 ),
 .UNSPECIFIED., .F., .F. ) 
 B_SPLINE_CURVE_WITH_KNOTS ( ( 4, 4 ),
 ( 1.570796326794898778, 3.141592653589793116 ),
 .UNSPECIFIED. ) 
 CURVE ( )  GEOMETRIC_REPRESENTATION_ITEM ( )  RATIONAL_B_SPLINE_CURVE ( ( 1.000000000000000000, 0.8047378541243654926, 0.8047378541243654926, 1.000000000000000000 ) ) 
 REPRESENTATION_ITEM ( '' )  );
#591 = ADVANCED_FACE ( 'NONE', ( #9828 ), #1190, .F. ) ;
#592 = VERTEX_POINT ( 'NONE', #2049 ) ;
#593 = CARTESIAN_POINT ( 'NONE',  ( 4.698403511409839695, -6.516034883319042237, 3.200000000000002842 ) ) ;
#594 = VERTEX_POINT ( 'NONE', #1293 ) ;
#595 = UNCERTAINTY_MEASURE_WITH_UNIT (LENGTH_MEASURE( 1.000000000000000082E-05 ), #6691, 'distance_accuracy_value', 'NONE');
#596 =( LENGTH_UNIT ( ) NAMED_UNIT ( * ) SI_UNIT ( .MILLI., .METRE. ) );
#597 = AXIS2_PLACEMENT_3D ( 'NONE', #5832, #350, #1843 ) ;
#598 = CARTESIAN_POINT ( 'NONE',  ( -4.511792873543972959, 6.820462724888163741, 1.966862915010153312 ) ) ;
#599 = CARTESIAN_POINT ( 'NONE',  ( 4.284493926769738614, -6.282353614813241727, 3.099999999999999645 ) ) ;
#600 = LINE ( 'NONE', #9133, #965 ) ;
#601 = FACE_OUTER_BOUND ( 'NONE', #7876, .T. ) ;
#602 = DIRECTION ( 'NONE',  ( 0.0000000000000000000, 0.0000000000000000000, -1.000000000000000000 ) ) ;
#603 = EDGE_CURVE ( 'NONE', #5540, #3791, #6546, .T. ) ;
#604 = EDGE_CURVE ( 'NONE', #5113, #5942, #2005, .T. ) ;
#605 = ORIENTED_EDGE ( 'NONE', *, *, #1035, .F. ) ;
#606 = CARTESIAN_POINT ( 'NONE',  ( 4.649282160716518675, -5.054517781619319194, 3.200000000000001066 ) ) ;
#607 = SURFACE_STYLE_USAGE ( .BOTH. , #8230 ) ;
#608 = CARTESIAN_POINT ( 'NONE',  ( 2.870700746567605766, -5.162529137737673857, 3.199999999999995293 ) ) ;
#609 = CARTESIAN_POINT ( 'NONE',  ( 2.894343327039917924, -1.756910698751239508, 3.149999999999999911 ) ) ;
#610 = CARTESIAN_POINT ( 'NONE',  ( 3.080882686533308767, -6.494254986431027277, 3.200000000000000178 ) ) ;
#611 = CARTESIAN_POINT ( 'NONE',  ( 3.836060178168390067, -1.406442211541495624, 3.099999999999909051 ) ) ;
#612 = EDGE_LOOP ( 'NONE', ( #8952, #2053, #1892, #2238, #8466, #2332 ) ) ;
#613 = ORIENTED_EDGE ( 'NONE', *, *, #4626, .T. ) ;
#614 = SURFACE_STYLE_FILL_AREA ( #5426 ) ;
#615 = DIRECTION ( 'NONE',  ( -0.0000000000000000000, 1.000000000000000000, 0.0000000000000000000 ) ) ;
#616 = ORIENTED_EDGE ( 'NONE', *, *, #3256, .F. ) ;
#617 = CARTESIAN_POINT ( 'NONE',  ( 4.030159029378941327, -6.356856580864894468, 3.100000000000555644 ) ) ;
#618 = CARTESIAN_POINT ( 'NONE',  ( 4.401127661500168209, -4.200531107630911976, 3.200000000000000622 ) ) ;
#619 = STYLED_ITEM ( 'NONE', ( #9529 ), #469 ) ;
#620 = CARTESIAN_POINT ( 'NONE',  ( 1.542484643350841456, 4.059528275238469597, 3.100000000000000977 ) ) ;
#621 = CARTESIAN_POINT ( 'NONE',  ( 3.723740333789118839, 0.7454131522944275057, 3.199999999999996181 ) ) ;
#622 = VERTEX_POINT ( 'NONE', #5097 ) ;
#623 = CARTESIAN_POINT ( 'NONE',  ( 8.000000000000000000, -3.000000000000000000, 1.000000000000000000 ) ) ;
#624 = CARTESIAN_POINT ( 'NONE',  ( 4.538944093158395532, -4.284014301085250942, 3.200000000000009504 ) ) ;
#625 = SURFACE_STYLE_FILL_AREA ( #2944 ) ;
#626 = EDGE_LOOP ( 'NONE', ( #5631, #8500, #660, #5259 ) ) ;
#627 = CARTESIAN_POINT ( 'NONE',  ( 3.232715654409285211, -1.476768620668746923, 3.100000000000000977 ) ) ;
#628 = CYLINDRICAL_SURFACE ( 'NONE', #2805, 0.1999999999999996503 ) ;
#629 = AXIS2_PLACEMENT_3D ( 'NONE', #2848, #1242, #5914 ) ;
#630 = CARTESIAN_POINT ( 'NONE',  ( 8.000000000000000000, 3.500000000000000000, 0.0000000000000000000 ) ) ;
#631 = CARTESIAN_POINT ( 'NONE',  ( 4.211613461242788681, -0.2665254309350317263, 3.199999999999998401 ) ) ;
#632 = ORIENTED_EDGE ( 'NONE', *, *, #6928, .F. ) ;
#633 = CARTESIAN_POINT ( 'NONE',  ( 2.743110605155801629, 0.5846042711918004731, 3.200000000000005507 ) ) ;
#634 = CARTESIAN_POINT ( 'NONE',  ( 2.689234543176708847, -0.5877921551671415612, 3.200000000000000178 ) ) ;
#635 = CARTESIAN_POINT ( 'NONE',  ( 8.000000000000000000, -8.500000000000000000, 1.000000000000000000 ) ) ;
#636 = ORIENTED_EDGE ( 'NONE', *, *, #145, .T. ) ;
#637 =( GEOMETRIC_REPRESENTATION_CONTEXT ( 3 ) GLOBAL_UNCERTAINTY_ASSIGNED_CONTEXT ( ( #5974 ) ) GLOBAL_UNIT_ASSIGNED_CONTEXT ( ( #737, #7612, #6237 ) ) REPRESENTATION_CONTEXT ( 'NONE', 'WORKASPACE' ) );
#638 = CARTESIAN_POINT ( 'NONE',  ( 4.613020129481814280, -6.630864078198867695, 3.200000000000002842 ) ) ;
#639 = ORIENTED_EDGE ( 'NONE', *, *, #1477, .F. ) ;
#640 = EDGE_CURVE ( 'NONE', #91, #8045, #7641, .T. ) ;
#641 = FILL_AREA_STYLE ('',( #3015 ) ) ;
#642 = DIRECTION ( 'NONE',  ( -1.334402673828313093E-16, 1.000000000000000000, -0.0000000000000000000 ) ) ;
#643 = CARTESIAN_POINT ( 'NONE',  ( 2.970880449133929790, 0.8453836509070262739, 3.199999999999998845 ) ) ;
#644 = CARTESIAN_POINT ( 'NONE',  ( 3.710319575887031540, -4.918900028149859160, 3.100000000000298073 ) ) ;
#645 = FILL_AREA_STYLE_COLOUR ( '', #3703 ) ;
#646 = DIRECTION ( 'NONE',  ( 0.0000000000000000000, 0.0000000000000000000, 1.000000000000000000 ) ) ;
#647 = CARTESIAN_POINT ( 'NONE',  ( -5.011792873543975624, 6.820462724888162853, 1.920000000000000373 ) ) ;
#648 = FILL_AREA_STYLE_COLOUR ( '', #7636 ) ;
#649 = CARTESIAN_POINT ( 'NONE',  ( -2.000000000000000888, 5.000000000000000000, 3.200000000000000178 ) ) ;
#650 = VERTEX_POINT ( 'NONE', #9970 ) ;
#651 = EDGE_CURVE ( 'NONE', #4465, #8226, #5442, .T. ) ;
#652 =( NAMED_UNIT ( * ) PLANE_ANGLE_UNIT ( ) SI_UNIT ( $, .RADIAN. ) );
#653 = CARTESIAN_POINT ( 'NONE',  ( 3.877406576746938338, -1.375226907368099605, 3.199999999999996625 ) ) ;
#654 = EDGE_CURVE ( 'NONE', #912, #11, #8453, .T. ) ;
#655 = CARTESIAN_POINT ( 'NONE',  ( 3.720954893552167686, -1.463217349764672992, 3.200000000000003286 ) ) ;
#656 = CARTESIAN_POINT ( 'NONE',  ( 4.617257111490873811, -4.839085957907439450, 3.199999999999999734 ) ) ;
#657 = CARTESIAN_POINT ( 'NONE',  ( 3.063335129396779877, -4.914441141544138247, 3.100000000000412204 ) ) ;
#658 = CARTESIAN_POINT ( 'NONE',  ( 3.084715785782439657, -6.589373463463131131, 3.200000000000001510 ) ) ;
#659 = CARTESIAN_POINT ( 'NONE',  ( -7.000000000000000888, 4.999999999999999112, 3.000000000000000000 ) ) ;
#660 = ORIENTED_EDGE ( 'NONE', *, *, #9542, .T. ) ;
#661 = VECTOR ( 'NONE', #3920, 1000.000000000000114 ) ;
#662 =( NAMED_UNIT ( * ) SI_UNIT ( $, .STERADIAN. ) SOLID_ANGLE_UNIT ( ) );
#663 = FILL_AREA_STYLE ('',( #8345 ) ) ;
#664 = ORIENTED_EDGE ( 'NONE', *, *, #5559, .F. ) ;
#665 = CARTESIAN_POINT ( 'NONE',  ( 3.371812999725637194, -6.089689253699900107, 3.100000000000556089 ) ) ;
#666 =( NAMED_UNIT ( * ) SI_UNIT ( $, .STERADIAN. ) SOLID_ANGLE_UNIT ( ) );
#667 = EDGE_CURVE ( 'NONE', #8014, #4672, #9922, .T. ) ;
#668 = CARTESIAN_POINT ( 'NONE',  ( 3.724142124364770101, -1.042597064514585892, 3.099999999999976108 ) ) ;
#669 = DIRECTION ( 'NONE',  ( 0.0000000000000000000, 0.0000000000000000000, -1.000000000000000000 ) ) ;
#670 = VERTEX_POINT ( 'NONE', #7591 ) ;
#671 = CARTESIAN_POINT ( 'NONE',  ( 2.506206775549459032, 4.851300258385033537, 3.100000000000000977 ) ) ;
#672 = CARTESIAN_POINT ( 'NONE',  ( 1.537821031517181192, 6.677526461116456424, 3.100000000000000977 ) ) ;
#673 = FILL_AREA_STYLE_COLOUR ( '', #7444 ) ;
#674 = AXIS2_PLACEMENT_3D ( 'NONE', #9202, #10004, #4517 ) ;
#675 = VERTEX_POINT ( 'NONE', #3759 ) ;
#676 = B_SPLINE_CURVE_WITH_KNOTS ( 'NONE', 3,
 ( #7253, #2560, #5665, #276, #5714, #8824, #319 ),
 .UNSPECIFIED., .F., .F.,
 ( 4, 1, 1, 1, 4 ),
 ( 0.0000000000000000000, 0.0001400232438157975458, 0.0002829440039495915559, 0.0004286351707703033530, 0.0005789324147469537872 ),
 .UNSPECIFIED. ) ;
#677 = CARTESIAN_POINT ( 'NONE',  ( 2.667385998808671665, -2.028456893039705111, 3.200000000000000178 ) ) ;
#678 = PLANE ( 'NONE',  #9145 ) ;
#679 = VECTOR ( 'NONE', #5822, 1000.000000000000114 ) ;
#680 = CARTESIAN_POINT ( 'NONE',  ( -8.000000000000000000, -7.500000000000001776, 1.000000000000000000 ) ) ;
#681 =( GEOMETRIC_REPRESENTATION_CONTEXT ( 3 ) GLOBAL_UNCERTAINTY_ASSIGNED_CONTEXT ( ( #373 ) ) GLOBAL_UNIT_ASSIGNED_CONTEXT ( ( #5105, #4249, #3517 ) ) REPRESENTATION_CONTEXT ( 'NONE', 'WORKASPACE' ) );
#682 = SURFACE_SIDE_STYLE ('',( #1499 ) ) ;
#683 = ORIENTED_EDGE ( 'NONE', *, *, #4069, .T. ) ;
#684 = DIRECTION ( 'NONE',  ( 0.0000000000000000000, 0.0000000000000000000, 1.000000000000000000 ) ) ;
#685 = CARTESIAN_POINT ( 'NONE',  ( 2.910317999653890375, 1.329547146508424538, 3.199999999999996181 ) ) ;
#686 = CARTESIAN_POINT ( 'NONE',  ( 4.617257111490873811, 0.8497528865176094959, 3.200000000000000178 ) ) ;
#687 = ORIENTED_EDGE ( 'NONE', *, *, #1401, .F. ) ;
#688 = AXIS2_PLACEMENT_3D ( 'NONE', #2244, #6119, #7751 ) ;
#689 = PRESENTATION_LAYER_ASSIGNMENT (  '', '', ( #1486 ) ) ;
#690 = CARTESIAN_POINT ( 'NONE',  ( 4.730257603228452012, -6.450586882139324629, 3.200000000000002398 ) ) ;
#691 = VERTEX_POINT ( 'NONE', #6066 ) ;
#692 = CARTESIAN_POINT ( 'NONE',  ( 4.389789464466153035, -6.150213193438404780, 3.200000000000000178 ) ) ;
#693 = CARTESIAN_POINT ( 'NONE',  ( 2.718217306113901888, -5.571108612877292643, 3.199999999999999734 ) ) ;
#694 = SURFACE_STYLE_FILL_AREA ( #3679 ) ;
#695 = DIRECTION ( 'NONE',  ( 0.9999989737374276322, 0.001432663286156705355, 0.0000000000000000000 ) ) ;
#696 = SURFACE_SIDE_STYLE ('',( #3780 ) ) ;
#697 = CARTESIAN_POINT ( 'NONE',  ( 2.876369388193840138, -1.760061888068835234, 3.099999999999971223 ) ) ;
#698 = ORIENTED_EDGE ( 'NONE', *, *, #716, .F. ) ;
#699 = PRESENTATION_LAYER_ASSIGNMENT (  '', '', ( #8340 ) ) ;
#700 = CARTESIAN_POINT ( 'NONE',  ( 2.644645677119489946, -4.725384349461528188, 3.199999999999998845 ) ) ;
#701 = CARTESIAN_POINT ( 'NONE',  ( 3.322049718994255940, -4.101235326237952172, 3.100000000000001421 ) ) ;
#702 = CARTESIAN_POINT ( 'NONE',  ( 4.715744222176136091, -5.981412035498235191, 3.100000000000000977 ) ) ;
#703 = CARTESIAN_POINT ( 'NONE',  ( 3.088340713138428839, -6.635395549253498615, 3.200000000000001954 ) ) ;
#704 = CARTESIAN_POINT ( 'NONE',  ( 4.617257111490872923, 0.8497528865176094959, 3.200000000000044587 ) ) ;
#705 = CARTESIAN_POINT ( 'NONE',  ( 2.755878142369893258, -1.573227135389299702, 3.200000000000000622 ) ) ;
#706 = EDGE_LOOP ( 'NONE', ( #3526, #4339, #7674, #6357 ) ) ;
#707 = EDGE_LOOP ( 'NONE', ( #8080, #1044, #6677, #5129, #6995, #8115 ) ) ;
#708 = DIRECTION ( 'NONE',  ( -1.000000000000000000, -1.239088197126290817E-16, -0.0000000000000000000 ) ) ;
#709 = CARTESIAN_POINT ( 'NONE',  ( 8.000000000000000000, -8.500000000000000000, 1.000000000000000000 ) ) ;
#710 = ORIENTED_EDGE ( 'NONE', *, *, #1714, .T. ) ;
#711 = EDGE_CURVE ( 'NONE', #3808, #5893, #6114, .T. ) ;
#712 = CARTESIAN_POINT ( 'NONE',  ( 3.163857735794871395, -6.767607322444242790, 3.099999999999856648 ) ) ;
#713 = CARTESIAN_POINT ( 'NONE',  ( 7.500000000000000000, -1.000000000000000000, 0.0000000000000000000 ) ) ;
#714 = CARTESIAN_POINT ( 'NONE',  ( 4.269683987908219791, -4.150686707509216866, 3.100000000000000977 ) ) ;
#715 = DIRECTION ( 'NONE',  ( 0.0000000000000000000, 0.0000000000000000000, 1.000000000000000000 ) ) ;
#716 = EDGE_CURVE ( 'NONE', #5035, #6330, #10012, .T. ) ;
#717 = VERTEX_POINT ( 'NONE', #6981 ) ;
#718 = CARTESIAN_POINT ( 'NONE',  ( 4.237109568884187105, -5.691792709295645736, 3.100000000000000977 ) ) ;
#719 = VECTOR ( 'NONE', #9297, 1000.000000000000000 ) ;
#720 = ADVANCED_FACE ( 'NONE', ( #3906 ), #9256, .F. ) ;
#721 = ORIENTED_EDGE ( 'NONE', *, *, #3917, .F. ) ;
#722 = EDGE_CURVE ( 'NONE', #2402, #8899, #9162, .T. ) ;
#723 = CARTESIAN_POINT ( 'NONE',  ( -5.661792873543975091, 6.820462724888164630, 1.966862915010151980 ) ) ;
#724 = DIRECTION ( 'NONE',  ( 1.334402673828313093E-16, -1.000000000000000000, 0.0000000000000000000 ) ) ;
#725 = CARTESIAN_POINT ( 'NONE',  ( -3.741792873543973386, 8.860462724888165553, 2.000000000000000444 ) ) ;
#726 = ORIENTED_EDGE ( 'NONE', *, *, #9969, .T. ) ;
#727 = CARTESIAN_POINT ( 'NONE',  ( 3.006553540251431400, 0.8463187007046077959, 3.200000000000006395 ) ) ;
#728 = CARTESIAN_POINT ( 'NONE',  ( 2.886289832522088261, 1.332913236874951890, 3.100000000000001421 ) ) ;
#729 = DIRECTION ( 'NONE',  ( -0.001995008498690428733, 0.9999980099685649160, 0.0000000000000000000 ) ) ;
#730 = ORIENTED_EDGE ( 'NONE', *, *, #9964, .T. ) ;
#731 = VECTOR ( 'NONE', #3945, 1000.000000000000000 ) ;
#732 = CARTESIAN_POINT ( 'NONE',  ( 3.576107089054801680, -1.756018921430095192, 3.100000000000000977 ) ) ;
#733 = ORIENTED_EDGE ( 'NONE', *, *, #1438, .T. ) ;
#734 = CARTESIAN_POINT ( 'NONE',  ( 4.630544313727260608, -5.849875148071030040, 3.199999999999998845 ) ) ;
#735 = B_SPLINE_CURVE_WITH_KNOTS ( 'NONE', 3,
 ( #9867, #4424, #6830, #5951, #5290, #3655, #7477, #5900, #5132, #6059, #7537 ),
 .UNSPECIFIED., .F., .F.,
 ( 4, 1, 1, 1, 1, 1, 1, 1, 4 ),
 ( 0.0000000000000000000, 1.888417743850400501E-05, 4.287761862344979184E-05, 7.157004952756940413E-05, 0.0001055223060894159496, 0.0001443168176553585326, 0.0001879491285570467616, 0.0002368915144162421667, 0.0002911659228627514633 ),
 .UNSPECIFIED. ) ;
#736 = LINE ( 'NONE', #4691, #2832 ) ;
#737 =( LENGTH_UNIT ( ) NAMED_UNIT ( * ) SI_UNIT ( .MILLI., .METRE. ) );
#738 = FACE_BOUND ( 'NONE', #9850, .T. ) ;
#739 = LINE ( 'NONE', #6953, #1569 ) ;
#740 = FACE_OUTER_BOUND ( 'NONE', #3144, .T. ) ;
#741 = DIRECTION ( 'NONE',  ( 0.0000000000000000000, 1.000000000000000000, -0.0000000000000000000 ) ) ;
#742 = VERTEX_POINT ( 'NONE', #4674 ) ;
#743 =( GEOMETRIC_REPRESENTATION_CONTEXT ( 3 ) GLOBAL_UNCERTAINTY_ASSIGNED_CONTEXT ( ( #2583 ) ) GLOBAL_UNIT_ASSIGNED_CONTEXT ( ( #4913, #440, #8379 ) ) REPRESENTATION_CONTEXT ( 'NONE', 'WORKASPACE' ) );
#744 = SURFACE_STYLE_FILL_AREA ( #4696 ) ;
#745 = FACE_OUTER_BOUND ( 'NONE', #6978, .T. ) ;
#746 = CARTESIAN_POINT ( 'NONE',  ( 3.681336812949838944, -4.065915020475253883, 3.200000000000000178 ) ) ;
#747 = CARTESIAN_POINT ( 'NONE',  ( 3.763289257887433514, -4.066544413453968332, 3.200000000000004619 ) ) ;
#748 = PLANE ( 'NONE',  #8586 ) ;
#749 = CARTESIAN_POINT ( 'NONE',  ( 4.542394096046887597, -4.877443396473883475, 3.200000000000000622 ) ) ;
#750 = DIRECTION ( 'NONE',  ( 0.1892602969620077180, 0.9819269524734783872, -0.0000000000000000000 ) ) ;
#751 = ORIENTED_EDGE ( 'NONE', *, *, #5, .F. ) ;
#752 = ORIENTED_EDGE ( 'NONE', *, *, #5559, .T. ) ;
#753 = CARTESIAN_POINT ( 'NONE',  ( 8.000000000000000000, -6.499999999999999112, 1.000000000000000000 ) ) ;
#754 = CARTESIAN_POINT ( 'NONE',  ( 8.000000000000000000, 7.000000000000000000, 1.000000000000000000 ) ) ;
#755 = ORIENTED_EDGE ( 'NONE', *, *, #5359, .T. ) ;
#756 = CARTESIAN_POINT ( 'NONE',  ( 2.874911797683334491, -2.282821609445827349, 3.100000000000000977 ) ) ;
#757 = DIRECTION ( 'NONE',  ( -1.000000000000000000, 0.0000000000000000000, 0.0000000000000000000 ) ) ;
#758 = EDGE_CURVE ( 'NONE', #3391, #3287, #4629, .T. ) ;
#759 = LINE ( 'NONE', #864, #1699 ) ;
#760 = CARTESIAN_POINT ( 'NONE',  ( -8.000000000000000000, 7.500000000000000888, 0.0000000000000000000 ) ) ;
#761 = EDGE_CURVE ( 'NONE', #576, #1883, #8402, .T. ) ;
#762 = CARTESIAN_POINT ( 'NONE',  ( 2.894343327039917924, -1.756910698751239508, 3.200000000000000622 ) ) ;
#763 = CARTESIAN_POINT ( 'NONE',  ( -2.000000000000000888, 5.000000000000000888, 3.000000000000000000 ) ) ;
#764 = ORIENTED_EDGE ( 'NONE', *, *, #8810, .F. ) ;
#765 = CARTESIAN_POINT ( 'NONE',  ( 4.325349722285825926, -4.912682234298024753, 3.199999999999994404 ) ) ;
#766 = DIRECTION ( 'NONE',  ( -0.0000000000000000000, -0.0000000000000000000, -1.000000000000000000 ) ) ;
#767 = VERTEX_POINT ( 'NONE', #51 ) ;
#768 = COLOUR_RGB ( '',1.000000000000000000, 1.000000000000000000, 0.0000000000000000000 ) ;
#769 = ADVANCED_FACE ( 'NONE', ( #3706 ), #6014, .T. ) ;
#770 = SURFACE_STYLE_FILL_AREA ( #2295 ) ;
#771 = CARTESIAN_POINT ( 'NONE',  ( 2.946937800718218092, -4.550761772151757256, 3.200000000000000178 ) ) ;
#772 = FILL_AREA_STYLE_COLOUR ( '', #6540 ) ;
#773 = EDGE_CURVE ( 'NONE', #8532, #4121, #9402, .T. ) ;
#774 = CARTESIAN_POINT ( 'NONE',  ( 3.977406883569775786, -1.403320990917490185, 3.150000000000000355 ) ) ;
#775 = EDGE_CURVE ( 'NONE', #783, #9667, #9873, .T. ) ;
#776 = ORIENTED_EDGE ( 'NONE', *, *, #1773, .F. ) ;
#777 = AXIS2_PLACEMENT_3D ( 'NONE', #6272, #1801, #8047 ) ;
#778 = DIRECTION ( 'NONE',  ( 0.9999982098935602526, 0.001892144200366152607, 0.0000000000000000000 ) ) ;
#779 =( NAMED_UNIT ( * ) SI_UNIT ( $, .STERADIAN. ) SOLID_ANGLE_UNIT ( ) );
#780 = CARTESIAN_POINT ( 'NONE',  ( 4.171994041666753361, 5.159564388466884033, 3.200000000000000178 ) ) ;
#781 = ORIENTED_EDGE ( 'NONE', *, *, #8243, .F. ) ;
#782 = CARTESIAN_POINT ( 'NONE',  ( 4.655066806004994895, -4.789396806494265135, 3.200000000000002842 ) ) ;
#783 = VERTEX_POINT ( 'NONE', #9563 ) ;
#784 = UNCERTAINTY_MEASURE_WITH_UNIT (LENGTH_MEASURE( 1.000000000000000082E-05 ), #7808, 'distance_accuracy_value', 'NONE');
#785 = CARTESIAN_POINT ( 'NONE',  ( 4.020897078162299465, -1.548641554280916433, 3.200000000000003286 ) ) ;
#786 = PRESENTATION_LAYER_ASSIGNMENT (  '', '', ( #5814 ) ) ;
#787 = CARTESIAN_POINT ( 'NONE',  ( -8.000000000000000000, 3.500000000000000444, 1.000000000000000000 ) ) ;
#788 = CARTESIAN_POINT ( 'NONE',  ( 2.870700746567605766, -5.162529137737673857, 3.100000000000093792 ) ) ;
#789 = FACE_OUTER_BOUND ( 'NONE', #3173, .T. ) ;
#790 = DIRECTION ( 'NONE',  ( -0.0000000000000000000, -0.0000000000000000000, -1.000000000000000000 ) ) ;
#791 =( NAMED_UNIT ( * ) PLANE_ANGLE_UNIT ( ) SI_UNIT ( $, .RADIAN. ) );
#792 = CARTESIAN_POINT ( 'NONE',  ( 3.371812999725637194, -6.089689253699900995, 3.200000000000000178 ) ) ;
#793 = AXIS2_PLACEMENT_3D ( 'NONE', #1565, #2362, #8567 ) ;
#794 = ORIENTED_EDGE ( 'NONE', *, *, #6633, .T. ) ;
#795 = CARTESIAN_POINT ( 'NONE',  ( 4.188317976684174937, 0.0000000000000000000, 3.200000000000000178 ) ) ;
#796 = CARTESIAN_POINT ( 'NONE',  ( 0.0000000000000000000, 0.0000000000000000000, 3.200000000000000178 ) ) ;
#797 = CARTESIAN_POINT ( 'NONE',  ( 4.269683987908219791, -4.150686707509216866, 3.200000000000003730 ) ) ;
#798 = CARTESIAN_POINT ( 'NONE',  ( 3.261558127671020380, -6.823111745095161496, 3.100000000000000977 ) ) ;
#799 = CARTESIAN_POINT ( 'NONE',  ( 4.323416484173798757, -5.280961620534480261, 3.150000000000000355 ) ) ;
#800 = CARTESIAN_POINT ( 'NONE',  ( 2.666494221487527128, -1.295415935059019752, 3.200000000000000622 ) ) ;
#801 = ORIENTED_EDGE ( 'NONE', *, *, #7192, .F. ) ;
#802 = ORIENTED_EDGE ( 'NONE', *, *, #8530, .F. ) ;
#803 = CARTESIAN_POINT ( 'NONE',  ( 3.111296665739109901, -5.289188352527475878, 3.100000000000000977 ) ) ;
#804 = CARTESIAN_POINT ( 'NONE',  ( 3.977406883569775786, -1.403320990917490185, 3.200000000000000178 ) ) ;
#805 = EDGE_LOOP ( 'NONE', ( #9257, #8703, #4259, #3818 ) ) ;
#806 = LINE ( 'NONE', #5433, #887 ) ;
#807 = LINE ( 'NONE', #8642, #3137 ) ;
#808 = CARTESIAN_POINT ( 'NONE',  ( 3.533301777639870966, -1.265541394800682395, 3.100000000000000977 ) ) ;
#809 = CARTESIAN_POINT ( 'NONE',  ( 3.975230001505949406, -1.694719956753911960, 3.200000000000001954 ) ) ;
#810 = STYLED_ITEM ( 'NONE', ( #9025 ), #2637 ) ;
#811 = DIRECTION ( 'NONE',  ( -0.0000000000000000000, -0.0000000000000000000, -1.000000000000000000 ) ) ;
#812 = DIRECTION ( 'NONE',  ( -1.000000000000000000, 0.0000000000000000000, 0.0000000000000000000 ) ) ;
#813 = DIRECTION ( 'NONE',  ( -0.0000000000000000000, -0.0000000000000000000, 1.000000000000000000 ) ) ;
#814 = ORIENTED_EDGE ( 'NONE', *, *, #5362, .F. ) ;
#815 = CARTESIAN_POINT ( 'NONE',  ( 4.559671063076489617, -6.677882090766011025, 3.100000000000000089 ) ) ;
#816 = SURFACE_SIDE_STYLE ('',( #625 ) ) ;
#817 = ORIENTED_EDGE ( 'NONE', *, *, #5797, .T. ) ;
#818 = AXIS2_PLACEMENT_3D ( 'NONE', #3817, #9220, #10023 ) ;
#819 = LINE ( 'NONE', #3909, #879 ) ;
#820 = CARTESIAN_POINT ( 'NONE',  ( 3.182201011159529358, -5.310991791576004317, 3.099999999999520028 ) ) ;
#821 = FACE_OUTER_BOUND ( 'NONE', #1443, .T. ) ;
#822 = CARTESIAN_POINT ( 'NONE',  ( 4.368005350231017658, 1.327745530651000649, 3.200000000000000178 ) ) ;
#823 = VECTOR ( 'NONE', #7068, 1000.000000000000000 ) ;
#824 = VECTOR ( 'NONE', #3003, 1000.000000000000000 ) ;
#825 = SURFACE_STYLE_USAGE ( .BOTH. , #6023 ) ;
#826 = LINE ( 'NONE', #3255, #4897 ) ;
#827 = EDGE_CURVE ( 'NONE', #8430, #6747, #9512, .T. ) ;
#828 = DIRECTION ( 'NONE',  ( 0.9999980099685649160, 0.001995008498690428733, -0.0000000000000000000 ) ) ;
#829 = ORIENTED_EDGE ( 'NONE', *, *, #7184, .T. ) ;
#830 = ORIENTED_EDGE ( 'NONE', *, *, #5303, .F. ) ;
#831 = EDGE_CURVE ( 'NONE', #3998, #6479, #5493, .T. ) ;
#832 = AXIS2_PLACEMENT_3D ( 'NONE', #8762, #5801, #1040 ) ;
#833 = CARTESIAN_POINT ( 'NONE',  ( 3.965518451264765432, -2.099051127975203102, 3.200000000000000178 ) ) ;
#834 = VECTOR ( 'NONE', #2534, 1000.000000000000000 ) ;
#835 = CARTESIAN_POINT ( 'NONE',  ( 4.769305144745993097, -6.232807385166426073, 3.099999999999539568 ) ) ;
#836 = CARTESIAN_POINT ( 'NONE',  ( -8.000000000000000000, 0.0000000000000000000, 0.0000000000000000000 ) ) ;
#837 = DIRECTION ( 'NONE',  ( 0.9305304190063027336, -0.3662146082612686704, 0.0000000000000000000 ) ) ;
#838 = CARTESIAN_POINT ( 'NONE',  ( 4.019644505627312014, -1.518621152869605195, 3.100000000000608491 ) ) ;
#839 = CARTESIAN_POINT ( 'NONE',  ( 1.542591163728719961, 4.142466198028849078, 3.100000000000000977 ) ) ;
#840 = CARTESIAN_POINT ( 'NONE',  ( 3.539013652002987786, -6.203259498997477195, 3.099999999999999645 ) ) ;
#841 = CARTESIAN_POINT ( 'NONE',  ( 4.192932766040123660, -6.332726066967729217, 3.100000000000821654 ) ) ;
#842 = CIRCLE ( 'NONE', #688, 0.08000000000000020983 ) ;
#843 = EDGE_CURVE ( 'NONE', #3760, #7697, #8649, .T. ) ;
#844 = FACE_OUTER_BOUND ( 'NONE', #307, .T. ) ;
#845 = AXIS2_PLACEMENT_3D ( 'NONE', #8726, #1770, #7451 ) ;
#846 = VERTEX_POINT ( 'NONE', #9458 ) ;
#847 = LINE ( 'NONE', #10041, #3098 ) ;
#848 = CARTESIAN_POINT ( 'NONE',  ( 4.135697358072903285, -1.685568513059688689, 3.199999999999999734 ) ) ;
#849 = AXIS2_PLACEMENT_3D ( 'NONE', #2152, #7597, #9167 ) ;
#850 = FACE_OUTER_BOUND ( 'NONE', #9415, .T. ) ;
#851 = CARTESIAN_POINT ( 'NONE',  ( 4.739841372398581498, -4.893918897895198405, 3.099999999999854872 ) ) ;
#852 = LINE ( 'NONE', #8384, #731 ) ;
#853 = DIRECTION ( 'NONE',  ( -0.9329360283287814193, 0.3600421739826030754, 0.0000000000000000000 ) ) ;
#854 = FILL_AREA_STYLE ('',( #3079 ) ) ;
#855 = VERTEX_POINT ( 'NONE', #2592 ) ;
#856 = CARTESIAN_POINT ( 'NONE',  ( 3.919979018374712076, -1.364446945643603692, 3.199999999999999734 ) ) ;
#857 = ORIENTED_EDGE ( 'NONE', *, *, #7012, .F. ) ;
#858 = CIRCLE ( 'NONE', #4261, 0.5000000000000004441 ) ;
#859 = PLANE ( 'NONE',  #2883 ) ;
#860 = CARTESIAN_POINT ( 'NONE',  ( 2.764945001116338563, -4.795643016573489348, 3.100000000000000533 ) ) ;
#861 = ORIENTED_EDGE ( 'NONE', *, *, #2129, .T. ) ;
#862 = CARTESIAN_POINT ( 'NONE',  ( 2.862869378016088984, -2.262531979561058115, 3.200000000000000622 ) ) ;
#863 = DIRECTION ( 'NONE',  ( -0.001707210486922862945, 0.9999985427151147910, 0.0000000000000000000 ) ) ;
#864 = CARTESIAN_POINT ( 'NONE',  ( 3.858354611196999517, -6.677804268417474987, 3.150000000000000355 ) ) ;
#865 = FILL_AREA_STYLE ('',( #4112 ) ) ;
#866 = AXIS2_PLACEMENT_3D ( 'NONE', #5321, #9951, #3075 ) ;
#867 = CARTESIAN_POINT ( 'NONE',  ( 4.004789300501763627, -1.648132082281436483, 3.200000000000001510 ) ) ;
#868 =( NAMED_UNIT ( * ) PLANE_ANGLE_UNIT ( ) SI_UNIT ( $, .RADIAN. ) );
#869 = SURFACE_STYLE_FILL_AREA ( #8042 ) ;
#870 = CARTESIAN_POINT ( 'NONE',  ( 4.131523950861843986, -1.779702414741218819, 3.100000000000677325 ) ) ;
#871 = ORIENTED_EDGE ( 'NONE', *, *, #4052, .F. ) ;
#872 = LINE ( 'NONE', #1800, #4369 ) ;
#873 = CARTESIAN_POINT ( 'NONE',  ( 4.111806949023088187, -0.2666728264450736186, 3.100000000000000533 ) ) ;
#874 = ORIENTED_EDGE ( 'NONE', *, *, #2506, .F. ) ;
#875 = CARTESIAN_POINT ( 'NONE',  ( 0.0000000000000000000, 0.0000000000000000000, 1.000000000000000000 ) ) ;
#876 = CARTESIAN_POINT ( 'NONE',  ( 3.533301777639870966, -1.265541394800682395, 3.099999999999960121 ) ) ;
#877 = CARTESIAN_POINT ( 'NONE',  ( 2.842108460396559177, -1.766068510802465186, 3.100000000000000977 ) ) ;
#878 = SURFACE_STYLE_USAGE ( .BOTH. , #5655 ) ;
#879 = VECTOR ( 'NONE', #9404, 1000.000000000000000 ) ;
#880 = VERTEX_POINT ( 'NONE', #7282 ) ;
#881 = SURFACE_STYLE_USAGE ( .BOTH. , #4940 ) ;
#882 = FILL_AREA_STYLE ('',( #2051 ) ) ;
#883 = CARTESIAN_POINT ( 'NONE',  ( 4.270735289783251787, 0.2337890309164248892, 3.200000000000000178 ) ) ;
#884 = ORIENTED_EDGE ( 'NONE', *, *, #9031, .T. ) ;
#885 = CARTESIAN_POINT ( 'NONE',  ( 1.537821031517181192, 6.677526461116456424, 3.100000000000000977 ) ) ;
#886 = EDGE_LOOP ( 'NONE', ( #8505, #9811, #270, #5826 ) ) ;
#887 = VECTOR ( 'NONE', #9249, 1000.000000000000000 ) ;
#888 = UNCERTAINTY_MEASURE_WITH_UNIT (LENGTH_MEASURE( 1.000000000000000082E-05 ), #2026, 'distance_accuracy_value', 'NONE');
#889 = CARTESIAN_POINT ( 'NONE',  ( 2.802490262962046508, -4.842653067192014937, 3.100000000000125322 ) ) ;
#890 = CARTESIAN_POINT ( 'NONE',  ( 4.613020129481815168, -6.630864078198867695, 3.100000000000238565 ) ) ;
#891 = EDGE_CURVE ( 'NONE', #7379, #1640, #6797, .T. ) ;
#892 = CARTESIAN_POINT ( 'NONE',  ( 4.335009589348675085, -4.912211698241279123, 3.100000000000049383 ) ) ;
#893 = DIRECTION ( 'NONE',  ( -1.000000000000000000, 0.0000000000000000000, 0.0000000000000000000 ) ) ;
#894 = CARTESIAN_POINT ( 'NONE',  ( 8.000000000000000000, -7.000000000000000000, 1.000000000000000000 ) ) ;
#895 = CARTESIAN_POINT ( 'NONE',  ( 2.754713025317848007, -4.718805770006515132, 3.200000000000000178 ) ) ;
#896 = CARTESIAN_POINT ( 'NONE',  ( 4.048303180600754558, -6.357210321466068237, 3.199999999999999734 ) ) ;
#897 = COLOUR_RGB ( '',1.000000000000000000, 1.000000000000000000, 0.0000000000000000000 ) ;
#898 = CARTESIAN_POINT ( 'NONE',  ( -8.000000000000000000, 0.0000000000000000000, 0.0000000000000000000 ) ) ;
#899 = ORIENTED_EDGE ( 'NONE', *, *, #3857, .F. ) ;
#900 = VECTOR ( 'NONE', #4862, 1000.000000000000000 ) ;
#901 = EDGE_CURVE ( 'NONE', #1106, #5524, #8598, .T. ) ;
#902 = CARTESIAN_POINT ( 'NONE',  ( 2.795801933053463806, -0.4451077837840397566, 3.099999999997471889 ) ) ;
#903 = FILL_AREA_STYLE ('',( #952 ) ) ;
#904 = EDGE_CURVE ( 'NONE', #3624, #5699, #2874, .T. ) ;
#905 = CARTESIAN_POINT ( 'NONE',  ( 3.091526940982243676, -6.652903056985038255, 3.200000000000001066 ) ) ;
#906 = EDGE_CURVE ( 'NONE', #7917, #4364, #4799, .T. ) ;
#907 =( NAMED_UNIT ( * ) SI_UNIT ( $, .STERADIAN. ) SOLID_ANGLE_UNIT ( ) );
#908 = EDGE_LOOP ( 'NONE', ( #7796, #8236, #3175, #6354 ) ) ;
#909 = CARTESIAN_POINT ( 'NONE',  ( 3.914110862385413281, -0.2057282338499986374, 3.200000000000001510 ) ) ;
#910 = CIRCLE ( 'NONE', #421, 0.08000000000000020983 ) ;
#911 = COLOUR_RGB ( '',0.2509803921568627416, 0.2509803921568627416, 0.2509803921568627416 ) ;
#912 = VERTEX_POINT ( 'NONE', #3244 ) ;
#913 = CARTESIAN_POINT ( 'NONE',  ( 2.659179361554323329, -4.849929195071108090, 3.100000000000000977 ) ) ;
#914 = LINE ( 'NONE', #709, #9821 ) ;
#915 = VERTEX_POINT ( 'NONE', #5595 ) ;
#916 = CARTESIAN_POINT ( 'NONE',  ( 3.030785257175009573, -2.176937817010245357, 3.200000000000000178 ) ) ;
#917 = FACE_OUTER_BOUND ( 'NONE', #626, .T. ) ;
#918 = DIRECTION ( 'NONE',  ( -0.0000000000000000000, -0.0000000000000000000, -1.000000000000000000 ) ) ;
#919 = LINE ( 'NONE', #7127, #1312 ) ;
#920 = CARTESIAN_POINT ( 'NONE',  ( 3.754169315763661974, -1.755243705470712845, 3.200000000000001954 ) ) ;
#921 = SURFACE_STYLE_FILL_AREA ( #2154 ) ;
#922 = PRESENTATION_STYLE_ASSIGNMENT (( #972 ) ) ;
#923 = CARTESIAN_POINT ( 'NONE',  ( 3.576107089054801680, -1.756018921430095192, 3.149999999999999467 ) ) ;
#924 = ORIENTED_EDGE ( 'NONE', *, *, #8545, .F. ) ;
#925 = SURFACE_STYLE_FILL_AREA ( #8001 ) ;
#926 = CARTESIAN_POINT ( 'NONE',  ( 2.667206088389278751, -1.312858217765184632, 3.200000000000003730 ) ) ;
#927 = EDGE_LOOP ( 'NONE', ( #2533, #5747, #8114, #2505 ) ) ;
#928 = CARTESIAN_POINT ( 'NONE',  ( 4.723054446222057834, -4.935309469424491446, 3.199999999999999289 ) ) ;
#929 = CARTESIAN_POINT ( 'NONE',  ( 4.665007004297526905, -4.707068415485640145, 3.100000000000000977 ) ) ;
#930 = CARTESIAN_POINT ( 'NONE',  ( 2.667385998808672110, -2.028456893039705555, 3.199999999999999289 ) ) ;
#931 =( NAMED_UNIT ( * ) PLANE_ANGLE_UNIT ( ) SI_UNIT ( $, .RADIAN. ) );
#932 = CARTESIAN_POINT ( 'NONE',  ( 4.061040220575386606, -6.762574403443312399, 3.199999999999997513 ) ) ;
#933 = CARTESIAN_POINT ( 'NONE',  ( 4.162896566367807694, 0.2272923163588276285, 3.199999999999999289 ) ) ;
#934 = ORIENTED_EDGE ( 'NONE', *, *, #1141, .T. ) ;
#935 = ORIENTED_EDGE ( 'NONE', *, *, #7984, .F. ) ;
#936 = CARTESIAN_POINT ( 'NONE',  ( 7.500000000000000000, -5.000000000000000000, 2.200000000000000178 ) ) ;
#937 = CARTESIAN_POINT ( 'NONE',  ( 2.835603780005400587, -0.4058099132500843087, 3.100000000000000089 ) ) ;
#938 = MECHANICAL_DESIGN_GEOMETRIC_PRESENTATION_REPRESENTATION (  '', ( #619 ), #7927 ) ;
#939 = CARTESIAN_POINT ( 'NONE',  ( 2.934027417830843198, -4.247837593988708527, 3.100000000000604050 ) ) ;
#940 = CARTESIAN_POINT ( 'NONE',  ( 4.162896566367807694, 0.2272923163588276285, 3.100000000000000977 ) ) ;
#941 =( NAMED_UNIT ( * ) SI_UNIT ( $, .STERADIAN. ) SOLID_ANGLE_UNIT ( ) );
#942 = CARTESIAN_POINT ( 'NONE',  ( 2.755437382213467234, -4.697696002740297416, 3.100000000000000089 ) ) ;
#943 = CARTESIAN_POINT ( 'NONE',  ( 2.952023115313691992, -0.3155174452135441898, 3.100000000000001421 ) ) ;
#944 = CARTESIAN_POINT ( 'NONE',  ( 3.777625655202836441, -0.08762965470570655002, 3.100000000000000977 ) ) ;
#945 = LINE ( 'NONE', #3360, #5022 ) ;
#946 = ORIENTED_EDGE ( 'NONE', *, *, #9028, .T. ) ;
#947 = MECHANICAL_DESIGN_GEOMETRIC_PRESENTATION_REPRESENTATION (  '', ( #9053 ), #8260 ) ;
#948 = CYLINDRICAL_SURFACE ( 'NONE', #5054, 0.5000000000000004441 ) ;
#949 = FILL_AREA_STYLE_COLOUR ( '', #6020 ) ;
#950 = CARTESIAN_POINT ( 'NONE',  ( -3.661792873543975535, 9.020462724888167472, 1.966862915010152646 ) ) ;
#951 = PLANE ( 'NONE',  #5402 ) ;
#952 = FILL_AREA_STYLE_COLOUR ( '', #7719 ) ;
#953 = CIRCLE ( 'NONE', #629, 0.5000000000000004441 ) ;
#954 = CYLINDRICAL_SURFACE ( 'NONE', #4035, 0.5000000000000004441 ) ;
#955 = DIRECTION ( 'NONE',  ( 0.0000000000000000000, 0.0000000000000000000, 1.000000000000000000 ) ) ;
#956 = CARTESIAN_POINT ( 'NONE',  ( 4.454078357353218998, -0.1845883744089346079, 3.199999999999989519 ) ) ;
#957 = EDGE_LOOP ( 'NONE', ( #522, #10010, #9069, #9820 ) ) ;
#958 = CARTESIAN_POINT ( 'NONE',  ( 4.248051702537752661, -4.528898142994770559, 3.199999999999983302 ) ) ;
#959 = ORIENTED_EDGE ( 'NONE', *, *, #5745, .F. ) ;
#960 = EDGE_CURVE ( 'NONE', #9147, #3743, #292, .T. ) ;
#961 = CARTESIAN_POINT ( 'NONE',  ( 2.990579462359585605, -5.239584639075806294, 3.199999999999998845 ) ) ;
#962 = LINE ( 'NONE', #4293, #5923 ) ;
#963 = ORIENTED_EDGE ( 'NONE', *, *, #9911, .F. ) ;
#964 = CARTESIAN_POINT ( 'NONE',  ( 4.135697358072903285, -1.685568513059688689, 3.149999999999999911 ) ) ;
#965 = VECTOR ( 'NONE', #1149, 1000.000000000000000 ) ;
#966 = ADVANCED_FACE ( 'NONE', ( #4821 ), #1536, .T. ) ;
#967 = ADVANCED_FACE ( 'NONE', ( #5079 ), #7059, .T. ) ;
#968 = CARTESIAN_POINT ( 'NONE',  ( 3.710765464547603809, -1.463961848755308326, 3.100000000000000977 ) ) ;
#969 = DIRECTION ( 'NONE',  ( -0.0000000000000000000, 0.0000000000000000000, 1.000000000000000000 ) ) ;
#970 = LINE ( 'NONE', #9450, #7161 ) ;
#971 = CARTESIAN_POINT ( 'NONE',  ( 3.957776510590623964, -1.713362240356023358, 3.200000000000002398 ) ) ;
#972 = SURFACE_STYLE_USAGE ( .BOTH. , #5693 ) ;
#973 = FACE_OUTER_BOUND ( 'NONE', #7560, .T. ) ;
#974 = ORIENTED_EDGE ( 'NONE', *, *, #5492, .F. ) ;
#975 = COLOUR_RGB ( '',0.2509803921568627416, 0.2509803921568627416, 0.2509803921568627416 ) ;
#976 = CARTESIAN_POINT ( 'NONE',  ( 4.730257603228452012, -6.450586882139324629, 3.100000000000000977 ) ) ;
#977 =( BOUNDED_CURVE ( )  B_SPLINE_CURVE ( 3, ( #7590, #8251, #8303, #3548 ),
 .UNSPECIFIED., .F., .T. ) 
 B_SPLINE_CURVE_WITH_KNOTS ( ( 4, 4 ),
 ( 0.0000000000000000000, 1.570796326794892339 ),
 .UNSPECIFIED. ) 
 CURVE ( )  GEOMETRIC_REPRESENTATION_ITEM ( )  RATIONAL_B_SPLINE_CURVE ( ( 1.000000000000000000, 0.8047378541243659367, 0.8047378541243659367, 1.000000000000000000 ) ) 
 REPRESENTATION_ITEM ( '' )  );
#978 = DIRECTION ( 'NONE',  ( -1.000000000000000000, 0.0000000000000000000, 0.0000000000000000000 ) ) ;
#979 = EDGE_LOOP ( 'NONE', ( #733, #7558, #1157, #7845 ) ) ;
#980 = ADVANCED_FACE ( 'NONE', ( #5892 ), #7472, .F. ) ;
#981 = FACE_OUTER_BOUND ( 'NONE', #2426, .T. ) ;
#982 = CARTESIAN_POINT ( 'NONE',  ( 4.629296105326321964, -4.614803961639624141, 3.200000000000000178 ) ) ;
#983 = AXIS2_PLACEMENT_3D ( 'NONE', #7459, #3578, #7615 ) ;
#984 = CARTESIAN_POINT ( 'NONE',  ( 3.086756610165704018, -4.534045019123359666, 3.199999999999998401 ) ) ;
#985 = CARTESIAN_POINT ( 'NONE',  ( 3.266646651796760281, -1.501974964883620700, 3.199999999999999734 ) ) ;
#986 = DIRECTION ( 'NONE',  ( -1.000000000000000000, 0.0000000000000000000, 0.0000000000000000000 ) ) ;
#987 = ORIENTED_EDGE ( 'NONE', *, *, #2800, .F. ) ;
#988 = CARTESIAN_POINT ( 'NONE',  ( 3.651313574488547431, -1.057693747678252416, 3.199999999999998845 ) ) ;
#989 = DIRECTION ( 'NONE',  ( -0.0000000000000000000, -0.0000000000000000000, -1.000000000000000000 ) ) ;
#990 =( LENGTH_UNIT ( ) NAMED_UNIT ( * ) SI_UNIT ( .MILLI., .METRE. ) );
#991 = VERTEX_POINT ( 'NONE', #5838 ) ;
#992 = CARTESIAN_POINT ( 'NONE',  ( 4.028950070059982735, -5.357335314839879459, 3.099999999999947686 ) ) ;
#993 = ORIENTED_EDGE ( 'NONE', *, *, #2030, .T. ) ;
#994 = UNCERTAINTY_MEASURE_WITH_UNIT (LENGTH_MEASURE( 1.000000000000000082E-05 ), #4224, 'distance_accuracy_value', 'NONE');
#995 = DIRECTION ( 'NONE',  ( 0.9999979302322693497, 0.002034583784806286762, -0.0000000000000000000 ) ) ;
#996 = CARTESIAN_POINT ( 'NONE',  ( 4.440092367585398492, -6.748154200627613619, 3.100000000000237677 ) ) ;
#997 = CARTESIAN_POINT ( 'NONE',  ( 3.127603378462386452, -4.155674148412584756, 3.099999999999592415 ) ) ;
#998 = CARTESIAN_POINT ( 'NONE',  ( 2.788652449275446088, -0.4556231045921516065, 3.100000000000000533 ) ) ;
#999 = CARTESIAN_POINT ( 'NONE',  ( 2.985923717536816291, -1.454487794693978708, 3.200000000000001066 ) ) ;
#1000 = CARTESIAN_POINT ( 'NONE',  ( 4.597770803909225101, 1.359632717545109060, 3.100000000000001421 ) ) ;
#1001 = ORIENTED_EDGE ( 'NONE', *, *, #3732, .F. ) ;
#1002 = VECTOR ( 'NONE', #8696, 1000.000000000000000 ) ;
#1003 = VECTOR ( 'NONE', #6658, 1000.000000000000000 ) ;
#1004 = LINE ( 'NONE', #2569, #1161 ) ;
#1005 = FILL_AREA_STYLE ('',( #2657 ) ) ;
#1006 = CARTESIAN_POINT ( 'NONE',  ( 3.371812999725637194, -6.089689253699900995, 3.199999999999985967 ) ) ;
#1007 = VECTOR ( 'NONE', #9933, 1000.000000000000114 ) ;
#1008 = CARTESIAN_POINT ( 'NONE',  ( 4.222586391642006554, -4.135544254863375180, 3.099999999999623945 ) ) ;
#1009 = CARTESIAN_POINT ( 'NONE',  ( 2.938309595611933833, 1.327507319078662595, 3.100000000000683098 ) ) ;
#1010 = CARTESIAN_POINT ( 'NONE',  ( 4.020185978376526137, -5.358217517690417431, 3.100000000000000533 ) ) ;
#1011 = ORIENTED_EDGE ( 'NONE', *, *, #1791, .T. ) ;
#1012 = LINE ( 'NONE', #7877, #9113 ) ;
#1013 = ORIENTED_EDGE ( 'NONE', *, *, #3411, .F. ) ;
#1014 = LINE ( 'NONE', #732, #7083 ) ;
#1015 = VECTOR ( 'NONE', #602, 1000.000000000000000 ) ;
#1016 = CARTESIAN_POINT ( 'NONE',  ( 4.768272433778182773, -4.765805818658367166, 3.100000000000000089 ) ) ;
#1017 = CARTESIAN_POINT ( 'NONE',  ( 2.959888960144030801, -1.477338508572474396, 3.150000000000000799 ) ) ;
#1018 = B_SPLINE_CURVE_WITH_KNOTS ( 'NONE', 3,
 ( #4589, #1503, #3863, #5349, #6992, #6895, #2957 ),
 .UNSPECIFIED., .F., .F.,
 ( 4, 1, 1, 1, 4 ),
 ( 0.0000000000000000000, 1.690591892477355266E-05, 3.658320106268037210E-05, 6.047966198465558384E-05, 8.917534208804856128E-05 ),
 .UNSPECIFIED. ) ;
#1019 = CARTESIAN_POINT ( 'NONE',  ( 2.644645677119489946, -4.725384349461528188, 3.199999999999998845 ) ) ;
#1020 = DIRECTION ( 'NONE',  ( 0.0000000000000000000, 1.000000000000000000, 0.0000000000000000000 ) ) ;
#1021 = FILL_AREA_STYLE ('',( #104 ) ) ;
#1022 = CARTESIAN_POINT ( 'NONE',  ( 3.932941075090497840, -1.127805566097255685, 3.199999999999998845 ) ) ;
#1023 = CARTESIAN_POINT ( 'NONE',  ( 4.335009589348675085, -4.912211698241278235, 3.200000000000000178 ) ) ;
#1024 = DIRECTION ( 'NONE',  ( -1.000000000000000000, 0.0000000000000000000, 0.0000000000000000000 ) ) ;
#1025 = CARTESIAN_POINT ( 'NONE',  ( 4.551310640878503122, -5.772105758826731936, 3.200000000000000178 ) ) ;
#1026 = PRESENTATION_LAYER_ASSIGNMENT (  '', '', ( #5883 ) ) ;
#1027 = ORIENTED_EDGE ( 'NONE', *, *, #4941, .T. ) ;
#1028 = ORIENTED_EDGE ( 'NONE', *, *, #3256, .T. ) ;
#1029 = EDGE_CURVE ( 'NONE', #3580, #5695, #9785, .T. ) ;
#1030 = ADVANCED_FACE ( 'NONE', ( #3536 ), #5023, .F. ) ;
#1031 = CARTESIAN_POINT ( 'NONE',  ( 3.960057016446359324, -0.2281807449769481244, 3.200000000000000622 ) ) ;
#1032 = CARTESIAN_POINT ( 'NONE',  ( 4.579992268289229784, 1.349338118840967882, 3.100000000000804778 ) ) ;
#1033 = ORIENTED_EDGE ( 'NONE', *, *, #6870, .T. ) ;
#1034 = AXIS2_PLACEMENT_3D ( 'NONE', #7311, #388, #3519 ) ;
#1035 = EDGE_CURVE ( 'NONE', #7693, #9158, #9957, .T. ) ;
#1036 = FILL_AREA_STYLE ('',( #6326 ) ) ;
#1037 = DIRECTION ( 'NONE',  ( -0.0000000000000000000, -0.0000000000000000000, -1.000000000000000000 ) ) ;
#1038 = B_SPLINE_CURVE_WITH_KNOTS ( 'NONE', 3,
 ( #1550, #6840, #4636, #6072, #3001, #5448, #9261, #3147, #9214, #3858, #5248 ),
 .UNSPECIFIED., .F., .F.,
 ( 4, 1, 1, 1, 1, 1, 1, 1, 4 ),
 ( 0.0000000000000000000, 5.645612073414726494E-05, 0.0001104164326578250887, 0.0001631189441854168554, 0.0002175569504362415520, 0.0002717150029072394547, 0.0003249967718246744072, 0.0003792615575965609782, 0.0004366001818684634187 ),
 .UNSPECIFIED. ) ;
#1039 = EDGE_CURVE ( 'NONE', #5413, #9908, #7530, .T. ) ;
#1040 = DIRECTION ( 'NONE',  ( -0.002081883066368603406, 0.9999978328791008231, 0.0000000000000000000 ) ) ;
#1041 = ADVANCED_FACE ( 'NONE', ( #5328 ), #9148, .F. ) ;
#1042 = MECHANICAL_DESIGN_GEOMETRIC_PRESENTATION_REPRESENTATION (  '', ( #5897 ), #9467 ) ;
#1043 = SURFACE_SIDE_STYLE ('',( #9413 ) ) ;
#1044 = ORIENTED_EDGE ( 'NONE', *, *, #4064, .F. ) ;
#1045 = DIRECTION ( 'NONE',  ( 0.9337325090820074447, -0.3579715093180164120, 0.0000000000000000000 ) ) ;
#1046 = CARTESIAN_POINT ( 'NONE',  ( 4.135395816089626919, -1.701773279296272312, 3.200000000000000178 ) ) ;
#1047 = CARTESIAN_POINT ( 'NONE',  ( 4.500809124053265720, -6.716906470603187351, 3.100000000000238565 ) ) ;
#1048 = VECTOR ( 'NONE', #8009, 1000.000000000000000 ) ;
#1049 = CARTESIAN_POINT ( 'NONE',  ( 4.617257111490873811, -4.839085957907439450, 3.100000000000047162 ) ) ;
#1050 = FILL_AREA_STYLE ('',( #9578 ) ) ;
#1051 = CARTESIAN_POINT ( 'NONE',  ( 2.923961984574872996, -1.016252657632313872, 3.100000000000000533 ) ) ;
#1052 = CARTESIAN_POINT ( 'NONE',  ( 3.572547526216969693, -6.222917731148420728, 3.100000000000001865 ) ) ;
#1053 = CARTESIAN_POINT ( 'NONE',  ( 4.421984937076855360, -4.537839270611010889, 3.100000000000000977 ) ) ;
#1054 = CARTESIAN_POINT ( 'NONE',  ( 4.615908915025121573, 1.376327939297132374, 3.100000000000000533 ) ) ;
#1055 = B_SPLINE_SURFACE_WITH_KNOTS ( 'NONE', 3, 1, ( 
 ( #7594, #3810 ),
 ( #627, #7695 ),
 ( #3709, #6838 ),
 ( #2948, #10015 ),
 ( #7644, #9165 ),
 ( #2195, #9972 ),
 ( #5296, #8405 ) ),
 .UNSPECIFIED., .F., .F., .F.,
 ( 4, 1, 1, 1, 4 ),
 ( 2, 2 ),
 ( 0.0000000000000000000, 0.2737976960668877524, 0.5250716074407839606, 0.7675135064972988808, 1.000000000000000000 ),
 ( 0.0000000000000000000, 1.000000000000000000 ),
 .UNSPECIFIED. ) ;
#1056 = EDGE_LOOP ( 'NONE', ( #4602, #4493, #2644, #6700 ) ) ;
#1057 = B_SPLINE_CURVE_WITH_KNOTS ( 'NONE', 3,
 ( #7968, #4147, #430, #6693, #9582, #4193, #325, #6497, #7351, #1870, #7302, #8774, #2697, #4243, #481, #1820, #2608, #9690, #1959 ),
 .UNSPECIFIED., .F., .F.,
 ( 4, 1, 1, 1, 1, 1, 1, 1, 1, 1, 1, 1, 1, 1, 1, 1, 4 ),
 ( 0.0000000000000000000, 7.328502863528798899E-05, 0.0001427724725306771518, 0.0002091266907708791531, 0.0002726204607610702504, 0.0003328082852223629017, 0.0003908386176640114233, 0.0004471117363205974666, 0.0005017627266292500401, 0.0005552435613666417257, 0.0006072491038265422254, 0.0006583735910997870304, 0.0007096051495563283473, 0.0007605734954027565343, 0.0008117038287038005591, 0.0008639158645710252708, 0.0009175288037859964489 ),
 .UNSPECIFIED. ) ;
#1058 = CARTESIAN_POINT ( 'NONE',  ( 0.0000000000000000000, -5.571108612877292643, 3.200000000000000178 ) ) ;
#1059 = CARTESIAN_POINT ( 'NONE',  ( 8.000000000000000000, 5.000000000000000000, 2.200000000000000178 ) ) ;
#1060 = CARTESIAN_POINT ( 'NONE',  ( 3.321552714254601746, -6.052656005980797893, 3.199999999999985079 ) ) ;
#1061 = CARTESIAN_POINT ( 'NONE',  ( 2.685221545231559315, 1.607763609490337586, 3.200000000000000178 ) ) ;
#1062 =( NAMED_UNIT ( * ) PLANE_ANGLE_UNIT ( ) SI_UNIT ( $, .RADIAN. ) );
#1063 = CARTESIAN_POINT ( 'NONE',  ( 3.201203626358735566, -1.120548990084573315, 3.099999999999658584 ) ) ;
#1064 = CARTESIAN_POINT ( 'NONE',  ( 2.874911797683334491, -2.282821609445827349, 3.200000000000004619 ) ) ;
#1065 = B_SPLINE_CURVE_WITH_KNOTS ( 'NONE', 3,
 ( #5760, #8956, #1239, #4186, #7342, #2843, #4989, #2739, #9730, #6590, #2000, #5853, #5805, #374, #1185, #9630, #2646, #3611, #5140 ),
 .UNSPECIFIED., .F., .F.,
 ( 4, 1, 1, 1, 1, 1, 1, 1, 1, 1, 1, 1, 1, 1, 1, 1, 4 ),
 ( 0.0000000000000000000, 8.770586934967552790E-05, 0.0001722546633384472621, 0.0002533386947975516655, 0.0003319091936512885504, 0.0004064053739987408677, 0.0004784040961006709143, 0.0005469861191852985229, 0.0006124618304675549839, 0.0006748424802556600433, 0.0007338601186440642157, 0.0007901696453611049050, 0.0008430839297973619388, 0.0008933414805220347846, 0.0009403639633485006300, 0.0009842078187406999839, 0.001025380148960908710 ),
 .UNSPECIFIED. ) ;
#1066 = ORIENTED_EDGE ( 'NONE', *, *, #4803, .F. ) ;
#1067 = CARTESIAN_POINT ( 'NONE',  ( 4.171464026976583028, 5.667848476340815012, 3.200000000000000178 ) ) ;
#1068 = ORIENTED_EDGE ( 'NONE', *, *, #2319, .T. ) ;
#1069 = VECTOR ( 'NONE', #7449, 1000.000000000000000 ) ;
#1070 = CARTESIAN_POINT ( 'NONE',  ( 1.537821031517181192, 6.677526461116456424, 3.200000000000000178 ) ) ;
#1071 = UNCERTAINTY_MEASURE_WITH_UNIT (LENGTH_MEASURE( 1.000000000000000082E-05 ), #9944, 'distance_accuracy_value', 'NONE');
#1072 = CARTESIAN_POINT ( 'NONE',  ( 3.611340877344484390, -1.433722409853999125, 3.200000000000000622 ) ) ;
#1073 = SURFACE_SIDE_STYLE ('',( #4869 ) ) ;
#1074 = PLANE ( 'NONE',  #597 ) ;
#1075 = CARTESIAN_POINT ( 'NONE',  ( -6.337122846746489735, 5.459950475304171214, 1.200000000000000178 ) ) ;
#1076 = STYLED_ITEM ( 'NONE', ( #7131 ), #9847 ) ;
#1077 = CARTESIAN_POINT ( 'NONE',  ( 4.663073632795375900, -5.892207994412859584, 3.200000000000001066 ) ) ;
#1078 = VERTEX_POINT ( 'NONE', #4566 ) ;
#1079 = EDGE_LOOP ( 'NONE', ( #8512, #3842, #1556, #2474 ) ) ;
#1080 = FILL_AREA_STYLE_COLOUR ( '', #2904 ) ;
#1081 = CARTESIAN_POINT ( 'NONE',  ( 3.914110862385413281, -0.2057282338499986374, 3.100000000000000089 ) ) ;
#1082 = DIRECTION ( 'NONE',  ( 1.000000000000000000, 0.0000000000000000000, 0.0000000000000000000 ) ) ;
#1083 = VERTEX_POINT ( 'NONE', #1577 ) ;
#1084 = EDGE_CURVE ( 'NONE', #5396, #4687, #3794, .T. ) ;
#1085 = AXIS2_PLACEMENT_3D ( 'NONE', #7725, #750, #9382 ) ;
#1086 = EDGE_CURVE ( 'NONE', #4149, #4049, #9293, .T. ) ;
#1087 = CARTESIAN_POINT ( 'NONE',  ( 3.021610339943076706, -1.023169235907951835, 3.199999999999997513 ) ) ;
#1088 = CARTESIAN_POINT ( 'NONE',  ( 4.443882122998942030, 0.2882953889453435115, 3.199999999999998845 ) ) ;
#1089 = ORIENTED_EDGE ( 'NONE', *, *, #2814, .T. ) ;
#1090 = EDGE_CURVE ( 'NONE', #3230, #4210, #8390, .T. ) ;
#1091 = PLANE ( 'NONE',  #4457 ) ;
#1092 = CARTESIAN_POINT ( 'NONE',  ( 3.979231611689577175, -1.174747340868905532, 3.199999999999987299 ) ) ;
#1093 = EDGE_CURVE ( 'NONE', #4907, #7317, #6102, .T. ) ;
#1094 = EDGE_CURVE ( 'NONE', #7436, #2201, #6919, .T. ) ;
#1095 = CARTESIAN_POINT ( 'NONE',  ( 4.724945558062890960, 0.4922767977428808006, 3.199999999999997069 ) ) ;
#1096 = CYLINDRICAL_SURFACE ( 'NONE', #10020, 0.5000000000000004441 ) ;
#1097 = LINE ( 'NONE', #5716, #5289 ) ;
#1098 = CARTESIAN_POINT ( 'NONE',  ( 3.716734576741819840, -6.291251224696813082, 3.199999999999999734 ) ) ;
#1099 = CARTESIAN_POINT ( 'NONE',  ( 4.015903989769030957, -4.523708882699926548, 3.100000000000000977 ) ) ;
#1100 = CARTESIAN_POINT ( 'NONE',  ( 4.442023374737687824, 1.329054724554779243, 3.100000000000002309 ) ) ;
#1101 = ORIENTED_EDGE ( 'NONE', *, *, #7667, .T. ) ;
#1102 = SURFACE_STYLE_FILL_AREA ( #3164 ) ;
#1103 = LINE ( 'NONE', #4038, #7323 ) ;
#1104 = CARTESIAN_POINT ( 'NONE',  ( 3.210478069343754015, -5.969377456919066738, 3.199999999999985079 ) ) ;
#1105 = PRESENTATION_STYLE_ASSIGNMENT (( #1203 ) ) ;
#1106 = VERTEX_POINT ( 'NONE', #3029 ) ;
#1107 = VECTOR ( 'NONE', #7945, 1000.000000000000000 ) ;
#1108 = DIRECTION ( 'NONE',  ( 1.000000000000000000, 0.0000000000000000000, 0.0000000000000000000 ) ) ;
#1109 = ORIENTED_EDGE ( 'NONE', *, *, #2946, .F. ) ;
#1110 = CARTESIAN_POINT ( 'NONE',  ( 3.423882673431795531, -1.672278862463220106, 3.199999999999997957 ) ) ;
#1111 = CARTESIAN_POINT ( 'NONE',  ( 1.542484643350841456, 3.584635112845306892, 3.100000000000000977 ) ) ;
#1112 = CYLINDRICAL_SURFACE ( 'NONE', #5212, 0.1999999999999996503 ) ;
#1113 =( NAMED_UNIT ( * ) PLANE_ANGLE_UNIT ( ) SI_UNIT ( $, .RADIAN. ) );
#1114 = CARTESIAN_POINT ( 'NONE',  ( 3.576107089054801680, -1.756018921430095192, 3.099999999999975664 ) ) ;
#1115 = CARTESIAN_POINT ( 'NONE',  ( 4.579992268289229784, 1.349338118840967882, 3.199999999999994849 ) ) ;
#1116 = EDGE_LOOP ( 'NONE', ( #9427, #2341, #2206, #6164 ) ) ;
#1117 = CARTESIAN_POINT ( 'NONE',  ( 3.720954893552167686, -1.463217349764672992, 3.199999999999999289 ) ) ;
#1118 = CARTESIAN_POINT ( 'NONE',  ( 8.000000000000000000, -7.500000000000001776, 0.0000000000000000000 ) ) ;
#1119 = ORIENTED_EDGE ( 'NONE', *, *, #6633, .F. ) ;
#1120 = FILL_AREA_STYLE_COLOUR ( '', #3299 ) ;
#1121 = CARTESIAN_POINT ( 'NONE',  ( -4.931792873543973776, 6.820462724888162853, 2.000000000000000000 ) ) ;
#1122 = AXIS2_PLACEMENT_3D ( 'NONE', #9882, #3049, #684 ) ;
#1123 = CARTESIAN_POINT ( 'NONE',  ( 4.580150227923904360, -0.06873004423787307249, 3.099999999999910383 ) ) ;
#1124 = CARTESIAN_POINT ( 'NONE',  ( 4.414651520927674433, -6.000440673851963780, 3.100000000000000977 ) ) ;
#1125 = CARTESIAN_POINT ( 'NONE',  ( 3.476281720807389064, -1.546939471105154951, 3.199999999999999734 ) ) ;
#1126 = ORIENTED_EDGE ( 'NONE', *, *, #6759, .F. ) ;
#1127 = VECTOR ( 'NONE', #494, 1000.000000000000000 ) ;
#1128 =( NAMED_UNIT ( * ) SI_UNIT ( $, .STERADIAN. ) SOLID_ANGLE_UNIT ( ) );
#1129 = CARTESIAN_POINT ( 'NONE',  ( 3.778406046479578340, -1.045777043530641492, 3.199999999999987743 ) ) ;
#1130 = CARTESIAN_POINT ( 'NONE',  ( 2.802490262962046508, -4.842653067192015826, 3.100000000000000977 ) ) ;
#1131 = CARTESIAN_POINT ( 'NONE',  ( 3.754169315763661974, -1.755243705470712845, 3.199999999999999734 ) ) ;
#1132 = DIRECTION ( 'NONE',  ( 0.0000000000000000000, 0.0000000000000000000, 1.000000000000000000 ) ) ;
#1133 = DIRECTION ( 'NONE',  ( -0.0000000000000000000, -0.0000000000000000000, -1.000000000000000000 ) ) ;
#1134 = SURFACE_STYLE_FILL_AREA ( #8319 ) ;
#1135 = DIRECTION ( 'NONE',  ( 0.0000000000000000000, -1.000000000000000000, 0.0000000000000000000 ) ) ;
#1136 = AXIS2_PLACEMENT_3D ( 'NONE', #635, #7755, #6173 ) ;
#1137 = CARTESIAN_POINT ( 'NONE',  ( 4.617703000151444748, 0.6887870800510477176, 3.099999999999740741 ) ) ;
#1138 = CARTESIAN_POINT ( 'NONE',  ( 3.868613837118593413, -4.522148313865083757, 3.199999999999996181 ) ) ;
#1139 = CARTESIAN_POINT ( 'NONE',  ( 4.563189244563087499, 1.342585095770339132, 3.199999999999999734 ) ) ;
#1140 = EDGE_CURVE ( 'NONE', #8487, #7039, #3030, .T. ) ;
#1141 = EDGE_CURVE ( 'NONE', #8899, #2550, #9245, .T. ) ;
#1142 = ORIENTED_EDGE ( 'NONE', *, *, #8805, .F. ) ;
#1143 = ORIENTED_EDGE ( 'NONE', *, *, #9019, .T. ) ;
#1144 = STYLED_ITEM ( 'NONE', ( #7310 ), #4859 ) ;
#1145 = VECTOR ( 'NONE', #7769, 1000.000000000000000 ) ;
#1146 = CARTESIAN_POINT ( 'NONE',  ( 3.733187453224969587, 0.5802101789612671423, 3.100000000000001421 ) ) ;
#1147 = EDGE_CURVE ( 'NONE', #407, #2247, #4083, .T. ) ;
#1148 = DIRECTION ( 'NONE',  ( 1.000000000000000000, -0.0000000000000000000, 0.0000000000000000000 ) ) ;
#1149 = DIRECTION ( 'NONE',  ( -0.0000000000000000000, 1.000000000000000000, 0.0000000000000000000 ) ) ;
#1150 = CARTESIAN_POINT ( 'NONE',  ( 2.083206147703078770, 4.869646352943380663, 3.100000000000000977 ) ) ;
#1151 = LINE ( 'NONE', #4301, #7577 ) ;
#1152 = VECTOR ( 'NONE', #7979, 1000.000000000000000 ) ;
#1153 = EDGE_LOOP ( 'NONE', ( #495, #9417, #3793, #3188 ) ) ;
#1154 = AXIS2_PLACEMENT_3D ( 'NONE', #8191, #9714, #1273 ) ;
#1155 = CARTESIAN_POINT ( 'NONE',  ( 2.967487942401702661, -1.711914488080479524, 3.199999999999999289 ) ) ;
#1156 = ADVANCED_FACE ( 'NONE', ( #9442 ), #859, .T. ) ;
#1157 = ORIENTED_EDGE ( 'NONE', *, *, #2268, .T. ) ;
#1158 = CARTESIAN_POINT ( 'NONE',  ( 4.202134768498160255, -5.604550262420206153, 3.200000000000000178 ) ) ;
#1159 = PRESENTATION_LAYER_ASSIGNMENT (  '', '', ( #1827 ) ) ;
#1160 = B_SPLINE_CURVE_WITH_KNOTS ( 'NONE', 3,
 ( #5910, #7394, #4948, #3505, #2045, #3555, #9004, #7492, #1092, #8101, #3399, #6541, #1129, #4379, #424 ),
 .UNSPECIFIED., .F., .F.,
 ( 4, 1, 1, 1, 1, 1, 1, 1, 1, 1, 1, 1, 4 ),
 ( 0.0000000000000000000, 8.190865019965552567E-05, 0.0001626297677315905583, 0.0002430672538864882444, 0.0003238508571335202858, 0.0004016650125402748055, 0.0004745146309925159320, 0.0005431979099450925117, 0.0006089385842245543167, 0.0006712153328207035767, 0.0007285212684782439631, 0.0007834001461419343431, 0.0008370464527830013407 ),
 .UNSPECIFIED. ) ;
#1161 = VECTOR ( 'NONE', #5674, 1000.000000000000000 ) ;
#1162 = CARTESIAN_POINT ( 'NONE',  ( 2.506206775549459032, 4.851300258385033537, 3.200000000000000178 ) ) ;
#1163 = CARTESIAN_POINT ( 'NONE',  ( 4.629296105326321964, -4.614803961639624141, 3.199999999999997957 ) ) ;
#1164 = CARTESIAN_POINT ( 'NONE',  ( 4.020710913231061667, -1.230536042025802690, 3.100000000000000977 ) ) ;
#1165 = CARTESIAN_POINT ( 'NONE',  ( 4.129753170754054459, -4.916740995857633578, 3.100000000000000533 ) ) ;
#1166 = CARTESIAN_POINT ( 'NONE',  ( 3.030785257175009573, -2.176937817010245357, 3.200000000000000178 ) ) ;
#1167 = EDGE_LOOP ( 'NONE', ( #1576, #9326, #9653, #5946 ) ) ;
#1168 = ORIENTED_EDGE ( 'NONE', *, *, #4315, .F. ) ;
#1169 =( GEOMETRIC_REPRESENTATION_CONTEXT ( 3 ) GLOBAL_UNCERTAINTY_ASSIGNED_CONTEXT ( ( #273 ) ) GLOBAL_UNIT_ASSIGNED_CONTEXT ( ( #8979, #4501, #7617 ) ) REPRESENTATION_CONTEXT ( 'NONE', 'WORKASPACE' ) );
#1170 = FILL_AREA_STYLE_COLOUR ( '', #5976 ) ;
#1171 = MECHANICAL_DESIGN_GEOMETRIC_PRESENTATION_REPRESENTATION (  '', ( #9936 ), #2469 ) ;
#1172 = CARTESIAN_POINT ( 'NONE',  ( 2.962564292107463526, -0.3077740763278043468, 3.099999999998874323 ) ) ;
#1173 = ORIENTED_EDGE ( 'NONE', *, *, #5941, .F. ) ;
#1174 = CARTESIAN_POINT ( 'NONE',  ( 3.723250347043625563, 0.8479693318753206421, 3.200000000000000178 ) ) ;
#1175 = AXIS2_PLACEMENT_3D ( 'NONE', #7634, #669, #6876 ) ;
#1176 = DIRECTION ( 'NONE',  ( -0.0000000000000000000, -0.0000000000000000000, -1.000000000000000000 ) ) ;
#1177 = CARTESIAN_POINT ( 'NONE',  ( 2.942945191042287245, -1.015397856219682149, 3.099999999999996980 ) ) ;
#1178 = CARTESIAN_POINT ( 'NONE',  ( 3.975230001505949406, -1.694719956753911960, 3.100000000000000533 ) ) ;
#1179 = CARTESIAN_POINT ( 'NONE',  ( 3.571088389994320877, -6.476165631683487689, 3.099999999999949019 ) ) ;
#1180 = CARTESIAN_POINT ( 'NONE',  ( 3.132389535233935263, -1.068524929404099044, 3.199999999999998401 ) ) ;
#1181 =( NAMED_UNIT ( * ) PLANE_ANGLE_UNIT ( ) SI_UNIT ( $, .RADIAN. ) );
#1182 = ORIENTED_EDGE ( 'NONE', *, *, #84, .T. ) ;
#1183 = AXIS2_PLACEMENT_3D ( 'NONE', #8039, #4354, #3378 ) ;
#1184 = UNCERTAINTY_MEASURE_WITH_UNIT (LENGTH_MEASURE( 1.000000000000000082E-05 ), #3553, 'distance_accuracy_value', 'NONE');
#1185 = CARTESIAN_POINT ( 'NONE',  ( 3.744961782180005194, -6.608285416843076021, 3.199999999999998845 ) ) ;
#1186 = CARTESIAN_POINT ( 'NONE',  ( 7.500000000000000000, -3.000000000000000000, 2.200000000000000178 ) ) ;
#1187 = CARTESIAN_POINT ( 'NONE',  ( 3.931965228429474823, -1.365188219412699189, 3.099999999999593303 ) ) ;
#1188 = CARTESIAN_POINT ( 'NONE',  ( 4.678338707823219700, 0.1220168185618896034, 3.100000000000000533 ) ) ;
#1189 = STYLED_ITEM ( 'NONE', ( #275 ), #7750 ) ;
#1190 = PLANE ( 'NONE',  #124 ) ;
#1191 = CARTESIAN_POINT ( 'NONE',  ( 2.982548312108339150, -1.016774232787625465, 3.199999999999989964 ) ) ;
#1192 = CARTESIAN_POINT ( 'NONE',  ( 4.011604932330274487, -1.475637682253603034, 3.200000000000001510 ) ) ;
#1193 = CARTESIAN_POINT ( 'NONE',  ( 4.142378145200439121, -4.526271027705911720, 3.199999999999999289 ) ) ;
#1194 = CARTESIAN_POINT ( 'NONE',  ( 2.788652449275446088, -0.4556231045921516065, 3.100000000000002753 ) ) ;
#1195 = ORIENTED_EDGE ( 'NONE', *, *, #5602, .T. ) ;
#1196 = CARTESIAN_POINT ( 'NONE',  ( 4.061246849362635913, -6.356811710570029916, 3.199999999999999734 ) ) ;
#1197 = ORIENTED_EDGE ( 'NONE', *, *, #284, .F. ) ;
#1198 = PRESENTATION_LAYER_ASSIGNMENT (  '', '', ( #3783 ) ) ;
#1199 = FILL_AREA_STYLE ('',( #5817 ) ) ;
#1200 = EDGE_CURVE ( 'NONE', #8430, #5647, #8582, .T. ) ;
#1201 = CARTESIAN_POINT ( 'NONE',  ( -4.511792873543972959, 6.820462724888163741, 1.920000000000000373 ) ) ;
#1202 = EDGE_CURVE ( 'NONE', #2305, #2901, #2980, .T. ) ;
#1203 = SURFACE_STYLE_USAGE ( .BOTH. , #4252 ) ;
#1204 = CARTESIAN_POINT ( 'NONE',  ( 2.990701698550297216, -4.213630959953184707, 3.200000000000000622 ) ) ;
#1205 = CARTESIAN_POINT ( 'NONE',  ( 3.080278898498522544, -6.015659607467767955, 3.100000000000037836 ) ) ;
#1206 = CARTESIAN_POINT ( 'NONE',  ( 3.836060178168390067, -1.406442211541495624, 3.100000000000000977 ) ) ;
#1207 = PRESENTATION_LAYER_ASSIGNMENT (  '', '', ( #1874 ) ) ;
#1208 = EDGE_LOOP ( 'NONE', ( #6845, #9881, #7970, #1225 ) ) ;
#1209 = SURFACE_SIDE_STYLE ('',( #1976 ) ) ;
#1210 = ORIENTED_EDGE ( 'NONE', *, *, #2927, .T. ) ;
#1211 = EDGE_CURVE ( 'NONE', #370, #9908, #7946, .T. ) ;
#1212 = CARTESIAN_POINT ( 'NONE',  ( 4.739841372398581498, -4.893918897895198405, 3.100000000000000977 ) ) ;
#1213 =( NAMED_UNIT ( * ) SI_UNIT ( $, .STERADIAN. ) SOLID_ANGLE_UNIT ( ) );
#1214 = EDGE_CURVE ( 'NONE', #5699, #162, #8688, .T. ) ;
#1215 = ADVANCED_FACE ( 'NONE', ( #1735 ), #8261, .T. ) ;
#1216 = SURFACE_SIDE_STYLE ('',( #4353 ) ) ;
#1217 =( LENGTH_UNIT ( ) NAMED_UNIT ( * ) SI_UNIT ( .MILLI., .METRE. ) );
#1218 = CARTESIAN_POINT ( 'NONE',  ( 3.831737994818909865, -1.062754105925750370, 3.199999999999998401 ) ) ;
#1219 = CARTESIAN_POINT ( 'NONE',  ( 3.100764847347317943, -6.036492211685748899, 3.100000000000000977 ) ) ;
#1220 = CARTESIAN_POINT ( 'NONE',  ( 4.415269548251669285, -6.019226716752346995, 3.100000000000849187 ) ) ;
#1221 = ORIENTED_EDGE ( 'NONE', *, *, #8237, .F. ) ;
#1222 = ORIENTED_EDGE ( 'NONE', *, *, #8359, .T. ) ;
#1223 = VECTOR ( 'NONE', #2370, 1000.000000000000000 ) ;
#1224 = CARTESIAN_POINT ( 'NONE',  ( 4.348408131165849788, -4.177891176915538018, 3.100000000000631140 ) ) ;
#1225 = ORIENTED_EDGE ( 'NONE', *, *, #7372, .T. ) ;
#1226 = CARTESIAN_POINT ( 'NONE',  ( -3.661792873543972870, 6.820462724888163741, 1.966862915010152868 ) ) ;
#1227 =( NAMED_UNIT ( * ) SI_UNIT ( $, .STERADIAN. ) SOLID_ANGLE_UNIT ( ) );
#1228 = VECTOR ( 'NONE', #6349, 1000.000000000000000 ) ;
#1229 = CARTESIAN_POINT ( 'NONE',  ( 2.506206775549459032, 4.851300258385033537, 3.200000000000000178 ) ) ;
#1230 = DIRECTION ( 'NONE',  ( 0.0000000000000000000, 0.0000000000000000000, 1.000000000000000000 ) ) ;
#1231 = CARTESIAN_POINT ( 'NONE',  ( 4.004789300501763627, -1.648132082281436483, 3.199999999999999289 ) ) ;
#1232 = CARTESIAN_POINT ( 'NONE',  ( 3.027576545172032674, -4.539316155563247079, 3.100000000000549871 ) ) ;
#1233 = ORIENTED_EDGE ( 'NONE', *, *, #4492, .F. ) ;
#1234 = CARTESIAN_POINT ( 'NONE',  ( 3.892172409692126855, -6.694863379374822010, 3.100000000000003197 ) ) ;
#1235 =( GEOMETRIC_REPRESENTATION_CONTEXT ( 3 ) GLOBAL_UNCERTAINTY_ASSIGNED_CONTEXT ( ( #9501 ) ) GLOBAL_UNIT_ASSIGNED_CONTEXT ( ( #3127, #7875, #907 ) ) REPRESENTATION_CONTEXT ( 'NONE', 'WORKASPACE' ) );
#1236 = ORIENTED_EDGE ( 'NONE', *, *, #7555, .F. ) ;
#1237 = DIRECTION ( 'NONE',  ( 1.000000000000000000, -0.0000000000000000000, 0.0000000000000000000 ) ) ;
#1238 =( BOUNDED_SURFACE ( )  B_SPLINE_SURFACE ( 3, 3, ( 
 ( #10068, #9876, #9056, #7545 ),
 ( #723, #2150, #1444, #3044 ),
 ( #7748, #4528, #2093, #6785 ),
 ( #5196, #3762, #4582, #579 ) ),
 .UNSPECIFIED., .F., .F., .T. ) 
 B_SPLINE_SURFACE_WITH_KNOTS ( ( 4, 4 ),
 ( 4, 4 ),
 ( 0.0000000000000000000, 1.000000000000000000 ),
 ( 0.0000000000000000000, 1.000000000000000000 ),
 .UNSPECIFIED. ) 
 GEOMETRIC_REPRESENTATION_ITEM ( )  RATIONAL_B_SPLINE_SURFACE ( (
 ( 1.000000000000000000, 0.3333333333333334259, 0.3333333333333334259, 1.000000000000000000),
 ( 0.8047378541243676020, 0.2682459513747892932, 0.2682459513747892932, 0.8047378541243676020),
 ( 0.8047378541243676020, 0.2682459513747892932, 0.2682459513747892932, 0.8047378541243676020),
 ( 1.000000000000000000, 0.3333333333333334259, 0.3333333333333334259, 1.000000000000000000) ) ) 
 REPRESENTATION_ITEM ( '' )  SURFACE ( )  );
#1239 = CARTESIAN_POINT ( 'NONE',  ( 3.140999329352721858, -6.077407526164011031, 3.199999999999997957 ) ) ;
#1240 =( LENGTH_UNIT ( ) NAMED_UNIT ( * ) SI_UNIT ( .MILLI., .METRE. ) );
#1241 = DIRECTION ( 'NONE',  ( 0.0000000000000000000, 1.000000000000000000, 0.0000000000000000000 ) ) ;
#1242 = DIRECTION ( 'NONE',  ( -0.0000000000000000000, -0.0000000000000000000, -1.000000000000000000 ) ) ;
#1243 = CARTESIAN_POINT ( 'NONE',  ( 2.868115918852054858, -4.293270760376049822, 3.100000000000646683 ) ) ;
#1244 = CARTESIAN_POINT ( 'NONE',  ( 2.684355090916155095, -1.184917316749299676, 3.100000000000055600 ) ) ;
#1245 = CARTESIAN_POINT ( 'NONE',  ( 4.554158637922874675, -4.566229614910459311, 3.199999999999997069 ) ) ;
#1246 = CARTESIAN_POINT ( 'NONE',  ( 3.082062453140811176, -1.426953089927816443, 3.100000000000008971 ) ) ;
#1247 = VERTEX_POINT ( 'NONE', #7608 ) ;
#1248 = LINE ( 'NONE', #5154, #1069 ) ;
#1249 = EDGE_LOOP ( 'NONE', ( #1429, #7850, #1682, #4890 ) ) ;
#1250 = DIRECTION ( 'NONE',  ( 0.0000000000000000000, -1.000000000000000000, 0.0000000000000000000 ) ) ;
#1251 = CARTESIAN_POINT ( 'NONE',  ( 3.513682676574694241, -4.522059120240607299, 3.149999999999999023 ) ) ;
#1252 = CARTESIAN_POINT ( 'NONE',  ( 3.723740333789118839, 0.7454131522944275057, 3.100000000000000977 ) ) ;
#1253 = CARTESIAN_POINT ( 'NONE',  ( 7.499999999999999112, 7.000000000000000000, 1.000000000000000000 ) ) ;
#1254 = DIRECTION ( 'NONE',  ( 0.0000000000000000000, 0.0000000000000000000, 1.000000000000000000 ) ) ;
#1255 = LINE ( 'NONE', #6560, #4724 ) ;
#1256 = SURFACE_SIDE_STYLE ('',( #2217 ) ) ;
#1257 = VERTEX_POINT ( 'NONE', #6901 ) ;
#1258 = CARTESIAN_POINT ( 'NONE',  ( 4.293096055254888022, -4.158213973213698011, 3.200000000000000178 ) ) ;
#1259 = PLANE ( 'NONE',  #3414 ) ;
#1260 = EDGE_LOOP ( 'NONE', ( #2179, #4640, #2709, #4223 ) ) ;
#1261 = CARTESIAN_POINT ( 'NONE',  ( 4.583785022534586417, -5.126887747747466584, 3.100000000000000977 ) ) ;
#1262 = DIRECTION ( 'NONE',  ( 0.0000000000000000000, 0.0000000000000000000, 1.000000000000000000 ) ) ;
#1263 = CARTESIAN_POINT ( 'NONE',  ( 4.135190894539845452, -1.658184815384827093, 3.199999999999999734 ) ) ;
#1264 =( GEOMETRIC_REPRESENTATION_CONTEXT ( 3 ) GLOBAL_UNCERTAINTY_ASSIGNED_CONTEXT ( ( #7705 ) ) GLOBAL_UNIT_ASSIGNED_CONTEXT ( ( #9556, #1113, #8085 ) ) REPRESENTATION_CONTEXT ( 'NONE', 'WORKASPACE' ) );
#1265 = CARTESIAN_POINT ( 'NONE',  ( 3.617158064934603345, -6.513356098072114797, 3.100000000000000977 ) ) ;
#1266 = CARTESIAN_POINT ( 'NONE',  ( 4.615908915025121573, 1.376327939297132374, 3.199999999999994849 ) ) ;
#1267 = ORIENTED_EDGE ( 'NONE', *, *, #5989, .F. ) ;
#1268 = EDGE_CURVE ( 'NONE', #7317, #3893, #9129, .T. ) ;
#1269 = EDGE_LOOP ( 'NONE', ( #8399, #4377, #4532, #7461 ) ) ;
#1270 = EDGE_CURVE ( 'NONE', #5847, #6820, #8929, .T. ) ;
#1271 = FACE_BOUND ( 'NONE', #2172, .T. ) ;
#1272 = ORIENTED_EDGE ( 'NONE', *, *, #2815, .T. ) ;
#1273 = DIRECTION ( 'NONE',  ( -1.000000000000000000, 0.0000000000000000000, 0.0000000000000000000 ) ) ;
#1274 = AXIS2_PLACEMENT_3D ( 'NONE', #7692, #3807, #2292 ) ;
#1275 = CARTESIAN_POINT ( 'NONE',  ( 2.687450988534420215, -6.771886775798208191, 3.200000000000000178 ) ) ;
#1276 = SURFACE_STYLE_FILL_AREA ( #4475 ) ;
#1277 = CARTESIAN_POINT ( 'NONE',  ( 4.552422261108870494, -0.1009127285251099071, 3.099999999999910383 ) ) ;
#1278 = EDGE_CURVE ( 'NONE', #6744, #2721, #3207, .T. ) ;
#1279 = VECTOR ( 'NONE', #6594, 1000.000000000000000 ) ;
#1280 = CARTESIAN_POINT ( 'NONE',  ( 4.413438258043328233, -5.963561384361219631, 3.100000000000000977 ) ) ;
#1281 = CARTESIAN_POINT ( 'NONE',  ( 4.611815484963787348, 0.5770622246566193825, 3.099999999999996980 ) ) ;
#1282 = ORIENTED_EDGE ( 'NONE', *, *, #8428, .F. ) ;
#1283 = SURFACE_STYLE_USAGE ( .BOTH. , #6634 ) ;
#1284 = EDGE_LOOP ( 'NONE', ( #4709, #3383, #5932, #7485 ) ) ;
#1285 = EDGE_CURVE ( 'NONE', #1975, #1694, #3210, .T. ) ;
#1286 = DIRECTION ( 'NONE',  ( -1.000000000000000000, 0.0000000000000000000, 0.0000000000000000000 ) ) ;
#1287 = LINE ( 'NONE', #9822, #9124 ) ;
#1288 = MECHANICAL_DESIGN_GEOMETRIC_PRESENTATION_REPRESENTATION (  '', ( #6161 ), #637 ) ;
#1289 = CARTESIAN_POINT ( 'NONE',  ( 2.879307042667920147, -4.883044790085898867, 3.100000000000000977 ) ) ;
#1290 = FACE_OUTER_BOUND ( 'NONE', #2802, .T. ) ;
#1291 = CYLINDRICAL_SURFACE ( 'NONE', #3107, 2.399999999999999023 ) ;
#1292 = CARTESIAN_POINT ( 'NONE',  ( 4.605351601279791041, -0.03469187643231947532, 3.100000000000000533 ) ) ;
#1293 = CARTESIAN_POINT ( 'NONE',  ( -5.741792873543974274, 6.820462724888162853, 2.000000000000000000 ) ) ;
#1294 = SURFACE_SIDE_STYLE ('',( #8913 ) ) ;
#1295 = CARTESIAN_POINT ( 'NONE',  ( 4.019644505627312014, -1.518621152869605195, 3.100000000000000977 ) ) ;
#1296 = CARTESIAN_POINT ( 'NONE',  ( 3.545935232787338798, -4.522077739676891639, 3.199999999999997069 ) ) ;
#1297 = CARTESIAN_POINT ( 'NONE',  ( 7.000000000000000888, 8.000000000000000000, 3.200000000000000178 ) ) ;
#1298 = MECHANICAL_DESIGN_GEOMETRIC_PRESENTATION_REPRESENTATION (  '', ( #2897 ), #2418 ) ;
#1299 = ORIENTED_EDGE ( 'NONE', *, *, #1084, .T. ) ;
#1300 = CARTESIAN_POINT ( 'NONE',  ( 4.192932766040123660, -6.332726066967730105, 3.200000000000001066 ) ) ;
#1301 = EDGE_LOOP ( 'NONE', ( #7879, #4712, #1747, #2772 ) ) ;
#1302 = UNCERTAINTY_MEASURE_WITH_UNIT (LENGTH_MEASURE( 1.000000000000000082E-05 ), #3884, 'distance_accuracy_value', 'NONE');
#1303 = CARTESIAN_POINT ( 'NONE',  ( 3.752679047081384667, -4.918760147902585089, 3.100000000000646239 ) ) ;
#1304 = CARTESIAN_POINT ( 'NONE',  ( -4.931792873543972000, 6.480462724888162107, 2.000000000000000444 ) ) ;
#1305 = AXIS2_PLACEMENT_3D ( 'NONE', #2799, #2159, #2052 ) ;
#1306 = CARTESIAN_POINT ( 'NONE',  ( 2.743784162159144113, 0.6239099292525960294, 3.200000000000000178 ) ) ;
#1307 = CARTESIAN_POINT ( 'NONE',  ( 2.934027417830843198, -4.247837593988708527, 3.200000000000000178 ) ) ;
#1308 = CARTESIAN_POINT ( 'NONE',  ( 3.617128845827442873, 0.7142027337036626067, 3.099999999999809130 ) ) ;
#1309 = CARTESIAN_POINT ( 'NONE',  ( 2.754334287620249455, -4.729843236067249990, 3.150000000000000355 ) ) ;
#1310 = FACE_OUTER_BOUND ( 'NONE', #7740, .T. ) ;
#1311 = DIRECTION ( 'NONE',  ( 0.0000000000000000000, 0.0000000000000000000, 1.000000000000000000 ) ) ;
#1312 = VECTOR ( 'NONE', #1020, 1000.000000000000000 ) ;
#1313 = CARTESIAN_POINT ( 'NONE',  ( 4.546684312060111033, -5.158782473900300758, 3.100000000000000977 ) ) ;
#1314 = CARTESIAN_POINT ( 'NONE',  ( 2.754334287620249455, -4.729843236067249990, 3.200000000000000178 ) ) ;
#1315 = SURFACE_STYLE_FILL_AREA ( #9032 ) ;
#1316 = AXIS2_PLACEMENT_3D ( 'NONE', #1638, #9558, #7941 ) ;
#1317 = FACE_OUTER_BOUND ( 'NONE', #483, .T. ) ;
#1318 = VECTOR ( 'NONE', #6858, 1000.000000000000114 ) ;
#1319 = CARTESIAN_POINT ( 'NONE',  ( 7.000000000000000888, -8.000000000000000000, 1.200000000000000178 ) ) ;
#1320 = CARTESIAN_POINT ( 'NONE',  ( 3.140999329352721858, -6.077407526164011031, 3.100000000000000977 ) ) ;
#1321 = CARTESIAN_POINT ( 'NONE',  ( 3.533301777639871410, -1.265541394800682617, 3.200000000000000178 ) ) ;
#1322 = ORIENTED_EDGE ( 'NONE', *, *, #6815, .T. ) ;
#1323 = ORIENTED_EDGE ( 'NONE', *, *, #5308, .F. ) ;
#1324 = ORIENTED_EDGE ( 'NONE', *, *, #5928, .F. ) ;
#1325 = MECHANICAL_DESIGN_GEOMETRIC_PRESENTATION_REPRESENTATION (  '', ( #5532 ), #9595 ) ;
#1326 = VECTOR ( 'NONE', #557, 1000.000000000000000 ) ;
#1327 = CARTESIAN_POINT ( 'NONE',  ( 3.828299708090083353, -6.328748679365648222, 3.100000000000556089 ) ) ;
#1328 = CARTESIAN_POINT ( 'NONE',  ( 4.311750295402741351, -4.164850196447900998, 3.200000000000000178 ) ) ;
#1329 = EDGE_CURVE ( 'NONE', #3484, #3939, #7001, .T. ) ;
#1330 = CARTESIAN_POINT ( 'NONE',  ( 2.685153400602423801, -4.519501804072799445, 3.199999999999999734 ) ) ;
#1331 = CARTESIAN_POINT ( 'NONE',  ( 2.920940582658550611, -1.595778824271598895, 3.200000000000002842 ) ) ;
#1332 = CARTESIAN_POINT ( 'NONE',  ( 8.000000000000000000, -8.500000000000000000, 1.000000000000000000 ) ) ;
#1333 = EDGE_CURVE ( 'NONE', #5893, #3084, #8268, .T. ) ;
#1334 = CARTESIAN_POINT ( 'NONE',  ( 4.724945558062891848, 0.4922767977428808006, 3.099999999999909051 ) ) ;
#1335 = CIRCLE ( 'NONE', #1498, 0.2500000000000002220 ) ;
#1336 = VECTOR ( 'NONE', #435, 1000.000000000000000 ) ;
#1337 = CARTESIAN_POINT ( 'NONE',  ( 4.301282805137032206, -4.913854543628946026, 3.199999999999993960 ) ) ;
#1338 = CARTESIAN_POINT ( 'NONE',  ( 4.319861344348816523, 0.2419363814125669032, 3.099999999999996536 ) ) ;
#1339 = CARTESIAN_POINT ( 'NONE',  ( 2.645459414211124294, -4.701391705435599810, 3.100000000000000977 ) ) ;
#1340 = ORIENTED_EDGE ( 'NONE', *, *, #3123, .T. ) ;
#1341 = PLANE ( 'NONE',  #3969 ) ;
#1342 = AXIS2_PLACEMENT_3D ( 'NONE', #1467, #5316, #2219 ) ;
#1343 = EDGE_CURVE ( 'NONE', #1592, #4149, #6084, .T. ) ;
#1344 = CARTESIAN_POINT ( 'NONE',  ( 2.785006628829730602, -2.292143649297233132, 3.199999999999999289 ) ) ;
#1345 = CARTESIAN_POINT ( 'NONE',  ( 2.970880449133929790, 0.8453836509070262739, 3.100000000000042277 ) ) ;
#1346 = LINE ( 'NONE', #6018, #8010 ) ;
#1347 = ADVANCED_FACE ( 'NONE', ( #3675 ), #7657, .F. ) ;
#1348 = CARTESIAN_POINT ( 'NONE',  ( 3.716734576741819840, -6.291251224696813082, 3.199999999999985523 ) ) ;
#1349 = EDGE_CURVE ( 'NONE', #9711, #8252, #7974, .T. ) ;
#1350 = CARTESIAN_POINT ( 'NONE',  ( 0.0000000000000000000, 1.607763609490337808, 3.200000000000000178 ) ) ;
#1351 = SURFACE_STYLE_USAGE ( .BOTH. , #4385 ) ;
#1352 =( LENGTH_UNIT ( ) NAMED_UNIT ( * ) SI_UNIT ( .MILLI., .METRE. ) );
#1353 = CARTESIAN_POINT ( 'NONE',  ( 3.005662272014303138, 1.325388940841571106, 3.100000000000000977 ) ) ;
#1354 = CIRCLE ( 'NONE', #7041, 0.5000000000000004441 ) ;
#1355 = SURFACE_SIDE_STYLE ('',( #2008 ) ) ;
#1356 = ORIENTED_EDGE ( 'NONE', *, *, #6175, .T. ) ;
#1357 = SURFACE_SIDE_STYLE ('',( #6229 ) ) ;
#1358 = ORIENTED_EDGE ( 'NONE', *, *, #9717, .F. ) ;
#1359 = SURFACE_STYLE_FILL_AREA ( #5211 ) ;
#1360 = STYLED_ITEM ( 'NONE', ( #4462 ), #7252 ) ;
#1361 = CARTESIAN_POINT ( 'NONE',  ( 2.833066451881872450, 0.8250418078367520724, 3.100000000000000977 ) ) ;
#1362 = LINE ( 'NONE', #3468, #5993 ) ;
#1363 = PLANE ( 'NONE',  #3905 ) ;
#1364 = DIRECTION ( 'NONE',  ( -0.0000000000000000000, -0.0000000000000000000, -1.000000000000000000 ) ) ;
#1365 = CARTESIAN_POINT ( 'NONE',  ( 8.000000000000000000, -8.500000000000000000, 1.000000000000000000 ) ) ;
#1366 = ORIENTED_EDGE ( 'NONE', *, *, #9168, .T. ) ;
#1367 = CARTESIAN_POINT ( 'NONE',  ( 4.617754521284752833, -5.091687513518826869, 3.199999999999999734 ) ) ;
#1368 = CARTESIAN_POINT ( 'NONE',  ( 3.710765464547603809, -1.463961848755308326, 3.199999999999999734 ) ) ;
#1369 = CARTESIAN_POINT ( 'NONE',  ( 2.704855659786851607, -4.965673565467140449, 3.199999999999996181 ) ) ;
#1370 = VECTOR ( 'NONE', #8538, 1000.000000000000000 ) ;
#1371 =( LENGTH_UNIT ( ) NAMED_UNIT ( * ) SI_UNIT ( .MILLI., .METRE. ) );
#1372 = CARTESIAN_POINT ( 'NONE',  ( 3.081071653837733404, -6.469575795542692020, 3.100000000000000533 ) ) ;
#1373 = LINE ( 'NONE', #9954, #509 ) ;
#1374 = CARTESIAN_POINT ( 'NONE',  ( 2.723441726195808155, -1.514860795398105697, 3.200000000000000178 ) ) ;
#1375 = ORIENTED_EDGE ( 'NONE', *, *, #7307, .T. ) ;
#1376 =( NAMED_UNIT ( * ) PLANE_ANGLE_UNIT ( ) SI_UNIT ( $, .RADIAN. ) );
#1377 = SURFACE_STYLE_USAGE ( .BOTH. , #9862 ) ;
#1378 = ORIENTED_EDGE ( 'NONE', *, *, #9536, .T. ) ;
#1379 = AXIS2_PLACEMENT_3D ( 'NONE', #7100, #5609, #1757 ) ;
#1380 = CARTESIAN_POINT ( 'NONE',  ( -5.861792873543973492, 6.820462724888162853, 1.966862915010152868 ) ) ;
#1381 = CARTESIAN_POINT ( 'NONE',  ( 3.019173477510786352, -5.818673143561658989, 3.100000000000556533 ) ) ;
#1382 = CARTESIAN_POINT ( 'NONE',  ( 2.754713025317848007, -4.718805770006515132, 3.100000000000145306 ) ) ;
#1383 = CARTESIAN_POINT ( 'NONE',  ( 2.661122975638952948, -4.584812876552071259, 3.199999999999999734 ) ) ;
#1384 = CARTESIAN_POINT ( 'NONE',  ( 3.744926743741544772, 0.5082560825942449290, 3.199999999999997957 ) ) ;
#1385 = CARTESIAN_POINT ( 'NONE',  ( -3.661792873543973759, 6.820462724888163741, 2.000000000000000000 ) ) ;
#1386 = MECHANICAL_DESIGN_GEOMETRIC_PRESENTATION_REPRESENTATION (  '', ( #6589 ), #7883 ) ;
#1387 = CARTESIAN_POINT ( 'NONE',  ( 2.860455788836431701, -2.241591672793213696, 3.200000000000000622 ) ) ;
#1388 = CARTESIAN_POINT ( 'NONE',  ( 4.218016742578891254, 0.2281966579512138549, 3.099999999999996980 ) ) ;
#1389 = CARTESIAN_POINT ( 'NONE',  ( 0.006206775549458341118, 4.851300258385033537, 3.100000000000000977 ) ) ;
#1390 = ORIENTED_EDGE ( 'NONE', *, *, #3625, .T. ) ;
#1391 = CIRCLE ( 'NONE', #3475, 0.5000000000000013323 ) ;
#1392 = CARTESIAN_POINT ( 'NONE',  ( 2.863034732109268621, -2.354278392522343388, 3.199999999999997069 ) ) ;
#1393 = CARTESIAN_POINT ( 'NONE',  ( 3.787159706954390082, -4.522750936688308521, 3.100000000000596057 ) ) ;
#1394 = SURFACE_SIDE_STYLE ('',( #4530 ) ) ;
#1395 = CARTESIAN_POINT ( 'NONE',  ( 4.008160229068564284, -0.2465010501300987922, 3.099999999999993872 ) ) ;
#1396 = SURFACE_STYLE_USAGE ( .BOTH. , #5252 ) ;
#1397 = EDGE_LOOP ( 'NONE', ( #3408, #8289, #1173 ) ) ;
#1398 = CARTESIAN_POINT ( 'NONE',  ( 2.781195131605416648, 0.7778377014078352580, 3.200000000000005507 ) ) ;
#1399 = CARTESIAN_POINT ( 'NONE',  ( 2.815387845055175475, 1.356699317945351924, 3.100000000000000533 ) ) ;
#1400 = MECHANICAL_DESIGN_GEOMETRIC_PRESENTATION_REPRESENTATION (  '', ( #6274 ), #9984 ) ;
#1401 = EDGE_CURVE ( 'NONE', #7785, #8919, #71, .T. ) ;
#1402 = FILL_AREA_STYLE ('',( #2103 ) ) ;
#1403 = EDGE_LOOP ( 'NONE', ( #1919, #6205, #2589, #2237 ) ) ;
#1404 = CARTESIAN_POINT ( 'NONE',  ( 4.768476202319270385, -6.258134412343799191, 3.200000000000002842 ) ) ;
#1405 = VERTEX_POINT ( 'NONE', #1816 ) ;
#1406 = EDGE_CURVE ( 'NONE', #5607, #7509, #5165, .T. ) ;
#1407 = EDGE_CURVE ( 'NONE', #7132, #3568, #8819, .T. ) ;
#1408 = CARTESIAN_POINT ( 'NONE',  ( -8.000000000000000000, 8.499999999999998224, 1.000000000000000000 ) ) ;
#1409 = STYLED_ITEM ( 'NONE', ( #8934 ), #336 ) ;
#1410 = SURFACE_SIDE_STYLE ('',( #8375 ) ) ;
#1411 = CARTESIAN_POINT ( 'NONE',  ( 2.704855659786851607, -4.965673565467140449, 3.100000000000094680 ) ) ;
#1412 = CARTESIAN_POINT ( 'NONE',  ( 2.815288418161955963, 0.8147435701991072587, 3.099999999999999201 ) ) ;
#1413 = DIRECTION ( 'NONE',  ( 0.0000000000000000000, 0.0000000000000000000, 1.000000000000000000 ) ) ;
#1414 = CARTESIAN_POINT ( 'NONE',  ( -5.741792873543975162, 6.695665438166664707, 2.000000000000000000 ) ) ;
#1415 = CARTESIAN_POINT ( 'NONE',  ( 3.082062453140811176, -1.426953089927816443, 3.200000000000000622 ) ) ;
#1416 = CARTESIAN_POINT ( 'NONE',  ( -4.978655788554127604, 6.820462724888162853, 2.000000000000000888 ) ) ;
#1417 = PLANE ( 'NONE',  #3717 ) ;
#1418 = CARTESIAN_POINT ( 'NONE',  ( 2.842108460396558733, -1.766068510802464964, 3.099999999999971223 ) ) ;
#1419 = B_SPLINE_CURVE_WITH_KNOTS ( 'NONE', 3,
 ( #4964, #3469, #338, #1064, #1973, #5727, #3418 ),
 .UNSPECIFIED., .F., .F.,
 ( 4, 1, 1, 1, 4 ),
 ( 0.0000000000000000000, 3.180744988506113902E-05, 5.846084443269251174E-05, 8.128808094881840674E-05, 0.0001013050427482392677 ),
 .UNSPECIFIED. ) ;
#1420 = ORIENTED_EDGE ( 'NONE', *, *, #7987, .T. ) ;
#1421 = CARTESIAN_POINT ( 'NONE',  ( 3.559234291447569198, -5.379561141934606106, 3.100000000000000977 ) ) ;
#1422 = PRESENTATION_STYLE_ASSIGNMENT (( #2464 ) ) ;
#1423 = LINE ( 'NONE', #2972, #9915 ) ;
#1424 = CARTESIAN_POINT ( 'NONE',  ( 3.440136819888167885, -4.081058655827468407, 3.100000000000000089 ) ) ;
#1425 = CARTESIAN_POINT ( 'NONE',  ( 3.914090693768523810, -1.364082788787137179, 3.099999999999968114 ) ) ;
#1426 = CARTESIAN_POINT ( 'NONE',  ( 3.082157543590724025, -6.529468419982971561, 3.200000000000001954 ) ) ;
#1427 = CARTESIAN_POINT ( 'NONE',  ( 4.429656558014923640, -4.902362045279051728, 3.199999999999999734 ) ) ;
#1428 = CARTESIAN_POINT ( 'NONE',  ( 3.617128845827442873, 0.7142027337036626067, 3.100000000000000977 ) ) ;
#1429 = ORIENTED_EDGE ( 'NONE', *, *, #157, .T. ) ;
#1430 = CARTESIAN_POINT ( 'NONE',  ( 8.000000000000000000, -8.500000000000000000, 1.000000000000000000 ) ) ;
#1431 = CARTESIAN_POINT ( 'NONE',  ( 4.299858967233005203, -5.289073498880191515, 3.100000000000000533 ) ) ;
#1432 = ORIENTED_EDGE ( 'NONE', *, *, #761, .T. ) ;
#1433 = CARTESIAN_POINT ( 'NONE',  ( -5.861792873543974380, 4.620462724888160011, 1.920000000000000151 ) ) ;
#1434 = SURFACE_STYLE_FILL_AREA ( #9763 ) ;
#1435 = CARTESIAN_POINT ( 'NONE',  ( 2.759928226452438960, -4.399559845513985046, 3.200000000000001066 ) ) ;
#1436 = CARTESIAN_POINT ( 'NONE',  ( 3.815406286959891258, 0.3551915495727691052, 3.199999999999997069 ) ) ;
#1437 = ORIENTED_EDGE ( 'NONE', *, *, #4630, .T. ) ;
#1438 = EDGE_CURVE ( 'NONE', #1627, #3371, #4936, .T. ) ;
#1439 = CARTESIAN_POINT ( 'NONE',  ( 3.832641900575986860, -4.918496093054779195, 3.199999999999993516 ) ) ;
#1440 = CARTESIAN_POINT ( 'NONE',  ( 4.721175254456713155, -4.509979892026461989, 3.200000000000008171 ) ) ;
#1441 = DIRECTION ( 'NONE',  ( -0.0000000000000000000, -1.000000000000000000, -0.0000000000000000000 ) ) ;
#1442 = STYLED_ITEM ( 'NONE', ( #3693 ), #1041 ) ;
#1443 = EDGE_LOOP ( 'NONE', ( #7788, #5473, #3093, #9611 ) ) ;
#1444 = CARTESIAN_POINT ( 'NONE',  ( -3.861792873543974380, 5.020462724888164807, 1.966862915010151980 ) ) ;
#1445 = CARTESIAN_POINT ( 'NONE',  ( 2.668174125155262644, -2.044990573025639691, 3.200000000000000178 ) ) ;
#1446 = CARTESIAN_POINT ( 'NONE',  ( -5.781792873543974309, 6.820462724888162853, 2.000000000000000000 ) ) ;
#1447 = VECTOR ( 'NONE', #5281, 999.9999999999998863 ) ;
#1448 = CARTESIAN_POINT ( 'NONE',  ( 3.746039855051066070, -0.04893044145418147528, 3.099999999999999201 ) ) ;
#1449 = ORIENTED_EDGE ( 'NONE', *, *, #7626, .T. ) ;
#1450 = CARTESIAN_POINT ( 'NONE',  ( 2.886984554858786023, 0.8389299196127962821, 3.200000000000005507 ) ) ;
#1451 = CARTESIAN_POINT ( 'NONE',  ( 2.865968718866490850, 1.335757294805688833, 3.199999999999997957 ) ) ;
#1452 = LINE ( 'NONE', #7651, #322 ) ;
#1453 = VERTEX_POINT ( 'NONE', #4900 ) ;
#1454 = CIRCLE ( 'NONE', #8102, 2.500000000000000000 ) ;
#1455 = CARTESIAN_POINT ( 'NONE',  ( 2.774425337651444057, -0.4765480619099384252, 3.199999999999998845 ) ) ;
#1456 = ORIENTED_EDGE ( 'NONE', *, *, #4198, .T. ) ;
#1457 = CARTESIAN_POINT ( 'NONE',  ( 4.750505603344540084, -6.077483467664504424, 3.199999999999998845 ) ) ;
#1458 =( NAMED_UNIT ( * ) PLANE_ANGLE_UNIT ( ) SI_UNIT ( $, .RADIAN. ) );
#1459 = CARTESIAN_POINT ( 'NONE',  ( 4.409508499425878192, -6.087305106487285400, 3.199999999999999289 ) ) ;
#1460 = LINE ( 'NONE', #7659, #7405 ) ;
#1461 =( GEOMETRIC_REPRESENTATION_CONTEXT ( 3 ) GLOBAL_UNCERTAINTY_ASSIGNED_CONTEXT ( ( #4006 ) ) GLOBAL_UNIT_ASSIGNED_CONTEXT ( ( #9465, #8656, #5603 ) ) REPRESENTATION_CONTEXT ( 'NONE', 'WORKASPACE' ) );
#1462 = ADVANCED_FACE ( 'NONE', ( #9577 ), #2510, .T. ) ;
#1463 = CARTESIAN_POINT ( 'NONE',  ( -5.718857051891033549, 6.575421166376453463, 2.000000000000000000 ) ) ;
#1464 = FACE_OUTER_BOUND ( 'NONE', #1301, .T. ) ;
#1465 = ADVANCED_FACE ( 'NONE', ( #4143 ), #8718, .T. ) ;
#1466 = CARTESIAN_POINT ( 'NONE',  ( -4.511792873543972959, 6.820462724888163741, 1.920000000000000373 ) ) ;
#1467 = CARTESIAN_POINT ( 'NONE',  ( 8.000000000000000000, 7.000000000000000000, 0.0000000000000000000 ) ) ;
#1468 = PRESENTATION_LAYER_ASSIGNMENT (  '', '', ( #9080 ) ) ;
#1469 = B_SPLINE_SURFACE_WITH_KNOTS ( 'NONE', 3, 1, ( 
 ( #2412, #6339 ),
 ( #9531, #8720 ),
 ( #1867, #4793 ),
 ( #7913, #74 ),
 ( #5512, #2562 ),
 ( #4902, #3267 ),
 ( #3357, #1818 ),
 ( #8771, #4952 ),
 ( #4031, #8020 ),
 ( #1051, #7154 ),
 ( #8622, #179 ) ),
 .UNSPECIFIED., .F., .F., .F.,
 ( 4, 1, 1, 1, 1, 1, 1, 1, 4 ),
 ( 2, 2 ),
 ( 0.0000000000000000000, 0.1313298222335077259, 0.2556192477203600988, 0.3776571467643127789, 0.5017021076235237409, 0.6263882816371330042, 0.7470994350362163416, 0.8706914859894491210, 1.000000000000000000 ),
 ( 0.0000000000000000000, 1.000000000000000000 ),
 .UNSPECIFIED. ) ;
#1470 = CARTESIAN_POINT ( 'NONE',  ( 2.877544866831356352, -0.3716814843965435822, 3.099999999999999645 ) ) ;
#1471 = EDGE_CURVE ( 'NONE', #5254, #4732, #676, .T. ) ;
#1472 = CARTESIAN_POINT ( 'NONE',  ( 4.617257111490873811, 0.8497528865176094959, 3.100000000000067146 ) ) ;
#1473 =( NAMED_UNIT ( * ) SI_UNIT ( $, .STERADIAN. ) SOLID_ANGLE_UNIT ( ) );
#1474 = EDGE_CURVE ( 'NONE', #9757, #9318, #8869, .T. ) ;
#1475 = SURFACE_STYLE_FILL_AREA ( #3946 ) ;
#1476 = CARTESIAN_POINT ( 'NONE',  ( 3.795089687780361043, -2.167458239457744185, 3.199999999999998401 ) ) ;
#1477 = EDGE_CURVE ( 'NONE', #6710, #3580, #3455, .T. ) ;
#1478 = DIRECTION ( 'NONE',  ( -0.0000000000000000000, -0.0000000000000000000, -1.000000000000000000 ) ) ;
#1479 = ORIENTED_EDGE ( 'NONE', *, *, #5, .T. ) ;
#1480 = VECTOR ( 'NONE', #3604, 1000.000000000000000 ) ;
#1481 = ORIENTED_EDGE ( 'NONE', *, *, #5602, .F. ) ;
#1482 =( NAMED_UNIT ( * ) PLANE_ANGLE_UNIT ( ) SI_UNIT ( $, .RADIAN. ) );
#1483 = ORIENTED_EDGE ( 'NONE', *, *, #6126, .T. ) ;
#1484 = SURFACE_STYLE_USAGE ( .BOTH. , #568 ) ;
#1485 = CARTESIAN_POINT ( 'NONE',  ( -2.000000000000000888, 5.000000000000000000, 3.000000000000000000 ) ) ;
#1486 = STYLED_ITEM ( 'NONE', ( #5675 ), #4805 ) ;
#1487 = VECTOR ( 'NONE', #7819, 1000.000000000000000 ) ;
#1488 = CARTESIAN_POINT ( 'NONE',  ( 4.222586391642006554, -4.135544254863375180, 3.100000000000000533 ) ) ;
#1489 = CARTESIAN_POINT ( 'NONE',  ( 8.000000000000000000, -5.000000000000000000, 2.200000000000000178 ) ) ;
#1490 = ORIENTED_EDGE ( 'NONE', *, *, #2068, .F. ) ;
#1491 = ORIENTED_EDGE ( 'NONE', *, *, #9791, .F. ) ;
#1492 = DIRECTION ( 'NONE',  ( 1.000000000000000000, 0.0000000000000000000, -0.0000000000000000000 ) ) ;
#1493 = VECTOR ( 'NONE', #8398, 1000.000000000000000 ) ;
#1494 = DIRECTION ( 'NONE',  ( -0.0000000000000000000, 1.000000000000000000, 0.0000000000000000000 ) ) ;
#1495 = ORIENTED_EDGE ( 'NONE', *, *, #8850, .F. ) ;
#1496 = CARTESIAN_POINT ( 'NONE',  ( 3.657959409283225938, -5.381592666098002908, 3.099999999999520028 ) ) ;
#1497 =( NAMED_UNIT ( * ) SI_UNIT ( $, .STERADIAN. ) SOLID_ANGLE_UNIT ( ) );
#1498 = AXIS2_PLACEMENT_3D ( 'NONE', #4548, #9230, #1514 ) ;
#1499 = SURFACE_STYLE_FILL_AREA ( #8555 ) ;
#1500 = ORIENTED_EDGE ( 'NONE', *, *, #9287, .T. ) ;
#1501 =( NAMED_UNIT ( * ) SI_UNIT ( $, .STERADIAN. ) SOLID_ANGLE_UNIT ( ) );
#1502 = CARTESIAN_POINT ( 'NONE',  ( 2.747125544358810956, 1.492334538811059153, 3.199999999999997513 ) ) ;
#1503 = CARTESIAN_POINT ( 'NONE',  ( 3.908358406790647166, -1.364663185891277886, 3.099999999999623057 ) ) ;
#1504 = ORIENTED_EDGE ( 'NONE', *, *, #4618, .T. ) ;
#1505 = VECTOR ( 'NONE', #4967, 1000.000000000000000 ) ;
#1506 = VERTEX_POINT ( 'NONE', #5763 ) ;
#1507 = UNCERTAINTY_MEASURE_WITH_UNIT (LENGTH_MEASURE( 1.000000000000000082E-05 ), #2689, 'distance_accuracy_value', 'NONE');
#1508 = CARTESIAN_POINT ( 'NONE',  ( 4.715744222176136091, -5.981412035498235191, 3.199999999999999289 ) ) ;
#1509 = CARTESIAN_POINT ( 'NONE',  ( 3.095810266113900422, -1.427634176299824809, 3.200000000000002398 ) ) ;
#1510 = CARTESIAN_POINT ( 'NONE',  ( 3.744926743741544772, 0.5082560825942449290, 3.200000000000001066 ) ) ;
#1511 = CARTESIAN_POINT ( 'NONE',  ( 3.031527665105265612, 0.8465240924424974889, 3.100000000000000977 ) ) ;
#1512 = SURFACE_STYLE_FILL_AREA ( #9273 ) ;
#1513 = CARTESIAN_POINT ( 'NONE',  ( 3.086637191118137391, -5.871976742484529943, 3.200000000000000622 ) ) ;
#1514 = DIRECTION ( 'NONE',  ( -1.000000000000000000, 0.0000000000000000000, 0.0000000000000000000 ) ) ;
#1515 = DIRECTION ( 'NONE',  ( 0.0000000000000000000, 0.0000000000000000000, 1.000000000000000000 ) ) ;
#1516 = CARTESIAN_POINT ( 'NONE',  ( -6.999999999999999112, -8.000000000000001776, 3.200000000000000178 ) ) ;
#1517 = CARTESIAN_POINT ( 'NONE',  ( 2.892666957616261580, -2.303243501095311174, 3.099999999999932143 ) ) ;
#1518 = VERTEX_POINT ( 'NONE', #4333 ) ;
#1519 = EDGE_CURVE ( 'NONE', #6061, #8439, #953, .T. ) ;
#1520 = CARTESIAN_POINT ( 'NONE',  ( 3.657959409283225938, -5.381592666098003797, 3.200000000000001066 ) ) ;
#1521 = EDGE_CURVE ( 'NONE', #4856, #7136, #9634, .T. ) ;
#1522 = CARTESIAN_POINT ( 'NONE',  ( 3.640731487194883709, -4.066864314417168558, 3.200000000000000178 ) ) ;
#1523 = FACE_OUTER_BOUND ( 'NONE', #10027, .T. ) ;
#1524 = CARTESIAN_POINT ( 'NONE',  ( 2.879307042667920147, -4.883044790085898867, 3.100000000000648015 ) ) ;
#1525 = CARTESIAN_POINT ( 'NONE',  ( 3.629616442638524454, -2.175695449485798072, 3.199999999999998845 ) ) ;
#1526 = VECTOR ( 'NONE', #9631, 1000.000000000000114 ) ;
#1527 = ORIENTED_EDGE ( 'NONE', *, *, #3971, .F. ) ;
#1528 = ORIENTED_EDGE ( 'NONE', *, *, #9030, .T. ) ;
#1529 = ORIENTED_EDGE ( 'NONE', *, *, #8791, .F. ) ;
#1530 = EDGE_CURVE ( 'NONE', #4000, #411, #2650, .T. ) ;
#1531 = CARTESIAN_POINT ( 'NONE',  ( 9.664887937585069506E-16, -7.800000000000001599, 3.199999999999999734 ) ) ;
#1532 = CARTESIAN_POINT ( 'NONE',  ( 7.499999999999999112, 7.000000000000000000, 2.200000000000000178 ) ) ;
#1533 = ORIENTED_EDGE ( 'NONE', *, *, #6259, .T. ) ;
#1534 = B_SPLINE_CURVE_WITH_KNOTS ( 'NONE', 3,
 ( #504, #4217, #3433, #2823, #8133, #5740, #5940, #9660, #2673, #1932, #1166 ),
 .UNSPECIFIED., .F., .F.,
 ( 4, 1, 1, 1, 1, 1, 1, 1, 4 ),
 ( 4.336808689942017736E-19, 1.861255361281918946E-05, 3.704130172807247221E-05, 5.733188191235408216E-05, 8.118773474609875462E-05, 9.847844423520018121E-05, 0.0001245713453667381891, 0.0001595013384170444043, 0.0002033575986055861993 ),
 .UNSPECIFIED. ) ;
#1535 = ADVANCED_FACE ( 'NONE', ( #1955 ), #8208, .T. ) ;
#1536 = B_SPLINE_SURFACE_WITH_KNOTS ( 'NONE', 3, 1, ( 
 ( #3297, #7087 ),
 ( #7134, #9352 ),
 ( #873, #3191 ),
 ( #110, #1850 ),
 ( #2391, #8003 ),
 ( #160, #1031 ),
 ( #1081, #6428 ),
 ( #4119, #4932 ),
 ( #3964, #4175 ),
 ( #5744, #8852 ),
 ( #4979, #356 ) ),
 .UNSPECIFIED., .F., .F., .F.,
 ( 4, 1, 1, 1, 1, 1, 1, 1, 4 ),
 ( 2, 2 ),
 ( 0.0000000000000000000, 0.1318269714087799138, 0.2584674935039734667, 0.3821327018320990754, 0.5034767361609832070, 0.6255670536496368284, 0.7469622222875939022, 0.8715546599504943037, 1.000000000000000000 ),
 ( 0.0000000000000000000, 1.000000000000000000 ),
 .UNSPECIFIED. ) ;
#1537 = EDGE_CURVE ( 'NONE', #9410, #675, #9686, .T. ) ;
#1539 =( GEOMETRIC_REPRESENTATION_CONTEXT ( 3 ) GLOBAL_UNCERTAINTY_ASSIGNED_CONTEXT ( ( #5037 ) ) GLOBAL_UNIT_ASSIGNED_CONTEXT ( ( #8651, #7747, #164 ) ) REPRESENTATION_CONTEXT ( 'NONE', 'WORKASPACE' ) );
#1538 = CARTESIAN_POINT ( 'NONE',  ( 2.934027417830843198, -4.247837593988708527, 3.100000000000000977 ) ) ;
#1540 = CARTESIAN_POINT ( 'NONE',  ( 2.506206775549459032, 4.851300258385033537, 3.100000000000000977 ) ) ;
#1541 = DIRECTION ( 'NONE',  ( -0.0000000000000000000, -0.0000000000000000000, -1.000000000000000000 ) ) ;
#1542 = DIRECTION ( 'NONE',  ( -0.0000000000000000000, -0.0000000000000000000, -1.000000000000000000 ) ) ;
#1543 =( LENGTH_UNIT ( ) NAMED_UNIT ( * ) SI_UNIT ( .MILLI., .METRE. ) );
#1544 = ORIENTED_EDGE ( 'NONE', *, *, #8727, .T. ) ;
#1545 = CARTESIAN_POINT ( 'NONE',  ( 4.477390176516555798, 0.3108221212578366477, 3.199999999999998401 ) ) ;
#1546 = DIRECTION ( 'NONE',  ( 0.9999989737374276322, 0.001432663286156703186, 0.0000000000000000000 ) ) ;
#1547 = CARTESIAN_POINT ( 'NONE',  ( 2.785006628829730602, -2.292143649297233132, 3.199999999999995293 ) ) ;
#1548 = CARTESIAN_POINT ( 'NONE',  ( 2.946937800718218092, -4.550761772151757256, 3.100000000000000977 ) ) ;
#1549 =( GEOMETRIC_REPRESENTATION_CONTEXT ( 3 ) GLOBAL_UNCERTAINTY_ASSIGNED_CONTEXT ( ( #3398 ) ) GLOBAL_UNIT_ASSIGNED_CONTEXT ( ( #6730, #8308, #4433 ) ) REPRESENTATION_CONTEXT ( 'NONE', 'WORKASPACE' ) );
#1550 = CARTESIAN_POINT ( 'NONE',  ( 2.942945191042287245, -1.015397856219682149, 3.199999999999999289 ) ) ;
#1551 = DIRECTION ( 'NONE',  ( 0.9999986672246552466, 0.001632650885264665640, 0.0000000000000000000 ) ) ;
#1552 = ORIENTED_EDGE ( 'NONE', *, *, #5362, .T. ) ;
#1553 = FILL_AREA_STYLE_COLOUR ( '', #6504 ) ;
#1554 = CARTESIAN_POINT ( 'NONE',  ( 4.264559180978268138, -6.788830544899951747, 3.200000000000000178 ) ) ;
#1555 = FACE_OUTER_BOUND ( 'NONE', #2781, .T. ) ;
#1556 = ORIENTED_EDGE ( 'NONE', *, *, #3686, .T. ) ;
#1557 = VECTOR ( 'NONE', #3883, 1000.000000000000000 ) ;
#1558 = CARTESIAN_POINT ( 'NONE',  ( 4.664853709735462317, -4.730495357747679819, 3.200000000000000622 ) ) ;
#1559 = ORIENTED_EDGE ( 'NONE', *, *, #3300, .F. ) ;
#1560 = CARTESIAN_POINT ( 'NONE',  ( 4.202134768498160255, -5.604550262420206153, 3.200000000000000178 ) ) ;
#1561 = CARTESIAN_POINT ( 'NONE',  ( 2.645415223718840192, -4.746548895028009696, 3.100000000000000533 ) ) ;
#1562 = PRESENTATION_LAYER_ASSIGNMENT (  '', '', ( #6274 ) ) ;
#1563 = CARTESIAN_POINT ( 'NONE',  ( 3.764547179682534495, 0.4407173584151901080, 3.200000000000001066 ) ) ;
#1564 = DIRECTION ( 'NONE',  ( -1.000000000000000000, 0.0000000000000000000, 0.0000000000000000000 ) ) ;
#1565 = CARTESIAN_POINT ( 'NONE',  ( 7.000000000000000888, -8.000000000000000000, 3.200000000000000178 ) ) ;
#1566 = CARTESIAN_POINT ( 'NONE',  ( 2.968666388611892248, -1.469634557140085729, 3.100000000000000977 ) ) ;
#1567 = CARTESIAN_POINT ( 'NONE',  ( -4.761792873543973847, 6.820462724888163741, 2.000000000000000000 ) ) ;
#1568 = ORIENTED_EDGE ( 'NONE', *, *, #8117, .T. ) ;
#1569 = VECTOR ( 'NONE', #6138, 1000.000000000000000 ) ;
#1570 =( BOUNDED_CURVE ( )  B_SPLINE_CURVE ( 3, ( #5752, #4983, #8094, #1121 ),
 .UNSPECIFIED., .F., .T. ) 
 B_SPLINE_CURVE_WITH_KNOTS ( ( 4, 4 ),
 ( 0.0000000000000000000, 1.000000000000000000 ),
 .UNSPECIFIED. ) 
 CURVE ( )  GEOMETRIC_REPRESENTATION_ITEM ( )  RATIONAL_B_SPLINE_CURVE ( ( 1.000000000000000000, 0.3333333333333350357, 0.3333333333333350357, 1.000000000000000000 ) ) 
 REPRESENTATION_ITEM ( '' )  );
#1571 = DIRECTION ( 'NONE',  ( -1.000000000000000000, 0.0000000000000000000, 0.0000000000000000000 ) ) ;
#1572 = DIRECTION ( 'NONE',  ( -0.0000000000000000000, -1.000000000000000000, -0.0000000000000000000 ) ) ;
#1573 = FILL_AREA_STYLE_COLOUR ( '', #2088 ) ;
#1574 = CARTESIAN_POINT ( 'NONE',  ( 2.698046528498621477, -1.457941016052661354, 3.100000000000047606 ) ) ;
#1575 = ORIENTED_EDGE ( 'NONE', *, *, #9599, .T. ) ;
#1576 = ORIENTED_EDGE ( 'NONE', *, *, #2077, .F. ) ;
#1577 = CARTESIAN_POINT ( 'NONE',  ( 1.542591163728720183, 4.142466198028849078, 3.200000000000000178 ) ) ;
#1578 = DIRECTION ( 'NONE',  ( -1.000000000000000000, 0.0000000000000000000, 0.0000000000000000000 ) ) ;
#1579 = ORIENTED_EDGE ( 'NONE', *, *, #6004, .F. ) ;
#1580 = CARTESIAN_POINT ( 'NONE',  ( 2.990701698550297216, -4.213630959953184707, 3.200000000000000178 ) ) ;
#1581 = DIRECTION ( 'NONE',  ( 1.000000000000000000, 0.0000000000000000000, 0.0000000000000000000 ) ) ;
#1582 = DIRECTION ( 'NONE',  ( 0.9342848360900176674, 0.3565274814824924143, 0.0000000000000000000 ) ) ;
#1583 = EDGE_CURVE ( 'NONE', #6452, #6744, #3696, .T. ) ;
#1584 = CARTESIAN_POINT ( 'NONE',  ( 4.076134736181847629, -4.100912267701843916, 3.200000000000000622 ) ) ;
#1585 = CARTESIAN_POINT ( 'NONE',  ( 2.669100637406973675, -1.973093306832810034, 3.199999999999990408 ) ) ;
#1586 = CARTESIAN_POINT ( 'NONE',  ( 4.135395816089626919, -1.701773279296272312, 3.100000000000679101 ) ) ;
#1587 = ORIENTED_EDGE ( 'NONE', *, *, #8372, .T. ) ;
#1588 = CARTESIAN_POINT ( 'NONE',  ( 4.264559180978268138, -6.788830544899951747, 3.200000000000000622 ) ) ;
#1589 = ADVANCED_FACE ( 'NONE', ( #8066 ), #10039, .T. ) ;
#1590 = EDGE_CURVE ( 'NONE', #7474, #1405, #2385, .T. ) ;
#1591 =( NAMED_UNIT ( * ) PLANE_ANGLE_UNIT ( ) SI_UNIT ( $, .RADIAN. ) );
#1592 = VERTEX_POINT ( 'NONE', #9395 ) ;
#1593 = UNCERTAINTY_MEASURE_WITH_UNIT (LENGTH_MEASURE( 1.000000000000000082E-05 ), #2906, 'distance_accuracy_value', 'NONE');
#1594 = CARTESIAN_POINT ( 'NONE',  ( 3.043716028331602708, 1.325070198687567480, 3.199999999999998845 ) ) ;
#1595 = CARTESIAN_POINT ( 'NONE',  ( 2.685221545231559315, -5.571108612877292643, 3.100000000000000977 ) ) ;
#1596 = EDGE_CURVE ( 'NONE', #742, #7474, #2900, .T. ) ;
#1597 = FACE_OUTER_BOUND ( 'NONE', #3382, .T. ) ;
#1598 = AXIS2_PLACEMENT_3D ( 'NONE', #5147, #6737, #5044 ) ;
#1599 = CARTESIAN_POINT ( 'NONE',  ( 4.048303180600754558, -6.357210321466068237, 3.099999999999865530 ) ) ;
#1600 = EDGE_CURVE ( 'NONE', #9385, #6388, #583, .T. ) ;
#1601 = PLANE ( 'NONE',  #5026 ) ;
#1602 = ORIENTED_EDGE ( 'NONE', *, *, #3690, .F. ) ;
#1603 =( LENGTH_UNIT ( ) NAMED_UNIT ( * ) SI_UNIT ( .MILLI., .METRE. ) );
#1604 = VERTEX_POINT ( 'NONE', #5486 ) ;
#1605 = UNCERTAINTY_MEASURE_WITH_UNIT (LENGTH_MEASURE( 1.000000000000000082E-05 ), #331, 'distance_accuracy_value', 'NONE');
#1606 = DIRECTION ( 'NONE',  ( 0.0000000000000000000, 0.0000000000000000000, 1.000000000000000000 ) ) ;
#1607 = AXIS2_PLACEMENT_3D ( 'NONE', #6393, #9476, #5614 ) ;
#1608 = B_SPLINE_CURVE_WITH_KNOTS ( 'NONE', 3,
 ( #2304, #4539, #5208, #6945, #1455, #4494, #3055 ),
 .UNSPECIFIED., .F., .F.,
 ( 4, 1, 1, 1, 4 ),
 ( 0.0000000000000000000, 3.966532181548419408E-05, 7.806996510594486904E-05, 0.0001158999429215197503, 0.0001541139912722767934 ),
 .UNSPECIFIED. ) ;
#1609 = CARTESIAN_POINT ( 'NONE',  ( 3.854912104464056188, 0.3172266791225910598, 3.199999999999999289 ) ) ;
#1610 = FACE_OUTER_BOUND ( 'NONE', #6647, .T. ) ;
#1611 = FACE_OUTER_BOUND ( 'NONE', #7831, .T. ) ;
#1612 = CARTESIAN_POINT ( 'NONE',  ( 4.086615252651868424, -6.356030469783342518, 3.100000000000820322 ) ) ;
#1613 =( GEOMETRIC_REPRESENTATION_CONTEXT ( 3 ) GLOBAL_UNCERTAINTY_ASSIGNED_CONTEXT ( ( #7510 ) ) GLOBAL_UNIT_ASSIGNED_CONTEXT ( ( #137, #4205, #5574 ) ) REPRESENTATION_CONTEXT ( 'NONE', 'WORKASPACE' ) );
#1614 = B_SPLINE_SURFACE_WITH_KNOTS ( 'NONE', 3, 1, ( 
 ( #2101, #7553 ),
 ( #5150, #1958 ),
 ( #1295, #6596 ),
 ( #5861, #1192 ),
 ( #8211, #586 ),
 ( #5204, #6740 ),
 ( #3667, #9689 ) ),
 .UNSPECIFIED., .F., .F., .F.,
 ( 4, 1, 1, 1, 4 ),
 ( 2, 2 ),
 ( 0.0000000000000000000, 0.2770806417851770509, 0.5316678069404828788, 0.7723694896600875603, 1.000000000000000000 ),
 ( 0.0000000000000000000, 1.000000000000000000 ),
 .UNSPECIFIED. ) ;
#1615 = ORIENTED_EDGE ( 'NONE', *, *, #5059, .T. ) ;
#1616 = FACE_OUTER_BOUND ( 'NONE', #9546, .T. ) ;
#1617 = CARTESIAN_POINT ( 'NONE',  ( 4.293096055254888022, -4.158213973213698011, 3.200000000000000178 ) ) ;
#1618 = MECHANICAL_DESIGN_GEOMETRIC_PRESENTATION_REPRESENTATION (  '', ( #8443 ), #159 ) ;
#1619 = DIRECTION ( 'NONE',  ( 0.0000000000000000000, 0.0000000000000000000, 1.000000000000000000 ) ) ;
#1620 = CARTESIAN_POINT ( 'NONE',  ( 4.373104652323418939, -5.262124450917020191, 3.099999999999854428 ) ) ;
#1621 = DIRECTION ( 'NONE',  ( -1.000000000000000000, 0.0000000000000000000, 0.0000000000000000000 ) ) ;
#1622 = CARTESIAN_POINT ( 'NONE',  ( 3.473434680021454835, 5.408671292847225587, 3.100000000000000977 ) ) ;
#1623 = LINE ( 'NONE', #2577, #6528 ) ;
#1624 = CARTESIAN_POINT ( 'NONE',  ( 0.006206775549458341118, 4.851300258385033537, 3.100000000000000977 ) ) ;
#1625 = ORIENTED_EDGE ( 'NONE', *, *, #5245, .F. ) ;
#1626 = CARTESIAN_POINT ( 'NONE',  ( 4.368033655526867953, -4.533347979838694641, 3.199999999999982414 ) ) ;
#1627 = VERTEX_POINT ( 'NONE', #6788 ) ;
#1628 = DIRECTION ( 'NONE',  ( -0.9999986672246552466, -0.001632650885264664556, 0.0000000000000000000 ) ) ;
#1629 = AXIS2_PLACEMENT_3D ( 'NONE', #9186, #3116, #4649 ) ;
#1630 = B_SPLINE_CURVE_WITH_KNOTS ( 'NONE', 3,
 ( #656, #6043, #6959, #2273, #8435, #7670, #3738, #5227, #5170, #4410, #9142 ),
 .UNSPECIFIED., .F., .F.,
 ( 4, 1, 1, 1, 1, 1, 1, 1, 4 ),
 ( 0.0000000000000000000, 2.452018182838538562E-05, 5.180150464465411590E-05, 8.258591273161374185E-05, 0.0001165884028337030157, 0.0001547575879250530926, 0.0001969068185652209243, 0.0002427979777489972174, 0.0002925032185154506897 ),
 .UNSPECIFIED. ) ;
#1631 = CARTESIAN_POINT ( 'NONE',  ( 2.911656349946383671, -4.263258096711371792, 3.200000000000000178 ) ) ;
#1632 = ORIENTED_EDGE ( 'NONE', *, *, #5318, .T. ) ;
#1633 = CARTESIAN_POINT ( 'NONE',  ( 4.188317976684174937, 4.059528275238469597, 3.200000000000000178 ) ) ;
#1634 = DIRECTION ( 'NONE',  ( -0.0000000000000000000, -0.0000000000000000000, -1.000000000000000000 ) ) ;
#1635 = CARTESIAN_POINT ( 'NONE',  ( -8.000000000000000000, 6.499999999999999112, 1.000000000000000000 ) ) ;
#1636 = CARTESIAN_POINT ( 'NONE',  ( 4.379371385857571575, -0.2259695637947657654, 3.199999999999998401 ) ) ;
#1637 = B_SPLINE_SURFACE_WITH_KNOTS ( 'NONE', 3, 1, ( 
 ( #6849, #8471 ),
 ( #3725, #9323 ),
 ( #9890, #6034 ),
 ( #2166, #4499 ),
 ( #2964, #2606 ),
 ( #9369, #9423 ),
 ( #128, #7966 ),
 ( #1715, #7205 ),
 ( #942, #5563 ),
 ( #4746, #895 ),
 ( #278, #2512 ) ),
 .UNSPECIFIED., .F., .F., .F.,
 ( 4, 1, 1, 1, 1, 1, 1, 1, 4 ),
 ( 2, 2 ),
 ( 0.0000000000000000000, 0.1813875105288155209, 0.3351299242893486241, 0.4645793521475836685, 0.5720751070711228570, 0.6709200614037387211, 0.7733180662433136732, 0.8814769429303604964, 1.000000000000000000 ),
 ( 0.0000000000000000000, 1.000000000000000000 ),
 .UNSPECIFIED. ) ;
#1638 = CARTESIAN_POINT ( 'NONE',  ( -4.761792873543973847, 6.820462724888163741, 1.920000000000000373 ) ) ;
#1639 = CARTESIAN_POINT ( 'NONE',  ( 4.115281287811521693, -1.864250767743167669, 3.100000000000678213 ) ) ;
#1640 = VERTEX_POINT ( 'NONE', #2435 ) ;
#1641 = CARTESIAN_POINT ( 'NONE',  ( 3.550691435402186347, -3.690006489136672840, 3.100000000000000977 ) ) ;
#1642 = DIRECTION ( 'NONE',  ( -0.0000000000000000000, -0.0000000000000000000, -1.000000000000000000 ) ) ;
#1643 = ORIENTED_EDGE ( 'NONE', *, *, #2082, .F. ) ;
#1644 =( GEOMETRIC_REPRESENTATION_CONTEXT ( 3 ) GLOBAL_UNCERTAINTY_ASSIGNED_CONTEXT ( ( #2306 ) ) GLOBAL_UNIT_ASSIGNED_CONTEXT ( ( #6984, #9926, #9260 ) ) REPRESENTATION_CONTEXT ( 'NONE', 'WORKASPACE' ) );
#1645 = STYLED_ITEM ( 'NONE', ( #3047 ), #3869 ) ;
#1646 = ADVANCED_FACE ( 'NONE', ( #8541 ), #1692, .F. ) ;
#1647 = FILL_AREA_STYLE ('',( #1700 ) ) ;
#1648 = CARTESIAN_POINT ( 'NONE',  ( -2.200000000000000622, 5.200000000000000178, 1.000000000000000000 ) ) ;
#1649 = ADVANCED_FACE ( 'NONE', ( #7081 ), #6971, .T. ) ;
#1650 = CARTESIAN_POINT ( 'NONE',  ( 2.894343327039917924, -1.756910698751239508, 3.199999999999998845 ) ) ;
#1651 = CARTESIAN_POINT ( 'NONE',  ( 3.457691177451005071, -1.727301782381243767, 3.100000000000000533 ) ) ;
#1652 = B_SPLINE_CURVE_WITH_KNOTS ( 'NONE', 3,
 ( #1927, #9849, #6656, #343, #5780, #9749, #9652 ),
 .UNSPECIFIED., .F., .F.,
 ( 4, 1, 1, 1, 4 ),
 ( 4.336808689942017736E-19, 4.127972054731246515E-05, 8.432709801526972273E-05, 0.0001289426655094044749, 0.0001775574999019567787 ),
 .UNSPECIFIED. ) ;
#1653 = CIRCLE ( 'NONE', #4889, 0.5000000000000004441 ) ;
#1654 = COLOUR_RGB ( '',1.000000000000000000, 1.000000000000000000, 0.0000000000000000000 ) ;
#1655 = ORIENTED_EDGE ( 'NONE', *, *, #775, .T. ) ;
#1656 =( NAMED_UNIT ( * ) SI_UNIT ( $, .STERADIAN. ) SOLID_ANGLE_UNIT ( ) );
#1657 = ORIENTED_EDGE ( 'NONE', *, *, #1947, .T. ) ;
#1658 = COLOUR_RGB ( '',1.000000000000000000, 1.000000000000000000, 1.000000000000000000 ) ;
#1659 = CARTESIAN_POINT ( 'NONE',  ( 3.595131865398332849, -2.175925219760375118, 3.200000000000001066 ) ) ;
#1660 = ADVANCED_FACE ( 'NONE', ( #9659 ), #8747, .T. ) ;
#1661 = LINE ( 'NONE', #2408, #5083 ) ;
#1662 = ADVANCED_FACE ( 'NONE', ( #5643 ), #5500, .T. ) ;
#1663 = CARTESIAN_POINT ( 'NONE',  ( 4.471599097454704186, -4.895662098577261645, 3.100000000000052935 ) ) ;
#1664 =( NAMED_UNIT ( * ) SI_UNIT ( $, .STERADIAN. ) SOLID_ANGLE_UNIT ( ) );
#1665 = DIRECTION ( 'NONE',  ( -0.0000000000000000000, -1.000000000000000000, 0.0000000000000000000 ) ) ;
#1666 = CARTESIAN_POINT ( 'NONE',  ( 4.030159029378941327, -6.356856580864894468, 3.199999999999999289 ) ) ;
#1667 = CARTESIAN_POINT ( 'NONE',  ( 3.710319575887031540, -4.918900028149859160, 3.200000000000148948 ) ) ;
#1668 = CIRCLE ( 'NONE', #5549, 0.2500000000000002220 ) ;
#1669 = CYLINDRICAL_SURFACE ( 'NONE', #9252, 0.2500000000000002220 ) ;
#1670 = ORIENTED_EDGE ( 'NONE', *, *, #1901, .F. ) ;
#1671 = DIRECTION ( 'NONE',  ( -1.000000000000000000, 0.0000000000000000000, 0.0000000000000000000 ) ) ;
#1672 = CARTESIAN_POINT ( 'NONE',  ( 3.720954893552167686, -1.463217349764672992, 3.099999999999742073 ) ) ;
#1673 = PRESENTATION_LAYER_ASSIGNMENT (  '', '', ( #362 ) ) ;
#1674 = LINE ( 'NONE', #795, #1487 ) ;
#1675 = CARTESIAN_POINT ( 'NONE',  ( 4.340143947800257251, -5.274620109439672078, 3.099999999999853983 ) ) ;
#1676 = DIRECTION ( 'NONE',  ( -0.0000000000000000000, -0.0000000000000000000, -1.000000000000000000 ) ) ;
#1677 = CARTESIAN_POINT ( 'NONE',  ( 3.111155187409136769, -6.712697163762618047, 3.200000000000002842 ) ) ;
#1678 = DIRECTION ( 'NONE',  ( -1.000000000000000000, 0.0000000000000000000, 0.0000000000000000000 ) ) ;
#1679 = EDGE_LOOP ( 'NONE', ( #1964, #485, #1643, #9244 ) ) ;
#1680 = AXIS2_PLACEMENT_3D ( 'NONE', #2639, #4888, #986 ) ;
#1681 = CARTESIAN_POINT ( 'NONE',  ( 3.931965228429473935, -1.365188219412699189, 3.199999999999999734 ) ) ;
#1682 = ORIENTED_EDGE ( 'NONE', *, *, #3428, .F. ) ;
#1683 = AXIS2_PLACEMENT_3D ( 'NONE', #7466, #8985, #4214 ) ;
#1684 = DIRECTION ( 'NONE',  ( -0.6256365330375014411, -0.7801146893430577212, 0.0000000000000000000 ) ) ;
#1685 = EDGE_LOOP ( 'NONE', ( #1449, #6819, #8874, #781 ) ) ;
#1686 = CARTESIAN_POINT ( 'NONE',  ( 2.908191271703284730, -2.315005992107765920, 3.200000000000000622 ) ) ;
#1687 = DIRECTION ( 'NONE',  ( 0.0000000000000000000, 0.0000000000000000000, -1.000000000000000000 ) ) ;
#1688 = CARTESIAN_POINT ( 'NONE',  ( 3.457691177451005071, -1.727301782381243767, 3.100000000000016076 ) ) ;
#1689 = CARTESIAN_POINT ( 'NONE',  ( 3.563788658827431455, -1.139899608220360960, 3.199999999999999289 ) ) ;
#1690 = VECTOR ( 'NONE', #2046, 1000.000000000000000 ) ;
#1691 = DIRECTION ( 'NONE',  ( 1.000000000000000000, 0.0000000000000000000, -0.0000000000000000000 ) ) ;
#1692 = CYLINDRICAL_SURFACE ( 'NONE', #6813, 0.5000000000000004441 ) ;
#1693 =( LENGTH_UNIT ( ) NAMED_UNIT ( * ) SI_UNIT ( .MILLI., .METRE. ) );
#1694 = VERTEX_POINT ( 'NONE', #404 ) ;
#1695 = ORIENTED_EDGE ( 'NONE', *, *, #3554, .T. ) ;
#1696 =( NAMED_UNIT ( * ) PLANE_ANGLE_UNIT ( ) SI_UNIT ( $, .RADIAN. ) );
#1697 = DIRECTION ( 'NONE',  ( -0.0000000000000000000, -0.0000000000000000000, -1.000000000000000000 ) ) ;
#1698 = VERTEX_POINT ( 'NONE', #1114 ) ;
#1699 = VECTOR ( 'NONE', #3233, 1000.000000000000000 ) ;
#1700 = FILL_AREA_STYLE_COLOUR ( '', #2649 ) ;
#1701 = CARTESIAN_POINT ( 'NONE',  ( 4.010443889306917420, -2.054996716635631770, 3.199999999999996181 ) ) ;
#1702 = CARTESIAN_POINT ( 'NONE',  ( 4.197842932013486461, -4.526555607756604260, 3.100000000000596057 ) ) ;
#1703 = CARTESIAN_POINT ( 'NONE',  ( 3.044607805652747246, 0.8466316658936040573, 3.200000000000000178 ) ) ;
#1704 = ORIENTED_EDGE ( 'NONE', *, *, #2519, .T. ) ;
#1705 = CARTESIAN_POINT ( 'NONE',  ( 3.545703768148171786, -1.178379394564059934, 3.199999999999999734 ) ) ;
#1706 = CARTESIAN_POINT ( 'NONE',  ( 4.368005350231017658, 1.327745530651000649, 3.200000000000000178 ) ) ;
#1707 = CARTESIAN_POINT ( 'NONE',  ( 3.708090132584171528, -5.382624235144940705, 3.099999999999970779 ) ) ;
#1708 = VERTEX_POINT ( 'NONE', #7179 ) ;
#1709 = UNCERTAINTY_MEASURE_WITH_UNIT (LENGTH_MEASURE( 1.000000000000000082E-05 ), #1693, 'distance_accuracy_value', 'NONE');
#1710 = CARTESIAN_POINT ( 'NONE',  ( 2.754906350123524472, -4.741649501284750379, 3.100000000000568523 ) ) ;
#1711 = CARTESIAN_POINT ( 'NONE',  ( 4.413438258043328233, -5.963561384361219631, 3.199999999999999289 ) ) ;
#1712 = CARTESIAN_POINT ( 'NONE',  ( 4.634776487402633371, -4.621448884662673784, 3.100000000000076472 ) ) ;
#1713 = FILL_AREA_STYLE ('',( #3825 ) ) ;
#1714 = EDGE_CURVE ( 'NONE', #4136, #5113, #1844, .T. ) ;
#1715 = CARTESIAN_POINT ( 'NONE',  ( 2.762294244009007471, -4.667669785652514669, 3.100000000000000977 ) ) ;
#1716 = CARTESIAN_POINT ( 'NONE',  ( 2.819182942521472057, -0.4201515403957422068, 3.100000000000001865 ) ) ;
#1717 = CARTESIAN_POINT ( 'NONE',  ( 3.871712541391641338, -5.376480888940775138, 3.199999999999998401 ) ) ;
#1718 = ADVANCED_FACE ( 'NONE', ( #9608 ), #4816, .F. ) ;
#1719 = ADVANCED_FACE ( 'NONE', ( #5887 ), #5412, .T. ) ;
#1720 = VERTEX_POINT ( 'NONE', #7624 ) ;
#1721 = FILL_AREA_STYLE_COLOUR ( '', #7833 ) ;
#1722 = FACE_OUTER_BOUND ( 'NONE', #8570, .T. ) ;
#1723 = CARTESIAN_POINT ( 'NONE',  ( -3.741792873543973830, 8.860462724888163777, 2.000000000000000444 ) ) ;
#1724 = CARTESIAN_POINT ( 'NONE',  ( 4.617754521284751945, -5.091687513518826869, 3.099999999999853539 ) ) ;
#1725 = CARTESIAN_POINT ( 'NONE',  ( 2.740957627803084051, 1.607763609490337808, 3.100000000000818101 ) ) ;
#1726 = CARTESIAN_POINT ( 'NONE',  ( 3.533301777639871410, -1.265541394800682617, 3.200000000000000178 ) ) ;
#1727 = CARTESIAN_POINT ( 'NONE',  ( 4.617257111490873811, -4.839085957907439450, 3.100000000000047162 ) ) ;
#1728 = CARTESIAN_POINT ( 'NONE',  ( 4.339542110980956657, -0.2409499503440290791, 3.199999999999988187 ) ) ;
#1729 = ORIENTED_EDGE ( 'NONE', *, *, #6183, .F. ) ;
#1730 = CARTESIAN_POINT ( 'NONE',  ( 3.914090693768523810, -1.364082788787137179, 3.100000000000000977 ) ) ;
#1731 = STYLED_ITEM ( 'NONE', ( #9799 ), #227 ) ;
#1732 = ADVANCED_FACE ( 'NONE', ( #2126 ), #4683, .T. ) ;
#1733 = VECTOR ( 'NONE', #3826, 1000.000000000000000 ) ;
#1734 = ORIENTED_EDGE ( 'NONE', *, *, #9911, .T. ) ;
#1735 = FACE_OUTER_BOUND ( 'NONE', #8440, .T. ) ;
#1736 = DIRECTION ( 'NONE',  ( -0.7801146893430577212, 0.6256365330375014411, 0.0000000000000000000 ) ) ;
#1737 = ORIENTED_EDGE ( 'NONE', *, *, #8664, .F. ) ;
#1738 = CARTESIAN_POINT ( 'NONE',  ( 2.860455788836432145, -2.241591672793214141, 3.200000000000000622 ) ) ;
#1739 = LINE ( 'NONE', #1017, #8038 ) ;
#1740 = CARTESIAN_POINT ( 'NONE',  ( 6.800000000000001599, 0.0000000000000000000, 3.200000000000000178 ) ) ;
#1741 = PLANE ( 'NONE',  #2760 ) ;
#1742 = CARTESIAN_POINT ( 'NONE',  ( 4.593455329141219678, -5.809499005040429154, 3.199999999999999734 ) ) ;
#1743 = ORIENTED_EDGE ( 'NONE', *, *, #285, .F. ) ;
#1744 = ORIENTED_EDGE ( 'NONE', *, *, #5059, .F. ) ;
#1745 = DIRECTION ( 'NONE',  ( 0.9329360283287818634, -0.3600421739826024092, -0.0000000000000000000 ) ) ;
#1746 = CARTESIAN_POINT ( 'NONE',  ( 3.576998866375945774, -2.176046039689100819, 3.100000000000000977 ) ) ;
#1747 = ORIENTED_EDGE ( 'NONE', *, *, #8100, .T. ) ;
#1748 = CARTESIAN_POINT ( 'NONE',  ( 4.769305144745993097, -4.721817240176951813, 3.200000000000000622 ) ) ;
#1749 = CARTESIAN_POINT ( 'NONE',  ( 3.708090132584171528, -5.382624235144940705, 3.200000000000000178 ) ) ;
#1750 = CARTESIAN_POINT ( 'NONE',  ( 4.554158637922874675, -4.566229614910459311, 3.100000000000596501 ) ) ;
#1751 = DIRECTION ( 'NONE',  ( 1.000000000000000000, 0.0000000000000000000, 0.0000000000000000000 ) ) ;
#1752 = DIRECTION ( 'NONE',  ( -1.000000000000000000, 0.0000000000000000000, 0.0000000000000000000 ) ) ;
#1753 = CARTESIAN_POINT ( 'NONE',  ( 3.724142124364770101, -1.042597064514585892, 3.199999999999999734 ) ) ;
#1754 = DIRECTION ( 'NONE',  ( 1.000000000000000000, -0.0000000000000000000, -0.0000000000000000000 ) ) ;
#1755 = CARTESIAN_POINT ( 'NONE',  ( 4.617342670052194009, 0.6693066377647594045, 3.100000000000000533 ) ) ;
#1756 = ORIENTED_EDGE ( 'NONE', *, *, #10030, .F. ) ;
#1757 = DIRECTION ( 'NONE',  ( 0.0000000000000000000, -0.0000000000000000000, -1.000000000000000000 ) ) ;
#1758 = ORIENTED_EDGE ( 'NONE', *, *, #9853, .T. ) ;
#1759 = DIRECTION ( 'NONE',  ( -0.0000000000000000000, -0.0000000000000000000, -1.000000000000000000 ) ) ;
#1760 = CARTESIAN_POINT ( 'NONE',  ( 2.877544866831356352, -0.3716814843965435822, 3.199999999999998845 ) ) ;
#1761 = CARTESIAN_POINT ( 'NONE',  ( 3.588812140158144093, -1.106308744963385493, 3.099999999999718980 ) ) ;
#1762 = CARTESIAN_POINT ( 'NONE',  ( 3.901286313554749086, 0.2840659784767635698, 3.199999999999999734 ) ) ;
#1763 = CARTESIAN_POINT ( 'NONE',  ( 2.083206147703078770, 4.869646352943380663, 3.200000000000000178 ) ) ;
#1764 = FACE_OUTER_BOUND ( 'NONE', #6190, .T. ) ;
#1765 = DIRECTION ( 'NONE',  ( -0.0000000000000000000, -0.0000000000000000000, -1.000000000000000000 ) ) ;
#1766 = CARTESIAN_POINT ( 'NONE',  ( 3.746039855051066514, -0.04893044145418148222, 3.200000000000000622 ) ) ;
#1767 = CARTESIAN_POINT ( 'NONE',  ( 3.082062453140811176, -1.426953089927816443, 3.200000000000000622 ) ) ;
#1768 = ORIENTED_EDGE ( 'NONE', *, *, #4142, .T. ) ;
#1769 = VECTOR ( 'NONE', #4880, 1000.000000000000114 ) ;
#1770 = DIRECTION ( 'NONE',  ( -0.002338263288212067206, 0.9999972662586608108, 0.0000000000000000000 ) ) ;
#1771 = CARTESIAN_POINT ( 'NONE',  ( 4.761758759419796760, -4.635612144486662700, 3.100000000000000533 ) ) ;
#1772 = ADVANCED_FACE ( 'NONE', ( #4561 ), #748, .T. ) ;
#1773 = EDGE_CURVE ( 'NONE', #9318, #2665, #6983, .T. ) ;
#1774 = CARTESIAN_POINT ( 'NONE',  ( 2.754334287620249455, -4.729843236067249990, 3.200000000000000178 ) ) ;
#1775 = CARTESIAN_POINT ( 'NONE',  ( 4.769305144745993097, -4.721817240176950925, 3.099999999999889511 ) ) ;
#1776 = CARTESIAN_POINT ( 'NONE',  ( 2.741194335345465305, 1.586043716673506410, 3.100000000000682654 ) ) ;
#1777 = PRESENTATION_STYLE_ASSIGNMENT (( #6406 ) ) ;
#1778 = CARTESIAN_POINT ( 'NONE',  ( 4.724945558062890960, 0.4922767977428808006, 3.199999999999988187 ) ) ;
#1779 = EDGE_LOOP ( 'NONE', ( #8558, #4764, #8071, #5868 ) ) ;
#1780 = CARTESIAN_POINT ( 'NONE',  ( 3.787159706954390082, -4.522750936688308521, 3.199999999999982414 ) ) ;
#1781 = VERTEX_POINT ( 'NONE', #88 ) ;
#1782 = CARTESIAN_POINT ( 'NONE',  ( 3.137352647051763643, -5.297905389636225593, 3.199999999999999289 ) ) ;
#1783 = CARTESIAN_POINT ( 'NONE',  ( 3.246149480231378170, -1.485810393123346174, 3.150000000000000355 ) ) ;
#1784 = ORIENTED_EDGE ( 'NONE', *, *, #6620, .T. ) ;
#1785 = EDGE_CURVE ( 'NONE', #6254, #2771, #6250, .T. ) ;
#1786 = CARTESIAN_POINT ( 'NONE',  ( 4.769305144745992209, -4.721817240176950925, 3.200000000000000622 ) ) ;
#1787 = AXIS2_PLACEMENT_3D ( 'NONE', #5692, #7995, #299 ) ;
#1788 = B_SPLINE_CURVE_WITH_KNOTS ( 'NONE', 3,
 ( #4521, #7637, #6929, #10008, #6160, #2289, #5390 ),
 .UNSPECIFIED., .F., .F.,
 ( 4, 1, 1, 1, 4 ),
 ( 0.0000000000000000000, 3.945092143535500873E-05, 7.413924717464586615E-05, 0.0001053483433059643806, 0.0001356911168490074519 ),
 .UNSPECIFIED. ) ;
#1789 = EDGE_CURVE ( 'NONE', #8415, #2567, #8576, .T. ) ;
#1790 = CARTESIAN_POINT ( 'NONE',  ( -8.000000000000000000, -4.500000000000000000, 2.200000000000000178 ) ) ;
#1791 = EDGE_CURVE ( 'NONE', #3760, #783, #7824, .T. ) ;
#1792 = DIRECTION ( 'NONE',  ( 0.0000000000000000000, -0.0000000000000000000, 1.000000000000000000 ) ) ;
#1793 = CARTESIAN_POINT ( 'NONE',  ( 3.778406046479578340, -1.045777043530641492, 3.200000000000000178 ) ) ;
#1794 = CARTESIAN_POINT ( 'NONE',  ( 4.258176166087821457, -4.915131163494345756, 3.100000000000000977 ) ) ;
#1795 = DIRECTION ( 'NONE',  ( 0.3252911814861584316, 0.9456138996690662823, 0.0000000000000000000 ) ) ;
#1796 = CARTESIAN_POINT ( 'NONE',  ( 1.542591163728719961, 4.142466198028849078, 3.100000000000000977 ) ) ;
#1797 = EDGE_LOOP ( 'NONE', ( #9388, #4162, #2856, #5656 ) ) ;
#1798 = ORIENTED_EDGE ( 'NONE', *, *, #904, .T. ) ;
#1799 = CIRCLE ( 'NONE', #7463, 0.5000000000000004441 ) ;
#1800 = CARTESIAN_POINT ( 'NONE',  ( 1.541531134348377963, 4.662940623776712812, 3.100000000000000977 ) ) ;
#1801 = DIRECTION ( 'NONE',  ( -0.0000000000000000000, -0.0000000000000000000, -1.000000000000000000 ) ) ;
#1802 = LINE ( 'NONE', #2544, #8851 ) ;
#1803 = ORIENTED_EDGE ( 'NONE', *, *, #7607, .T. ) ;
#1804 = ORIENTED_EDGE ( 'NONE', *, *, #6259, .F. ) ;
#1805 = CARTESIAN_POINT ( 'NONE',  ( 2.981764174696327707, -4.906792635258964808, 3.199999999999994849 ) ) ;
#1806 = CARTESIAN_POINT ( 'NONE',  ( 2.956196830515447793, -1.015858406943128234, 3.100000000000000977 ) ) ;
#1807 = CARTESIAN_POINT ( 'NONE',  ( 4.616645561045753965, 0.6316189958068797461, 3.199999999999998845 ) ) ;
#1808 =( GEOMETRIC_REPRESENTATION_CONTEXT ( 3 ) GLOBAL_UNCERTAINTY_ASSIGNED_CONTEXT ( ( #3013 ) ) GLOBAL_UNIT_ASSIGNED_CONTEXT ( ( #990, #3350, #9523 ) ) REPRESENTATION_CONTEXT ( 'NONE', 'WORKASPACE' ) );
#1809 = ORIENTED_EDGE ( 'NONE', *, *, #5502, .F. ) ;
#1810 = FILL_AREA_STYLE ('',( #3154 ) ) ;
#1811 = UNCERTAINTY_MEASURE_WITH_UNIT (LENGTH_MEASURE( 1.000000000000000082E-05 ), #2266, 'distance_accuracy_value', 'NONE');
#1812 = CARTESIAN_POINT ( 'NONE',  ( 1.538881060897523412, 6.156522020678421470, 3.100000000000000977 ) ) ;
#1813 = CARTESIAN_POINT ( 'NONE',  ( 2.799027285153980138, -0.4413515414032223583, 3.100000000000000977 ) ) ;
#1814 = COLOUR_RGB ( '',1.000000000000000000, 1.000000000000000000, 0.0000000000000000000 ) ;
#1815 = AXIS2_PLACEMENT_3D ( 'NONE', #9377, #2521, #1571 ) ;
#1816 = CARTESIAN_POINT ( 'NONE',  ( 2.687005099873847946, 0.5630464777696895240, 3.200000000000000178 ) ) ;
#1817 = CARTESIAN_POINT ( 'NONE',  ( 4.664226490752306553, -4.687290573888823531, 3.100000000000075584 ) ) ;
#1818 = CARTESIAN_POINT ( 'NONE',  ( 2.785871862396453125, -1.059284988752156043, 3.199999999999999734 ) ) ;
#1819 = FACE_OUTER_BOUND ( 'NONE', #7329, .T. ) ;
#1820 = CARTESIAN_POINT ( 'NONE',  ( 4.761055411608076327, -6.127822001605750302, 3.100000000000579625 ) ) ;
#1821 = CARTESIAN_POINT ( 'NONE',  ( 4.526110602405379879, 1.335288515850396651, 3.200000000000000178 ) ) ;
#1822 = ORIENTED_EDGE ( 'NONE', *, *, #4733, .T. ) ;
#1823 = VECTOR ( 'NONE', #2372, 1000.000000000000000 ) ;
#1824 =( GEOMETRIC_REPRESENTATION_CONTEXT ( 3 ) GLOBAL_UNCERTAINTY_ASSIGNED_CONTEXT ( ( #5662 ) ) GLOBAL_UNIT_ASSIGNED_CONTEXT ( ( #2775, #8944, #457 ) ) REPRESENTATION_CONTEXT ( 'NONE', 'WORKASPACE' ) );
#1825 = SURFACE_STYLE_USAGE ( .BOTH. , #4200 ) ;
#1826 = CARTESIAN_POINT ( 'NONE',  ( 3.883934317244508438, -6.341096429843344318, 3.199999999999985523 ) ) ;
#1827 = STYLED_ITEM ( 'NONE', ( #6226 ), #6057 ) ;
#1828 = CARTESIAN_POINT ( 'NONE',  ( 4.137286196154476237, 0.2278719730859279646, 3.100000000000000977 ) ) ;
#1829 =( NAMED_UNIT ( * ) SI_UNIT ( $, .STERADIAN. ) SOLID_ANGLE_UNIT ( ) );
#1830 = VECTOR ( 'NONE', #12, 1000.000000000000114 ) ;
#1831 = CARTESIAN_POINT ( 'NONE',  ( 3.234626779371796435, -1.154138825265902391, 3.099999999999657696 ) ) ;
#1832 = LINE ( 'NONE', #9544, #823 ) ;
#1833 = FILL_AREA_STYLE ('',( #6462 ) ) ;
#1834 = VERTEX_POINT ( 'NONE', #9380 ) ;
#1835 = EDGE_CURVE ( 'NONE', #407, #8185, #8682, .T. ) ;
#1836 = CARTESIAN_POINT ( 'NONE',  ( 3.830036715123353197, -0.1445362186511515712, 3.200000000000002842 ) ) ;
#1837 = ORIENTED_EDGE ( 'NONE', *, *, #2946, .T. ) ;
#1838 = ADVANCED_FACE ( 'NONE', ( #6350 ), #954, .F. ) ;
#1839 = AXIS2_PLACEMENT_3D ( 'NONE', #4285, #3508, #8105 ) ;
#1840 = CARTESIAN_POINT ( 'NONE',  ( 3.367534750181249148, -1.598355723998948985, 3.200000000000001066 ) ) ;
#1841 = CARTESIAN_POINT ( 'NONE',  ( 2.862279301058648695, -2.223020016672135224, 3.099999999999848210 ) ) ;
#1842 = CARTESIAN_POINT ( 'NONE',  ( -5.661792873543977755, 8.620462724888161787, 1.966862915010152646 ) ) ;
#1843 = DIRECTION ( 'NONE',  ( 0.0000000000000000000, 0.0000000000000000000, 1.000000000000000000 ) ) ;
#1844 = LINE ( 'NONE', #9557, #4847 ) ;
#1845 = CARTESIAN_POINT ( 'NONE',  ( 4.630544313727260608, -5.849875148071030040, 3.200000000000000622 ) ) ;
#1846 = ORIENTED_EDGE ( 'NONE', *, *, #8477, .T. ) ;
#1847 = EDGE_CURVE ( 'NONE', #7693, #4751, #5820, .T. ) ;
#1848 = ORIENTED_EDGE ( 'NONE', *, *, #7920, .T. ) ;
#1849 = PLANE ( 'NONE',  #9088 ) ;
#1850 = CARTESIAN_POINT ( 'NONE',  ( 4.058820853513911864, -0.2586444669126427565, 3.200000000000000622 ) ) ;
#1851 = EDGE_CURVE ( 'NONE', #8584, #5092, #7314, .T. ) ;
#1852 = CARTESIAN_POINT ( 'NONE',  ( 2.506206775549459032, 4.851300258385033537, 3.100000000000000977 ) ) ;
#1853 = ORIENTED_EDGE ( 'NONE', *, *, #4320, .T. ) ;
#1854 = EDGE_CURVE ( 'NONE', #5405, #7605, #8438, .T. ) ;
#1855 = B_SPLINE_CURVE_WITH_KNOTS ( 'NONE', 3,
 ( #9240, #797, #2274, #5373, #7017, #2421, #6300, #3122, #747, #5322, #6249 ),
 .UNSPECIFIED., .F., .F.,
 ( 4, 1, 1, 1, 1, 1, 1, 1, 4 ),
 ( 0.0000000000000000000, 7.373272164225284952E-05, 0.0001483266686404033558, 0.0002240361899928535567, 0.0003009032591418953225, 0.0003786338859362772119, 0.0004578480747792188529, 0.0005386465055995303883, 0.0006211156258924478875 ),
 .UNSPECIFIED. ) ;
#1856 = PRESENTATION_STYLE_ASSIGNMENT (( #9517 ) ) ;
#1857 = CARTESIAN_POINT ( 'NONE',  ( 2.569759633280001676, 5.757420958979704295, 3.200000000000000178 ) ) ;
#1858 = CARTESIAN_POINT ( 'NONE',  ( 4.162955564358990834, -6.785073467516547829, 3.200000000000000622 ) ) ;
#1859 =( GEOMETRIC_REPRESENTATION_CONTEXT ( 3 ) GLOBAL_UNCERTAINTY_ASSIGNED_CONTEXT ( ( #2692 ) ) GLOBAL_UNIT_ASSIGNED_CONTEXT ( ( #3000, #7546, #1497 ) ) REPRESENTATION_CONTEXT ( 'NONE', 'WORKASPACE' ) );
#1860 = DIRECTION ( 'NONE',  ( -0.9999864369078856896, -0.005208262692228319765, 0.0000000000000000000 ) ) ;
#1861 = ORIENTED_EDGE ( 'NONE', *, *, #5308, .T. ) ;
#1862 = CARTESIAN_POINT ( 'NONE',  ( -8.000000000000000000, -8.500000000000001776, 1.000000000000000000 ) ) ;
#1863 = DIRECTION ( 'NONE',  ( 0.002022240556662139362, -0.9999979552694749918, 0.0000000000000000000 ) ) ;
#1864 = VECTOR ( 'NONE', #8855, 1000.000000000000000 ) ;
#1865 = DIRECTION ( 'NONE',  ( 1.000000000000000000, -0.0000000000000000000, 0.0000000000000000000 ) ) ;
#1866 = DIRECTION ( 'NONE',  ( -0.9999974134478581966, -0.002274444458183354136, 0.0000000000000000000 ) ) ;
#1867 = CARTESIAN_POINT ( 'NONE',  ( 2.669070589828295148, -1.238621052036578796, 3.099999999999999645 ) ) ;
#1868 = CARTESIAN_POINT ( 'NONE',  ( 2.795801933053463806, -0.4451077837840397566, 3.150000000000000355 ) ) ;
#1869 = B_SPLINE_CURVE_WITH_KNOTS ( 'NONE', 3,
 ( #1314, #5272, #9805, #9899, #8176, #4308, #9140, #7619, #2819, #7414, #3528 ),
 .UNSPECIFIED., .F., .F.,
 ( 4, 1, 1, 1, 1, 1, 1, 1, 4 ),
 ( 0.0000000000000000000, 3.282995530955640950E-05, 6.278911410750428654E-05, 9.115255667965942491E-05, 0.0001185318321855911020, 0.0001483073114666669397, 0.0001841637856119167935, 0.0002267492259281921638, 0.0002769921407803952558 ),
 .UNSPECIFIED. ) ;
#1870 = CARTESIAN_POINT ( 'NONE',  ( 4.630544313727260608, -5.849875148071030040, 3.100000000000580513 ) ) ;
#1871 = CARTESIAN_POINT ( 'NONE',  ( 4.381234830703021110, 1.327845308952996684, 3.100000000000000533 ) ) ;
#1872 = B_SPLINE_SURFACE_WITH_KNOTS ( 'NONE', 3, 1, ( 
 ( #7447, #3359 ),
 ( #8022, #5100 ),
 ( #6549, #3458 ),
 ( #6642, #1245 ),
 ( #4335, #280 ),
 ( #5669, #381 ),
 ( #1053, #9638 ),
 ( #8155, #3565 ),
 ( #8827, #2653 ),
 ( #7257, #6597 ),
 ( #2748, #8915 ),
 ( #5811, #5000 ),
 ( #2565, #9737 ),
 ( #5048, #1193 ),
 ( #4954, #8069 ),
 ( #1099, #5767 ),
 ( #4289, #8872 ),
 ( #8109, #1138 ),
 ( #7401, #5862 ),
 ( #8212, #3512 ),
 ( #8962, #2007 ),
 ( #3619, #1296 ),
 ( #3815, #6741 ) ),
 .UNSPECIFIED., .F., .F., .F.,
 ( 4, 1, 1, 1, 1, 1, 1, 1, 1, 1, 1, 1, 1, 1, 1, 1, 1, 1, 1, 1, 4 ),
 ( 2, 2 ),
 ( 0.0000000000000000000, 0.03581214405681637514, 0.07679743064182006917, 0.1245699900731880583, 0.1798781666507996146, 0.1969051554682345606, 0.2186273139140129385, 0.2446612409967045265, 0.2753810120747420265, 0.3108153299396578806, 0.3505588132929758904, 0.3950325298339307234, 0.4438113425444603077, 0.4973167409556965568, 0.5555343578222496914, 0.6180744865786248488, 0.6853378949922125374, 0.7573166196240633807, 0.8336229479821157806, 0.9146481789884616243, 1.000000000000000000 ),
 ( 0.0000000000000000000, 1.000000000000000000 ),
 .UNSPECIFIED. ) ;
#1873 = ORIENTED_EDGE ( 'NONE', *, *, #5633, .T. ) ;
#1874 = STYLED_ITEM ( 'NONE', ( #8906 ), #8659 ) ;
#1875 =( NAMED_UNIT ( * ) PLANE_ANGLE_UNIT ( ) SI_UNIT ( $, .RADIAN. ) );
#1876 = CARTESIAN_POINT ( 'NONE',  ( 4.752665894819568138, -4.592938037189215450, 3.200000000000000622 ) ) ;
#1877 = CARTESIAN_POINT ( 'NONE',  ( 3.993792958987290920, -6.356147583489080155, 3.199999999999985967 ) ) ;
#1878 = CARTESIAN_POINT ( 'NONE',  ( 2.741628106742404203, 1.546241570304517365, 3.100000000000683098 ) ) ;
#1879 = SURFACE_STYLE_FILL_AREA ( #9436 ) ;
#1880 = FACE_OUTER_BOUND ( 'NONE', #8498, .T. ) ;
#1881 = ORIENTED_EDGE ( 'NONE', *, *, #7499, .T. ) ;
#1882 = LINE ( 'NONE', #2763, #1505 ) ;
#1883 = VERTEX_POINT ( 'NONE', #5008 ) ;
#1884 = AXIS2_PLACEMENT_3D ( 'NONE', #3866, #7231, #2540 ) ;
#1885 = CARTESIAN_POINT ( 'NONE',  ( 2.916637760068527818, -2.321405743035636071, 3.200000000000000622 ) ) ;
#1886 = CARTESIAN_POINT ( 'NONE',  ( 3.576998866375945774, -2.176046039689100819, 3.099999999999972555 ) ) ;
#1887 = DIRECTION ( 'NONE',  ( 1.000000000000000000, 0.0000000000000000000, 0.0000000000000000000 ) ) ;
#1888 = PRESENTATION_STYLE_ASSIGNMENT (( #6662 ) ) ;
#1889 = CARTESIAN_POINT ( 'NONE',  ( 3.979231611689577175, -1.174747340868905532, 3.100000000000000977 ) ) ;
#1890 = CARTESIAN_POINT ( 'NONE',  ( 4.655066806004994895, -4.789396806494265135, 3.100000000000001421 ) ) ;
#1891 = VECTOR ( 'NONE', #9829, 1000.000000000000000 ) ;
#1892 = ORIENTED_EDGE ( 'NONE', *, *, #3988, .T. ) ;
#1893 = ORIENTED_EDGE ( 'NONE', *, *, #711, .F. ) ;
#1894 = CARTESIAN_POINT ( 'NONE',  ( 3.825579334200544412, -1.415070321251965746, 3.200000000000000622 ) ) ;
#1895 = CARTESIAN_POINT ( 'NONE',  ( -7.000000000000000888, 4.999999999999999112, 1.200000000000000178 ) ) ;
#1896 = STYLED_ITEM ( 'NONE', ( #8632 ), #69 ) ;
#1897 = SURFACE_STYLE_FILL_AREA ( #4123 ) ;
#1898 = EDGE_CURVE ( 'NONE', #3363, #7060, #3222, .T. ) ;
#1899 = CARTESIAN_POINT ( 'NONE',  ( -3.958002587703684849, 7.388442999967294256, 2.000000000000000000 ) ) ;
#1900 = CARTESIAN_POINT ( 'NONE',  ( 7.000000000000000888, 8.000000000000000000, 3.000000000000000000 ) ) ;
#1901 = EDGE_CURVE ( 'NONE', #9999, #1698, #7717, .T. ) ;
#1902 = EDGE_CURVE ( 'NONE', #8648, #3333, #600, .T. ) ;
#1903 = CARTESIAN_POINT ( 'NONE',  ( 3.422611393691211035, -6.347703351741763811, 3.099999999999948574 ) ) ;
#1904 = CARTESIAN_POINT ( 'NONE',  ( 2.982548312108339150, -1.016774232787625465, 3.100000000000001865 ) ) ;
#1905 = FILL_AREA_STYLE_COLOUR ( '', #7643 ) ;
#1906 = VERTEX_POINT ( 'NONE', #8925 ) ;
#1907 = CARTESIAN_POINT ( 'NONE',  ( 3.681336812949838944, -4.065915020475253883, 3.200000000000000178 ) ) ;
#1908 = EDGE_CURVE ( 'NONE', #9618, #8529, #389, .T. ) ;
#1909 = LINE ( 'NONE', #9777, #4731 ) ;
#1910 = CARTESIAN_POINT ( 'NONE',  ( 2.944811417643812046, -4.900663185362724938, 3.100000000000000977 ) ) ;
#1911 = DIRECTION ( 'NONE',  ( 0.0000000000000000000, -1.000000000000000000, -0.0000000000000000000 ) ) ;
#1912 = DIRECTION ( 'NONE',  ( 0.0000000000000000000, 0.0000000000000000000, 1.000000000000000000 ) ) ;
#1913 = EDGE_CURVE ( 'NONE', #9147, #8170, #9845, .T. ) ;
#1914 = DIRECTION ( 'NONE',  ( -1.224646799147353207E-16, -1.000000000000000000, 0.0000000000000000000 ) ) ;
#1915 = FILL_AREA_STYLE_COLOUR ( '', #8563 ) ;
#1916 = FACE_OUTER_BOUND ( 'NONE', #5779, .T. ) ;
#1917 = DIRECTION ( 'NONE',  ( -0.9999762524008789510, 0.006891635095801726917, -0.0000000000000000000 ) ) ;
#1918 = CARTESIAN_POINT ( 'NONE',  ( 3.790495948468780796, -5.381529102800112874, 3.199999999999997513 ) ) ;
#1919 = ORIENTED_EDGE ( 'NONE', *, *, #5941, .T. ) ;
#1920 = CARTESIAN_POINT ( 'NONE',  ( 4.129753170754054459, -4.916740995857633578, 3.100000000000646239 ) ) ;
#1921 = CARTESIAN_POINT ( 'NONE',  ( 4.752665894819568138, -4.592938037189215450, 3.100000000000000977 ) ) ;
#1922 = FACE_OUTER_BOUND ( 'NONE', #6437, .T. ) ;
#1923 =( NAMED_UNIT ( * ) PLANE_ANGLE_UNIT ( ) SI_UNIT ( $, .RADIAN. ) );
#1924 = CARTESIAN_POINT ( 'NONE',  ( 3.698949194975115873, -1.463261269376415541, 3.200000000000001954 ) ) ;
#1925 = CARTESIAN_POINT ( 'NONE',  ( 3.908358406790647166, -1.364663185891278108, 3.100000000000000977 ) ) ;
#1926 = CARTESIAN_POINT ( 'NONE',  ( 4.678338707823219700, 0.1220168185618896034, 3.199999999999988631 ) ) ;
#1927 = CARTESIAN_POINT ( 'NONE',  ( 3.082062453140811176, -1.426953089927816443, 3.100000000000008971 ) ) ;
#1928 = EDGE_LOOP ( 'NONE', ( #3683, #7279, #4585, #9383 ) ) ;
#1929 = CARTESIAN_POINT ( 'NONE',  ( 4.323416484173798757, -5.280961620534480261, 3.200000000000000622 ) ) ;
#1930 = AXIS2_PLACEMENT_3D ( 'NONE', #3209, #1865, #3980 ) ;
#1931 = CARTESIAN_POINT ( 'NONE',  ( 4.665007004297526905, -4.707068415485640145, 3.199999999999996181 ) ) ;
#1932 = CARTESIAN_POINT ( 'NONE',  ( 3.016220871047951224, -2.177031282079126218, 3.200000000000006839 ) ) ;
#1933 = VERTEX_POINT ( 'NONE', #1205 ) ;
#1934 = EDGE_LOOP ( 'NONE', ( #5260, #698, #3155, #9550 ) ) ;
#1935 = CARTESIAN_POINT ( 'NONE',  ( 3.660419698067186367, 0.1548158714744537201, 3.199999999999997957 ) ) ;
#1936 = CIRCLE ( 'NONE', #7621, 0.8999999999999998002 ) ;
#1937 = DIRECTION ( 'NONE',  ( -0.9999982098935602526, -0.001892144200366152390, -1.196221005072638151E-13 ) ) ;
#1938 = EDGE_LOOP ( 'NONE', ( #4914, #1479, #8738, #6465 ) ) ;
#1939 = DIRECTION ( 'NONE',  ( -1.000000000000000000, 0.0000000000000000000, -0.0000000000000000000 ) ) ;
#1940 = PLANE ( 'NONE',  #8647 ) ;
#1941 = DIRECTION ( 'NONE',  ( 0.9999979593981448422, 0.002020197897773933805, 0.0000000000000000000 ) ) ;
#1942 = AXIS2_PLACEMENT_3D ( 'NONE', #7243, #5708, #8710 ) ;
#1943 = CARTESIAN_POINT ( 'NONE',  ( 3.904916214680119513, -1.742756640485020769, 3.100000000000000533 ) ) ;
#1944 = CARTESIAN_POINT ( 'NONE',  ( 2.802490262962046508, -4.842653067192014937, 3.200000000000000178 ) ) ;
#1945 = CARTESIAN_POINT ( 'NONE',  ( 3.892172409692126855, -6.694863379374822010, 3.200000000000000622 ) ) ;
#1946 = CARTESIAN_POINT ( 'NONE',  ( -3.661792873543973759, 6.820462724888163741, 1.920000000000000373 ) ) ;
#1947 = EDGE_CURVE ( 'NONE', #4303, #2191, #1362, .T. ) ;
#1948 = ORIENTED_EDGE ( 'NONE', *, *, #5240, .F. ) ;
#1949 = CARTESIAN_POINT ( 'NONE',  ( -8.000000000000000000, -8.500000000000001776, 1.000000000000000000 ) ) ;
#1950 = EDGE_CURVE ( 'NONE', #7020, #9787, #5266, .T. ) ;
#1951 = CARTESIAN_POINT ( 'NONE',  ( 3.921413063143352140, -1.737428423293505553, 3.100000000000624922 ) ) ;
#1952 = DIRECTION ( 'NONE',  ( -0.0000000000000000000, -0.0000000000000000000, -1.000000000000000000 ) ) ;
#1953 = CARTESIAN_POINT ( 'NONE',  ( 3.972909142763893620, -1.397276333070447185, 3.099999999999593747 ) ) ;
#1954 = CARTESIAN_POINT ( 'NONE',  ( -5.011792873543974736, 6.820462724888163741, 1.920000000000000373 ) ) ;
#1955 = FACE_OUTER_BOUND ( 'NONE', #59, .T. ) ;
#1956 = CARTESIAN_POINT ( 'NONE',  ( 3.132389535233935263, -1.068524929404099044, 3.199999999999988187 ) ) ;
#1957 = AXIS2_PLACEMENT_3D ( 'NONE', #7535, #1541, #7736 ) ;
#1958 = CARTESIAN_POINT ( 'NONE',  ( 4.020897078162299465, -1.548641554280916433, 3.200000000000000178 ) ) ;
#1959 = CARTESIAN_POINT ( 'NONE',  ( 4.769305144745993097, -6.232807385166426073, 3.099999999999539568 ) ) ;
#1960 = EDGE_CURVE ( 'NONE', #1640, #3084, #5216, .T. ) ;
#1961 = CARTESIAN_POINT ( 'NONE',  ( 4.670208742637256272, 1.589765862111012451, 3.200000000000000178 ) ) ;
#1962 = ORIENTED_EDGE ( 'NONE', *, *, #6616, .F. ) ;
#1963 = CARTESIAN_POINT ( 'NONE',  ( 4.284493926769738614, -6.282353614813241727, 3.199999999999998845 ) ) ;
#1964 = ORIENTED_EDGE ( 'NONE', *, *, #7683, .T. ) ;
#1965 = EDGE_CURVE ( 'NONE', #5317, #8045, #1454, .T. ) ;
#1966 = EDGE_CURVE ( 'NONE', #2349, #594, #5403, .T. ) ;
#1967 = PRESENTATION_LAYER_ASSIGNMENT (  '', '', ( #328 ) ) ;
#1968 = CARTESIAN_POINT ( 'NONE',  ( 3.710319575887031540, -4.918900028149859160, 3.100000000000075140 ) ) ;
#1969 = CARTESIAN_POINT ( 'NONE',  ( -4.591792873543975695, 6.480462724888164772, 2.000000000000000444 ) ) ;
#1970 = CARTESIAN_POINT ( 'NONE',  ( 3.725644650923897849, 0.6652649810004314102, 3.100000000000000977 ) ) ;
#1971 = CARTESIAN_POINT ( 'NONE',  ( 3.560089590374192259, -4.068749605636806876, 3.099999999999598632 ) ) ;
#1972 = CARTESIAN_POINT ( 'NONE',  ( -3.790393806663826748, 6.666485648704558287, 2.000000000000000444 ) ) ;
#1973 = CARTESIAN_POINT ( 'NONE',  ( 2.862869378016088984, -2.262531979561058115, 3.200000000000004174 ) ) ;
#1974 = VECTOR ( 'NONE', #1795, 1000.000000000000114 ) ;
#1975 = VERTEX_POINT ( 'NONE', #5360 ) ;
#1976 = SURFACE_STYLE_FILL_AREA ( #8928 ) ;
#1977 = VERTEX_POINT ( 'NONE', #75 ) ;
#1978 = FILL_AREA_STYLE_COLOUR ( '', #4560 ) ;
#1979 = CARTESIAN_POINT ( 'NONE',  ( 3.856585313269659920, -1.388028898555263346, 3.199999999999997069 ) ) ;
#1980 = MECHANICAL_DESIGN_GEOMETRIC_PRESENTATION_REPRESENTATION (  '', ( #8324 ), #5541 ) ;
#1981 = CARTESIAN_POINT ( 'NONE',  ( 8.000000000000000000, 2.499999999999999556, 2.200000000000000178 ) ) ;
#1982 = CARTESIAN_POINT ( 'NONE',  ( 4.645854110272627402, -4.634880421045449062, 3.199999999999995737 ) ) ;
#1983 = CARTESIAN_POINT ( 'NONE',  ( 3.369897330350792863, -6.299173512740184222, 3.100000000000000977 ) ) ;
#1984 = CARTESIAN_POINT ( 'NONE',  ( 3.823836983086249308, -2.164050952609640088, 3.100000000000001865 ) ) ;
#1985 = ORIENTED_EDGE ( 'NONE', *, *, #8, .F. ) ;
#1986 = ORIENTED_EDGE ( 'NONE', *, *, #8491, .F. ) ;
#1987 = CIRCLE ( 'NONE', #5874, 0.8999999999999998002 ) ;
#1988 = SURFACE_SIDE_STYLE ('',( #7423 ) ) ;
#1989 = CARTESIAN_POINT ( 'NONE',  ( 2.083206147703078770, 4.869646352943380663, 3.100000000000000977 ) ) ;
#1990 = EDGE_LOOP ( 'NONE', ( #2838, #4117, #1568, #9959 ) ) ;
#1991 = CARTESIAN_POINT ( 'NONE',  ( -8.000000000000000000, 7.500000000000001776, 1.000000000000000000 ) ) ;
#1992 = DIRECTION ( 'NONE',  ( -1.000000000000000000, 0.0000000000000000000, 0.0000000000000000000 ) ) ;
#1993 = CARTESIAN_POINT ( 'NONE',  ( 4.021549860966421974, -1.564286797384051964, 3.200000000000000178 ) ) ;
#1994 = CARTESIAN_POINT ( 'NONE',  ( 3.305052771020458469, -1.245020109674152220, 3.100000000000000089 ) ) ;
#1995 = ORIENTED_EDGE ( 'NONE', *, *, #5502, .T. ) ;
#1996 = ORIENTED_EDGE ( 'NONE', *, *, #1141, .F. ) ;
#1997 = MECHANICAL_DESIGN_GEOMETRIC_PRESENTATION_REPRESENTATION (  '', ( #4917 ), #2788 ) ;
#1998 = CARTESIAN_POINT ( 'NONE',  ( 3.206465389440453340, -4.131460653579368092, 3.200000000000000178 ) ) ;
#1999 = UNCERTAINTY_MEASURE_WITH_UNIT (LENGTH_MEASURE( 1.000000000000000082E-05 ), #5912, 'distance_accuracy_value', 'NONE');
#2000 = CARTESIAN_POINT ( 'NONE',  ( 3.571088389994320433, -6.476165631683487689, 3.199999999999998401 ) ) ;
#2001 = SURFACE_STYLE_USAGE ( .BOTH. , #5911 ) ;
#2002 = CARTESIAN_POINT ( 'NONE',  ( -8.000000000000000000, 8.500000000000000000, 0.0000000000000000000 ) ) ;
#2003 = CARTESIAN_POINT ( 'NONE',  ( 4.552422261108870494, -0.1009127285251098932, 3.100000000000000977 ) ) ;
#2004 = VECTOR ( 'NONE', #8768, 1000.000000000000000 ) ;
#2005 = LINE ( 'NONE', #6639, #4829 ) ;
#2006 = CARTESIAN_POINT ( 'NONE',  ( 3.021610339943076706, -1.023169235907951835, 3.199999999999987299 ) ) ;
#2007 = CARTESIAN_POINT ( 'NONE',  ( 3.608805423008297986, -4.522114034707068519, 3.199999999999996625 ) ) ;
#2008 = SURFACE_STYLE_FILL_AREA ( #1402 ) ;
#2009 =( BOUNDED_CURVE ( )  B_SPLINE_CURVE ( 3, ( #1900, #7952, #416, #9621 ),
 .UNSPECIFIED., .F., .T. ) 
 B_SPLINE_CURVE_WITH_KNOTS ( ( 4, 4 ),
 ( 0.0000000000000000000, 1.570796326794896558 ),
 .UNSPECIFIED. ) 
 CURVE ( )  GEOMETRIC_REPRESENTATION_ITEM ( )  RATIONAL_B_SPLINE_CURVE ( ( 1.000000000000000000, 0.8047378541243649375, 0.8047378541243649375, 1.000000000000000000 ) ) 
 REPRESENTATION_ITEM ( '' )  );
#2010 = ORIENTED_EDGE ( 'NONE', *, *, #3125, .T. ) ;
#2011 = CARTESIAN_POINT ( 'NONE',  ( 4.188317976684174937, 3.584635112845306892, 3.100000000000000977 ) ) ;
#2012 = ORIENTED_EDGE ( 'NONE', *, *, #6118, .F. ) ;
#2013 = CIRCLE ( 'NONE', #7541, 1.100000000000000311 ) ;
#2014 = ADVANCED_FACE ( 'NONE', ( #5313 ), #6292, .F. ) ;
#2015 = CARTESIAN_POINT ( 'NONE',  ( 4.192932766040123660, -6.332726066967730105, 3.100000000000000977 ) ) ;
#2016 = DIRECTION ( 'NONE',  ( 0.0000000000000000000, 0.0000000000000000000, -1.000000000000000000 ) ) ;
#2017 = ADVANCED_FACE ( 'NONE', ( #1611 ), #3135, .T. ) ;
#2018 = CARTESIAN_POINT ( 'NONE',  ( 2.916637760068527818, -2.321405743035636071, 3.100000000000000977 ) ) ;
#2019 = VECTOR ( 'NONE', #2285, 1000.000000000000000 ) ;
#2020 = FILL_AREA_STYLE_COLOUR ( '', #3163 ) ;
#2021 = VERTEX_POINT ( 'NONE', #8826 ) ;
#2022 = DIRECTION ( 'NONE',  ( 0.0000000000000000000, 1.000000000000000000, -0.0000000000000000000 ) ) ;
#2023 = ORIENTED_EDGE ( 'NONE', *, *, #9278, .F. ) ;
#2024 = SURFACE_SIDE_STYLE ('',( #8983 ) ) ;
#2025 = DIRECTION ( 'NONE',  ( -1.000000000000000000, 0.0000000000000000000, 0.0000000000000000000 ) ) ;
#2026 =( LENGTH_UNIT ( ) NAMED_UNIT ( * ) SI_UNIT ( .MILLI., .METRE. ) );
#2027 = CARTESIAN_POINT ( 'NONE',  ( 4.123244284949359795, -1.523186062761744619, 3.200000000000000178 ) ) ;
#2028 = CARTESIAN_POINT ( 'NONE',  ( 3.661667702600898799, -6.547420104239353833, 3.100000000000000089 ) ) ;
#2029 = CARTESIAN_POINT ( 'NONE',  ( -8.000000000000000000, -5.500000000000001776, 1.000000000000000000 ) ) ;
#2030 = EDGE_CURVE ( 'NONE', #8125, #9158, #1936, .T. ) ;
#2031 = ORIENTED_EDGE ( 'NONE', *, *, #3316, .T. ) ;
#2032 = VERTEX_POINT ( 'NONE', #7301 ) ;
#2033 = PRESENTATION_STYLE_ASSIGNMENT (( #8990 ) ) ;
#2034 = ORIENTED_EDGE ( 'NONE', *, *, #7933, .T. ) ;
#2035 = CARTESIAN_POINT ( 'NONE',  ( 2.863034732109268621, -2.354278392522342944, 3.099999999999990319 ) ) ;
#2036 = CARTESIAN_POINT ( 'NONE',  ( -8.000000000000000000, 1.000000000000000888, 1.000000000000000000 ) ) ;
#2037 = APPLICATION_PROTOCOL_DEFINITION ( 'draft international standard', 'automotive_design', 1998, #4926 ) ;
#2038 = CARTESIAN_POINT ( 'NONE',  ( 4.379371385857572463, -0.2259695637947657654, 3.099999999999910383 ) ) ;
#2039 = LINE ( 'NONE', #3445, #7145 ) ;
#2040 = FACE_OUTER_BOUND ( 'NONE', #6600, .T. ) ;
#2041 = EDGE_LOOP ( 'NONE', ( #5581, #555, #566, #3279 ) ) ;
#2042 = CARTESIAN_POINT ( 'NONE',  ( 3.883336646634507616, -1.090324261349988388, 3.099999999999574207 ) ) ;
#2043 = ORIENTED_EDGE ( 'NONE', *, *, #2688, .F. ) ;
#2044 =( LENGTH_UNIT ( ) NAMED_UNIT ( * ) SI_UNIT ( .MILLI., .METRE. ) );
#2045 = CARTESIAN_POINT ( 'NONE',  ( 4.106903564825803876, -1.443966481565726712, 3.199999999999985523 ) ) ;
#2046 = DIRECTION ( 'NONE',  ( 0.0000000000000000000, 0.0000000000000000000, 1.000000000000000000 ) ) ;
#2047 = CARTESIAN_POINT ( 'NONE',  ( 2.849870489893615133, 0.8317861291701597048, 3.100000000000042721 ) ) ;
#2048 = CARTESIAN_POINT ( 'NONE',  ( 4.700544586025626081, 0.2211131695278380771, 3.100000000000000977 ) ) ;
#2049 = CARTESIAN_POINT ( 'NONE',  ( -8.000000000000000000, 6.499999999999999112, 1.000000000000000000 ) ) ;
#2050 = DIRECTION ( 'NONE',  ( -0.0000000000000000000, 1.000000000000000000, 0.0000000000000000000 ) ) ;
#2051 = FILL_AREA_STYLE_COLOUR ( '', #1658 ) ;
#2052 = DIRECTION ( 'NONE',  ( 0.0000000000000000000, 0.0000000000000000000, -1.000000000000000000 ) ) ;
#2053 = ORIENTED_EDGE ( 'NONE', *, *, #3002, .T. ) ;
#2054 = CARTESIAN_POINT ( 'NONE',  ( 8.000000000000000000, 0.0000000000000000000, 1.000000000000000000 ) ) ;
#2055 = ORIENTED_EDGE ( 'NONE', *, *, #6439, .F. ) ;
#2056 = CARTESIAN_POINT ( 'NONE',  ( 4.200946287953959413, -4.915832968859155550, 3.100000000000646683 ) ) ;
#2057 = LINE ( 'NONE', #3629, #3272 ) ;
#2058 = CARTESIAN_POINT ( 'NONE',  ( 2.747769536275258773, 0.6774968512657483233, 3.200000000000000178 ) ) ;
#2059 = CARTESIAN_POINT ( 'NONE',  ( 3.440136819888167885, -4.081058655827468407, 3.099999999999595968 ) ) ;
#2060 = CARTESIAN_POINT ( 'NONE',  ( -4.915621052512970657, 5.849004801674254850, 1.999999999999999556 ) ) ;
#2061 = CARTESIAN_POINT ( 'NONE',  ( 3.086292304010320287, -6.614070037693840831, 3.200000000000003286 ) ) ;
#2062 = CARTESIAN_POINT ( 'NONE',  ( 2.920940582658550611, -1.595778824271598895, 3.200000000000000622 ) ) ;
#2063 = B_SPLINE_CURVE_WITH_KNOTS ( 'NONE', 3,
 ( #6558, #5980, #6752, #2059, #1971, #6607, #4253 ),
 .UNSPECIFIED., .F., .F.,
 ( 4, 1, 1, 1, 4 ),
 ( 0.0000000000000000000, 0.0001192942880006889574, 0.0002386850426425026839, 0.0003586901897325824517, 0.0004804001154368399591 ),
 .UNSPECIFIED. ) ;
#2064 = ORIENTED_EDGE ( 'NONE', *, *, #1084, .F. ) ;
#2065 = EDGE_CURVE ( 'NONE', #3744, #5489, #9637, .T. ) ;
#2066 = MECHANICAL_DESIGN_GEOMETRIC_PRESENTATION_REPRESENTATION (  '', ( #3035 ), #6305 ) ;
#2067 = CARTESIAN_POINT ( 'NONE',  ( 4.753428197128768851, -4.851953864952982975, 3.100000000000000533 ) ) ;
#2068 = EDGE_CURVE ( 'NONE', #8715, #3744, #4432, .T. ) ;
#2069 = ADVANCED_FACE ( 'NONE', ( #4032, #7156 ), #6548, .F. ) ;
#2070 = DIRECTION ( 'NONE',  ( 1.000000000000000000, 1.239088197126290817E-16, 0.0000000000000000000 ) ) ;
#2071 =( NAMED_UNIT ( * ) SI_UNIT ( $, .STERADIAN. ) SOLID_ANGLE_UNIT ( ) );
#2072 = AXIS2_PLACEMENT_3D ( 'NONE', #6835, #9104, #8356 ) ;
#2073 = CARTESIAN_POINT ( 'NONE',  ( 3.258884741147642483, -6.193919181862010959, 3.200000000000001510 ) ) ;
#2074 = FACE_OUTER_BOUND ( 'NONE', #2824, .T. ) ;
#2075 = ORIENTED_EDGE ( 'NONE', *, *, #526, .T. ) ;
#2076 = VERTEX_POINT ( 'NONE', #8068 ) ;
#2077 = EDGE_CURVE ( 'NONE', #2721, #4858, #3322, .T. ) ;
#2078 = CARTESIAN_POINT ( 'NONE',  ( 3.825579334200544412, -1.415070321251965746, 3.100000000000000977 ) ) ;
#2079 = LINE ( 'NONE', #7629, #4782 ) ;
#2080 = ORIENTED_EDGE ( 'NONE', *, *, #2145, .T. ) ;
#2081 = CARTESIAN_POINT ( 'NONE',  ( -5.828655788554123696, 4.686736894867857828, 2.000000000000000888 ) ) ;
#2082 = EDGE_CURVE ( 'NONE', #8919, #7426, #6396, .T. ) ;
#2083 = ADVANCED_FACE ( 'NONE', ( #1819 ), #4903, .F. ) ;
#2084 = CARTESIAN_POINT ( 'NONE',  ( 3.993792958987290920, -6.356147583489079267, 3.100000000000556089 ) ) ;
#2085 = B_SPLINE_CURVE_WITH_KNOTS ( 'NONE', 3,
 ( #1907, #4233, #372, #2738, #472, #8954, #1998 ),
 .UNSPECIFIED., .F., .F.,
 ( 4, 1, 1, 1, 4 ),
 ( 0.0000000000000000000, 0.0001217357060259098404, 0.0002417662723352851306, 0.0003611823160571732026, 0.0004805018727045903826 ),
 .UNSPECIFIED. ) ;
#2086 = CARTESIAN_POINT ( 'NONE',  ( -5.733191940424119615, 6.974439801071194545, 2.000000000000000000 ) ) ;
#2087 = CARTESIAN_POINT ( 'NONE',  ( 4.522124296388104092, -0.1312886707066070191, 3.099999999999910383 ) ) ;
#2088 = COLOUR_RGB ( '',1.000000000000000000, 1.000000000000000000, 0.0000000000000000000 ) ;
#2089 = CARTESIAN_POINT ( 'NONE',  ( 4.324872120535648179, -5.769025705854602393, 3.100000000000000533 ) ) ;
#2090 = CARTESIAN_POINT ( 'NONE',  ( 4.591517052615265548, 0.4803095307866747654, 3.099999999999996092 ) ) ;
#2091 = CARTESIAN_POINT ( 'NONE',  ( 4.617703000151444748, 0.6887870800510477176, 3.199999999999999289 ) ) ;
#2092 = ORIENTED_EDGE ( 'NONE', *, *, #6796, .F. ) ;
#2093 = CARTESIAN_POINT ( 'NONE',  ( -3.828655788554126360, 4.954188554908469655, 2.000000000000000000 ) ) ;
#2094 = DIRECTION ( 'NONE',  ( -1.000000000000000000, 0.0000000000000000000, 0.0000000000000000000 ) ) ;
#2095 = CARTESIAN_POINT ( 'NONE',  ( 3.846382982847013299, -1.751544575814472315, 3.199999999999999734 ) ) ;
#2096 = SURFACE_STYLE_FILL_AREA ( #8152 ) ;
#2097 = CARTESIAN_POINT ( 'NONE',  ( 3.572547526216969693, -6.222917731148420728, 3.199999999999987299 ) ) ;
#2098 = CARTESIAN_POINT ( 'NONE',  ( 4.715813952939865494, 0.3443234027146415688, 3.199999999999997957 ) ) ;
#2099 =( NAMED_UNIT ( * ) PLANE_ANGLE_UNIT ( ) SI_UNIT ( $, .RADIAN. ) );
#2100 = CARTESIAN_POINT ( 'NONE',  ( 2.689234543176708847, -0.5877921551671416722, 3.100000000000000977 ) ) ;
#2101 = CARTESIAN_POINT ( 'NONE',  ( 4.021549860966421974, -1.564286797384051964, 3.100000000000000977 ) ) ;
#2102 = CARTESIAN_POINT ( 'NONE',  ( 8.000000000000000000, -0.4999999999999987232, 1.000000000000000000 ) ) ;
#2103 = FILL_AREA_STYLE_COLOUR ( '', #9580 ) ;
#2104 = VECTOR ( 'NONE', #6271, 1000.000000000000000 ) ;
#2105 = B_SPLINE_CURVE_WITH_KNOTS ( 'NONE', 3,
 ( #3944, #9433, #3220, #3168, #7821, #8628, #7016, #28, #1008, #2522, #7872 ),
 .UNSPECIFIED., .F., .F.,
 ( 4, 1, 1, 1, 1, 1, 1, 1, 4 ),
 ( 0.0000000000000000000, 8.248221410774683228E-05, 0.0001632934734836185339, 0.0002425202393483215737, 0.0003202632076158537012, 0.0003971424811289816126, 0.0004728640230589508850, 0.0005474698135122748775, 0.0006212142418709401927 ),
 .UNSPECIFIED. ) ;
#2106 = ORIENTED_EDGE ( 'NONE', *, *, #5689, .T. ) ;
#2107 = CARTESIAN_POINT ( 'NONE',  ( 7.500000000000000000, 1.000000000000000888, 1.000000000000000000 ) ) ;
#2108 = ORIENTED_EDGE ( 'NONE', *, *, #6616, .T. ) ;
#2109 = CARTESIAN_POINT ( 'NONE',  ( 2.923456653129719918, -1.623909092247517671, 3.100000000000010747 ) ) ;
#2110 = LINE ( 'NONE', #7511, #5700 ) ;
#2111 = VECTOR ( 'NONE', #6091, 1000.000000000000114 ) ;
#2112 = CARTESIAN_POINT ( 'NONE',  ( 2.742741182445372239, 0.5630464777696894130, 3.200000000000000178 ) ) ;
#2113 = DIRECTION ( 'NONE',  ( -0.002022240556662139362, 0.9999979552694749918, 0.0000000000000000000 ) ) ;
#2114 = CARTESIAN_POINT ( 'NONE',  ( 3.082062453140811176, -1.426953089927816443, 3.100000000000000977 ) ) ;
#2115 = CARTESIAN_POINT ( 'NONE',  ( -4.591792873543973919, 6.820462724888163741, 2.000000000000000444 ) ) ;
#2116 = DIRECTION ( 'NONE',  ( 1.000000000000000000, -0.0000000000000000000, 0.0000000000000000000 ) ) ;
#2117 = FILL_AREA_STYLE_COLOUR ( '', #6703 ) ;
#2118 = ORIENTED_EDGE ( 'NONE', *, *, #4452, .F. ) ;
#2119 = CARTESIAN_POINT ( 'NONE',  ( 2.919758980692532813, -1.582568232467511882, 3.100000000000004974 ) ) ;
#2120 = DIRECTION ( 'NONE',  ( 1.000000000000000000, -0.0000000000000000000, 0.0000000000000000000 ) ) ;
#2121 = CARTESIAN_POINT ( 'NONE',  ( 2.659179361554323329, -4.849929195071108090, 3.199999999999996181 ) ) ;
#2122 = CIRCLE ( 'NONE', #2603, 1.100000000000000311 ) ;
#2123 =( NAMED_UNIT ( * ) PLANE_ANGLE_UNIT ( ) SI_UNIT ( $, .RADIAN. ) );
#2124 =( GEOMETRIC_REPRESENTATION_CONTEXT ( 3 ) GLOBAL_UNCERTAINTY_ASSIGNED_CONTEXT ( ( #3504 ) ) GLOBAL_UNIT_ASSIGNED_CONTEXT ( ( #9431, #26, #5571 ) ) REPRESENTATION_CONTEXT ( 'NONE', 'WORKASPACE' ) );
#2125 = CARTESIAN_POINT ( 'NONE',  ( 1.538881060897523412, 6.156522020678421470, 3.200000000000000178 ) ) ;
#2126 = FACE_OUTER_BOUND ( 'NONE', #5706, .T. ) ;
#2127 = CARTESIAN_POINT ( 'NONE',  ( 2.666494221487527128, -1.295415935059019752, 3.100000000000011191 ) ) ;
#2128 = ORIENTED_EDGE ( 'NONE', *, *, #5491, .F. ) ;
#2129 = EDGE_CURVE ( 'NONE', #4270, #1247, #8871, .T. ) ;
#2130 = DIRECTION ( 'NONE',  ( -1.000000000000000000, 0.0000000000000000000, 0.0000000000000000000 ) ) ;
#2131 = CARTESIAN_POINT ( 'NONE',  ( 4.323416484173798757, -5.280961620534480261, 3.100000000000000977 ) ) ;
#2132 = ORIENTED_EDGE ( 'NONE', *, *, #2207, .T. ) ;
#2133 = AXIS2_PLACEMENT_3D ( 'NONE', #142, #4160, #9548 ) ;
#2134 = B_SPLINE_CURVE_WITH_KNOTS ( 'NONE', 3,
 ( #9632, #581, #5962, #1345, #3507, #7441, #8958, #5094, #2047, #2648, #4436, #477, #8206, #3452, #5143, #3557, #8258, #6687, #5762 ),
 .UNSPECIFIED., .F., .F.,
 ( 4, 1, 1, 1, 1, 1, 1, 1, 1, 1, 1, 1, 1, 1, 1, 1, 4 ),
 ( 0.0000000000000000000, 3.871419873300265186E-05, 7.391764861122649961E-05, 0.0001056183393518078347, 0.0001329810380904344316, 0.0001569346998584613166, 0.0001774741026058160981, 0.0001942252116279293104, 0.0002074589898928922023, 0.0002309229169258891616, 0.0002545962191655823837, 0.0002799471553405865937, 0.0003069575070418119203, 0.0003396558470336928193, 0.0003821904265588011644, 0.0004347237109710206954, 0.0004985342998051925205 ),
 .UNSPECIFIED. ) ;
#2135 = CARTESIAN_POINT ( 'NONE',  ( 2.678943260419953454, -2.125198982787244617, 3.099999999999989875 ) ) ;
#2136 = CARTESIAN_POINT ( 'NONE',  ( 3.858354611196999517, -6.677804268417474987, 3.100000000000040057 ) ) ;
#2137 = FACE_OUTER_BOUND ( 'NONE', #9596, .T. ) ;
#2138 = EDGE_CURVE ( 'NONE', #7060, #7800, #480, .T. ) ;
#2139 = CARTESIAN_POINT ( 'NONE',  ( 3.901286313554749086, 0.2840659784767635698, 3.199999999999996625 ) ) ;
#2140 = CARTESIAN_POINT ( 'NONE',  ( 3.921413063143352140, -1.737428423293505553, 3.100000000000000977 ) ) ;
#2141 = VECTOR ( 'NONE', #2580, 1000.000000000000000 ) ;
#2142 = AXIS2_PLACEMENT_3D ( 'NONE', #1812, #995, #7201 ) ;
#2143 = ORIENTED_EDGE ( 'NONE', *, *, #6620, .F. ) ;
#2144 = CARTESIAN_POINT ( 'NONE',  ( 4.237109568884187105, -5.691792709295645736, 3.200000000000000622 ) ) ;
#2145 = EDGE_CURVE ( 'NONE', #327, #9456, #7304, .T. ) ;
#2146 = CARTESIAN_POINT ( 'NONE',  ( 3.948693736415206157, -1.373598374677317047, 3.200000000000001510 ) ) ;
#2147 = EDGE_CURVE ( 'NONE', #5424, #8252, #2851, .T. ) ;
#2148 = EDGE_LOOP ( 'NONE', ( #2581, #8676, #7581, #9188 ) ) ;
#2149 = FILL_AREA_STYLE_COLOUR ( '', #4619 ) ;
#2150 = CARTESIAN_POINT ( 'NONE',  ( -5.661792873543973315, 5.020462724888163031, 1.966862915010151980 ) ) ;
#2151 = CARTESIAN_POINT ( 'NONE',  ( 2.863034732109268621, -2.354278392522343388, 3.200000000000001066 ) ) ;
#2152 = CARTESIAN_POINT ( 'NONE',  ( 0.0000000000000000000, 0.0000000000000000000, 0.0000000000000000000 ) ) ;
#2153 = CARTESIAN_POINT ( 'NONE',  ( 3.150241602643045091, -5.922413530915647151, 3.199999999999985079 ) ) ;
#2154 = FILL_AREA_STYLE ('',( #9117 ) ) ;
#2155 = VERTEX_POINT ( 'NONE', #1137 ) ;
#2156 = CARTESIAN_POINT ( 'NONE',  ( 2.742741182445372239, 0.5630464777696894130, 3.200000000000000178 ) ) ;
#2157 = CARTESIAN_POINT ( 'NONE',  ( 2.747125544358810956, 1.492334538811059153, 3.100000000000000533 ) ) ;
#2158 = AXIS2_PLACEMENT_3D ( 'NONE', #3022, #8383, #2922 ) ;
#2159 = DIRECTION ( 'NONE',  ( 1.000000000000000000, -0.0000000000000000000, 0.0000000000000000000 ) ) ;
#2160 = ORIENTED_EDGE ( 'NONE', *, *, #9513, .T. ) ;
#2161 = FILL_AREA_STYLE_COLOUR ( '', #8856 ) ;
#2162 = ORIENTED_EDGE ( 'NONE', *, *, #1773, .T. ) ;
#2163 = DIRECTION ( 'NONE',  ( 0.0000000000000000000, 0.0000000000000000000, 1.000000000000000000 ) ) ;
#2164 = CARTESIAN_POINT ( 'NONE',  ( 3.123894593156485211, -1.429025514140481290, 3.200000000000002398 ) ) ;
#2165 = FILL_AREA_STYLE_COLOUR ( '', #8019 ) ;
#2166 = CARTESIAN_POINT ( 'NONE',  ( 2.845756354062883631, -4.579315998826027467, 3.100000000000000533 ) ) ;
#2167 = CARTESIAN_POINT ( 'NONE',  ( -4.116517023243923212, 6.079756848415203585, 2.000000000000000444 ) ) ;
#2168 = PLANE ( 'NONE',  #8627 ) ;
#2169 = CARTESIAN_POINT ( 'NONE',  ( -4.978655788554129380, 7.254188554908472142, 2.000000000000000888 ) ) ;
#2170 = CARTESIAN_POINT ( 'NONE',  ( 0.0000000000000000000, 0.0000000000000000000, 3.100000000000000977 ) ) ;
#2171 = LINE ( 'NONE', #649, #1015 ) ;
#2172 = EDGE_LOOP ( 'NONE', ( #4590, #7932 ) ) ;
#2173 = CARTESIAN_POINT ( 'NONE',  ( 3.111296665739109901, -5.289188352527475878, 3.199999999999996181 ) ) ;
#2174 = CIRCLE ( 'NONE', #8030, 0.5000000000000004441 ) ;
#2175 = CARTESIAN_POINT ( 'NONE',  ( 1.541531134348377963, 4.662940623776712812, 3.200000000000000178 ) ) ;
#2176 = CARTESIAN_POINT ( 'NONE',  ( 3.082596637233457670, -6.561159367235953610, 3.200000000000001066 ) ) ;
#2177 = CARTESIAN_POINT ( 'NONE',  ( 4.162896566367807694, 0.2272923163588276285, 3.199999999999998845 ) ) ;
#2178 = ORIENTED_EDGE ( 'NONE', *, *, #1714, .F. ) ;
#2179 = ORIENTED_EDGE ( 'NONE', *, *, #6739, .T. ) ;
#2180 = CARTESIAN_POINT ( 'NONE',  ( 2.880520778562180251, -2.366440497753428129, 3.200000000000000178 ) ) ;
#2181 = CARTESIAN_POINT ( 'NONE',  ( 0.0000000000000000000, 0.0000000000000000000, 1.200000000000000178 ) ) ;
#2182 = EDGE_LOOP ( 'NONE', ( #1089, #4876, #584, #5592 ) ) ;
#2183 = CARTESIAN_POINT ( 'NONE',  ( 2.717480239699281874, -2.212704249821370706, 3.099999999999990319 ) ) ;
#2184 = CARTESIAN_POINT ( 'NONE',  ( 4.538944093158395532, -4.284014301085250942, 3.200000000000000622 ) ) ;
#2185 = CARTESIAN_POINT ( 'NONE',  ( 2.911656349946383671, -4.263258096711371792, 3.100000000000000533 ) ) ;
#2186 = CARTESIAN_POINT ( 'NONE',  ( 4.293096055254888022, -4.158213973213698011, 3.100000000000000977 ) ) ;
#2187 = B_SPLINE_SURFACE_WITH_KNOTS ( 'NONE', 3, 1, ( 
 ( #1538, #3232 ),
 ( #4571, #7886 ),
 ( #7028, #1580 ),
 ( #7780, #6363 ),
 ( #3183, #7079 ),
 ( #9448, #8537 ),
 ( #4714, #6207 ) ),
 .UNSPECIFIED., .F., .F., .F.,
 ( 4, 1, 1, 1, 4 ),
 ( 2, 2 ),
 ( 0.0000000000000000000, 0.2151192912239729138, 0.4526779985910392989, 0.7148510800087927164, 0.9999999999999998890 ),
 ( 0.0000000000000000000, 1.000000000000000000 ),
 .UNSPECIFIED. ) ;
#2188 = DIRECTION ( 'NONE',  ( 0.0000000000000000000, -0.0000000000000000000, -1.000000000000000000 ) ) ;
#2189 = EDGE_LOOP ( 'NONE', ( #2456, #9403, #1066, #3962 ) ) ;
#2190 = CARTESIAN_POINT ( 'NONE',  ( 4.044589767051829376, -4.917735624476507361, 3.199999999999994404 ) ) ;
#2191 = VERTEX_POINT ( 'NONE', #2747 ) ;
#2192 = ADVANCED_FACE ( 'NONE', ( #4443 ), #9009, .T. ) ;
#2193 = SURFACE_STYLE_USAGE ( .BOTH. , #9055 ) ;
#2194 = AXIS2_PLACEMENT_3D ( 'NONE', #9996, #7723, #1621 ) ;
#2195 = CARTESIAN_POINT ( 'NONE',  ( 3.095810266113900422, -1.427634176299824809, 3.100000000000000977 ) ) ;
#2196 = EDGE_CURVE ( 'NONE', #2665, #5295, #3618, .T. ) ;
#2197 = ADVANCED_FACE ( 'NONE', ( #9064 ), #1614, .T. ) ;
#2198 = CARTESIAN_POINT ( 'NONE',  ( 3.277361686471432112, -6.831189967654309747, 3.100000000000000977 ) ) ;
#2199 = CARTESIAN_POINT ( 'NONE',  ( 3.792808978092887529, -0.1062324017491729361, 3.099999999998142464 ) ) ;
#2200 = CARTESIAN_POINT ( 'NONE',  ( 4.379371385857571575, -0.2259695637947657654, 3.100000000000000977 ) ) ;
#2201 = VERTEX_POINT ( 'NONE', #9830 ) ;
#2202 = CARTESIAN_POINT ( 'NONE',  ( 4.383363744344535462, -5.859819749573286884, 3.100000000001001510 ) ) ;
#2203 = AXIS2_PLACEMENT_3D ( 'NONE', #1010, #5010, #3419 ) ;
#2204 = CARTESIAN_POINT ( 'NONE',  ( 2.740957627803084051, 1.607763609490337808, 3.199999999999997957 ) ) ;
#2205 = DIRECTION ( 'NONE',  ( -0.0000000000000000000, 1.000000000000000000, -0.0000000000000000000 ) ) ;
#2206 = ORIENTED_EDGE ( 'NONE', *, *, #2507, .T. ) ;
#2207 = EDGE_CURVE ( 'NONE', #539, #9999, #8180, .T. ) ;
#2208 = CARTESIAN_POINT ( 'NONE',  ( 4.380124901526238013, -6.771427187831761785, 3.200000000000002398 ) ) ;
#2209 = ORIENTED_EDGE ( 'NONE', *, *, #9535, .F. ) ;
#2210 = UNCERTAINTY_MEASURE_WITH_UNIT (LENGTH_MEASURE( 1.000000000000000082E-05 ), #5161, 'distance_accuracy_value', 'NONE');
#2211 = DIRECTION ( 'NONE',  ( 0.0000000000000000000, -0.0000000000000000000, -1.000000000000000000 ) ) ;
#2212 = ADVANCED_FACE ( 'NONE', ( #6941 ), #7649, .F. ) ;
#2213 = CARTESIAN_POINT ( 'NONE',  ( 3.006553540251431400, 0.8463187007046077959, 3.200000000000000622 ) ) ;
#2214 = FACE_OUTER_BOUND ( 'NONE', #9713, .T. ) ;
#2215 = CARTESIAN_POINT ( 'NONE',  ( 3.019173477510786352, -5.818673143561658989, 3.100000000000001421 ) ) ;
#2216 = FACE_OUTER_BOUND ( 'NONE', #8147, .T. ) ;
#2217 = SURFACE_STYLE_FILL_AREA ( #8977 ) ;
#2218 = CARTESIAN_POINT ( 'NONE',  ( 3.063335129396779877, -4.914441141544138247, 3.100000000000000977 ) ) ;
#2219 = DIRECTION ( 'NONE',  ( -1.000000000000000000, 0.0000000000000000000, 0.0000000000000000000 ) ) ;
#2220 = VERTEX_POINT ( 'NONE', #6122 ) ;
#2221 =( NAMED_UNIT ( * ) PLANE_ANGLE_UNIT ( ) SI_UNIT ( $, .RADIAN. ) );
#2222 = CARTESIAN_POINT ( 'NONE',  ( 4.283204549912431602, -6.787722653127238104, 3.100000000000238121 ) ) ;
#2223 = SURFACE_SIDE_STYLE ('',( #2872 ) ) ;
#2224 = FILL_AREA_STYLE ('',( #9378 ) ) ;
#2225 = CARTESIAN_POINT ( 'NONE',  ( 3.232540776273226779, -6.808279097232182941, 3.200000000000001510 ) ) ;
#2226 = CARTESIAN_POINT ( 'NONE',  ( 4.351670362818344628, -4.910860022916068601, 3.199999999999999734 ) ) ;
#2227 = CARTESIAN_POINT ( 'NONE',  ( 2.794840121425140822, -1.633702843410195671, 3.100000000000000977 ) ) ;
#2228 = ORIENTED_EDGE ( 'NONE', *, *, #1285, .T. ) ;
#2229 = ORIENTED_EDGE ( 'NONE', *, *, #1913, .T. ) ;
#2230 = EDGE_LOOP ( 'NONE', ( #6968, #8486, #9441, #3879 ) ) ;
#2231 =( NAMED_UNIT ( * ) PLANE_ANGLE_UNIT ( ) SI_UNIT ( $, .RADIAN. ) );
#2232 = CARTESIAN_POINT ( 'NONE',  ( 3.502398997010987447, -6.179884035011854237, 3.100000000000556977 ) ) ;
#2233 = COLOUR_RGB ( '',1.000000000000000000, 1.000000000000000000, 0.0000000000000000000 ) ;
#2234 = CARTESIAN_POINT ( 'NONE',  ( 1.541531134348377741, 4.662940623776712812, 3.100000000000000977 ) ) ;
#2235 = FACE_OUTER_BOUND ( 'NONE', #2189, .T. ) ;
#2236 = SURFACE_STYLE_USAGE ( .BOTH. , #3754 ) ;
#2237 = ORIENTED_EDGE ( 'NONE', *, *, #2138, .T. ) ;
#2238 = ORIENTED_EDGE ( 'NONE', *, *, #5309, .T. ) ;
#2239 = CARTESIAN_POINT ( 'NONE',  ( -8.000000000000000000, 5.000000000000000000, 1.000000000000000000 ) ) ;
#2240 = VECTOR ( 'NONE', #1494, 1000.000000000000000 ) ;
#2241 = ORIENTED_EDGE ( 'NONE', *, *, #3805, .T. ) ;
#2242 = CARTESIAN_POINT ( 'NONE',  ( 3.708090132584171528, -5.382624235144940705, 3.099999999999970779 ) ) ;
#2243 = FACE_OUTER_BOUND ( 'NONE', #5556, .T. ) ;
#2244 = CARTESIAN_POINT ( 'NONE',  ( -5.781792873543975197, 6.820462724888162853, 1.920000000000000373 ) ) ;
#2245 = VECTOR ( 'NONE', #4239, 1000.000000000000000 ) ;
#2246 = CARTESIAN_POINT ( 'NONE',  ( 3.030785257175009573, -2.176937817010245357, 3.200000000000000178 ) ) ;
#2247 = VERTEX_POINT ( 'NONE', #2350 ) ;
#2248 = ADVANCED_FACE ( 'NONE', ( #3766 ), #5451, .T. ) ;
#2249 = CARTESIAN_POINT ( 'NONE',  ( 4.415269548251669285, -6.019226716752346995, 3.100000000000849187 ) ) ;
#2250 = CARTESIAN_POINT ( 'NONE',  ( 3.030636062768198080, 1.325179757816585147, 3.199999999999997957 ) ) ;
#2251 = CARTESIAN_POINT ( 'NONE',  ( 0.0000000000000000000, -8.200000000000001066, 1.000000000000000000 ) ) ;
#2252 = EDGE_CURVE ( 'NONE', #5424, #2983, #8667, .T. ) ;
#2253 = ORIENTED_EDGE ( 'NONE', *, *, #4865, .F. ) ;
#2254 =( GEOMETRIC_REPRESENTATION_CONTEXT ( 3 ) GLOBAL_UNCERTAINTY_ASSIGNED_CONTEXT ( ( #6898 ) ) GLOBAL_UNIT_ASSIGNED_CONTEXT ( ( #205, #8695, #9506 ) ) REPRESENTATION_CONTEXT ( 'NONE', 'WORKASPACE' ) );
#2255 = CARTESIAN_POINT ( 'NONE',  ( -7.082842712474618274, -8.082842712474620939, 1.000000000000000222 ) ) ;
#2256 = ORIENTED_EDGE ( 'NONE', *, *, #9393, .F. ) ;
#2257 = DIRECTION ( 'NONE',  ( 1.000000000000000000, 0.0000000000000000000, -0.0000000000000000000 ) ) ;
#2258 = DIRECTION ( 'NONE',  ( -0.0000000000000000000, -0.0000000000000000000, -1.000000000000000000 ) ) ;
#2259 = CARTESIAN_POINT ( 'NONE',  ( 2.886984554858786023, 0.8389299196127962821, 3.100000000000000533 ) ) ;
#2260 = EDGE_CURVE ( 'NONE', #6916, #5004, #7575, .T. ) ;
#2261 = CARTESIAN_POINT ( 'NONE',  ( 3.475336251765485773, -1.756018921430095192, 3.100000000000000977 ) ) ;
#2262 = CIRCLE ( 'NONE', #3542, 0.5000000000000004441 ) ;
#2263 = CARTESIAN_POINT ( 'NONE',  ( 3.210478069343754015, -5.969377456919066738, 3.100000000000000533 ) ) ;
#2264 = FILL_AREA_STYLE_COLOUR ( '', #7186 ) ;
#2265 = CARTESIAN_POINT ( 'NONE',  ( 3.652354050012646347, 0.1844870049438971649, 3.150000000000000355 ) ) ;
#2266 =( LENGTH_UNIT ( ) NAMED_UNIT ( * ) SI_UNIT ( .MILLI., .METRE. ) );
#2267 = ADVANCED_FACE ( 'NONE', ( #8815 ), #4133, .T. ) ;
#2268 = EDGE_CURVE ( 'NONE', #4638, #5405, #7095, .T. ) ;
#2269 = VERTEX_POINT ( 'NONE', #219 ) ;
#2270 = DIRECTION ( 'NONE',  ( -1.000000000000000000, 0.0000000000000000000, 0.0000000000000000000 ) ) ;
#2271 =( GEOMETRIC_REPRESENTATION_CONTEXT ( 3 ) GLOBAL_UNCERTAINTY_ASSIGNED_CONTEXT ( ( #4450 ) ) GLOBAL_UNIT_ASSIGNED_CONTEXT ( ( #4500, #7517, #3682 ) ) REPRESENTATION_CONTEXT ( 'NONE', 'WORKASPACE' ) );
#2272 = PRESENTATION_STYLE_ASSIGNMENT (( #6765 ) ) ;
#2273 = CARTESIAN_POINT ( 'NONE',  ( 4.571302908786099906, -4.866262122274940261, 3.200000000000005951 ) ) ;
#2274 = CARTESIAN_POINT ( 'NONE',  ( 4.222586391642006554, -4.135544254863375180, 3.200000000000003286 ) ) ;
#2275 = CARTESIAN_POINT ( 'NONE',  ( 3.163857735794871839, -6.767607322444243678, 3.100000000000000977 ) ) ;
#2276 = CARTESIAN_POINT ( 'NONE',  ( 4.429656558014923640, -4.902362045279051728, 3.100000000000000977 ) ) ;
#2277 = LINE ( 'NONE', #1428, #8704 ) ;
#2278 = ORIENTED_EDGE ( 'NONE', *, *, #339, .T. ) ;
#2279 = CIRCLE ( 'NONE', #1957, 0.5000000000000004441 ) ;
#2280 = ORIENTED_EDGE ( 'NONE', *, *, #8895, .T. ) ;
#2281 = CARTESIAN_POINT ( 'NONE',  ( -2.000000000000000888, 8.000000000000000000, 1.200000000000000178 ) ) ;
#2282 = CARTESIAN_POINT ( 'NONE',  ( 2.645459414211124294, -4.701391705435599810, 3.200000000000001066 ) ) ;
#2283 = ORIENTED_EDGE ( 'NONE', *, *, #901, .T. ) ;
#2284 = CARTESIAN_POINT ( 'NONE',  ( 2.740957627803084051, 1.607763609490337808, 3.100000000000818101 ) ) ;
#2285 = DIRECTION ( 'NONE',  ( 0.0000000000000000000, 0.0000000000000000000, 1.000000000000000000 ) ) ;
#2286 = VECTOR ( 'NONE', #9553, 1000.000000000000000 ) ;
#2287 = DIRECTION ( 'NONE',  ( -0.0000000000000000000, -0.0000000000000000000, -1.000000000000000000 ) ) ;
#2288 = CARTESIAN_POINT ( 'NONE',  ( 4.137286196154476237, 0.2278719730859279369, 3.199999999999996181 ) ) ;
#2289 = CARTESIAN_POINT ( 'NONE',  ( 4.624662727697002929, -4.832149102320559386, 3.100000000000513900 ) ) ;
#2290 = ORIENTED_EDGE ( 'NONE', *, *, #161, .T. ) ;
#2291 = CARTESIAN_POINT ( 'NONE',  ( 4.200946287953959413, -4.915832968859155550, 3.199999999999993960 ) ) ;
#2292 = DIRECTION ( 'NONE',  ( -1.000000000000000000, 0.0000000000000000000, -0.0000000000000000000 ) ) ;
#2293 = ORIENTED_EDGE ( 'NONE', *, *, #6304, .F. ) ;
#2294 = UNCERTAINTY_MEASURE_WITH_UNIT (LENGTH_MEASURE( 1.000000000000000082E-05 ), #1543, 'distance_accuracy_value', 'NONE');
#2295 = FILL_AREA_STYLE ('',( #8062 ) ) ;
#2296 = CARTESIAN_POINT ( 'NONE',  ( 2.880520778562180251, -2.366440497753428129, 3.100000000000000977 ) ) ;
#2297 = VECTOR ( 'NONE', #5267, 1000.000000000000000 ) ;
#2298 =( LENGTH_UNIT ( ) NAMED_UNIT ( * ) SI_UNIT ( .MILLI., .METRE. ) );
#2299 = STYLED_ITEM ( 'NONE', ( #6401 ), #4250 ) ;
#2300 = ORIENTED_EDGE ( 'NONE', *, *, #2260, .T. ) ;
#2301 =( LENGTH_UNIT ( ) NAMED_UNIT ( * ) SI_UNIT ( .MILLI., .METRE. ) );
#2302 = CARTESIAN_POINT ( 'NONE',  ( 2.959888960144030801, -1.477338508572474396, 3.200000000000000178 ) ) ;
#2303 = EDGE_LOOP ( 'NONE', ( #2594, #1456, #3012, #9399 ) ) ;
#2304 = CARTESIAN_POINT ( 'NONE',  ( 2.744970625748234028, -0.5877921551671416722, 3.200000000000000178 ) ) ;
#2305 = VERTEX_POINT ( 'NONE', #9521 ) ;
#2306 = UNCERTAINTY_MEASURE_WITH_UNIT (LENGTH_MEASURE( 1.000000000000000082E-05 ), #6984, 'distance_accuracy_value', 'NONE');
#2307 = CARTESIAN_POINT ( 'NONE',  ( 4.336522646977240214, -5.649032217680331591, 3.199999999999998845 ) ) ;
#2308 = CARTESIAN_POINT ( 'NONE',  ( 2.645415223718840636, -4.746548895028010584, 3.100000000000093792 ) ) ;
#2309 = LINE ( 'NONE', #2125, #2554 ) ;
#2310 = CARTESIAN_POINT ( 'NONE',  ( 3.321552714254601746, -6.052656005980797893, 3.100000000000000533 ) ) ;
#2311 = CARTESIAN_POINT ( 'NONE',  ( 3.070671069701725653, -1.427450217131301269, 3.100000000000000977 ) ) ;
#2312 = PLANE ( 'NONE',  #4692 ) ;
#2313 = ORIENTED_EDGE ( 'NONE', *, *, #843, .F. ) ;
#2314 = AXIS2_PLACEMENT_3D ( 'NONE', #2596, #7334, #4828 ) ;
#2315 =( GEOMETRIC_REPRESENTATION_CONTEXT ( 3 ) GLOBAL_UNCERTAINTY_ASSIGNED_CONTEXT ( ( #7102 ) ) GLOBAL_UNIT_ASSIGNED_CONTEXT ( ( #1371, #2123, #1473 ) ) REPRESENTATION_CONTEXT ( 'NONE', 'WORKASPACE' ) );
#2316 = EDGE_CURVE ( 'NONE', #9757, #5295, #6242, .T. ) ;
#2317 = DIRECTION ( 'NONE',  ( -1.000000000000000000, -1.239088197126290817E-16, 0.0000000000000000000 ) ) ;
#2318 = EDGE_CURVE ( 'NONE', #1975, #5254, #2039, .T. ) ;
#2319 = EDGE_CURVE ( 'NONE', #8293, #1933, #8318, .T. ) ;
#2320 = LINE ( 'NONE', #10043, #1145 ) ;
#2321 = SURFACE_SIDE_STYLE ('',( #4041 ) ) ;
#2322 = CARTESIAN_POINT ( 'NONE',  ( 4.761055411608076327, -6.127822001605750302, 3.100000000000000533 ) ) ;
#2323 = CARTESIAN_POINT ( 'NONE',  ( 3.111155187409136769, -6.712697163762618047, 3.100000000000001421 ) ) ;
#2324 = CARTESIAN_POINT ( 'NONE',  ( 4.596320992517989090, -4.853989266469157293, 3.100000000000000977 ) ) ;
#2325 = STYLED_ITEM ( 'NONE', ( #1422 ), #7561 ) ;
#2326 = PLANE ( 'NONE',  #1085 ) ;
#2327 = ORIENTED_EDGE ( 'NONE', *, *, #4865, .T. ) ;
#2328 = APPLICATION_CONTEXT ( 'automotive_design' ) ;
#2329 = ORIENTED_EDGE ( 'NONE', *, *, #3058, .F. ) ;
#2330 = CARTESIAN_POINT ( 'NONE',  ( -2.000000000000000888, 8.000000000000000000, 1.082842712474619162 ) ) ;
#2331 = CARTESIAN_POINT ( 'NONE',  ( 2.916637760068527818, -2.321405743035636071, 3.100000000000000977 ) ) ;
#2332 = ORIENTED_EDGE ( 'NONE', *, *, #4268, .T. ) ;
#2333 = EDGE_CURVE ( 'NONE', #10053, #3796, #5134, .T. ) ;
#2335 = VECTOR ( 'NONE', #969, 1000.000000000000000 ) ;
#2334 = CARTESIAN_POINT ( 'NONE',  ( 8.000000000000000000, 8.500000000000000000, 0.0000000000000000000 ) ) ;
#2336 = EDGE_CURVE ( 'NONE', #3624, #9373, #4277, .T. ) ;
#2337 = LINE ( 'NONE', #1635, #5203 ) ;
#2338 = B_SPLINE_CURVE_WITH_KNOTS ( 'NONE', 3,
 ( #6263, #4622, #8588, #7734, #5535, #1688, #9449 ),
 .UNSPECIFIED., .F., .F.,
 ( 4, 1, 1, 1, 4 ),
 ( 0.0000000000000000000, 7.820242542701933124E-05, 0.0001630321013390907041, 0.0002555886613564531699, 0.0003566295548817568790 ),
 .UNSPECIFIED. ) ;
#2339 = CARTESIAN_POINT ( 'NONE',  ( 2.722301466602863762, -1.839358506958202355, 3.199999999999989964 ) ) ;
#2340 = LINE ( 'NONE', #923, #3280 ) ;
#2341 = ORIENTED_EDGE ( 'NONE', *, *, #6264, .T. ) ;
#2342 = ORIENTED_EDGE ( 'NONE', *, *, #904, .F. ) ;
#2343 = CARTESIAN_POINT ( 'NONE',  ( 4.365156639601385002, 0.2539027283021715875, 3.199999999999998401 ) ) ;
#2344 = VERTEX_POINT ( 'NONE', #9816 ) ;
#2345 = CARTESIAN_POINT ( 'NONE',  ( 4.664226490752307441, -4.687290573888824419, 3.100000000000000533 ) ) ;
#2346 = CARTESIAN_POINT ( 'NONE',  ( 2.933135640509699105, -4.553271326480662573, 3.199999999999999734 ) ) ;
#2347 = VECTOR ( 'NONE', #8444, 1000.000000000000000 ) ;
#2348 = CARTESIAN_POINT ( 'NONE',  ( 3.652354050012646347, 0.1844870049438971649, 3.099999999999367706 ) ) ;
#2349 = VERTEX_POINT ( 'NONE', #313 ) ;
#2350 = CARTESIAN_POINT ( 'NONE',  ( 7.200000000000001954, -8.200000000000001066, 1.000000000000000000 ) ) ;
#2351 = CARTESIAN_POINT ( 'NONE',  ( 8.000000000000000000, -1.500000000000000444, 0.0000000000000000000 ) ) ;
#2352 = DIRECTION ( 'NONE',  ( 0.0000000000000000000, 0.0000000000000000000, 1.000000000000000000 ) ) ;
#2353 = ORIENTED_EDGE ( 'NONE', *, *, #8358, .T. ) ;
#2354 = AXIS2_PLACEMENT_3D ( 'NONE', #9193, #87, #7822 ) ;
#2355 = FACE_OUTER_BOUND ( 'NONE', #24, .T. ) ;
#2356 = ORIENTED_EDGE ( 'NONE', *, *, #2927, .F. ) ;
#2357 =( NAMED_UNIT ( * ) PLANE_ANGLE_UNIT ( ) SI_UNIT ( $, .RADIAN. ) );
#2358 = CARTESIAN_POINT ( 'NONE',  ( 2.821370948236383569, -5.117340763990642749, 3.100000000000093792 ) ) ;
#2359 = PRESENTATION_LAYER_ASSIGNMENT (  '', '', ( #1076 ) ) ;
#2360 = CARTESIAN_POINT ( 'NONE',  ( 3.744926743741544772, 0.5082560825942449290, 3.100000000000001421 ) ) ;
#2361 = SURFACE_SIDE_STYLE ('',( #1512 ) ) ;
#2362 = DIRECTION ( 'NONE',  ( -1.000000000000000000, 0.0000000000000000000, 0.0000000000000000000 ) ) ;
#2363 =( NAMED_UNIT ( * ) SI_UNIT ( $, .STERADIAN. ) SOLID_ANGLE_UNIT ( ) );
#2364 = LINE ( 'NONE', #3067, #8772 ) ;
#2365 = ORIENTED_EDGE ( 'NONE', *, *, #5416, .F. ) ;
#2366 = CARTESIAN_POINT ( 'NONE',  ( 3.137352647051763643, -5.297905389636225593, 3.200000000000000622 ) ) ;
#2367 = CARTESIAN_POINT ( 'NONE',  ( 3.773869414858568749, -1.450130640826772677, 3.099999999999743405 ) ) ;
#2368 = CARTESIAN_POINT ( 'NONE',  ( -3.694929958533821779, 6.820462724888163741, 2.000000000000000444 ) ) ;
#2369 = FILL_AREA_STYLE ('',( #7111 ) ) ;
#2370 = DIRECTION ( 'NONE',  ( 0.001481479855715860973, -0.9999989026081164134, 0.0000000000000000000 ) ) ;
#2371 = DIRECTION ( 'NONE',  ( 1.334402673828313093E-16, -1.000000000000000000, -0.0000000000000000000 ) ) ;
#2372 = DIRECTION ( 'NONE',  ( -0.0000000000000000000, -1.000000000000000000, -0.0000000000000000000 ) ) ;
#2373 = CARTESIAN_POINT ( 'NONE',  ( -7.200000000000001954, 4.999999999999999112, 1.200000000000000178 ) ) ;
#2374 = ORIENTED_EDGE ( 'NONE', *, *, #3243, .F. ) ;
#2375 = EDGE_CURVE ( 'NONE', #622, #5352, #4181, .T. ) ;
#2376 = CARTESIAN_POINT ( 'NONE',  ( 2.718217306113901888, -5.571108612877292643, 3.100000000000000977 ) ) ;
#2377 = ORIENTED_EDGE ( 'NONE', *, *, #3625, .F. ) ;
#2378 = DIRECTION ( 'NONE',  ( -0.0000000000000000000, 0.0000000000000000000, 1.000000000000000000 ) ) ;
#2379 = DIRECTION ( 'NONE',  ( -0.0000000000000000000, -0.0000000000000000000, -1.000000000000000000 ) ) ;
#2380 = ORIENTED_EDGE ( 'NONE', *, *, #3749, .F. ) ;
#2381 = CARTESIAN_POINT ( 'NONE',  ( 4.335009589348675085, -4.912211698241278235, 3.150000000000000355 ) ) ;
#2382 = CARTESIAN_POINT ( 'NONE',  ( 2.081616103632565551, 5.942926100539533074, 3.200000000000000178 ) ) ;
#2383 = CARTESIAN_POINT ( 'NONE',  ( 3.545703768148171786, -1.178379394564059934, 3.100000000000000977 ) ) ;
#2384 = CARTESIAN_POINT ( 'NONE',  ( -6.799999999999999822, -7.800000000000002487, 3.199999999999999734 ) ) ;
#2385 = LINE ( 'NONE', #8365, #8900 ) ;
#2386 = LINE ( 'NONE', #3381, #1002 ) ;
#2387 = CARTESIAN_POINT ( 'NONE',  ( 3.867272384408443564, -2.154197495321063638, 3.099999999999927258 ) ) ;
#2388 = ADVANCED_FACE ( 'NONE', ( #5844 ), #459, .T. ) ;
#2389 = VERTEX_POINT ( 'NONE', #3095 ) ;
#2390 = SURFACE_STYLE_USAGE ( .BOTH. , #3141 ) ;
#2391 = CARTESIAN_POINT ( 'NONE',  ( 4.008160229068564284, -0.2465010501300987922, 3.100000000000000089 ) ) ;
#2392 = EDGE_CURVE ( 'NONE', #5126, #8044, #2262, .T. ) ;
#2393 = ORIENTED_EDGE ( 'NONE', *, *, #5484, .T. ) ;
#2394 = EDGE_CURVE ( 'NONE', #7354, #4303, #9101, .T. ) ;
#2395 = MECHANICAL_DESIGN_GEOMETRIC_PRESENTATION_REPRESENTATION (  '', ( #1409 ), #1264 ) ;
#2396 = CARTESIAN_POINT ( 'NONE',  ( 4.546684312060111033, -5.158782473900300758, 3.199999999999999734 ) ) ;
#2397 = CARTESIAN_POINT ( 'NONE',  ( 3.559234291447568754, -5.379561141934606106, 3.099999999999520028 ) ) ;
#2398 = CARTESIAN_POINT ( 'NONE',  ( 2.697140093188048038, -1.877327122439500950, 3.199999999999999734 ) ) ;
#2399 = CARTESIAN_POINT ( 'NONE',  ( 3.309378024047236799, -1.535673972132231890, 3.199999999999999734 ) ) ;
#2400 = CARTESIAN_POINT ( 'NONE',  ( 3.858354611196999517, -6.677804268417474987, 3.200000000000000178 ) ) ;
#2401 = CARTESIAN_POINT ( 'NONE',  ( 1.542484643350841456, 3.584635112845306892, 3.100000000000000977 ) ) ;
#2402 = VERTEX_POINT ( 'NONE', #7691 ) ;
#2403 = CARTESIAN_POINT ( 'NONE',  ( -8.000000000000000000, -4.500000000000000000, 0.0000000000000000000 ) ) ;
#2404 = ORIENTED_EDGE ( 'NONE', *, *, #7007, .F. ) ;
#2405 = UNCERTAINTY_MEASURE_WITH_UNIT (LENGTH_MEASURE( 1.000000000000000082E-05 ), #8025, 'distance_accuracy_value', 'NONE');
#2406 = CARTESIAN_POINT ( 'NONE',  ( -8.000000000000000000, 7.000000000000000000, 1.000000000000000000 ) ) ;
#2407 = AXIS2_PLACEMENT_3D ( 'NONE', #13, #2258, #9321 ) ;
#2408 = CARTESIAN_POINT ( 'NONE',  ( -3.186462900341459292, 5.459950475304171214, 1.200000000000000178 ) ) ;
#2409 = CARTESIAN_POINT ( 'NONE',  ( 4.182961556093556688, -5.660286344991731333, 3.200000000000000178 ) ) ;
#2410 = CARTESIAN_POINT ( 'NONE',  ( 3.955901720212568584, 0.2581833021763279556, 3.199999999999999289 ) ) ;
#2411 = DIRECTION ( 'NONE',  ( -1.000000000000000000, 0.0000000000000000000, 0.0000000000000000000 ) ) ;
#2412 = CARTESIAN_POINT ( 'NONE',  ( 2.666494221487527128, -1.295415935059019752, 3.100000000000000977 ) ) ;
#2413 = CARTESIAN_POINT ( 'NONE',  ( 3.150241602643045091, -5.922413530915647151, 3.199999999999999289 ) ) ;
#2414 = CARTESIAN_POINT ( 'NONE',  ( 4.409508499425878192, -6.087305106487284512, 3.100000000000820322 ) ) ;
#2415 = DIRECTION ( 'NONE',  ( -0.9999989737374276322, -0.001432663286156705355, 0.0000000000000000000 ) ) ;
#2416 = STYLED_ITEM ( 'NONE', ( #2422 ), #1772 ) ;
#2417 = ORIENTED_EDGE ( 'NONE', *, *, #3181, .T. ) ;
#2418 =( GEOMETRIC_REPRESENTATION_CONTEXT ( 3 ) GLOBAL_UNCERTAINTY_ASSIGNED_CONTEXT ( ( #5530 ) ) GLOBAL_UNIT_ASSIGNED_CONTEXT ( ( #2301, #10021, #1501 ) ) REPRESENTATION_CONTEXT ( 'NONE', 'WORKASPACE' ) );
#2419 = CARTESIAN_POINT ( 'NONE',  ( -3.741792873543973830, 6.820462724888163741, 2.000000000000000444 ) ) ;
#2420 = CARTESIAN_POINT ( 'NONE',  ( 4.670317862098963602, 1.611330718774915516, 3.100000000000805223 ) ) ;
#2421 = CARTESIAN_POINT ( 'NONE',  ( 4.000386601991153590, -4.088069168733273528, 3.200000000000003286 ) ) ;
#2422 = PRESENTATION_STYLE_ASSIGNMENT (( #4655 ) ) ;
#2423 = B_SPLINE_CURVE_WITH_KNOTS ( 'NONE', 3,
 ( #3239, #1586, #8543, #870, #9302, #1639, #10062, #10009, #6930, #3901, #5391, #7034, #7739, #5591, #2387 ),
 .UNSPECIFIED., .F., .F.,
 ( 4, 1, 1, 1, 1, 1, 1, 1, 1, 1, 1, 1, 4 ),
 ( 0.0000000000000000000, 4.840704433986339089E-05, 9.471249193006642188E-05, 0.0001382858428519184756, 0.0001801781810244713683, 0.0002200630541965682371, 0.0002584805943689631779, 0.0002958053204851619051, 0.0003320042564695365817, 0.0004001592106314968110, 0.0004623257132828900305, 0.0005194621771729060608, 0.0005728856246794348898 ),
 .UNSPECIFIED. ) ;
#2424 = CARTESIAN_POINT ( 'NONE',  ( 2.741194335345465305, 1.586043716673506410, 3.199999999999988631 ) ) ;
#2425 = SURFACE_STYLE_FILL_AREA ( #854 ) ;
#2426 = EDGE_LOOP ( 'NONE', ( #4184, #5567, #2816, #874, #4875 ) ) ;
#2427 = CARTESIAN_POINT ( 'NONE',  ( 3.044607805652747246, 0.8466316658936040573, 3.100000000000000977 ) ) ;
#2428 = ORIENTED_EDGE ( 'NONE', *, *, #5370, .F. ) ;
#2429 = CARTESIAN_POINT ( 'NONE',  ( 8.000000000000000000, -7.000000000000000000, 1.000000000000000000 ) ) ;
#2430 = DIRECTION ( 'NONE',  ( 0.0000000000000000000, 1.000000000000000000, -0.0000000000000000000 ) ) ;
#2431 = EDGE_LOOP ( 'NONE', ( #5835, #7756, #9493, #2256 ) ) ;
#2432 = CARTESIAN_POINT ( 'NONE',  ( 2.569759633280001676, 5.757420958979705183, 3.100000000000000977 ) ) ;
#2433 = DIRECTION ( 'NONE',  ( -0.9999972662586608108, -0.002338263288212065472, 1.212930664162014171E-14 ) ) ;
#2434 = STYLED_ITEM ( 'NONE', ( #3447 ), #3254 ) ;
#2435 = CARTESIAN_POINT ( 'NONE',  ( 7.499999999999999112, 5.000000000000000000, 1.000000000000000000 ) ) ;
#2436 = FACE_OUTER_BOUND ( 'NONE', #10063, .T. ) ;
#2437 = ORIENTED_EDGE ( 'NONE', *, *, #9853, .F. ) ;
#2438 = ORIENTED_EDGE ( 'NONE', *, *, #7305, .F. ) ;
#2439 = CARTESIAN_POINT ( 'NONE',  ( 2.668660799932806249, -1.348501804980333674, 3.200000000000002842 ) ) ;
#2440 = ORIENTED_EDGE ( 'NONE', *, *, #8549, .T. ) ;
#2441 =( GEOMETRIC_REPRESENTATION_CONTEXT ( 3 ) GLOBAL_UNCERTAINTY_ASSIGNED_CONTEXT ( ( #5852 ) ) GLOBAL_UNIT_ASSIGNED_CONTEXT ( ( #6798, #7358, #387 ) ) REPRESENTATION_CONTEXT ( 'NONE', 'WORKASPACE' ) );
#2442 = MECHANICAL_DESIGN_GEOMETRIC_PRESENTATION_REPRESENTATION (  '', ( #5034 ), #2124 ) ;
#2443 = B_SPLINE_CURVE_WITH_KNOTS ( 'NONE', 3,
 ( #9246, #1631, #3083, #3229, #3795, #6920, #10002, #9294, #4616, #2282, #5382 ),
 .UNSPECIFIED., .F., .F.,
 ( 4, 1, 1, 1, 1, 1, 1, 1, 4 ),
 ( 0.0000000000000000000, 8.147814423041859161E-05, 0.0001585795341948254738, 0.0002324669959375530697, 0.0003037786697520778985, 0.0003730357497731239804, 0.0004419124201859149048, 0.0005119965777982519745, 0.0005839639538416853837 ),
 .UNSPECIFIED. ) ;
#2444 = CARTESIAN_POINT ( 'NONE',  ( 4.420533339011855745, -5.240194650835496404, 3.199999999999998845 ) ) ;
#2445 = EDGE_CURVE ( 'NONE', #592, #9373, #6113, .T. ) ;
#2446 = CARTESIAN_POINT ( 'NONE',  ( 4.634776487402633371, -4.621448884662673784, 3.200000000000000622 ) ) ;
#2447 = CARTESIAN_POINT ( 'NONE',  ( 3.412753203352395737, -4.522101904142380668, 3.100000000000000977 ) ) ;
#2448 = CARTESIAN_POINT ( 'NONE',  ( 3.367534750181249148, -1.598355723998948985, 3.200000000000001510 ) ) ;
#2449 = ADVANCED_FACE ( 'NONE', ( #8452 ), #5338, .F. ) ;
#2450 = EDGE_CURVE ( 'NONE', #493, #6479, #9919, .T. ) ;
#2451 = VECTOR ( 'NONE', #4044, 1000.000000000000000 ) ;
#2452 = VECTOR ( 'NONE', #5582, 1000.000000000000000 ) ;
#2453 = CARTESIAN_POINT ( 'NONE',  ( 3.044607805652747246, 0.8466316658936040573, 3.200000000000000178 ) ) ;
#2454 = ORIENTED_EDGE ( 'NONE', *, *, #5497, .F. ) ;
#2455 = CARTESIAN_POINT ( 'NONE',  ( 3.871712541391641338, -5.376480888940775138, 3.099999999999948574 ) ) ;
#2456 = ORIENTED_EDGE ( 'NONE', *, *, #9720, .F. ) ;
#2457 =( GEOMETRIC_REPRESENTATION_CONTEXT ( 3 ) GLOBAL_UNCERTAINTY_ASSIGNED_CONTEXT ( ( #9629 ) ) GLOBAL_UNIT_ASSIGNED_CONTEXT ( ( #3149, #3104, #779 ) ) REPRESENTATION_CONTEXT ( 'NONE', 'WORKASPACE' ) );
#2458 = CARTESIAN_POINT ( 'NONE',  ( 2.764945001116338563, -4.795643016573489348, 3.100000000000568079 ) ) ;
#2459 = VECTOR ( 'NONE', #8161, 1000.000000000000227 ) ;
#2460 = CARTESIAN_POINT ( 'NONE',  ( 2.799027285153980138, -0.4413515414032223583, 3.200000000000000178 ) ) ;
#2461 = EDGE_CURVE ( 'NONE', #8382, #2191, #4628, .T. ) ;
#2462 = CARTESIAN_POINT ( 'NONE',  ( 4.324872120535648179, -5.769025705854602393, 3.199999999999998845 ) ) ;
#2463 = CARTESIAN_POINT ( 'NONE',  ( -6.337122846746489735, 8.180974974472158934, 1.000000000000000000 ) ) ;
#2464 = SURFACE_STYLE_USAGE ( .BOTH. , #3266 ) ;
#2465 = CARTESIAN_POINT ( 'NONE',  ( 2.795801933053463806, -0.4451077837840397566, 3.100000000000000977 ) ) ;
#2466 = CARTESIAN_POINT ( 'NONE',  ( 2.854866390392821529, -0.3895252682335951788, 3.100000000000001865 ) ) ;
#2467 = CARTESIAN_POINT ( 'NONE',  ( 4.225303643858724811, -6.319477712618259524, 3.100000000000819433 ) ) ;
#2468 = CARTESIAN_POINT ( 'NONE',  ( -8.000000000000000000, -8.500000000000001776, 1.000000000000000000 ) ) ;
#2469 =( GEOMETRIC_REPRESENTATION_CONTEXT ( 3 ) GLOBAL_UNCERTAINTY_ASSIGNED_CONTEXT ( ( #6488 ) ) GLOBAL_UNIT_ASSIGNED_CONTEXT ( ( #5818, #5977, #7406 ) ) REPRESENTATION_CONTEXT ( 'NONE', 'WORKASPACE' ) );
#2470 = EDGE_LOOP ( 'NONE', ( #7173, #4014, #1602, #9107 ) ) ;
#2471 = CIRCLE ( 'NONE', #3761, 0.5000000000000004441 ) ;
#2472 = DIRECTION ( 'NONE',  ( -0.0000000000000000000, 1.000000000000000000, 0.0000000000000000000 ) ) ;
#2473 = CARTESIAN_POINT ( 'NONE',  ( 4.211613461242788681, -0.2665254309350317263, 3.199999999999989519 ) ) ;
#2474 = ORIENTED_EDGE ( 'NONE', *, *, #7737, .T. ) ;
#2475 = PLANE ( 'NONE',  #8148 ) ;
#2476 = ORIENTED_EDGE ( 'NONE', *, *, #6118, .T. ) ;
#2477 = VECTOR ( 'NONE', #7523, 1000.000000000000000 ) ;
#2478 = CARTESIAN_POINT ( 'NONE',  ( 8.000000000000000000, 8.500000000000000000, 1.000000000000000000 ) ) ;
#2479 = CARTESIAN_POINT ( 'NONE',  ( 3.871712541391641338, -5.376480888940775138, 3.200000000000000622 ) ) ;
#2480 = ORIENTED_EDGE ( 'NONE', *, *, #3182, .T. ) ;
#2481 = CARTESIAN_POINT ( 'NONE',  ( 4.665413086832669975, -4.717358353571228236, 3.149999999999999911 ) ) ;
#2482 = UNCERTAINTY_MEASURE_WITH_UNIT (LENGTH_MEASURE( 1.000000000000000082E-05 ), #2561, 'distance_accuracy_value', 'NONE');
#2483 = CARTESIAN_POINT ( 'NONE',  ( 4.727837499312776082, 0.6629255377378605596, 3.200000000000000178 ) ) ;
#2484 = SURFACE_STYLE_FILL_AREA ( #865 ) ;
#2485 = AXIS2_PLACEMENT_3D ( 'NONE', #8517, #8670, #1564 ) ;
#2486 = PLANE ( 'NONE',  #8156 ) ;
#2487 = CARTESIAN_POINT ( 'NONE',  ( 4.665413086832669975, -4.717358353571228236, 3.199999999999999289 ) ) ;
#2488 = CARTESIAN_POINT ( 'NONE',  ( 2.754334287620249455, -4.729843236067249990, 3.100000000000993960 ) ) ;
#2489 = VERTEX_POINT ( 'NONE', #6215 ) ;
#2490 = ORIENTED_EDGE ( 'NONE', *, *, #9089, .T. ) ;
#2491 = CARTESIAN_POINT ( 'NONE',  ( 4.766845282192222477, -6.307964602053428571, 3.200000000000000622 ) ) ;
#2492 = CARTESIAN_POINT ( 'NONE',  ( 2.841258072351175112, -1.695619591967631345, 3.200000000000002398 ) ) ;
#2493 = ORIENTED_EDGE ( 'NONE', *, *, #2318, .T. ) ;
#2494 = STYLED_ITEM ( 'NONE', ( #5896 ), #8304 ) ;
#2495 = CARTESIAN_POINT ( 'NONE',  ( 4.762846095682371050, -4.809263319045859575, 3.200000000000001510 ) ) ;
#2496 = LINE ( 'NONE', #8602, #8617 ) ;
#2497 = CARTESIAN_POINT ( 'NONE',  ( 3.154855960502501055, -4.529749779107127061, 3.100000000000000977 ) ) ;
#2498 = CARTESIAN_POINT ( 'NONE',  ( 3.246149480231378170, -1.485810393123346174, 3.200000000000000178 ) ) ;
#2499 = LINE ( 'NONE', #6432, #9137 ) ;
#2500 = PRESENTATION_LAYER_ASSIGNMENT (  '', '', ( #7704 ) ) ;
#2501 = ORIENTED_EDGE ( 'NONE', *, *, #4446, .F. ) ;
#2502 = CARTESIAN_POINT ( 'NONE',  ( -3.661792873543973759, 6.820462724888163741, 1.200000000000000178 ) ) ;
#2503 = DIRECTION ( 'NONE',  ( 1.734723475976806848E-16, -1.000000000000000000, 0.0000000000000000000 ) ) ;
#2504 = VERTEX_POINT ( 'NONE', #1387 ) ;
#2505 = ORIENTED_EDGE ( 'NONE', *, *, #1214, .T. ) ;
#2506 = EDGE_CURVE ( 'NONE', #3791, #5494, #6007, .T. ) ;
#2507 = EDGE_CURVE ( 'NONE', #1083, #283, #5293, .T. ) ;
#2508 = CARTESIAN_POINT ( 'NONE',  ( 4.072459885496570564, -1.972401596009170754, 3.100000000000000977 ) ) ;
#2509 = CARTESIAN_POINT ( 'NONE',  ( 2.902703578699290965, -0.3513821391455419496, 3.100000000000000977 ) ) ;
#2510 = PLANE ( 'NONE',  #1607 ) ;
#2511 = DIRECTION ( 'NONE',  ( 0.002274444458183354136, -0.9999974134478581966, 0.0000000000000000000 ) ) ;
#2512 = CARTESIAN_POINT ( 'NONE',  ( 2.754334287620249455, -4.729843236067249990, 3.200000000000000178 ) ) ;
#2513 = PRESENTATION_STYLE_ASSIGNMENT (( #3405 ) ) ;
#2514 = SURFACE_STYLE_FILL_AREA ( #76 ) ;
#2515 = PRESENTATION_LAYER_ASSIGNMENT (  '', '', ( #5599 ) ) ;
#2516 = EDGE_CURVE ( 'NONE', #5956, #5917, #5871, .T. ) ;
#2517 = ORIENTED_EDGE ( 'NONE', *, *, #8727, .F. ) ;
#2518 = EDGE_CURVE ( 'NONE', #9373, #2701, #1799, .T. ) ;
#2519 = EDGE_CURVE ( 'NONE', #7592, #7308, #872, .T. ) ;
#2520 = DIRECTION ( 'NONE',  ( -0.0000000000000000000, -0.0000000000000000000, -1.000000000000000000 ) ) ;
#2521 = DIRECTION ( 'NONE',  ( -0.0000000000000000000, -0.0000000000000000000, -1.000000000000000000 ) ) ;
#2522 = CARTESIAN_POINT ( 'NONE',  ( 4.269683987908219791, -4.150686707509216866, 3.099999999999624389 ) ) ;
#2523 = CARTESIAN_POINT ( 'NONE',  ( -8.000000000000000000, -3.000000000000000000, 2.200000000000000178 ) ) ;
#2524 = CARTESIAN_POINT ( 'NONE',  ( 3.277361686471432112, -6.885588384244116789, 3.099999999999219824 ) ) ;
#2525 = CARTESIAN_POINT ( 'NONE',  ( 3.005662272014303138, 1.325388940841571106, 3.199999999999989075 ) ) ;
#2526 = DIRECTION ( 'NONE',  ( 1.000000000000000000, 0.0000000000000000000, 0.0000000000000000000 ) ) ;
#2527 = ORIENTED_EDGE ( 'NONE', *, *, #4738, .T. ) ;
#2528 = CARTESIAN_POINT ( 'NONE',  ( 3.805343554642972581, -0.1191292943194995763, 3.200000000000002398 ) ) ;
#2529 = AXIS2_PLACEMENT_3D ( 'NONE', #4102, #5682, #8880 ) ;
#2530 = ORIENTED_EDGE ( 'NONE', *, *, #3502, .T. ) ;
#2531 = CARTESIAN_POINT ( 'NONE',  ( 3.048327999053942694, -1.428425282915697814, 3.100000000000004974 ) ) ;
#2532 = DIRECTION ( 'NONE',  ( -0.0000000000000000000, -0.0000000000000000000, -1.000000000000000000 ) ) ;
#2533 = ORIENTED_EDGE ( 'NONE', *, *, #5560, .T. ) ;
#2534 = DIRECTION ( 'NONE',  ( 0.0000000000000000000, 0.0000000000000000000, 1.000000000000000000 ) ) ;
#2535 = CARTESIAN_POINT ( 'NONE',  ( 3.675601198448997131, -1.461876980976060336, 3.199999999999999734 ) ) ;
#2536 = CARTESIAN_POINT ( 'NONE',  ( 3.513682676574694241, -4.522059120240607299, 3.200000000000000178 ) ) ;
#2537 = CARTESIAN_POINT ( 'NONE',  ( 3.651313574488547431, -1.057693747678252416, 3.199999999999999289 ) ) ;
#2538 = FILL_AREA_STYLE ('',( #9505 ) ) ;
#2539 = DIRECTION ( 'NONE',  ( -0.0000000000000000000, -0.0000000000000000000, -1.000000000000000000 ) ) ;
#2540 = DIRECTION ( 'NONE',  ( 1.734723475976806848E-16, -1.000000000000000000, 0.0000000000000000000 ) ) ;
#2541 = EDGE_LOOP ( 'NONE', ( #8000, #4580 ) ) ;
#2542 = FACE_OUTER_BOUND ( 'NONE', #7101, .T. ) ;
#2543 = DIRECTION ( 'NONE',  ( -1.000000000000000000, -0.0000000000000000000, 0.0000000000000000000 ) ) ;
#2544 = CARTESIAN_POINT ( 'NONE',  ( 4.021549860966421974, -1.564286797384051964, 3.150000000000000355 ) ) ;
#2545 = ORIENTED_EDGE ( 'NONE', *, *, #9589, .T. ) ;
#2546 = DIRECTION ( 'NONE',  ( 0.0000000000000000000, 0.0000000000000000000, 1.000000000000000000 ) ) ;
#2547 = CARTESIAN_POINT ( 'NONE',  ( 3.086756610165704018, -4.534045019123359666, 3.099999999999999645 ) ) ;
#2548 = CARTESIAN_POINT ( 'NONE',  ( 7.082842712474620939, 8.082842712474617386, 1.000000000000000000 ) ) ;
#2549 = SURFACE_STYLE_USAGE ( .BOTH. , #9520 ) ;
#2550 = VERTEX_POINT ( 'NONE', #1641 ) ;
#2551 = CARTESIAN_POINT ( 'NONE',  ( 3.049052145174298012, -4.913562030356666277, 3.199999999999996625 ) ) ;
#2552 = PLANE ( 'NONE',  #832 ) ;
#2553 = FACE_OUTER_BOUND ( 'NONE', #8409, .T. ) ;
#2554 = VECTOR ( 'NONE', #837, 1000.000000000000227 ) ;
#2555 = ORIENTED_EDGE ( 'NONE', *, *, #6453, .T. ) ;
#2556 = CARTESIAN_POINT ( 'NONE',  ( 4.135697358072903285, -1.685568513059688689, 3.199999999999999734 ) ) ;
#2557 = LINE ( 'NONE', #5664, #3616 ) ;
#2558 = ADVANCED_FACE ( 'NONE', ( #7233 ), #8675, .T. ) ;
#2559 = STYLED_ITEM ( 'NONE', ( #14 ), #409 ) ;
#2560 = CARTESIAN_POINT ( 'NONE',  ( 3.182201011159529358, -5.310991791576004317, 3.200000000000000178 ) ) ;
#2561 =( LENGTH_UNIT ( ) NAMED_UNIT ( * ) SI_UNIT ( .MILLI., .METRE. ) );
#2562 = CARTESIAN_POINT ( 'NONE',  ( 2.709190456913482592, -1.136290831676048274, 3.199999999999999734 ) ) ;
#2563 = EDGE_CURVE ( 'NONE', #5607, #2269, #4673, .T. ) ;
#2564 = CARTESIAN_POINT ( 'NONE',  ( -8.000000000000000000, -8.500000000000001776, 1.000000000000000000 ) ) ;
#2565 = CARTESIAN_POINT ( 'NONE',  ( 4.197842932013486461, -4.526555607756604260, 3.100000000000000533 ) ) ;
#2566 = CARTESIAN_POINT ( 'NONE',  ( 4.473897345443878848, 1.329916849650920385, 3.199999999999998401 ) ) ;
#2567 = VERTEX_POINT ( 'NONE', #6427 ) ;
#2568 = VECTOR ( 'NONE', #2543, 1000.000000000000000 ) ;
#2569 = CARTESIAN_POINT ( 'NONE',  ( 0.0000000000000000000, 8.200000000000001066, 1.000000000000000000 ) ) ;
#2570 = CARTESIAN_POINT ( 'NONE',  ( 4.645976046506495649, -4.390321826466804467, 3.100000000000000089 ) ) ;
#2571 = EDGE_CURVE ( 'NONE', #9924, #3363, #7786, .T. ) ;
#2572 = CARTESIAN_POINT ( 'NONE',  ( 4.048303180600754558, -6.357210321466068237, 3.199999999999999734 ) ) ;
#2573 = CARTESIAN_POINT ( 'NONE',  ( 4.255616661859390248, -6.302253532710349049, 3.100000000000001421 ) ) ;
#2574 = CARTESIAN_POINT ( 'NONE',  ( 2.815387845055175475, 1.356699317945351924, 3.100000000000682210 ) ) ;
#2575 = ADVANCED_FACE ( 'NONE', ( #2542 ), #5648, .F. ) ;
#2576 = CARTESIAN_POINT ( 'NONE',  ( 2.982548312108338706, -1.016774232787625465, 3.099999999999660361 ) ) ;
#2577 = CARTESIAN_POINT ( 'NONE',  ( 3.082062453140811620, -1.426953089927816665, 3.150000000000000799 ) ) ;
#2578 = ADVANCED_FACE ( 'NONE', ( #601 ), #2631, .T. ) ;
#2579 = ORIENTED_EDGE ( 'NONE', *, *, #4739, .T. ) ;
#2580 = DIRECTION ( 'NONE',  ( -0.0000000000000000000, -1.000000000000000000, -0.0000000000000000000 ) ) ;
#2581 = ORIENTED_EDGE ( 'NONE', *, *, #5249, .T. ) ;
#2582 = CARTESIAN_POINT ( 'NONE',  ( 4.769305144745993097, -6.232807385166426073, 3.099999999999539568 ) ) ;
#2583 = UNCERTAINTY_MEASURE_WITH_UNIT (LENGTH_MEASURE( 1.000000000000000082E-05 ), #4913, 'distance_accuracy_value', 'NONE');
#2584 = LINE ( 'NONE', #1981, #176 ) ;
#2585 =( LENGTH_UNIT ( ) NAMED_UNIT ( * ) SI_UNIT ( .MILLI., .METRE. ) );
#2586 = FILL_AREA_STYLE_COLOUR ( '', #7991 ) ;
#2587 = CARTESIAN_POINT ( 'NONE',  ( 4.225561176189899015, -5.611400308100495060, 3.200000000000001066 ) ) ;
#2588 = ORIENTED_EDGE ( 'NONE', *, *, #8733, .F. ) ;
#2589 = ORIENTED_EDGE ( 'NONE', *, *, #1898, .T. ) ;
#2590 = STYLED_ITEM ( 'NONE', ( #8596 ), #2575 ) ;
#2591 = CARTESIAN_POINT ( 'NONE',  ( 4.659503052115975485, -6.576661359568115373, 3.100000000000000977 ) ) ;
#2592 = CARTESIAN_POINT ( 'NONE',  ( -4.591792873543973919, 6.820462724888164630, 2.000000000000000000 ) ) ;
#2593 = DIRECTION ( 'NONE',  ( 1.000000000000000000, -0.0000000000000000000, 0.0000000000000000000 ) ) ;
#2594 = ORIENTED_EDGE ( 'NONE', *, *, #2252, .T. ) ;
#2595 = CARTESIAN_POINT ( 'NONE',  ( 2.967487942401702661, -1.711914488080479524, 3.200000000000001510 ) ) ;
#2596 = CARTESIAN_POINT ( 'NONE',  ( 2.081616103632565551, 5.942926100539533962, 3.100000000000000977 ) ) ;
#2597 = CARTESIAN_POINT ( 'NONE',  ( 4.162955564358990834, -6.785073467516547829, 3.100000000000000977 ) ) ;
#2598 = PRESENTATION_STYLE_ASSIGNMENT (( #4734 ) ) ;
#2599 = EDGE_LOOP ( 'NONE', ( #2437, #5081, #2490, #3204 ) ) ;
#2600 = CARTESIAN_POINT ( 'NONE',  ( 2.755996597927213632, -4.764150110308152719, 3.200000000000001510 ) ) ;
#2601 = UNCERTAINTY_MEASURE_WITH_UNIT (LENGTH_MEASURE( 1.000000000000000082E-05 ), #2298, 'distance_accuracy_value', 'NONE');
#2602 = CARTESIAN_POINT ( 'NONE',  ( 4.124715126761657302, -1.823345616236202060, 3.200000000000000622 ) ) ;
#2603 = AXIS2_PLACEMENT_3D ( 'NONE', #4476, #3702, #6060 ) ;
#2604 = VECTOR ( 'NONE', #6298, 1000.000000000000000 ) ;
#2605 = CARTESIAN_POINT ( 'NONE',  ( 4.383363744344535462, -5.859819749573286884, 3.199999999999999289 ) ) ;
#2606 = CARTESIAN_POINT ( 'NONE',  ( 2.813202899231538989, -4.595952581647304136, 3.199999999999999289 ) ) ;
#2607 = CARTESIAN_POINT ( 'NONE',  ( 3.938939765183770980, -6.350680747353220745, 3.199999999999999289 ) ) ;
#2608 = CARTESIAN_POINT ( 'NONE',  ( 4.768100092529952150, -6.179696587985382905, 3.100000000000580513 ) ) ;
#2609 = CARTESIAN_POINT ( 'NONE',  ( 4.323416484173798757, -5.280961620534480261, 3.200000000000000622 ) ) ;
#2610 = EDGE_LOOP ( 'NONE', ( #2680, #5329, #6026, #3283 ) ) ;
#2611 = AXIS2_PLACEMENT_3D ( 'NONE', #3828, #5982, #7661 ) ;
#2612 = MECHANICAL_DESIGN_GEOMETRIC_PRESENTATION_REPRESENTATION (  '', ( #3907 ), #2932 ) ;
#2613 = FILL_AREA_STYLE ('',( #949 ) ) ;
#2614 = DIRECTION ( 'NONE',  ( 0.0000000000000000000, -0.0000000000000000000, -1.000000000000000000 ) ) ;
#2615 = CARTESIAN_POINT ( 'NONE',  ( 4.048303180600754558, -6.357210321466068237, 3.200000000000000178 ) ) ;
#2616 = CARTESIAN_POINT ( 'NONE',  ( 3.030636062768198080, 1.325179757816585147, 3.100000000000682654 ) ) ;
#2617 = AXIS2_PLACEMENT_3D ( 'NONE', #9887, #2163, #2257 ) ;
#2618 = DIRECTION ( 'NONE',  ( 1.000000000000000000, 0.0000000000000000000, 0.0000000000000000000 ) ) ;
#2619 = CARTESIAN_POINT ( 'NONE',  ( 3.877406576746938338, -1.375226907368099605, 3.100000000000000533 ) ) ;
#2620 = CARTESIAN_POINT ( 'NONE',  ( 4.715813952939865494, 0.3443234027146415688, 3.199999999999989075 ) ) ;
#2621 = ORIENTED_EDGE ( 'NONE', *, *, #9599, .F. ) ;
#2622 = CARTESIAN_POINT ( 'NONE',  ( 3.870841588271626055, -0.1775945297761615249, 3.200000000000001954 ) ) ;
#2623 = EDGE_CURVE ( 'NONE', #3568, #1453, #3635, .T. ) ;
#2624 = CARTESIAN_POINT ( 'NONE',  ( 3.239461150322795913, -3.690452377797245109, 3.200000000000000178 ) ) ;
#2625 = ADVANCED_FACE ( 'NONE', ( #9612 ), #1417, .F. ) ;
#2626 = CARTESIAN_POINT ( 'NONE',  ( 4.106903564825803876, -1.443966481565726712, 3.099999999999999645 ) ) ;
#2627 = CARTESIAN_POINT ( 'NONE',  ( 4.301282805137032206, -4.913854543628946026, 3.100000000000000977 ) ) ;
#2628 = CARTESIAN_POINT ( 'NONE',  ( 4.406358943775487091, 1.328034797976910708, 3.199999999999994404 ) ) ;
#2629 = VERTEX_POINT ( 'NONE', #6853 ) ;
#2630 = VERTEX_POINT ( 'NONE', #1258 ) ;
#2631 = PLANE ( 'NONE',  #983 ) ;
#2632 = ADVANCED_FACE ( 'NONE', ( #9945 ), #1849, .F. ) ;
#2633 = PRESENTATION_STYLE_ASSIGNMENT (( #2827 ) ) ;
#2634 = CARTESIAN_POINT ( 'NONE',  ( 4.546452278796735413, 1.338988194043022384, 3.100000000000805223 ) ) ;
#2635 = EDGE_LOOP ( 'NONE', ( #7690, #9610, #9037, #8255 ) ) ;
#2636 = VECTOR ( 'NONE', #3390, 1000.000000000000000 ) ;
#2637 = ADVANCED_FACE ( 'NONE', ( #1310 ), #8046, .T. ) ;
#2638 = CARTESIAN_POINT ( 'NONE',  ( -4.275551699629519753, 7.682044111290005972, 2.000000000000000000 ) ) ;
#2639 = CARTESIAN_POINT ( 'NONE',  ( -8.000000000000000000, -1.000000000000000000, 1.000000000000000000 ) ) ;
#2640 = EDGE_LOOP ( 'NONE', ( #8953, #5336, #5958, #829 ) ) ;
#2641 = DIRECTION ( 'NONE',  ( 0.0000000000000000000, 0.0000000000000000000, 1.000000000000000000 ) ) ;
#2642 = CARTESIAN_POINT ( 'NONE',  ( 3.343891306089288307, -1.305239976842073935, 3.199999999999998845 ) ) ;
#2643 = CARTESIAN_POINT ( 'NONE',  ( 4.556894433560803925, 0.3999452625155699992, 3.199999999999999289 ) ) ;
#2644 = ORIENTED_EDGE ( 'NONE', *, *, #4665, .T. ) ;
#2645 = CARTESIAN_POINT ( 'NONE',  ( 2.744970625748234028, -0.5877921551671416722, 3.099999999998592326 ) ) ;
#2646 = CARTESIAN_POINT ( 'NONE',  ( 3.821825124293583897, -6.657000840087348159, 3.199999999999997513 ) ) ;
#2647 = CARTESIAN_POINT ( 'NONE',  ( 2.910660492109257813, -4.892772842721845095, 3.100000000000000977 ) ) ;
#2648 = CARTESIAN_POINT ( 'NONE',  ( 2.833066451881872450, 0.8250418078367520724, 3.100000000000044054 ) ) ;
#2649 = COLOUR_RGB ( '',0.2509803921568627416, 0.2509803921568627416, 0.2509803921568627416 ) ;
#2650 = LINE ( 'NONE', #7445, #1279 ) ;
#2651 = PLANE ( 'NONE',  #7524 ) ;
#2652 =( NAMED_UNIT ( * ) PLANE_ANGLE_UNIT ( ) SI_UNIT ( $, .RADIAN. ) );
#2653 = CARTESIAN_POINT ( 'NONE',  ( 4.368033655526867953, -4.533347979838694641, 3.199999999999996625 ) ) ;
#2654 = LINE ( 'NONE', #2468, #6010 ) ;
#2655 = ORIENTED_EDGE ( 'NONE', *, *, #4739, .F. ) ;
#2656 = CARTESIAN_POINT ( 'NONE',  ( -8.000000000000000000, -3.500000000000000444, 1.000000000000000000 ) ) ;
#2657 = FILL_AREA_STYLE_COLOUR ( '', #9913 ) ;
#2658 = CARTESIAN_POINT ( 'NONE',  ( 4.111806949023088187, -0.2666728264450736186, 3.099999999999994316 ) ) ;
#2659 = VECTOR ( 'NONE', #3386, 1000.000000000000114 ) ;
#2660 = CARTESIAN_POINT ( 'NONE',  ( 4.192932766040123660, -6.332726066967730105, 3.200000000000001066 ) ) ;
#2661 = LINE ( 'NONE', #9021, #5772 ) ;
#2662 = DIRECTION ( 'NONE',  ( -0.9819269524734782761, 0.1892602969620077458, -5.652296500427014883E-13 ) ) ;
#2663 = CARTESIAN_POINT ( 'NONE',  ( 3.111155187409136769, -6.712697163762618047, 3.200000000000005507 ) ) ;
#2664 = DIRECTION ( 'NONE',  ( -0.001856662228743317282, 0.9999982764011988712, 0.0000000000000000000 ) ) ;
#2665 = VERTEX_POINT ( 'NONE', #4600 ) ;
#2666 = CARTESIAN_POINT ( 'NONE',  ( -4.931792873543973776, 6.820462724888162853, 2.000000000000000000 ) ) ;
#2667 = ORIENTED_EDGE ( 'NONE', *, *, #7371, .T. ) ;
#2668 = CARTESIAN_POINT ( 'NONE',  ( 2.916637760068527818, -2.321405743035636071, 3.200000000000000622 ) ) ;
#2669 = CARTESIAN_POINT ( 'NONE',  ( -8.000000000000000000, -3.000000000000000000, 1.000000000000000000 ) ) ;
#2670 = CARTESIAN_POINT ( 'NONE',  ( -4.761792873543973847, 6.820462724888163741, 2.000000000000000000 ) ) ;
#2671 = ADVANCED_FACE ( 'NONE', ( #740 ), #1669, .T. ) ;
#2672 = CARTESIAN_POINT ( 'NONE',  ( 3.710319575887031540, -4.918900028149859160, 3.200000000000000178 ) ) ;
#2673 = CARTESIAN_POINT ( 'NONE',  ( 2.990056455551926451, -2.177199188839851640, 3.200000000000006839 ) ) ;
#2674 = AXIS2_PLACEMENT_3D ( 'NONE', #839, #17, #5312 ) ;
#2675 = ORIENTED_EDGE ( 'NONE', *, *, #1847, .F. ) ;
#2676 = VERTEX_POINT ( 'NONE', #3986 ) ;
#2677 = EDGE_CURVE ( 'NONE', #9262, #5971, #2364, .T. ) ;
#2678 = CARTESIAN_POINT ( 'NONE',  ( 3.805677775646030714, -1.431453813950118503, 3.100000000000000977 ) ) ;
#2679 = CARTESIAN_POINT ( 'NONE',  ( -2.000000000000000888, 8.000000000000000000, 3.200000000000000178 ) ) ;
#2680 = ORIENTED_EDGE ( 'NONE', *, *, #7807, .F. ) ;
#2681 = AXIS2_PLACEMENT_3D ( 'NONE', #8578, #6200, #5422 ) ;
#2682 = EDGE_CURVE ( 'NONE', #717, #7009, #8475, .T. ) ;
#2683 = CARTESIAN_POINT ( 'NONE',  ( -3.856334293916028777, 7.195656947366213529, 2.000000000000000000 ) ) ;
#2684 = CARTESIAN_POINT ( 'NONE',  ( 3.990925730035903563, -1.672598375920077096, 3.200000000000001954 ) ) ;
#2685 = CARTESIAN_POINT ( 'NONE',  ( 3.523514305977484717, -6.436008531362118035, 3.099999999999948130 ) ) ;
#2686 = EDGE_CURVE ( 'NONE', #4441, #2771, #9372, .T. ) ;
#2687 = CARTESIAN_POINT ( 'NONE',  ( 8.000000000000000000, 8.500000000000000000, 1.000000000000000000 ) ) ;
#2688 = EDGE_CURVE ( 'NONE', #3331, #7665, #10036, .T. ) ;
#2689 =( LENGTH_UNIT ( ) NAMED_UNIT ( * ) SI_UNIT ( .MILLI., .METRE. ) );
#2690 = ORIENTED_EDGE ( 'NONE', *, *, #9910, .T. ) ;
#2691 = SURFACE_STYLE_FILL_AREA ( #3449 ) ;
#2692 = UNCERTAINTY_MEASURE_WITH_UNIT (LENGTH_MEASURE( 1.000000000000000082E-05 ), #3000, 'distance_accuracy_value', 'NONE');
#2693 = CARTESIAN_POINT ( 'NONE',  ( 4.004789300501763627, -1.648132082281436483, 3.100000000000623590 ) ) ;
#2694 = LINE ( 'NONE', #1186, #9307 ) ;
#2695 = CARTESIAN_POINT ( 'NONE',  ( 3.977406883569775786, -1.403320990917490185, 3.099999999999930811 ) ) ;
#2696 = CARTESIAN_POINT ( 'NONE',  ( 4.721819389080360807, 0.4152200445782285310, 3.100000000000001421 ) ) ;
#2697 = CARTESIAN_POINT ( 'NONE',  ( 4.715744222176136091, -5.981412035498235191, 3.100000000000580513 ) ) ;
#2698 = CARTESIAN_POINT ( 'NONE',  ( -4.591792873543973919, 7.160462724888165376, 2.000000000000000444 ) ) ;
#2699 = ORIENTED_EDGE ( 'NONE', *, *, #5497, .T. ) ;
#2700 = DIRECTION ( 'NONE',  ( -0.0000000000000000000, -0.0000000000000000000, -1.000000000000000000 ) ) ;
#2701 = VERTEX_POINT ( 'NONE', #9279 ) ;
#2702 = LINE ( 'NONE', #3628, #9280 ) ;
#2703 = CARTESIAN_POINT ( 'NONE',  ( -4.931792873543973776, 6.820462724888162853, 2.000000000000000444 ) ) ;
#2704 = CARTESIAN_POINT ( 'NONE',  ( -8.000000000000000000, -8.500000000000001776, 1.000000000000000000 ) ) ;
#2705 = CARTESIAN_POINT ( 'NONE',  ( 2.902703578699290965, -0.3513821391455419496, 3.200000000000001066 ) ) ;
#2706 = CARTESIAN_POINT ( 'NONE',  ( -3.829456377916488741, 6.518081743911960935, 2.000000000000000000 ) ) ;
#2707 = CARTESIAN_POINT ( 'NONE',  ( 3.082596637233457670, -6.561159367235953610, 3.200000000000003730 ) ) ;
#2708 = SURFACE_STYLE_USAGE ( .BOTH. , #6608 ) ;
#2709 = ORIENTED_EDGE ( 'NONE', *, *, #1785, .F. ) ;
#2710 = VECTOR ( 'NONE', #5965, 1000.000000000000114 ) ;
#2711 = FILL_AREA_STYLE_COLOUR ( '', #6856 ) ;
#2712 = ORIENTED_EDGE ( 'NONE', *, *, #339, .F. ) ;
#2713 = LINE ( 'NONE', #6612, #1326 ) ;
#2714 =( NAMED_UNIT ( * ) SI_UNIT ( $, .STERADIAN. ) SOLID_ANGLE_UNIT ( ) );
#2715 =( GEOMETRIC_REPRESENTATION_CONTEXT ( 3 ) GLOBAL_UNCERTAINTY_ASSIGNED_CONTEXT ( ( #8885 ) ) GLOBAL_UNIT_ASSIGNED_CONTEXT ( ( #8419, #1458, #4544 ) ) REPRESENTATION_CONTEXT ( 'NONE', 'WORKASPACE' ) );
#2716 = SURFACE_STYLE_USAGE ( .BOTH. , #5786 ) ;
#2717 = CARTESIAN_POINT ( 'NONE',  ( 3.979231611689577175, -1.174747340868905532, 3.199999999999999734 ) ) ;
#2718 = CARTESIAN_POINT ( 'NONE',  ( 3.571088389994320433, -6.476165631683487689, 3.200000000000000622 ) ) ;
#2719 = CARTESIAN_POINT ( 'NONE',  ( 3.861200433536595256, -2.155922524721872957, 3.200000000000000178 ) ) ;
#2720 = EDGE_LOOP ( 'NONE', ( #4882, #3227, #7618, #9358 ) ) ;
#2721 = VERTEX_POINT ( 'NONE', #5315 ) ;
#2722 = CARTESIAN_POINT ( 'NONE',  ( 3.710765464547603809, -1.463961848755308326, 3.200000000000000178 ) ) ;
#2723 = AXIS2_PLACEMENT_3D ( 'NONE', #6817, #5939, #5276 ) ;
#2724 = CARTESIAN_POINT ( 'NONE',  ( 4.670208742637257160, 1.589765862111012451, 3.100000000000805667 ) ) ;
#2725 = EDGE_LOOP ( 'NONE', ( #2278, #1985, #710, #751 ) ) ;
#2726 = CARTESIAN_POINT ( 'NONE',  ( -5.828655788554126360, 6.820462724888162853, 2.000000000000000888 ) ) ;
#2727 = FILL_AREA_STYLE ('',( #1120 ) ) ;
#2728 = CARTESIAN_POINT ( 'NONE',  ( -5.741792873543974274, 6.820462724888162853, 2.000000000000000000 ) ) ;
#2729 = VECTOR ( 'NONE', #7589, 1000.000000000000000 ) ;
#2730 = FACE_OUTER_BOUND ( 'NONE', #1928, .T. ) ;
#2731 = CARTESIAN_POINT ( 'NONE',  ( 3.513682676574694241, -4.522059120240607299, 3.100000000000959766 ) ) ;
#2732 = CARTESIAN_POINT ( 'NONE',  ( 2.942945191042287245, -1.015397856219682149, 3.100000000000000977 ) ) ;
#2733 = ORIENTED_EDGE ( 'NONE', *, *, #640, .F. ) ;
#2734 = CARTESIAN_POINT ( 'NONE',  ( 4.162955564358990834, -6.785073467516547829, 3.100000000000003197 ) ) ;
#2735 = ORIENTED_EDGE ( 'NONE', *, *, #8372, .F. ) ;
#2736 = ADVANCED_FACE ( 'NONE', ( #844 ), #2312, .T. ) ;
#2737 = MECHANICAL_DESIGN_GEOMETRIC_PRESENTATION_REPRESENTATION (  '', ( #810 ), #2271 ) ;
#2738 = CARTESIAN_POINT ( 'NONE',  ( 3.440136819888167885, -4.081058655827468407, 3.200000000000001066 ) ) ;
#2739 = CARTESIAN_POINT ( 'NONE',  ( 3.422611393691210591, -6.347703351741762923, 3.199999999999997957 ) ) ;
#2740 = EDGE_CURVE ( 'NONE', #7665, #3840, #3936, .T. ) ;
#2741 = FILL_AREA_STYLE_COLOUR ( '', #5736 ) ;
#2742 = EDGE_CURVE ( 'NONE', #6486, #8579, #21, .T. ) ;
#2743 = CARTESIAN_POINT ( 'NONE',  ( 4.663718170818793141, 0.07952199024015579876, 3.199999999999997957 ) ) ;
#2744 = B_SPLINE_CURVE_WITH_KNOTS ( 'NONE', 3,
 ( #2199, #8503, #1448, #5345, #3859, #6987, #2348 ),
 .UNSPECIFIED., .F., .F.,
 ( 4, 1, 1, 1, 4 ),
 ( 0.0000000000000000000, 7.176344029667093246E-05, 0.0001492891707453150357, 0.0002332878226963992774, 0.0003252595756716652824 ),
 .UNSPECIFIED. ) ;
#2745 = CARTESIAN_POINT ( 'NONE',  ( 2.742741182445372239, 0.5630464777696894130, 3.099999999999516920 ) ) ;
#2746 = PRESENTATION_LAYER_ASSIGNMENT (  '', '', ( #6015 ) ) ;
#2747 = CARTESIAN_POINT ( 'NONE',  ( 4.726053944670487894, 1.611330718774915516, 3.200000000000000178 ) ) ;
#2748 = CARTESIAN_POINT ( 'NONE',  ( 4.293260301543735835, -4.529813445208844769, 3.100000000000000089 ) ) ;
#2749 = DIRECTION ( 'NONE',  ( -0.0000000000000000000, -0.0000000000000000000, -1.000000000000000000 ) ) ;
#2750 = CARTESIAN_POINT ( 'NONE',  ( 2.802490262962046064, -4.842653067192014937, 3.100000000000000977 ) ) ;
#2751 = VERTEX_POINT ( 'NONE', #5465 ) ;
#2752 = MECHANICAL_DESIGN_GEOMETRIC_PRESENTATION_REPRESENTATION (  '', ( #1144 ), #2441 ) ;
#2753 = VECTOR ( 'NONE', #2614, 1000.000000000000000 ) ;
#2754 = ADVANCED_FACE ( 'NONE', ( #8569 ), #7058, .T. ) ;
#2755 = SURFACE_STYLE_FILL_AREA ( #7360 ) ;
#2756 = CARTESIAN_POINT ( 'NONE',  ( 2.795801933053463806, -0.4451077837840397566, 3.200000000000000178 ) ) ;
#2757 = CARTESIAN_POINT ( 'NONE',  ( -5.019954080521598527, 5.874105570690598910, 2.000000000000000000 ) ) ;
#2758 = CARTESIAN_POINT ( 'NONE',  ( 2.666494221487527128, -1.295415935059019752, 3.150000000000000799 ) ) ;
#2759 = CARTESIAN_POINT ( 'NONE',  ( 4.727303990631562591, 0.5755167084802330635, 3.199999999999989519 ) ) ;
#2760 = AXIS2_PLACEMENT_3D ( 'NONE', #106, #3186, #4170 ) ;
#2761 = EDGE_LOOP ( 'NONE', ( #5988, #9938, #7044, #4292 ) ) ;
#2762 = AXIS2_PLACEMENT_3D ( 'NONE', #3539, #9812, #5895 ) ;
#2763 = CARTESIAN_POINT ( 'NONE',  ( 3.533301777639871410, -1.265541394800682617, 3.150000000000000799 ) ) ;
#2764 = ORIENTED_EDGE ( 'NONE', *, *, #1908, .F. ) ;
#2765 = FACE_OUTER_BOUND ( 'NONE', #2182, .T. ) ;
#2766 = CARTESIAN_POINT ( 'NONE',  ( 3.708090132584171528, -5.382624235144940705, 3.150000000000000355 ) ) ;
#2767 = MECHANICAL_DESIGN_GEOMETRIC_PRESENTATION_REPRESENTATION (  '', ( #1827 ), #2457 ) ;
#2768 = B_SPLINE_CURVE_WITH_KNOTS ( 'NONE', 3,
 ( #1725, #1776, #1878, #8681, #191, #9489, #6459, #4853, #2574, #7977, #4962, #8075, #9591, #4155, #1009, #4099, #7214, #2616, #8782 ),
 .UNSPECIFIED., .F., .F.,
 ( 4, 1, 1, 1, 1, 1, 1, 1, 1, 1, 1, 1, 1, 1, 1, 1, 4 ),
 ( 0.0000000000000000000, 6.507145934974271928E-05, 0.0001192447758064042924, 0.0001623229550615548611, 0.0001951743961707425045, 0.0002223771399562008734, 0.0002477056962021404536, 0.0002713858209144097097, 0.0002947664787989312920, 0.0003081693871780880490, 0.0003251345784467872492, 0.0003454244424095722385, 0.0003696842363697119501, 0.0003978407441964449732, 0.0004295014395038699770, 0.0004651547959302244645, 0.0005043637692258308956 ),
 .UNSPECIFIED. ) ;
#2769 = CARTESIAN_POINT ( 'NONE',  ( -5.661792873543973315, 6.820462724888161077, 1.966862915010152424 ) ) ;
#2770 = CARTESIAN_POINT ( 'NONE',  ( 2.920584548849317397, -1.551304873958531338, 3.100000000000000977 ) ) ;
#2771 = VERTEX_POINT ( 'NONE', #9583 ) ;
#2772 = ORIENTED_EDGE ( 'NONE', *, *, #3686, .F. ) ;
#2773 = CARTESIAN_POINT ( 'NONE',  ( 3.792808978092887529, -0.1062324017491729361, 3.200000000000000178 ) ) ;
#2774 = ORIENTED_EDGE ( 'NONE', *, *, #7984, .T. ) ;
#2775 =( LENGTH_UNIT ( ) NAMED_UNIT ( * ) SI_UNIT ( .MILLI., .METRE. ) );
#2776 = SURFACE_STYLE_USAGE ( .BOTH. , #6775 ) ;
#2777 = VECTOR ( 'NONE', #7901, 1000.000000000000000 ) ;
#2778 = CARTESIAN_POINT ( 'NONE',  ( -4.607964694575430897, 7.791920648102161451, 1.999999999999999556 ) ) ;
#2779 = PRODUCT_CONTEXT ( 'NONE', #2328, 'mechanical' ) ;
#2780 = CARTESIAN_POINT ( 'NONE',  ( 4.708796862968912755, 0.2796319326374728242, 3.099999999999909495 ) ) ;
#2781 = EDGE_LOOP ( 'NONE', ( #5062, #857, #3832, #7383 ) ) ;
#2782 = CARTESIAN_POINT ( 'NONE',  ( 3.080278898498522544, -6.015659607467767955, 3.100000000000037836 ) ) ;
#2783 = CARTESIAN_POINT ( 'NONE',  ( 8.000000000000000000, -5.500000000000001776, 1.000000000000000000 ) ) ;
#2784 = ORIENTED_EDGE ( 'NONE', *, *, #9343, .F. ) ;
#2785 = CARTESIAN_POINT ( 'NONE',  ( 2.685221545231559315, 1.607763609490337808, 3.100000000000000977 ) ) ;
#2786 = STYLED_ITEM ( 'NONE', ( #9672 ), #10025 ) ;
#2787 = EDGE_LOOP ( 'NONE', ( #5380, #2493, #9598, #4232 ) ) ;
#2788 =( GEOMETRIC_REPRESENTATION_CONTEXT ( 3 ) GLOBAL_UNCERTAINTY_ASSIGNED_CONTEXT ( ( #3205 ) ) GLOBAL_UNIT_ASSIGNED_CONTEXT ( ( #4154, #1923, #8877 ) ) REPRESENTATION_CONTEXT ( 'NONE', 'WORKASPACE' ) );
#2789 = CARTESIAN_POINT ( 'NONE',  ( 2.754906350123524472, -4.741649501284750379, 3.200000000000001510 ) ) ;
#2790 = CARTESIAN_POINT ( 'NONE',  ( 3.730087634750426595, -1.755459710982182786, 3.100000000000624034 ) ) ;
#2791 = LINE ( 'NONE', #5761, #1690 ) ;
#2792 = CARTESIAN_POINT ( 'NONE',  ( 4.665413086832669975, -4.717358353571228236, 3.200000000000000178 ) ) ;
#2793 = CARTESIAN_POINT ( 'NONE',  ( 4.727837499312776082, 0.6629255377378605596, 3.100000000000000977 ) ) ;
#2794 = VECTOR ( 'NONE', #9527, 1000.000000000000000 ) ;
#2795 =( NAMED_UNIT ( * ) PLANE_ANGLE_UNIT ( ) SI_UNIT ( $, .RADIAN. ) );
#2796 = CARTESIAN_POINT ( 'NONE',  ( -1.800000000000000711, 0.0000000000000000000, 3.000000000000000000 ) ) ;
#2797 = DIRECTION ( 'NONE',  ( 1.084202172485504434E-16, -1.000000000000000000, 0.0000000000000000000 ) ) ;
#2798 = CARTESIAN_POINT ( 'NONE',  ( 2.832703870535719926, 1.346104418189662422, 3.199999999999998401 ) ) ;
#2799 = CARTESIAN_POINT ( 'NONE',  ( 1.542484643350841456, 3.584635112845306892, 3.100000000000000977 ) ) ;
#2800 = EDGE_CURVE ( 'NONE', #3808, #359, #6498, .T. ) ;
#2801 = EDGE_CURVE ( 'NONE', #4732, #2978, #7442, .T. ) ;
#2802 = EDGE_LOOP ( 'NONE', ( #613, #9946, #8635, #1495 ) ) ;
#2803 = CARTESIAN_POINT ( 'NONE',  ( 2.795099049851932804, -4.836015630205454663, 3.100000000000000977 ) ) ;
#2804 = ORIENTED_EDGE ( 'NONE', *, *, #9604, .F. ) ;
#2805 = AXIS2_PLACEMENT_3D ( 'NONE', #6786, #724, #9927 ) ;
#2806 = CARTESIAN_POINT ( 'NONE',  ( 4.325349722285825926, -4.912682234298024753, 3.100000000000647127 ) ) ;
#2807 = B_SPLINE_CURVE_WITH_KNOTS ( 'NONE', 3,
 ( #835, #6094, #9190, #7909, #5612, #5319, #3979, #890, #7962, #1047, #996, #70, #123, #2222, #4689 ),
 .UNSPECIFIED., .F., .F.,
 ( 4, 1, 1, 1, 1, 1, 1, 1, 1, 1, 1, 1, 4 ),
 ( 0.0000000000000000000, 7.544423178533428464E-05, 0.0001484343328584237891, 0.0002207246292817787272, 0.0002930474986850494738, 0.0003648118819743661405, 0.0004348727001921389086, 0.0005051810073273560074, 0.0005760786558290176620, 0.0006448330353413433882, 0.0007083525117676460394, 0.0007674592566865345074, 0.0008230512396110812928 ),
 .UNSPECIFIED. ) ;
#2808 = CARTESIAN_POINT ( 'NONE',  ( 4.415269548251669285, -6.019226716752346995, 3.100000000000000977 ) ) ;
#2809 = EDGE_CURVE ( 'NONE', #2076, #5847, #3167, .T. ) ;
#2810 = FILL_AREA_STYLE_COLOUR ( '', #9336 ) ;
#2811 = CARTESIAN_POINT ( 'NONE',  ( -3.781792873543974753, 6.758242453881147860, 2.000000000000000000 ) ) ;
#2812 = CARTESIAN_POINT ( 'NONE',  ( 3.908358406790647166, -1.364663185891278108, 3.199999999999999734 ) ) ;
#2813 = LINE ( 'NONE', #7411, #3755 ) ;
#2814 = EDGE_CURVE ( 'NONE', #4441, #407, #945, .T. ) ;
#2815 = EDGE_CURVE ( 'NONE', #1720, #1257, #2654, .T. ) ;
#2816 = ORIENTED_EDGE ( 'NONE', *, *, #7067, .F. ) ;
#2817 = CARTESIAN_POINT ( 'NONE',  ( 4.702256001433156918, -4.975849811380870236, 3.200000000000001510 ) ) ;
#2819 = CARTESIAN_POINT ( 'NONE',  ( 2.886239002933277398, -4.563976409954482172, 3.200000000000001510 ) ) ;
#2818 = STYLED_ITEM ( 'NONE', ( #9200 ), #8845 ) ;
#2820 = CARTESIAN_POINT ( 'NONE',  ( 7.000000000000000888, -8.000000000000000000, 3.000000000000000000 ) ) ;
#2821 = DIRECTION ( 'NONE',  ( -1.000000000000000000, 0.0000000000000000000, 0.0000000000000000000 ) ) ;
#2822 = CARTESIAN_POINT ( 'NONE',  ( 3.258884741147642483, -6.193919181862010959, 3.100000000000001421 ) ) ;
#2823 = CARTESIAN_POINT ( 'NONE',  ( 2.872076012281330470, -2.206043497250824270, 3.200000000000005951 ) ) ;
#2824 = EDGE_LOOP ( 'NONE', ( #6049, #222, #9051, #1729 ) ) ;
#2825 = VERTEX_POINT ( 'NONE', #9534 ) ;
#2826 = STYLED_ITEM ( 'NONE', ( #4447 ), #9237 ) ;
#2827 = SURFACE_STYLE_USAGE ( .BOTH. , #304 ) ;
#2828 = ORIENTED_EDGE ( 'NONE', *, *, #8981, .T. ) ;
#2829 = CARTESIAN_POINT ( 'NONE',  ( 2.829365606988659021, -2.330860437877298796, 3.099999999999990319 ) ) ;
#2830 = CARTESIAN_POINT ( 'NONE',  ( 2.874731193177283206, -5.701365401455203319, 3.100000000000556089 ) ) ;
#2831 = CARTESIAN_POINT ( 'NONE',  ( 2.773406584962288424, -4.640968698584158503, 3.100000000000144862 ) ) ;
#2832 = VECTOR ( 'NONE', #9942, 1000.000000000000000 ) ;
#2833 = CARTESIAN_POINT ( 'NONE',  ( -5.741792873543976050, 6.882682995894853661, 2.000000000000000000 ) ) ;
#2834 =( NAMED_UNIT ( * ) PLANE_ANGLE_UNIT ( ) SI_UNIT ( $, .RADIAN. ) );
#2835 = CARTESIAN_POINT ( 'NONE',  ( 4.020698076755182981, -1.593397644912315503, 3.100000000000000089 ) ) ;
#2836 = CARTESIAN_POINT ( 'NONE',  ( 4.357836403287691063, -5.812704354296521103, 3.200000000000000178 ) ) ;
#2837 = CARTESIAN_POINT ( 'NONE',  ( 3.972909142763893620, -1.397276333070446963, 3.100000000000000977 ) ) ;
#2838 = ORIENTED_EDGE ( 'NONE', *, *, #6751, .F. ) ;
#2839 = CARTESIAN_POINT ( 'NONE',  ( 4.264559180978268138, -6.788830544899951747, 3.099999999999988987 ) ) ;
#2840 = VECTOR ( 'NONE', #5472, 1000.000000000000000 ) ;
#2841 = ORIENTED_EDGE ( 'NONE', *, *, #2077, .T. ) ;
#2842 = FILL_AREA_STYLE ('',( #2149 ) ) ;
#2843 = CARTESIAN_POINT ( 'NONE',  ( 3.315008482651181421, -6.248095054060342157, 3.199999999999997957 ) ) ;
#2844 = CARTESIAN_POINT ( 'NONE',  ( 2.829365606988659021, -2.330860437877298796, 3.200000000000000622 ) ) ;
#2845 = DIRECTION ( 'NONE',  ( -1.000000000000000000, 0.0000000000000000000, 0.0000000000000000000 ) ) ;
#2846 = DIRECTION ( 'NONE',  ( -1.000000000000000000, 0.0000000000000000000, 0.0000000000000000000 ) ) ;
#2847 = FILL_AREA_STYLE ('',( #4383 ) ) ;
#2848 = CARTESIAN_POINT ( 'NONE',  ( 8.000000000000000000, -1.000000000000000000, 0.0000000000000000000 ) ) ;
#2849 = CARTESIAN_POINT ( 'NONE',  ( 4.617703000151444748, 0.6887870800510477176, 3.200000000000066347 ) ) ;
#2850 = CARTESIAN_POINT ( 'NONE',  ( 2.661122975638952948, -4.584812876552071259, 3.100000000000647127 ) ) ;
#2851 = LINE ( 'NONE', #5047, #3375 ) ;
#2852 = CARTESIAN_POINT ( 'NONE',  ( 2.815387845055175475, 1.356699317945351924, 3.199999999999997513 ) ) ;
#2853 = CARTESIAN_POINT ( 'NONE',  ( -4.931792873543975553, 7.160462724888163599, 2.000000000000000444 ) ) ;
#2854 = VERTEX_POINT ( 'NONE', #7303 ) ;
#2855 = CARTESIAN_POINT ( 'NONE',  ( 4.021549860966421974, -1.564286797384051964, 3.099999999999889511 ) ) ;
#2856 = ORIENTED_EDGE ( 'NONE', *, *, #1200, .T. ) ;
#2857 = CARTESIAN_POINT ( 'NONE',  ( 4.044589767051829376, -4.917735624476507361, 3.100000000000647127 ) ) ;
#2858 = CARTESIAN_POINT ( 'NONE',  ( 8.000000000000000000, -3.000000000000000000, 2.200000000000000178 ) ) ;
#2859 = ADVANCED_FACE ( 'NONE', ( #4034 ), #9390, .T. ) ;
#2860 = CARTESIAN_POINT ( 'NONE',  ( 4.409508499425878192, -6.087305106487285400, 3.100000000000000089 ) ) ;
#2861 = DIRECTION ( 'NONE',  ( 1.000000000000000000, 0.0000000000000000000, 0.0000000000000000000 ) ) ;
#2862 = CYLINDRICAL_SURFACE ( 'NONE', #3409, 2.399999999999999023 ) ;
#2863 = CYLINDRICAL_SURFACE ( 'NONE', #5781, 0.5000000000000004441 ) ;
#2864 =( NAMED_UNIT ( * ) SI_UNIT ( $, .STERADIAN. ) SOLID_ANGLE_UNIT ( ) );
#2865 = CARTESIAN_POINT ( 'NONE',  ( 2.667385998808671665, -2.028456893039705111, 3.100000000000000533 ) ) ;
#2866 = ORIENTED_EDGE ( 'NONE', *, *, #2375, .T. ) ;
#2867 = ADVANCED_FACE ( 'NONE', ( #8157 ), #5206, .T. ) ;
#2868 = CARTESIAN_POINT ( 'NONE',  ( 2.880520778562180251, -2.366440497753428129, 3.200000000000000178 ) ) ;
#2869 = EDGE_CURVE ( 'NONE', #3721, #407, #6025, .T. ) ;
#2870 = EDGE_CURVE ( 'NONE', #7025, #8226, #5049, .T. ) ;
#2871 = CARTESIAN_POINT ( 'NONE',  ( 3.836060178168390067, -1.406442211541495624, 3.199999999999999734 ) ) ;
#2872 = SURFACE_STYLE_FILL_AREA ( #9901 ) ;
#2873 = CARTESIAN_POINT ( 'NONE',  ( 3.738396492785633018, 0.5425371340503121198, 3.199999999999999289 ) ) ;
#2874 = CIRCLE ( 'NONE', #3042, 0.5000000000000004441 ) ;
#2875 = CARTESIAN_POINT ( 'NONE',  ( 3.140999329352721858, -6.077407526164011031, 3.200000000000000178 ) ) ;
#2876 = LINE ( 'NONE', #8528, #6028 ) ;
#2877 = CARTESIAN_POINT ( 'NONE',  ( 2.841258072351175112, -1.695619591967631345, 3.099999999999999645 ) ) ;
#2878 = EDGE_LOOP ( 'NONE', ( #5056, #4036, #7728, #8344 ) ) ;
#2879 = DIRECTION ( 'NONE',  ( -0.0000000000000000000, -0.0000000000000000000, -1.000000000000000000 ) ) ;
#2880 = DIRECTION ( 'NONE',  ( -1.000000000000000000, 0.0000000000000000000, 0.0000000000000000000 ) ) ;
#2881 = VERTEX_POINT ( 'NONE', #8916 ) ;
#2882 = CARTESIAN_POINT ( 'NONE',  ( 2.669727519373380709, -2.077578397307194180, 3.099999999999989875 ) ) ;
#2883 = AXIS2_PLACEMENT_3D ( 'NONE', #144, #7023, #1628 ) ;
#2884 = CARTESIAN_POINT ( 'NONE',  ( 3.086637191118137391, -5.871976742484529943, 3.100000000000556089 ) ) ;
#2885 = CARTESIAN_POINT ( 'NONE',  ( 2.916666759173382140, -4.557030673814217892, 3.100000000000145750 ) ) ;
#2886 = CARTESIAN_POINT ( 'NONE',  ( 2.810517235747603149, -4.345311247823238965, 3.200000000000000178 ) ) ;
#2887 = CARTESIAN_POINT ( 'NONE',  ( 3.753101486176205537, 0.4773636949457220058, 3.199999999999996181 ) ) ;
#2888 =( NAMED_UNIT ( * ) SI_UNIT ( $, .STERADIAN. ) SOLID_ANGLE_UNIT ( ) );
#2889 = CARTESIAN_POINT ( 'NONE',  ( 4.021261907689257953, -1.574127979970151525, 3.100000000000000089 ) ) ;
#2890 = VERTEX_POINT ( 'NONE', #8266 ) ;
#2891 = CARTESIAN_POINT ( 'NONE',  ( 4.182961556093556688, -5.660286344991731333, 3.200000000000000178 ) ) ;
#2892 = CARTESIAN_POINT ( 'NONE',  ( 3.964540553150796676, -1.386029517600927186, 3.100000000000000533 ) ) ;
#2893 = CARTESIAN_POINT ( 'NONE',  ( 3.778406046479578340, -1.045777043530641492, 3.099999999999574207 ) ) ;
#2894 = ORIENTED_EDGE ( 'NONE', *, *, #5175, .F. ) ;
#2895 = SURFACE_STYLE_FILL_AREA ( #5909 ) ;
#2896 = CARTESIAN_POINT ( 'NONE',  ( 3.513682676574694241, -4.522059120240607299, 3.200000000000000178 ) ) ;
#2897 = STYLED_ITEM ( 'NONE', ( #4489 ), #2212 ) ;
#2898 = CARTESIAN_POINT ( 'NONE',  ( 2.747641281461114193, -2.252987525393686408, 3.100000000000000533 ) ) ;
#2899 = CARTESIAN_POINT ( 'NONE',  ( -2.000000000000000888, 8.000000000000000000, 3.200000000000000178 ) ) ;
#2900 = LINE ( 'NONE', #1350, #4352 ) ;
#2901 = VERTEX_POINT ( 'NONE', #1246 ) ;
#2902 = CARTESIAN_POINT ( 'NONE',  ( 4.414651520927674433, -6.000440673851963780, 3.100000000001001510 ) ) ;
#2903 = LINE ( 'NONE', #2102, #8313 ) ;
#2904 = COLOUR_RGB ( '',0.7529411764705882248, 0.7529411764705882248, 0.7529411764705882248 ) ;
#2905 = ORIENTED_EDGE ( 'NONE', *, *, #4361, .T. ) ;
#2906 =( LENGTH_UNIT ( ) NAMED_UNIT ( * ) SI_UNIT ( .MILLI., .METRE. ) );
#2907 = ORIENTED_EDGE ( 'NONE', *, *, #6440, .F. ) ;
#2908 = CARTESIAN_POINT ( 'NONE',  ( -7.000000000000000000, -8.000000000000001776, 1.200000000000000178 ) ) ;
#2909 = CARTESIAN_POINT ( 'NONE',  ( -4.511792873543972071, 6.320462724888163741, 1.966862915010153312 ) ) ;
#2910 = VECTOR ( 'NONE', #4535, 1000.000000000000000 ) ;
#2911 = CARTESIAN_POINT ( 'NONE',  ( 2.659179361554323329, -4.849929195071108090, 3.100000000000094680 ) ) ;
#2912 = CARTESIAN_POINT ( 'NONE',  ( 2.743110605155801629, 0.5846042711918004731, 3.199999999999999734 ) ) ;
#2913 = CARTESIAN_POINT ( 'NONE',  ( -5.565583159384077661, 6.252482449808943521, 2.000000000000000000 ) ) ;
#2914 = DIRECTION ( 'NONE',  ( 1.000000000000000000, -0.0000000000000000000, 0.0000000000000000000 ) ) ;
#2915 = CARTESIAN_POINT ( 'NONE',  ( 4.171994041666753361, 5.159564388466884033, 3.200000000000000178 ) ) ;
#2916 = CARTESIAN_POINT ( 'NONE',  ( 8.000000000000000000, -8.500000000000000000, 1.000000000000000000 ) ) ;
#2917 = ORIENTED_EDGE ( 'NONE', *, *, #523, .F. ) ;
#2918 = MECHANICAL_DESIGN_GEOMETRIC_PRESENTATION_REPRESENTATION (  '', ( #7011 ), #8788 ) ;
#2919 = CARTESIAN_POINT ( 'NONE',  ( 4.465270775552443894, -5.215673567031337221, 3.100000000000000977 ) ) ;
#2920 = CARTESIAN_POINT ( 'NONE',  ( 2.990579462359585605, -5.239584639075806294, 3.199999999999995737 ) ) ;
#2921 = VECTOR ( 'NONE', #9396, 1000.000000000000000 ) ;
#2922 = DIRECTION ( 'NONE',  ( 0.0000000000000000000, 0.0000000000000000000, -1.000000000000000000 ) ) ;
#2923 = PRESENTATION_LAYER_ASSIGNMENT (  '', '', ( #7336 ) ) ;
#2924 = CARTESIAN_POINT ( 'NONE',  ( 3.704099025740840379, -6.579397999582019096, 3.199999999999999734 ) ) ;
#2925 = LINE ( 'NONE', #799, #6194 ) ;
#2926 = ORIENTED_EDGE ( 'NONE', *, *, #6383, .F. ) ;
#2927 = EDGE_CURVE ( 'NONE', #3744, #8655, #4391, .T. ) ;
#2928 = FILL_AREA_STYLE_COLOUR ( '', #897 ) ;
#2929 = ORIENTED_EDGE ( 'NONE', *, *, #8, .T. ) ;
#2930 = EDGE_CURVE ( 'NONE', #8655, #7654, #6599, .T. ) ;
#2931 = PRESENTATION_LAYER_ASSIGNMENT (  '', '', ( #346 ) ) ;
#2932 =( GEOMETRIC_REPRESENTATION_CONTEXT ( 3 ) GLOBAL_UNCERTAINTY_ASSIGNED_CONTEXT ( ( #4234 ) ) GLOBAL_UNIT_ASSIGNED_CONTEXT ( ( #6909, #2221, #4554 ) ) REPRESENTATION_CONTEXT ( 'NONE', 'WORKASPACE' ) );
#2933 = CARTESIAN_POINT ( 'NONE',  ( 2.668174125155262200, -2.044990573025639691, 3.099999999999989875 ) ) ;
#2934 = CARTESIAN_POINT ( 'NONE',  ( 4.727837499312776082, 0.6629255377378603376, 3.100000000000000977 ) ) ;
#2935 = CARTESIAN_POINT ( 'NONE',  ( 4.496394354182765341, -4.253633813293181909, 3.100000000000000977 ) ) ;
#2936 = DIRECTION ( 'NONE',  ( 0.002020197897773934239, -0.9999979593981449533, 0.0000000000000000000 ) ) ;
#2937 = DIRECTION ( 'NONE',  ( 0.0000000000000000000, 0.0000000000000000000, 1.000000000000000000 ) ) ;
#2938 = CARTESIAN_POINT ( 'NONE',  ( 2.081616103632565551, 5.942926100539533962, 3.100000000000000977 ) ) ;
#2939 = EDGE_CURVE ( 'NONE', #3258, #8185, #3669, .T. ) ;
#2940 = AXIS2_PLACEMENT_3D ( 'NONE', #8467, #5353, #2211 ) ;
#2941 = VERTEX_POINT ( 'NONE', #7353 ) ;
#2942 = CARTESIAN_POINT ( 'NONE',  ( 1.542591163728719961, 4.142466198028849078, 3.200000000000000178 ) ) ;
#2943 = CARTESIAN_POINT ( 'NONE',  ( 4.675054585909970584, -4.429404409011016952, 3.200000000000009948 ) ) ;
#2944 = FILL_AREA_STYLE ('',( #673 ) ) ;
#2945 = ORIENTED_EDGE ( 'NONE', *, *, #3805, .F. ) ;
#2946 = EDGE_CURVE ( 'NONE', #6452, #855, #4406, .T. ) ;
#2947 = PRESENTATION_STYLE_ASSIGNMENT (( #9875 ) ) ;
#2948 = CARTESIAN_POINT ( 'NONE',  ( 3.165423145989809228, -1.440876700268706401, 3.100000000000000089 ) ) ;
#2949 = CARTESIAN_POINT ( 'NONE',  ( 4.015903989769030957, -4.523708882699926548, 3.100000000000596501 ) ) ;
#2950 = PRESENTATION_STYLE_ASSIGNMENT (( #9114 ) ) ;
#2951 = CARTESIAN_POINT ( 'NONE',  ( 3.870841588271626055, -0.1775945297761615249, 3.099999999999994316 ) ) ;
#2952 = CARTESIAN_POINT ( 'NONE',  ( 4.171464026976583028, 5.667848476340815012, 3.100000000000000977 ) ) ;
#2953 = VERTEX_POINT ( 'NONE', #3513 ) ;
#2954 = CARTESIAN_POINT ( 'NONE',  ( 2.833066451881872450, 0.8250418078367520724, 3.200000000000006839 ) ) ;
#2955 = LINE ( 'NONE', #587, #189 ) ;
#2956 = PRESENTATION_LAYER_ASSIGNMENT (  '', '', ( #1360 ) ) ;
#2957 = CARTESIAN_POINT ( 'NONE',  ( 3.836060178168390067, -1.406442211541495624, 3.099999999999909051 ) ) ;
#2958 = ORIENTED_EDGE ( 'NONE', *, *, #2336, .T. ) ;
#2959 = CARTESIAN_POINT ( 'NONE',  ( 4.500809124053265720, -6.716906470603186463, 3.200000000000003286 ) ) ;
#2960 = ORIENTED_EDGE ( 'NONE', *, *, #5249, .F. ) ;
#2961 = FACE_BOUND ( 'NONE', #8373, .T. ) ;
#2962 = CARTESIAN_POINT ( 'NONE',  ( 2.685221545231559315, 1.607763609490337808, 3.100000000000000977 ) ) ;
#2963 = CARTESIAN_POINT ( 'NONE',  ( 4.415098881902261851, -6.030840880241902902, 3.200000000000000622 ) ) ;
#2964 = CARTESIAN_POINT ( 'NONE',  ( 2.813202899231538989, -4.595952581647304136, 3.100000000000000089 ) ) ;
#2965 = FILL_AREA_STYLE ('',( #645 ) ) ;
#2966 = CARTESIAN_POINT ( 'NONE',  ( 2.506206775549459032, 4.851300258385033537, 3.100000000000000977 ) ) ;
#2967 =( NAMED_UNIT ( * ) SI_UNIT ( $, .STERADIAN. ) SOLID_ANGLE_UNIT ( ) );
#2968 = CARTESIAN_POINT ( 'NONE',  ( 2.908191271703284730, -2.315005992107766364, 3.099999999999932143 ) ) ;
#2969 = DIRECTION ( 'NONE',  ( -1.239088197126290817E-16, 1.000000000000000000, 0.0000000000000000000 ) ) ;
#2970 =( BOUNDED_CURVE ( )  B_SPLINE_CURVE ( 3, ( #2384, #5485, #8590, #6468 ),
 .UNSPECIFIED., .F., .T. ) 
 B_SPLINE_CURVE_WITH_KNOTS ( ( 4, 4 ),
 ( 1.570796326794896558, 3.141592653589793116 ),
 .UNSPECIFIED. ) 
 CURVE ( )  GEOMETRIC_REPRESENTATION_ITEM ( )  RATIONAL_B_SPLINE_CURVE ( ( 1.000000000000000000, 0.8047378541243649375, 0.8047378541243649375, 1.000000000000000000 ) ) 
 REPRESENTATION_ITEM ( '' )  );
#2971 = CARTESIAN_POINT ( 'NONE',  ( 2.795801933053463806, -0.4451077837840397566, 3.200000000000000178 ) ) ;
#2972 = CARTESIAN_POINT ( 'NONE',  ( 2.644645677119489946, -4.725384349461528188, 3.149999999999999911 ) ) ;
#2973 = CIRCLE ( 'NONE', #4776, 0.5000000000000013323 ) ;
#2974 = CARTESIAN_POINT ( 'NONE',  ( 3.560089590374192259, -4.068749605636805988, 3.200000000000002398 ) ) ;
#2975 = PRESENTATION_STYLE_ASSIGNMENT (( #9952 ) ) ;
#2976 = DIRECTION ( 'NONE',  ( 0.0000000000000000000, 0.0000000000000000000, 1.000000000000000000 ) ) ;
#2977 = CARTESIAN_POINT ( 'NONE',  ( 4.596320992517989090, -4.853989266469157293, 3.200000000000000178 ) ) ;
#2978 = VERTEX_POINT ( 'NONE', #6643 ) ;
#2979 = ORIENTED_EDGE ( 'NONE', *, *, #4923, .F. ) ;
#2980 = B_SPLINE_CURVE_WITH_KNOTS ( 'NONE', 3,
 ( #5579, #9339, #5635, #4710, #2531, #7829, #7776 ),
 .UNSPECIFIED., .F., .F.,
 ( 4, 1, 1, 1, 4 ),
 ( 0.0000000000000000000, 3.505660552183128908E-05, 6.892489921127974313E-05, 0.0001018006534086775006, 0.0001359963270775049629 ),
 .UNSPECIFIED. ) ;
#2981 = CARTESIAN_POINT ( 'NONE',  ( 3.043716028331602708, 1.325070198687567480, 3.149999999999999023 ) ) ;
#2982 = CARTESIAN_POINT ( 'NONE',  ( 4.252495744081506324, -5.305382717938861070, 3.199999999999998845 ) ) ;
#2983 = VERTEX_POINT ( 'NONE', #5970 ) ;
#2984 = FACE_BOUND ( 'NONE', #49, .T. ) ;
#2985 = EDGE_CURVE ( 'NONE', #3298, #8751, #9066, .T. ) ;
#2986 = CARTESIAN_POINT ( 'NONE',  ( 8.000000000000000000, 0.5000000000000004441, 0.0000000000000000000 ) ) ;
#2987 = FACE_OUTER_BOUND ( 'NONE', #2541, .T. ) ;
#2988 = ADVANCED_FACE ( 'NONE', ( #5812 ), #8964, .F. ) ;
#2989 = B_SPLINE_SURFACE_WITH_KNOTS ( 'NONE', 3, 1, ( 
 ( #1130, #8867 ),
 ( #4949, #8063 ),
 ( #476, #5806 ),
 ( #8103, #5854 ),
 ( #1289, #6685 ),
 ( #2647, #5039 ),
 ( #1910, #6637 ),
 ( #5141, #7395 ),
 ( #7297, #3506 ),
 ( #9731, #425 ),
 ( #8822, #8957 ) ),
 .UNSPECIFIED., .F., .F., .F.,
 ( 4, 1, 1, 1, 1, 1, 1, 1, 4 ),
 ( 2, 2 ),
 ( 0.0000000000000000000, 0.09879181795150948631, 0.2035479638054382978, 0.3143890194706256969, 0.4337219538113540329, 0.5623252229332419416, 0.6976137104322165383, 0.8434581341049804948, 1.000000000000000000 ),
 ( 0.0000000000000000000, 1.000000000000000000 ),
 .UNSPECIFIED. ) ;
#2990 = LINE ( 'NONE', #1385, #1493 ) ;
#2991 = VECTOR ( 'NONE', #7730, 1000.000000000000000 ) ;
#2992 = ORIENTED_EDGE ( 'NONE', *, *, #1093, .F. ) ;
#2993 = EDGE_LOOP ( 'NONE', ( #3782, #9149, #6252, #4046 ) ) ;
#2994 = CARTESIAN_POINT ( 'NONE',  ( 4.507866619047884882, 0.3362004532751428076, 3.199999999999998401 ) ) ;
#2995 = CARTESIAN_POINT ( 'NONE',  ( 8.000000000000000000, 0.0000000000000000000, 0.0000000000000000000 ) ) ;
#2996 = ORIENTED_EDGE ( 'NONE', *, *, #9152, .F. ) ;
#2997 = VECTOR ( 'NONE', #1572, 1000.000000000000000 ) ;
#2998 = EDGE_CURVE ( 'NONE', #8240, #5540, #4491, .T. ) ;
#2999 = CARTESIAN_POINT ( 'NONE',  ( 1.542591163728720183, 4.142466198028849078, 3.100000000000000977 ) ) ;
#3000 =( LENGTH_UNIT ( ) NAMED_UNIT ( * ) SI_UNIT ( .MILLI., .METRE. ) );
#3001 = CARTESIAN_POINT ( 'NONE',  ( 2.785871862396453125, -1.059284988752156043, 3.200000000000001954 ) ) ;
#3002 = EDGE_CURVE ( 'NONE', #2247, #7905, #8557, .T. ) ;
#3003 = DIRECTION ( 'NONE',  ( 0.0000000000000000000, 0.0000000000000000000, 1.000000000000000000 ) ) ;
#3004 = EDGE_CURVE ( 'NONE', #5624, #2881, #7602, .T. ) ;
#3005 = ORIENTED_EDGE ( 'NONE', *, *, #8664, .T. ) ;
#3006 = CARTESIAN_POINT ( 'NONE',  ( 2.923961984574872996, -1.016252657632313872, 3.100000000000054268 ) ) ;
#3007 = CARTESIAN_POINT ( 'NONE',  ( 3.043716028331602708, 1.325070198687567480, 3.100000000000000977 ) ) ;
#3008 = AXIS2_PLACEMENT_3D ( 'NONE', #6903, #6086, #8422 ) ;
#3009 = FACE_OUTER_BOUND ( 'NONE', #908, .T. ) ;
#3010 = ORIENTED_EDGE ( 'NONE', *, *, #3051, .T. ) ;
#3011 = CYLINDRICAL_SURFACE ( 'NONE', #1884, 0.1999999999999996503 ) ;
#3012 = ORIENTED_EDGE ( 'NONE', *, *, #1349, .T. ) ;
#3013 = UNCERTAINTY_MEASURE_WITH_UNIT (LENGTH_MEASURE( 1.000000000000000082E-05 ), #990, 'distance_accuracy_value', 'NONE');
#3014 = CARTESIAN_POINT ( 'NONE',  ( 2.685221545231559315, -5.571108612877292643, 3.100000000000000977 ) ) ;
#3015 = FILL_AREA_STYLE_COLOUR ( '', #5846 ) ;
#3016 = CARTESIAN_POINT ( 'NONE',  ( 2.797149818709021574, 0.7980495410614177887, 3.200000000000001510 ) ) ;
#3017 = CARTESIAN_POINT ( 'NONE',  ( 7.499999999999999112, 7.000000000000000000, 0.0000000000000000000 ) ) ;
#3018 = CARTESIAN_POINT ( 'NONE',  ( 2.948893948282702127, -5.761349742484095593, 3.100000000000000089 ) ) ;
#3019 = LINE ( 'NONE', #2265, #261 ) ;
#3020 = ORIENTED_EDGE ( 'NONE', *, *, #9993, .T. ) ;
#3021 = CARTESIAN_POINT ( 'NONE',  ( 3.742156869327991853, -1.461668210008411961, 3.200000000000004174 ) ) ;
#3022 = CARTESIAN_POINT ( 'NONE',  ( -8.000000000000000000, -8.500000000000001776, 1.000000000000000000 ) ) ;
#3023 = CARTESIAN_POINT ( 'NONE',  ( 3.710319575887031540, -4.918900028149860049, 3.100000000000000977 ) ) ;
#3024 = CARTESIAN_POINT ( 'NONE',  ( 2.910660492109257813, -4.892772842721845095, 3.100000000000648015 ) ) ;
#3025 = CARTESIAN_POINT ( 'NONE',  ( 3.761331165829289613, -2.170497302775022952, 3.200000000000001066 ) ) ;
#3026 = CARTESIAN_POINT ( 'NONE',  ( 2.680134382049636610, -1.402506273696920713, 3.100000000000000533 ) ) ;
#3027 = VERTEX_POINT ( 'NONE', #2401 ) ;
#3028 = ORIENTED_EDGE ( 'NONE', *, *, #3318, .F. ) ;
#3029 = CARTESIAN_POINT ( 'NONE',  ( 3.717453794456186511, -1.755573032769523145, 3.200000000000000178 ) ) ;
#3030 =( BOUNDED_CURVE ( )  B_SPLINE_CURVE ( 3, ( #2281, #2330, #8488, #4614 ),
 .UNSPECIFIED., .F., .T. ) 
 B_SPLINE_CURVE_WITH_KNOTS ( ( 4, 4 ),
 ( 0.0000000000000000000, 1.570796326794896558 ),
 .UNSPECIFIED. ) 
 CURVE ( )  GEOMETRIC_REPRESENTATION_ITEM ( )  RATIONAL_B_SPLINE_CURVE ( ( 1.000000000000000000, 0.8047378541243649375, 0.8047378541243649375, 1.000000000000000000 ) ) 
 REPRESENTATION_ITEM ( '' )  );
#3031 = CARTESIAN_POINT ( 'NONE',  ( 3.735742593711724790, -5.382256747677341302, 3.200000000000000178 ) ) ;
#3032 = EDGE_LOOP ( 'NONE', ( #1743, #3666, #2480, #802 ) ) ;
#3033 = CARTESIAN_POINT ( 'NONE',  ( 3.261558127671019935, -6.823111745095160607, 3.099999999999856204 ) ) ;
#3034 = CARTESIAN_POINT ( 'NONE',  ( 3.473434680021454835, 5.408671292847225587, 3.100000000000000977 ) ) ;
#3035 = STYLED_ITEM ( 'NONE', ( #3404 ), #585 ) ;
#3036 = DIRECTION ( 'NONE',  ( -0.0000000000000000000, -1.000000000000000000, -0.0000000000000000000 ) ) ;
#3037 = CARTESIAN_POINT ( 'NONE',  ( 2.759928226452438960, -4.399559845513985046, 3.100000000000000977 ) ) ;
#3038 = DIRECTION ( 'NONE',  ( 0.0000000000000000000, 0.0000000000000000000, 1.000000000000000000 ) ) ;
#3039 = PRESENTATION_STYLE_ASSIGNMENT (( #9454 ) ) ;
#3040 = CARTESIAN_POINT ( 'NONE',  ( 4.611815484963787348, 0.5770622246566193825, 3.199999999999997957 ) ) ;
#3041 = SURFACE_STYLE_USAGE ( .BOTH. , #816 ) ;
#3042 = AXIS2_PLACEMENT_3D ( 'NONE', #6375, #1697, #978 ) ;
#3043 = EDGE_LOOP ( 'NONE', ( #1027, #9091, #2300, #2926 ) ) ;
#3044 = CARTESIAN_POINT ( 'NONE',  ( -3.861792873543974824, 6.820462724888164630, 1.966862915010151980 ) ) ;
#3045 = CARTESIAN_POINT ( 'NONE',  ( 2.668174125155262644, -2.044990573025639691, 3.100000000000000977 ) ) ;
#3046 = DIRECTION ( 'NONE',  ( -1.000000000000000000, 0.0000000000000000000, 0.0000000000000000000 ) ) ;
#3047 = PRESENTATION_STYLE_ASSIGNMENT (( #8364 ) ) ;
#3048 = ORIENTED_EDGE ( 'NONE', *, *, #6684, .F. ) ;
#3049 = DIRECTION ( 'NONE',  ( -1.000000000000000000, 0.0000000000000000000, 0.0000000000000000000 ) ) ;
#3050 = CARTESIAN_POINT ( 'NONE',  ( 6.800000000000001599, -7.800000000000000711, 3.199999999999999734 ) ) ;
#3051 = EDGE_CURVE ( 'NONE', #283, #6388, #5304, .T. ) ;
#3052 = CARTESIAN_POINT ( 'NONE',  ( 2.920584548849317397, -1.551304873958531338, 3.200000000000003286 ) ) ;
#3053 = EDGE_LOOP ( 'NONE', ( #2108, #1552, #6411, #1221 ) ) ;
#3054 = PRESENTATION_LAYER_ASSIGNMENT (  '', '', ( #7953 ) ) ;
#3055 = CARTESIAN_POINT ( 'NONE',  ( 2.795801933053463806, -0.4451077837840397566, 3.200000000000000178 ) ) ;
#3056 = ORIENTED_EDGE ( 'NONE', *, *, #7544, .T. ) ;
#3057 = EDGE_CURVE ( 'NONE', #5699, #2701, #9934, .T. ) ;
#3058 = EDGE_CURVE ( 'NONE', #9363, #5543, #1018, .T. ) ;
#3059 = CARTESIAN_POINT ( 'NONE',  ( 4.691215651401699382, -5.936162904553087039, 3.199999999999997069 ) ) ;
#3060 = CARTESIAN_POINT ( 'NONE',  ( 3.246149480231378170, -1.485810393123346174, 3.200000000000000178 ) ) ;
#3061 = SURFACE_STYLE_USAGE ( .BOTH. , #4690 ) ;
#3062 = SURFACE_STYLE_USAGE ( .BOTH. , #2361 ) ;
#3063 = AXIS2_PLACEMENT_3D ( 'NONE', #6641, #3511, #8264 ) ;
#3064 = CARTESIAN_POINT ( 'NONE',  ( -5.741792873543974274, 6.820462724888162853, 2.000000000000000000 ) ) ;
#3065 = FACE_OUTER_BOUND ( 'NONE', #7189, .T. ) ;
#3066 = EDGE_CURVE ( 'NONE', #6080, #5647, #7046, .T. ) ;
#3067 = CARTESIAN_POINT ( 'NONE',  ( 8.000000000000000000, -8.500000000000000000, 1.000000000000000000 ) ) ;
#3068 =( NAMED_UNIT ( * ) PLANE_ANGLE_UNIT ( ) SI_UNIT ( $, .RADIAN. ) );
#3069 = ORIENTED_EDGE ( 'NONE', *, *, #3472, .F. ) ;
#3070 = EDGE_CURVE ( 'NONE', #5637, #3312, #4697, .T. ) ;
#3071 = CARTESIAN_POINT ( 'NONE',  ( 3.657959409283225938, -5.381592666098003797, 3.100000000000000977 ) ) ;
#3072 = PRESENTATION_LAYER_ASSIGNMENT (  '', '', ( #810 ) ) ;
#3073 = B_SPLINE_SURFACE_WITH_KNOTS ( 'NONE', 3, 1, ( 
 ( #2465, #8067 ),
 ( #998, #4090 ),
 ( #230, #3321 ),
 ( #8671, #6395 ),
 ( #3983, #8825 ),
 ( #5618, #9579 ),
 ( #5667, #7055 ) ),
 .UNSPECIFIED., .F., .F., .F.,
 ( 4, 1, 1, 1, 4 ),
 ( 2, 2 ),
 ( 0.0000000000000000000, 0.2479596306297939257, 0.4934271414201659156, 0.7426234861090156292, 1.000000000000000000 ),
 ( 0.0000000000000000000, 1.000000000000000000 ),
 .UNSPECIFIED. ) ;
#3074 = CARTESIAN_POINT ( 'NONE',  ( -5.781792873543976086, 8.860462724888163777, 2.000000000000000444 ) ) ;
#3075 = DIRECTION ( 'NONE',  ( -1.000000000000000000, 0.0000000000000000000, 0.0000000000000000000 ) ) ;
#3076 = CARTESIAN_POINT ( 'NONE',  ( 4.171464026976582140, 5.667848476340815012, 3.100000000000000977 ) ) ;
#3077 = SURFACE_SIDE_STYLE ('',( #1475 ) ) ;
#3078 = CARTESIAN_POINT ( 'NONE',  ( 3.595131865398332849, -2.175925219760375118, 3.199999999999999734 ) ) ;
#3079 = FILL_AREA_STYLE_COLOUR ( '', #4161 ) ;
#3080 = ORIENTED_EDGE ( 'NONE', *, *, #8228, .F. ) ;
#3081 = ORIENTED_EDGE ( 'NONE', *, *, #1590, .T. ) ;
#3082 = FILL_AREA_STYLE_COLOUR ( '', #5808 ) ;
#3083 = CARTESIAN_POINT ( 'NONE',  ( 2.868115918852054858, -4.293270760376050710, 3.199999999999999734 ) ) ;
#3084 = VERTEX_POINT ( 'NONE', #9979 ) ;
#3085 = CARTESIAN_POINT ( 'NONE',  ( 2.860455788836431257, -2.241591672793213696, 3.100000000000000977 ) ) ;
#3086 = FACE_OUTER_BOUND ( 'NONE', #7328, .T. ) ;
#3087 =( GEOMETRIC_REPRESENTATION_CONTEXT ( 3 ) GLOBAL_UNCERTAINTY_ASSIGNED_CONTEXT ( ( #9728 ) ) GLOBAL_UNIT_ASSIGNED_CONTEXT ( ( #8394, #6105, #666 ) ) REPRESENTATION_CONTEXT ( 'NONE', 'WORKASPACE' ) );
#3088 = VECTOR ( 'NONE', #8797, 1000.000000000000000 ) ;
#3089 = DIRECTION ( 'NONE',  ( 0.9999979323362196970, 0.002033549430272321625, -0.0000000000000000000 ) ) ;
#3090 = CARTESIAN_POINT ( 'NONE',  ( 4.000386601991153590, -4.088069168733273528, 3.199999999999999734 ) ) ;
#3091 = CARTESIAN_POINT ( 'NONE',  ( 2.687896877194992484, 0.05473340471738886298, 3.200000000000000178 ) ) ;
#3092 = SURFACE_SIDE_STYLE ('',( #6269 ) ) ;
#3093 = ORIENTED_EDGE ( 'NONE', *, *, #5175, .T. ) ;
#3094 = ORIENTED_EDGE ( 'NONE', *, *, #8974, .T. ) ;
#3095 = CARTESIAN_POINT ( 'NONE',  ( 3.867272384408443564, -2.154197495321063638, 3.199999999999999734 ) ) ;
#3096 = VECTOR ( 'NONE', #9966, 1000.000000000000000 ) ;
#3097 =( NAMED_UNIT ( * ) SI_UNIT ( $, .STERADIAN. ) SOLID_ANGLE_UNIT ( ) );
#3098 = VECTOR ( 'NONE', #7013, 1000.000000000000000 ) ;
#3099 = ORIENTED_EDGE ( 'NONE', *, *, #9170, .T. ) ;
#3100 = PRESENTATION_STYLE_ASSIGNMENT (( #6167 ) ) ;
#3101 = CARTESIAN_POINT ( 'NONE',  ( 4.619076518610460091, -4.605853886547046194, 3.100000000000596057 ) ) ;
#3102 = LINE ( 'NONE', #6889, #5225 ) ;
#3103 = VERTEX_POINT ( 'NONE', #8413 ) ;
#3104 =( NAMED_UNIT ( * ) PLANE_ANGLE_UNIT ( ) SI_UNIT ( $, .RADIAN. ) );
#3105 = CARTESIAN_POINT ( 'NONE',  ( 2.894343327039917924, -1.756910698751239508, 3.099999999999996092 ) ) ;
#3106 = EDGE_LOOP ( 'NONE', ( #4466, #422, #6892, #9314 ) ) ;
#3107 = AXIS2_PLACEMENT_3D ( 'NONE', #9006, #1132, #6593 ) ;
#3108 = CARTESIAN_POINT ( 'NONE',  ( 4.665413086832669975, -4.717358353571228236, 3.200000000000000178 ) ) ;
#3109 = ORIENTED_EDGE ( 'NONE', *, *, #1211, .F. ) ;
#3110 = FACE_OUTER_BOUND ( 'NONE', #3645, .T. ) ;
#3111 = DIRECTION ( 'NONE',  ( 0.0000000000000000000, 0.0000000000000000000, 1.000000000000000000 ) ) ;
#3112 = CARTESIAN_POINT ( 'NONE',  ( 3.984219769897088703, -1.414256290328554044, 3.100000000000608047 ) ) ;
#3113 = FACE_OUTER_BOUND ( 'NONE', #6214, .T. ) ;
#3114 = ADVANCED_FACE ( 'NONE', ( #3009 ), #8610, .T. ) ;
#3115 = CARTESIAN_POINT ( 'NONE',  ( 3.462420206280324209, -6.153043700473632249, 3.099999999999999645 ) ) ;
#3116 = DIRECTION ( 'NONE',  ( -1.000000000000000000, 0.0000000000000000000, 0.0000000000000000000 ) ) ;
#3117 = VERTEX_POINT ( 'NONE', #3105 ) ;
#3118 =( GEOMETRIC_REPRESENTATION_CONTEXT ( 3 ) GLOBAL_UNCERTAINTY_ASSIGNED_CONTEXT ( ( #5557 ) ) GLOBAL_UNIT_ASSIGNED_CONTEXT ( ( #8566, #3873, #4030 ) ) REPRESENTATION_CONTEXT ( 'NONE', 'WORKASPACE' ) );
#3119 = CARTESIAN_POINT ( 'NONE',  ( 3.137352647051763643, -5.297905389636225593, 3.100000000000000977 ) ) ;
#3120 = CARTESIAN_POINT ( 'NONE',  ( 8.000000000000000000, -8.500000000000000000, 0.0000000000000000000 ) ) ;
#3121 = CARTESIAN_POINT ( 'NONE',  ( -6.799999999999999822, -7.800000000000002487, 3.199999999999999734 ) ) ;
#3122 = CARTESIAN_POINT ( 'NONE',  ( 3.844038535327050088, -4.071263405269199609, 3.200000000000002398 ) ) ;
#3123 = EDGE_CURVE ( 'NONE', #1834, #3624, #5404, .T. ) ;
#3124 = CARTESIAN_POINT ( 'NONE',  ( 2.802490262962046508, -4.842653067192014937, 3.100000000000125322 ) ) ;
#3125 = EDGE_CURVE ( 'NONE', #6061, #4210, #1452, .T. ) ;
#3126 = PRESENTATION_LAYER_ASSIGNMENT (  '', '', ( #1189 ) ) ;
#3127 =( LENGTH_UNIT ( ) NAMED_UNIT ( * ) SI_UNIT ( .MILLI., .METRE. ) );
#3128 = ORIENTED_EDGE ( 'NONE', *, *, #9474, .F. ) ;
#3129 = DIRECTION ( 'NONE',  ( -0.0000000000000000000, 0.0000000000000000000, 1.000000000000000000 ) ) ;
#3130 = ORIENTED_EDGE ( 'NONE', *, *, #722, .F. ) ;
#3131 = CARTESIAN_POINT ( 'NONE',  ( 2.870700746567605766, -5.162529137737673857, 3.100000000000000533 ) ) ;
#3132 = PLANE ( 'NONE',  #4955 ) ;
#3133 = ORIENTED_EDGE ( 'NONE', *, *, #5425, .F. ) ;
#3134 = CARTESIAN_POINT ( 'NONE',  ( -8.000000000000000000, 1.500000000000001332, 0.0000000000000000000 ) ) ;
#3135 = B_SPLINE_SURFACE_WITH_KNOTS ( 'NONE', 3, 1, ( 
 ( #7660, #693 ),
 ( #6904, #9276 ),
 ( #9988, #6087 ),
 ( #7764, #9184 ),
 ( #3018, #9370 ),
 ( #2215, #6136 ),
 ( #9229, #1513 ),
 ( #4597, #2413 ),
 ( #2263, #7710 ),
 ( #3827, #6952 ),
 ( #2310, #8519 ),
 ( #4648, #792 ),
 ( #3876, #7005 ),
 ( #3115, #5463 ),
 ( #4693, #7812 ),
 ( #840, #4844 ),
 ( #1052, #8722 ),
 ( #3358, #4091 ),
 ( #7206, #5718 ),
 ( #8773, #1098 ),
 ( #9424, #7106 ),
 ( #5513, #7862 ),
 ( #7256, #8672 ),
 ( #9581, #2607 ),
 ( #7967, #4192 ),
 ( #8623, #1666 ),
 ( #4146, #896 ) ),
 .UNSPECIFIED., .F., .F., .F.,
 ( 4, 1, 1, 1, 1, 1, 1, 1, 1, 1, 1, 1, 1, 1, 1, 1, 1, 1, 1, 1, 1, 1, 1, 1, 4 ),
 ( 2, 2 ),
 ( 0.0000000000000000000, 0.06672467921484966091, 0.1302604086830767560, 0.1908279852337414484, 0.2483885190973375290, 0.3029862843157921093, 0.3545785142958726155, 0.4029913470132393538, 0.4484533418757725154, 0.4911410008683426143, 0.5308297329441712398, 0.5673559485567823968, 0.6009605915126753350, 0.6315795553861950351, 0.6590652898434019580, 0.6836795722184805246, 0.7055934733708726370, 0.7455989280290242771, 0.7845540542250022398, 0.8222579830944742874, 0.8591595974964255644, 0.8951443266065344240, 0.9307451150898279346, 0.9654466074798164765, 1.000000000000000000 ),
 ( 0.0000000000000000000, 1.000000000000000000 ),
 .UNSPECIFIED. ) ;
#3137 = VECTOR ( 'NONE', #7080, 1000.000000000000000 ) ;
#3136 = CARTESIAN_POINT ( 'NONE',  ( 2.506206775549459032, 4.851300258385033537, 3.100000000000000977 ) ) ;
#3138 = PLANE ( 'NONE',  #226 ) ;
#3139 = SURFACE_STYLE_USAGE ( .BOTH. , #3236 ) ;
#3140 = CARTESIAN_POINT ( 'NONE',  ( 2.801790919982481753, 0.5630464777696894130, 3.099999999999516032 ) ) ;
#3141 = SURFACE_SIDE_STYLE ('',( #925 ) ) ;
#3142 = CIRCLE ( 'NONE', #8993, 0.5000000000000004441 ) ;
#3143 = DIRECTION ( 'NONE',  ( -0.9999986672246552466, -0.001632650885264664556, 0.0000000000000000000 ) ) ;
#3144 = EDGE_LOOP ( 'NONE', ( #7488, #2841, #1126, #3048 ) ) ;
#3145 = CARTESIAN_POINT ( 'NONE',  ( 3.533791345088359570, -1.279731693249098079, 3.099999999999624833 ) ) ;
#3146 = MECHANICAL_DESIGN_GEOMETRIC_PRESENTATION_REPRESENTATION (  '', ( #9815 ), #6258 ) ;
#3147 = CARTESIAN_POINT ( 'NONE',  ( 2.684355090916155095, -1.184917316749299676, 3.200000000000003730 ) ) ;
#3148 = CARTESIAN_POINT ( 'NONE',  ( 3.063335129396779877, -4.914441141544138247, 3.200000000000148948 ) ) ;
#3149 =( LENGTH_UNIT ( ) NAMED_UNIT ( * ) SI_UNIT ( .MILLI., .METRE. ) );
#3150 = CARTESIAN_POINT ( 'NONE',  ( -8.000000000000000000, 0.0000000000000000000, 0.0000000000000000000 ) ) ;
#3151 = B_SPLINE_SURFACE_WITH_KNOTS ( 'NONE', 3, 1, ( 
 ( #559, #5275 ),
 ( #3641, #9192 ),
 ( #701, #6143 ),
 ( #1424, #3787 ),
 ( #8481, #2974 ),
 ( #6095, #1522 ),
 ( #4607, #746 ) ),
 .UNSPECIFIED., .F., .F., .F.,
 ( 4, 1, 1, 1, 4 ),
 ( 2, 2 ),
 ( 0.0000000000000000000, 0.2483227713053558494, 0.4968463473941098774, 0.7466488416773513492, 1.000000000000000000 ),
 ( 0.0000000000000000000, 1.000000000000000000 ),
 .UNSPECIFIED. ) ;
#3152 = ORIENTED_EDGE ( 'NONE', *, *, #8491, .T. ) ;
#3153 = PRESENTATION_LAYER_ASSIGNMENT (  '', '', ( #7564 ) ) ;
#3154 = FILL_AREA_STYLE_COLOUR ( '', #8190 ) ;
#3155 = ORIENTED_EDGE ( 'NONE', *, *, #3734, .T. ) ;
#3156 = PLANE ( 'NONE',  #2142 ) ;
#3157 = CARTESIAN_POINT ( 'NONE',  ( -2.000000000000000888, 5.000000000000000000, 1.082842712474619606 ) ) ;
#3158 = CARTESIAN_POINT ( 'NONE',  ( 4.542394096046887597, -4.877443396473883475, 3.100000000000053380 ) ) ;
#3159 = DIRECTION ( 'NONE',  ( 0.005208262692228319765, -0.9999864369078855786, -2.026267173887962288E-12 ) ) ;
#3160 = CARTESIAN_POINT ( 'NONE',  ( 4.357343892660743734, -6.208013685001462001, 3.100000000000819877 ) ) ;
#3161 = DIRECTION ( 'NONE',  ( -0.001432663286156705355, 0.9999989737374276322, 0.0000000000000000000 ) ) ;
#3162 = ORIENTED_EDGE ( 'NONE', *, *, #1147, .F. ) ;
#3163 = COLOUR_RGB ( '',1.000000000000000000, 1.000000000000000000, 0.0000000000000000000 ) ;
#3164 = FILL_AREA_STYLE ('',( #7309 ) ) ;
#3165 = B_SPLINE_CURVE_WITH_KNOTS ( 'NONE', 3,
 ( #7464, #4461, #1979, #653, #3685, #5167, #9753 ),
 .UNSPECIFIED., .F., .F.,
 ( 4, 1, 1, 1, 4 ),
 ( 0.0000000000000000000, 2.926581275279034687E-05, 5.363705428730298032E-05, 7.370528938251217493E-05, 9.094709915609465282E-05 ),
 .UNSPECIFIED. ) ;
#3166 = CARTESIAN_POINT ( 'NONE',  ( 2.754334287620249455, -4.729843236067249990, 3.100000000000993960 ) ) ;
#3167 = B_SPLINE_CURVE_WITH_KNOTS ( 'NONE', 3,
 ( #7969, #6398, #8724, #326, #4906, #9480, #1767 ),
 .UNSPECIFIED., .F., .F.,
 ( 4, 1, 1, 1, 4 ),
 ( 0.0000000000000000000, 3.505660552183143816E-05, 6.892489921128004129E-05, 0.0001018006534086779479, 0.0001359963270775055592 ),
 .UNSPECIFIED. ) ;
#3168 = CARTESIAN_POINT ( 'NONE',  ( 3.844038535327050088, -4.071263405269199609, 3.099999999999623057 ) ) ;
#3169 = CYLINDRICAL_SURFACE ( 'NONE', #9670, 0.5000000000000004441 ) ;
#3170 = CARTESIAN_POINT ( 'NONE',  ( 8.000000000000000000, 0.0000000000000000000, 0.0000000000000000000 ) ) ;
#3171 = LINE ( 'NONE', #4101, #7494 ) ;
#3172 = CARTESIAN_POINT ( 'NONE',  ( 4.166463675652384957, -0.2676440968763069139, 3.199999999999998845 ) ) ;
#3173 = EDGE_LOOP ( 'NONE', ( #195, #344, #4314, #3603 ) ) ;
#3174 = CARTESIAN_POINT ( 'NONE',  ( 3.545935232787338798, -4.522077739676891639, 3.199999999999982858 ) ) ;
#3175 = ORIENTED_EDGE ( 'NONE', *, *, #2998, .T. ) ;
#3176 = EDGE_CURVE ( 'NONE', #9456, #327, #8611, .T. ) ;
#3177 = CARTESIAN_POINT ( 'NONE',  ( 2.926654683091475473, -5.204010770257330165, 3.199999999999999289 ) ) ;
#3178 = CARTESIAN_POINT ( 'NONE',  ( 3.951152993682848003, -5.368531437872081646, 3.200000000000000622 ) ) ;
#3179 = ORIENTED_EDGE ( 'NONE', *, *, #2682, .F. ) ;
#3180 = CARTESIAN_POINT ( 'NONE',  ( 2.874911797683334491, -2.282821609445827349, 3.200000000000001066 ) ) ;
#3181 = EDGE_CURVE ( 'NONE', #3951, #10003, #8508, .T. ) ;
#3182 = EDGE_CURVE ( 'NONE', #846, #2076, #5983, .T. ) ;
#3183 = CARTESIAN_POINT ( 'NONE',  ( 3.127603378462386008, -4.155674148412584756, 3.100000000000000977 ) ) ;
#3184 = DIRECTION ( 'NONE',  ( 0.0000000000000000000, 0.0000000000000000000, 1.000000000000000000 ) ) ;
#3185 = PLANE ( 'NONE',  #5397 ) ;
#3186 = DIRECTION ( 'NONE',  ( 0.9999982764011988712, 0.001856662228743317282, -0.0000000000000000000 ) ) ;
#3187 = SURFACE_SIDE_STYLE ('',( #107 ) ) ;
#3188 = ORIENTED_EDGE ( 'NONE', *, *, #1140, .T. ) ;
#3189 = CARTESIAN_POINT ( 'NONE',  ( 4.768476202319270385, -6.258134412343799191, 3.100000000000000977 ) ) ;
#3190 = ADVANCED_FACE ( 'NONE', ( #1555 ), #1601, .F. ) ;
#3191 = CARTESIAN_POINT ( 'NONE',  ( 4.111806949023088187, -0.2666728264450736186, 3.199999999999999734 ) ) ;
#3192 = ORIENTED_EDGE ( 'NONE', *, *, #891, .T. ) ;
#3193 = MECHANICAL_DESIGN_GEOMETRIC_PRESENTATION_REPRESENTATION (  '', ( #2559 ), #9216 ) ;
#3194 = CARTESIAN_POINT ( 'NONE',  ( 4.677590350217426085, -5.015609156055396589, 3.199999999999998845 ) ) ;
#3195 = DIRECTION ( 'NONE',  ( -0.0000000000000000000, -0.0000000000000000000, -1.000000000000000000 ) ) ;
#3196 = CARTESIAN_POINT ( 'NONE',  ( 4.248051702537752661, -4.528898142994770559, 3.100000000000596945 ) ) ;
#3197 =( LENGTH_UNIT ( ) NAMED_UNIT ( * ) SI_UNIT ( .MILLI., .METRE. ) );
#3198 = EDGE_LOOP ( 'NONE', ( #3056, #4337, #3637, #8854 ) ) ;
#3199 = VECTOR ( 'NONE', #1546, 1000.000000000000000 ) ;
#3200 = CARTESIAN_POINT ( 'NONE',  ( 3.711702037124519293, -1.043345426499791451, 3.199999999999999734 ) ) ;
#3201 = DIRECTION ( 'NONE',  ( 0.0000000000000000000, 0.0000000000000000000, 1.000000000000000000 ) ) ;
#3202 = CARTESIAN_POINT ( 'NONE',  ( 4.319861344348815635, 0.2419363814125669032, 3.100000000000000533 ) ) ;
#3203 = ORIENTED_EDGE ( 'NONE', *, *, #5484, .F. ) ;
#3204 = ORIENTED_EDGE ( 'NONE', *, *, #2815, .F. ) ;
#3205 = UNCERTAINTY_MEASURE_WITH_UNIT (LENGTH_MEASURE( 1.000000000000000082E-05 ), #4154, 'distance_accuracy_value', 'NONE');
#3206 = CARTESIAN_POINT ( 'NONE',  ( 4.131523950861843986, -1.779702414741218819, 3.099999999999999645 ) ) ;
#3207 = CIRCLE ( 'NONE', #5168, 0.2500000000000002220 ) ;
#3208 = CARTESIAN_POINT ( 'NONE',  ( -2.000000000000000888, 8.000000000000000000, 1.200000000000000178 ) ) ;
#3209 = CARTESIAN_POINT ( 'NONE',  ( -8.000000000000000000, -8.500000000000001776, 1.000000000000000000 ) ) ;
#3210 = B_SPLINE_CURVE_WITH_KNOTS ( 'NONE', 3,
 ( #3723, #5410, #9939, #6133, #7760, #788, #2358, #9226, #5460, #1411, #9888, #2911, #4594, #2308, #5263 ),
 .UNSPECIFIED., .F., .F.,
 ( 4, 1, 1, 1, 1, 1, 1, 1, 1, 1, 1, 1, 4 ),
 ( 0.0000000000000000000, 8.256008188495706250E-05, 0.0001597595072795333611, 0.0002328270430278152640, 0.0003021975693559429601, 0.0003686424828926502628, 0.0004337970811046987295, 0.0004972665284794582259, 0.0005605152667250175432, 0.0006228909745189401210, 0.0006848037764143249722, 0.0007471298226503733002, 0.0008107250456201276715 ),
 .UNSPECIFIED. ) ;
#3211 = CARTESIAN_POINT ( 'NONE',  ( 8.000000000000000000, 6.499999999999999112, 2.200000000000000178 ) ) ;
#3212 = LINE ( 'NONE', #4843, #7089 ) ;
#3213 = CARTESIAN_POINT ( 'NONE',  ( 2.902703578699290965, -0.3513821391455419496, 3.100000000000001865 ) ) ;
#3214 = CARTESIAN_POINT ( 'NONE',  ( 4.414762480213952678, -6.053733642756332856, 3.100000000000821654 ) ) ;
#3215 = CARTESIAN_POINT ( 'NONE',  ( 4.665148031399253270, 1.496904712886542477, 3.100000000000000533 ) ) ;
#3216 = VECTOR ( 'NONE', #129, 1000.000000000000000 ) ;
#3217 = ORIENTED_EDGE ( 'NONE', *, *, #6760, .T. ) ;
#3218 = PLANE ( 'NONE',  #845 ) ;
#3219 = LINE ( 'NONE', #8525, #5525 ) ;
#3220 = CARTESIAN_POINT ( 'NONE',  ( 3.763289257887433514, -4.066544413453968332, 3.099999999999624833 ) ) ;
#3221 = DIRECTION ( 'NONE',  ( -1.000000000000000000, 0.0000000000000000000, 0.0000000000000000000 ) ) ;
#3222 = LINE ( 'NONE', #3277, #9885 ) ;
#3223 = CARTESIAN_POINT ( 'NONE',  ( 2.815387845055175475, 1.356699317945351924, 3.199999999999988187 ) ) ;
#3224 = DIRECTION ( 'NONE',  ( 0.0000000000000000000, 0.0000000000000000000, 1.000000000000000000 ) ) ;
#3225 = ORIENTED_EDGE ( 'NONE', *, *, #3816, .T. ) ;
#3226 = LINE ( 'NONE', #4105, #2141 ) ;
#3227 = ORIENTED_EDGE ( 'NONE', *, *, #9662, .T. ) ;
#3228 = CARTESIAN_POINT ( 'NONE',  ( 7.000000000000000888, -8.000000000000000000, 1.082842712474618940 ) ) ;
#3229 = CARTESIAN_POINT ( 'NONE',  ( 2.810517235747603149, -4.345311247823238965, 3.200000000000000622 ) ) ;
#3230 = VERTEX_POINT ( 'NONE', #4944 ) ;
#3231 = CARTESIAN_POINT ( 'NONE',  ( 3.309378024047236799, -1.535673972132231890, 3.199999999999999289 ) ) ;
#3232 = CARTESIAN_POINT ( 'NONE',  ( 2.934027417830843198, -4.247837593988708527, 3.200000000000000178 ) ) ;
#3233 = DIRECTION ( 'NONE',  ( 0.0000000000000000000, 0.0000000000000000000, 1.000000000000000000 ) ) ;
#3234 = CARTESIAN_POINT ( 'NONE',  ( 3.535292177942037650, -1.220854371110972725, 3.199999999999999289 ) ) ;
#3235 = ADVANCED_FACE ( 'NONE', ( #2553 ), #6537, .T. ) ;
#3236 = SURFACE_SIDE_STYLE ('',( #6266 ) ) ;
#3237 = VECTOR ( 'NONE', #9916, 1000.000000000000000 ) ;
#3238 = CARTESIAN_POINT ( 'NONE',  ( 4.166463675652384957, -0.2676440968763069139, 3.199999999999997957 ) ) ;
#3239 = CARTESIAN_POINT ( 'NONE',  ( 4.135697358072903285, -1.685568513059688689, 3.099999999999876188 ) ) ;
#3240 = ORIENTED_EDGE ( 'NONE', *, *, #2065, .F. ) ;
#3241 = ORIENTED_EDGE ( 'NONE', *, *, #8850, .T. ) ;
#3242 = ADVANCED_FACE ( 'NONE', ( #5710 ), #7140, .T. ) ;
#3243 = EDGE_CURVE ( 'NONE', #3730, #8685, #4280, .T. ) ;
#3244 = CARTESIAN_POINT ( 'NONE',  ( -8.000000000000000000, -1.500000000000000888, 0.0000000000000000000 ) ) ;
#3245 = VERTEX_POINT ( 'NONE', #5091 ) ;
#3246 = PRESENTATION_LAYER_ASSIGNMENT (  '', '', ( #7648 ) ) ;
#3247 = CARTESIAN_POINT ( 'NONE',  ( 3.231848620410831874, -4.526038353395975378, 3.199999999999999289 ) ) ;
#3248 = EDGE_CURVE ( 'NONE', #209, #8293, #27, .T. ) ;
#3249 = SURFACE_STYLE_FILL_AREA ( #1036 ) ;
#3250 = VECTOR ( 'NONE', #7130, 1000.000000000000000 ) ;
#3251 = ORIENTED_EDGE ( 'NONE', *, *, #3057, .T. ) ;
#3252 = PRESENTATION_LAYER_ASSIGNMENT (  '', '', ( #9115 ) ) ;
#3253 = FILL_AREA_STYLE ('',( #8055 ) ) ;
#3254 = ADVANCED_FACE ( 'NONE', ( #4428 ), #7435, .F. ) ;
#3255 = CARTESIAN_POINT ( 'NONE',  ( 3.616682957166871493, 0.8479693318753206421, 3.200000000000000178 ) ) ;
#3256 = EDGE_CURVE ( 'NONE', #3484, #7474, #6782, .T. ) ;
#3257 = CARTESIAN_POINT ( 'NONE',  ( 4.611815484963787348, 0.5770622246566193825, 3.100000000000000977 ) ) ;
#3258 = VERTEX_POINT ( 'NONE', #6586 ) ;
#3259 =( NAMED_UNIT ( * ) PLANE_ANGLE_UNIT ( ) SI_UNIT ( $, .RADIAN. ) );
#3260 = ORIENTED_EDGE ( 'NONE', *, *, #1268, .F. ) ;
#3261 = VECTOR ( 'NONE', #8013, 1000.000000000000000 ) ;
#3262 = CARTESIAN_POINT ( 'NONE',  ( 3.965518451264765432, -2.099051127975203102, 3.100000000000000977 ) ) ;
#3263 = CARTESIAN_POINT ( 'NONE',  ( 2.819182942521472501, -0.4201515403957422623, 3.100000000000000977 ) ) ;
#3264 = CARTESIAN_POINT ( 'NONE',  ( 3.535292177942037206, -1.220854371110972503, 3.099999999999717648 ) ) ;
#3265 = CARTESIAN_POINT ( 'NONE',  ( 2.666494221487527128, -1.295415935059019752, 3.100000000000011191 ) ) ;
#3266 = SURFACE_SIDE_STYLE ('',( #9422 ) ) ;
#3267 = CARTESIAN_POINT ( 'NONE',  ( 2.743740038759874711, -1.093842716348353061, 3.199999999999999734 ) ) ;
#3268 = DIRECTION ( 'NONE',  ( 0.0000000000000000000, 0.0000000000000000000, -1.000000000000000000 ) ) ;
#3269 = CARTESIAN_POINT ( 'NONE',  ( 4.311415297422436232, -6.259516887004433094, 3.100000000000821654 ) ) ;
#3270 = VECTOR ( 'NONE', #8580, 1000.000000000000000 ) ;
#3271 = CARTESIAN_POINT ( 'NONE',  ( 4.563189244563087499, 1.342585095770339132, 3.100000000000000977 ) ) ;
#3272 = VECTOR ( 'NONE', #3465, 1000.000000000000000 ) ;
#3273 = ORIENTED_EDGE ( 'NONE', *, *, #5677, .T. ) ;
#3274 = AXIS2_PLACEMENT_3D ( 'NONE', #1229, #8996, #9671 ) ;
#3275 = CARTESIAN_POINT ( 'NONE',  ( -3.661792873543973759, 6.820462724888163741, 1.920000000000000373 ) ) ;
#3276 = CARTESIAN_POINT ( 'NONE',  ( 4.768959347323075804, -4.736546566726885565, 3.099999999999853983 ) ) ;
#3277 = CARTESIAN_POINT ( 'NONE',  ( 2.571349677350514895, 5.058331582644234103, 3.200000000000000178 ) ) ;
#3278 = CARTESIAN_POINT ( 'NONE',  ( 3.576998866375945774, -2.176046039689100819, 3.150000000000000355 ) ) ;
#3279 = ORIENTED_EDGE ( 'NONE', *, *, #3426, .F. ) ;
#3280 = VECTOR ( 'NONE', #715, 1000.000000000000000 ) ;
#3281 = CARTESIAN_POINT ( 'NONE',  ( 3.868613837118593413, -4.522148313865083757, 3.199999999999981970 ) ) ;
#3282 = B_SPLINE_CURVE_WITH_KNOTS ( 'NONE', 3,
 ( #8766, #3924, #6332, #7048, #9416, #992, #4082, #2455, #7199, #223, #1707 ),
 .UNSPECIFIED., .F., .F.,
 ( 4, 1, 1, 1, 1, 1, 1, 1, 4 ),
 ( 0.0000000000000000000, 7.468771475786500772E-05, 0.0001501622989232142419, 0.0002265847238635773392, 0.0003041100569634835860, 0.0003824457281451097202, 0.0004621722046549451234, 0.0005434246556550459146, 0.0006263307868518805561 ),
 .UNSPECIFIED. ) ;
#3283 = ORIENTED_EDGE ( 'NONE', *, *, #3362, .F. ) ;
#3284 = COLOUR_RGB ( '',0.2509803921568627416, 0.2509803921568627416, 0.2509803921568627416 ) ;
#3285 = CARTESIAN_POINT ( 'NONE',  ( 2.738485752839090903, -5.018894655809591931, 3.199999999999997957 ) ) ;
#3286 = CARTESIAN_POINT ( 'NONE',  ( 8.000000000000000000, -3.000000000000000000, 0.0000000000000000000 ) ) ;
#3287 = VERTEX_POINT ( 'NONE', #9002 ) ;
#3288 = CARTESIAN_POINT ( 'NONE',  ( 4.769305144745992209, -4.721817240176950925, 3.100000000000000977 ) ) ;
#3289 = CARTESIAN_POINT ( 'NONE',  ( 3.030785257175010017, -2.176937817010245357, 3.099999999999988987 ) ) ;
#3290 = CARTESIAN_POINT ( 'NONE',  ( 3.412753203352395737, -4.522101904142380668, 3.199999999999991296 ) ) ;
#3291 = DIRECTION ( 'NONE',  ( -0.0000000000000000000, -0.0000000000000000000, 1.000000000000000000 ) ) ;
#3292 =( NAMED_UNIT ( * ) SI_UNIT ( $, .STERADIAN. ) SOLID_ANGLE_UNIT ( ) );
#3293 = CARTESIAN_POINT ( 'NONE',  ( 3.137352647051763643, -5.297905389636225593, 3.200000000000000622 ) ) ;
#3294 = CARTESIAN_POINT ( 'NONE',  ( 4.551310640878503122, -5.772105758826731936, 3.100000000000000977 ) ) ;
#3295 = EDGE_LOOP ( 'NONE', ( #9254, #184, #5803, #664 ) ) ;
#3296 = CARTESIAN_POINT ( 'NONE',  ( 4.380124901526238013, -6.771427187831761785, 3.100000000000000977 ) ) ;
#3297 = CARTESIAN_POINT ( 'NONE',  ( 4.166463675652384957, -0.2676440968763069139, 3.100000000000000977 ) ) ;
#3298 = VERTEX_POINT ( 'NONE', #8146 ) ;
#3299 = COLOUR_RGB ( '',0.2509803921568627416, 0.2509803921568627416, 0.2509803921568627416 ) ;
#3300 = EDGE_CURVE ( 'NONE', #3371, #9694, #5003, .T. ) ;
#3301 = PLANE ( 'NONE',  #4279 ) ;
#3302 = DIRECTION ( 'NONE',  ( 1.000000000000000000, -0.0000000000000000000, 0.0000000000000000000 ) ) ;
#3303 = EDGE_CURVE ( 'NONE', #4390, #8439, #5192, .T. ) ;
#3304 = CARTESIAN_POINT ( 'NONE',  ( 2.842108460396559177, -1.766068510802465186, 3.199999999999999289 ) ) ;
#3305 = B_SPLINE_CURVE_WITH_KNOTS ( 'NONE', 3,
 ( #3289, #5639, #6515, #9502, #5784, #4919, #5585, #4213, #1841, #4866, #7370 ),
 .UNSPECIFIED., .F., .F.,
 ( 4, 1, 1, 1, 1, 1, 1, 1, 4 ),
 ( 4.336808689942017255E-19, 4.363530658725675338E-05, 7.838931774297916953E-05, 0.0001043507594101621708, 0.0001215543560329595928, 0.0001452900199456086004, 0.0001654783735208584662, 0.0001838142751816776010, 0.0002023330563038144912 ),
 .UNSPECIFIED. ) ;
#3306 = CARTESIAN_POINT ( 'NONE',  ( 2.991248738379135741, -1.741170889233107477, 3.200000000000001954 ) ) ;
#3307 = PLANE ( 'NONE',  #4265 ) ;
#3308 = CIRCLE ( 'NONE', #8843, 0.5000000000000004441 ) ;
#3309 = CARTESIAN_POINT ( 'NONE',  ( 3.686962767791089668, -1.044833673997847878, 3.199999999999999734 ) ) ;
#3310 = CARTESIAN_POINT ( 'NONE',  ( 3.343891306089288307, -1.305239976842073935, 3.100000000000000977 ) ) ;
#3311 = CARTESIAN_POINT ( 'NONE',  ( 3.723250347043625119, 0.8479693318753206421, 3.100000000000000977 ) ) ;
#3312 = VERTEX_POINT ( 'NONE', #1946 ) ;
#3313 = ADVANCED_FACE ( 'NONE', ( #5033 ), #9655, .T. ) ;
#3314 = FACE_OUTER_BOUND ( 'NONE', #9398, .T. ) ;
#3315 = CARTESIAN_POINT ( 'NONE',  ( 4.134805823598924235, -1.733479280196374539, 3.200000000000001066 ) ) ;
#3316 = EDGE_CURVE ( 'NONE', #4390, #9262, #496, .T. ) ;
#3317 = CARTESIAN_POINT ( 'NONE',  ( 3.681336812949838944, -4.065915020475253883, 3.200000000000000178 ) ) ;
#3318 = EDGE_CURVE ( 'NONE', #991, #3808, #2279, .T. ) ;
#3319 = CARTESIAN_POINT ( 'NONE',  ( 3.473434680021454835, 5.408671292847225587, 3.100000000000000977 ) ) ;
#3320 = CARTESIAN_POINT ( 'NONE',  ( 4.088176838689483006, 0.2289834981900571165, 3.200000000000000622 ) ) ;
#3321 = CARTESIAN_POINT ( 'NONE',  ( 2.774425337651444057, -0.4765480619099384252, 3.200000000000000622 ) ) ;
#3322 = LINE ( 'NONE', #9532, #311 ) ;
#3323 = CARTESIAN_POINT ( 'NONE',  ( 4.255616661859390248, -6.302253532710349049, 3.100000000000822098 ) ) ;
#3324 = CIRCLE ( 'NONE', #8524, 0.5000000000000004441 ) ;
#3325 = CARTESIAN_POINT ( 'NONE',  ( 4.252495744081506324, -5.305382717938861070, 3.199999999999996625 ) ) ;
#3326 = ORIENTED_EDGE ( 'NONE', *, *, #831, .T. ) ;
#3327 = SURFACE_STYLE_FILL_AREA ( #1005 ) ;
#3328 =( NAMED_UNIT ( * ) SI_UNIT ( $, .STERADIAN. ) SOLID_ANGLE_UNIT ( ) );
#3329 = CARTESIAN_POINT ( 'NONE',  ( 3.132389535233935263, -1.068524929404099044, 3.099999999999659028 ) ) ;
#3330 = CARTESIAN_POINT ( 'NONE',  ( 4.171994041666753361, 5.159564388466884033, 3.100000000000000977 ) ) ;
#3331 = VERTEX_POINT ( 'NONE', #620 ) ;
#3332 = CARTESIAN_POINT ( 'NONE',  ( 4.166463675652384957, -0.2676440968763069139, 3.199999999999998845 ) ) ;
#3333 = VERTEX_POINT ( 'NONE', #2986 ) ;
#3334 = B_SPLINE_CURVE_WITH_KNOTS ( 'NONE', 3,
 ( #6238, #3877, #1612, #7813, #3935, #841, #2467, #3323, #7915, #3269, #5620, #3160, #6293, #9371, #130, #2414, #3214, #5514, #8723 ),
 .UNSPECIFIED., .F., .F.,
 ( 4, 1, 1, 1, 1, 1, 1, 1, 1, 1, 1, 1, 1, 1, 1, 1, 4 ),
 ( 0.0000000000000000000, 3.838874335236531121E-05, 7.523841509276070125E-05, 0.0001108574947599393431, 0.0001461229924151351452, 0.0001800977118848217284, 0.0002144336477674949287, 0.0002492807052630102629, 0.0002839908935015310874, 0.0003189047932403678222, 0.0003524304878690885374, 0.0003853243382128520786, 0.0004178499178833606576, 0.0004499394982615636846, 0.0004826527012911795058, 0.0005160651968528967353, 0.0005504717916074406987 ),
 .UNSPECIFIED. ) ;
#3335 = PRESENTATION_STYLE_ASSIGNMENT (( #103 ) ) ;
#3336 = DIRECTION ( 'NONE',  ( 0.0000000000000000000, 1.000000000000000000, 0.0000000000000000000 ) ) ;
#3337 = SURFACE_STYLE_USAGE ( .BOTH. , #6469 ) ;
#3338 = CARTESIAN_POINT ( 'NONE',  ( 4.200946287953959413, -4.915832968859155550, 3.100000000000000977 ) ) ;
#3339 = DIRECTION ( 'NONE',  ( -0.9999989737374276322, -0.001432663286156705355, 0.0000000000000000000 ) ) ;
#3340 = CARTESIAN_POINT ( 'NONE',  ( 4.453544764680929191, -5.704899052143111327, 3.100000000000000977 ) ) ;
#3341 = EDGE_LOOP ( 'NONE', ( #5711, #1195, #4482, #2996 ) ) ;
#3342 = ORIENTED_EDGE ( 'NONE', *, *, #5050, .T. ) ;
#3343 = CARTESIAN_POINT ( 'NONE',  ( 4.321674127438069668, -6.785436823944085205, 3.200000000000000178 ) ) ;
#3344 = CARTESIAN_POINT ( 'NONE',  ( 8.000000000000000000, 7.000000000000000000, 0.0000000000000000000 ) ) ;
#3345 = ORIENTED_EDGE ( 'NONE', *, *, #9152, .T. ) ;
#3346 = DIRECTION ( 'NONE',  ( 0.0000000000000000000, 0.0000000000000000000, -1.000000000000000000 ) ) ;
#3347 =( NAMED_UNIT ( * ) SI_UNIT ( $, .STERADIAN. ) SOLID_ANGLE_UNIT ( ) );
#3348 = CARTESIAN_POINT ( 'NONE',  ( 2.910660492109257813, -4.892772842721845095, 3.199999999999996181 ) ) ;
#3349 = CARTESIAN_POINT ( 'NONE',  ( 3.384988476614029906, -1.375671184430991900, 3.199999999999998401 ) ) ;
#3350 =( NAMED_UNIT ( * ) PLANE_ANGLE_UNIT ( ) SI_UNIT ( $, .RADIAN. ) );
#3351 = ORIENTED_EDGE ( 'NONE', *, *, #7421, .T. ) ;
#3352 = LINE ( 'NONE', #6487, #3633 ) ;
#3353 = CARTESIAN_POINT ( 'NONE',  ( 3.861200433536595256, -2.155922524721872957, 3.200000000000001510 ) ) ;
#3354 = VECTOR ( 'NONE', #1441, 1000.000000000000000 ) ;
#3355 = CARTESIAN_POINT ( 'NONE',  ( 4.351670362818344628, -4.910860022916068601, 3.100000000000052935 ) ) ;
#3356 = ADVANCED_FACE ( 'NONE', ( #2137 ), #8395, .T. ) ;
#3357 = CARTESIAN_POINT ( 'NONE',  ( 2.785871862396453125, -1.059284988752156043, 3.100000000000000533 ) ) ;
#3358 = CARTESIAN_POINT ( 'NONE',  ( 3.612462474533111756, -6.244630380823882554, 3.100000000000000089 ) ) ;
#3359 = CARTESIAN_POINT ( 'NONE',  ( 4.629296105326321964, -4.614803961639624141, 3.199999999999997069 ) ) ;
#3360 = CARTESIAN_POINT ( 'NONE',  ( 7.000000000000000888, -8.000000000000000000, 1.200000000000000178 ) ) ;
#3361 = EDGE_CURVE ( 'NONE', #7693, #594, #4870, .T. ) ;
#3362 = EDGE_CURVE ( 'NONE', #9361, #3103, #4519, .T. ) ;
#3363 = VERTEX_POINT ( 'NONE', #9205 ) ;
#3364 = MECHANICAL_DESIGN_GEOMETRIC_PRESENTATION_REPRESENTATION (  '', ( #1442 ), #9564 ) ;
#3365 = CARTESIAN_POINT ( 'NONE',  ( 4.768820050271986410, -4.707379567032266898, 3.200000000000000178 ) ) ;
#3366 = LINE ( 'NONE', #9060, #4070 ) ;
#3367 = CARTESIAN_POINT ( 'NONE',  ( 3.764547179682534495, 0.4407173584151901080, 3.100000000000001865 ) ) ;
#3368 = EDGE_CURVE ( 'NONE', #4976, #7785, #170, .T. ) ;
#3369 = VECTOR ( 'NONE', #853, 1000.000000000000114 ) ;
#3370 = CARTESIAN_POINT ( 'NONE',  ( -8.000000000000000000, 4.499999999999999112, 0.0000000000000000000 ) ) ;
#3371 = VERTEX_POINT ( 'NONE', #668 ) ;
#3372 = CARTESIAN_POINT ( 'NONE',  ( 4.293260301543735835, -4.529813445208844769, 3.199999999999981970 ) ) ;
#3373 = VERTEX_POINT ( 'NONE', #3752 ) ;
#3374 = CARTESIAN_POINT ( 'NONE',  ( 3.016220871047951224, -2.177031282079126218, 3.100000000000000977 ) ) ;
#3375 = VECTOR ( 'NONE', #4999, 1000.000000000000000 ) ;
#3376 = UNCERTAINTY_MEASURE_WITH_UNIT (LENGTH_MEASURE( 1.000000000000000082E-05 ), #6163, 'distance_accuracy_value', 'NONE');
#3377 = CARTESIAN_POINT ( 'NONE',  ( 3.616682957166871493, 0.8479693318753206421, 3.100000000000053824 ) ) ;
#3378 = DIRECTION ( 'NONE',  ( 0.0000000000000000000, 0.0000000000000000000, 1.000000000000000000 ) ) ;
#3379 = CYLINDRICAL_SURFACE ( 'NONE', #4341, 0.8999999999999998002 ) ;
#3380 = CARTESIAN_POINT ( 'NONE',  ( 4.639685399336809013, -4.818077335597333644, 3.199999999999999734 ) ) ;
#3381 = CARTESIAN_POINT ( 'NONE',  ( 1.538881060897523412, 6.156522020678422358, 3.100000000000000977 ) ) ;
#3382 = EDGE_LOOP ( 'NONE', ( #5222, #9304, #393, #5601 ) ) ;
#3383 = ORIENTED_EDGE ( 'NONE', *, *, #5863, .T. ) ;
#3384 = STYLED_ITEM ( 'NONE', ( #8322 ), #2988 ) ;
#3385 = DIRECTION ( 'NONE',  ( 0.0000000000000000000, 0.0000000000000000000, -1.000000000000000000 ) ) ;
#3386 = DIRECTION ( 'NONE',  ( -0.001481479855715860973, 0.9999989026081164134, 0.0000000000000000000 ) ) ;
#3387 = ORIENTED_EDGE ( 'NONE', *, *, #2870, .F. ) ;
#3388 =( LENGTH_UNIT ( ) NAMED_UNIT ( * ) SI_UNIT ( .MILLI., .METRE. ) );
#3389 = CARTESIAN_POINT ( 'NONE',  ( -5.708105885491221443, 7.078735604776313473, 2.000000000000000444 ) ) ;
#3390 = DIRECTION ( 'NONE',  ( -1.000000000000000000, 0.0000000000000000000, -0.0000000000000000000 ) ) ;
#3391 = VERTEX_POINT ( 'NONE', #6874 ) ;
#3392 = CARTESIAN_POINT ( 'NONE',  ( 4.414651520927674433, -6.000440673851963780, 3.200000000000000178 ) ) ;
#3393 = CARTESIAN_POINT ( 'NONE',  ( 3.858354611196999517, -6.677804268417474987, 3.100000000000000977 ) ) ;
#3394 = CARTESIAN_POINT ( 'NONE',  ( 4.477390176516555798, 0.3108221212578366477, 3.199999999999999734 ) ) ;
#3395 =( GEOMETRIC_REPRESENTATION_CONTEXT ( 3 ) GLOBAL_UNCERTAINTY_ASSIGNED_CONTEXT ( ( #7393 ) ) GLOBAL_UNIT_ASSIGNED_CONTEXT ( ( #5435, #153, #7177 ) ) REPRESENTATION_CONTEXT ( 'NONE', 'WORKASPACE' ) );
#3396 = ORIENTED_EDGE ( 'NONE', *, *, #843, .T. ) ;
#3397 = DIRECTION ( 'NONE',  ( 0.0000000000000000000, 0.0000000000000000000, -1.000000000000000000 ) ) ;
#3398 = UNCERTAINTY_MEASURE_WITH_UNIT (LENGTH_MEASURE( 1.000000000000000082E-05 ), #6730, 'distance_accuracy_value', 'NONE');
#3399 = CARTESIAN_POINT ( 'NONE',  ( 3.883336646634508060, -1.090324261349988610, 3.199999999999987299 ) ) ;
#3400 = DIRECTION ( 'NONE',  ( 1.000000000000000000, -0.0000000000000000000, 0.0000000000000000000 ) ) ;
#3401 = CIRCLE ( 'NONE', #9103, 0.2500000000000002220 ) ;
#3402 = CIRCLE ( 'NONE', #1815, 0.5000000000000004441 ) ;
#3403 = CARTESIAN_POINT ( 'NONE',  ( -6.337122846746489735, 5.459950475304171214, 1.200000000000000178 ) ) ;
#3404 = PRESENTATION_STYLE_ASSIGNMENT (( #7348 ) ) ;
#3405 = SURFACE_STYLE_USAGE ( .BOTH. , #324 ) ;
#3406 = CARTESIAN_POINT ( 'NONE',  ( 3.063335129396779877, -4.914441141544138247, 3.200000000000297717 ) ) ;
#3407 = DIRECTION ( 'NONE',  ( 1.000000000000000000, 1.239088197126290817E-16, 0.0000000000000000000 ) ) ;
#3408 = ORIENTED_EDGE ( 'NONE', *, *, #8410, .F. ) ;
#3409 = AXIS2_PLACEMENT_3D ( 'NONE', #2966, #551, #8472 ) ;
#3410 = COLOUR_RGB ( '',1.000000000000000000, 1.000000000000000000, 0.0000000000000000000 ) ;
#3411 = EDGE_CURVE ( 'NONE', #7592, #6228, #6107, .T. ) ;
#3412 = CARTESIAN_POINT ( 'NONE',  ( 4.721175254456713155, -4.509979892026461989, 3.100000000000000089 ) ) ;
#3413 = ADVANCED_FACE ( 'NONE', ( #43 ), #8113, .T. ) ;
#3414 = AXIS2_PLACEMENT_3D ( 'NONE', #2916, #3729, #9135 ) ;
#3415 = CARTESIAN_POINT ( 'NONE',  ( 4.123774475881750057, -6.351553020287748375, 3.100000000000000977 ) ) ;
#3416 = VECTOR ( 'NONE', #1759, 1000.000000000000000 ) ;
#3417 = CARTESIAN_POINT ( 'NONE',  ( 3.611340877344484390, -1.433722409853999125, 3.200000000000002842 ) ) ;
#3418 = CARTESIAN_POINT ( 'NONE',  ( 2.860455788836431701, -2.241591672793213696, 3.200000000000000622 ) ) ;
#3419 = DIRECTION ( 'NONE',  ( 0.0000000000000000000, -1.000000000000000000, -5.558367883737288544E-13 ) ) ;
#3420 = ORIENTED_EDGE ( 'NONE', *, *, #214, .F. ) ;
#3421 = CARTESIAN_POINT ( 'NONE',  ( 2.919758980692532813, -1.582568232467511882, 3.200000000000000178 ) ) ;
#3422 = ORIENTED_EDGE ( 'NONE', *, *, #4992, .T. ) ;
#3423 = MECHANICAL_DESIGN_GEOMETRIC_PRESENTATION_REPRESENTATION (  '', ( #4576 ), #9627 ) ;
#3424 = EDGE_CURVE ( 'NONE', #1834, #592, #2337, .T. ) ;
#3425 = CARTESIAN_POINT ( 'NONE',  ( 3.475336251765485773, -1.756018921430095192, 3.200000000000000178 ) ) ;
#3426 = EDGE_CURVE ( 'NONE', #8529, #9306, #4718, .T. ) ;
#3427 = DIRECTION ( 'NONE',  ( 0.3565274814824924143, -0.9342848360900176674, 0.0000000000000000000 ) ) ;
#3428 = EDGE_CURVE ( 'NONE', #4612, #650, #970, .T. ) ;
#3429 = CARTESIAN_POINT ( 'NONE',  ( -5.694929958533820447, 6.820462724888161077, 2.000000000000000444 ) ) ;
#3430 =( GEOMETRIC_REPRESENTATION_CONTEXT ( 3 ) GLOBAL_UNCERTAINTY_ASSIGNED_CONTEXT ( ( #55 ) ) GLOBAL_UNIT_ASSIGNED_CONTEXT ( ( #9765, #3701, #3598 ) ) REPRESENTATION_CONTEXT ( 'NONE', 'WORKASPACE' ) );
#3431 = FACE_OUTER_BOUND ( 'NONE', #8608, .T. ) ;
#3432 = CARTESIAN_POINT ( 'NONE',  ( 4.655066806004994895, -4.789396806494265135, 3.200000000000000622 ) ) ;
#3433 = CARTESIAN_POINT ( 'NONE',  ( 2.862279301058648695, -2.223020016672135224, 3.200000000000006395 ) ) ;
#3434 = VECTOR ( 'NONE', #2472, 1000.000000000000000 ) ;
#3435 = ORIENTED_EDGE ( 'NONE', *, *, #9289, .T. ) ;
#3436 = ORIENTED_EDGE ( 'NONE', *, *, #2809, .T. ) ;
#3437 = FILL_AREA_STYLE_COLOUR ( '', #3853 ) ;
#3438 = CARTESIAN_POINT ( 'NONE',  ( 4.675054585909970584, -4.429404409011016952, 3.100000000000632028 ) ) ;
#3439 = ORIENTED_EDGE ( 'NONE', *, *, #4556, .F. ) ;
#3440 = AXIS2_PLACEMENT_3D ( 'NONE', #4991, #3400, #6543 ) ;
#3441 = CARTESIAN_POINT ( 'NONE',  ( -3.863456347835710680, 7.212483015062536751, 1.999999999999999556 ) ) ;
#3442 = CARTESIAN_POINT ( 'NONE',  ( 8.000000000000000000, 5.000000000000000000, 0.0000000000000000000 ) ) ;
#3443 = CARTESIAN_POINT ( 'NONE',  ( 4.454078357353218998, -0.1845883744089346357, 3.099999999999910383 ) ) ;
#3444 = ORIENTED_EDGE ( 'NONE', *, *, #2068, .T. ) ;
#3445 = CARTESIAN_POINT ( 'NONE',  ( 3.137352647051763643, -5.297905389636225593, 3.150000000000000799 ) ) ;
#3446 = CARTESIAN_POINT ( 'NONE',  ( 3.234626779371796879, -1.154138825265902391, 3.199999999999997069 ) ) ;
#3447 = PRESENTATION_STYLE_ASSIGNMENT (( #1283 ) ) ;
#3448 = ORIENTED_EDGE ( 'NONE', *, *, #7866, .F. ) ;
#3449 = FILL_AREA_STYLE ('',( #4378 ) ) ;
#3450 = DIRECTION ( 'NONE',  ( 0.0000000000000000000, 0.0000000000000000000, 1.000000000000000000 ) ) ;
#3451 = CARTESIAN_POINT ( 'NONE',  ( 2.506206775549459032, 4.851300258385033537, 3.200000000000000178 ) ) ;
#3452 = CARTESIAN_POINT ( 'NONE',  ( 2.766368594624921240, 0.7530506896931947747, 3.100000000000043610 ) ) ;
#3453 = VECTOR ( 'NONE', #2546, 1000.000000000000000 ) ;
#3454 = CARTESIAN_POINT ( 'NONE',  ( -5.011792873543974736, 6.820462724888163741, 2.000000000000000000 ) ) ;
#3455 = LINE ( 'NONE', #8106, #5331 ) ;
#3456 =( NAMED_UNIT ( * ) SI_UNIT ( $, .STERADIAN. ) SOLID_ANGLE_UNIT ( ) );
#3457 = FILL_AREA_STYLE_COLOUR ( '', #8531 ) ;
#3458 = CARTESIAN_POINT ( 'NONE',  ( 4.597161103527956705, -4.586660878441447764, 3.199999999999996181 ) ) ;
#3459 = CARTESIAN_POINT ( 'NONE',  ( -8.000000000000000000, 7.500000000000000888, 2.200000000000000178 ) ) ;
#3460 = ORIENTED_EDGE ( 'NONE', *, *, #5370, .T. ) ;
#3461 = MECHANICAL_DESIGN_GEOMETRIC_PRESENTATION_REPRESENTATION (  '', ( #1874 ), #7548 ) ;
#3462 = CARTESIAN_POINT ( 'NONE',  ( 4.415269548251669285, -6.019226716752346995, 3.200000000000000178 ) ) ;
#3463 = ORIENTED_EDGE ( 'NONE', *, *, #2394, .T. ) ;
#3464 = CARTESIAN_POINT ( 'NONE',  ( -2.000000000000000888, 5.200000000000001066, 1.200000000000000178 ) ) ;
#3465 = DIRECTION ( 'NONE',  ( -0.0000000000000000000, -0.0000000000000000000, -1.000000000000000000 ) ) ;
#3466 = CARTESIAN_POINT ( 'NONE',  ( 3.854912104464056188, 0.3172266791225910598, 3.100000000000000977 ) ) ;
#3467 = CARTESIAN_POINT ( 'NONE',  ( -5.861792873543974380, 6.820462724888163741, 1.200000000000000178 ) ) ;
#3468 = CARTESIAN_POINT ( 'NONE',  ( 4.726053944670487894, 1.611330718774915516, 3.100000000000000977 ) ) ;
#3469 = CARTESIAN_POINT ( 'NONE',  ( 2.908191271703284730, -2.315005992107765920, 3.200000000000004174 ) ) ;
#3470 = SURFACE_STYLE_FILL_AREA ( #1833 ) ;
#3471 = ORIENTED_EDGE ( 'NONE', *, *, #6309, .T. ) ;
#3472 = EDGE_CURVE ( 'NONE', #4404, #2854, #919, .T. ) ;
#3473 = FACE_OUTER_BOUND ( 'NONE', #520, .T. ) ;
#3474 = VERTEX_POINT ( 'NONE', #8694 ) ;
#3475 = AXIS2_PLACEMENT_3D ( 'NONE', #754, #2379, #1578 ) ;
#3476 = CARTESIAN_POINT ( 'NONE',  ( 4.546684312060111033, -5.158782473900300758, 3.200000000000001066 ) ) ;
#3477 = DIRECTION ( 'NONE',  ( 0.0000000000000000000, 0.0000000000000000000, 1.000000000000000000 ) ) ;
#3478 = DIRECTION ( 'NONE',  ( -0.0000000000000000000, -0.0000000000000000000, -1.000000000000000000 ) ) ;
#3479 = FACE_OUTER_BOUND ( 'NONE', #4281, .T. ) ;
#3480 = CARTESIAN_POINT ( 'NONE',  ( 4.055073797636440602, -1.295507345878516237, 3.100000000000000533 ) ) ;
#3481 = FILL_AREA_STYLE_COLOUR ( '', #6979 ) ;
#3482 = CARTESIAN_POINT ( 'NONE',  ( 3.867272384408443564, -2.154197495321063638, 3.100000000000000977 ) ) ;
#3483 = AXIS2_PLACEMENT_3D ( 'NONE', #3995, #7112, #5627 ) ;
#3484 = VERTEX_POINT ( 'NONE', #8744 ) ;
#3485 = ADVANCED_FACE ( 'NONE', ( #248 ), #8840, .T. ) ;
#3486 = VERTEX_POINT ( 'NONE', #4972 ) ;
#3487 = CARTESIAN_POINT ( 'NONE',  ( 3.836060178168390067, -1.406442211541495624, 3.100000000000000977 ) ) ;
#3488 = EDGE_CURVE ( 'NONE', #7354, #6669, #8931, .T. ) ;
#3489 = CARTESIAN_POINT ( 'NONE',  ( 4.670317862098963602, 1.611330718774915516, 3.100000000000805223 ) ) ;
#3490 = ORIENTED_EDGE ( 'NONE', *, *, #8591, .F. ) ;
#3491 = EDGE_CURVE ( 'NONE', #880, #4359, #4395, .T. ) ;
#3492 = FACE_OUTER_BOUND ( 'NONE', #9971, .T. ) ;
#3493 = DIRECTION ( 'NONE',  ( 1.000000000000000000, 0.0000000000000000000, -0.0000000000000000000 ) ) ;
#3494 = CARTESIAN_POINT ( 'NONE',  ( -8.000000000000000000, -3.000000000000000000, 0.0000000000000000000 ) ) ;
#3495 = LINE ( 'NONE', #8814, #2636 ) ;
#3496 = CARTESIAN_POINT ( 'NONE',  ( 4.166463675652384957, -0.2676440968763069139, 3.099999999997808953 ) ) ;
#3497 = ORIENTED_EDGE ( 'NONE', *, *, #2688, .T. ) ;
#3498 = CARTESIAN_POINT ( 'NONE',  ( 3.474033056533075481, -6.393182208568711999, 3.099999999999949019 ) ) ;
#3499 = CARTESIAN_POINT ( 'NONE',  ( 3.858354611196999517, -6.677804268417474987, 3.200000000000000178 ) ) ;
#3500 = CARTESIAN_POINT ( 'NONE',  ( 7.500000000000000000, -1.000000000000000000, 2.200000000000000178 ) ) ;
#3501 = ORIENTED_EDGE ( 'NONE', *, *, #8302, .F. ) ;
#3502 = EDGE_CURVE ( 'NONE', #9999, #2890, #8984, .T. ) ;
#3503 = CARTESIAN_POINT ( 'NONE',  ( 4.021549860966421974, -1.564286797384051964, 3.200000000000000178 ) ) ;
#3504 = UNCERTAINTY_MEASURE_WITH_UNIT (LENGTH_MEASURE( 1.000000000000000082E-05 ), #9431, 'distance_accuracy_value', 'NONE');
#3505 = CARTESIAN_POINT ( 'NONE',  ( 4.123244284949359795, -1.523186062761744619, 3.199999999999987743 ) ) ;
#3506 = CARTESIAN_POINT ( 'NONE',  ( 3.021462218490482243, -4.911863882908523493, 3.200000000000000622 ) ) ;
#3507 = CARTESIAN_POINT ( 'NONE',  ( 2.939047156304706920, 0.8442506682683627028, 3.100000000000044054 ) ) ;
#3508 = DIRECTION ( 'NONE',  ( -1.198452811863480798E-13, 2.643415734781198233E-14, 1.000000000000000000 ) ) ;
#3509 = CARTESIAN_POINT ( 'NONE',  ( 4.627520563075052884, 0.001502681311058898326, 3.199999999999998845 ) ) ;
#3510 = CARTESIAN_POINT ( 'NONE',  ( 2.744970625748234028, -0.5877921551671416722, 3.200000000000000178 ) ) ;
#3511 = DIRECTION ( 'NONE',  ( -0.0000000000000000000, -0.0000000000000000000, -1.000000000000000000 ) ) ;
#3512 = CARTESIAN_POINT ( 'NONE',  ( 3.700511024948626826, -4.521857379677981292, 3.199999999999998401 ) ) ;
#3513 = CARTESIAN_POINT ( 'NONE',  ( -8.000000000000000000, 0.5000000000000004441, 0.0000000000000000000 ) ) ;
#3514 = ORIENTED_EDGE ( 'NONE', *, *, #4553, .F. ) ;
#3515 = LINE ( 'NONE', #2054, #7241 ) ;
#3516 = ORIENTED_EDGE ( 'NONE', *, *, #3066, .T. ) ;
#3517 =( NAMED_UNIT ( * ) SI_UNIT ( $, .STERADIAN. ) SOLID_ANGLE_UNIT ( ) );
#3518 = VECTOR ( 'NONE', #9477, 1000.000000000000000 ) ;
#3519 = DIRECTION ( 'NONE',  ( -1.334402673828313093E-16, 1.000000000000000000, 0.0000000000000000000 ) ) ;
#3520 =( NAMED_UNIT ( * ) PLANE_ANGLE_UNIT ( ) SI_UNIT ( $, .RADIAN. ) );
#3521 = DIRECTION ( 'NONE',  ( -0.0000000000000000000, -0.0000000000000000000, -1.000000000000000000 ) ) ;
#3522 = CARTESIAN_POINT ( 'NONE',  ( 3.914090693768523810, -1.364082788787137179, 3.100000000000000977 ) ) ;
#3523 = CARTESIAN_POINT ( 'NONE',  ( 4.580150227923904360, -0.06873004423787307249, 3.199999999999989519 ) ) ;
#3524 = ORIENTED_EDGE ( 'NONE', *, *, #5492, .T. ) ;
#3525 = VECTOR ( 'NONE', #766, 1000.000000000000000 ) ;
#3526 = ORIENTED_EDGE ( 'NONE', *, *, #4943, .F. ) ;
#3527 = CARTESIAN_POINT ( 'NONE',  ( 4.507188239288797860, -5.188393862647624033, 3.199999999999999734 ) ) ;
#3528 = CARTESIAN_POINT ( 'NONE',  ( 2.933135640509699105, -4.553271326480662573, 3.200000000000000178 ) ) ;
#3529 = VECTOR ( 'NONE', #8619, 1000.000000000000000 ) ;
#3530 = CARTESIAN_POINT ( 'NONE',  ( 2.928601582357002187, -1.522607535994789485, 3.200000000000000178 ) ) ;
#3531 = LINE ( 'NONE', #448, #9707 ) ;
#3532 = CARTESIAN_POINT ( 'NONE',  ( 3.422611393691210591, -6.347703351741762923, 3.100000000000000977 ) ) ;
#3533 = CARTESIAN_POINT ( 'NONE',  ( 4.670208742637256272, 1.589765862111012451, 3.199999999999995737 ) ) ;
#3534 = ORIENTED_EDGE ( 'NONE', *, *, #3870, .F. ) ;
#3535 = ORIENTED_EDGE ( 'NONE', *, *, #8965, .F. ) ;
#3536 = FACE_OUTER_BOUND ( 'NONE', #6727, .T. ) ;
#3537 = FACE_OUTER_BOUND ( 'NONE', #3772, .T. ) ;
#3538 = ORIENTED_EDGE ( 'NONE', *, *, #4268, .F. ) ;
#3539 = CARTESIAN_POINT ( 'NONE',  ( 8.000000000000000000, -8.500000000000000000, 1.000000000000000000 ) ) ;
#3540 = CARTESIAN_POINT ( 'NONE',  ( 3.418648069071772877, -6.123333763472460944, 3.100000000000556089 ) ) ;
#3541 = CARTESIAN_POINT ( 'NONE',  ( -3.781792873543973865, 6.820462724888164630, 2.000000000000000000 ) ) ;
#3542 = AXIS2_PLACEMENT_3D ( 'NONE', #623, #6062, #3804 ) ;
#3543 = EDGE_CURVE ( 'NONE', #1247, #9759, #2584, .T. ) ;
#3544 = B_SPLINE_SURFACE_WITH_KNOTS ( 'NONE', 3, 1, ( 
 ( #4381, #4993 ),
 ( #9824, #8104 ),
 ( #376, #1131 ),
 ( #7493, #6592 ),
 ( #529, #7345 ),
 ( #3613, #2095 ),
 ( #5198, #8312 ),
 ( #9684, #7480 ),
 ( #1943, #9673 ),
 ( #2140, #5029 ),
 ( #5843, #8142 ),
 ( #3546, #8948 ),
 ( #1178, #3656 ),
 ( #4228, #2684 ),
 ( #4276, #1231 ),
 ( #4323, #9868 ),
 ( #2835, #3599 ),
 ( #2889, #8195 ),
 ( #4370, #1993 ) ),
 .UNSPECIFIED., .F., .F., .F.,
 ( 4, 1, 1, 1, 1, 1, 1, 1, 1, 1, 1, 1, 1, 1, 1, 1, 4 ),
 ( 2, 2 ),
 ( 0.0000000000000000000, 0.09123023453039447173, 0.1738962465534165114, 0.2480185662332162477, 0.3136257448438122819, 0.3698035922514317786, 0.4163992546489491131, 0.4559777488347441232, 0.4865221997319493230, 0.5412565527367475537, 0.5979243325073589910, 0.6586539403221023381, 0.7247769959415123475, 0.7934716268894266289, 0.8610505720419922016, 0.9290373395244249100, 1.000000000000000000 ),
 ( 0.0000000000000000000, 1.000000000000000000 ),
 .UNSPECIFIED. ) ;
#3545 = EDGE_CURVE ( 'NONE', #4445, #4106, #348, .T. ) ;
#3546 = CARTESIAN_POINT ( 'NONE',  ( 3.957776510590623964, -1.713362240356023358, 3.100000000000000977 ) ) ;
#3547 = CARTESIAN_POINT ( 'NONE',  ( 4.401892182724840730, -5.910078060448809900, 3.100000000000000977 ) ) ;
#3548 = CARTESIAN_POINT ( 'NONE',  ( -7.200000000000001066, 5.199999999999999289, 1.000000000000000000 ) ) ;
#3549 = ORIENTED_EDGE ( 'NONE', *, *, #8242, .T. ) ;
#3550 = DIRECTION ( 'NONE',  ( -0.0000000000000000000, 1.000000000000000000, 0.0000000000000000000 ) ) ;
#3551 = ORIENTED_EDGE ( 'NONE', *, *, #285, .T. ) ;
#3552 = STYLED_ITEM ( 'NONE', ( #5364 ), #2671 ) ;
#3553 =( LENGTH_UNIT ( ) NAMED_UNIT ( * ) SI_UNIT ( .MILLI., .METRE. ) );
#3554 = EDGE_CURVE ( 'NONE', #7132, #254, #8231, .T. ) ;
#3555 = CARTESIAN_POINT ( 'NONE',  ( 4.084182836027210328, -1.367264825052097121, 3.199999999999986855 ) ) ;
#3556 = DIRECTION ( 'NONE',  ( 1.000000000000000000, 0.0000000000000000000, 0.0000000000000000000 ) ) ;
#3557 = CARTESIAN_POINT ( 'NONE',  ( 2.747769536275258773, 0.6774968512657483233, 3.100000000000043610 ) ) ;
#3558 = FACE_OUTER_BOUND ( 'NONE', #8556, .T. ) ;
#3559 = ADVANCED_FACE ( 'NONE', ( #3479 ), #1112, .T. ) ;
#3560 = ADVANCED_FACE ( 'NONE', ( #7622, #745, #5994 ), #4605, .F. ) ;
#3561 = CARTESIAN_POINT ( 'NONE',  ( 4.727303990631562591, 0.5755167084802330635, 3.100000000000000977 ) ) ;
#3562 = PRESENTATION_STYLE_ASSIGNMENT (( #1351 ) ) ;
#3563 = SURFACE_STYLE_USAGE ( .BOTH. , #1294 ) ;
#3564 = AXIS2_PLACEMENT_3D ( 'NONE', #3659, #470, #9052 ) ;
#3565 = CARTESIAN_POINT ( 'NONE',  ( 4.397596957851654054, -4.535713956616392650, 3.199999999999997513 ) ) ;
#3566 = ORIENTED_EDGE ( 'NONE', *, *, #6063, .F. ) ;
#3567 = DIRECTION ( 'NONE',  ( 0.0000000000000000000, 0.0000000000000000000, 1.000000000000000000 ) ) ;
#3568 = VERTEX_POINT ( 'NONE', #9994 ) ;
#3569 = CARTESIAN_POINT ( 'NONE',  ( 2.991248738379135741, -1.741170889233107255, 3.100000000000009859 ) ) ;
#3570 = PRESENTATION_LAYER_ASSIGNMENT (  '', '', ( #5034 ) ) ;
#3571 = CARTESIAN_POINT ( 'NONE',  ( 6.800000000000001599, -7.800000000000000711, 3.199999999999999734 ) ) ;
#3572 = CARTESIAN_POINT ( 'NONE',  ( 4.401787745605671986, -6.119573770063328588, 3.100000000000000977 ) ) ;
#3573 = CARTESIAN_POINT ( 'NONE',  ( 2.854866390392821973, -0.3895252682335951788, 3.200000000000001066 ) ) ;
#3574 = CARTESIAN_POINT ( 'NONE',  ( -4.516580717712307624, 5.863466188467054252, 2.000000000000000000 ) ) ;
#3575 = CARTESIAN_POINT ( 'NONE',  ( 3.082157543590724025, -6.529468419982971561, 3.200000000000004619 ) ) ;
#3576 = CARTESIAN_POINT ( 'NONE',  ( -4.511792873543972959, 7.320462724888168182, 1.920000000000000151 ) ) ;
#3577 = ORIENTED_EDGE ( 'NONE', *, *, #1477, .T. ) ;
#3578 = DIRECTION ( 'NONE',  ( -0.9999994563336720432, -0.001042752300659719215, 0.0000000000000000000 ) ) ;
#3579 = DIRECTION ( 'NONE',  ( -1.000000000000000000, 0.0000000000000000000, 0.0000000000000000000 ) ) ;
#3580 = VERTEX_POINT ( 'NONE', #6712 ) ;
#3581 = LINE ( 'NONE', #1158, #7018 ) ;
#3582 = DIRECTION ( 'NONE',  ( -0.0000000000000000000, -0.0000000000000000000, -1.000000000000000000 ) ) ;
#3583 = VECTOR ( 'NONE', #1754, 1000.000000000000000 ) ;
#3584 = MECHANICAL_DESIGN_GEOMETRIC_PRESENTATION_REPRESENTATION (  '', ( #2299 ), #8004 ) ;
#3585 = CARTESIAN_POINT ( 'NONE',  ( -3.781792873543973865, 8.780462724888165482, 2.000000000000000444 ) ) ;
#3586 = FILL_AREA_STYLE_COLOUR ( '', #2233 ) ;
#3587 = CARTESIAN_POINT ( 'NONE',  ( 3.474033056533075037, -6.393182208568711999, 3.100000000000000977 ) ) ;
#3588 =( NAMED_UNIT ( * ) PLANE_ANGLE_UNIT ( ) SI_UNIT ( $, .RADIAN. ) );
#3589 = CARTESIAN_POINT ( 'NONE',  ( -8.000000000000000000, -1.500000000000000888, 1.000000000000000000 ) ) ;
#3590 = ORIENTED_EDGE ( 'NONE', *, *, #9993, .F. ) ;
#3591 = MECHANICAL_DESIGN_GEOMETRIC_PRESENTATION_REPRESENTATION (  '', ( #8330 ), #1169 ) ;
#3592 = CARTESIAN_POINT ( 'NONE',  ( 8.000000000000000000, 5.000000000000000000, 2.200000000000000178 ) ) ;
#3593 = EDGE_LOOP ( 'NONE', ( #6527, #6880, #1528, #4218 ) ) ;
#3594 = SURFACE_STYLE_USAGE ( .BOTH. , #5840 ) ;
#3595 = CARTESIAN_POINT ( 'NONE',  ( 2.762294244009007471, -4.667669785652514669, 3.100000000000145750 ) ) ;
#3596 = VECTOR ( 'NONE', #3597, 1000.000000000000000 ) ;
#3597 = DIRECTION ( 'NONE',  ( 0.0000000000000000000, -0.0000000000000000000, -1.000000000000000000 ) ) ;
#3598 =( NAMED_UNIT ( * ) SI_UNIT ( $, .STERADIAN. ) SOLID_ANGLE_UNIT ( ) );
#3599 = CARTESIAN_POINT ( 'NONE',  ( 4.020698076755182981, -1.593397644912315503, 3.199999999999999289 ) ) ;
#3600 = ORIENTED_EDGE ( 'NONE', *, *, #1471, .F. ) ;
#3601 = CARTESIAN_POINT ( 'NONE',  ( 4.383363744344535462, -5.859819749573286884, 3.200000000000000178 ) ) ;
#3602 = CARTESIAN_POINT ( 'NONE',  ( 4.616645561045753965, 0.6316189958068797461, 3.099999999999996536 ) ) ;
#3603 = ORIENTED_EDGE ( 'NONE', *, *, #2800, .T. ) ;
#3604 = DIRECTION ( 'NONE',  ( -0.0000000000000000000, -0.0000000000000000000, -1.000000000000000000 ) ) ;
#3605 = MECHANICAL_DESIGN_GEOMETRIC_PRESENTATION_REPRESENTATION (  '', ( #543 ), #5237 ) ;
#3606 = EDGE_CURVE ( 'NONE', #7434, #5423, #4506, .T. ) ;
#3607 = ORIENTED_EDGE ( 'NONE', *, *, #4069, .F. ) ;
#3608 = STYLED_ITEM ( 'NONE', ( #8621 ), #7491 ) ;
#3609 = CARTESIAN_POINT ( 'NONE',  ( 2.802490262962046508, -4.842653067192014937, 3.200000000000000178 ) ) ;
#3610 = EDGE_CURVE ( 'NONE', #1694, #8138, #1423, .T. ) ;
#3611 = CARTESIAN_POINT ( 'NONE',  ( 3.846435903003639467, -6.671016601447395722, 3.199999999999997513 ) ) ;
#3612 = CARTESIAN_POINT ( 'NONE',  ( 2.667385998808671665, -2.028456893039705111, 3.200000000000000178 ) ) ;
#3613 = CARTESIAN_POINT ( 'NONE',  ( 3.846382982847013299, -1.751544575814472315, 3.100000000000000533 ) ) ;
#3614 = CARTESIAN_POINT ( 'NONE',  ( 4.617703000151444748, 0.6887870800510477176, 3.200000000000032596 ) ) ;
#3615 = CARTESIAN_POINT ( 'NONE',  ( 4.690408396428963123, 0.1688390286649694150, 3.199999999999998401 ) ) ;
#3616 = VECTOR ( 'NONE', #8910, 1000.000000000000000 ) ;
#3617 = CARTESIAN_POINT ( 'NONE',  ( 2.911656349946383671, -4.263258096711371792, 3.100000000000647127 ) ) ;
#3618 = LINE ( 'NONE', #380, #4039 ) ;
#3619 = CARTESIAN_POINT ( 'NONE',  ( 3.545935232787338798, -4.522077739676891639, 3.100000000000000977 ) ) ;
#3620 = EDGE_CURVE ( 'NONE', #2771, #3721, #7720, .T. ) ;
#3621 = CARTESIAN_POINT ( 'NONE',  ( 2.795801933053463806, -0.4451077837840397566, 3.099999999997471889 ) ) ;
#3622 = VERTEX_POINT ( 'NONE', #5936 ) ;
#3623 = CARTESIAN_POINT ( 'NONE',  ( 4.335425805669339994, -6.234306844752435239, 3.200000000000000178 ) ) ;
#3624 = VERTEX_POINT ( 'NONE', #5226 ) ;
#3625 = EDGE_CURVE ( 'NONE', #7605, #4895, #4878, .T. ) ;
#3626 = EDGE_CURVE ( 'NONE', #8138, #5254, #7981, .T. ) ;
#3627 = AXIS2_PLACEMENT_3D ( 'NONE', #308, #3346, #1939 ) ;
#3628 = CARTESIAN_POINT ( 'NONE',  ( 8.000000000000000000, 4.499999999999999112, 2.200000000000000178 ) ) ;
#3629 = CARTESIAN_POINT ( 'NONE',  ( 3.550691435402186347, -3.690006489136672840, 3.100000000000000977 ) ) ;
#3630 = CARTESIAN_POINT ( 'NONE',  ( 4.375106062710619526, -6.179662245097007123, 3.200000000000000622 ) ) ;
#3631 = CARTESIAN_POINT ( 'NONE',  ( -4.193812598465019192, 6.016672439047794363, 2.000000000000000000 ) ) ;
#3632 = CARTESIAN_POINT ( 'NONE',  ( 8.000000000000000000, 7.500000000000002665, 0.0000000000000000000 ) ) ;
#3633 = VECTOR ( 'NONE', #7248, 1000.000000000000000 ) ;
#3634 = LINE ( 'NONE', #6755, #9017 ) ;
#3635 = LINE ( 'NONE', #6757, #1127 ) ;
#3636 = CARTESIAN_POINT ( 'NONE',  ( 3.004031937540677433, -1.756910698751239508, 3.200000000000000178 ) ) ;
#3637 = ORIENTED_EDGE ( 'NONE', *, *, #4446, .T. ) ;
#3638 = LINE ( 'NONE', #6763, #1003 ) ;
#3639 = FACE_OUTER_BOUND ( 'NONE', #7099, .T. ) ;
#3640 = CARTESIAN_POINT ( 'NONE',  ( 3.825579334200544412, -1.415070321251965746, 3.200000000000004619 ) ) ;
#3641 = CARTESIAN_POINT ( 'NONE',  ( 3.244983116911990706, -4.121388259460122327, 3.100000000000000977 ) ) ;
#3642 = CARTESIAN_POINT ( 'NONE',  ( 3.725644650923897849, 0.6652649810004314102, 3.199999999999999289 ) ) ;
#3643 = CARTESIAN_POINT ( 'NONE',  ( 3.744961782180005194, -6.608285416843076021, 3.100000000000000977 ) ) ;
#3644 = VERTEX_POINT ( 'NONE', #1774 ) ;
#3645 = EDGE_LOOP ( 'NONE', ( #7642, #1533, #3972, #2118 ) ) ;
#3646 =( GEOMETRIC_REPRESENTATION_CONTEXT ( 3 ) GLOBAL_UNCERTAINTY_ASSIGNED_CONTEXT ( ( #8501 ) ) GLOBAL_UNIT_ASSIGNED_CONTEXT ( ( #9434, #1062, #1829 ) ) REPRESENTATION_CONTEXT ( 'NONE', 'WORKASPACE' ) );
#3647 = SURFACE_SIDE_STYLE ('',( #614 ) ) ;
#3648 = PRESENTATION_STYLE_ASSIGNMENT (( #565 ) ) ;
#3649 = ORIENTED_EDGE ( 'NONE', *, *, #3937, .F. ) ;
#3650 = DIRECTION ( 'NONE',  ( -0.0000000000000000000, 0.0000000000000000000, 1.000000000000000000 ) ) ;
#3651 = FILL_AREA_STYLE_COLOUR ( '', #6891 ) ;
#3652 = CARTESIAN_POINT ( 'NONE',  ( 4.311750295402741351, -4.164850196447900998, 3.100000000000000977 ) ) ;
#3653 = VECTOR ( 'NONE', #9797, 1000.000000000000000 ) ;
#3654 = CARTESIAN_POINT ( 'NONE',  ( 3.784138128997418082, 0.3994040974076238926, 3.199999999999996181 ) ) ;
#3655 = CARTESIAN_POINT ( 'NONE',  ( 3.761331165829289169, -2.170497302775022952, 3.099999999999607070 ) ) ;
#3656 = CARTESIAN_POINT ( 'NONE',  ( 3.975230001505949406, -1.694719956753911960, 3.199999999999999734 ) ) ;
#3657 = CARTESIAN_POINT ( 'NONE',  ( 4.727837499312776082, 0.6629255377378605596, 3.200000000000000178 ) ) ;
#3658 = CARTESIAN_POINT ( 'NONE',  ( 4.577759262558592113, -4.317244286161132649, 3.200000000000009059 ) ) ;
#3659 = CARTESIAN_POINT ( 'NONE',  ( -3.186462900341459292, 5.459950475304171214, 1.200000000000000178 ) ) ;
#3660 = ORIENTED_EDGE ( 'NONE', *, *, #6491, .T. ) ;
#3661 = B_SPLINE_CURVE_WITH_KNOTS ( 'NONE', 3,
 ( #7040, #54, #7090, #2444, #6275, #9354, #2396, #5545, #4824, #112, #3194, #4779, #928, #6377, #9460, #2495, #5597, #8706, #1748 ),
 .UNSPECIFIED., .F., .F.,
 ( 4, 1, 1, 1, 1, 1, 1, 1, 1, 1, 1, 1, 1, 1, 1, 1, 4 ),
 ( 0.0000000000000000000, 5.355633061951492680E-05, 0.0001055303080200595191, 0.0001563246570637377047, 0.0002061981149312767827, 0.0002551556133045159163, 0.0003040584591704424537, 0.0003525279968758203842, 0.0004014794257614601007, 0.0004499080781472837316, 0.0004964725042682416106, 0.0005414574266141013214, 0.0005861707210649321625, 0.0006300861183109724263, 0.0006733883005133259455, 0.0007168890181747978891, 0.0007609867171489515057 ),
 .UNSPECIFIED. ) ;
#3662 = CARTESIAN_POINT ( 'NONE',  ( 2.678943260419953454, -2.125198982787244617, 3.199999999999996181 ) ) ;
#3663 = SURFACE_SIDE_STYLE ('',( #5961 ) ) ;
#3664 = CARTESIAN_POINT ( 'NONE',  ( 4.148002663810291146, -0.2673160378058381248, 3.099999999999994316 ) ) ;
#3665 = CARTESIAN_POINT ( 'NONE',  ( 4.454078357353218998, -0.1845883744089346079, 3.100000000000000977 ) ) ;
#3666 = ORIENTED_EDGE ( 'NONE', *, *, #6175, .F. ) ;
#3667 = CARTESIAN_POINT ( 'NONE',  ( 3.977406883569775786, -1.403320990917490185, 3.100000000000000977 ) ) ;
#3668 = FACE_OUTER_BOUND ( 'NONE', #9087, .T. ) ;
#3669 = LINE ( 'NONE', #1297, #4220 ) ;
#3670 = VERTEX_POINT ( 'NONE', #9285 ) ;
#3671 = CARTESIAN_POINT ( 'NONE',  ( 4.659503052115975485, -6.576661359568115373, 3.200000000000002398 ) ) ;
#3672 = ORIENTED_EDGE ( 'NONE', *, *, #3070, .T. ) ;
#3673 = SURFACE_STYLE_USAGE ( .BOTH. , #6605 ) ;
#3674 = EDGE_CURVE ( 'NONE', #5092, #7009, #5626, .T. ) ;
#3675 = FACE_OUTER_BOUND ( 'NONE', #242, .T. ) ;
#3676 = CARTESIAN_POINT ( 'NONE',  ( 2.781195131605416648, 0.7778377014078352580, 3.100000000000000533 ) ) ;
#3677 = EDGE_CURVE ( 'NONE', #8403, #4976, #3942, .T. ) ;
#3678 = CARTESIAN_POINT ( 'NONE',  ( 2.506206775549459032, 4.851300258385033537, 3.200000000000000178 ) ) ;
#3679 = FILL_AREA_STYLE ('',( #2264 ) ) ;
#3680 = EDGE_CURVE ( 'NONE', #3486, #912, #3402, .T. ) ;
#3681 = CARTESIAN_POINT ( 'NONE',  ( -4.544929958533821868, 6.820462724888162853, 2.000000000000000888 ) ) ;
#3682 =( NAMED_UNIT ( * ) SI_UNIT ( $, .STERADIAN. ) SOLID_ANGLE_UNIT ( ) );
#3683 = ORIENTED_EDGE ( 'NONE', *, *, #85, .F. ) ;
#3684 = STYLED_ITEM ( 'NONE', ( #3562 ), #545 ) ;
#3685 = CARTESIAN_POINT ( 'NONE',  ( 3.895954147194124140, -1.365919123770282129, 3.199999999999997069 ) ) ;
#3686 = EDGE_CURVE ( 'NONE', #327, #7170, #3834, .T. ) ;
#3687 = STYLED_ITEM ( 'NONE', ( #2033 ), #1030 ) ;
#3688 = CARTESIAN_POINT ( 'NONE',  ( 3.082157543590724025, -6.529468419982971561, 3.100000000000000977 ) ) ;
#3689 = CARTESIAN_POINT ( 'NONE',  ( 3.722540425514480056, -2.173229369901434449, 3.199999999999999289 ) ) ;
#3690 = EDGE_CURVE ( 'NONE', #4945, #5279, #3219, .T. ) ;
#3691 = ORIENTED_EDGE ( 'NONE', *, *, #2138, .F. ) ;
#3692 = ORIENTED_EDGE ( 'NONE', *, *, #3181, .F. ) ;
#3693 = PRESENTATION_STYLE_ASSIGNMENT (( #6772 ) ) ;
#3694 = ORIENTED_EDGE ( 'NONE', *, *, #1202, .F. ) ;
#3695 = CARTESIAN_POINT ( 'NONE',  ( 2.785006628829730602, -2.292143649297233132, 3.099999999999988987 ) ) ;
#3696 = CIRCLE ( 'NONE', #5162, 0.08000000000000020983 ) ;
#3697 = FACE_BOUND ( 'NONE', #5457, .T. ) ;
#3698 = CARTESIAN_POINT ( 'NONE',  ( 4.450265848015511949, -4.226169883347555611, 3.100000000000000977 ) ) ;
#3699 = CARTESIAN_POINT ( 'NONE',  ( -5.741792873543975162, 6.820462724888162853, 1.920000000000000373 ) ) ;
#3700 = CARTESIAN_POINT ( 'NONE',  ( 3.723696235704197388, 0.7623587090454595483, 3.199999999999999734 ) ) ;
#3701 =( NAMED_UNIT ( * ) PLANE_ANGLE_UNIT ( ) SI_UNIT ( $, .RADIAN. ) );
#3702 = DIRECTION ( 'NONE',  ( -0.0000000000000000000, -0.0000000000000000000, -1.000000000000000000 ) ) ;
#3703 = COLOUR_RGB ( '',0.7529411764705882248, 0.7529411764705882248, 0.7529411764705882248 ) ;
#3704 = CARTESIAN_POINT ( 'NONE',  ( 4.591517052615265548, 0.4803095307866747099, 3.199999999999997069 ) ) ;
#3705 = CARTESIAN_POINT ( 'NONE',  ( 3.931965228429473935, -1.365188219412699189, 3.100000000000000533 ) ) ;
#3706 = FACE_OUTER_BOUND ( 'NONE', #8890, .T. ) ;
#3707 = ORIENTED_EDGE ( 'NONE', *, *, #4498, .F. ) ;
#3708 = PRESENTATION_STYLE_ASSIGNMENT (( #2193 ) ) ;
#3709 = CARTESIAN_POINT ( 'NONE',  ( 3.206953127478586296, -1.459428891134680439, 3.100000000000000977 ) ) ;
#3710 = PRESENTATION_LAYER_ASSIGNMENT (  '', '', ( #8112 ) ) ;
#3711 = CARTESIAN_POINT ( 'NONE',  ( 2.785006628829730602, -2.292143649297233132, 3.100000000000000089 ) ) ;
#3712 = PRESENTATION_STYLE_ASSIGNMENT (( #1396 ) ) ;
#3713 = ORIENTED_EDGE ( 'NONE', *, *, #8065, .T. ) ;
#3714 = CARTESIAN_POINT ( 'NONE',  ( 2.797149818709021574, 0.7980495410614177887, 3.200000000000007283 ) ) ;
#3715 = CARTESIAN_POINT ( 'NONE',  ( 2.886289832522088261, 1.332913236874951890, 3.199999999999999289 ) ) ;
#3716 = CARTESIAN_POINT ( 'NONE',  ( -8.000000000000000000, 4.499999999999999112, 1.000000000000000000 ) ) ;
#3717 = AXIS2_PLACEMENT_3D ( 'NONE', #5985, #9800, #4978 ) ;
#3718 = B_SPLINE_SURFACE_WITH_KNOTS ( 'NONE', 3, 1, ( 
 ( #9518, #8653 ),
 ( #6277, #8604 ),
 ( #2447, #4781 ),
 ( #4019, #167 ),
 ( #6986, #3247 ),
 ( #2497, #4826 ),
 ( #2547, #984 ),
 ( #4073, #7749 ),
 ( #1, #5654 ),
 ( #1548, #771 ),
 ( #9310, #2346 ) ),
 .UNSPECIFIED., .F., .F., .F.,
 ( 4, 1, 1, 1, 1, 1, 1, 1, 4 ),
 ( 2, 2 ),
 ( 0.0000000000000000000, 0.1784916761118460482, 0.3416894448903731174, 0.4895870179244617981, 0.6214903443255034299, 0.7389463222034400314, 0.8412450544610676761, 0.9277105352978304298, 1.000000000000000000 ),
 ( 0.0000000000000000000, 1.000000000000000000 ),
 .UNSPECIFIED. ) ;
#3719 = VERTEX_POINT ( 'NONE', #4756 ) ;
#3720 = SURFACE_STYLE_USAGE ( .BOTH. , #1357 ) ;
#3721 = VERTEX_POINT ( 'NONE', #7975 ) ;
#3722 = PRESENTATION_STYLE_ASSIGNMENT (( #329 ) ) ;
#3723 = CARTESIAN_POINT ( 'NONE',  ( 3.137352647051763643, -5.297905389636225593, 3.099999999999908162 ) ) ;
#3724 = CARTESIAN_POINT ( 'NONE',  ( 4.311415297422436232, -6.259516887004433094, 3.100000000000000977 ) ) ;
#3725 = CARTESIAN_POINT ( 'NONE',  ( 2.916666759173382584, -4.557030673814217892, 3.100000000000000977 ) ) ;
#3726 = CARTESIAN_POINT ( 'NONE',  ( -5.667251453171920694, 6.445268502410164579, 2.000000000000000000 ) ) ;
#3727 =( NAMED_UNIT ( * ) PLANE_ANGLE_UNIT ( ) SI_UNIT ( $, .RADIAN. ) );
#3728 = FACE_OUTER_BOUND ( 'NONE', #143, .T. ) ;
#3729 = DIRECTION ( 'NONE',  ( -1.000000000000000000, 0.0000000000000000000, 0.0000000000000000000 ) ) ;
#3730 = VERTEX_POINT ( 'NONE', #3120 ) ;
#3731 = MECHANICAL_DESIGN_GEOMETRIC_PRESENTATION_REPRESENTATION (  '', ( #8130 ), #6530 ) ;
#3732 = EDGE_CURVE ( 'NONE', #912, #6956, #2320, .T. ) ;
#3733 = SURFACE_SIDE_STYLE ('',( #744 ) ) ;
#3734 = EDGE_CURVE ( 'NONE', #5035, #8346, #1674, .T. ) ;
#3735 = PRESENTATION_STYLE_ASSIGNMENT (( #607 ) ) ;
#3736 =( LENGTH_UNIT ( ) NAMED_UNIT ( * ) SI_UNIT ( .MILLI., .METRE. ) );
#3737 = VECTOR ( 'NONE', #6351, 1000.000000000000000 ) ;
#3738 = CARTESIAN_POINT ( 'NONE',  ( 4.471599097454704186, -4.895662098577261645, 3.200000000000006395 ) ) ;
#3739 = SURFACE_STYLE_FILL_AREA ( #2224 ) ;
#3740 = PRESENTATION_LAYER_ASSIGNMENT (  '', '', ( #3907 ) ) ;
#3741 = CARTESIAN_POINT ( 'NONE',  ( 3.086292304010320287, -6.614070037693840831, 3.100000000000000089 ) ) ;
#3742 = CARTESIAN_POINT ( 'NONE',  ( 4.571302908786099906, -4.866262122274940261, 3.199999999999999289 ) ) ;
#3743 = VERTEX_POINT ( 'NONE', #7870 ) ;
#3744 = VERTEX_POINT ( 'NONE', #902 ) ;
#3745 = ADVANCED_FACE ( 'NONE', ( #850 ), #5117, .T. ) ;
#3746 = CARTESIAN_POINT ( 'NONE',  ( 8.000000000000000000, -8.500000000000000000, 1.000000000000000000 ) ) ;
#3747 = ORIENTED_EDGE ( 'NONE', *, *, #1583, .F. ) ;
#3748 = VECTOR ( 'NONE', #7903, 1000.000000000000227 ) ;
#3749 = EDGE_CURVE ( 'NONE', #4612, #8487, #5145, .T. ) ;
#3750 = ADVANCED_FACE ( 'NONE', ( #1922 ), #5725, .F. ) ;
#3751 =( NAMED_UNIT ( * ) PLANE_ANGLE_UNIT ( ) SI_UNIT ( $, .RADIAN. ) );
#3752 = CARTESIAN_POINT ( 'NONE',  ( 3.858354611196999517, -6.677804268417474987, 3.200000000000000178 ) ) ;
#3753 = CARTESIAN_POINT ( 'NONE',  ( 3.708840017909781572, -4.066126244485801955, 3.200000000000001066 ) ) ;
#3754 = SURFACE_SIDE_STYLE ('',( #5334 ) ) ;
#3755 = VECTOR ( 'NONE', #8882, 1000.000000000000000 ) ;
#3756 = VECTOR ( 'NONE', #7452, 1000.000000000000000 ) ;
#3757 = ORIENTED_EDGE ( 'NONE', *, *, #8909, .F. ) ;
#3758 = CARTESIAN_POINT ( 'NONE',  ( 4.617342670052194009, 0.6693066377647594045, 3.199999999999997513 ) ) ;
#3759 = CARTESIAN_POINT ( 'NONE',  ( -6.337122846746489735, 5.459950475304171214, 1.000000000000000000 ) ) ;
#3760 = VERTEX_POINT ( 'NONE', #8831 ) ;
#3761 = AXIS2_PLACEMENT_3D ( 'NONE', #8745, #6368, #154 ) ;
#3762 = CARTESIAN_POINT ( 'NONE',  ( -5.741792873543972497, 4.860462724888162889, 2.000000000000000444 ) ) ;
#3763 = DIRECTION ( 'NONE',  ( 0.9999989737374276322, 0.001432663286156703186, 0.0000000000000000000 ) ) ;
#3764 = ORIENTED_EDGE ( 'NONE', *, *, #3303, .T. ) ;
#3765 = CIRCLE ( 'NONE', #1680, 0.5000000000000004441 ) ;
#3766 = FACE_OUTER_BOUND ( 'NONE', #6500, .T. ) ;
#3767 = B_SPLINE_CURVE_WITH_KNOTS ( 'NONE', 3,
 ( #3462, #6413, #6601, #5636, #6699, #9788, #8269, #433, #3623, #5918, #1963, #4107, #9693, #1300, #9014, #7221, #5055, #1196, #8159 ),
 .UNSPECIFIED., .F., .F.,
 ( 4, 1, 1, 1, 1, 1, 1, 1, 1, 1, 1, 1, 1, 1, 1, 1, 4 ),
 ( 0.0000000000000000000, 3.468083619145336649E-05, 6.835964961632873412E-05, 0.0001013335967233155901, 0.0001336789505279655313, 0.0001664637788038297438, 0.0001996198130936685674, 0.0002334127278507965681, 0.0002686049125550824760, 0.0003035917620547899046, 0.0003387165717425176157, 0.0003733261858680181301, 0.0004075717044665470726, 0.0004431182895359226845, 0.0004790212748804578528, 0.0005161646608637134167, 0.0005548593857935409882 ),
 .UNSPECIFIED. ) ;
#3768 = CARTESIAN_POINT ( 'NONE',  ( 2.938309595611933833, 1.327507319078662595, 3.100000000000000977 ) ) ;
#3769 = VECTOR ( 'NONE', #9331, 1000.000000000000000 ) ;
#3770 = ORIENTED_EDGE ( 'NONE', *, *, #8242, .F. ) ;
#3771 = CARTESIAN_POINT ( 'NONE',  ( 4.766845282192222477, -6.307964602053428571, 3.200000000000002398 ) ) ;
#3772 = EDGE_LOOP ( 'NONE', ( #2555, #993 ) ) ;
#3773 = MECHANICAL_DESIGN_GEOMETRIC_PRESENTATION_REPRESENTATION (  '', ( #6232 ), #9803 ) ;
#3774 = SURFACE_SIDE_STYLE ('',( #10031 ) ) ;
#3775 = CARTESIAN_POINT ( 'NONE',  ( 2.849870489893615133, 0.8317861291701597048, 3.199999999999999289 ) ) ;
#3776 = DIRECTION ( 'NONE',  ( -0.0000000000000000000, -0.0000000000000000000, -1.000000000000000000 ) ) ;
#3777 = CARTESIAN_POINT ( 'NONE',  ( -5.646207460294508707, 6.397875257700888163, 2.000000000000000000 ) ) ;
#3778 = DIRECTION ( 'NONE',  ( -0.9999982317085166494, -0.001880579655305065481, 0.0000000000000000000 ) ) ;
#3779 = DIRECTION ( 'NONE',  ( -0.0000000000000000000, 0.0000000000000000000, 1.000000000000000000 ) ) ;
#3780 = SURFACE_STYLE_FILL_AREA ( #7664 ) ;
#3781 = CARTESIAN_POINT ( 'NONE',  ( 2.754652804936494004, -1.807736477149925358, 3.099999999999971667 ) ) ;
#3782 = ORIENTED_EDGE ( 'NONE', *, *, #4555, .F. ) ;
#3783 = STYLED_ITEM ( 'NONE', ( #1856 ), #8184 ) ;
#3784 = CYLINDRICAL_SURFACE ( 'NONE', #510, 0.5000000000000013323 ) ;
#3785 = CARTESIAN_POINT ( 'NONE',  ( 2.777032134085226200, -5.069862987882914673, 3.199999999999996625 ) ) ;
#3786 = STYLED_ITEM ( 'NONE', ( #2947 ), #8673 ) ;
#3787 = CARTESIAN_POINT ( 'NONE',  ( 3.440136819888167885, -4.081058655827468407, 3.199999999999999289 ) ) ;
#3788 = CARTESIAN_POINT ( 'NONE',  ( 4.768100092529951262, -6.179696587985382905, 3.100000000000000977 ) ) ;
#3789 = CARTESIAN_POINT ( 'NONE',  ( 2.944811417643812046, -4.900663185362724938, 3.100000000000648459 ) ) ;
#3790 = CARTESIAN_POINT ( 'NONE',  ( 2.723441726195808599, -1.514860795398105919, 3.100000000000046718 ) ) ;
#3791 = VERTEX_POINT ( 'NONE', #3614 ) ;
#3792 = EDGE_CURVE ( 'NONE', #8346, #7665, #3366, .T. ) ;
#3793 = ORIENTED_EDGE ( 'NONE', *, *, #157, .F. ) ;
#3794 = LINE ( 'NONE', #2981, #4838 ) ;
#3795 = CARTESIAN_POINT ( 'NONE',  ( 2.759928226452438960, -4.399559845513985046, 3.200000000000001510 ) ) ;
#3796 = VERTEX_POINT ( 'NONE', #6735 ) ;
#3797 = CARTESIAN_POINT ( 'NONE',  ( 3.232540776273226335, -6.808279097232182053, 3.099999999999856204 ) ) ;
#3798 = CARTESIAN_POINT ( 'NONE',  ( 4.323416484173798757, -5.280961620534480261, 3.100000000000000977 ) ) ;
#3799 = CARTESIAN_POINT ( 'NONE',  ( 2.718166640504534826, -4.457796831221454426, 3.100000000000000977 ) ) ;
#3800 = CARTESIAN_POINT ( 'NONE',  ( 3.081170675819667082, -6.456643492773666893, 3.200000000000000178 ) ) ;
#3801 = B_SPLINE_SURFACE_WITH_KNOTS ( 'NONE', 3, 1, ( 
 ( #968, #4056 ),
 ( #7175, #7990 ),
 ( #6418, #2535 ),
 ( #8037, #4109 ),
 ( #5688, #1072 ),
 ( #4164, #7146 ),
 ( #8613, #5555 ),
 ( #172, #7801 ),
 ( #8714, #4834 ),
 ( #120, #4137 ),
 ( #8015, #5506 ) ),
 .UNSPECIFIED., .F., .F., .F.,
 ( 4, 1, 1, 1, 1, 1, 1, 1, 4 ),
 ( 2, 2 ),
 ( 0.0000000000000000000, 0.1190994778741846782, 0.2353309713027835204, 0.3508635551437916944, 0.4741855837405353769, 0.5992916341873627539, 0.7254274551308499408, 0.8571215600684863878, 1.000000000000000000 ),
 ( 0.0000000000000000000, 1.000000000000000000 ),
 .UNSPECIFIED. ) ;
#3802 = DIRECTION ( 'NONE',  ( 0.0000000000000000000, -1.000000000000000000, 0.0000000000000000000 ) ) ;
#3803 = VECTOR ( 'NONE', #5867, 1000.000000000000114 ) ;
#3804 = DIRECTION ( 'NONE',  ( -1.000000000000000000, 0.0000000000000000000, 0.0000000000000000000 ) ) ;
#3805 = EDGE_CURVE ( 'NONE', #4810, #4159, #7260, .T. ) ;
#3806 = EDGE_CURVE ( 'NONE', #915, #4173, #9554, .T. ) ;
#3807 = DIRECTION ( 'NONE',  ( 0.0000000000000000000, 0.0000000000000000000, -1.000000000000000000 ) ) ;
#3808 = VERTEX_POINT ( 'NONE', #630 ) ;
#3809 = PRESENTATION_LAYER_ASSIGNMENT (  '', '', ( #8213 ) ) ;
#3810 = CARTESIAN_POINT ( 'NONE',  ( 3.246149480231378170, -1.485810393123346174, 3.200000000000000178 ) ) ;
#3811 = CARTESIAN_POINT ( 'NONE',  ( 2.695576349755958834, -2.169809804474652548, 3.199999999999999734 ) ) ;
#3812 = ORIENTED_EDGE ( 'NONE', *, *, #651, .T. ) ;
#3813 = CARTESIAN_POINT ( 'NONE',  ( 2.970880449133929790, 0.8453836509070262739, 3.200000000000004619 ) ) ;
#3814 = VECTOR ( 'NONE', #9700, 1000.000000000000000 ) ;
#3815 = CARTESIAN_POINT ( 'NONE',  ( 3.513682676574694241, -4.522059120240607299, 3.100000000000000977 ) ) ;
#3816 = EDGE_CURVE ( 'NONE', #9215, #5090, #6120, .T. ) ;
#3817 = CARTESIAN_POINT ( 'NONE',  ( 2.506206775549459032, 4.851300258385033537, 3.100000000000000977 ) ) ;
#3818 = ORIENTED_EDGE ( 'NONE', *, *, #5677, .F. ) ;
#3819 = CARTESIAN_POINT ( 'NONE',  ( 3.030785257175009573, -2.176937817010245357, 3.200000000000000178 ) ) ;
#3820 = EDGE_LOOP ( 'NONE', ( #776, #132, #8088, #7448 ) ) ;
#3821 = UNCERTAINTY_MEASURE_WITH_UNIT (LENGTH_MEASURE( 1.000000000000000082E-05 ), #1217, 'distance_accuracy_value', 'NONE');
#3822 = CARTESIAN_POINT ( 'NONE',  ( 4.593455329141219678, -5.809499005040429154, 3.199999999999997957 ) ) ;
#3823 = CARTESIAN_POINT ( 'NONE',  ( 2.644645677119489946, -4.725384349461528188, 3.100000000000000977 ) ) ;
#3824 = CARTESIAN_POINT ( 'NONE',  ( 4.135697358072903285, -1.685568513059688689, 3.199999999999999289 ) ) ;
#3825 = FILL_AREA_STYLE_COLOUR ( '', #44 ) ;
#3826 = DIRECTION ( 'NONE',  ( -0.0000000000000000000, 0.0000000000000000000, 1.000000000000000000 ) ) ;
#3827 = CARTESIAN_POINT ( 'NONE',  ( 3.267662110992766600, -6.012639710109079161, 3.100000000000000977 ) ) ;
#3828 = CARTESIAN_POINT ( 'NONE',  ( 2.801790919982481753, 0.8019207033788484651, 3.100000000000000533 ) ) ;
#3829 = CARTESIAN_POINT ( 'NONE',  ( 2.920043255587924769, -1.571803054696670365, 3.100000000000005862 ) ) ;
#3830 =( LENGTH_UNIT ( ) NAMED_UNIT ( * ) SI_UNIT ( .MILLI., .METRE. ) );
#3831 = CARTESIAN_POINT ( 'NONE',  ( 2.874911797683334491, -2.282821609445827349, 3.099999999999932587 ) ) ;
#3832 = ORIENTED_EDGE ( 'NONE', *, *, #8361, .F. ) ;
#3833 = DIRECTION ( 'NONE',  ( -0.0000000000000000000, -0.0000000000000000000, -1.000000000000000000 ) ) ;
#3834 = LINE ( 'NONE', #7162, #342 ) ;
#3835 = SURFACE_STYLE_USAGE ( .BOTH. , #2223 ) ;
#3836 = CARTESIAN_POINT ( 'NONE',  ( -8.000000000000000000, -8.500000000000001776, 1.000000000000000000 ) ) ;
#3837 = CARTESIAN_POINT ( 'NONE',  ( 2.850970273030591251, -4.871378976572164454, 3.100000000000648015 ) ) ;
#3838 = CARTESIAN_POINT ( 'NONE',  ( 4.571302908786099906, -4.866262122274940261, 3.100000000000000533 ) ) ;
#3839 = ORIENTED_EDGE ( 'NONE', *, *, #9224, .F. ) ;
#3840 = VERTEX_POINT ( 'NONE', #7696 ) ;
#3841 = CARTESIAN_POINT ( 'NONE',  ( 3.790495948468780796, -5.381529102800112874, 3.199999999999999734 ) ) ;
#3842 = ORIENTED_EDGE ( 'NONE', *, *, #2145, .F. ) ;
#3843 = CARTESIAN_POINT ( 'NONE',  ( 2.892666957616261580, -2.303243501095311174, 3.100000000000000977 ) ) ;
#3844 = LINE ( 'NONE', #4664, #9656 ) ;
#3845 =( GEOMETRIC_REPRESENTATION_CONTEXT ( 3 ) GLOBAL_UNCERTAINTY_ASSIGNED_CONTEXT ( ( #3376 ) ) GLOBAL_UNIT_ASSIGNED_CONTEXT ( ( #6163, #1591, #3097 ) ) REPRESENTATION_CONTEXT ( 'NONE', 'WORKASPACE' ) );
#3846 = DIRECTION ( 'NONE',  ( 0.0000000000000000000, 0.0000000000000000000, 1.000000000000000000 ) ) ;
#3847 = DIRECTION ( 'NONE',  ( -0.0000000000000000000, -0.0000000000000000000, -1.000000000000000000 ) ) ;
#3848 = CARTESIAN_POINT ( 'NONE',  ( -2.200000000000001066, 8.200000000000001066, 1.000000000000000000 ) ) ;
#3849 = CARTESIAN_POINT ( 'NONE',  ( 2.876369388193840138, -1.760061888068835456, 3.199999999999990408 ) ) ;
#3850 = CARTESIAN_POINT ( 'NONE',  ( -8.000000000000000000, 0.5000000000000004441, 1.000000000000000000 ) ) ;
#3851 = ORIENTED_EDGE ( 'NONE', *, *, #4941, .F. ) ;
#3852 = CARTESIAN_POINT ( 'NONE',  ( 3.752679047081384667, -4.918760147902585089, 3.199999999999993516 ) ) ;
#3853 = COLOUR_RGB ( '',1.000000000000000000, 1.000000000000000000, 0.0000000000000000000 ) ;
#3854 = ORIENTED_EDGE ( 'NONE', *, *, #8428, .T. ) ;
#3855 = EDGE_CURVE ( 'NONE', #6779, #4822, #10019, .T. ) ;
#3856 = CARTESIAN_POINT ( 'NONE',  ( 3.246149480231378170, -1.485810393123346174, 3.100000000000014300 ) ) ;
#3857 = EDGE_CURVE ( 'NONE', #4173, #5300, #2744, .T. ) ;
#3858 = CARTESIAN_POINT ( 'NONE',  ( 2.667368636294214390, -1.276139853346252462, 3.200000000000002398 ) ) ;
#3859 = CARTESIAN_POINT ( 'NONE',  ( 3.675851777028785072, 0.09804581760100099241, 3.099999999999998757 ) ) ;
#3860 = ORIENTED_EDGE ( 'NONE', *, *, #3677, .F. ) ;
#3861 = CARTESIAN_POINT ( 'NONE',  ( 4.357836403287691951, -5.812704354296521991, 3.100000000001001510 ) ) ;
#3862 = LINE ( 'NONE', #61, #3583 ) ;
#3863 = CARTESIAN_POINT ( 'NONE',  ( 3.895954147194123696, -1.365919123770281907, 3.099999999999623057 ) ) ;
#3864 = EDGE_LOOP ( 'NONE', ( #10050, #8560, #9015, #9663 ) ) ;
#3865 = ADVANCED_FACE ( 'NONE', ( #1597 ), #8458, .T. ) ;
#3866 = CARTESIAN_POINT ( 'NONE',  ( -8.326672684688674053E-16, 4.800000000000000711, 3.000000000000000000 ) ) ;
#3867 = ORIENTED_EDGE ( 'NONE', *, *, #7192, .T. ) ;
#3868 = LINE ( 'NONE', #6999, #1830 ) ;
#3869 = ADVANCED_FACE ( 'NONE', ( #4531 ), #9274, .T. ) ;
#3870 = EDGE_CURVE ( 'NONE', #5543, #4895, #9909, .T. ) ;
#3871 = SURFACE_STYLE_USAGE ( .BOTH. , #1410 ) ;
#3872 = CARTESIAN_POINT ( 'NONE',  ( 2.645415223718840192, -4.746548895028009696, 3.199999999999998401 ) ) ;
#3873 =( NAMED_UNIT ( * ) PLANE_ANGLE_UNIT ( ) SI_UNIT ( $, .RADIAN. ) );
#3874 = PRESENTATION_STYLE_ASSIGNMENT (( #3062 ) ) ;
#3875 = MECHANICAL_DESIGN_GEOMETRIC_PRESENTATION_REPRESENTATION (  '', ( #2590 ), #9074 ) ;
#3876 = CARTESIAN_POINT ( 'NONE',  ( 3.418648069071773321, -6.123333763472460944, 3.100000000000000977 ) ) ;
#3877 = CARTESIAN_POINT ( 'NONE',  ( 4.061246849362635913, -6.356811710570029028, 3.100000000000820766 ) ) ;
#3878 = DIRECTION ( 'NONE',  ( -0.006891635095801726917, -0.9999762524008789510, 0.0000000000000000000 ) ) ;
#3879 = ORIENTED_EDGE ( 'NONE', *, *, #6937, .F. ) ;
#3880 = VECTOR ( 'NONE', #9738, 1000.000000000000000 ) ;
#3881 = FILL_AREA_STYLE ('',( #6347 ) ) ;
#3882 = DIRECTION ( 'NONE',  ( 0.0000000000000000000, 0.0000000000000000000, -1.000000000000000000 ) ) ;
#3883 = DIRECTION ( 'NONE',  ( 0.0000000000000000000, 0.0000000000000000000, 1.000000000000000000 ) ) ;
#3884 =( LENGTH_UNIT ( ) NAMED_UNIT ( * ) SI_UNIT ( .MILLI., .METRE. ) );
#3885 = CARTESIAN_POINT ( 'NONE',  ( 4.617257111490873811, -4.839085957907438562, 3.100000000000000977 ) ) ;
#3886 = SURFACE_STYLE_USAGE ( .BOTH. , #194 ) ;
#3887 = ORIENTED_EDGE ( 'NONE', *, *, #8421, .T. ) ;
#3888 =( GEOMETRIC_REPRESENTATION_CONTEXT ( 3 ) GLOBAL_UNCERTAINTY_ASSIGNED_CONTEXT ( ( #1507 ) ) GLOBAL_UNIT_ASSIGNED_CONTEXT ( ( #2689, #1181, #368 ) ) REPRESENTATION_CONTEXT ( 'NONE', 'WORKASPACE' ) );
#3889 = DIRECTION ( 'NONE',  ( -0.0000000000000000000, -0.0000000000000000000, -1.000000000000000000 ) ) ;
#3890 = ORIENTED_EDGE ( 'NONE', *, *, #6507, .F. ) ;
#3891 = CARTESIAN_POINT ( 'NONE',  ( 3.111296665739109901, -5.289188352527475878, 3.199999999999999289 ) ) ;
#3892 = CARTESIAN_POINT ( 'NONE',  ( 4.105138672566606139, -5.343145069984670315, 3.200000000000000622 ) ) ;
#3893 = VERTEX_POINT ( 'NONE', #7385 ) ;
#3894 = CARTESIAN_POINT ( 'NONE',  ( 3.086292304010319842, -6.614070037693839943, 3.099999999999855316 ) ) ;
#3895 = DIRECTION ( 'NONE',  ( -1.000000000000000000, 0.0000000000000000000, -0.0000000000000000000 ) ) ;
#3896 = PRESENTATION_LAYER_ASSIGNMENT (  '', '', ( #8130 ) ) ;
#3897 = LINE ( 'NONE', #10056, #6241 ) ;
#3898 = CARTESIAN_POINT ( 'NONE',  ( 3.533301777639870966, -1.265541394800682395, 3.199999999999999734 ) ) ;
#3899 = CARTESIAN_POINT ( 'NONE',  ( 3.730087634750426151, -1.755459710982182564, 3.200000000000001954 ) ) ;
#3900 = CARTESIAN_POINT ( 'NONE',  ( 2.667385998808671665, -2.028456893039705111, 3.200000000000000178 ) ) ;
#3901 = CARTESIAN_POINT ( 'NONE',  ( 4.045659857045531993, -2.011662835748165623, 3.100000000000678657 ) ) ;
#3902 = ORIENTED_EDGE ( 'NONE', *, *, #6814, .T. ) ;
#3903 = ORIENTED_EDGE ( 'NONE', *, *, #2268, .F. ) ;
#3904 = DIRECTION ( 'NONE',  ( 0.0000000000000000000, 0.0000000000000000000, 1.000000000000000000 ) ) ;
#3905 = AXIS2_PLACEMENT_3D ( 'NONE', #4399, #9846, #6905 ) ;
#3906 = FACE_OUTER_BOUND ( 'NONE', #5270, .T. ) ;
#3907 = STYLED_ITEM ( 'NONE', ( #9139 ), #4194 ) ;
#3908 = ORIENTED_EDGE ( 'NONE', *, *, #2742, .F. ) ;
#3909 = CARTESIAN_POINT ( 'NONE',  ( 4.188317976684174937, 4.059528275238469597, 3.100000000000000977 ) ) ;
#3910 = UNCERTAINTY_MEASURE_WITH_UNIT (LENGTH_MEASURE( 1.000000000000000082E-05 ), #8052, 'distance_accuracy_value', 'NONE');
#3911 = CARTESIAN_POINT ( 'NONE',  ( 3.545011490985022995, -1.345659017447457195, 3.099999999999624389 ) ) ;
#3912 = CARTESIAN_POINT ( 'NONE',  ( 2.722301466602863762, -1.839358506958202355, 3.100000000000000533 ) ) ;
#3913 = COLOUR_RGB ( '',0.2509803921568627416, 0.2509803921568627416, 0.2509803921568627416 ) ;
#3914 = CARTESIAN_POINT ( 'NONE',  ( -4.761792873543973847, 6.820462724888163741, 1.200000000000000178 ) ) ;
#3915 = AXIS2_PLACEMENT_3D ( 'NONE', #2406, #5508, #6489 ) ;
#3916 = EDGE_LOOP ( 'NONE', ( #3444, #5507, #6966, #5757 ) ) ;
#3917 = EDGE_CURVE ( 'NONE', #3939, #742, #412, .T. ) ;
#3918 = CARTESIAN_POINT ( 'NONE',  ( 2.833804733553998201, -1.033619408015077790, 3.100000000000055156 ) ) ;
#3919 = CARTESIAN_POINT ( 'NONE',  ( 6.917157287525381726, -7.917157287525380838, 3.200000000000000178 ) ) ;
#3920 = DIRECTION ( 'NONE',  ( -0.001042752300659718781, 0.9999994563336719322, 0.0000000000000000000 ) ) ;
#3921 = ADVANCED_FACE ( 'NONE', ( #3492 ), #6720, .F. ) ;
#3922 = EDGE_LOOP ( 'NONE', ( #8441, #7339 ) ) ;
#3923 = STYLED_ITEM ( 'NONE', ( #6139 ), #6631 ) ;
#3924 = CARTESIAN_POINT ( 'NONE',  ( 4.299858967233005203, -5.289073498880191515, 3.099999999999947686 ) ) ;
#3925 = ORIENTED_EDGE ( 'NONE', *, *, #3491, .F. ) ;
#3926 = UNCERTAINTY_MEASURE_WITH_UNIT (LENGTH_MEASURE( 1.000000000000000082E-05 ), #9296, 'distance_accuracy_value', 'NONE');
#3927 = CARTESIAN_POINT ( 'NONE',  ( 1.542484643350841456, 4.059528275238469597, 3.200000000000000178 ) ) ;
#3928 = CARTESIAN_POINT ( 'NONE',  ( 3.563788658827431455, -1.139899608220360960, 3.099999999999717648 ) ) ;
#3929 = MECHANICAL_DESIGN_GEOMETRIC_PRESENTATION_REPRESENTATION (  '', ( #5883 ), #537 ) ;
#3930 = CYLINDRICAL_SURFACE ( 'NONE', #4986, 0.5000000000000004441 ) ;
#3931 = FILL_AREA_STYLE ('',( #2165 ) ) ;
#3932 = EDGE_CURVE ( 'NONE', #1592, #3796, #4095, .T. ) ;
#3933 = FACE_OUTER_BOUND ( 'NONE', #1284, .T. ) ;
#3934 = SURFACE_STYLE_USAGE ( .BOTH. , #4547 ) ;
#3935 = CARTESIAN_POINT ( 'NONE',  ( 4.159411214492208408, -6.344123167651479989, 3.100000000000821654 ) ) ;
#3936 = LINE ( 'NONE', #7008, #8119 ) ;
#3937 = EDGE_CURVE ( 'NONE', #1640, #7697, #6039, .T. ) ;
#3938 = ADVANCED_FACE ( 'NONE', ( #4365 ), #6050, .F. ) ;
#3939 = VERTEX_POINT ( 'NONE', #2284 ) ;
#3940 = CARTESIAN_POINT ( 'NONE',  ( 3.708090132584171528, -5.382624235144940705, 3.200000000000000178 ) ) ;
#3941 = FILL_AREA_STYLE_COLOUR ( '', #1814 ) ;
#3942 = LINE ( 'NONE', #4699, #2604 ) ;
#3943 = B_SPLINE_CURVE_WITH_KNOTS ( 'NONE', 3,
 ( #9766, #5086, #6011, #1334, #515, #9814, #2780, #5799, #7965, #365, #8898, #6629, #6583, #5133, #1123, #1277, #2087, #4425, #3443, #7335, #2038, #7538, #8249, #6778, #572, #417, #3496 ),
 .UNSPECIFIED., .F., .F.,
 ( 4, 1, 1, 1, 1, 1, 1, 1, 1, 1, 1, 1, 1, 1, 1, 1, 1, 1, 1, 1, 1, 1, 1, 1, 4 ),
 ( 2.168404344971008868E-19, 8.942744696285183077E-05, 0.0001722070007044287704, 0.0002492553308186651979, 0.0003202289856681027856, 0.0003851296724721205286, 0.0004440201552773343332, 0.0004970685848571242431, 0.0005444405611387756212, 0.0005886171048313796261, 0.0006314977325080764004, 0.0006740796013970581924, 0.0007164284241574109821, 0.0007584276094297535097, 0.0008006992450197538205, 0.0008434828314404057810, 0.0008867197025312710101, 0.0009300594506584683408, 0.0009727874859804862360, 0.001014967718265128880, 0.001057353914511197481, 0.001100010089259098600, 0.001143111705099837281, 0.001187426922907456944, 0.001232840649008852757 ),
 .UNSPECIFIED. ) ;
#3944 = CARTESIAN_POINT ( 'NONE',  ( 3.681336812949838944, -4.065915020475253883, 3.100000000000777245 ) ) ;
#3945 = DIRECTION ( 'NONE',  ( -0.0000000000000000000, 0.0000000000000000000, 1.000000000000000000 ) ) ;
#3946 = FILL_AREA_STYLE ('',( #1573 ) ) ;
#3947 = AXIS2_PLACEMENT_3D ( 'NONE', #894, #790, #3982 ) ;
#3948 = DIRECTION ( 'NONE',  ( 1.334402673828313093E-16, -1.000000000000000000, 0.0000000000000000000 ) ) ;
#3949 = ORIENTED_EDGE ( 'NONE', *, *, #8974, .F. ) ;
#3950 = LINE ( 'NONE', #6512, #7820 ) ;
#3951 = VERTEX_POINT ( 'NONE', #3134 ) ;
#3952 = DIRECTION ( 'NONE',  ( -0.0000000000000000000, -0.0000000000000000000, -1.000000000000000000 ) ) ;
#3953 = CARTESIAN_POINT ( 'NONE',  ( 2.755996597927213632, -4.764150110308152719, 3.200000000000000178 ) ) ;
#3954 = ORIENTED_EDGE ( 'NONE', *, *, #1898, .F. ) ;
#3955 = CARTESIAN_POINT ( 'NONE',  ( 2.892666957616261580, -2.303243501095311174, 3.200000000000000622 ) ) ;
#3957 = STYLED_ITEM ( 'NONE', ( #6935 ), #8162 ) ;
#3956 = LINE ( 'NONE', #2381, #4131 ) ;
#3958 = LINE ( 'NONE', #4008, #8835 ) ;
#3959 = CARTESIAN_POINT ( 'NONE',  ( 3.904916214680119513, -1.742756640485020769, 3.200000000000001954 ) ) ;
#3960 =( NAMED_UNIT ( * ) SI_UNIT ( $, .STERADIAN. ) SOLID_ANGLE_UNIT ( ) );
#3961 = CARTESIAN_POINT ( 'NONE',  ( 0.0000000000000000000, 5.200000000000000178, 1.000000000000000000 ) ) ;
#3962 = ORIENTED_EDGE ( 'NONE', *, *, #9028, .F. ) ;
#3963 = CARTESIAN_POINT ( 'NONE',  ( 4.769305144745992209, -6.232807385166426073, 3.100000000000000977 ) ) ;
#3964 = CARTESIAN_POINT ( 'NONE',  ( 3.830036715123353197, -0.1445362186511515712, 3.100000000000000977 ) ) ;
#3965 = ORIENTED_EDGE ( 'NONE', *, *, #960, .T. ) ;
#3966 = DIRECTION ( 'NONE',  ( 0.0000000000000000000, 0.0000000000000000000, 1.000000000000000000 ) ) ;
#3967 = CARTESIAN_POINT ( 'NONE',  ( 4.665413086832669975, -4.717358353571228236, 3.200000000000000178 ) ) ;
#3968 = CARTESIAN_POINT ( 'NONE',  ( -7.200000000000001066, 5.199999999999999289, 1.000000000000000000 ) ) ;
#3969 = AXIS2_PLACEMENT_3D ( 'NONE', #2679, #4120, #5791 ) ;
#3970 = PRESENTATION_STYLE_ASSIGNMENT (( #878 ) ) ;
#3971 = EDGE_CURVE ( 'NONE', #3719, #6695, #9197, .T. ) ;
#3972 = ORIENTED_EDGE ( 'NONE', *, *, #4257, .T. ) ;
#3973 = PRESENTATION_STYLE_ASSIGNMENT (( #881 ) ) ;
#3974 = CARTESIAN_POINT ( 'NONE',  ( 3.710765464547603809, -1.463961848755308326, 3.150000000000000355 ) ) ;
#3975 = CARTESIAN_POINT ( 'NONE',  ( 4.507866619047884882, 0.3362004532751428076, 3.199999999999999734 ) ) ;
#3976 = ORIENTED_EDGE ( 'NONE', *, *, #6686, .F. ) ;
#3977 = CIRCLE ( 'NONE', #2194, 0.5000000000000004441 ) ;
#3978 = EDGE_LOOP ( 'NONE', ( #987, #7458, #6372, #171 ) ) ;
#3979 = CARTESIAN_POINT ( 'NONE',  ( 4.659503052115976374, -6.576661359568115373, 3.100000000000238121 ) ) ;
#3980 = DIRECTION ( 'NONE',  ( 0.0000000000000000000, 0.0000000000000000000, -1.000000000000000000 ) ) ;
#3981 = SURFACE_STYLE_FILL_AREA ( #9421 ) ;
#3982 = DIRECTION ( 'NONE',  ( -1.000000000000000000, 0.0000000000000000000, 0.0000000000000000000 ) ) ;
#3983 = CARTESIAN_POINT ( 'NONE',  ( 2.748778505874214684, -0.5488092342505128673, 3.100000000000001421 ) ) ;
#3984 = CARTESIAN_POINT ( 'NONE',  ( 2.931803579672959348, -0.3303703716208747920, 3.100000000000001865 ) ) ;
#3985 = CARTESIAN_POINT ( 'NONE',  ( 3.746039855051066514, -0.04893044145418148222, 3.100000000000000977 ) ) ;
#3986 = CARTESIAN_POINT ( 'NONE',  ( 4.769305144745993097, -4.721817240176950925, 3.099999999999889511 ) ) ;
#3987 = EDGE_LOOP ( 'NONE', ( #946, #5138, #7943, #9242 ) ) ;
#3988 = EDGE_CURVE ( 'NONE', #7905, #7855, #9248, .T. ) ;
#3989 =( NAMED_UNIT ( * ) SI_UNIT ( $, .STERADIAN. ) SOLID_ANGLE_UNIT ( ) );
#3990 =( NAMED_UNIT ( * ) PLANE_ANGLE_UNIT ( ) SI_UNIT ( $, .RADIAN. ) );
#3991 = ADVANCED_FACE ( 'NONE', ( #8536 ), #8997, .T. ) ;
#3992 = ADVANCED_FACE ( 'NONE', ( #4108 ), #7865, .T. ) ;
#3993 = PRESENTATION_STYLE_ASSIGNMENT (( #4851 ) ) ;
#3994 = CARTESIAN_POINT ( 'NONE',  ( 4.649282160716517787, -5.054517781619318306, 3.099999999999854872 ) ) ;
#3995 = CARTESIAN_POINT ( 'NONE',  ( -3.186462900341459292, 8.180974974472158934, 1.200000000000000178 ) ) ;
#3996 = LINE ( 'NONE', #7113, #3737 ) ;
#3997 = CARTESIAN_POINT ( 'NONE',  ( 8.000000000000000000, 0.5000000000000004441, 2.200000000000000178 ) ) ;
#3998 = VERTEX_POINT ( 'NONE', #5638 ) ;
#3999 = CARTESIAN_POINT ( 'NONE',  ( 4.008160229068564284, -0.2465010501300987922, 3.200000000000001510 ) ) ;
#4000 = VERTEX_POINT ( 'NONE', #1070 ) ;
#4001 = CARTESIAN_POINT ( 'NONE',  ( 7.200000000000001954, -8.200000000000001066, 1.000000000000000000 ) ) ;
#4002 = CARTESIAN_POINT ( 'NONE',  ( -8.000000000000000000, -8.500000000000001776, 0.0000000000000000000 ) ) ;
#4003 = ORIENTED_EDGE ( 'NONE', *, *, #5547, .T. ) ;
#4004 = ADVANCED_FACE ( 'NONE', ( #4005 ), #7934, .T. ) ;
#4005 = FACE_OUTER_BOUND ( 'NONE', #7292, .T. ) ;
#4006 = UNCERTAINTY_MEASURE_WITH_UNIT (LENGTH_MEASURE( 1.000000000000000082E-05 ), #9465, 'distance_accuracy_value', 'NONE');
#4007 = CARTESIAN_POINT ( 'NONE',  ( 8.000000000000000000, 3.000000000000000000, 0.0000000000000000000 ) ) ;
#4008 = CARTESIAN_POINT ( 'NONE',  ( 8.000000000000000000, -4.500000000000000888, 1.000000000000000000 ) ) ;
#4009 = B_SPLINE_CURVE_WITH_KNOTS ( 'NONE', 3,
 ( #4344, #8274, #5215, #9073, #1204, #4297, #1307 ),
 .UNSPECIFIED., .F., .F.,
 ( 4, 1, 1, 1, 4 ),
 ( 0.0000000000000000000, 8.478070235311982125E-05, 0.0001627302102150615670, 0.0002333613529221782344, 0.0002973207906792496190 ),
 .UNSPECIFIED. ) ;
#4010 = CARTESIAN_POINT ( 'NONE',  ( 3.651313574488547431, -1.057693747678252416, 3.100000000000000533 ) ) ;
#4011 = CARTESIAN_POINT ( 'NONE',  ( 3.717453794456186511, -1.755573032769523145, 3.200000000000000178 ) ) ;
#4012 = CARTESIAN_POINT ( 'NONE',  ( 4.639685399336809013, -4.818077335597333644, 3.100000000000000977 ) ) ;
#4013 = CARTESIAN_POINT ( 'NONE',  ( 8.000000000000000000, 0.0000000000000000000, 0.0000000000000000000 ) ) ;
#4014 = ORIENTED_EDGE ( 'NONE', *, *, #462, .F. ) ;
#4015 = CARTESIAN_POINT ( 'NONE',  ( 2.876248749467862798, -1.736019084070745677, 3.200000000000003286 ) ) ;
#4016 = VERTEX_POINT ( 'NONE', #2582 ) ;
#4017 = LINE ( 'NONE', #113, #5523 ) ;
#4018 =( BOUNDED_CURVE ( )  B_SPLINE_CURVE ( 3, ( #6329, #7797, #3919, #3050 ),
 .UNSPECIFIED., .F., .F. ) 
 B_SPLINE_CURVE_WITH_KNOTS ( ( 4, 4 ),
 ( 0.0000000000000000000, 1.570796326794896558 ),
 .UNSPECIFIED. ) 
 CURVE ( )  GEOMETRIC_REPRESENTATION_ITEM ( )  RATIONAL_B_SPLINE_CURVE ( ( 1.000000000000000000, 0.8047378541243649375, 0.8047378541243649375, 1.000000000000000000 ) ) 
 REPRESENTATION_ITEM ( '' )  );
#4019 = CARTESIAN_POINT ( 'NONE',  ( 3.317785320959090178, -4.524252189468400687, 3.100000000000000977 ) ) ;
#4020 = VECTOR ( 'NONE', #8548, 1000.000000000000000 ) ;
#4021 = VERTEX_POINT ( 'NONE', #2624 ) ;
#4022 = SURFACE_STYLE_FILL_AREA ( #1810 ) ;
#4023 = ORIENTED_EDGE ( 'NONE', *, *, #9462, .F. ) ;
#4024 = UNCERTAINTY_MEASURE_WITH_UNIT (LENGTH_MEASURE( 1.000000000000000082E-05 ), #9852, 'distance_accuracy_value', 'NONE');
#4025 = CARTESIAN_POINT ( 'NONE',  ( 4.131523950861843986, -1.779702414741218819, 3.199999999999998401 ) ) ;
#4026 = PRESENTATION_LAYER_ASSIGNMENT (  '', '', ( #1442 ) ) ;
#4027 = CARTESIAN_POINT ( 'NONE',  ( 2.952023115313691992, -0.3155174452135441898, 3.200000000000000178 ) ) ;
#4028 = CARTESIAN_POINT ( 'NONE',  ( 3.533301777639870966, -1.265541394800682395, 3.099999999999960121 ) ) ;
#4029 = CARTESIAN_POINT ( 'NONE',  ( 4.645854110272626514, -4.634880421045449062, 3.100000000000075584 ) ) ;
#4030 =( NAMED_UNIT ( * ) SI_UNIT ( $, .STERADIAN. ) SOLID_ANGLE_UNIT ( ) );
#4031 = CARTESIAN_POINT ( 'NONE',  ( 2.886834780096742215, -1.017924471447828161, 3.100000000000000977 ) ) ;
#4032 = FACE_OUTER_BOUND ( 'NONE', #7088, .T. ) ;
#4033 = CARTESIAN_POINT ( 'NONE',  ( 3.660419698067186367, 0.1548158714744537201, 3.100000000000000977 ) ) ;
#4034 = FACE_OUTER_BOUND ( 'NONE', #2878, .T. ) ;
#4035 = AXIS2_PLACEMENT_3D ( 'NONE', #5628, #4854, #5776 ) ;
#4036 = ORIENTED_EDGE ( 'NONE', *, *, #3488, .T. ) ;
#4037 = PRESENTATION_STYLE_ASSIGNMENT (( #1825 ) ) ;
#4038 = CARTESIAN_POINT ( 'NONE',  ( 1.542484643350841456, 3.584635112845306892, 3.100000000000000977 ) ) ;
#4039 = VECTOR ( 'NONE', #4288, 1000.000000000000000 ) ;
#4040 = CARTESIAN_POINT ( 'NONE',  ( -5.861792873543977933, 9.020462724888163919, 1.966862915010152646 ) ) ;
#4041 = SURFACE_STYLE_FILL_AREA ( #2369 ) ;
#4042 =( NAMED_UNIT ( * ) SI_UNIT ( $, .STERADIAN. ) SOLID_ANGLE_UNIT ( ) );
#4043 = CARTESIAN_POINT ( 'NONE',  ( 3.533791345088359126, -1.279731693249097857, 3.200000000000002398 ) ) ;
#4044 = DIRECTION ( 'NONE',  ( -0.0000000000000000000, -0.0000000000000000000, -1.000000000000000000 ) ) ;
#4045 = CARTESIAN_POINT ( 'NONE',  ( 4.489176389382197208, -0.1593334308900931362, 3.199999999999987743 ) ) ;
#4046 = ORIENTED_EDGE ( 'NONE', *, *, #5863, .F. ) ;
#4047 = EDGE_CURVE ( 'NONE', #4976, #9802, #5783, .T. ) ;
#4048 = CARTESIAN_POINT ( 'NONE',  ( 4.597161103527956705, -4.586660878441447764, 3.199999999999981970 ) ) ;
#4049 = VERTEX_POINT ( 'NONE', #1885 ) ;
#4050 = CARTESIAN_POINT ( 'NONE',  ( 2.926654683091475473, -5.204010770257330165, 3.100000000000000977 ) ) ;
#4051 =( GEOMETRIC_REPRESENTATION_CONTEXT ( 3 ) GLOBAL_UNCERTAINTY_ASSIGNED_CONTEXT ( ( #4541 ) ) GLOBAL_UNIT_ASSIGNED_CONTEXT ( ( #5257, #8369, #6694 ) ) REPRESENTATION_CONTEXT ( 'NONE', 'WORKASPACE' ) );
#4052 = EDGE_CURVE ( 'NONE', #1604, #2402, #4969, .T. ) ;
#4053 = LINE ( 'NONE', #9068, #3803 ) ;
#4054 = ORIENTED_EDGE ( 'NONE', *, *, #5119, .T. ) ;
#4055 = CARTESIAN_POINT ( 'NONE',  ( -8.000000000000000000, 2.500000000000000000, 1.000000000000000000 ) ) ;
#4056 = CARTESIAN_POINT ( 'NONE',  ( 3.710765464547603809, -1.463961848755308326, 3.199999999999999734 ) ) ;
#4057 = LINE ( 'NONE', #7176, #2335 ) ;
#4058 = CARTESIAN_POINT ( 'NONE',  ( 2.934027417830843198, -4.247837593988708527, 3.100000000000604050 ) ) ;
#4059 = VECTOR ( 'NONE', #2352, 1000.000000000000000 ) ;
#4060 = CARTESIAN_POINT ( 'NONE',  ( 3.752679047081384667, -4.918760147902585089, 3.199999999999999734 ) ) ;
#4061 = CARTESIAN_POINT ( 'NONE',  ( 2.569759633280001676, 5.757420958979705183, 3.100000000000000977 ) ) ;
#4062 = CARTESIAN_POINT ( 'NONE',  ( 4.202134768498160255, -5.604550262420206153, 3.100000000000000977 ) ) ;
#4063 = ORIENTED_EDGE ( 'NONE', *, *, #9086, .F. ) ;
#4064 = EDGE_CURVE ( 'NONE', #6820, #4916, #461, .T. ) ;
#4065 = EDGE_LOOP ( 'NONE', ( #2106, #9727, #9038, #814 ) ) ;
#4066 = CARTESIAN_POINT ( 'NONE',  ( 4.500809124053265720, -6.716906470603186463, 3.200000000000001510 ) ) ;
#4067 = CARTESIAN_POINT ( 'NONE',  ( 2.723441726195808155, -1.514860795398105697, 3.200000000000003286 ) ) ;
#4068 = EDGE_CURVE ( 'NONE', #6884, #6667, #9447, .T. ) ;
#4069 = EDGE_CURVE ( 'NONE', #9694, #6869, #8692, .T. ) ;
#4070 = VECTOR ( 'NONE', #4153, 1000.000000000000000 ) ;
#4071 = SURFACE_STYLE_USAGE ( .BOTH. , #262 ) ;
#4072 = CARTESIAN_POINT ( 'NONE',  ( 4.634776487402633371, -4.621448884662673784, 3.100000000000000977 ) ) ;
#4073 = CARTESIAN_POINT ( 'NONE',  ( 3.027576545172032674, -4.539316155563247079, 3.100000000000000533 ) ) ;
#4074 = DIRECTION ( 'NONE',  ( 0.0000000000000000000, 0.0000000000000000000, 1.000000000000000000 ) ) ;
#4075 = DIRECTION ( 'NONE',  ( -0.0000000000000000000, -0.0000000000000000000, -1.000000000000000000 ) ) ;
#4076 = CIRCLE ( 'NONE', #5040, 0.5000000000000013323 ) ;
#4077 = EDGE_LOOP ( 'NONE', ( #5908, #7232, #9179, #2353 ) ) ;
#4078 = VECTOR ( 'NONE', #3650, 1000.000000000000000 ) ;
#4079 = CARTESIAN_POINT ( 'NONE',  ( 3.588812140158144093, -1.106308744963385493, 3.200000000000000622 ) ) ;
#4080 = CARTESIAN_POINT ( 'NONE',  ( 3.059661208386069475, -1.033806404372277443, 3.199999999999999734 ) ) ;
#4081 = ORIENTED_EDGE ( 'NONE', *, *, #6495, .T. ) ;
#4082 = CARTESIAN_POINT ( 'NONE',  ( 3.951152993682848003, -5.368531437872082535, 3.099999999999948574 ) ) ;
#4083 =( BOUNDED_CURVE ( )  B_SPLINE_CURVE ( 3, ( #94, #3228, #7119, #4001 ),
 .UNSPECIFIED., .F., .T. ) 
 B_SPLINE_CURVE_WITH_KNOTS ( ( 4, 4 ),
 ( 0.0000000000000000000, 1.570796326794896558 ),
 .UNSPECIFIED. ) 
 CURVE ( )  GEOMETRIC_REPRESENTATION_ITEM ( )  RATIONAL_B_SPLINE_CURVE ( ( 1.000000000000000000, 0.8047378541243649375, 0.8047378541243649375, 1.000000000000000000 ) ) 
 REPRESENTATION_ITEM ( '' )  );
#4084 = AXIS2_PLACEMENT_3D ( 'NONE', #1150, #5878, #290 ) ;
#4085 = CARTESIAN_POINT ( 'NONE',  ( 4.045659857045531993, -2.011662835748165623, 3.100000000000000977 ) ) ;
#4086 = AXIS2_PLACEMENT_3D ( 'NONE', #9585, #6455, #6296 ) ;
#4087 = CARTESIAN_POINT ( 'NONE',  ( 2.806224775495019141, -0.4329693501223990104, 3.199999999999999734 ) ) ;
#4088 = CARTESIAN_POINT ( 'NONE',  ( 4.610530878519365494, -4.843874005088586898, 3.100000000000052047 ) ) ;
#4089 = FILL_AREA_STYLE_COLOUR ( '', #5652 ) ;
#4090 = CARTESIAN_POINT ( 'NONE',  ( 2.788652449275446088, -0.4556231045921516065, 3.199999999999999734 ) ) ;
#4091 = CARTESIAN_POINT ( 'NONE',  ( 3.612462474533111756, -6.244630380823882554, 3.199999999999998845 ) ) ;
#4092 = CARTESIAN_POINT ( 'NONE',  ( 3.792808978092887529, -0.1062324017491729361, 3.100000000000000977 ) ) ;
#4093 = CARTESIAN_POINT ( 'NONE',  ( 4.442023374737687824, 1.329054724554779243, 3.200000000000001954 ) ) ;
#4094 = ORIENTED_EDGE ( 'NONE', *, *, #7683, .F. ) ;
#4095 = B_SPLINE_CURVE_WITH_KNOTS ( 'NONE', 3,
 ( #9093, #2035, #2829, #3695, #5947, #2183, #6825, #2135, #2882, #2933, #5285 ),
 .UNSPECIFIED., .F., .F.,
 ( 4, 1, 1, 1, 1, 1, 1, 1, 4 ),
 ( 0.0000000000000000000, 6.342457747187466163E-05, 0.0001221230905666935451, 0.0001750669108498452084, 0.0002244914784545854966, 0.0002714353354512572046, 0.0003180858428523202332, 0.0003659399501322447667, 0.0004152234548279562683 ),
 .UNSPECIFIED. ) ;
#4096 = CARTESIAN_POINT ( 'NONE',  ( 4.675054585909970584, -4.429404409011016952, 3.100000000000000977 ) ) ;
#4097 = CARTESIAN_POINT ( 'NONE',  ( 2.874731193177283206, -5.701365401455204207, 3.199999999999985967 ) ) ;
#4098 = CARTESIAN_POINT ( 'NONE',  ( -3.186462900341459292, 8.180974974472158934, 1.200000000000000178 ) ) ;
#4099 = CARTESIAN_POINT ( 'NONE',  ( 2.970135382835162208, 1.326294593696384583, 3.100000000000682210 ) ) ;
#4100 = DIRECTION ( 'NONE',  ( -0.0000000000000000000, -0.0000000000000000000, -1.000000000000000000 ) ) ;
#4101 = CARTESIAN_POINT ( 'NONE',  ( -8.000000000000000000, 3.500000000000000444, 2.200000000000000178 ) ) ;
#4102 = CARTESIAN_POINT ( 'NONE',  ( 8.000000000000000000, -5.000000000000000000, 0.0000000000000000000 ) ) ;
#4103 = ORIENTED_EDGE ( 'NONE', *, *, #4677, .F. ) ;
#4104 =( GEOMETRIC_REPRESENTATION_CONTEXT ( 3 ) GLOBAL_UNCERTAINTY_ASSIGNED_CONTEXT ( ( #4634 ) ) GLOBAL_UNIT_ASSIGNED_CONTEXT ( ( #9155, #2834, #2888 ) ) REPRESENTATION_CONTEXT ( 'NONE', 'WORKASPACE' ) );
#4105 = CARTESIAN_POINT ( 'NONE',  ( -8.000000000000000000, -8.500000000000001776, 1.000000000000000000 ) ) ;
#4106 = VERTEX_POINT ( 'NONE', #4055 ) ;
#4107 = CARTESIAN_POINT ( 'NONE',  ( 4.255616661859390248, -6.302253532710349049, 3.200000000000001510 ) ) ;
#4108 = FACE_OUTER_BOUND ( 'NONE', #8007, .T. ) ;
#4109 = CARTESIAN_POINT ( 'NONE',  ( 3.642092418277242505, -1.451283168663320078, 3.199999999999999734 ) ) ;
#4110 = ADVANCED_FACE ( 'NONE', ( #201 ), #5828, .T. ) ;
#4111 = FACE_BOUND ( 'NONE', #1208, .T. ) ;
#4112 = FILL_AREA_STYLE_COLOUR ( '', #7972 ) ;
#4113 = FACE_OUTER_BOUND ( 'NONE', #1934, .T. ) ;
#4114 = CARTESIAN_POINT ( 'NONE',  ( 4.663802484685075633, -4.755183440163404107, 3.100000000000000533 ) ) ;
#4115 = DIRECTION ( 'NONE',  ( 1.000000000000000000, 0.0000000000000000000, -0.0000000000000000000 ) ) ;
#4116 = CARTESIAN_POINT ( 'NONE',  ( 4.336522646977240214, -5.649032217680331591, 3.200000000000000622 ) ) ;
#4117 = ORIENTED_EDGE ( 'NONE', *, *, #2742, .T. ) ;
#4118 = CARTESIAN_POINT ( 'NONE',  ( 4.559671063076489617, -6.677882090766011025, 3.199999999999999734 ) ) ;
#4119 = CARTESIAN_POINT ( 'NONE',  ( 3.870841588271626055, -0.1775945297761615249, 3.100000000000000533 ) ) ;
#4120 = DIRECTION ( 'NONE',  ( 1.000000000000000000, -0.0000000000000000000, 0.0000000000000000000 ) ) ;
#4121 = VERTEX_POINT ( 'NONE', #497 ) ;
#4122 = VECTOR ( 'NONE', #9603, 1000.000000000000000 ) ;
#4123 = FILL_AREA_STYLE ('',( #9567 ) ) ;
#4124 = EDGE_CURVE ( 'NONE', #7136, #9711, #3581, .T. ) ;
#4125 = CARTESIAN_POINT ( 'NONE',  ( 4.657705291708312600, -4.659284156264510202, 3.100000000000000089 ) ) ;
#4126 = CARTESIAN_POINT ( 'NONE',  ( 3.246149480231378170, -1.485810393123346174, 3.100000000000000977 ) ) ;
#4127 = CARTESIAN_POINT ( 'NONE',  ( -8.000000000000000000, 1.500000000000001332, 1.000000000000000000 ) ) ;
#4128 = EDGE_CURVE ( 'NONE', #9126, #7882, #9079, .T. ) ;
#4129 = B_SPLINE_SURFACE_WITH_KNOTS ( 'NONE', 3, 1, ( 
 ( #2732, #6536 ),
 ( #1806, #7195 ),
 ( #1904, #9675 ),
 ( #8056, #1087 ),
 ( #5845, #4080 ),
 ( #367, #5089 ),
 ( #8199, #1180 ),
 ( #4180, #8951 ),
 ( #9623, #7290 ),
 ( #4278, #3446 ),
 ( #8096, #4893 ),
 ( #1994, #220 ),
 ( #3310, #2642 ),
 ( #4134, #3349 ),
 ( #6435, #4230 ),
 ( #7390, #1125 ),
 ( #7338, #6585 ),
 ( #9571, #419 ),
 ( #5658, #6632 ) ),
 .UNSPECIFIED., .F., .F., .F.,
 ( 4, 1, 1, 1, 1, 1, 1, 1, 1, 1, 1, 1, 1, 1, 1, 1, 4 ),
 ( 2, 2 ),
 ( 0.0000000000000000000, 0.03872360355939428317, 0.07700362875646171723, 0.1153722880384266541, 0.1539347358550740008, 0.1933897439426047471, 0.2343559392421294962, 0.2772396547935260247, 0.3220872688346301249, 0.3726472636306192299, 0.4329476095827013427, 0.5023515870819806883, 0.5819959646762253858, 0.6712366416241908329, 0.7711059858335603812, 0.8804854618446757986, 1.000000000000000000 ),
 ( 0.0000000000000000000, 1.000000000000000000 ),
 .UNSPECIFIED. ) ;
#4130 = EDGE_CURVE ( 'NONE', #1977, #5126, #2713, .T. ) ;
#4131 = VECTOR ( 'NONE', #7733, 1000.000000000000000 ) ;
#4132 = VERTEX_POINT ( 'NONE', #2119 ) ;
#4133 = CYLINDRICAL_SURFACE ( 'NONE', #1942, 0.2500000000000002220 ) ;
#4134 = CARTESIAN_POINT ( 'NONE',  ( 3.384988476614029906, -1.375671184430991900, 3.100000000000000977 ) ) ;
#4135 = CARTESIAN_POINT ( 'NONE',  ( 4.218016742578891254, 0.2281966579512138549, 3.199999999999999289 ) ) ;
#4136 = VERTEX_POINT ( 'NONE', #8930 ) ;
#4137 = CARTESIAN_POINT ( 'NONE',  ( 3.533791345088359126, -1.279731693249097857, 3.200000000000000178 ) ) ;
#4138 = UNCERTAINTY_MEASURE_WITH_UNIT (LENGTH_MEASURE( 1.000000000000000082E-05 ), #596, 'distance_accuracy_value', 'NONE');
#4139 = EDGE_CURVE ( 'NONE', #6115, #4810, #3638, .T. ) ;
#4140 = CARTESIAN_POINT ( 'NONE',  ( 4.088876695448133702, -1.938625910762523885, 3.100000000000000977 ) ) ;
#4141 = FACE_OUTER_BOUND ( 'NONE', #3916, .T. ) ;
#4142 = EDGE_CURVE ( 'NONE', #506, #1405, #9851, .T. ) ;
#4143 = FACE_OUTER_BOUND ( 'NONE', #2431, .T. ) ;
#4144 = PLANE ( 'NONE',  #4183 ) ;
#4145 = LINE ( 'NONE', #9478, #9508 ) ;
#4146 = CARTESIAN_POINT ( 'NONE',  ( 4.048303180600754558, -6.357210321466068237, 3.100000000000000977 ) ) ;
#4147 = CARTESIAN_POINT ( 'NONE',  ( 4.225561176189899903, -5.611400308100495060, 3.100000000000580513 ) ) ;
#4148 = CARTESIAN_POINT ( 'NONE',  ( 4.579992268289229784, 1.349338118840967882, 3.100000000000000533 ) ) ;
#4149 = VERTEX_POINT ( 'NONE', #2868 ) ;
#4150 = CARTESIAN_POINT ( 'NONE',  ( 4.726053944670487894, 1.611330718774915516, 3.100000000000000977 ) ) ;
#4151 = VECTOR ( 'NONE', #335, 1000.000000000000000 ) ;
#4152 = CARTESIAN_POINT ( 'NONE',  ( 4.738548550851483299, -4.551157582838916582, 3.100000000000000977 ) ) ;
#4153 = DIRECTION ( 'NONE',  ( -1.000000000000000000, 0.0000000000000000000, -0.0000000000000000000 ) ) ;
#4154 =( LENGTH_UNIT ( ) NAMED_UNIT ( * ) SI_UNIT ( .MILLI., .METRE. ) );
#4155 = CARTESIAN_POINT ( 'NONE',  ( 2.910317999653890375, 1.329547146508424538, 3.100000000000680878 ) ) ;
#4156 = CARTESIAN_POINT ( 'NONE',  ( 3.268763062871375524, -1.195106366104952800, 3.099999999999658584 ) ) ;
#4157 = LINE ( 'NONE', #2018, #679 ) ;
#4158 = CARTESIAN_POINT ( 'NONE',  ( 4.690408396428963123, 0.1688390286649694150, 3.199999999999989519 ) ) ;
#4159 = VERTEX_POINT ( 'NONE', #5990 ) ;
#4160 = DIRECTION ( 'NONE',  ( 0.9999961633418826823, 0.002770072474631119289, -0.0000000000000000000 ) ) ;
#4161 = COLOUR_RGB ( '',0.7529411764705882248, 0.7529411764705882248, 0.7529411764705882248 ) ;
#4162 = ORIENTED_EDGE ( 'NONE', *, *, #8810, .T. ) ;
#4163 = DIRECTION ( 'NONE',  ( 0.9337325090820074447, -0.3579715093180164120, 0.0000000000000000000 ) ) ;
#4164 = CARTESIAN_POINT ( 'NONE',  ( 3.584083460887554029, -1.409782246693025654, 3.100000000000000089 ) ) ;
#4165 = FACE_OUTER_BOUND ( 'NONE', #4448, .T. ) ;
#4166 = CARTESIAN_POINT ( 'NONE',  ( -3.861792873543973936, 6.820462724888163741, 1.966862915010152424 ) ) ;
#4167 = FILL_AREA_STYLE_COLOUR ( '', #7528 ) ;
#4168 = CARTESIAN_POINT ( 'NONE',  ( 3.742092622250309919, -1.043649001130648957, 3.100000000000000977 ) ) ;
#4169 = CARTESIAN_POINT ( 'NONE',  ( 4.664853709735462317, -4.730495357747679819, 3.100000000000000089 ) ) ;
#4170 = DIRECTION ( 'NONE',  ( -0.001856662228743317282, 0.9999982764011988712, 0.0000000000000000000 ) ) ;
#4171 = CARTESIAN_POINT ( 'NONE',  ( 4.691215651401699382, -5.936162904553087039, 3.099999999999999645 ) ) ;
#4172 = ORIENTED_EDGE ( 'NONE', *, *, #9338, .T. ) ;
#4173 = VERTEX_POINT ( 'NONE', #5223 ) ;
#4174 = SURFACE_STYLE_FILL_AREA ( #8380 ) ;
#4175 = CARTESIAN_POINT ( 'NONE',  ( 3.830036715123353197, -0.1445362186511515712, 3.200000000000000622 ) ) ;
#4176 =( NAMED_UNIT ( * ) SI_UNIT ( $, .STERADIAN. ) SOLID_ANGLE_UNIT ( ) );
#4177 = ORIENTED_EDGE ( 'NONE', *, *, #8116, .T. ) ;
#4178 = CARTESIAN_POINT ( 'NONE',  ( 3.367534750181249148, -1.598355723998948985, 3.100000000000001421 ) ) ;
#4179 = CARTESIAN_POINT ( 'NONE',  ( 4.284361512440463038, -5.729073871458844280, 3.100000000000000533 ) ) ;
#4180 = CARTESIAN_POINT ( 'NONE',  ( 3.167258482743498416, -1.092408388752163173, 3.100000000000000977 ) ) ;
#4181 = B_SPLINE_CURVE_WITH_KNOTS ( 'NONE', 3,
 ( #366, #9674, #4371, #1232, #8901, #7389, #418, #6630, #4324, #8860, #2731 ),
 .UNSPECIFIED., .F., .F.,
 ( 4, 1, 1, 1, 1, 1, 1, 1, 4 ),
 ( 0.0000000000000000000, 4.203843014545481784E-05, 9.232062674388007162E-05, 0.0001518103204039272921, 0.0002201143940546419037, 0.0002968200218485201117, 0.0003828267701110956182, 0.0004777310280269008520, 0.0005815291387016336289 ),
 .UNSPECIFIED. ) ;
#4182 = CARTESIAN_POINT ( 'NONE',  ( 4.365156639601385002, 0.2539027283021715875, 3.100000000000000977 ) ) ;
#4183 = AXIS2_PLACEMENT_3D ( 'NONE', #6493, #1866, #2511 ) ;
#4184 = ORIENTED_EDGE ( 'NONE', *, *, #2998, .F. ) ;
#4185 = ADVANCED_FACE ( 'NONE', ( #2765 ), #8337, .F. ) ;
#4186 = CARTESIAN_POINT ( 'NONE',  ( 3.200597338776523859, -6.137166171106862578, 3.199999999999997069 ) ) ;
#4187 = FACE_OUTER_BOUND ( 'NONE', #3820, .T. ) ;
#4188 = MECHANICAL_DESIGN_GEOMETRIC_PRESENTATION_REPRESENTATION (  '', ( #6961 ), #3845 ) ;
#4189 = CARTESIAN_POINT ( 'NONE',  ( 3.063335129396779877, -4.914441141544138247, 3.100000000000000977 ) ) ;
#4190 = DIRECTION ( 'NONE',  ( 0.0000000000000000000, 0.0000000000000000000, 1.000000000000000000 ) ) ;
#4191 = CARTESIAN_POINT ( 'NONE',  ( 3.201203626358736010, -1.120548990084573537, 3.199999999999987743 ) ) ;
#4192 = CARTESIAN_POINT ( 'NONE',  ( 3.993792958987290920, -6.356147583489080155, 3.200000000000000178 ) ) ;
#4193 = CARTESIAN_POINT ( 'NONE',  ( 4.453544764680929191, -5.704899052143112215, 3.100000000000580513 ) ) ;
#4194 = ADVANCED_FACE ( 'NONE', ( #81 ), #3784, .F. ) ;
#4195 = CARTESIAN_POINT ( 'NONE',  ( 4.646685396460228823, 1.421326935695984117, 3.100000000000000977 ) ) ;
#4196 = ORIENTED_EDGE ( 'NONE', *, *, #6382, .T. ) ;
#4197 = VECTOR ( 'NONE', #9827, 1000.000000000000000 ) ;
#4198 = EDGE_CURVE ( 'NONE', #2983, #9711, #847, .T. ) ;
#4199 = ADVANCED_FACE ( 'NONE', ( #5271 ), #6582, .T. ) ;
#4200 = SURFACE_SIDE_STYLE ('',( #4754 ) ) ;
#4201 = SURFACE_STYLE_USAGE ( .BOTH. , #8072 ) ;
#4202 = CARTESIAN_POINT ( 'NONE',  ( 2.797595321543739022, -5.637415229455133847, 3.199999999999984635 ) ) ;
#4203 = CARTESIAN_POINT ( 'NONE',  ( 3.004031937540677433, -1.756910698751239508, 3.100000000000032951 ) ) ;
#4204 = CARTESIAN_POINT ( 'NONE',  ( 8.000000000000000000, 0.0000000000000000000, 0.0000000000000000000 ) ) ;
#4205 =( NAMED_UNIT ( * ) PLANE_ANGLE_UNIT ( ) SI_UNIT ( $, .RADIAN. ) );
#4206 = CARTESIAN_POINT ( 'NONE',  ( -3.741792873543973830, 6.820462724888164630, 2.000000000000000000 ) ) ;
#4207 = CARTESIAN_POINT ( 'NONE',  ( -2.000000000000000888, 8.000000000000000000, 1.200000000000000178 ) ) ;
#4208 = ORIENTED_EDGE ( 'NONE', *, *, #10018, .F. ) ;
#4209 = DIRECTION ( 'NONE',  ( -0.002274444458183354136, 0.9999974134478581966, -0.0000000000000000000 ) ) ;
#4210 = VERTEX_POINT ( 'NONE', #5467 ) ;
#4211 = CARTESIAN_POINT ( 'NONE',  ( 2.955209867642156318, -2.178133683751636962, 3.100000000000000533 ) ) ;
#4212 = UNCERTAINTY_MEASURE_WITH_UNIT (LENGTH_MEASURE( 1.000000000000000082E-05 ), #9906, 'distance_accuracy_value', 'NONE');
#4213 = CARTESIAN_POINT ( 'NONE',  ( 2.872076012281330915, -2.206043497250824270, 3.099999999999847766 ) ) ;
#4214 = DIRECTION ( 'NONE',  ( -1.000000000000000000, 0.0000000000000000000, 0.0000000000000000000 ) ) ;
#4215 = DIRECTION ( 'NONE',  ( -1.000000000000000000, 0.0000000000000000000, 0.0000000000000000000 ) ) ;
#4216 = FILL_AREA_STYLE ('',( #3481 ) ) ;
#4217 = CARTESIAN_POINT ( 'NONE',  ( 2.861065633721242563, -2.235380675493653602, 3.200000000000006395 ) ) ;
#4218 = ORIENTED_EDGE ( 'NONE', *, *, #6939, .T. ) ;
#4219 = ORIENTED_EDGE ( 'NONE', *, *, #3002, .F. ) ;
#4220 = VECTOR ( 'NONE', #2749, 1000.000000000000000 ) ;
#4221 = CARTESIAN_POINT ( 'NONE',  ( 3.710765464547603809, -1.463961848755308326, 3.100000000000000977 ) ) ;
#4222 = CARTESIAN_POINT ( 'NONE',  ( 4.631865082010099499, 1.396539325774281748, 3.100000000000804334 ) ) ;
#4223 = ORIENTED_EDGE ( 'NONE', *, *, #7012, .T. ) ;
#4224 =( LENGTH_UNIT ( ) NAMED_UNIT ( * ) SI_UNIT ( .MILLI., .METRE. ) );
#4225 = PRESENTATION_LAYER_ASSIGNMENT (  '', '', ( #2434 ) ) ;
#4226 = CARTESIAN_POINT ( 'NONE',  ( -5.623374259945933318, 7.306703898802611619, 2.000000000000000444 ) ) ;
#4227 = FILL_AREA_STYLE ('',( #6581 ) ) ;
#4228 = CARTESIAN_POINT ( 'NONE',  ( 3.990925730035903563, -1.672598375920077096, 3.100000000000001865 ) ) ;
#4229 = DIRECTION ( 'NONE',  ( 0.0000000000000000000, 0.0000000000000000000, 1.000000000000000000 ) ) ;
#4230 = CARTESIAN_POINT ( 'NONE',  ( 3.429221030508524670, -1.456293145731938354, 3.199999999999998401 ) ) ;
#4231 = DIRECTION ( 'NONE',  ( 0.0000000000000000000, 0.0000000000000000000, 1.000000000000000000 ) ) ;
#4232 = ORIENTED_EDGE ( 'NONE', *, *, #7614, .F. ) ;
#4233 = CARTESIAN_POINT ( 'NONE',  ( 3.640731487194883709, -4.066864314417168558, 3.200000000000001954 ) ) ;
#4234 = UNCERTAINTY_MEASURE_WITH_UNIT (LENGTH_MEASURE( 1.000000000000000082E-05 ), #6909, 'distance_accuracy_value', 'NONE');
#4235 = CARTESIAN_POINT ( 'NONE',  ( 3.723250347043625119, 0.8479693318753206421, 3.200000000000000178 ) ) ;
#4236 = CARTESIAN_POINT ( 'NONE',  ( 3.550691435402186347, -3.690006489136672840, 3.200000000000000178 ) ) ;
#4237 = AXIS2_PLACEMENT_3D ( 'NONE', #4312, #5788, #8889 ) ;
#4238 = CARTESIAN_POINT ( 'NONE',  ( -3.741792873543974274, 4.780462724888166370, 2.000000000000000444 ) ) ;
#4239 = DIRECTION ( 'NONE',  ( -0.0000000000000000000, 0.0000000000000000000, 1.000000000000000000 ) ) ;
#4240 = SURFACE_SIDE_STYLE ('',( #1134 ) ) ;
#4241 = CARTESIAN_POINT ( 'NONE',  ( 3.305052771020458469, -1.245020109674152220, 3.199999999999987299 ) ) ;
#4242 = CARTESIAN_POINT ( 'NONE',  ( 4.171994041666753361, 5.159564388466884033, 3.100000000000000977 ) ) ;
#4243 = CARTESIAN_POINT ( 'NONE',  ( 4.735181520262772281, -6.028707354500979498, 3.100000000000580513 ) ) ;
#4244 = CARTESIAN_POINT ( 'NONE',  ( 4.406358943775487091, 1.328034797976910708, 3.199999999999998845 ) ) ;
#4245 = VERTEX_POINT ( 'NONE', #8571 ) ;
#4246 = COLOUR_RGB ( '',0.7921568627450980005, 0.8196078431372548767, 0.9333333333333333481 ) ;
#4247 =( GEOMETRIC_REPRESENTATION_CONTEXT ( 3 ) GLOBAL_UNCERTAINTY_ASSIGNED_CONTEXT ( ( #2405 ) ) GLOBAL_UNIT_ASSIGNED_CONTEXT ( ( #8025, #1875, #7261 ) ) REPRESENTATION_CONTEXT ( 'NONE', 'WORKASPACE' ) );
#4248 = ORIENTED_EDGE ( 'NONE', *, *, #1583, .T. ) ;
#4249 =( NAMED_UNIT ( * ) PLANE_ANGLE_UNIT ( ) SI_UNIT ( $, .RADIAN. ) );
#4250 = ADVANCED_FACE ( 'NONE', ( #1616 ), #7160, .F. ) ;
#4251 = STYLED_ITEM ( 'NONE', ( #4437 ), #6743 ) ;
#4252 = SURFACE_SIDE_STYLE ('',( #2755 ) ) ;
#4253 = CARTESIAN_POINT ( 'NONE',  ( 3.681336812949838944, -4.065915020475253883, 3.100000000000777245 ) ) ;
#4254 = EDGE_CURVE ( 'NONE', #2941, #9566, #9484, .T. ) ;
#4255 = CARTESIAN_POINT ( 'NONE',  ( -3.815479861596729361, 6.562189844999582355, 2.000000000000000000 ) ) ;
#4256 = CARTESIAN_POINT ( 'NONE',  ( 3.856585313269659920, -1.388028898555263346, 3.100000000000000977 ) ) ;
#4257 = EDGE_CURVE ( 'NONE', #4159, #717, #5569, .T. ) ;
#4258 = FACE_OUTER_BOUND ( 'NONE', #5399, .T. ) ;
#4259 = ORIENTED_EDGE ( 'NONE', *, *, #6440, .T. ) ;
#4260 = CARTESIAN_POINT ( 'NONE',  ( 8.000000000000000000, -8.500000000000000000, 1.000000000000000000 ) ) ;
#4261 = AXIS2_PLACEMENT_3D ( 'NONE', #2036, #9718, #1992 ) ;
#4262 = DIRECTION ( 'NONE',  ( -0.002034583784806286762, 0.9999979302322693497, 0.0000000000000000000 ) ) ;
#4263 = CARTESIAN_POINT ( 'NONE',  ( -3.861792873543974380, 8.620462724888165340, 1.920000000000000151 ) ) ;
#4264 = CARTESIAN_POINT ( 'NONE',  ( 2.940788076745408652, -1.497069072316779881, 3.200000000000000178 ) ) ;
#4265 = AXIS2_PLACEMENT_3D ( 'NONE', #1332, #7635, #2937 ) ;
#4266 = CARTESIAN_POINT ( 'NONE',  ( 3.832641900575986860, -4.918496093054779195, 3.199999999999999734 ) ) ;
#4267 = CARTESIAN_POINT ( 'NONE',  ( 8.000000000000000000, 1.000000000000000888, 1.000000000000000000 ) ) ;
#4268 = EDGE_CURVE ( 'NONE', #7039, #39, #1004, .T. ) ;
#4269 = ORIENTED_EDGE ( 'NONE', *, *, #7499, .F. ) ;
#4270 = VERTEX_POINT ( 'NONE', #9375 ) ;
#4271 = CARTESIAN_POINT ( 'NONE',  ( 3.709212362585258216, 0.02010129322543862188, 3.199999999999998401 ) ) ;
#4272 = LINE ( 'NONE', #1989, #2659 ) ;
#4273 = ORIENTED_EDGE ( 'NONE', *, *, #4320, .F. ) ;
#4274 = CARTESIAN_POINT ( 'NONE',  ( 4.769305144745993097, -4.721817240176951813, 3.150000000000000799 ) ) ;
#4275 = CARTESIAN_POINT ( 'NONE',  ( -3.899327124854533810, 7.288180659803811245, 2.000000000000000444 ) ) ;
#4276 = CARTESIAN_POINT ( 'NONE',  ( 4.004789300501763627, -1.648132082281436483, 3.100000000000000089 ) ) ;
#4277 = LINE ( 'NONE', #9049, #7958 ) ;
#4278 = CARTESIAN_POINT ( 'NONE',  ( 3.234626779371796879, -1.154138825265902391, 3.099999999999999645 ) ) ;
#4279 = AXIS2_PLACEMENT_3D ( 'NONE', #6721, #5332, #9912 ) ;
#4280 = LINE ( 'NONE', #8253, #6345 ) ;
#4281 = EDGE_LOOP ( 'NONE', ( #4966, #8510, #8756, #9861 ) ) ;
#4282 = CARTESIAN_POINT ( 'NONE',  ( 4.021261907689257953, -1.574127979970151525, 3.100000000000623590 ) ) ;
#4283 = CARTESIAN_POINT ( 'NONE',  ( 3.919979018374712076, -1.364446945643603692, 3.099999999999593303 ) ) ;
#4284 = VECTOR ( 'NONE', #3477, 1000.000000000000000 ) ;
#4285 = CARTESIAN_POINT ( 'NONE',  ( 2.721743117402081413, -1.842528091945155433, 3.100000000000000977 ) ) ;
#4286 = CARTESIAN_POINT ( 'NONE',  ( 4.690408396428963123, 0.1688390286649694150, 3.100000000000000977 ) ) ;
#4287 = CARTESIAN_POINT ( 'NONE',  ( 3.080278898498522544, -6.015659607467767955, 3.200000000000000178 ) ) ;
#4288 = DIRECTION ( 'NONE',  ( 0.0000000000000000000, 0.0000000000000000000, 1.000000000000000000 ) ) ;
#4289 = CARTESIAN_POINT ( 'NONE',  ( 3.944854358484048085, -4.523590052809357331, 3.100000000000000977 ) ) ;
#4290 = CARTESIAN_POINT ( 'NONE',  ( 2.758600806142278650, -0.5113664654229562734, 3.100000000000002753 ) ) ;
#4291 = B_SPLINE_SURFACE_WITH_KNOTS ( 'NONE', 3, 1, ( 
 ( #7908, #2556 ),
 ( #9575, #1046 ),
 ( #224, #3315 ),
 ( #3206, #4025 ),
 ( #8615, #2602 ),
 ( #174, #7249 ),
 ( #6441, #4688 ),
 ( #4140, #5713 ),
 ( #2508, #7103 ),
 ( #4085, #7804 ),
 ( #8716, #7148 ),
 ( #3262, #833 ),
 ( #4898, #7961 ),
 ( #274, #7050 ),
 ( #6286, #68 ) ),
 .UNSPECIFIED., .F., .F., .F.,
 ( 4, 1, 1, 1, 1, 1, 1, 1, 1, 1, 1, 1, 4 ),
 ( 2, 2 ),
 ( 0.0000000000000000000, 0.08449687381656703633, 0.1653253072689054581, 0.2413847317766054934, 0.3145098659532472030, 0.3841308713579734135, 0.4511905749312511427, 0.5163427178866346612, 0.5795297388642167702, 0.6984975593608423461, 0.8070122435723361409, 0.9067467480329558516, 1.000000000000000000 ),
 ( 0.0000000000000000000, 1.000000000000000000 ),
 .UNSPECIFIED. ) ;
#4292 = ORIENTED_EDGE ( 'NONE', *, *, #7056, .T. ) ;
#4293 = CARTESIAN_POINT ( 'NONE',  ( -8.000000000000000000, -0.4999999999999995559, 2.200000000000000178 ) ) ;
#4294 = ORIENTED_EDGE ( 'NONE', *, *, #8168, .T. ) ;
#4295 = AXIS2_PLACEMENT_3D ( 'NONE', #5972, #484, #7403 ) ;
#4296 = CARTESIAN_POINT ( 'NONE',  ( 4.617257111490873811, 0.8497528865176094959, 3.100000000000066702 ) ) ;
#4297 = CARTESIAN_POINT ( 'NONE',  ( 2.952284052418825855, -4.236818521313349351, 3.200000000000001066 ) ) ;
#4298 = CARTESIAN_POINT ( 'NONE',  ( -4.386619975730968513, 5.914995690019474672, 2.000000000000000000 ) ) ;
#4299 = B_SPLINE_CURVE_WITH_KNOTS ( 'NONE', 3,
 ( #5191, #4525, #1388, #5474, #1338, #6064, #7433, #4325, #7640, #9335, #7021, #5135, #6253, #2090, #8354, #1281, #3602, #6726, #468 ),
 .UNSPECIFIED., .F., .F.,
 ( 4, 1, 1, 1, 1, 1, 1, 1, 1, 1, 1, 1, 1, 1, 1, 1, 4 ),
 ( 0.0000000000000000000, 5.592553824132777998E-05, 0.0001085438699185485670, 0.0001580657748806322735, 0.0002044457995530623066, 0.0002481135050124854444, 0.0002893806331225302572, 0.0003293688997513540646, 0.0003683932119196793500, 0.0004073721088260264531, 0.0004476081502823156728, 0.0004898672540049193698, 0.0005343653541259200728, 0.0005816030951308982571, 0.0006324369748987499450, 0.0006867793848303158262, 0.0007449219987118687984 ),
 .UNSPECIFIED. ) ;
#4300 = CARTESIAN_POINT ( 'NONE',  ( 3.193770270993409710, -6.786792562979873544, 3.200000000000003286 ) ) ;
#4301 = CARTESIAN_POINT ( 'NONE',  ( 4.617703000151444748, 0.6887870800510477176, 3.099999999999740741 ) ) ;
#4302 = ORIENTED_EDGE ( 'NONE', *, *, #827, .T. ) ;
#4303 = VERTEX_POINT ( 'NONE', #4150 ) ;
#4304 = MECHANICAL_DESIGN_GEOMETRIC_PRESENTATION_REPRESENTATION (  '', ( #9680 ), #5933 ) ;
#4305 = CARTESIAN_POINT ( 'NONE',  ( 4.323416484173798757, -5.280961620534480261, 3.100000000000000977 ) ) ;
#4306 = ADVANCED_FACE ( 'NONE', ( #186 ), #948, .F. ) ;
#4307 = ADVANCED_FACE ( 'NONE', ( #134 ), #3218, .T. ) ;
#4308 = CARTESIAN_POINT ( 'NONE',  ( 2.789621201109377058, -4.616987300948269812, 3.200000000000001510 ) ) ;
#4309 = CARTESIAN_POINT ( 'NONE',  ( 3.231848620410831874, -4.526038353395975378, 3.199999999999990408 ) ) ;
#4310 = CARTESIAN_POINT ( 'NONE',  ( -5.741792873543974274, 6.820462724888162853, 2.000000000000000444 ) ) ;
#4311 = CARTESIAN_POINT ( 'NONE',  ( 3.932941075090497840, -1.127805566097255685, 3.100000000000000533 ) ) ;
#4312 = CARTESIAN_POINT ( 'NONE',  ( 0.0000000000000000000, 0.0000000000000000000, 3.200000000000000178 ) ) ;
#4313 = VERTEX_POINT ( 'NONE', #5920 ) ;
#4314 = ORIENTED_EDGE ( 'NONE', *, *, #3318, .T. ) ;
#4315 = EDGE_CURVE ( 'NONE', #8685, #9935, #486, .T. ) ;
#4316 =( NAMED_UNIT ( * ) SI_UNIT ( $, .STERADIAN. ) SOLID_ANGLE_UNIT ( ) );
#4317 = CARTESIAN_POINT ( 'NONE',  ( 4.401127661500168209, -4.200531107630911976, 3.100000000000632028 ) ) ;
#4318 = ORIENTED_EDGE ( 'NONE', *, *, #7421, .F. ) ;
#4319 = CARTESIAN_POINT ( 'NONE',  ( -3.661792873543973315, 4.620462724888163564, 1.920000000000000151 ) ) ;
#4320 = EDGE_CURVE ( 'NONE', #7009, #4404, #386, .T. ) ;
#4321 = EDGE_CURVE ( 'NONE', #5893, #7379, #2702, .T. ) ;
#4322 = LINE ( 'NONE', #8247, #3596 ) ;
#4323 = CARTESIAN_POINT ( 'NONE',  ( 4.014618947186716191, -1.621498449057540148, 3.100000000000001421 ) ) ;
#4324 = CARTESIAN_POINT ( 'NONE',  ( 3.412753203352395737, -4.522101904142380668, 3.100000000000550759 ) ) ;
#4325 = CARTESIAN_POINT ( 'NONE',  ( 4.443882122998942030, 0.2882953889453435115, 3.099999999999996536 ) ) ;
#4326 = ORIENTED_EDGE ( 'NONE', *, *, #654, .T. ) ;
#4327 = ORIENTED_EDGE ( 'NONE', *, *, #6997, .T. ) ;
#4328 = CARTESIAN_POINT ( 'NONE',  ( 2.780231788656412295, -4.822664572959793006, 3.200000000000002398 ) ) ;
#4329 = CARTESIAN_POINT ( 'NONE',  ( 3.990925730035903563, -1.672598375920077096, 3.100000000000625811 ) ) ;
#4330 =( NAMED_UNIT ( * ) SI_UNIT ( $, .STERADIAN. ) SOLID_ANGLE_UNIT ( ) );
#4331 = CARTESIAN_POINT ( 'NONE',  ( 3.948693736415206157, -1.373598374677317047, 3.099999999999594191 ) ) ;
#4332 = DIRECTION ( 'NONE',  ( 0.001042752300659718998, -0.9999994563336719322, 0.0000000000000000000 ) ) ;
#4333 = CARTESIAN_POINT ( 'NONE',  ( 2.685221545231559315, -5.571108612877292643, 3.100000000000000977 ) ) ;
#4334 = CARTESIAN_POINT ( 'NONE',  ( 0.1062067755494594673, 4.851300258385033537, 3.100000000000000977 ) ) ;
#4335 = CARTESIAN_POINT ( 'NONE',  ( 4.501904150784301173, -4.550888288282706640, 3.100000000000000977 ) ) ;
#4336 = CARTESIAN_POINT ( 'NONE',  ( 2.748778505874214684, -0.5488092342505128673, 3.100000000000004086 ) ) ;
#4337 = ORIENTED_EDGE ( 'NONE', *, *, #3855, .T. ) ;
#4338 = LINE ( 'NONE', #2011, #6598 ) ;
#4339 = ORIENTED_EDGE ( 'NONE', *, *, #6864, .F. ) ;
#4340 = FACE_OUTER_BOUND ( 'NONE', #5770, .T. ) ;
#4341 = AXIS2_PLACEMENT_3D ( 'NONE', #2670, #6570, #9658 ) ;
#4342 = FILL_AREA_STYLE_COLOUR ( '', #8150 ) ;
#4343 = CARTESIAN_POINT ( 'NONE',  ( 3.901286313554749086, 0.2840659784767635698, 3.100000000000000977 ) ) ;
#4344 = CARTESIAN_POINT ( 'NONE',  ( 3.206465389440453340, -4.131460653579368092, 3.200000000000000178 ) ) ;
#4345 = CARTESIAN_POINT ( 'NONE',  ( 3.429221030508524226, -1.456293145731938132, 3.099999999999659028 ) ) ;
#4346 = CARTESIAN_POINT ( 'NONE',  ( 3.084715785782439657, -6.589373463463131131, 3.200000000000004174 ) ) ;
#4347 = ORIENTED_EDGE ( 'NONE', *, *, #3502, .F. ) ;
#4348 = DIRECTION ( 'NONE',  ( -1.000000000000000000, 0.0000000000000000000, -0.0000000000000000000 ) ) ;
#4349 = LINE ( 'NONE', #7318, #7832 ) ;
#4350 = ORIENTED_EDGE ( 'NONE', *, *, #9342, .T. ) ;
#4351 = CARTESIAN_POINT ( 'NONE',  ( 4.617754521284752833, -5.091687513518826869, 3.100000000000000089 ) ) ;
#4352 = VECTOR ( 'NONE', #7551, 1000.000000000000000 ) ;
#4353 = SURFACE_STYLE_FILL_AREA ( #5785 ) ;
#4354 = DIRECTION ( 'NONE',  ( -1.000000000000000000, 0.0000000000000000000, 0.0000000000000000000 ) ) ;
#4355 = CARTESIAN_POINT ( 'NONE',  ( 4.134185310312232353, -1.603814435923812010, 3.100000000000000533 ) ) ;
#4356 = ADVANCED_FACE ( 'NONE', ( #4340 ), #8875, .F. ) ;
#4357 = CARTESIAN_POINT ( 'NONE',  ( 3.571088389994320433, -6.476165631683487689, 3.100000000000000977 ) ) ;
#4358 = CARTESIAN_POINT ( 'NONE',  ( 4.563189244563087499, 1.342585095770339132, 3.199999999999995293 ) ) ;
#4359 = VERTEX_POINT ( 'NONE', #2656 ) ;
#4360 = ORIENTED_EDGE ( 'NONE', *, *, #7371, .F. ) ;
#4361 = EDGE_CURVE ( 'NONE', #7436, #4132, #4807, .T. ) ;
#4362 = VECTOR ( 'NONE', #6301, 1000.000000000000000 ) ;
#4363 =( LENGTH_UNIT ( ) NAMED_UNIT ( * ) SI_UNIT ( .MILLI., .METRE. ) );
#4364 = VERTEX_POINT ( 'NONE', #8970 ) ;
#4365 = FACE_OUTER_BOUND ( 'NONE', #1153, .T. ) ;
#4366 = CARTESIAN_POINT ( 'NONE',  ( 3.539013652002987786, -6.203259498997477195, 3.100000000000554756 ) ) ;
#4367 = EDGE_CURVE ( 'NONE', #7509, #8134, #6156, .T. ) ;
#4368 = CARTESIAN_POINT ( 'NONE',  ( -5.329773148623095480, 7.624253010728367919, 2.000000000000000000 ) ) ;
#4369 = VECTOR ( 'NONE', #3904, 1000.000000000000000 ) ;
#4370 = CARTESIAN_POINT ( 'NONE',  ( 4.021549860966421974, -1.564286797384051964, 3.100000000000000977 ) ) ;
#4371 = CARTESIAN_POINT ( 'NONE',  ( 2.977248734700789878, -4.545250538081153202, 3.100000000000550315 ) ) ;
#4372 = ADVANCED_FACE ( 'NONE', ( #4394 ), #5975, .F. ) ;
#4373 = CARTESIAN_POINT ( 'NONE',  ( 3.977406883569775786, -1.403320990917490185, 3.100000000000000977 ) ) ;
#4374 = ADVANCED_FACE ( 'NONE', ( #7759, #2961 ), #4542, .T. ) ;
#4375 = ORIENTED_EDGE ( 'NONE', *, *, #7196, .T. ) ;
#4376 = CARTESIAN_POINT ( 'NONE',  ( 4.106903564825802988, -1.443966481565726490, 3.099999999999572431 ) ) ;
#4377 = ORIENTED_EDGE ( 'NONE', *, *, #3362, .T. ) ;
#4378 = FILL_AREA_STYLE_COLOUR ( '', #7223 ) ;
#4379 = CARTESIAN_POINT ( 'NONE',  ( 3.742092622250309919, -1.043649001130648957, 3.199999999999987299 ) ) ;
#4380 = DIRECTION ( 'NONE',  ( 0.0000000000000000000, 0.0000000000000000000, 1.000000000000000000 ) ) ;
#4381 = CARTESIAN_POINT ( 'NONE',  ( 3.717453794456186511, -1.755573032769523367, 3.100000000000000977 ) ) ;
#4382 = DIRECTION ( 'NONE',  ( 1.334402673828313093E-16, -1.000000000000000000, 0.0000000000000000000 ) ) ;
#4383 = FILL_AREA_STYLE_COLOUR ( '', #7487 ) ;
#4384 = CARTESIAN_POINT ( 'NONE',  ( 4.580150227923904360, -0.06873004423787307249, 3.199999999999998401 ) ) ;
#4385 = SURFACE_SIDE_STYLE ('',( #479 ) ) ;
#4386 = CARTESIAN_POINT ( 'NONE',  ( 3.525785188279203286, -1.647954819218605094, 3.199999999999987299 ) ) ;
#4387 = VECTOR ( 'NONE', #4231, 1000.000000000000000 ) ;
#4388 = CARTESIAN_POINT ( 'NONE',  ( 2.849436954937570654, 1.339504072911167132, 3.100000000000000977 ) ) ;
#4389 = CARTESIAN_POINT ( 'NONE',  ( 2.744970625748234028, -0.5877921551671416722, 3.100000000000000977 ) ) ;
#4390 = VERTEX_POINT ( 'NONE', #5261 ) ;
#4391 = B_SPLINE_CURVE_WITH_KNOTS ( 'NONE', 3,
 ( #3621, #1194, #6742, #4290, #4336, #589, #538 ),
 .UNSPECIFIED., .F., .F.,
 ( 4, 1, 1, 1, 4 ),
 ( 5.421010862427522170E-20, 3.820595584766527092E-05, 7.602792249390196843E-05, 0.0001144244329194089946, 0.0001540813548988830451 ),
 .UNSPECIFIED. ) ;
#4392 = PLANE ( 'NONE',  #578 ) ;
#4393 = ORIENTED_EDGE ( 'NONE', *, *, #4068, .T. ) ;
#4394 = FACE_OUTER_BOUND ( 'NONE', #6223, .T. ) ;
#4395 = CIRCLE ( 'NONE', #4884, 0.5000000000000004441 ) ;
#4396 = CARTESIAN_POINT ( 'NONE',  ( 2.742741182445372239, 0.5630464777696894130, 3.100000000000000977 ) ) ;
#4397 = SURFACE_SIDE_STYLE ('',( #5775 ) ) ;
#4398 = DIRECTION ( 'NONE',  ( -0.0000000000000000000, 0.0000000000000000000, 1.000000000000000000 ) ) ;
#4399 = CARTESIAN_POINT ( 'NONE',  ( 2.687896877194992484, 0.05473340471738889768, 3.100000000000000977 ) ) ;
#4400 = DIRECTION ( 'NONE',  ( -1.000000000000000000, 0.0000000000000000000, 0.0000000000000000000 ) ) ;
#4401 = MECHANICAL_DESIGN_GEOMETRIC_PRESENTATION_REPRESENTATION (  '', ( #6191 ), #185 ) ;
#4402 =( GEOMETRIC_REPRESENTATION_CONTEXT ( 3 ) GLOBAL_UNCERTAINTY_ASSIGNED_CONTEXT ( ( #4836 ) ) GLOBAL_UNIT_ASSIGNED_CONTEXT ( ( #6890, #4485, #5398 ) ) REPRESENTATION_CONTEXT ( 'NONE', 'WORKASPACE' ) );
#4403 = CARTESIAN_POINT ( 'NONE',  ( -3.186462900341459292, 8.180974974472158934, 1.000000000000000000 ) ) ;
#4404 = VERTEX_POINT ( 'NONE', #6082 ) ;
#4405 = CARTESIAN_POINT ( 'NONE',  ( 4.373104652323418939, -5.262124450917020191, 3.100000000000000977 ) ) ;
#4406 =( BOUNDED_CURVE ( )  B_SPLINE_CURVE ( 3, ( #5864, #2853, #2698, #431 ),
 .UNSPECIFIED., .F., .T. ) 
 B_SPLINE_CURVE_WITH_KNOTS ( ( 4, 4 ),
 ( 0.0000000000000000000, 1.000000000000000000 ),
 .UNSPECIFIED. ) 
 CURVE ( )  GEOMETRIC_REPRESENTATION_ITEM ( )  RATIONAL_B_SPLINE_CURVE ( ( 1.000000000000000000, 0.3333333333333317050, 0.3333333333333317050, 1.000000000000000000 ) ) 
 REPRESENTATION_ITEM ( '' )  );
#4407 = VECTOR ( 'NONE', #3129, 1000.000000000000000 ) ;
#4408 = CIRCLE ( 'NONE', #3915, 0.5000000000000004441 ) ;
#4409 = SURFACE_SIDE_STYLE ('',( #1315 ) ) ;
#4410 = CARTESIAN_POINT ( 'NONE',  ( 4.351670362818344628, -4.910860022916068601, 3.200000000000006395 ) ) ;
#4411 = FACE_OUTER_BOUND ( 'NONE', #4527, .T. ) ;
#4412 = CARTESIAN_POINT ( 'NONE',  ( 4.473897345443878848, 1.329916849650920385, 3.199999999999993960 ) ) ;
#4413 = EDGE_LOOP ( 'NONE', ( #197, #6729, #5683, #6047 ) ) ;
#4414 = ORIENTED_EDGE ( 'NONE', *, *, #5913, .F. ) ;
#4415 = PRESENTATION_LAYER_ASSIGNMENT (  '', '', ( #4251 ) ) ;
#4416 = PLANE ( 'NONE',  #9487 ) ;
#4417 = ORIENTED_EDGE ( 'NONE', *, *, #1960, .T. ) ;
#4418 = FILL_AREA_STYLE_COLOUR ( '', #9602 ) ;
#4419 = DIRECTION ( 'NONE',  ( 0.0000000000000000000, 0.0000000000000000000, 1.000000000000000000 ) ) ;
#4420 = CARTESIAN_POINT ( 'NONE',  ( 4.348408131165849788, -4.177891176915538018, 3.100000000000000533 ) ) ;
#4421 = DIRECTION ( 'NONE',  ( -1.000000000000000000, 0.0000000000000000000, 0.0000000000000000000 ) ) ;
#4422 = VECTOR ( 'NONE', #7646, 1000.000000000000000 ) ;
#4423 = CARTESIAN_POINT ( 'NONE',  ( -5.679186802165058445, 7.165506995440821925, 1.999999999999999556 ) ) ;
#4424 = CARTESIAN_POINT ( 'NONE',  ( 3.861200433536595256, -2.155922524721872513, 3.099999999999606626 ) ) ;
#4425 = CARTESIAN_POINT ( 'NONE',  ( 4.489176389382198096, -0.1593334308900931362, 3.099999999999908606 ) ) ;
#4426 = DIRECTION ( 'NONE',  ( 1.000000000000000000, 0.0000000000000000000, 0.0000000000000000000 ) ) ;
#4427 = CARTESIAN_POINT ( 'NONE',  ( 4.768820050271986410, -4.707379567032266898, 3.200000000000009059 ) ) ;
#4428 = FACE_OUTER_BOUND ( 'NONE', #4784, .T. ) ;
#4429 = MECHANICAL_DESIGN_GEOMETRIC_PRESENTATION_REPRESENTATION (  '', ( #2786 ), #8969 ) ;
#4430 = EDGE_LOOP ( 'NONE', ( #3439, #9524, #1846, #636 ) ) ;
#4431 = STYLED_ITEM ( 'NONE', ( #5831 ), #7238 ) ;
#4432 = B_SPLINE_CURVE_WITH_KNOTS ( 'NONE', 3,
 ( #5668, #943, #3984, #3213, #5619, #2466, #231, #1716, #6340, #6448, #5564 ),
 .UNSPECIFIED., .F., .F.,
 ( 4, 1, 1, 1, 1, 1, 1, 1, 4 ),
 ( 0.0000000000000000000, 3.924058189078174466E-05, 7.526923792536421181E-05, 0.0001076505759719912936, 0.0001362012691009413653, 0.0001618349196610948055, 0.0001833116774970579060, 0.0002015984778508610024, 0.0002164472485535407149 ),
 .UNSPECIFIED. ) ;
#4433 =( NAMED_UNIT ( * ) SI_UNIT ( $, .STERADIAN. ) SOLID_ANGLE_UNIT ( ) );
#4434 = CARTESIAN_POINT ( 'NONE',  ( 2.717480239699282318, -2.212704249821370706, 3.200000000000000622 ) ) ;
#4435 = ADVANCED_FACE ( 'NONE', ( #3110 ), #9180, .T. ) ;
#4436 = CARTESIAN_POINT ( 'NONE',  ( 2.815288418161955963, 0.8147435701991072587, 3.100000000000041833 ) ) ;
#4437 = PRESENTATION_STYLE_ASSIGNMENT (( #530 ) ) ;
#4438 = CARTESIAN_POINT ( 'NONE',  ( 3.660040730492913674, -6.267999181509415152, 3.199999999999985523 ) ) ;
#4439 = DIRECTION ( 'NONE',  ( 0.0000000000000000000, 0.0000000000000000000, 1.000000000000000000 ) ) ;
#4440 = CIRCLE ( 'NONE', #7858, 2.399999999999999023 ) ;
#4441 = VERTEX_POINT ( 'NONE', #2908 ) ;
#4442 = FILL_AREA_STYLE_COLOUR ( '', #911 ) ;
#4443 = FACE_OUTER_BOUND ( 'NONE', #1116, .T. ) ;
#4444 = CARTESIAN_POINT ( 'NONE',  ( 2.865968718866490850, 1.335757294805688833, 3.100000000000000977 ) ) ;
#4445 = VERTEX_POINT ( 'NONE', #7563 ) ;
#4446 = EDGE_CURVE ( 'NONE', #4822, #8638, #9792, .T. ) ;
#4447 = PRESENTATION_STYLE_ASSIGNMENT (( #3720 ) ) ;
#4448 = EDGE_LOOP ( 'NONE', ( #8802, #1322, #1881, #6387 ) ) ;
#4449 = VECTOR ( 'NONE', #8127, 1000.000000000000000 ) ;
#4450 = UNCERTAINTY_MEASURE_WITH_UNIT (LENGTH_MEASURE( 1.000000000000000082E-05 ), #4500, 'distance_accuracy_value', 'NONE');
#4451 = SURFACE_SIDE_STYLE ('',( #1359 ) ) ;
#4452 = EDGE_CURVE ( 'NONE', #1518, #717, #9127, .T. ) ;
#4453 = SURFACE_STYLE_FILL_AREA ( #6749 ) ;
#4454 = CARTESIAN_POINT ( 'NONE',  ( 4.335425805669339994, -6.234306844752435239, 3.200000000000000178 ) ) ;
#4455 = CARTESIAN_POINT ( 'NONE',  ( 4.264559180978268138, -6.788830544899951747, 3.150000000000000799 ) ) ;
#4456 = CARTESIAN_POINT ( 'NONE',  ( -4.339205406356825279, 5.936048138137502761, 1.999999999999999556 ) ) ;
#4457 = AXIS2_PLACEMENT_3D ( 'NONE', #1949, #317, #3397 ) ;
#4458 = CARTESIAN_POINT ( 'NONE',  ( -4.931792873543974665, 6.820462724888162853, 2.000000000000000444 ) ) ;
#4459 = ORIENTED_EDGE ( 'NONE', *, *, #4749, .T. ) ;
#4460 = FILL_AREA_STYLE ('',( #1978 ) ) ;
#4461 = CARTESIAN_POINT ( 'NONE',  ( 3.843305823367958673, -1.399942067586848360, 3.199999999999997069 ) ) ;
#4462 = PRESENTATION_STYLE_ASSIGNMENT (( #3835 ) ) ;
#4463 = CARTESIAN_POINT ( 'NONE',  ( 3.081071653837733404, -6.469575795542692020, 3.200000000000001066 ) ) ;
#4464 = CARTESIAN_POINT ( 'NONE',  ( 2.841258072351175112, -1.695619591967631568, 3.100000000000045830 ) ) ;
#4465 = VERTEX_POINT ( 'NONE', #1408 ) ;
#4466 = ORIENTED_EDGE ( 'NONE', *, *, #2740, .F. ) ;
#4467 = DIRECTION ( 'NONE',  ( 0.0000000000000000000, 0.0000000000000000000, 1.000000000000000000 ) ) ;
#4468 = CARTESIAN_POINT ( 'NONE',  ( 4.768820050271986410, -4.707379567032266898, 3.100000000000631584 ) ) ;
#4469 = ORIENTED_EDGE ( 'NONE', *, *, #6760, .F. ) ;
#4470 = SURFACE_STYLE_FILL_AREA ( #5181 ) ;
#4471 = CARTESIAN_POINT ( 'NONE',  ( 3.716734576741819396, -6.291251224696813082, 3.100000000000556089 ) ) ;
#4472 = CARTESIAN_POINT ( 'NONE',  ( 4.348408131165849788, -4.177891176915538018, 3.199999999999999734 ) ) ;
#4473 = CARTESIAN_POINT ( 'NONE',  ( 2.685153400602423801, -4.519501804072799445, 3.100000000000000533 ) ) ;
#4474 = CARTESIAN_POINT ( 'NONE',  ( 3.725644650923897849, 0.6652649810004314102, 3.199999999999996181 ) ) ;
#4475 = FILL_AREA_STYLE ('',( #9047 ) ) ;
#4476 = CARTESIAN_POINT ( 'NONE',  ( -4.761792873543973847, 6.820462724888163741, 1.200000000000000178 ) ) ;
#4477 = EDGE_LOOP ( 'NONE', ( #3949, #4808, #1784, #9756 ) ) ;
#4478 = CARTESIAN_POINT ( 'NONE',  ( 4.201378719905121351, -5.671002488439794931, 3.100000000000000977 ) ) ;
#4479 = CARTESIAN_POINT ( 'NONE',  ( 4.450265848015511949, -4.226169883347555611, 3.200000000000009059 ) ) ;
#4480 = CARTESIAN_POINT ( 'NONE',  ( 4.171994041666753361, 5.159564388466884033, 3.100000000000000977 ) ) ;
#4481 = AXIS2_PLACEMENT_3D ( 'NONE', #2373, #3948, #139 ) ;
#4482 = ORIENTED_EDGE ( 'NONE', *, *, #1270, .T. ) ;
#4483 = FACE_OUTER_BOUND ( 'NONE', #3341, .T. ) ;
#4484 = CARTESIAN_POINT ( 'NONE',  ( 2.880520778562180251, -2.366440497753428129, 3.200000000000000178 ) ) ;
#4485 =( NAMED_UNIT ( * ) PLANE_ANGLE_UNIT ( ) SI_UNIT ( $, .RADIAN. ) );
#4486 = CARTESIAN_POINT ( 'NONE',  ( 4.181635937649142321, -0.2672681772008105305, 3.100000000000000533 ) ) ;
#4487 = ORIENTED_EDGE ( 'NONE', *, *, #102, .T. ) ;
#4488 = EDGE_CURVE ( 'NONE', #6921, #7136, #7484, .T. ) ;
#4489 = PRESENTATION_STYLE_ASSIGNMENT (( #825 ) ) ;
#4490 = CARTESIAN_POINT ( 'NONE',  ( 3.043716028331602708, 1.325070198687567480, 3.199999999999997957 ) ) ;
#4491 = LINE ( 'NONE', #686, #330 ) ;
#4492 = EDGE_CURVE ( 'NONE', #506, #3484, #3868, .T. ) ;
#4493 = ORIENTED_EDGE ( 'NONE', *, *, #2333, .F. ) ;
#4494 = CARTESIAN_POINT ( 'NONE',  ( 2.788652449275446088, -0.4556231045921516065, 3.199999999999997957 ) ) ;
#4495 = EDGE_LOOP ( 'NONE', ( #1282, #2527, #111, #605 ) ) ;
#4496 = CARTESIAN_POINT ( 'NONE',  ( 4.768100092529951262, -6.179696587985382905, 3.199999999999998845 ) ) ;
#4497 = CARTESIAN_POINT ( 'NONE',  ( 2.797149818709021574, 0.7980495410614177887, 3.100000000000001421 ) ) ;
#4498 = EDGE_CURVE ( 'NONE', #8226, #592, #4408, .T. ) ;
#4499 = CARTESIAN_POINT ( 'NONE',  ( 2.845756354062883631, -4.579315998826027467, 3.199999999999999734 ) ) ;
#4500 =( LENGTH_UNIT ( ) NAMED_UNIT ( * ) SI_UNIT ( .MILLI., .METRE. ) );
#4501 =( NAMED_UNIT ( * ) PLANE_ANGLE_UNIT ( ) SI_UNIT ( $, .RADIAN. ) );
#4502 = ADVANCED_FACE ( 'NONE', ( #8821 ), #4291, .T. ) ;
#4503 = ADVANCED_FACE ( 'NONE', ( #8767 ), #3156, .T. ) ;
#4504 = EDGE_LOOP ( 'NONE', ( #5020, #8849, #8098, #2735 ) ) ;
#4505 = CYLINDRICAL_SURFACE ( 'NONE', #8173, 0.5000000000000004441 ) ;
#4506 = LINE ( 'NONE', #1472, #1318 ) ;
#4507 = CARTESIAN_POINT ( 'NONE',  ( 4.715744222176136091, -5.981412035498235191, 3.200000000000001066 ) ) ;
#4508 =( GEOMETRIC_REPRESENTATION_CONTEXT ( 3 ) GLOBAL_UNCERTAINTY_ASSIGNED_CONTEXT ( ( #8082 ) ) GLOBAL_UNIT_ASSIGNED_CONTEXT ( ( #5944, #1376, #662 ) ) REPRESENTATION_CONTEXT ( 'NONE', 'WORKASPACE' ) );
#4509 = CARTESIAN_POINT ( 'NONE',  ( 3.858354611196999517, -6.677804268417474987, 3.100000000000000977 ) ) ;
#4510 = CARTESIAN_POINT ( 'NONE',  ( 2.795801933053463806, -0.4451077837840397566, 3.200000000000000178 ) ) ;
#4511 = DIRECTION ( 'NONE',  ( -0.0000000000000000000, -1.000000000000000000, -0.0000000000000000000 ) ) ;
#4512 = ORIENTED_EDGE ( 'NONE', *, *, #667, .F. ) ;
#4513 = B_SPLINE_CURVE_WITH_KNOTS ( 'NONE', 3,
 ( #6732, #9823, #5247, #8360, #1393, #8406, #6839, #2949, #5297, #7645, #1702, #3196, #8707, #7848, #7191, #5548, #9356, #7794, #7043, #1750, #6325, #3101, #9463 ),
 .UNSPECIFIED., .F., .F.,
 ( 4, 1, 1, 1, 1, 1, 1, 1, 1, 1, 1, 1, 1, 1, 1, 1, 1, 1, 1, 1, 4 ),
 ( 0.0000000000000000000, 9.674109244796943313E-05, 0.0001885782585506508421, 0.0002750668358131502702, 0.0003566503377393186311, 0.0004328893158253835816, 0.0005037747439981521674, 0.0005697608681211079789, 0.0006304059795296518406, 0.0006856937938258880760, 0.0007361020437308510604, 0.0007811488623191493097, 0.0008213115041910451671, 0.0008561304943264650465, 0.0008856383655920340835, 0.0009102591096308565444, 0.0009295581647626192717, 0.0009922466154601153939, 0.001046393902930423852, 0.001092848229874313591, 0.001133439114730679141 ),
 .UNSPECIFIED. ) ;
#4514 =( NAMED_UNIT ( * ) SI_UNIT ( $, .STERADIAN. ) SOLID_ANGLE_UNIT ( ) );
#4515 = CARTESIAN_POINT ( 'NONE',  ( 4.299858967233005203, -5.289073498880191515, 3.199999999999999734 ) ) ;
#4516 = ORIENTED_EDGE ( 'NONE', *, *, #8005, .T. ) ;
#4517 = DIRECTION ( 'NONE',  ( 0.0000000000000000000, 0.0000000000000000000, -1.000000000000000000 ) ) ;
#4518 = STYLED_ITEM ( 'NONE', ( #3712 ), #1646 ) ;
#4519 = LINE ( 'NONE', #8298, #3237 ) ;
#4520 = PLANE ( 'NONE',  #1175 ) ;
#4521 = CARTESIAN_POINT ( 'NONE',  ( 4.665413086832669975, -4.717358353571228236, 3.100000000000061817 ) ) ;
#4522 = EDGE_LOOP ( 'NONE', ( #5366, #8200, #9291, #8123 ) ) ;
#4523 = STYLED_ITEM ( 'NONE', ( #1777 ), #1838 ) ;
#4524 = CARTESIAN_POINT ( 'NONE',  ( 4.603524099391075097, 0.5266207711640384925, 3.199999999999999289 ) ) ;
#4525 = CARTESIAN_POINT ( 'NONE',  ( 4.181639416828881295, 0.2275998251586347776, 3.099999999999997424 ) ) ;
#4526 = DIRECTION ( 'NONE',  ( -0.0000000000000000000, 0.0000000000000000000, -1.000000000000000000 ) ) ;
#4527 = EDGE_LOOP ( 'NONE', ( #8917, #315, #9292, #6104 ) ) ;
#4528 = CARTESIAN_POINT ( 'NONE',  ( -5.694929958533821335, 4.954188554908466990, 2.000000000000000000 ) ) ;
#4529 = MECHANICAL_DESIGN_GEOMETRIC_PRESENTATION_REPRESENTATION (  '', ( #8112 ), #1461 ) ;
#4530 = SURFACE_STYLE_FILL_AREA ( #4680 ) ;
#4531 = FACE_OUTER_BOUND ( 'NONE', #4658, .T. ) ;
#4532 = ORIENTED_EDGE ( 'NONE', *, *, #7240, .T. ) ;
#4533 = CARTESIAN_POINT ( 'NONE',  ( 2.911072770484585348, 0.8420711715304471934, 3.200000000000006395 ) ) ;
#4534 = CARTESIAN_POINT ( 'NONE',  ( 2.571349677350514895, 5.058331582644234103, 3.100000000000000977 ) ) ;
#4535 = DIRECTION ( 'NONE',  ( 0.0000000000000000000, 1.000000000000000000, -0.0000000000000000000 ) ) ;
#4536 = PRESENTATION_LAYER_ASSIGNMENT (  '', '', ( #3384 ) ) ;
#4537 = B_SPLINE_SURFACE_WITH_KNOTS ( 'NONE', 3, 1, ( 
 ( #6256, #7777 ),
 ( #9340, #4711 ),
 ( #7830, #3953 ),
 ( #860, #7172 ),
 ( #9497, #5815 ),
 ( #2803, #9742 ),
 ( #2750, #8918 ) ),
 .UNSPECIFIED., .F., .F., .F.,
 ( 4, 1, 1, 1, 4 ),
 ( 2, 2 ),
 ( 0.0000000000000000000, 0.2784269234946439298, 0.5306314259190814120, 0.7666548591163514503, 1.000000000000000000 ),
 ( 0.0000000000000000000, 1.000000000000000000 ),
 .UNSPECIFIED. ) ;
#4538 = EDGE_LOOP ( 'NONE', ( #3342, #3273, #4487, #3501 ) ) ;
#4539 = CARTESIAN_POINT ( 'NONE',  ( 2.746253510383598773, -0.5746587085692872465, 3.199999999999999289 ) ) ;
#4540 = ORIENTED_EDGE ( 'NONE', *, *, #7937, .T. ) ;
#4541 = UNCERTAINTY_MEASURE_WITH_UNIT (LENGTH_MEASURE( 1.000000000000000082E-05 ), #5257, 'distance_accuracy_value', 'NONE');
#4542 = PLANE ( 'NONE',  #2617 ) ;
#4543 = COLOUR_RGB ( '',0.7529411764705882248, 0.7529411764705882248, 0.7529411764705882248 ) ;
#4544 =( NAMED_UNIT ( * ) SI_UNIT ( $, .STERADIAN. ) SOLID_ANGLE_UNIT ( ) );
#4545 = CARTESIAN_POINT ( 'NONE',  ( 2.911072770484585348, 0.8420711715304471934, 3.200000000000000622 ) ) ;
#4546 = PLANE ( 'NONE',  #2674 ) ;
#4547 = SURFACE_SIDE_STYLE ('',( #6850 ) ) ;
#4548 = CARTESIAN_POINT ( 'NONE',  ( -4.761792873543973847, 6.820462724888163741, 1.920000000000000373 ) ) ;
#4549 =( NAMED_UNIT ( * ) SI_UNIT ( $, .STERADIAN. ) SOLID_ANGLE_UNIT ( ) );
#4550 = FILL_AREA_STYLE_COLOUR ( '', #10059 ) ;
#4551 = LINE ( 'NONE', #1365, #9283 ) ;
#4552 = ORIENTED_EDGE ( 'NONE', *, *, #5554, .T. ) ;
#4553 = EDGE_CURVE ( 'NONE', #5090, #2389, #5284, .T. ) ;
#4554 =( NAMED_UNIT ( * ) SI_UNIT ( $, .STERADIAN. ) SOLID_ANGLE_UNIT ( ) );
#4555 = EDGE_CURVE ( 'NONE', #2665, #5305, #5533, .T. ) ;
#4556 = EDGE_CURVE ( 'NONE', #2344, #2032, #5611, .T. ) ;
#4557 = DIRECTION ( 'NONE',  ( 0.0000000000000000000, 0.0000000000000000000, -1.000000000000000000 ) ) ;
#4558 = PLANE ( 'NONE',  #2158 ) ;
#4559 = CARTESIAN_POINT ( 'NONE',  ( 4.768899931271553427, -6.214948233198225758, 3.100000000000000977 ) ) ;
#4560 = COLOUR_RGB ( '',0.7529411764705882248, 0.7529411764705882248, 0.7529411764705882248 ) ;
#4561 = FACE_OUTER_BOUND ( 'NONE', #6793, .T. ) ;
#4562 = CARTESIAN_POINT ( 'NONE',  ( -6.917157287525381726, 4.917157287525379949, 3.200000000000000178 ) ) ;
#4563 = CARTESIAN_POINT ( 'NONE',  ( 2.755878142369893258, -1.573227135389299702, 3.100000000000000977 ) ) ;
#4564 = ORIENTED_EDGE ( 'NONE', *, *, #604, .F. ) ;
#4565 = ORIENTED_EDGE ( 'NONE', *, *, #7250, .T. ) ;
#4566 = CARTESIAN_POINT ( 'NONE',  ( 2.860455788836431257, -2.241591672793213696, 3.099999999999993872 ) ) ;
#4567 = DIRECTION ( 'NONE',  ( 1.000000000000000000, 0.0000000000000000000, -0.0000000000000000000 ) ) ;
#4568 = ORIENTED_EDGE ( 'NONE', *, *, #773, .F. ) ;
#4569 = VECTOR ( 'NONE', #9538, 1000.000000000000000 ) ;
#4570 = CARTESIAN_POINT ( 'NONE',  ( 3.111155187409136325, -6.712697163762617159, 3.099999999999857092 ) ) ;
#4571 = CARTESIAN_POINT ( 'NONE',  ( 2.952284052418825855, -4.236818521313349351, 3.100000000000000977 ) ) ;
#4572 = EDGE_CURVE ( 'NONE', #9787, #3373, #1065, .T. ) ;
#4573 = CARTESIAN_POINT ( 'NONE',  ( 2.647065594792024523, -4.654034248936379292, 3.200000000000001066 ) ) ;
#4574 = CARTESIAN_POINT ( 'NONE',  ( 4.222586391642006554, -4.135544254863375180, 3.199999999999999734 ) ) ;
#4575 = PRESENTATION_STYLE_ASSIGNMENT (( #2236 ) ) ;
#4576 = STYLED_ITEM ( 'NONE', ( #2950 ), #6799 ) ;
#4577 = ORIENTED_EDGE ( 'NONE', *, *, #7987, .F. ) ;
#4578 = CARTESIAN_POINT ( 'NONE',  ( 4.443882122998942030, 0.2882953889453435115, 3.199999999999997513 ) ) ;
#4579 = CARTESIAN_POINT ( 'NONE',  ( 4.188317976684174937, 3.584635112845306892, 3.100000000000000977 ) ) ;
#4580 = ORIENTED_EDGE ( 'NONE', *, *, #6681, .F. ) ;
#4581 = PRESENTATION_LAYER_ASSIGNMENT (  '', '', ( #8963 ) ) ;
#4582 = CARTESIAN_POINT ( 'NONE',  ( -3.781792873543975642, 4.860462724888166441, 2.000000000000000444 ) ) ;
#4583 = DIRECTION ( 'NONE',  ( -0.0000000000000000000, -0.0000000000000000000, 1.000000000000000000 ) ) ;
#4584 = CARTESIAN_POINT ( 'NONE',  ( 3.960057016446359324, -0.2281807449769481244, 3.099999999999995204 ) ) ;
#4585 = ORIENTED_EDGE ( 'NONE', *, *, #8863, .T. ) ;
#4586 = CARTESIAN_POINT ( 'NONE',  ( 4.237109568884187105, -5.691792709295645736, 3.100000000001001954 ) ) ;
#4587 = CARTESIAN_POINT ( 'NONE',  ( 2.765891369577620384, 1.416765001920875955, 3.100000000000000977 ) ) ;
#4588 = VECTOR ( 'NONE', #86, 1000.000000000000000 ) ;
#4589 = CARTESIAN_POINT ( 'NONE',  ( 3.914090693768523810, -1.364082788787137179, 3.099999999999968114 ) ) ;
#4590 = ORIENTED_EDGE ( 'NONE', *, *, #6759, .T. ) ;
#4591 = CARTESIAN_POINT ( 'NONE',  ( -7.199999999999999289, -8.200000000000002842, 1.000000000000000000 ) ) ;
#4592 = ORIENTED_EDGE ( 'NONE', *, *, #3816, .F. ) ;
#4593 = CARTESIAN_POINT ( 'NONE',  ( 4.663073632795375900, -5.892207994412859584, 3.199999999999999289 ) ) ;
#4594 = CARTESIAN_POINT ( 'NONE',  ( 2.646938958992941071, -4.788455603039128761, 3.100000000000093792 ) ) ;
#4595 = CARTESIAN_POINT ( 'NONE',  ( 3.815406286959891258, 0.3551915495727691052, 3.100000000000000977 ) ) ;
#4596 = CARTESIAN_POINT ( 'NONE',  ( 2.766368594624921240, 0.7530506896931947747, 3.100000000000000977 ) ) ;
#4597 = CARTESIAN_POINT ( 'NONE',  ( 3.150241602643045091, -5.922413530915647151, 3.100000000000000533 ) ) ;
#4598 = CARTESIAN_POINT ( 'NONE',  ( -8.000000000000000000, -8.500000000000001776, 1.000000000000000000 ) ) ;
#4599 = CARTESIAN_POINT ( 'NONE',  ( 2.919758980692532813, -1.582568232467511882, 3.100000000000004974 ) ) ;
#4600 = CARTESIAN_POINT ( 'NONE',  ( 2.802490262962046508, -4.842653067192014937, 3.100000000000125322 ) ) ;
#4601 = B_SPLINE_SURFACE_WITH_KNOTS ( 'NONE', 3, 1, ( 
 ( #7053, #5171 ),
 ( #8286, #7525 ),
 ( #6182, #9271 ),
 ( #560, #3642 ),
 ( #5411, #8516 ),
 ( #7002, #9082 ),
 ( #9856, #2873 ),
 ( #2360, #1510 ),
 ( #5996, #5356 ),
 ( #8469, #1563 ),
 ( #5461, #4645 ),
 ( #4595, #5886 ),
 ( #8986, #1609 ),
 ( #7761, #1762 ),
 ( #72, #2410 ),
 ( #8669, #8620 ),
 ( #4951, #3320 ),
 ( #277, #5510 ),
 ( #940, #4841 ) ),
 .UNSPECIFIED., .F., .F., .F.,
 ( 4, 1, 1, 1, 1, 1, 1, 1, 1, 1, 1, 1, 1, 1, 1, 1, 4 ),
 ( 2, 2 ),
 ( 0.0000000000000000000, 0.06303700443554406674, 0.1216898206042213298, 0.1765670431605813606, 0.2277366802486662789, 0.2746547628727137313, 0.3180310877967270078, 0.3574604258518330746, 0.3934819176790210205, 0.4607584418651068381, 0.5265786017082008108, 0.5938323996415063588, 0.6636381048288828577, 0.7378324097171007345, 0.8174339143949589381, 0.9047923800657196036, 1.000000000000000000 ),
 ( 0.0000000000000000000, 1.000000000000000000 ),
 .UNSPECIFIED. ) ;
#4602 = ORIENTED_EDGE ( 'NONE', *, *, #3932, .T. ) ;
#4603 = VECTOR ( 'NONE', #3493, 1000.000000000000000 ) ;
#4604 = CARTESIAN_POINT ( 'NONE',  ( 3.559234291447569198, -5.379561141934606106, 3.200000000000000622 ) ) ;
#4605 = PLANE ( 'NONE',  #6192 ) ;
#4606 = VECTOR ( 'NONE', #1045, 1000.000000000000114 ) ;
#4607 = CARTESIAN_POINT ( 'NONE',  ( 3.681336812949838944, -4.065915020475253883, 3.100000000000000977 ) ) ;
#4608 = CARTESIAN_POINT ( 'NONE',  ( 4.750505603344540084, -6.077483467664504424, 3.200000000000000622 ) ) ;
#4609 = CARTESIAN_POINT ( 'NONE',  ( 3.277361686471432112, -6.831189967654309747, 3.200000000000001510 ) ) ;
#4610 = CARTESIAN_POINT ( 'NONE',  ( 2.668660799932806249, -1.348501804980333674, 3.100000000000046274 ) ) ;
#4611 = FACE_OUTER_BOUND ( 'NONE', #432, .T. ) ;
#4612 = VERTEX_POINT ( 'NONE', #5093 ) ;
#4613 = ORIENTED_EDGE ( 'NONE', *, *, #6864, .T. ) ;
#4614 = CARTESIAN_POINT ( 'NONE',  ( -2.200000000000001066, 8.200000000000001066, 1.000000000000000000 ) ) ;
#4615 = EDGE_CURVE ( 'NONE', #1933, #3719, #1287, .T. ) ;
#4616 = CARTESIAN_POINT ( 'NONE',  ( 2.647065594792024523, -4.654034248936379292, 3.200000000000001510 ) ) ;
#4617 = EDGE_LOOP ( 'NONE', ( #5340, #8801, #7957, #2209 ) ) ;
#4618 = EDGE_CURVE ( 'NONE', #8715, #6710, #1909, .T. ) ;
#4619 = COLOUR_RGB ( '',0.7529411764705882248, 0.7529411764705882248, 0.7529411764705882248 ) ;
#4620 = CARTESIAN_POINT ( 'NONE',  ( -7.200000000000000178, 0.0000000000000000000, 1.000000000000000000 ) ) ;
#4621 = DIRECTION ( 'NONE',  ( 1.000000000000000000, 0.0000000000000000000, 0.0000000000000000000 ) ) ;
#4622 = CARTESIAN_POINT ( 'NONE',  ( 3.266646651796760281, -1.501974964883620700, 3.100000000000016076 ) ) ;
#4623 = CARTESIAN_POINT ( 'NONE',  ( 3.854912104464056188, 0.3172266791225910598, 3.199999999999996181 ) ) ;
#4624 = B_SPLINE_SURFACE_WITH_KNOTS ( 'NONE', 3, 1, ( 
 ( #5598, #930 ),
 ( #5447, #6220 ),
 ( #56, #9407 ),
 ( #4679, #7900 ),
 ( #7093, #2398 ),
 ( #3912, #215 ),
 ( #4635, #7950 ),
 ( #114, #4728 ),
 ( #877, #3304 ),
 ( #6379, #7138 ),
 ( #6430, #1650 ) ),
 .UNSPECIFIED., .F., .F., .F.,
 ( 4, 1, 1, 1, 1, 1, 1, 1, 4 ),
 ( 2, 2 ),
 ( 0.0000000000000000000, 0.1449615982145066317, 0.2755352976827345479, 0.3947545598374854747, 0.5072981790247504952, 0.6192042811802347391, 0.7359054006752026034, 0.8614509155756078229, 1.000000000000000000 ),
 ( 0.0000000000000000000, 1.000000000000000000 ),
 .UNSPECIFIED. ) ;
#4625 = DIRECTION ( 'NONE',  ( -1.000000000000000000, 0.0000000000000000000, 0.0000000000000000000 ) ) ;
#4626 = EDGE_CURVE ( 'NONE', #1906, #9027, #7010, .T. ) ;
#4627 = ORIENTED_EDGE ( 'NONE', *, *, #1966, .F. ) ;
#4628 = LINE ( 'NONE', #3657, #482 ) ;
#4629 = LINE ( 'NONE', #7745, #3525 ) ;
#4630 = EDGE_CURVE ( 'NONE', #6869, #4638, #1160, .T. ) ;
#4631 = ORIENTED_EDGE ( 'NONE', *, *, #5804, .F. ) ;
#4632 = ADVANCED_FACE ( 'NONE', ( #525 ), #1238, .T. ) ;
#4633 = SURFACE_SIDE_STYLE ('',( #9259 ) ) ;
#4634 = UNCERTAINTY_MEASURE_WITH_UNIT (LENGTH_MEASURE( 1.000000000000000082E-05 ), #9155, 'distance_accuracy_value', 'NONE');
#4635 = CARTESIAN_POINT ( 'NONE',  ( 2.754652804936494004, -1.807736477149925580, 3.100000000000001421 ) ) ;
#4636 = CARTESIAN_POINT ( 'NONE',  ( 2.886834780096742215, -1.017924471447828161, 3.200000000000002398 ) ) ;
#4637 = FILL_AREA_STYLE_COLOUR ( '', #1654 ) ;
#4638 = VERTEX_POINT ( 'NONE', #8309 ) ;
#4639 = CARTESIAN_POINT ( 'NONE',  ( 0.0000000000000000000, 0.0000000000000000000, 1.200000000000000178 ) ) ;
#4640 = ORIENTED_EDGE ( 'NONE', *, *, #2686, .T. ) ;
#4641 = CARTESIAN_POINT ( 'NONE',  ( 4.639685399336809013, -4.818077335597333644, 3.200000000000001954 ) ) ;
#4642 = VERTEX_POINT ( 'NONE', #2896 ) ;
#4643 = CARTESIAN_POINT ( 'NONE',  ( 8.000000000000000000, -8.500000000000000000, 1.000000000000000000 ) ) ;
#4644 = PRESENTATION_STYLE_ASSIGNMENT (( #8515 ) ) ;
#4645 = CARTESIAN_POINT ( 'NONE',  ( 3.784138128997418082, 0.3994040974076238926, 3.199999999999999289 ) ) ;
#4646 = CYLINDRICAL_SURFACE ( 'NONE', #2485, 0.5000000000000004441 ) ;
#4647 = FILL_AREA_STYLE_COLOUR ( '', #6108 ) ;
#4648 = CARTESIAN_POINT ( 'NONE',  ( 3.371812999725637194, -6.089689253699900995, 3.100000000000000977 ) ) ;
#4649 = DIRECTION ( 'NONE',  ( 0.0000000000000000000, 0.0000000000000000000, 1.000000000000000000 ) ) ;
#4650 = ORIENTED_EDGE ( 'NONE', *, *, #3243, .T. ) ;
#4651 = CARTESIAN_POINT ( 'NONE',  ( 3.272825791484814228, -5.337435393803970918, 3.100000000000000089 ) ) ;
#4652 = DIRECTION ( 'NONE',  ( 0.0000000000000000000, 0.0000000000000000000, 1.000000000000000000 ) ) ;
#4653 = CARTESIAN_POINT ( 'NONE',  ( 3.652354050012646347, 0.1844870049438971649, 3.100000000000000977 ) ) ;
#4654 = LINE ( 'NONE', #3836, #2997 ) ;
#4655 = SURFACE_STYLE_USAGE ( .BOTH. , #3077 ) ;
#4656 = CARTESIAN_POINT ( 'NONE',  ( 4.610530878519366382, -4.843874005088586898, 3.100000000000000089 ) ) ;
#4657 = LINE ( 'NONE', #3278, #2840 ) ;
#4658 = EDGE_LOOP ( 'NONE', ( #8270, #6343, #5450, #9303 ) ) ;
#4659 = ORIENTED_EDGE ( 'NONE', *, *, #7357, .F. ) ;
#4660 = CARTESIAN_POINT ( 'NONE',  ( 2.646938958992941071, -4.788455603039128761, 3.199999999999998401 ) ) ;
#4661 = FACE_OUTER_BOUND ( 'NONE', #2993, .T. ) ;
#4662 = ORIENTED_EDGE ( 'NONE', *, *, #654, .F. ) ;
#4663 = CARTESIAN_POINT ( 'NONE',  ( 2.861224351209768813, -2.248259722187680332, 3.100000000000000533 ) ) ;
#4664 = CARTESIAN_POINT ( 'NONE',  ( 4.726053944670487894, 1.611330718774915516, 3.100000000000000977 ) ) ;
#4665 = EDGE_CURVE ( 'NONE', #10053, #4149, #8561, .T. ) ;
#4666 = LINE ( 'NONE', #8494, #8179 ) ;
#4667 = CARTESIAN_POINT ( 'NONE',  ( 4.150139712202634890, -4.117154714883914046, 3.200000000000000622 ) ) ;
#4668 = ADVANCED_FACE ( 'NONE', ( #4483 ), #1055, .T. ) ;
#4669 = CARTESIAN_POINT ( 'NONE',  ( 2.667977101273387497, -2.009370916382699601, 3.199999999999989964 ) ) ;
#4670 = LINE ( 'NONE', #3850, #9633 ) ;
#4671 = ORIENTED_EDGE ( 'NONE', *, *, #2450, .F. ) ;
#4672 = VERTEX_POINT ( 'NONE', #2999 ) ;
#4673 = LINE ( 'NONE', #4877, #2104 ) ;
#4674 = CARTESIAN_POINT ( 'NONE',  ( 2.740957627803084051, 1.607763609490337808, 3.200000000000000178 ) ) ;
#4675 = ORIENTED_EDGE ( 'NONE', *, *, #6317, .F. ) ;
#4676 = PLANE ( 'NONE',  #7868 ) ;
#4677 = EDGE_CURVE ( 'NONE', #670, #1975, #7596, .T. ) ;
#4678 = CARTESIAN_POINT ( 'NONE',  ( 3.584083460887554029, -1.409782246693025876, 3.099999999999623501 ) ) ;
#4679 = CARTESIAN_POINT ( 'NONE',  ( 2.679995116031184565, -1.922072347883817089, 3.100000000000000089 ) ) ;
#4680 = FILL_AREA_STYLE ('',( #772 ) ) ;
#4681 = AXIS2_PLACEMENT_3D ( 'NONE', #6559, #4100, #2618 ) ;
#4682 = ADVANCED_FACE ( 'NONE', ( #7949 ), #4848, .T. ) ;
#4683 = B_SPLINE_SURFACE_WITH_KNOTS ( 'NONE', 3, 1, ( 
 ( #7417, #8341 ),
 ( #1372, #4463 ),
 ( #7576, #610 ),
 ( #3688, #1426 ),
 ( #6044, #2176 ),
 ( #9143, #658 ),
 ( #3741, #9708 ),
 ( #8935, #703 ),
 ( #6198, #905 ),
 ( #10046, #6146 ),
 ( #2323, #1677 ),
 ( #6097, #8436 ),
 ( #2275, #6861 ),
 ( #4759, #7672 ),
 ( #9194, #2225 ),
 ( #798, #7772 ),
 ( #5376, #4609 ) ),
 .UNSPECIFIED., .F., .F., .F.,
 ( 4, 1, 1, 1, 1, 1, 1, 1, 1, 1, 1, 1, 1, 1, 4 ),
 ( 2, 2 ),
 ( 0.0000000000000000000, 0.08329014344985478935, 0.1589456561626024500, 0.2269450345640332822, 0.2873800337110408165, 0.3411286714918576046, 0.3863783962484231838, 0.4252546748046542313, 0.4556799870771724437, 0.5591499680951909079, 0.6568051739238319753, 0.7146679403595779245, 0.7900807723742087063, 0.8856728578827756104, 1.000000000000000000 ),
 ( 0.0000000000000000000, 1.000000000000000000 ),
 .UNSPECIFIED. ) ;
#4684 = EDGE_CURVE ( 'NONE', #1405, #6916, #2496, .T. ) ;
#4685 = FILL_AREA_STYLE_COLOUR ( '', #4543 ) ;
#4686 = SURFACE_STYLE_FILL_AREA ( #5661 ) ;
#4687 = VERTEX_POINT ( 'NONE', #1594 ) ;
#4688 = CARTESIAN_POINT ( 'NONE',  ( 4.104053321215041628, -1.902968806779446354, 3.199999999999998845 ) ) ;
#4689 = CARTESIAN_POINT ( 'NONE',  ( 4.264559180978268138, -6.788830544899951747, 3.099999999999988987 ) ) ;
#4690 = SURFACE_SIDE_STYLE ('',( #6234 ) ) ;
#4691 = CARTESIAN_POINT ( 'NONE',  ( -6.337122846746489735, 8.180974974472158934, 1.200000000000000178 ) ) ;
#4692 = AXIS2_PLACEMENT_3D ( 'NONE', #2218, #3878, #7814 ) ;
#4693 = CARTESIAN_POINT ( 'NONE',  ( 3.502398997010987447, -6.179884035011855126, 3.100000000000001865 ) ) ;
#4694 = CARTESIAN_POINT ( 'NONE',  ( 3.016362005931888302, -1.439329022982207329, 3.100000000000000533 ) ) ;
#4695 = ORIENTED_EDGE ( 'NONE', *, *, #9327, .T. ) ;
#4696 = FILL_AREA_STYLE ('',( #6957 ) ) ;
#4697 = CIRCLE ( 'NONE', #6180, 0.08000000000000020983 ) ;
#4698 = SURFACE_STYLE_FILL_AREA ( #6776 ) ;
#4699 = CARTESIAN_POINT ( 'NONE',  ( -8.000000000000000000, 0.0000000000000000000, 0.0000000000000000000 ) ) ;
#4700 = LINE ( 'NONE', #7770, #3434 ) ;
#4701 = LINE ( 'NONE', #9286, #1557 ) ;
#4702 = CARTESIAN_POINT ( 'NONE',  ( 3.021462218490482243, -4.911863882908523493, 3.100000000000648459 ) ) ;
#4703 = CARTESIAN_POINT ( 'NONE',  ( 3.277361686471432112, -6.885588384244116789, 3.100000000000000977 ) ) ;
#4704 = CARTESIAN_POINT ( 'NONE',  ( 2.667206088389278751, -1.312858217765184632, 3.200000000000000622 ) ) ;
#4705 = MECHANICAL_DESIGN_GEOMETRIC_PRESENTATION_REPRESENTATION (  '', ( #328 ), #3087 ) ;
#4706 = ORIENTED_EDGE ( 'NONE', *, *, #8116, .F. ) ;
#4707 = AXIS2_PLACEMENT_3D ( 'NONE', #7, #729, #6124 ) ;
#4708 = CARTESIAN_POINT ( 'NONE',  ( 3.080278898498522544, -6.015659607467767955, 3.100000000000000977 ) ) ;
#4709 = ORIENTED_EDGE ( 'NONE', *, *, #4794, .F. ) ;
#4710 = CARTESIAN_POINT ( 'NONE',  ( 3.016362005931888302, -1.439329022982207329, 3.100000000000004530 ) ) ;
#4711 = CARTESIAN_POINT ( 'NONE',  ( 2.754906350123524472, -4.741649501284750379, 3.200000000000000178 ) ) ;
#4712 = ORIENTED_EDGE ( 'NONE', *, *, #9786, .T. ) ;
#4713 = CARTESIAN_POINT ( 'NONE',  ( 3.082596637233457670, -6.561159367235952722, 3.099999999999855760 ) ) ;
#4714 = CARTESIAN_POINT ( 'NONE',  ( 3.206465389440453340, -4.131460653579368092, 3.100000000000000977 ) ) ;
#4715 = VECTOR ( 'NONE', #3038, 1000.000000000000000 ) ;
#4716 = COLOUR_RGB ( '',0.7529411764705882248, 0.7529411764705882248, 0.7529411764705882248 ) ;
#4717 = CARTESIAN_POINT ( 'NONE',  ( 1.537821031517181192, 6.677526461116456424, 3.100000000000000977 ) ) ;
#4718 = LINE ( 'NONE', #6421, #10067 ) ;
#4719 = CARTESIAN_POINT ( 'NONE',  ( 4.202134768498160255, -5.604550262420206153, 3.200000000000000178 ) ) ;
#4720 = CARTESIAN_POINT ( 'NONE',  ( 4.522124296388104092, -0.1312886707066070191, 3.199999999999998401 ) ) ;
#4721 = PLANE ( 'NONE',  #4237 ) ;
#4722 = CARTESIAN_POINT ( 'NONE',  ( -1.800000000000000711, 4.800000000000000711, 3.199999999999999734 ) ) ;
#4723 = ORIENTED_EDGE ( 'NONE', *, *, #1902, .T. ) ;
#4724 = VECTOR ( 'NONE', #9649, 1000.000000000000000 ) ;
#4725 = CARTESIAN_POINT ( 'NONE',  ( 8.000000000000000000, 1.000000000000000888, 1.000000000000000000 ) ) ;
#4726 = VERTEX_POINT ( 'NONE', #1648 ) ;
#4727 = CARTESIAN_POINT ( 'NONE',  ( 3.560974447514197561, -1.380359657729832046, 3.099999999999624833 ) ) ;
#4728 = CARTESIAN_POINT ( 'NONE',  ( 2.794883017873982300, -1.783602348372401503, 3.199999999999997513 ) ) ;
#4729 = PRESENTATION_LAYER_ASSIGNMENT (  '', '', ( #3923 ) ) ;
#4730 = DIRECTION ( 'NONE',  ( 0.3620233422642933907, -0.9321690295519318159, 0.0000000000000000000 ) ) ;
#4731 = VECTOR ( 'NONE', #3450, 1000.000000000000000 ) ;
#4732 = VERTEX_POINT ( 'NONE', #1749 ) ;
#4733 = EDGE_CURVE ( 'NONE', #8865, #1627, #9041, .T. ) ;
#4734 = SURFACE_STYLE_USAGE ( .BOTH. , #1043 ) ;
#4735 = ORIENTED_EDGE ( 'NONE', *, *, #4139, .F. ) ;
#4736 = PRESENTATION_LAYER_ASSIGNMENT (  '', '', ( #4576 ) ) ;
#4737 = VERTEX_POINT ( 'NONE', #7092 ) ;
#4738 = EDGE_CURVE ( 'NONE', #4751, #8125, #4017, .T. ) ;
#4739 = EDGE_CURVE ( 'NONE', #2389, #6869, #5894, .T. ) ;
#4740 = UNCERTAINTY_MEASURE_WITH_UNIT (LENGTH_MEASURE( 1.000000000000000082E-05 ), #2585, 'distance_accuracy_value', 'NONE');
#4741 = CARTESIAN_POINT ( 'NONE',  ( 3.678675523089367072, -2.174939262470993118, 3.200000000000002398 ) ) ;
#4742 = B_SPLINE_CURVE_WITH_KNOTS ( 'NONE', 3,
 ( #7382, #8188, #1224, #4317, #6526, #9617, #8893, #5746, #6577, #4980, #3438, #9666, #7425, #455, #6429, #9514, #7680, #4468, #8239 ),
 .UNSPECIFIED., .F., .F.,
 ( 4, 1, 1, 1, 1, 1, 1, 1, 1, 1, 1, 1, 1, 1, 1, 1, 4 ),
 ( 0.0000000000000000000, 5.944951437611876527E-05, 0.0001168254786538351755, 0.0001721221903974479736, 0.0002257806578730854315, 0.0002779252986900589530, 0.0003289031240469096444, 0.0003790853566435296298, 0.0004290946048223825884, 0.0004779247703966940978, 0.0005252360973156479417, 0.0005705537632077331339, 0.0006151536029317555311, 0.0006593315791869926168, 0.0007027568477961471062, 0.0007459959235165251369, 0.0007893477299988800600 ),
 .UNSPECIFIED. ) ;
#4743 = CARTESIAN_POINT ( 'NONE',  ( 4.508905511561310142, -4.886343477339217145, 3.100000000000052047 ) ) ;
#4744 = DIRECTION ( 'NONE',  ( -0.0000000000000000000, -0.0000000000000000000, -1.000000000000000000 ) ) ;
#4745 = DIRECTION ( 'NONE',  ( -0.9342848360900171123, -0.3565274814824935801, 0.0000000000000000000 ) ) ;
#4746 = CARTESIAN_POINT ( 'NONE',  ( 2.754713025317848007, -4.718805770006515132, 3.100000000000000977 ) ) ;
#4747 = DIRECTION ( 'NONE',  ( -1.000000000000000000, 0.0000000000000000000, 0.0000000000000000000 ) ) ;
#4748 = SURFACE_STYLE_USAGE ( .BOTH. , #4796 ) ;
#4749 = EDGE_CURVE ( 'NONE', #5543, #8865, #6756, .T. ) ;
#4750 = DIRECTION ( 'NONE',  ( -0.0000000000000000000, -0.0000000000000000000, -1.000000000000000000 ) ) ;
#4751 = VERTEX_POINT ( 'NONE', #9096 ) ;
#4752 = ADVANCED_FACE ( 'NONE', ( #9044 ), #7818, .F. ) ;
#4753 = STYLED_ITEM ( 'NONE', ( #7595 ), #7793 ) ;
#4754 = SURFACE_STYLE_FILL_AREA ( #7110 ) ;
#4755 = DIRECTION ( 'NONE',  ( -0.0000000000000000000, -0.0000000000000000000, -1.000000000000000000 ) ) ;
#4756 = CARTESIAN_POINT ( 'NONE',  ( 3.081170675819667082, -6.456643492773666893, 3.100000000000136424 ) ) ;
#4757 = LINE ( 'NONE', #4653, #4588 ) ;
#4758 = SURFACE_STYLE_FILL_AREA ( #903 ) ;
#4759 = CARTESIAN_POINT ( 'NONE',  ( 3.193770270993409710, -6.786792562979873544, 3.100000000000000089 ) ) ;
#4760 = LINE ( 'NONE', #8683, #1823 ) ;
#4761 = PRESENTATION_LAYER_ASSIGNMENT (  '', '', ( #9161 ) ) ;
#4762 = CARTESIAN_POINT ( 'NONE',  ( 2.668660799932806249, -1.348501804980333674, 3.100000000000000089 ) ) ;
#4763 = CARTESIAN_POINT ( 'NONE',  ( 4.501904150784301173, -4.550888288282706640, 3.199999999999983302 ) ) ;
#4764 = ORIENTED_EDGE ( 'NONE', *, *, #6309, .F. ) ;
#4765 = CARTESIAN_POINT ( 'NONE',  ( 3.137352647051763643, -5.297905389636225593, 3.100000000000000977 ) ) ;
#4766 = CARTESIAN_POINT ( 'NONE',  ( 2.933135640509699105, -4.553271326480662573, 3.149999999999999911 ) ) ;
#4767 = ORIENTED_EDGE ( 'NONE', *, *, #4630, .F. ) ;
#4768 = CARTESIAN_POINT ( 'NONE',  ( 2.872076012281330470, -2.206043497250824270, 3.100000000000000977 ) ) ;
#4770 = AXIS2_PLACEMENT_3D ( 'NONE', #1162, #3478, #1887 ) ;
#4769 = LINE ( 'NONE', #1485, #5268 ) ;
#4771 = LINE ( 'NONE', #1740, #6074 ) ;
#4772 = CARTESIAN_POINT ( 'NONE',  ( 3.533979624123524399, -1.250322877279335776, 3.199999999999999289 ) ) ;
#4773 = CARTESIAN_POINT ( 'NONE',  ( 4.624662727697002929, -4.832149102320559386, 3.199999999999999734 ) ) ;
#4774 = CARTESIAN_POINT ( 'NONE',  ( -8.000000000000000000, -7.000000000000000000, 1.000000000000000000 ) ) ;
#4775 = EDGE_LOOP ( 'NONE', ( #6635, #6513, #6511, #9176 ) ) ;
#4776 = AXIS2_PLACEMENT_3D ( 'NONE', #6155, #10055, #6923 ) ;
#4777 = CARTESIAN_POINT ( 'NONE',  ( 2.680134382049636610, -1.402506273696920713, 3.200000000000003286 ) ) ;
#4778 = ORIENTED_EDGE ( 'NONE', *, *, #9223, .F. ) ;
#4779 = CARTESIAN_POINT ( 'NONE',  ( 4.702256001433156918, -4.975849811380870236, 3.200000000000000178 ) ) ;
#4780 = CARTESIAN_POINT ( 'NONE',  ( 4.045659857045531993, -2.011662835748165623, 3.199999999999996625 ) ) ;
#4781 = CARTESIAN_POINT ( 'NONE',  ( 3.412753203352395737, -4.522101904142380668, 3.200000000000000178 ) ) ;
#4782 = VECTOR ( 'NONE', #615, 1000.000000000000000 ) ;
#4783 = CARTESIAN_POINT ( 'NONE',  ( 3.475336251765485773, -1.756018921430095192, 3.200000000000000178 ) ) ;
#4784 = EDGE_LOOP ( 'NONE', ( #5013, #8058, #6824, #6100 ) ) ;
#4785 = SURFACE_STYLE_USAGE ( .BOTH. , #6990 ) ;
#4786 = CARTESIAN_POINT ( 'NONE',  ( 4.406338383121128466, 0.2695706714723888897, 3.199999999999999289 ) ) ;
#4787 = CARTESIAN_POINT ( 'NONE',  ( 3.867272384408443564, -2.154197495321063638, 3.099999999999927258 ) ) ;
#4788 = ORIENTED_EDGE ( 'NONE', *, *, #1211, .T. ) ;
#4789 = CARTESIAN_POINT ( 'NONE',  ( 3.847413717401817035, -2.159839303888081208, 3.200000000000001066 ) ) ;
#4790 = CARTESIAN_POINT ( 'NONE',  ( 2.819182942521472501, -0.4201515403957422623, 3.200000000000001066 ) ) ;
#4791 = CARTESIAN_POINT ( 'NONE',  ( 3.055007560635553343, -4.183679789242328972, 3.099999999999592859 ) ) ;
#4792 = SURFACE_SIDE_STYLE ('',( #3981 ) ) ;
#4793 = CARTESIAN_POINT ( 'NONE',  ( 2.669070589828295148, -1.238621052036578796, 3.199999999999998845 ) ) ;
#4794 = EDGE_CURVE ( 'NONE', #5305, #622, #5041, .T. ) ;
#4795 = CARTESIAN_POINT ( 'NONE',  ( -4.761792873543973847, 6.820462724888163741, 1.200000000000000178 ) ) ;
#4796 = SURFACE_SIDE_STYLE ('',( #2514 ) ) ;
#4797 = CARTESIAN_POINT ( 'NONE',  ( 4.615908915025121573, 1.376327939297132374, 3.199999999999999289 ) ) ;
#4798 = ORIENTED_EDGE ( 'NONE', *, *, #5309, .F. ) ;
#4799 = B_SPLINE_CURVE_WITH_KNOTS ( 'NONE', 3,
 ( #7187, #926, #2439, #4777, #8806, #4067, #5542, #7896, #2492, #4015, #211 ),
 .UNSPECIFIED., .F., .F.,
 ( 4, 1, 1, 1, 1, 1, 1, 1, 4 ),
 ( 0.0000000000000000000, 5.188534378961547083E-05, 0.0001060285403985255245, 0.0001636738081147649955, 0.0002250825901613816619, 0.0002912183209357475304, 0.0003622750685044193240, 0.0004390812167578887846, 0.0005213353964229602627 ),
 .UNSPECIFIED. ) ;
#4800 = ADVANCED_FACE ( 'NONE', ( #5949 ), #7306, .T. ) ;
#4801 = CARTESIAN_POINT ( 'NONE',  ( -5.828655788554126360, 6.820462724888161077, 2.000000000000000444 ) ) ;
#4802 = LINE ( 'NONE', #4098, #3769 ) ;
#4803 = EDGE_CURVE ( 'NONE', #3027, #3331, #1103, .T. ) ;
#4804 = CARTESIAN_POINT ( 'NONE',  ( 3.710765464547603809, -1.463961848755308326, 3.199999999999999734 ) ) ;
#4805 = ADVANCED_FACE ( 'NONE', ( #9644 ), #8830, .F. ) ;
#4806 = CARTESIAN_POINT ( 'NONE',  ( 4.379371385857571575, -0.2259695637947657654, 3.199999999999989519 ) ) ;
#4807 = B_SPLINE_CURVE_WITH_KNOTS ( 'NONE', 3,
 ( #9070, #3569, #5872, #6648, #2109, #6748, #9794 ),
 .UNSPECIFIED., .F., .F.,
 ( 4, 1, 1, 1, 4 ),
 ( 0.0000000000000000000, 6.092538476922891279E-05, 0.0001132451758792520980, 0.0001581106005433404957, 0.0001978365841724795762 ),
 .UNSPECIFIED. ) ;
#4808 = ORIENTED_EDGE ( 'NONE', *, *, #8965, .T. ) ;
#4809 = FACE_OUTER_BOUND ( 'NONE', #2720, .T. ) ;
#4810 = VERTEX_POINT ( 'NONE', #6346 ) ;
#4811 = CARTESIAN_POINT ( 'NONE',  ( 3.060876527566346095, -5.272320278736419397, 3.100000000000000977 ) ) ;
#4812 = DIRECTION ( 'NONE',  ( -1.000000000000000000, 0.0000000000000000000, 0.0000000000000000000 ) ) ;
#4813 = ORIENTED_EDGE ( 'NONE', *, *, #2814, .F. ) ;
#4814 = CARTESIAN_POINT ( 'NONE',  ( 2.929327484809535420, -2.180824927452645223, 3.200000000000000178 ) ) ;
#4815 = CARTESIAN_POINT ( 'NONE',  ( 3.616682957166871493, 0.8479693318753206421, 3.100000000000080025 ) ) ;
#4816 = CYLINDRICAL_SURFACE ( 'NONE', #2723, 0.5000000000000013323 ) ;
#4817 = CARTESIAN_POINT ( 'NONE',  ( 3.548907880759897715, -2.812943493791168592, 3.200000000000000178 ) ) ;
#4818 = CARTESIAN_POINT ( 'NONE',  ( 4.397315858646895670, -5.675741905859751135, 3.199999999999999734 ) ) ;
#4819 = ORIENTED_EDGE ( 'NONE', *, *, #1785, .T. ) ;
#4820 = CARTESIAN_POINT ( 'NONE',  ( 4.753068578638542263, -6.381026863689557516, 3.200000000000001510 ) ) ;
#4821 = FACE_OUTER_BOUND ( 'NONE', #805, .T. ) ;
#4822 = VERTEX_POINT ( 'NONE', #9430 ) ;
#4823 = PRESENTATION_LAYER_ASSIGNMENT (  '', '', ( #3684 ) ) ;
#4824 = CARTESIAN_POINT ( 'NONE',  ( 4.617754521284752833, -5.091687513518826869, 3.199999999999998401 ) ) ;
#4825 = CARTESIAN_POINT ( 'NONE',  ( 4.645854110272627402, -4.634880421045449062, 3.100000000000000533 ) ) ;
#4826 = CARTESIAN_POINT ( 'NONE',  ( 3.154855960502501055, -4.529749779107127061, 3.199999999999999734 ) ) ;
#4827 = FACE_OUTER_BOUND ( 'NONE', #8490, .T. ) ;
#4828 = DIRECTION ( 'NONE',  ( -0.9305304190063022896, 0.3662146082612700027, 0.0000000000000000000 ) ) ;
#4829 = VECTOR ( 'NONE', #5859, 1000.000000000000000 ) ;
#4830 = CARTESIAN_POINT ( 'NONE',  ( 3.533979624123524399, -1.250322877279335776, 3.199999999999998845 ) ) ;
#4831 = CARTESIAN_POINT ( 'NONE',  ( -8.000000000000000000, -5.500000000000002665, 1.000000000000000000 ) ) ;
#4832 = CARTESIAN_POINT ( 'NONE',  ( 4.162896566367807694, 0.2272923163588276285, 3.100000000000000977 ) ) ;
#4833 = ORIENTED_EDGE ( 'NONE', *, *, #6243, .T. ) ;
#4834 = CARTESIAN_POINT ( 'NONE',  ( 3.534732157294038224, -1.307001492382553476, 3.199999999999999734 ) ) ;
#4835 = ORIENTED_EDGE ( 'NONE', *, *, #3674, .T. ) ;
#4836 = UNCERTAINTY_MEASURE_WITH_UNIT (LENGTH_MEASURE( 1.000000000000000082E-05 ), #6890, 'distance_accuracy_value', 'NONE');
#4837 = CARTESIAN_POINT ( 'NONE',  ( 3.795089687780361043, -2.167458239457744185, 3.199999999999999734 ) ) ;
#4838 = VECTOR ( 'NONE', #9199, 1000.000000000000000 ) ;
#4839 = CARTESIAN_POINT ( 'NONE',  ( 2.835603780005400587, -0.4058099132500843087, 3.199999999999999289 ) ) ;
#4840 = CARTESIAN_POINT ( 'NONE',  ( 3.686962767791089224, -1.044833673997847878, 3.099999999999718536 ) ) ;
#4841 = CARTESIAN_POINT ( 'NONE',  ( 4.162896566367807694, 0.2272923163588276285, 3.199999999999999734 ) ) ;
#4842 = SURFACE_STYLE_FILL_AREA ( #3931 ) ;
#4843 = CARTESIAN_POINT ( 'NONE',  ( 4.188317976684174937, 4.059528275238469597, 3.100000000000000977 ) ) ;
#4844 = CARTESIAN_POINT ( 'NONE',  ( 3.539013652002987786, -6.203259498997477195, 3.199999999999998401 ) ) ;
#4845 = CARTESIAN_POINT ( 'NONE',  ( 3.675851777028785072, 0.09804581760100099241, 3.200000000000000178 ) ) ;
#4846 = CARTESIAN_POINT ( 'NONE',  ( 4.579992268289229784, 1.349338118840967882, 3.199999999999999289 ) ) ;
#4847 = VECTOR ( 'NONE', #4924, 1000.000000000000114 ) ;
#4848 = B_SPLINE_SURFACE_WITH_KNOTS ( 'NONE', 3, 1, ( 
 ( #7847, #3967 ),
 ( #929, #5495 ),
 ( #2345, #9461 ),
 ( #4125, #5445 ),
 ( #4825, #9355 ),
 ( #4072, #2446 ),
 ( #4886, #982 ) ),
 .UNSPECIFIED., .F., .F., .F.,
 ( 4, 1, 1, 1, 4 ),
 ( 2, 2 ),
 ( 0.0000000000000000000, 0.2769398031984908748, 0.5322939277141217618, 0.7686138979798071702, 0.9999999999999998890 ),
 ( 0.0000000000000000000, 1.000000000000000000 ),
 .UNSPECIFIED. ) ;
#4849 = ORIENTED_EDGE ( 'NONE', *, *, #8921, .T. ) ;
#4850 = AXIS2_PLACEMENT_3D ( 'NONE', #671, #8353, #10011 ) ;
#4851 = SURFACE_STYLE_USAGE ( .BOTH. , #6193 ) ;
#4852 = CARTESIAN_POINT ( 'NONE',  ( 4.465270775552443894, -5.215673567031336333, 3.099999999999854872 ) ) ;
#4853 = CARTESIAN_POINT ( 'NONE',  ( 2.797107561191711778, 1.372670242165662691, 3.100000000000683098 ) ) ;
#4854 = DIRECTION ( 'NONE',  ( -0.0000000000000000000, -0.0000000000000000000, -1.000000000000000000 ) ) ;
#4855 = FACE_BOUND ( 'NONE', #7681, .T. ) ;
#4856 = VERTEX_POINT ( 'NONE', #9588 ) ;
#4857 = CARTESIAN_POINT ( 'NONE',  ( 4.058820853513911864, -0.2586444669126427565, 3.200000000000002842 ) ) ;
#4858 = VERTEX_POINT ( 'NONE', #8679 ) ;
#4859 = ADVANCED_FACE ( 'NONE', ( #1722 ), #5717, .T. ) ;
#4860 = CARTESIAN_POINT ( 'NONE',  ( 2.777032134085226200, -5.069862987882914673, 3.100000000000000977 ) ) ;
#4861 =( GEOMETRIC_REPRESENTATION_CONTEXT ( 3 ) GLOBAL_UNCERTAINTY_ASSIGNED_CONTEXT ( ( #2210 ) ) GLOBAL_UNIT_ASSIGNED_CONTEXT ( ( #5161, #7569, #2864 ) ) REPRESENTATION_CONTEXT ( 'NONE', 'WORKASPACE' ) );
#4862 = DIRECTION ( 'NONE',  ( 0.0000000000000000000, 0.0000000000000000000, 1.000000000000000000 ) ) ;
#4863 = DIRECTION ( 'NONE',  ( 0.0000000000000000000, 0.0000000000000000000, 1.000000000000000000 ) ) ;
#4864 = EDGE_CURVE ( 'NONE', #4945, #2550, #2057, .T. ) ;
#4865 = EDGE_CURVE ( 'NONE', #6956, #880, #2110, .T. ) ;
#4866 = CARTESIAN_POINT ( 'NONE',  ( 2.861065633721242563, -2.235380675493653602, 3.099999999999848210 ) ) ;
#4867 = CARTESIAN_POINT ( 'NONE',  ( -3.861792873543974380, 6.820462724888163741, 1.200000000000000178 ) ) ;
#4868 = CARTESIAN_POINT ( 'NONE',  ( 3.724142124364770101, -1.042597064514585892, 3.199999999999999734 ) ) ;
#4869 = SURFACE_STYLE_FILL_AREA ( #2538 ) ;
#4870 = CIRCLE ( 'NONE', #8297, 0.08000000000000020983 ) ;
#4871 = CARTESIAN_POINT ( 'NONE',  ( 3.883336646634508060, -1.090324261349988610, 3.199999999999999734 ) ) ;
#4872 = CARTESIAN_POINT ( 'NONE',  ( 4.258176166087821457, -4.915131163494345756, 3.200000000000000622 ) ) ;
#4873 = CARTESIAN_POINT ( 'NONE',  ( 2.802490262962046508, -4.842653067192014937, 3.200000000000000178 ) ) ;
#4874 = CARTESIAN_POINT ( 'NONE',  ( 4.271200049653481656, -5.624745434341622108, 3.100000000000000977 ) ) ;
#4875 = ORIENTED_EDGE ( 'NONE', *, *, #603, .F. ) ;
#4876 = ORIENTED_EDGE ( 'NONE', *, *, #2869, .F. ) ;
#4877 = CARTESIAN_POINT ( 'NONE',  ( 4.617257111490873811, -4.839085957907438562, 3.149999999999999911 ) ) ;
#4878 = B_SPLINE_CURVE_WITH_KNOTS ( 'NONE', 3,
 ( #8284, #655, #3021, #5320, #8434, #3640, #2871 ),
 .UNSPECIFIED., .F., .F.,
 ( 4, 1, 1, 1, 4 ),
 ( 0.0000000000000000000, 3.035719837859593374E-05, 6.316669799225249529E-05, 9.951776316405900951E-05, 0.0001399594768605901516 ),
 .UNSPECIFIED. ) ;
#4879 = ADVANCED_FACE ( 'NONE', ( #5921 ), #9745, .F. ) ;
#4880 = DIRECTION ( 'NONE',  ( -0.9999950243681569040, -0.003154558436490929353, 0.0000000000000000000 ) ) ;
#4881 = CARTESIAN_POINT ( 'NONE',  ( 4.442023374737688712, 1.329054724554779465, 3.100000000000806999 ) ) ;
#4882 = ORIENTED_EDGE ( 'NONE', *, *, #163, .T. ) ;
#4883 = AXIS2_PLACEMENT_3D ( 'NONE', #7388, #8998, #5902 ) ;
#4884 = AXIS2_PLACEMENT_3D ( 'NONE', #2669, #8844, #446 ) ;
#4885 = EDGE_CURVE ( 'NONE', #5352, #4642, #8220, .T. ) ;
#4886 = CARTESIAN_POINT ( 'NONE',  ( 4.629296105326321964, -4.614803961639624141, 3.100000000000000977 ) ) ;
#4887 = CARTESIAN_POINT ( 'NONE',  ( 2.571349677350514895, 5.058331582644234103, 3.100000000000000977 ) ) ;
#4888 = DIRECTION ( 'NONE',  ( -0.0000000000000000000, -0.0000000000000000000, -1.000000000000000000 ) ) ;
#4889 = AXIS2_PLACEMENT_3D ( 'NONE', #4774, #8593, #1024 ) ;
#4890 = ORIENTED_EDGE ( 'NONE', *, *, #3749, .T. ) ;
#4891 = VECTOR ( 'NONE', #9752, 1000.000000000000000 ) ;
#4892 = CARTESIAN_POINT ( 'NONE',  ( 2.944811417643812046, -4.900663185362724938, 3.199999999999997069 ) ) ;
#4893 = CARTESIAN_POINT ( 'NONE',  ( 3.268763062871375968, -1.195106366104952800, 3.199999999999997957 ) ) ;
#4894 = DIRECTION ( 'NONE',  ( 0.005208262692228318898, -0.9999864369078855786, 0.0000000000000000000 ) ) ;
#4895 = VERTEX_POINT ( 'NONE', #5213 ) ;
#4896 = SURFACE_SIDE_STYLE ('',( #4022 ) ) ;
#4897 = VECTOR ( 'NONE', #7045, 1000.000000000000114 ) ;
#4898 = CARTESIAN_POINT ( 'NONE',  ( 3.917860839521575045, -2.132573500104835151, 3.100000000000000977 ) ) ;
#4899 = PRESENTATION_LAYER_ASSIGNMENT (  '', '', ( #357 ) ) ;
#4900 = CARTESIAN_POINT ( 'NONE',  ( 3.206465389440453340, -4.131460653579368092, 3.200000000000000178 ) ) ;
#4901 = CARTESIAN_POINT ( 'NONE',  ( 8.000000000000000000, -3.000000000000000000, 2.200000000000000178 ) ) ;
#4902 = CARTESIAN_POINT ( 'NONE',  ( 2.743740038759874711, -1.093842716348353061, 3.100000000000000533 ) ) ;
#4903 = PLANE ( 'NONE',  #7628 ) ;
#4904 = FACE_OUTER_BOUND ( 'NONE', #2610, .T. ) ;
#4905 = VECTOR ( 'NONE', #2022, 1000.000000000000000 ) ;
#4906 = CARTESIAN_POINT ( 'NONE',  ( 3.048327999053942694, -1.428425282915698036, 3.200000000000000178 ) ) ;
#4907 = VERTEX_POINT ( 'NONE', #3571 ) ;
#4908 = CARTESIAN_POINT ( 'NONE',  ( 4.613752480181505966, -4.352514539969473795, 3.200000000000000178 ) ) ;
#4909 = CARTESIAN_POINT ( 'NONE',  ( 3.502398997010987447, -6.179884035011855126, 3.199999999999987299 ) ) ;
#4910 = CARTESIAN_POINT ( 'NONE',  ( -6.337122846746489735, 5.459950475304171214, 1.200000000000000178 ) ) ;
#4911 = DIRECTION ( 'NONE',  ( 0.0000000000000000000, 1.000000000000000000, 0.0000000000000000000 ) ) ;
#4912 = CARTESIAN_POINT ( 'NONE',  ( 2.797107561191711333, 1.372670242165662691, 3.199999999999989075 ) ) ;
#4913 =( LENGTH_UNIT ( ) NAMED_UNIT ( * ) SI_UNIT ( .MILLI., .METRE. ) );
#4914 = ORIENTED_EDGE ( 'NONE', *, *, #9844, .T. ) ;
#4915 = CARTESIAN_POINT ( 'NONE',  ( 3.919979018374712076, -1.364446945643603692, 3.100000000000000533 ) ) ;
#4916 = VERTEX_POINT ( 'NONE', #8272 ) ;
#4917 = STYLED_ITEM ( 'NONE', ( #1105 ), #7427 ) ;
#4918 = CARTESIAN_POINT ( 'NONE',  ( 3.457691177451005071, -1.727301782381243767, 3.199999999999999289 ) ) ;
#4919 = CARTESIAN_POINT ( 'NONE',  ( 2.907228979634290056, -2.184289391852966666, 3.099999999999847766 ) ) ;
#4920 = CARTESIAN_POINT ( 'NONE',  ( 1.541531134348377741, 4.662940623776712812, 3.100000000000000977 ) ) ;
#4921 =( GEOMETRIC_REPRESENTATION_CONTEXT ( 3 ) GLOBAL_UNCERTAINTY_ASSIGNED_CONTEXT ( ( #173 ) ) GLOBAL_UNIT_ASSIGNED_CONTEXT ( ( #1240, #8205, #4330 ) ) REPRESENTATION_CONTEXT ( 'NONE', 'WORKASPACE' ) );
#4922 = CYLINDRICAL_SURFACE ( 'NONE', #1183, 0.2000000000000000944 ) ;
#4923 = EDGE_CURVE ( 'NONE', #576, #675, #5262, .T. ) ;
#4924 = DIRECTION ( 'NONE',  ( -0.8155011869496725518, -0.5787554009110198461, 0.0000000000000000000 ) ) ;
#4925 = CARTESIAN_POINT ( 'NONE',  ( 5.006206775549459032, 4.851300258385033537, 3.200000000000000178 ) ) ;
#4926 = APPLICATION_CONTEXT ( 'automotive_design' ) ;
#4927 = CARTESIAN_POINT ( 'NONE',  ( 8.000000000000000000, -0.4999999999999991673, 1.000000000000000000 ) ) ;
#4928 = ORIENTED_EDGE ( 'NONE', *, *, #5623, .F. ) ;
#4929 = VERTEX_POINT ( 'NONE', #787 ) ;
#4930 = DIRECTION ( 'NONE',  ( 0.0000000000000000000, 0.0000000000000000000, -1.000000000000000000 ) ) ;
#4931 = ADVANCED_FACE ( 'NONE', ( #6288 ), #6900, .T. ) ;
#4932 = CARTESIAN_POINT ( 'NONE',  ( 3.870841588271626055, -0.1775945297761615249, 3.199999999999999734 ) ) ;
#4933 = CARTESIAN_POINT ( 'NONE',  ( 4.406358943775487091, 1.328034797976910708, 3.100000000000804334 ) ) ;
#4934 = ORIENTED_EDGE ( 'NONE', *, *, #6131, .F. ) ;
#4935 = MECHANICAL_DESIGN_GEOMETRIC_PRESENTATION_REPRESENTATION (  '', ( #2494 ), #9483 ) ;
#4936 = B_SPLINE_CURVE_WITH_KNOTS ( 'NONE', 3,
 ( #4028, #125, #3264, #9420, #3928, #1761, #5562, #7151, #4840, #177, #8018 ),
 .UNSPECIFIED., .F., .F.,
 ( 4, 1, 1, 1, 1, 1, 1, 1, 4 ),
 ( 0.0000000000000000000, 4.525646700991629520E-05, 8.763274578942566238E-05, 0.0001291861058683036183, 0.0001709437875412579623, 0.0002116239455138541720, 0.0002495563701029343095, 0.0002860668872771260341, 0.0003229956859071992769 ),
 .UNSPECIFIED. ) ;
#4937 = EDGE_CURVE ( 'NONE', #6779, #9363, #6529, .T. ) ;
#4938 = FACE_OUTER_BOUND ( 'NONE', #7716, .T. ) ;
#4939 = B_SPLINE_SURFACE_WITH_KNOTS ( 'NONE', 3, 1, ( 
 ( #9464, #4783 ),
 ( #1651, #9409 ),
 ( #8758, #7951 ),
 ( #4178, #2448 ),
 ( #5550, #2399 ),
 ( #8605, #985 ),
 ( #4126, #2498 ) ),
 .UNSPECIFIED., .F., .F., .F.,
 ( 4, 1, 1, 1, 4 ),
 ( 2, 2 ),
 ( 0.0000000000000000000, 0.2833217049518079178, 0.5428530835220732875, 0.7807180466213802239, 1.000000000000000000 ),
 ( 0.0000000000000000000, 1.000000000000000000 ),
 .UNSPECIFIED. ) ;
#4940 = SURFACE_SIDE_STYLE ('',( #116 ) ) ;
#4941 = EDGE_CURVE ( 'NONE', #4737, #9834, #2134, .T. ) ;
#4942 = CARTESIAN_POINT ( 'NONE',  ( 4.231004542484099851, -6.787589768463152318, 3.200000000000000622 ) ) ;
#4943 = EDGE_CURVE ( 'NONE', #39, #2247, #9058, .T. ) ;
#4944 = CARTESIAN_POINT ( 'NONE',  ( 8.000000000000000000, -2.499999999999999556, 1.000000000000000000 ) ) ;
#4945 = VERTEX_POINT ( 'NONE', #4236 ) ;
#4946 = AXIS2_PLACEMENT_3D ( 'NONE', #5945, #8292, #2880 ) ;
#4947 = UNCERTAINTY_MEASURE_WITH_UNIT (LENGTH_MEASURE( 1.000000000000000082E-05 ), #6826, 'distance_accuracy_value', 'NONE');
#4948 = CARTESIAN_POINT ( 'NONE',  ( 4.134185310312232353, -1.603814435923812010, 3.199999999999986411 ) ) ;
#4949 = CARTESIAN_POINT ( 'NONE',  ( 2.809984012228541772, -4.847698833604182411, 3.100000000000000977 ) ) ;
#4950 = CARTESIAN_POINT ( 'NONE',  ( 4.237109568884187105, -5.691792709295645736, 3.199999999999999734 ) ) ;
#4951 = CARTESIAN_POINT ( 'NONE',  ( 4.088176838689483006, 0.2289834981900571165, 3.100000000000000977 ) ) ;
#4952 = CARTESIAN_POINT ( 'NONE',  ( 2.833804733553998201, -1.033619408015077790, 3.200000000000001066 ) ) ;
#4953 = DIRECTION ( 'NONE',  ( -1.000000000000000000, 0.0000000000000000000, -0.0000000000000000000 ) ) ;
#4954 = CARTESIAN_POINT ( 'NONE',  ( 4.081751920833088576, -4.524524155785937474, 3.099999999999999201 ) ) ;
#4955 = AXIS2_PLACEMENT_3D ( 'NONE', #2331, #1736, #1684 ) ;
#4956 = CARTESIAN_POINT ( 'NONE',  ( 4.646685396460228823, 1.421326935695984117, 3.200000000000000178 ) ) ;
#4957 = ORIENTED_EDGE ( 'NONE', *, *, #5431, .F. ) ;
#4958 = CARTESIAN_POINT ( 'NONE',  ( 8.000000000000000000, -1.000000000000000000, 2.200000000000000178 ) ) ;
#4959 = CARTESIAN_POINT ( 'NONE',  ( 4.768820050271986410, -4.707379567032266898, 3.100000000000000977 ) ) ;
#4960 = CARTESIAN_POINT ( 'NONE',  ( 3.539013652002987786, -6.203259498997477195, 3.199999999999984190 ) ) ;
#4961 = CARTESIAN_POINT ( 'NONE',  ( 3.784138128997418082, 0.3994040974076239481, 3.100000000000000977 ) ) ;
#4962 = CARTESIAN_POINT ( 'NONE',  ( 2.849436954937570654, 1.339504072911167132, 3.100000000000683098 ) ) ;
#4963 = CARTESIAN_POINT ( 'NONE',  ( 3.384988476614029462, -1.375671184430991678, 3.099999999999659028 ) ) ;
#4964 = CARTESIAN_POINT ( 'NONE',  ( 2.916637760068527818, -2.321405743035636071, 3.200000000000000622 ) ) ;
#4965 = CARTESIAN_POINT ( 'NONE',  ( 4.605351601279791041, -0.03469187643231947532, 3.199999999999988631 ) ) ;
#4966 = ORIENTED_EDGE ( 'NONE', *, *, #6116, .T. ) ;
#4967 = DIRECTION ( 'NONE',  ( 0.0000000000000000000, 0.0000000000000000000, 1.000000000000000000 ) ) ;
#4968 = ORIENTED_EDGE ( 'NONE', *, *, #7299, .F. ) ;
#4969 = LINE ( 'NONE', #7321, #8315 ) ;
#4970 = FACE_OUTER_BOUND ( 'NONE', #7470, .T. ) ;
#4971 = CARTESIAN_POINT ( 'NONE',  ( 2.933135640509699105, -4.553271326480662573, 3.200000000000000178 ) ) ;
#4972 = CARTESIAN_POINT ( 'NONE',  ( -8.000000000000000000, -0.4999999999999995559, 0.0000000000000000000 ) ) ;
#4973 = FACE_OUTER_BOUND ( 'NONE', #3032, .T. ) ;
#4974 = CARTESIAN_POINT ( 'NONE',  ( 3.945599952790594056, -4.917990948218043279, 3.100000000000000089 ) ) ;
#4975 = CARTESIAN_POINT ( 'NONE',  ( 4.381234830703021110, 1.327845308952996684, 3.199999999999994849 ) ) ;
#4976 = VERTEX_POINT ( 'NONE', #9779 ) ;
#4977 = EDGE_LOOP ( 'NONE', ( #8451, #3764, #4540, #5813 ) ) ;
#4978 = DIRECTION ( 'NONE',  ( -1.000000000000000000, -1.084202172485504434E-16, 0.0000000000000000000 ) ) ;
#4979 = CARTESIAN_POINT ( 'NONE',  ( 3.792808978092887529, -0.1062324017491729361, 3.100000000000000977 ) ) ;
#4980 = CARTESIAN_POINT ( 'NONE',  ( 4.645976046506495649, -4.390321826466804467, 3.100000000000630695 ) ) ;
#4981 = ORIENTED_EDGE ( 'NONE', *, *, #7807, .T. ) ;
#4982 = CARTESIAN_POINT ( 'NONE',  ( -3.781792873543974753, 6.945260011609267536, 2.000000000000000000 ) ) ;
#4983 = CARTESIAN_POINT ( 'NONE',  ( -4.591792873543973919, 6.480462724888165660, 2.000000000000000444 ) ) ;
#4984 = CARTESIAN_POINT ( 'NONE',  ( 3.744961782180005638, -6.608285416843076909, 3.099999999999949019 ) ) ;
#4985 = CARTESIAN_POINT ( 'NONE',  ( 4.061040220575386606, -6.762574403443312399, 3.100000000000000533 ) ) ;
#4986 = AXIS2_PLACEMENT_3D ( 'NONE', #5938, #6713, #9807 ) ;
#4987 = ORIENTED_EDGE ( 'NONE', *, *, #3610, .F. ) ;
#4988 = ADVANCED_FACE ( 'NONE', ( #1290 ), #3544, .T. ) ;
#4989 = CARTESIAN_POINT ( 'NONE',  ( 3.369897330350792863, -6.299173512740184222, 3.199999999999997957 ) ) ;
#4990 = EDGE_CURVE ( 'NONE', #2402, #1506, #7431, .T. ) ;
#4991 = CARTESIAN_POINT ( 'NONE',  ( -8.000000000000000000, -8.500000000000001776, 1.000000000000000000 ) ) ;
#4992 = EDGE_CURVE ( 'NONE', #11, #880, #9721, .T. ) ;
#4993 = CARTESIAN_POINT ( 'NONE',  ( 3.717453794456186511, -1.755573032769523367, 3.200000000000000178 ) ) ;
#4994 = FACE_BOUND ( 'NONE', #9495, .T. ) ;
#4995 = MECHANICAL_DESIGN_GEOMETRIC_PRESENTATION_REPRESENTATION (  '', ( #3687 ), #4508 ) ;
#4996 = CARTESIAN_POINT ( 'NONE',  ( 4.727837499312776082, 0.6629255377378605596, 3.199999999999997957 ) ) ;
#4997 =( LENGTH_UNIT ( ) NAMED_UNIT ( * ) SI_UNIT ( .MILLI., .METRE. ) );
#4998 = CYLINDRICAL_SURFACE ( 'NONE', #5444, 0.2000000000000000944 ) ;
#4999 = DIRECTION ( 'NONE',  ( 0.0000000000000000000, 0.0000000000000000000, 1.000000000000000000 ) ) ;
#5000 = CARTESIAN_POINT ( 'NONE',  ( 4.248051702537752661, -4.528898142994770559, 3.199999999999997513 ) ) ;
#5001 = CARTESIAN_POINT ( 'NONE',  ( 4.179663116178244486, -5.325701015588017562, 3.199999999999997957 ) ) ;
#5002 = ORIENTED_EDGE ( 'NONE', *, *, #6078, .F. ) ;
#5003 = B_SPLINE_CURVE_WITH_KNOTS ( 'NONE', 3,
 ( #9872, #5802, #2893, #9725, #2042, #8903, #7391, #420, #9676, #5137, #4376, #5957, #7486, #8864, #521 ),
 .UNSPECIFIED., .F., .F.,
 ( 4, 1, 1, 1, 1, 1, 1, 1, 1, 1, 1, 1, 4 ),
 ( 0.0000000000000000000, 5.357394696371035810E-05, 0.0001083788024228899186, 0.0001656074421904720796, 0.0002278001901215730336, 0.0002934521914936547363, 0.0003620428284692531347, 0.0004347941852662787297, 0.0005125033827079550439, 0.0005931780227134769105, 0.0006735070124795274494, 0.0007541192510524773445, 0.0008359174205150186800 ),
 .UNSPECIFIED. ) ;
#5004 = VERTEX_POINT ( 'NONE', #5188 ) ;
#5005 = DIRECTION ( 'NONE',  ( 0.0000000000000000000, 0.0000000000000000000, 1.000000000000000000 ) ) ;
#5006 = CARTESIAN_POINT ( 'NONE',  ( 4.061246849362635913, -6.356811710570029916, 3.199999999999999734 ) ) ;
#5007 = VECTOR ( 'NONE', #2662, 1000.000000000000227 ) ;
#5008 = CARTESIAN_POINT ( 'NONE',  ( -3.186462900341459292, 5.459950475304171214, 1.200000000000000178 ) ) ;
#5009 = FACE_OUTER_BOUND ( 'NONE', #4522, .T. ) ;
#5010 = DIRECTION ( 'NONE',  ( 1.729893497946478503E-13, -5.558367883737288544E-13, 1.000000000000000000 ) ) ;
#5011 = ORIENTED_EDGE ( 'NONE', *, *, #9170, .F. ) ;
#5012 = CARTESIAN_POINT ( 'NONE',  ( 2.991248738379135741, -1.741170889233107477, 3.100000000000000533 ) ) ;
#5013 = ORIENTED_EDGE ( 'NONE', *, *, #831, .F. ) ;
#5014 = CARTESIAN_POINT ( 'NONE',  ( 4.762846095682371050, -4.809263319045859575, 3.200000000000002842 ) ) ;
#5015 = UNCERTAINTY_MEASURE_WITH_UNIT (LENGTH_MEASURE( 1.000000000000000082E-05 ), #9171, 'distance_accuracy_value', 'NONE');
#5016 = DIRECTION ( 'NONE',  ( -1.000000000000000000, 0.0000000000000000000, 0.0000000000000000000 ) ) ;
#5017 = FACE_OUTER_BOUND ( 'NONE', #6307, .T. ) ;
#5018 = CARTESIAN_POINT ( 'NONE',  ( 3.724142124364770101, -1.042597064514585892, 3.199999999999999289 ) ) ;
#5019 = CARTESIAN_POINT ( 'NONE',  ( 4.546452278796735413, 1.338988194043022384, 3.199999999999995293 ) ) ;
#5020 = ORIENTED_EDGE ( 'NONE', *, *, #1406, .F. ) ;
#5021 = ORIENTED_EDGE ( 'NONE', *, *, #7684, .F. ) ;
#5022 = VECTOR ( 'NONE', #3407, 1000.000000000000000 ) ;
#5023 = PLANE ( 'NONE',  #5657 ) ;
#5024 = CARTESIAN_POINT ( 'NONE',  ( 0.0000000000000000000, 3.584635112845306892, 3.200000000000000178 ) ) ;
#5025 = ORIENTED_EDGE ( 'NONE', *, *, #1913, .F. ) ;
#5026 = AXIS2_PLACEMENT_3D ( 'NONE', #5659, #2503, #7904 ) ;
#5027 = CARTESIAN_POINT ( 'NONE',  ( 3.548907880759897715, -2.812943493791168592, 3.100000000000000977 ) ) ;
#5028 =( NAMED_UNIT ( * ) PLANE_ANGLE_UNIT ( ) SI_UNIT ( $, .RADIAN. ) );
#5029 = CARTESIAN_POINT ( 'NONE',  ( 3.921413063143352140, -1.737428423293505553, 3.200000000000001066 ) ) ;
#5030 = CARTESIAN_POINT ( 'NONE',  ( 3.100764847347318387, -6.036492211685748899, 3.099999999999948574 ) ) ;
#5031 = B_SPLINE_CURVE_WITH_KNOTS ( 'NONE', 3,
 ( #7169, #2528, #1836, #2622, #909, #5632, #3999, #4857, #7985, #243, #3332 ),
 .UNSPECIFIED., .F., .F.,
 ( 4, 1, 1, 1, 1, 1, 1, 1, 4 ),
 ( 0.0000000000000000000, 5.321877836086535567E-05, 0.0001048411830574174177, 0.0001551388627656364173, 0.0002057245636087503659, 0.0002560010568304830862, 0.0003072392824479182479, 0.0003597102702960625607, 0.0004143301605208382925 ),
 .UNSPECIFIED. ) ;
#5032 = CARTESIAN_POINT ( 'NONE',  ( 3.958133638277941735, -6.728136979887006319, 3.100000000000000977 ) ) ;
#5033 = FACE_OUTER_BOUND ( 'NONE', #9247, .T. ) ;
#5034 = STYLED_ITEM ( 'NONE', ( #3993 ), #3745 ) ;
#5035 = VERTEX_POINT ( 'NONE', #8300 ) ;
#5036 = CARTESIAN_POINT ( 'NONE',  ( 8.000000000000000000, 1.000000000000000888, 0.0000000000000000000 ) ) ;
#5037 = UNCERTAINTY_MEASURE_WITH_UNIT (LENGTH_MEASURE( 1.000000000000000082E-05 ), #8651, 'distance_accuracy_value', 'NONE');
#5038 = CARTESIAN_POINT ( 'NONE',  ( 3.717453794456186511, -1.755573032769523145, 3.099999999999971667 ) ) ;
#5039 = CARTESIAN_POINT ( 'NONE',  ( 2.910660492109257813, -4.892772842721845095, 3.199999999999999734 ) ) ;
#5040 = AXIS2_PLACEMENT_3D ( 'NONE', #6521, #300, #5644 ) ;
#5041 = B_SPLINE_CURVE_WITH_KNOTS ( 'NONE', 3,
 ( #3166, #1382, #5468, #3595, #2831, #9376, #5518, #5236, #8572, #2885, #8349 ),
 .UNSPECIFIED., .F., .F.,
 ( 4, 1, 1, 1, 1, 1, 1, 1, 4 ),
 ( 0.0000000000000000000, 3.282995530955453925E-05, 6.278911410750070868E-05, 9.115255667965423429E-05, 0.0001185318321855843528, 0.0001483073114666585101, 0.0001841637856119063038, 0.0002267492259281792346, 0.0002769921407803794806 ),
 .UNSPECIFIED. ) ;
#5042 = FACE_OUTER_BOUND ( 'NONE', #1079, .T. ) ;
#5043 = CARTESIAN_POINT ( 'NONE',  ( 4.727655144429011358, 0.6330489350495861478, 3.100000000000000977 ) ) ;
#5044 = DIRECTION ( 'NONE',  ( -1.000000000000000000, 0.0000000000000000000, 0.0000000000000000000 ) ) ;
#5045 = ADVANCED_FACE ( 'NONE', ( #6673 ), #9099, .T. ) ;
#5046 = CARTESIAN_POINT ( 'NONE',  ( 3.096427124302426837, -1.049311601777534797, 3.199999999999987299 ) ) ;
#5047 = CARTESIAN_POINT ( 'NONE',  ( 4.415269548251669285, -6.019226716752346995, 3.150000000000000355 ) ) ;
#5048 = CARTESIAN_POINT ( 'NONE',  ( 4.142378145200439121, -4.526271027705911720, 3.100000000000002309 ) ) ;
#5049 = LINE ( 'NONE', #3459, #8290 ) ;
#5050 = EDGE_CURVE ( 'NONE', #5999, #915, #3943, .T. ) ;
#5051 = ADVANCED_FACE ( 'NONE', ( #2730 ), #6211, .F. ) ;
#5052 = ORIENTED_EDGE ( 'NONE', *, *, #4864, .F. ) ;
#5053 = VECTOR ( 'NONE', #390, 1000.000000000000000 ) ;
#5054 = AXIS2_PLACEMENT_3D ( 'NONE', #4958, #7918, #1671 ) ;
#5055 = CARTESIAN_POINT ( 'NONE',  ( 4.086615252651868424, -6.356030469783342518, 3.199999999999999289 ) ) ;
#5056 = ORIENTED_EDGE ( 'NONE', *, *, #8730, .T. ) ;
#5057 = FILL_AREA_STYLE_COLOUR ( '', #5866 ) ;
#5058 =( BOUNDED_CURVE ( )  B_SPLINE_CURVE ( 3, ( #8511, #5351, #9317, #5306 ),
 .UNSPECIFIED., .F., .T. ) 
 B_SPLINE_CURVE_WITH_KNOTS ( ( 4, 4 ),
 ( 0.0000000000000000000, 1.570796326794896558 ),
 .UNSPECIFIED. ) 
 CURVE ( )  GEOMETRIC_REPRESENTATION_ITEM ( )  RATIONAL_B_SPLINE_CURVE ( ( 1.000000000000000000, 0.8047378541243649375, 0.8047378541243649375, 1.000000000000000000 ) ) 
 REPRESENTATION_ITEM ( '' )  );
#5059 = EDGE_CURVE ( 'NONE', #9834, #506, #7587, .T. ) ;
#5060 = CARTESIAN_POINT ( 'NONE',  ( -3.839490799889650585, 6.488807476631374804, 2.000000000000000000 ) ) ;
#5061 = CARTESIAN_POINT ( 'NONE',  ( 3.836060178168390067, -1.406442211541495624, 3.199999999999999734 ) ) ;
#5062 = ORIENTED_EDGE ( 'NONE', *, *, #2985, .T. ) ;
#5063 = CARTESIAN_POINT ( 'NONE',  ( 2.919758980692532813, -1.582568232467511882, 3.100000000000000977 ) ) ;
#5064 = EDGE_CURVE ( 'NONE', #3312, #6152, #2990, .T. ) ;
#5065 = EDGE_CURVE ( 'NONE', #1708, #8024, #47, .T. ) ;
#5066 = ORIENTED_EDGE ( 'NONE', *, *, #3870, .T. ) ;
#5067 = AXIS2_PLACEMENT_3D ( 'NONE', #7849, #9519, #4074 ) ;
#5068 = CARTESIAN_POINT ( 'NONE',  ( 4.583785022534586417, -5.126887747747466584, 3.200000000000001510 ) ) ;
#5069 = FILL_AREA_STYLE ('',( #8283 ) ) ;
#5070 = LINE ( 'NONE', #1111, #4449 ) ;
#5071 = DIRECTION ( 'NONE',  ( 0.0000000000000000000, 0.0000000000000000000, 1.000000000000000000 ) ) ;
#5072 =( NAMED_UNIT ( * ) PLANE_ANGLE_UNIT ( ) SI_UNIT ( $, .RADIAN. ) );
#5073 = PRESENTATION_LAYER_ASSIGNMENT (  '', '', ( #543 ) ) ;
#5074 = CARTESIAN_POINT ( 'NONE',  ( 3.100764847347317943, -6.036492211685748899, 3.200000000000000178 ) ) ;
#5075 = CARTESIAN_POINT ( 'NONE',  ( 3.823836983086249308, -2.164050952609640088, 3.200000000000001954 ) ) ;
#5076 = COLOUR_RGB ( '',0.7529411764705882248, 0.7529411764705882248, 0.7529411764705882248 ) ;
#5077 = ORIENTED_EDGE ( 'NONE', *, *, #9513, .F. ) ;
#5078 = ORIENTED_EDGE ( 'NONE', *, *, #6243, .F. ) ;
#5079 = FACE_OUTER_BOUND ( 'NONE', #6708, .T. ) ;
#5080 = DIRECTION ( 'NONE',  ( -0.0000000000000000000, -0.0000000000000000000, -1.000000000000000000 ) ) ;
#5081 = ORIENTED_EDGE ( 'NONE', *, *, #7684, .T. ) ;
#5083 = VECTOR ( 'NONE', #6335, 1000.000000000000000 ) ;
#5082 = SURFACE_STYLE_FILL_AREA ( #2727 ) ;
#5084 = CARTESIAN_POINT ( 'NONE',  ( -4.459483682296461637, 7.752827597676611227, 2.000000000000000000 ) ) ;
#5085 = PRESENTATION_STYLE_ASSIGNMENT (( #8397 ) ) ;
#5086 = CARTESIAN_POINT ( 'NONE',  ( 4.727655144429011358, 0.6330489350495861478, 3.099999999999910383 ) ) ;
#5087 = ORIENTED_EDGE ( 'NONE', *, *, #7678, .T. ) ;
#5088 = CARTESIAN_POINT ( 'NONE',  ( 3.661667702600899243, -6.547420104239353833, 3.099999999999947686 ) ) ;
#5089 = CARTESIAN_POINT ( 'NONE',  ( 3.096427124302426837, -1.049311601777534797, 3.199999999999997513 ) ) ;
#5090 = VERTEX_POINT ( 'NONE', #7688 ) ;
#5091 = CARTESIAN_POINT ( 'NONE',  ( 8.000000000000000000, -8.500000000000000000, 1.000000000000000000 ) ) ;
#5092 = VERTEX_POINT ( 'NONE', #8450 ) ;
#5093 = CARTESIAN_POINT ( 'NONE',  ( -2.000000000000000888, 8.000000000000000000, 3.000000000000000000 ) ) ;
#5094 = CARTESIAN_POINT ( 'NONE',  ( 2.866603023838312225, 0.8354215083581557622, 3.100000000000044054 ) ) ;
#5095 = CARTESIAN_POINT ( 'NONE',  ( -5.781792873543974309, 6.820462724888162853, 2.000000000000000000 ) ) ;
#5096 = CARTESIAN_POINT ( 'NONE',  ( 4.202134768498160255, -5.604550262420206153, 3.100000000000000977 ) ) ;
#5097 = CARTESIAN_POINT ( 'NONE',  ( 2.933135640509699105, -4.553271326480662573, 3.100000000000159517 ) ) ;
#5098 = CARTESIAN_POINT ( 'NONE',  ( 2.647065594792024079, -4.654034248936379292, 3.100000000000648015 ) ) ;
#5099 = CARTESIAN_POINT ( 'NONE',  ( 2.669070589828295148, -1.238621052036578796, 3.100000000000053380 ) ) ;
#5100 = CARTESIAN_POINT ( 'NONE',  ( 4.619076518610460091, -4.605853886547046194, 3.199999999999996625 ) ) ;
#5101 = CARTESIAN_POINT ( 'NONE',  ( 4.670009707420705425, 1.550431303008151351, 3.100000000000001421 ) ) ;
#5102 = ORIENTED_EDGE ( 'NONE', *, *, #4052, .T. ) ;
#5103 = DIRECTION ( 'NONE',  ( -1.000000000000000000, 0.0000000000000000000, 0.0000000000000000000 ) ) ;
#5104 = ORIENTED_EDGE ( 'NONE', *, *, #6131, .T. ) ;
#5105 =( LENGTH_UNIT ( ) NAMED_UNIT ( * ) SI_UNIT ( .MILLI., .METRE. ) );
#5106 = CARTESIAN_POINT ( 'NONE',  ( -4.544929958533819203, 6.386736894867858894, 2.000000000000001332 ) ) ;
#5107 = EDGE_CURVE ( 'NONE', #6152, #9566, #2122, .T. ) ;
#5108 = VECTOR ( 'NONE', #9559, 1000.000000000000114 ) ;
#5109 = CARTESIAN_POINT ( 'NONE',  ( 4.225303643858724811, -6.319477712618259524, 3.099999999999999201 ) ) ;
#5110 = CARTESIAN_POINT ( 'NONE',  ( 2.806224775495019141, -0.4329693501223990104, 3.199999999999999734 ) ) ;
#5111 = CARTESIAN_POINT ( 'NONE',  ( 3.163857735794871839, -6.767607322444243678, 3.200000000000005063 ) ) ;
#5112 = CARTESIAN_POINT ( 'NONE',  ( 1.542484643350841456, 4.059528275238469597, 3.100000000000000977 ) ) ;
#5113 = VERTEX_POINT ( 'NONE', #3091 ) ;
#5114 = ORIENTED_EDGE ( 'NONE', *, *, #8495, .T. ) ;
#5115 = ADVANCED_FACE ( 'NONE', ( #6111 ), #6831, .T. ) ;
#5116 = SURFACE_STYLE_USAGE ( .BOTH. , #2024 ) ;
#5117 =( BOUNDED_SURFACE ( )  B_SPLINE_SURFACE ( 3, 3, ( 
 ( #2419, #1723, #3074, #9330 ),
 ( #2368, #5469, #5519, #4801 ),
 ( #7921, #950, #4040, #188 ),
 ( #3275, #6403, #9486, #5774 ) ),
 .UNSPECIFIED., .F., .F., .T. ) 
 B_SPLINE_SURFACE_WITH_KNOTS ( ( 4, 4 ),
 ( 4, 4 ),
 ( 0.0000000000000000000, 1.000000000000000000 ),
 ( 0.0000000000000000000, 1.000000000000000000 ),
 .UNSPECIFIED. ) 
 GEOMETRIC_REPRESENTATION_ITEM ( )  RATIONAL_B_SPLINE_SURFACE ( (
 ( 1.000000000000000000, 0.3333333333333330928, 0.3333333333333330928, 1.000000000000000000),
 ( 0.8047378541243649375, 0.2682459513747881275, 0.2682459513747881275, 0.8047378541243649375),
 ( 0.8047378541243649375, 0.2682459513747881275, 0.2682459513747881275, 0.8047378541243649375),
 ( 1.000000000000000000, 0.3333333333333330928, 0.3333333333333330928, 1.000000000000000000) ) ) 
 REPRESENTATION_ITEM ( '' )  SURFACE ( )  );
#5118 = EDGE_CURVE ( 'NONE', #6884, #5607, #1788, .T. ) ;
#5119 = EDGE_CURVE ( 'NONE', #6318, #2344, #9921, .T. ) ;
#5120 =( LENGTH_UNIT ( ) NAMED_UNIT ( * ) SI_UNIT ( .MILLI., .METRE. ) );
#5121 = CARTESIAN_POINT ( 'NONE',  ( 4.665413086832669975, -4.717358353571228236, 3.200000000000000178 ) ) ;
#5122 = CARTESIAN_POINT ( 'NONE',  ( 4.135190894539845452, -1.658184815384827093, 3.100000000000000977 ) ) ;
#5123 = CARTESIAN_POINT ( 'NONE',  ( 3.704099025740840379, -6.579397999582019096, 3.100000000000000533 ) ) ;
#5124 = CARTESIAN_POINT ( 'NONE',  ( 4.657871176525409496, 1.454260958080096033, 3.199999999999994404 ) ) ;
#5125 = ORIENTED_EDGE ( 'NONE', *, *, #6183, .T. ) ;
#5126 = VERTEX_POINT ( 'NONE', #7738 ) ;
#5127 = CARTESIAN_POINT ( 'NONE',  ( 3.652354050012646347, 0.1844870049438971649, 3.200000000000000178 ) ) ;
#5128 = CARTESIAN_POINT ( 'NONE',  ( 3.717453794456186511, -1.755573032769523145, 3.100000000000000977 ) ) ;
#5129 = ORIENTED_EDGE ( 'NONE', *, *, #2809, .F. ) ;
#5130 = CARTESIAN_POINT ( 'NONE',  ( 2.718217306113901888, -5.571108612877292643, 3.100000000000005862 ) ) ;
#5131 = CARTESIAN_POINT ( 'NONE',  ( -5.694129369171459842, 7.122843705864089436, 1.999999999999999556 ) ) ;
#5132 = CARTESIAN_POINT ( 'NONE',  ( 3.629616442638524454, -2.175695449485798072, 3.099999999999605294 ) ) ;
#5133 = CARTESIAN_POINT ( 'NONE',  ( 4.605351601279791041, -0.03469187643231947532, 3.099999999999909495 ) ) ;
#5134 = LINE ( 'NONE', #7289, #5342 ) ;
#5135 = CARTESIAN_POINT ( 'NONE',  ( 4.556894433560804814, 0.3999452625155699992, 3.099999999999996980 ) ) ;
#5136 = EDGE_LOOP ( 'NONE', ( #1432, #3080, #6322, #2979 ) ) ;
#5137 = CARTESIAN_POINT ( 'NONE',  ( 4.084182836027210328, -1.367264825052096899, 3.099999999999573763 ) ) ;
#5138 = ORIENTED_EDGE ( 'NONE', *, *, #8097, .T. ) ;
#5139 = FACE_OUTER_BOUND ( 'NONE', #5919, .T. ) ;
#5140 = CARTESIAN_POINT ( 'NONE',  ( 3.858354611196999517, -6.677804268417474987, 3.200000000000000178 ) ) ;
#5141 = CARTESIAN_POINT ( 'NONE',  ( 2.981764174696327707, -4.906792635258964808, 3.099999999999999645 ) ) ;
#5142 = B_SPLINE_CURVE_WITH_KNOTS ( 'NONE', 3,
 ( #6781, #4427, #8401, #7540, #6675, #34, #1440, #9920, #2943, #9770, #575, #3658, #624, #9050, #4479, #9817, #5904, #9000, #9871 ),
 .UNSPECIFIED., .F., .F.,
 ( 4, 1, 1, 1, 1, 1, 1, 1, 1, 1, 1, 1, 1, 1, 1, 1, 4 ),
 ( 0.0000000000000000000, 4.286594836969168738E-05, 8.562042938854648498E-05, 0.0001285590165705515040, 0.0001722418755537231169, 0.0002163418700414871732, 0.0002611516457807226731, 0.0003079327389246711987, 0.0003562156485940499453, 0.0004056644264970960738, 0.0004552842501240103980, 0.0005056907500385029227, 0.0005572509885242112916, 0.0006103080877097700552, 0.0006649850708149656437, 0.0007217180035796225916, 0.0007805012474771331468 ),
 .UNSPECIFIED. ) ;
#5143 = CARTESIAN_POINT ( 'NONE',  ( 2.755214139465817613, 0.7201141326083058125, 3.100000000000043165 ) ) ;
#5144 = LINE ( 'NONE', #3454, #6213 ) ;
#5145 = LINE ( 'NONE', #2899, #2753 ) ;
#5146 = CARTESIAN_POINT ( 'NONE',  ( 4.647342495437491117, 0.03937961357155579656, 3.100000000000000533 ) ) ;
#5147 = CARTESIAN_POINT ( 'NONE',  ( -8.000000000000000000, -5.000000000000000000, 2.200000000000000178 ) ) ;
#5148 = CARTESIAN_POINT ( 'NONE',  ( 3.234626779371796879, -1.154138825265902391, 3.199999999999986855 ) ) ;
#5149 = AXIS2_PLACEMENT_3D ( 'NONE', #5764, #8107, #533 ) ;
#5150 = CARTESIAN_POINT ( 'NONE',  ( 4.020897078162299465, -1.548641554280916433, 3.100000000000000977 ) ) ;
#5151 = CARTESIAN_POINT ( 'NONE',  ( 3.030636062768198080, 1.325179757816585147, 3.100000000000000977 ) ) ;
#5152 = CARTESIAN_POINT ( 'NONE',  ( 7.000000000000000888, -8.000000000000000000, 3.200000000000000178 ) ) ;
#5153 = ORIENTED_EDGE ( 'NONE', *, *, #1835, .T. ) ;
#5154 = CARTESIAN_POINT ( 'NONE',  ( -8.000000000000000000, 0.0000000000000000000, 0.0000000000000000000 ) ) ;
#5155 = EDGE_LOOP ( 'NONE', ( #5153, #5882, #7603, #7114 ) ) ;
#5156 = CARTESIAN_POINT ( 'NONE',  ( -4.978655788554127604, 6.820462724888161965, 2.000000000000001332 ) ) ;
#5157 = CARTESIAN_POINT ( 'NONE',  ( 2.939047156304706920, 0.8442506682683627028, 3.100000000000000977 ) ) ;
#5158 = CARTESIAN_POINT ( 'NONE',  ( 2.687896877194992484, 0.05473340471738896706, 3.100000000000000977 ) ) ;
#5159 = CARTESIAN_POINT ( 'NONE',  ( -5.106837144096586734, 5.903068796267032958, 2.000000000000000000 ) ) ;
#5160 = DIRECTION ( 'NONE',  ( 0.0000000000000000000, 0.0000000000000000000, 1.000000000000000000 ) ) ;
#5161 =( LENGTH_UNIT ( ) NAMED_UNIT ( * ) SI_UNIT ( .MILLI., .METRE. ) );
#5162 = AXIS2_PLACEMENT_3D ( 'NONE', #6545, #1914, #532 ) ;
#5163 = CARTESIAN_POINT ( 'NONE',  ( 5.006206775549459032, 4.851300258385033537, 3.100000000000000977 ) ) ;
#5164 = EDGE_LOOP ( 'NONE', ( #8391, #1798, #3251, #8818 ) ) ;
#5165 = B_SPLINE_CURVE_WITH_KNOTS ( 'NONE', 3,
 ( #1049, #4088, #7204, #6492, #3158, #4743, #1663, #6289, #9366, #3355, #892 ),
 .UNSPECIFIED., .F., .F.,
 ( 4, 1, 1, 1, 1, 1, 1, 1, 4 ),
 ( 0.0000000000000000000, 2.452018182838547710E-05, 5.180150464465430564E-05, 8.258591273161405356E-05, 0.0001165884028337034494, 0.0001547575879250536618, 0.0001969068185652216561, 0.0002427979777489981119, 0.0002925032185154517739 ),
 .UNSPECIFIED. ) ;
#5166 = CARTESIAN_POINT ( 'NONE',  ( 4.702256001433156918, -4.975849811380870236, 3.100000000000000977 ) ) ;
#5167 = CARTESIAN_POINT ( 'NONE',  ( 3.908358406790647166, -1.364663185891278108, 3.199999999999997069 ) ) ;
#5168 = AXIS2_PLACEMENT_3D ( 'NONE', #7809, #9270, #9983 ) ;
#5169 = CARTESIAN_POINT ( 'NONE',  ( 9.664887937585069506E-16, -7.800000000000001599, 3.000000000000000000 ) ) ;
#5170 = CARTESIAN_POINT ( 'NONE',  ( 4.383713462087702517, -4.908260391710203230, 3.200000000000007283 ) ) ;
#5171 = CARTESIAN_POINT ( 'NONE',  ( 3.723696235704197388, 0.7623587090454595483, 3.199999999999999734 ) ) ;
#5172 = CARTESIAN_POINT ( 'NONE',  ( 3.200597338776523859, -6.137166171106862578, 3.100000000000000089 ) ) ;
#5173 = CARTESIAN_POINT ( 'NONE',  ( 3.847413717401817035, -2.159839303888081208, 3.100000000000000533 ) ) ;
#5174 = CARTESIAN_POINT ( 'NONE',  ( -8.000000000000000000, -8.500000000000001776, 1.000000000000000000 ) ) ;
#5175 = EDGE_CURVE ( 'NONE', #4364, #10053, #7721, .T. ) ;
#5176 = VERTEX_POINT ( 'NONE', #6424 ) ;
#5177 = CARTESIAN_POINT ( 'NONE',  ( 3.746039855051066514, -0.04893044145418148222, 3.199999999999998401 ) ) ;
#5178 =( NAMED_UNIT ( * ) PLANE_ANGLE_UNIT ( ) SI_UNIT ( $, .RADIAN. ) );
#5179 = ORIENTED_EDGE ( 'NONE', *, *, #9536, .F. ) ;
#5180 = EDGE_CURVE ( 'NONE', #2983, #4856, #9507, .T. ) ;
#5181 = FILL_AREA_STYLE ('',( #9042 ) ) ;
#5182 = CARTESIAN_POINT ( 'NONE',  ( 4.048303180600754558, -6.357210321466068237, 3.099999999999865530 ) ) ;
#5183 = CARTESIAN_POINT ( 'NONE',  ( 4.293096055254888022, -4.158213973213698011, 3.100000000000000977 ) ) ;
#5184 = DIRECTION ( 'NONE',  ( -1.000000000000000000, 0.0000000000000000000, 0.0000000000000000000 ) ) ;
#5185 = CARTESIAN_POINT ( 'NONE',  ( -5.184380340731204129, 7.704877311638745674, 1.999999999999999556 ) ) ;
#5186 = CARTESIAN_POINT ( 'NONE',  ( 4.166463675652384957, -0.2676440968763069139, 3.199999999999998845 ) ) ;
#5187 = VECTOR ( 'NONE', #9479, 1000.000000000000000 ) ;
#5188 = CARTESIAN_POINT ( 'NONE',  ( 3.044607805652747246, 0.8466316658936040573, 3.200000000000000178 ) ) ;
#5189 = EDGE_CURVE ( 'NONE', #3791, #2155, #6370, .T. ) ;
#5190 = CARTESIAN_POINT ( 'NONE',  ( 3.846435903003639911, -6.671016601447396610, 3.099999999999948130 ) ) ;
#5191 = CARTESIAN_POINT ( 'NONE',  ( 4.162896566367807694, 0.2272923163588276285, 3.099999999998812594 ) ) ;
#5192 = LINE ( 'NONE', #3500, #1480 ) ;
#5193 = ORIENTED_EDGE ( 'NONE', *, *, #2930, .T. ) ;
#5194 = EDGE_CURVE ( 'NONE', #4270, #3743, #252, .T. ) ;
#5195 = MECHANICAL_DESIGN_GEOMETRIC_PRESENTATION_REPRESENTATION (  '', ( #9080 ), #4861 ) ;
#5196 = CARTESIAN_POINT ( 'NONE',  ( -5.741792873543974274, 6.820462724888162853, 2.000000000000000444 ) ) ;
#5197 = CARTESIAN_POINT ( 'NONE',  ( 2.667385998808671665, -2.028456893039705111, 3.100000000000000977 ) ) ;
#5198 = CARTESIAN_POINT ( 'NONE',  ( 3.869518312985321007, -1.748578927794053772, 3.100000000000001421 ) ) ;
#5199 = FILL_AREA_STYLE_COLOUR ( '', #3913 ) ;
#5200 = CARTESIAN_POINT ( 'NONE',  ( 3.612462474533111756, -6.244630380823882554, 3.199999999999984635 ) ) ;
#5201 = CARTESIAN_POINT ( 'NONE',  ( 4.255781924531224725, -0.2616360296629445803, 3.100000000000000089 ) ) ;
#5202 = DIRECTION ( 'NONE',  ( -0.002081883066368603406, 0.9999978328791008231, 0.0000000000000000000 ) ) ;
#5203 = VECTOR ( 'NONE', #3291, 1000.000000000000000 ) ;
#5204 = CARTESIAN_POINT ( 'NONE',  ( 3.984219769897088703, -1.414256290328554044, 3.100000000000000977 ) ) ;
#5205 = CARTESIAN_POINT ( 'NONE',  ( 2.797107561191711333, 1.372670242165662691, 3.100000000000000977 ) ) ;
#5206 = PLANE ( 'NONE',  #1305 ) ;
#5207 = ORIENTED_EDGE ( 'NONE', *, *, #1090, .T. ) ;
#5208 = CARTESIAN_POINT ( 'NONE',  ( 2.748778505874214684, -0.5488092342505128673, 3.199999999999999734 ) ) ;
#5209 = EDGE_LOOP ( 'NONE', ( #3, #752, #4350, #935 ) ) ;
#5210 = AXIS2_PLACEMENT_3D ( 'NONE', #4267, #7378, #405 ) ;
#5211 = FILL_AREA_STYLE ('',( #5057 ) ) ;
#5212 = AXIS2_PLACEMENT_3D ( 'NONE', #5169, #2070, #6816 ) ;
#5213 = CARTESIAN_POINT ( 'NONE',  ( 3.836060178168390067, -1.406442211541495624, 3.199999999999999734 ) ) ;
#5214 = FACE_OUTER_BOUND ( 'NONE', #6075, .T. ) ;
#5215 = CARTESIAN_POINT ( 'NONE',  ( 3.127603378462386008, -4.155674148412584756, 3.200000000000000622 ) ) ;
#5216 = LINE ( 'NONE', #6652, #5671 ) ;
#5217 = CARTESIAN_POINT ( 'NONE',  ( 3.082062453140811176, -1.426953089927816443, 3.200000000000000622 ) ) ;
#5218 = VECTOR ( 'NONE', #9263, 1000.000000000000000 ) ;
#5219 = SURFACE_SIDE_STYLE ('',( #6524 ) ) ;
#5220 = MECHANICAL_DESIGN_GEOMETRIC_PRESENTATION_REPRESENTATION (  '', ( #9761 ), #8943 ) ;
#5221 = CARTESIAN_POINT ( 'NONE',  ( 2.667977101273387497, -2.009370916382699157, 3.099999999999970779 ) ) ;
#5222 = ORIENTED_EDGE ( 'NONE', *, *, #722, .T. ) ;
#5223 = CARTESIAN_POINT ( 'NONE',  ( 3.792808978092887529, -0.1062324017491729361, 3.099999999998142464 ) ) ;
#5224 = DIRECTION ( 'NONE',  ( 0.0000000000000000000, 0.0000000000000000000, -1.000000000000000000 ) ) ;
#5225 = VECTOR ( 'NONE', #4583, 1000.000000000000000 ) ;
#5226 = CARTESIAN_POINT ( 'NONE',  ( -8.000000000000000000, 5.500000000000000888, 0.0000000000000000000 ) ) ;
#5227 = CARTESIAN_POINT ( 'NONE',  ( 4.429656558014923640, -4.902362045279051728, 3.200000000000006395 ) ) ;
#5228 = CARTESIAN_POINT ( 'NONE',  ( 3.576998866375945774, -2.176046039689100819, 3.200000000000000178 ) ) ;
#5229 = CARTESIAN_POINT ( 'NONE',  ( 2.723441726195808155, -1.514860795398105697, 3.100000000000000533 ) ) ;
#5230 = ORIENTED_EDGE ( 'NONE', *, *, #2147, .T. ) ;
#5231 = MECHANICAL_DESIGN_GEOMETRIC_PRESENTATION_REPRESENTATION (  '', ( #8963 ), #6866 ) ;
#5232 = DIRECTION ( 'NONE',  ( -0.0000000000000000000, -0.0000000000000000000, -1.000000000000000000 ) ) ;
#5233 = ORIENTED_EDGE ( 'NONE', *, *, #8302, .T. ) ;
#5234 = CARTESIAN_POINT ( 'NONE',  ( -5.861792873543975269, 6.820462724888162853, 1.920000000000000373 ) ) ;
#5235 = CARTESIAN_POINT ( 'NONE',  ( 3.572547526216969693, -6.222917731148420728, 3.100000000000556977 ) ) ;
#5236 = CARTESIAN_POINT ( 'NONE',  ( 2.845756354062883631, -4.579315998826027467, 3.100000000000144862 ) ) ;
#5237 =( GEOMETRIC_REPRESENTATION_CONTEXT ( 3 ) GLOBAL_UNCERTAINTY_ASSIGNED_CONTEXT ( ( #2294 ) ) GLOBAL_UNIT_ASSIGNED_CONTEXT ( ( #1543, #9397, #6482 ) ) REPRESENTATION_CONTEXT ( 'NONE', 'WORKASPACE' ) );
#5238 = CARTESIAN_POINT ( 'NONE',  ( 2.718166640504534826, -4.457796831221454426, 3.200000000000001066 ) ) ;
#5239 = CARTESIAN_POINT ( 'NONE',  ( 3.733187453224969587, 0.5802101789612671423, 3.199999999999997069 ) ) ;
#5240 = EDGE_CURVE ( 'NONE', #8034, #5413, #4076, .T. ) ;
#5241 = CARTESIAN_POINT ( 'NONE',  ( -8.000000000000000000, -8.500000000000001776, 1.000000000000000000 ) ) ;
#5242 = CARTESIAN_POINT ( 'NONE',  ( 1.542591163728720627, 4.142466198028849078, 3.100000000000000977 ) ) ;
#5243 = ORIENTED_EDGE ( 'NONE', *, *, #4937, .F. ) ;
#5244 =( LENGTH_UNIT ( ) NAMED_UNIT ( * ) SI_UNIT ( .MILLI., .METRE. ) );
#5245 = EDGE_CURVE ( 'NONE', #5413, #3670, #7180, .T. ) ;
#5246 = CARTESIAN_POINT ( 'NONE',  ( 2.747641281461114193, -2.252987525393686408, 3.199999999999995737 ) ) ;
#5247 = CARTESIAN_POINT ( 'NONE',  ( 3.608805423008297986, -4.522114034707068519, 3.100000000000596057 ) ) ;
#5248 = CARTESIAN_POINT ( 'NONE',  ( 2.666494221487527128, -1.295415935059019752, 3.200000000000000622 ) ) ;
#5249 = EDGE_CURVE ( 'NONE', #2550, #1604, #7277, .T. ) ;
#5250 = PRESENTATION_STYLE_ASSIGNMENT (( #237 ) ) ;
#5251 = ADVANCED_FACE ( 'NONE', ( #8646 ), #1741, .T. ) ;
#5252 = SURFACE_SIDE_STYLE ('',( #921 ) ) ;
#5253 = VECTOR ( 'NONE', #9365, 1000.000000000000000 ) ;
#5254 = VERTEX_POINT ( 'NONE', #3293 ) ;
#5255 = CARTESIAN_POINT ( 'NONE',  ( 2.747769536275258773, 0.6774968512657483233, 3.200000000000005951 ) ) ;
#5256 = CARTESIAN_POINT ( 'NONE',  ( 8.000000000000000000, 6.499999999999999112, 1.000000000000000000 ) ) ;
#5257 =( LENGTH_UNIT ( ) NAMED_UNIT ( * ) SI_UNIT ( .MILLI., .METRE. ) );
#5258 = B_SPLINE_CURVE_WITH_KNOTS ( 'NONE', 3,
 ( #7810, #15, #838, #7153, #7860, #3112, #73 ),
 .UNSPECIFIED., .F., .F.,
 ( 4, 1, 1, 1, 4 ),
 ( 0.0000000000000000000, 4.709454991424780532E-05, 9.036595234671759261E-05, 0.0001312772817642037762, 0.0001699669439583607151 ),
 .UNSPECIFIED. ) ;
#5259 = ORIENTED_EDGE ( 'NONE', *, *, #3554, .F. ) ;
#5260 = ORIENTED_EDGE ( 'NONE', *, *, #9720, .T. ) ;
#5261 = CARTESIAN_POINT ( 'NONE',  ( 7.500000000000000000, -1.000000000000000000, 1.000000000000000000 ) ) ;
#5262 = LINE ( 'NONE', #5459, #6353 ) ;
#5263 = CARTESIAN_POINT ( 'NONE',  ( 2.644645677119489946, -4.725384349461528188, 3.100000000001473577 ) ) ;
#5264 = CARTESIAN_POINT ( 'NONE',  ( 4.414762480213953566, -6.053733642756332856, 3.200000000000001066 ) ) ;
#5265 =( NAMED_UNIT ( * ) SI_UNIT ( $, .STERADIAN. ) SOLID_ANGLE_UNIT ( ) );
#5266 = LINE ( 'NONE', #9698, #10042 ) ;
#5267 = DIRECTION ( 'NONE',  ( 0.0000000000000000000, 0.0000000000000000000, 1.000000000000000000 ) ) ;
#5268 = VECTOR ( 'NONE', #7125, 1000.000000000000000 ) ;
#5269 = CARTESIAN_POINT ( 'NONE',  ( 2.722301466602863762, -1.839358506958202133, 3.099999999999970335 ) ) ;
#5270 = EDGE_LOOP ( 'NONE', ( #9967, #383, #3954 ) ) ;
#5271 = FACE_OUTER_BOUND ( 'NONE', #2787, .T. ) ;
#5272 = CARTESIAN_POINT ( 'NONE',  ( 2.754713025317848007, -4.718805770006515132, 3.200000000000001066 ) ) ;
#5273 = B_SPLINE_CURVE_WITH_KNOTS ( 'NONE', 3,
 ( #2400, #7142, #9466, #932, #9411, #5501, #5551 ),
 .UNSPECIFIED., .F., .F.,
 ( 4, 1, 1, 1, 4 ),
 ( 0.0000000000000000000, 0.0001131846658213862719, 0.0002207653941674923652, 0.0003238525407205187232, 0.0004241313682902311116 ),
 .UNSPECIFIED. ) ;
#5274 = CARTESIAN_POINT ( 'NONE',  ( 3.137352647051763643, -5.297905389636225593, 3.200000000000000622 ) ) ;
#5275 = CARTESIAN_POINT ( 'NONE',  ( 3.206465389440453340, -4.131460653579368092, 3.200000000000000178 ) ) ;
#5276 = DIRECTION ( 'NONE',  ( -1.000000000000000000, 0.0000000000000000000, 0.0000000000000000000 ) ) ;
#5277 = CARTESIAN_POINT ( 'NONE',  ( 3.576998866375945774, -2.176046039689100819, 3.100000000000000977 ) ) ;
#5278 = CARTESIAN_POINT ( 'NONE',  ( 2.687896877194992484, 0.05473340471738900176, 3.100000000000000977 ) ) ;
#5279 = VERTEX_POINT ( 'NONE', #4817 ) ;
#5280 = MECHANICAL_DESIGN_GEOMETRIC_PRESENTATION_REPRESENTATION (  '', ( #7564 ), #245 ) ;
#5281 = DIRECTION ( 'NONE',  ( 0.6256365330374979994, 0.7801146893430604967, 0.0000000000000000000 ) ) ;
#5282 = LINE ( 'NONE', #5128, #2347 ) ;
#5283 = ORIENTED_EDGE ( 'NONE', *, *, #5687, .F. ) ;
#5284 = B_SPLINE_CURVE_WITH_KNOTS ( 'NONE', 3,
 ( #9526, #1659, #5663, #4741, #8665, #8016, #4837, #9364, #4789, #3353, #7856 ),
 .UNSPECIFIED., .F., .F.,
 ( 4, 1, 1, 1, 1, 1, 1, 1, 4 ),
 ( 0.0000000000000000000, 5.441708024799892407E-05, 0.0001034881215556754332, 0.0001472351292468392330, 0.0001861316204199566448, 0.0002201731276940075159, 0.0002489409827422749393, 0.0002729974957796051701, 0.0002919313142863754016 ),
 .UNSPECIFIED. ) ;
#5285 = CARTESIAN_POINT ( 'NONE',  ( 2.667385998808671665, -2.028456893039705111, 3.100000000000000533 ) ) ;
#5286 = CARTESIAN_POINT ( 'NONE',  ( 3.267662110992766600, -6.012639710109078273, 3.100000000000556089 ) ) ;
#5287 = CARTESIAN_POINT ( 'NONE',  ( 4.134805823598924235, -1.733479280196374539, 3.199999999999997957 ) ) ;
#5288 = CARTESIAN_POINT ( 'NONE',  ( 2.868115918852054858, -4.293270760376050710, 3.100000000000000089 ) ) ;
#5289 = VECTOR ( 'NONE', #3159, 1000.000000000000114 ) ;
#5290 = CARTESIAN_POINT ( 'NONE',  ( 3.795089687780361043, -2.167458239457744185, 3.099999999999604849 ) ) ;
#5291 =( NAMED_UNIT ( * ) SI_UNIT ( $, .STERADIAN. ) SOLID_ANGLE_UNIT ( ) );
#5292 = ORIENTED_EDGE ( 'NONE', *, *, #3300, .T. ) ;
#5293 = LINE ( 'NONE', #2942, #6168 ) ;
#5294 = LINE ( 'NONE', #672, #6533 ) ;
#5295 = VERTEX_POINT ( 'NONE', #4873 ) ;
#5296 = CARTESIAN_POINT ( 'NONE',  ( 3.082062453140811620, -1.426953089927816665, 3.100000000000000977 ) ) ;
#5297 = CARTESIAN_POINT ( 'NONE',  ( 4.081751920833088576, -4.524524155785936586, 3.100000000000594724 ) ) ;
#5298 = CARTESIAN_POINT ( 'NONE',  ( 3.977406883569775786, -1.403320990917490185, 3.099999999999930811 ) ) ;
#5299 = CARTESIAN_POINT ( 'NONE',  ( 4.058820853513911864, -0.2586444669126427565, 3.099999999999995204 ) ) ;
#5300 = VERTEX_POINT ( 'NONE', #7891 ) ;
#5301 = CARTESIAN_POINT ( 'NONE',  ( 2.866603023838312225, 0.8354215083581557622, 3.200000000000006395 ) ) ;
#5302 = CARTESIAN_POINT ( 'NONE',  ( 2.754077797123930527, 1.449392686304643574, 3.199999999999998401 ) ) ;
#5303 = EDGE_CURVE ( 'NONE', #3622, #9410, #156, .T. ) ;
#5304 = LINE ( 'NONE', #780, #661 ) ;
#5305 = VERTEX_POINT ( 'NONE', #2488 ) ;
#5306 = CARTESIAN_POINT ( 'NONE',  ( -1.800000000000000711, 7.800000000000000711, 3.200000000000000178 ) ) ;
#5307 = ORIENTED_EDGE ( 'NONE', *, *, #2682, .T. ) ;
#5308 = EDGE_CURVE ( 'NONE', #9802, #6783, #1653, .T. ) ;
#5309 = EDGE_CURVE ( 'NONE', #7855, #4726, #6316, .T. ) ;
#5310 = CARTESIAN_POINT ( 'NONE',  ( 3.977406883569775786, -1.403320990917490185, 3.200000000000000178 ) ) ;
#5311 = CARTESIAN_POINT ( 'NONE',  ( 2.970880449133929790, 0.8453836509070262739, 3.099999999999999645 ) ) ;
#5312 = DIRECTION ( 'NONE',  ( -0.002036655653797850556, 0.9999979260147231486, 0.0000000000000000000 ) ) ;
#5313 = FACE_OUTER_BOUND ( 'NONE', #5155, .T. ) ;
#5314 = FACE_OUTER_BOUND ( 'NONE', #5731, .T. ) ;
#5315 = CARTESIAN_POINT ( 'NONE',  ( -4.511792873543973847, 6.820462724888163741, 1.920000000000000373 ) ) ;
#5316 = DIRECTION ( 'NONE',  ( -0.0000000000000000000, -0.0000000000000000000, -1.000000000000000000 ) ) ;
#5317 = VERTEX_POINT ( 'NONE', #4925 ) ;
#5318 = EDGE_CURVE ( 'NONE', #9126, #411, #2386, .T. ) ;
#5319 = CARTESIAN_POINT ( 'NONE',  ( 4.698403511409839695, -6.516034883319042237, 3.100000000000238565 ) ) ;
#5320 = CARTESIAN_POINT ( 'NONE',  ( 3.773869414858568749, -1.450130640826772899, 3.200000000000004619 ) ) ;
#5321 = CARTESIAN_POINT ( 'NONE',  ( -8.000000000000000000, 7.000000000000000000, 0.0000000000000000000 ) ) ;
#5322 = CARTESIAN_POINT ( 'NONE',  ( 3.708840017909781572, -4.066126244485801955, 3.200000000000004619 ) ) ;
#5323 = AXIS2_PLACEMENT_3D ( 'NONE', #3344, #6477, #7235 ) ;
#5324 = DIRECTION ( 'NONE',  ( 1.000000000000000000, 0.0000000000000000000, -0.0000000000000000000 ) ) ;
#5325 = CARTESIAN_POINT ( 'NONE',  ( 4.610530878519366382, -4.843874005088586898, 3.199999999999998845 ) ) ;
#5326 = ORIENTED_EDGE ( 'NONE', *, *, #2740, .T. ) ;
#5327 = ORIENTED_EDGE ( 'NONE', *, *, #3677, .T. ) ;
#5328 = FACE_OUTER_BOUND ( 'NONE', #5164, .T. ) ;
#5329 = ORIENTED_EDGE ( 'NONE', *, *, #4885, .T. ) ;
#5330 = CARTESIAN_POINT ( 'NONE',  ( 3.091526940982243232, -6.652903056985038255, 3.099999999999855760 ) ) ;
#5331 = VECTOR ( 'NONE', #7347, 1000.000000000000000 ) ;
#5332 = DIRECTION ( 'NONE',  ( -1.000000000000000000, 0.0000000000000000000, 0.0000000000000000000 ) ) ;
#5333 = CARTESIAN_POINT ( 'NONE',  ( 3.681336812949838944, -4.065915020475253883, 3.200000000000000178 ) ) ;
#5334 = SURFACE_STYLE_FILL_AREA ( #9207 ) ;
#5335 = ORIENTED_EDGE ( 'NONE', *, *, #3680, .T. ) ;
#5336 = ORIENTED_EDGE ( 'NONE', *, *, #2392, .F. ) ;
#5337 = PRESENTATION_LAYER_ASSIGNMENT (  '', '', ( #2416 ) ) ;
#5338 = CYLINDRICAL_SURFACE ( 'NONE', #4850, 2.500000000000000000 ) ;
#5339 = B_SPLINE_CURVE_WITH_KNOTS ( 'NONE', 3,
 ( #2756, #9697, #5110, #8924, #6802, #3573, #7361, #2705, #6705, #5819, #9843 ),
 .UNSPECIFIED., .F., .F.,
 ( 4, 1, 1, 1, 1, 1, 1, 1, 4 ),
 ( 0.0000000000000000000, 1.481616164786200173E-05, 3.306280276645848763E-05, 5.449239597259447528E-05, 8.006975304333848321E-05, 0.0001085577466306249722, 0.0001408679727415519992, 0.0001768175070465876166, 0.0002159719135689448007 ),
 .UNSPECIFIED. ) ;
#5340 = ORIENTED_EDGE ( 'NONE', *, *, #3248, .T. ) ;
#5341 = CARTESIAN_POINT ( 'NONE',  ( 2.829365606988659021, -2.330860437877298796, 3.199999999999996625 ) ) ;
#5342 = VECTOR ( 'NONE', #5800, 1000.000000000000000 ) ;
#5343 = SURFACE_STYLE_USAGE ( .BOTH. , #3663 ) ;
#5344 = LINE ( 'NONE', #7795, #4422 ) ;
#5345 = CARTESIAN_POINT ( 'NONE',  ( 3.709212362585257772, 0.02010129322543862188, 3.099999999999999201 ) ) ;
#5346 = ORIENTED_EDGE ( 'NONE', *, *, #1090, .F. ) ;
#5347 = CARTESIAN_POINT ( 'NONE',  ( 4.401892182724840730, -5.910078060448809900, 3.100000000001001954 ) ) ;
#5348 = DIRECTION ( 'NONE',  ( -0.0000000000000000000, -0.0000000000000000000, -1.000000000000000000 ) ) ;
#5349 = CARTESIAN_POINT ( 'NONE',  ( 3.877406576746938338, -1.375226907368099383, 3.099999999999622613 ) ) ;
#5350 = ORIENTED_EDGE ( 'NONE', *, *, #4684, .F. ) ;
#5351 = CARTESIAN_POINT ( 'NONE',  ( -2.000000000000000888, 8.000000000000000000, 3.117157287525381459 ) ) ;
#5352 = VERTEX_POINT ( 'NONE', #7082 ) ;
#5353 = DIRECTION ( 'NONE',  ( 0.0000000000000000000, -1.000000000000000000, 0.0000000000000000000 ) ) ;
#5354 = MECHANICAL_DESIGN_GEOMETRIC_PRESENTATION_REPRESENTATION (  '', ( #9751 ), #3395 ) ;
#5355 = CARTESIAN_POINT ( 'NONE',  ( 2.644645677119489946, -4.725384349461528188, 3.199999999999998845 ) ) ;
#5356 = CARTESIAN_POINT ( 'NONE',  ( 3.753101486176205537, 0.4773636949457220058, 3.199999999999999289 ) ) ;
#5357 = CARTESIAN_POINT ( 'NONE',  ( 2.766368594624921240, 0.7530506896931947747, 3.200000000000000178 ) ) ;
#5358 = DIRECTION ( 'NONE',  ( -0.9999762524008789510, 0.006891635095800392914, 1.769579332723982119E-13 ) ) ;
#5359 = EDGE_CURVE ( 'NONE', #9924, #2567, #7230, .T. ) ;
#5360 = CARTESIAN_POINT ( 'NONE',  ( 3.137352647051763643, -5.297905389636225593, 3.099999999999908162 ) ) ;
#5361 =( NAMED_UNIT ( * ) SI_UNIT ( $, .STERADIAN. ) SOLID_ANGLE_UNIT ( ) );
#5362 = EDGE_CURVE ( 'NONE', #9904, #4049, #206, .T. ) ;
#5363 = CARTESIAN_POINT ( 'NONE',  ( 2.953548283497214211, -1.483888212172626453, 3.100000000000005862 ) ) ;
#5364 = PRESENTATION_STYLE_ASSIGNMENT (( #6294 ) ) ;
#5365 = CARTESIAN_POINT ( 'NONE',  ( 2.679995116031184565, -1.922072347883816867, 3.099999999999969891 ) ) ;
#5366 = ORIENTED_EDGE ( 'NONE', *, *, #8791, .T. ) ;
#5367 = VECTOR ( 'NONE', #1911, 1000.000000000000000 ) ;
#5368 = VECTOR ( 'NONE', #5691, 1000.000000000000000 ) ;
#5369 = CARTESIAN_POINT ( 'NONE',  ( 7.000000000000000888, -8.000000000000000000, 3.200000000000000178 ) ) ;
#5370 = EDGE_CURVE ( 'NONE', #2941, #3312, #7015, .T. ) ;
#5371 = VECTOR ( 'NONE', #4115, 1000.000000000000000 ) ;
#5372 = CARTESIAN_POINT ( 'NONE',  ( 2.919758980692532813, -1.582568232467511882, 3.100000000000000977 ) ) ;
#5373 = CARTESIAN_POINT ( 'NONE',  ( 4.150139712202634890, -4.117154714883914046, 3.200000000000004174 ) ) ;
#5374 = PRESENTATION_LAYER_ASSIGNMENT (  '', '', ( #9761 ) ) ;
#5375 = ADVANCED_FACE ( 'NONE', ( #2436 ), #4721, .F. ) ;
#5376 = CARTESIAN_POINT ( 'NONE',  ( 3.277361686471432112, -6.831189967654309747, 3.100000000000000977 ) ) ;
#5377 = CARTESIAN_POINT ( 'NONE',  ( 4.471599097454704186, -4.895662098577261645, 3.100000000000000977 ) ) ;
#5378 = CARTESIAN_POINT ( 'NONE',  ( 2.876248749467862798, -1.736019084070745677, 3.100000000000000533 ) ) ;
#5379 = ORIENTED_EDGE ( 'NONE', *, *, #4803, .T. ) ;
#5380 = ORIENTED_EDGE ( 'NONE', *, *, #4677, .T. ) ;
#5381 = DIRECTION ( 'NONE',  ( 0.0000000000000000000, 0.0000000000000000000, 1.000000000000000000 ) ) ;
#5382 = CARTESIAN_POINT ( 'NONE',  ( 2.644645677119489946, -4.725384349461528188, 3.199999999999998845 ) ) ;
#5383 = EDGE_LOOP ( 'NONE', ( #3535, #7332, #2917, #1655 ) ) ;
#5384 = AXIS2_PLACEMENT_3D ( 'NONE', #4639, #7753, #8711 ) ;
#5385 = AXIS2_PLACEMENT_3D ( 'NONE', #3464, #6553, #1250 ) ;
#5386 =( NAMED_UNIT ( * ) SI_UNIT ( $, .STERADIAN. ) SOLID_ANGLE_UNIT ( ) );
#5387 = DIRECTION ( 'NONE',  ( 0.0000000000000000000, 0.0000000000000000000, 1.000000000000000000 ) ) ;
#5388 = CARTESIAN_POINT ( 'NONE',  ( 0.006206775549458341118, 4.851300258385033537, 3.200000000000000178 ) ) ;
#5389 = CARTESIAN_POINT ( 'NONE',  ( 4.088176838689483006, 0.2289834981900571165, 3.199999999999997513 ) ) ;
#5390 = CARTESIAN_POINT ( 'NONE',  ( 4.617257111490873811, -4.839085957907439450, 3.100000000000047162 ) ) ;
#5391 = CARTESIAN_POINT ( 'NONE',  ( 4.010443889306917420, -2.054996716635631770, 3.100000000000678213 ) ) ;
#5392 = VECTOR ( 'NONE', #5824, 1000.000000000000000 ) ;
#5393 = ORIENTED_EDGE ( 'NONE', *, *, #1094, .T. ) ;
#5394 = CARTESIAN_POINT ( 'NONE',  ( 0.0000000000000000000, 8.180974974472158934, 1.000000000000000000 ) ) ;
#5395 = CARTESIAN_POINT ( 'NONE',  ( -8.000000000000000000, -1.500000000000001332, 1.000000000000000000 ) ) ;
#5396 = VERTEX_POINT ( 'NONE', #562 ) ;
#5397 = AXIS2_PLACEMENT_3D ( 'NONE', #7227, #3336, #1792 ) ;
#5398 =( NAMED_UNIT ( * ) SI_UNIT ( $, .STERADIAN. ) SOLID_ANGLE_UNIT ( ) );
#5399 = EDGE_LOOP ( 'NONE', ( #3747, #1837, #1182, #8760 ) ) ;
#5400 = CARTESIAN_POINT ( 'NONE',  ( 2.886834780096742215, -1.017924471447828161, 3.100000000000054712 ) ) ;
#5401 = FACE_OUTER_BOUND ( 'NONE', #4617, .T. ) ;
#5402 = AXIS2_PLACEMENT_3D ( 'NONE', #796, #3882, #436 ) ;
#5403 = B_SPLINE_CURVE_WITH_KNOTS ( 'NONE', 3,
 ( #7514, #2811, #1972, #4255, #2706, #5060, #9746, #5821, #8276, #2167, #3631, #8333, #4456, #8166, #4298, #3574, #9022, #7409, #2060, #2757, #6803, #5877, #5159, #9892, #6753, #5981, #2913, #7362, #3777, #6185, #3726, #1463, #1414, #3064 ),
 .UNSPECIFIED., .F., .F.,
 ( 4, 1, 1, 2, 2, 2, 1, 1, 2, 2, 2, 1, 1, 2, 2, 2, 1, 1, 2, 2, 4 ),
 ( 0.0000000000000000000, 0.06249999999999891753, 0.09374999999999884814, 0.1093749999999988065, 0.1249999999999987788, 0.2499999999999963918, 0.3124999999999951705, 0.3437499999999951705, 0.3593749999999951705, 0.3749999999999951705, 0.4999999999999953371, 0.5624999999999958922, 0.5937499999999956701, 0.6093749999999954481, 0.6249999999999951150, 0.7499999999999982236, 0.8124999999999997780, 0.8437500000000005551, 0.8593750000000006661, 0.8750000000000006661, 1.000000000000000000 ),
 .UNSPECIFIED. ) ;
#5404 = LINE ( 'NONE', #3150, #6837 ) ;
#5405 = VERTEX_POINT ( 'NONE', #1321 ) ;
#5406 = CARTESIAN_POINT ( 'NONE',  ( 4.559671063076489617, -6.677882090766011025, 3.200000000000001510 ) ) ;
#5407 = VERTEX_POINT ( 'NONE', #2029 ) ;
#5408 = CARTESIAN_POINT ( 'NONE',  ( 4.271200049653481656, -5.624745434341622108, 3.199999999999998845 ) ) ;
#5409 = COLOUR_RGB ( '',1.000000000000000000, 1.000000000000000000, 0.0000000000000000000 ) ;
#5410 = CARTESIAN_POINT ( 'NONE',  ( 3.111296665739109901, -5.289188352527475878, 3.100000000000094680 ) ) ;
#5411 = CARTESIAN_POINT ( 'NONE',  ( 3.728657612126092591, 0.6210858350747471279, 3.100000000000000977 ) ) ;
#5412 = B_SPLINE_SURFACE_WITH_KNOTS ( 'NONE', 3, 1, ( 
 ( #4509, #502 ),
 ( #9755, #8987 ),
 ( #5833, #9857 ),
 ( #9902, #9035 ),
 ( #3643, #7468 ),
 ( #5123, #2924 ),
 ( #2028, #8233 ),
 ( #1265, #7526 ),
 ( #4357, #2718 ),
 ( #9083, #449 ),
 ( #3587, #8385 ),
 ( #3532, #6767 ),
 ( #1983, #6714 ),
 ( #9808, #8183 ),
 ( #2822, #2073 ),
 ( #5172, #8287 ),
 ( #1320, #2875 ),
 ( #1219, #5074 ),
 ( #6665, #561 ) ),
 .UNSPECIFIED., .F., .F., .F.,
 ( 4, 1, 1, 1, 1, 1, 1, 1, 1, 1, 1, 1, 1, 1, 1, 1, 4 ),
 ( 2, 2 ),
 ( 0.0000000000000000000, 0.04015323513131350414, 0.08291187000115141092, 0.1287704551065067538, 0.1777840339002863257, 0.2293885870895388535, 0.2843043437229233472, 0.3418611810073304280, 0.4026977886316538413, 0.4665528489706000093, 0.5334373338654233576, 0.6036539478450205776, 0.6763062031309695632, 0.7529319296318756072, 0.8320089739273719420, 0.9144650211547842300, 1.000000000000000000 ),
 ( 0.0000000000000000000, 1.000000000000000000 ),
 .UNSPECIFIED. ) ;
#5413 = VERTEX_POINT ( 'NONE', #6617 ) ;
#5414 = MECHANICAL_DESIGN_GEOMETRIC_PRESENTATION_REPRESENTATION (  '', ( #9161 ), #7216 ) ;
#5415 = SURFACE_STYLE_USAGE ( .BOTH. , #3733 ) ;
#5416 = EDGE_CURVE ( 'NONE', #6669, #6836, #9646, .T. ) ;
#5417 = MECHANICAL_DESIGN_GEOMETRIC_PRESENTATION_REPRESENTATION (  '', ( #3786 ), #1549 ) ;
#5418 = PRESENTATION_STYLE_ASSIGNMENT (( #6404 ) ) ;
#5419 = LINE ( 'NONE', #3023, #8203 ) ;
#5420 = CARTESIAN_POINT ( 'NONE',  ( 3.049052145174298012, -4.913562030356666277, 3.100000000000648459 ) ) ;
#5421 = CARTESIAN_POINT ( 'NONE',  ( -7.000000000000000888, 4.999999999999999112, 3.117157287525381459 ) ) ;
#5422 = DIRECTION ( 'NONE',  ( -1.000000000000000000, 0.0000000000000000000, 0.0000000000000000000 ) ) ;
#5423 = VERTEX_POINT ( 'NONE', #9036 ) ;
#5424 = VERTEX_POINT ( 'NONE', #1220 ) ;
#5425 = EDGE_CURVE ( 'NONE', #2504, #9215, #1534, .T. ) ;
#5426 = FILL_AREA_STYLE ('',( #3082 ) ) ;
#5427 = CARTESIAN_POINT ( 'NONE',  ( 8.000000000000000000, -5.000000000000000000, 0.0000000000000000000 ) ) ;
#5428 = ORIENTED_EDGE ( 'NONE', *, *, #4367, .F. ) ;
#5429 = PRESENTATION_LAYER_ASSIGNMENT (  '', '', ( #9815 ) ) ;
#5430 = CARTESIAN_POINT ( 'NONE',  ( 3.082157543590723581, -6.529468419982970673, 3.099999999999856648 ) ) ;
#5431 = EDGE_CURVE ( 'NONE', #5971, #9147, #9268, .T. ) ;
#5432 = ADVANCED_FACE ( 'NONE', ( #2074 ), #9740, .T. ) ;
#5433 = CARTESIAN_POINT ( 'NONE',  ( 8.000000000000000000, -5.500000000000002665, 1.000000000000000000 ) ) ;
#5434 = DIRECTION ( 'NONE',  ( -1.000000000000000000, 0.0000000000000000000, 0.0000000000000000000 ) ) ;
#5435 =( LENGTH_UNIT ( ) NAMED_UNIT ( * ) SI_UNIT ( .MILLI., .METRE. ) );
#5436 = CARTESIAN_POINT ( 'NONE',  ( 3.923011459736882589, -4.078322064690620863, 3.200000000000001066 ) ) ;
#5437 = B_SPLINE_SURFACE_WITH_KNOTS ( 'NONE', 3, 1, ( 
 ( #8331, #6085 ),
 ( #1511, #7609 ),
 ( #6750, #2213 ),
 ( #5311, #643 ),
 ( #5157, #8420 ),
 ( #6704, #4545 ),
 ( #2259, #8376 ),
 ( #9227, #7658 ),
 ( #9072, #3775 ),
 ( #1361, #6902 ),
 ( #1412, #9985 ),
 ( #4497, #3016 ),
 ( #3676, #6801 ),
 ( #4596, #5357 ),
 ( #9796, #5924 ),
 ( #9020, #2058 ),
 ( #9889, #1306 ),
 ( #6033, #2912 ),
 ( #4396, #2112 ) ),
 .UNSPECIFIED., .F., .F., .F.,
 ( 4, 1, 1, 1, 1, 1, 1, 1, 1, 1, 1, 1, 1, 1, 1, 1, 4 ),
 ( 2, 2 ),
 ( 0.0000000000000000000, 0.07765603840724825957, 0.1482699357699371889, 0.2118577185021758846, 0.2667440096747569211, 0.3147921816408323359, 0.3559917595944069313, 0.3895924747882439365, 0.4161378464309455905, 0.4632036692683426105, 0.5106894736532040513, 0.5615404104591777967, 0.6157199357431549780, 0.6813088831930258493, 0.7666281471668972003, 0.8720036136749136357, 1.000000000000000000 ),
 ( 0.0000000000000000000, 1.000000000000000000 ),
 .UNSPECIFIED. ) ;
#5438 = CARTESIAN_POINT ( 'NONE',  ( 2.697140093188048038, -1.877327122439500950, 3.199999999999990852 ) ) ;
#5439 = CIRCLE ( 'NONE', #82, 0.5000000000000004441 ) ;
#5440 = ORIENTED_EDGE ( 'NONE', *, *, #5742, .T. ) ;
#5441 = CARTESIAN_POINT ( 'NONE',  ( 4.616645561045753965, 0.6316189958068797461, 3.199999999999997513 ) ) ;
#5442 = LINE ( 'NONE', #6933, #3354 ) ;
#5443 = ORIENTED_EDGE ( 'NONE', *, *, #9278, .T. ) ;
#5444 = AXIS2_PLACEMENT_3D ( 'NONE', #2796, #1135, #8154 ) ;
#5445 = CARTESIAN_POINT ( 'NONE',  ( 4.657705291708312600, -4.659284156264510202, 3.199999999999999289 ) ) ;
#5446 =( BOUNDED_CURVE ( )  B_SPLINE_CURVE ( 3, ( #8314, #4238, #7443, #5095 ),
 .UNSPECIFIED., .F., .F. ) 
 B_SPLINE_CURVE_WITH_KNOTS ( ( 4, 4 ),
 ( 0.0000000000000000000, 1.000000000000000000 ),
 .UNSPECIFIED. ) 
 CURVE ( )  GEOMETRIC_REPRESENTATION_ITEM ( )  RATIONAL_B_SPLINE_CURVE ( ( 1.000000000000000000, 0.3333333333333337034, 0.3333333333333337034, 1.000000000000000000 ) ) 
 REPRESENTATION_ITEM ( '' )  );
#5447 = CARTESIAN_POINT ( 'NONE',  ( 2.667977101273387497, -2.009370916382699601, 3.100000000000000977 ) ) ;
#5448 = CARTESIAN_POINT ( 'NONE',  ( 2.743740038759874711, -1.093842716348353061, 3.200000000000001954 ) ) ;
#5449 = CARTESIAN_POINT ( 'NONE',  ( 3.237677595680507281, -2.813389382451740861, 3.100000000000000977 ) ) ;
#5450 = ORIENTED_EDGE ( 'NONE', *, *, #396, .F. ) ;
#5451 = PLANE ( 'NONE',  #5505 ) ;
#5452 = VECTOR ( 'NONE', #2664, 999.9999999999998863 ) ;
#5453 = CARTESIAN_POINT ( 'NONE',  ( 8.000000000000000000, 7.500000000000002665, 1.000000000000000000 ) ) ;
#5454 = CARTESIAN_POINT ( 'NONE',  ( 2.953548283497213767, -1.483888212172626453, 3.200000000000002398 ) ) ;
#5455 = EDGE_LOOP ( 'NONE', ( #5836, #4393, #9001, #6273 ) ) ;
#5456 = FILL_AREA_STYLE_COLOUR ( '', #5753 ) ;
#5457 = EDGE_LOOP ( 'NONE', ( #3600, #9884, #5516, #456, #1737, #563, #8883, #7897, #65 ) ) ;
#5458 = UNCERTAINTY_MEASURE_WITH_UNIT (LENGTH_MEASURE( 1.000000000000000082E-05 ), #9076, 'distance_accuracy_value', 'NONE');
#5459 = CARTESIAN_POINT ( 'NONE',  ( 0.0000000000000000000, 5.459950475304171214, 1.000000000000000000 ) ) ;
#5460 = CARTESIAN_POINT ( 'NONE',  ( 2.738485752839090903, -5.018894655809591931, 3.100000000000093348 ) ) ;
#5461 = CARTESIAN_POINT ( 'NONE',  ( 3.784138128997418082, 0.3994040974076238926, 3.100000000000000533 ) ) ;
#5462 = PRESENTATION_STYLE_ASSIGNMENT (( #5511 ) ) ;
#5463 = CARTESIAN_POINT ( 'NONE',  ( 3.462420206280324209, -6.153043700473632249, 3.199999999999998401 ) ) ;
#5464 = CARTESIAN_POINT ( 'NONE',  ( 2.959888960144030801, -1.477338508572474396, 3.100000000000000977 ) ) ;
#5465 = CARTESIAN_POINT ( 'NONE',  ( 5.006206775549459032, 4.851300258385033537, 3.100000000000000977 ) ) ;
#5466 = ORIENTED_EDGE ( 'NONE', *, *, #906, .T. ) ;
#5467 = CARTESIAN_POINT ( 'NONE',  ( 8.000000000000000000, -1.500000000000000444, 1.000000000000000000 ) ) ;
#5468 = CARTESIAN_POINT ( 'NONE',  ( 2.755437382213467234, -4.697696002740297416, 3.100000000000144418 ) ) ;
#5469 = CARTESIAN_POINT ( 'NONE',  ( -3.694929958533823555, 8.954188554908469655, 2.000000000000000888 ) ) ;
#5470 = CARTESIAN_POINT ( 'NONE',  ( 4.750505603344540084, -6.077483467664504424, 3.100000000000000977 ) ) ;
#5471 = CARTESIAN_POINT ( 'NONE',  ( -4.761792873543973847, 6.820462724888163741, 2.000000000000000000 ) ) ;
#5472 = DIRECTION ( 'NONE',  ( 0.0000000000000000000, 0.0000000000000000000, 1.000000000000000000 ) ) ;
#5473 = ORIENTED_EDGE ( 'NONE', *, *, #7299, .T. ) ;
#5474 = CARTESIAN_POINT ( 'NONE',  ( 4.270735289783251787, 0.2337890309164248892, 3.099999999999997424 ) ) ;
#5475 = ORIENTED_EDGE ( 'NONE', *, *, #4738, .F. ) ;
#5476 = CARTESIAN_POINT ( 'NONE',  ( 2.821370948236383569, -5.117340763990642749, 3.100000000000000533 ) ) ;
#5477 = CARTESIAN_POINT ( 'NONE',  ( 4.179663116178244486, -5.325701015588017562, 3.200000000000000178 ) ) ;
#5478 = ORIENTED_EDGE ( 'NONE', *, *, #6565, .T. ) ;
#5479 = CARTESIAN_POINT ( 'NONE',  ( 3.081170675819667082, -6.456643492773666893, 3.100000000000136424 ) ) ;
#5480 = PLANE ( 'NONE',  #7384 ) ;
#5481 = VECTOR ( 'NONE', #10065, 1000.000000000000000 ) ;
#5482 = CARTESIAN_POINT ( 'NONE',  ( 3.239461150322795913, -3.690452377797245109, 3.100000000000000977 ) ) ;
#5483 = CARTESIAN_POINT ( 'NONE',  ( 3.711702037124519293, -1.043345426499791451, 3.100000000000000977 ) ) ;
#5484 = EDGE_CURVE ( 'NONE', #3117, #539, #9169, .T. ) ;
#5485 = CARTESIAN_POINT ( 'NONE',  ( -6.917157287525380838, -7.917157287525382614, 3.200000000000000178 ) ) ;
#5486 = CARTESIAN_POINT ( 'NONE',  ( 3.239461150322795913, -3.690452377797245109, 3.100000000000000977 ) ) ;
#5487 = DIRECTION ( 'NONE',  ( -0.0000000000000000000, -0.0000000000000000000, -1.000000000000000000 ) ) ;
#5488 = FACE_OUTER_BOUND ( 'NONE', #9243, .T. ) ;
#5489 = VERTEX_POINT ( 'NONE', #4510 ) ;
#5490 = CARTESIAN_POINT ( 'NONE',  ( 4.753068578638542263, -6.381026863689557516, 3.100000000000000977 ) ) ;
#5491 = EDGE_CURVE ( 'NONE', #5942, #9789, #1373, .T. ) ;
#5492 = EDGE_CURVE ( 'NONE', #6254, #3893, #6447, .T. ) ;
#5493 = LINE ( 'NONE', #257, #6145 ) ;
#5494 = VERTEX_POINT ( 'NONE', #2177 ) ;
#5495 = CARTESIAN_POINT ( 'NONE',  ( 4.665007004297526905, -4.707068415485640145, 3.200000000000000178 ) ) ;
#5496 = FACE_OUTER_BOUND ( 'NONE', #395, .T. ) ;
#5497 = EDGE_CURVE ( 'NONE', #3893, #5624, #2876, .T. ) ;
#5498 = PLANE ( 'NONE',  #7352 ) ;
#5499 = MECHANICAL_DESIGN_GEOMETRIC_PRESENTATION_REPRESENTATION (  '', ( #2416 ), #475 ) ;
#5500 = B_SPLINE_SURFACE_WITH_KNOTS ( 'NONE', 3, 1, ( 
 ( #6571, #2672 ),
 ( #7327, #4060 ),
 ( #6471, #4266 ),
 ( #4974, #8086 ),
 ( #5589, #5787 ),
 ( #1165, #6423 ),
 ( #3338, #6520 ),
 ( #1794, #4872 ),
 ( #2627, #7276 ),
 ( #8799, #7377 ),
 ( #251, #1023 ) ),
 .UNSPECIFIED., .F., .F., .F.,
 ( 4, 1, 1, 1, 1, 1, 1, 1, 4 ),
 ( 2, 2 ),
 ( 0.0000000000000000000, 0.2034041247735242641, 0.3839701906295635014, 0.5424119304460121027, 0.6787350128913436365, 0.7929350201395528597, 0.8842990400667195550, 0.9535604878227899039, 0.9999999999999998890 ),
 ( 0.0000000000000000000, 1.000000000000000000 ),
 .UNSPECIFIED. ) ;
#5501 = CARTESIAN_POINT ( 'NONE',  ( 4.231004542484099851, -6.787589768463152318, 3.199999999999998401 ) ) ;
#5502 = EDGE_CURVE ( 'NONE', #2978, #8454, #2925, .T. ) ;
#5503 = CARTESIAN_POINT ( 'NONE',  ( 2.928601582357002187, -1.522607535994789485, 3.200000000000002398 ) ) ;
#5504 = EDGE_LOOP ( 'NONE', ( #2393, #9013, #5466, #4968 ) ) ;
#5505 = AXIS2_PLACEMENT_3D ( 'NONE', #7600, #9932, #778 ) ;
#5506 = CARTESIAN_POINT ( 'NONE',  ( 3.533301777639871410, -1.265541394800682617, 3.200000000000000178 ) ) ;
#5507 = ORIENTED_EDGE ( 'NONE', *, *, #2065, .T. ) ;
#5508 = DIRECTION ( 'NONE',  ( -0.0000000000000000000, -0.0000000000000000000, -1.000000000000000000 ) ) ;
#5509 = CARTESIAN_POINT ( 'NONE',  ( 4.414651520927674433, -6.000440673851963780, 3.199999999999999289 ) ) ;
#5510 = CARTESIAN_POINT ( 'NONE',  ( 4.137286196154476237, 0.2278719730859279369, 3.199999999999999289 ) ) ;
#5511 = SURFACE_STYLE_USAGE ( .BOTH. , #7054 ) ;
#5512 = CARTESIAN_POINT ( 'NONE',  ( 2.709190456913482592, -1.136290831676048274, 3.100000000000000533 ) ) ;
#5513 = CARTESIAN_POINT ( 'NONE',  ( 3.828299708090083353, -6.328748679365648222, 3.100000000000000977 ) ) ;
#5514 = CARTESIAN_POINT ( 'NONE',  ( 4.415098881902261851, -6.030840880241902013, 3.100000000000821654 ) ) ;
#5515 = DIRECTION ( 'NONE',  ( 0.0000000000000000000, 0.0000000000000000000, 1.000000000000000000 ) ) ;
#5516 = ORIENTED_EDGE ( 'NONE', *, *, #8921, .F. ) ;
#5517 =( NAMED_UNIT ( * ) PLANE_ANGLE_UNIT ( ) SI_UNIT ( $, .RADIAN. ) );
#5518 = CARTESIAN_POINT ( 'NONE',  ( 2.813202899231538989, -4.595952581647304136, 3.100000000000144418 ) ) ;
#5519 = CARTESIAN_POINT ( 'NONE',  ( -5.828655788554130801, 8.954188554908467879, 2.000000000000000888 ) ) ;
#5520 = CARTESIAN_POINT ( 'NONE',  ( 4.546684312060111033, -5.158782473900300758, 3.099999999999854872 ) ) ;
#5521 = FACE_OUTER_BOUND ( 'NONE', #9980, .T. ) ;
#5522 = CARTESIAN_POINT ( 'NONE',  ( 2.886289832522088261, 1.332913236874951890, 3.199999999999989964 ) ) ;
#5523 = VECTOR ( 'NONE', #3195, 1000.000000000000000 ) ;
#5524 = VERTEX_POINT ( 'NONE', #9288 ) ;
#5525 = VECTOR ( 'NONE', #8728, 1000.000000000000114 ) ;
#5526 = FACE_OUTER_BOUND ( 'NONE', #3864, .T. ) ;
#5527 = CARTESIAN_POINT ( 'NONE',  ( 2.704855659786851607, -4.965673565467140449, 3.199999999999999289 ) ) ;
#5528 = CARTESIAN_POINT ( 'NONE',  ( 3.931965228429473935, -1.365188219412699189, 3.200000000000001954 ) ) ;
#5529 = ORIENTED_EDGE ( 'NONE', *, *, #1596, .F. ) ;
#5530 = UNCERTAINTY_MEASURE_WITH_UNIT (LENGTH_MEASURE( 1.000000000000000082E-05 ), #2301, 'distance_accuracy_value', 'NONE');
#5531 = DIRECTION ( 'NONE',  ( -0.0000000000000000000, -0.0000000000000000000, -1.000000000000000000 ) ) ;
#5532 = STYLED_ITEM ( 'NONE', ( #922 ), #5375 ) ;
#5533 = B_SPLINE_CURVE_WITH_KNOTS ( 'NONE', 3,
 ( #889, #122, #6334, #2458, #5558, #1710, #9471 ),
 .UNSPECIFIED., .F., .F.,
 ( 4, 1, 1, 1, 4 ),
 ( 0.0000000000000000000, 2.933051416879549391E-05, 5.899767854747052883E-05, 9.069873606159483119E-05, 0.0001256958428948832802 ),
 .UNSPECIFIED. ) ;
#5534 = COLOUR_RGB ( '',0.2509803921568627416, 0.2509803921568627416, 0.2509803921568627416 ) ;
#5535 = CARTESIAN_POINT ( 'NONE',  ( 3.423882673431795531, -1.672278862463220106, 3.100000000000014744 ) ) ;
#5536 = CARTESIAN_POINT ( 'NONE',  ( 3.588812140158144093, -1.106308744963385493, 3.200000000000001066 ) ) ;
#5537 = CARTESIAN_POINT ( 'NONE',  ( 3.819274407329690479, -1.752996568325632110, 3.200000000000002398 ) ) ;
#5538 = CARTESIAN_POINT ( 'NONE',  ( 4.182961556093556688, -5.660286344991731333, 3.100000000000000977 ) ) ;
#5539 = ORIENTED_EDGE ( 'NONE', *, *, #2930, .F. ) ;
#5540 = VERTEX_POINT ( 'NONE', #704 ) ;
#5541 =( GEOMETRIC_REPRESENTATION_CONTEXT ( 3 ) GLOBAL_UNCERTAINTY_ASSIGNED_CONTEXT ( ( #6285 ) ) GLOBAL_UNIT_ASSIGNED_CONTEXT ( ( #9425, #19, #2363 ) ) REPRESENTATION_CONTEXT ( 'NONE', 'WORKASPACE' ) );
#5542 = CARTESIAN_POINT ( 'NONE',  ( 2.755878142369893258, -1.573227135389299702, 3.200000000000003730 ) ) ;
#5543 = VERTEX_POINT ( 'NONE', #611 ) ;
#5544 = ADVANCED_FACE ( 'NONE', ( #5997 ), #6660, .T. ) ;
#5545 = CARTESIAN_POINT ( 'NONE',  ( 4.583785022534586417, -5.126887747747466584, 3.200000000000000178 ) ) ;
#5546 = CARTESIAN_POINT ( 'NONE',  ( 3.917860839521575045, -2.132573500104835151, 3.199999999999996625 ) ) ;
#5547 = EDGE_CURVE ( 'NONE', #767, #6061, #1832, .T. ) ;
#5548 = CARTESIAN_POINT ( 'NONE',  ( 4.397596957851654054, -4.535713956616392650, 3.100000000000596945 ) ) ;
#5549 = AXIS2_PLACEMENT_3D ( 'NONE', #3914, #9973, #3046 ) ;
#5550 = CARTESIAN_POINT ( 'NONE',  ( 3.309378024047236799, -1.535673972132231890, 3.100000000000000533 ) ) ;
#5551 = CARTESIAN_POINT ( 'NONE',  ( 4.264559180978268138, -6.788830544899951747, 3.200000000000000178 ) ) ;
#5552 = CARTESIAN_POINT ( 'NONE',  ( 4.365156639601385002, 0.2539027283021715875, 3.199999999999999734 ) ) ;
#5553 = ORIENTED_EDGE ( 'NONE', *, *, #2939, .T. ) ;
#5554 = EDGE_CURVE ( 'NONE', #4106, #10003, #4760, .T. ) ;
#5555 = CARTESIAN_POINT ( 'NONE',  ( 3.560974447514197117, -1.380359657729832046, 3.200000000000000622 ) ) ;
#5556 = EDGE_LOOP ( 'NONE', ( #6680, #168, #974, #4819 ) ) ;
#5557 = UNCERTAINTY_MEASURE_WITH_UNIT (LENGTH_MEASURE( 1.000000000000000082E-05 ), #8566, 'distance_accuracy_value', 'NONE');
#5558 = CARTESIAN_POINT ( 'NONE',  ( 2.755996597927213632, -4.764150110308152719, 3.100000000000568523 ) ) ;
#5559 = EDGE_CURVE ( 'NONE', #2220, #2630, #89, .T. ) ;
#5560 = EDGE_CURVE ( 'NONE', #162, #4929, #3171, .T. ) ;
#5561 = CIRCLE ( 'NONE', #7686, 0.5000000000000004441 ) ;
#5562 = CARTESIAN_POINT ( 'NONE',  ( 3.618226773895201198, -1.078184339343281728, 3.099999999999717648 ) ) ;
#5563 = CARTESIAN_POINT ( 'NONE',  ( 2.755437382213467234, -4.697696002740297416, 3.199999999999999289 ) ) ;
#5564 = CARTESIAN_POINT ( 'NONE',  ( 2.795801933053463806, -0.4451077837840397566, 3.099999999997471889 ) ) ;
#5565 = FACE_OUTER_BOUND ( 'NONE', #4775, .T. ) ;
#5566 = CARTESIAN_POINT ( 'NONE',  ( 4.546452278796735413, 1.338988194043022384, 3.199999999999999734 ) ) ;
#5567 = ORIENTED_EDGE ( 'NONE', *, *, #7754, .F. ) ;
#5568 =( GEOMETRIC_REPRESENTATION_CONTEXT ( 3 ) GLOBAL_UNCERTAINTY_ASSIGNED_CONTEXT ( ( #8820 ) ) GLOBAL_UNIT_ASSIGNED_CONTEXT ( ( #7521, #498, #2714 ) ) REPRESENTATION_CONTEXT ( 'NONE', 'WORKASPACE' ) );
#5569 = LINE ( 'NONE', #1058, #6698 ) ;
#5570 = CARTESIAN_POINT ( 'NONE',  ( 4.769305144745993097, -4.721817240176951813, 3.200000000000000622 ) ) ;
#5571 =( NAMED_UNIT ( * ) SI_UNIT ( $, .STERADIAN. ) SOLID_ANGLE_UNIT ( ) );
#5572 = CARTESIAN_POINT ( 'NONE',  ( 8.000000000000000000, 4.499999999999999112, 1.000000000000000000 ) ) ;
#5573 =( NAMED_UNIT ( * ) PLANE_ANGLE_UNIT ( ) SI_UNIT ( $, .RADIAN. ) );
#5574 =( NAMED_UNIT ( * ) SI_UNIT ( $, .STERADIAN. ) SOLID_ANGLE_UNIT ( ) );
#5575 = CARTESIAN_POINT ( 'NONE',  ( 4.255781924531224725, -0.2616360296629445803, 3.199999999999988187 ) ) ;
#5576 = ORIENTED_EDGE ( 'NONE', *, *, #5064, .T. ) ;
#5577 = CARTESIAN_POINT ( 'NONE',  ( 3.944854358484048085, -4.523590052809357331, 3.199999999999983302 ) ) ;
#5578 = EDGE_LOOP ( 'NONE', ( #244, #6716, #5307, #7778 ) ) ;
#5579 = CARTESIAN_POINT ( 'NONE',  ( 2.959888960144030801, -1.477338508572474396, 3.100000000000005418 ) ) ;
#5580 = CARTESIAN_POINT ( 'NONE',  ( 3.914090693768523810, -1.364082788787137179, 3.199999999999999734 ) ) ;
#5581 = ORIENTED_EDGE ( 'NONE', *, *, #8050, .T. ) ;
#5582 = DIRECTION ( 'NONE',  ( 0.0000000000000000000, 0.0000000000000000000, 1.000000000000000000 ) ) ;
#5583 = B_SPLINE_SURFACE_WITH_KNOTS ( 'NONE', 3, 1, ( 
 ( #3522, #6653 ),
 ( #1925, #2812 ),
 ( #6707, #7315 ),
 ( #2619, #9747 ),
 ( #4256, #8976 ),
 ( #5927, #7456 ),
 ( #1206, #5061 ) ),
 .UNSPECIFIED., .F., .F., .F.,
 ( 4, 1, 1, 1, 4 ),
 ( 2, 2 ),
 ( 0.0000000000000000000, 0.1895806456013507113, 0.4102389764488866275, 0.6782105968815921315, 0.9999999999999998890 ),
 ( 0.0000000000000000000, 1.000000000000000000 ),
 .UNSPECIFIED. ) ;
#5585 = CARTESIAN_POINT ( 'NONE',  ( 2.888025898047694273, -2.192247440756965648, 3.099999999999848210 ) ) ;
#5584 =( GEOMETRIC_REPRESENTATION_CONTEXT ( 3 ) GLOBAL_UNCERTAINTY_ASSIGNED_CONTEXT ( ( #1184 ) ) GLOBAL_UNIT_ASSIGNED_CONTEXT ( ( #3553, #7293, #1128 ) ) REPRESENTATION_CONTEXT ( 'NONE', 'WORKASPACE' ) );
#5586 = CARTESIAN_POINT ( 'NONE',  ( 8.000000000000000000, -1.000000000000000000, 1.000000000000000000 ) ) ;
#5587 = CARTESIAN_POINT ( 'NONE',  ( 3.686962767791089668, -1.044833673997847878, 3.100000000000000977 ) ) ;
#5588 = CARTESIAN_POINT ( 'NONE',  ( 3.846382982847013299, -1.751544575814472315, 3.200000000000001954 ) ) ;
#5589 = CARTESIAN_POINT ( 'NONE',  ( 4.044589767051829376, -4.917735624476507361, 3.100000000000000977 ) ) ;
#5590 = CARTESIAN_POINT ( 'NONE',  ( 8.000000000000000000, 1.500000000000001332, 1.000000000000000000 ) ) ;
#5591 = CARTESIAN_POINT ( 'NONE',  ( 3.883753384030912414, -2.147152705038420262, 3.100000000000679101 ) ) ;
#5592 = ORIENTED_EDGE ( 'NONE', *, *, #2686, .F. ) ;
#5593 = CARTESIAN_POINT ( 'NONE',  ( 4.730257603228452012, -6.450586882139324629, 3.200000000000000622 ) ) ;
#5594 = VECTOR ( 'NONE', #2593, 1000.000000000000000 ) ;
#5595 = CARTESIAN_POINT ( 'NONE',  ( 4.166463675652384957, -0.2676440968763069139, 3.099999999997808953 ) ) ;
#5596 = EDGE_LOOP ( 'NONE', ( #8581, #9003, #5789, #5839 ) ) ;
#5597 = CARTESIAN_POINT ( 'NONE',  ( 4.768272433778182773, -4.765805818658367166, 3.199999999999998401 ) ) ;
#5598 = CARTESIAN_POINT ( 'NONE',  ( 2.667385998808672110, -2.028456893039705555, 3.100000000000000977 ) ) ;
#5599 = STYLED_ITEM ( 'NONE', ( #2975 ), #9401 ) ;
#5600 = PLANE ( 'NONE',  #2314 ) ;
#5601 = ORIENTED_EDGE ( 'NONE', *, *, #4990, .F. ) ;
#5602 = EDGE_CURVE ( 'NONE', #2901, #5847, #1623, .T. ) ;
#5603 =( NAMED_UNIT ( * ) SI_UNIT ( $, .STERADIAN. ) SOLID_ANGLE_UNIT ( ) );
#5604 = LINE ( 'NONE', #7955, #9432 ) ;
#5605 = CARTESIAN_POINT ( 'NONE',  ( 4.616645561045753965, 0.6316189958068797461, 3.100000000000000533 ) ) ;
#5606 = CLOSED_SHELL ( 'NONE', ( #3869, #4632, #4859, #4194, #1718, #980, #409, #1838, #4306, #469, #5051, #7491, #2449, #4752, #5748, #2671, #6799, #8291, #4250, #4372, #2625, #8601, #9905, #1347, #585, #7750, #9401, #2575, #7497, #7252, #3750, #5869, #9587, #9847, #1041, #8659, #545, #9549, #2083, #6743, #8857, #10025, #4805, #6568, #227, #1030, #1646, #2988, #7185, #2212, #4879, #3921, #7561, #8162, #3254, #9408, #7562, #591, #6631, #8673, #7238, #3938, #4356, #69, #6057, #4185, #2014, #8551, #8677, #3190, #7427, #4931, #3559, #6885, #2637, #9790, #9237, #7793, #3745, #8304, #7118, #1660, #4307, #7479, #9108, #8480, #9329, #6005, #3356, #2859, #5115, #5798, #1589, #966, #5922, #1462, #7620, #9729, #1535, #6245, #5794, #2754, #8054, #3865, #6996, #23, #5251, #4435, #2017, #7478, #2388, #5045, #9284, #2558, #6188, #1719, #6416, #1732, #7789, #8479, #8861, #4199, #1215, #3313, #8374, #7312, #7063, #4800, #4110, #7861, #22, #9733, #6189, #769, #4988, #2197, #6323, #5678, #967, #8533, #3413, #398, #4502, #5432, #1156, #3992, #3991, #8905, #7805, #3485, #5851, #2632, #9679, #4374, #141, #6697, #336, #6365, #3242, #453, #3235, #3114, #6701, #2736, #1662, #5544, #1649, #4682, #5935, #7864, #9719, #8980, #7744, #6503, #2248, #6879, #4668, #5870, #7247, #8845, #8184, #3560, #5375, #7424, #2267, #4004, #2578, #2192, #9668, #8110, #5733, #9978, #4503, #7123, #2867, #269, #332, #218, #2069, #7069, #1772, #6883, #540, #1465, #720 ) ) ;
#5607 = VERTEX_POINT ( 'NONE', #1727 ) ;
#5608 = AXIS2_PLACEMENT_3D ( 'NONE', #9132, #3776, #7709 ) ;
#5609 = DIRECTION ( 'NONE',  ( 0.0000000000000000000, -1.000000000000000000, 0.0000000000000000000 ) ) ;
#5610 = EDGE_LOOP ( 'NONE', ( #471, #10040, #2476, #2929 ) ) ;
#5611 = LINE ( 'NONE', #936, #3416 ) ;
#5612 = CARTESIAN_POINT ( 'NONE',  ( 4.730257603228452012, -6.450586882139325517, 3.100000000000238121 ) ) ;
#5613 = MECHANICAL_DESIGN_GEOMETRIC_PRESENTATION_REPRESENTATION (  '', ( #1896 ), #1235 ) ;
#5614 = DIRECTION ( 'NONE',  ( -0.8139822599737979170, -0.5808897317460074428, 0.0000000000000000000 ) ) ;
#5615 = CYLINDRICAL_SURFACE ( 'NONE', #5149, 0.5000000000000004441 ) ;
#5616 = DIRECTION ( 'NONE',  ( -0.0000000000000000000, -0.0000000000000000000, -1.000000000000000000 ) ) ;
#5617 = EDGE_CURVE ( 'NONE', #4858, #2489, #3401, .T. ) ;
#5618 = CARTESIAN_POINT ( 'NONE',  ( 2.746253510383598773, -0.5746587085692872465, 3.100000000000000977 ) ) ;
#5619 = CARTESIAN_POINT ( 'NONE',  ( 2.877544866831356352, -0.3716814843965435267, 3.100000000000000533 ) ) ;
#5620 = CARTESIAN_POINT ( 'NONE',  ( 4.335425805669339994, -6.234306844752434351, 3.100000000000821210 ) ) ;
#5621 = CARTESIAN_POINT ( 'NONE',  ( 4.028950070059982735, -5.357335314839879459, 3.199999999999997513 ) ) ;
#5622 = EDGE_CURVE ( 'NONE', #4404, #8584, #8784, .T. ) ;
#5623 = EDGE_CURVE ( 'NONE', #4687, #742, #8804, .T. ) ;
#5624 = VERTEX_POINT ( 'NONE', #7874 ) ;
#5625 = CARTESIAN_POINT ( 'NONE',  ( 4.613752480181505966, -4.352514539969473795, 3.100000000000000977 ) ) ;
#5626 = LINE ( 'NONE', #6958, #7983 ) ;
#5627 = DIRECTION ( 'NONE',  ( 0.0000000000000000000, -0.0000000000000000000, -1.000000000000000000 ) ) ;
#5628 = CARTESIAN_POINT ( 'NONE',  ( 8.000000000000000000, 1.000000000000000888, 2.200000000000000178 ) ) ;
#5629 = CARTESIAN_POINT ( 'NONE',  ( 2.970135382835162208, 1.326294593696384583, 3.199999999999988187 ) ) ;
#5630 = CARTESIAN_POINT ( 'NONE',  ( 4.552422261108870494, -0.1009127285251098932, 3.199999999999989519 ) ) ;
#5631 = ORIENTED_EDGE ( 'NONE', *, *, #1407, .T. ) ;
#5632 = CARTESIAN_POINT ( 'NONE',  ( 3.960057016446359324, -0.2281807449769481244, 3.200000000000002842 ) ) ;
#5633 = EDGE_CURVE ( 'NONE', #7426, #3245, #3996, .T. ) ;
#5634 = EDGE_LOOP ( 'NONE', ( #8445, #4103, #3490, #4360, #1142, #7168, #3128, #7741, #6618 ) ) ;
#5635 = CARTESIAN_POINT ( 'NONE',  ( 2.985923717536816291, -1.454487794693978708, 3.100000000000005418 ) ) ;
#5636 = CARTESIAN_POINT ( 'NONE',  ( 4.409508499425878192, -6.087305106487285400, 3.199999999999999289 ) ) ;
#5637 = VERTEX_POINT ( 'NONE', #4206 ) ;
#5638 = CARTESIAN_POINT ( 'NONE',  ( -3.186462900341459292, 8.180974974472158934, 1.200000000000000178 ) ) ;
#5639 = CARTESIAN_POINT ( 'NONE',  ( 3.016220871047951224, -2.177031282079126662, 3.099999999999848210 ) ) ;
#5640 = DIRECTION ( 'NONE',  ( 0.0000000000000000000, 0.0000000000000000000, 1.000000000000000000 ) ) ;
#5641 = CARTESIAN_POINT ( 'NONE',  ( 3.938698244316808150, -1.727772503672708515, 3.200000000000001954 ) ) ;
#5642 = CARTESIAN_POINT ( 'NONE',  ( 8.000000000000000000, 3.500000000000000000, 1.000000000000000000 ) ) ;
#5643 = FACE_OUTER_BOUND ( 'NONE', #5792, .T. ) ;
#5644 = DIRECTION ( 'NONE',  ( -1.000000000000000000, 0.0000000000000000000, 0.0000000000000000000 ) ) ;
#5645 = CARTESIAN_POINT ( 'NONE',  ( 4.271200049653481656, -5.624745434341622108, 3.200000000000000622 ) ) ;
#5646 = ORIENTED_EDGE ( 'NONE', *, *, #8359, .F. ) ;
#5647 = VERTEX_POINT ( 'NONE', #5777 ) ;
#5648 = PLANE ( 'NONE',  #5686 ) ;
#5649 = B_SPLINE_CURVE_WITH_KNOTS ( 'NONE', 3,
 ( #8167, #8926, #8121, #4300, #5111, #7363, #2663, #9699, #8834, #8076, #2061, #4346, #2707, #3575, #491, #6508, #8277 ),
 .UNSPECIFIED., .F., .F.,
 ( 4, 1, 1, 1, 1, 1, 1, 1, 1, 1, 1, 1, 1, 1, 4 ),
 ( 0.0000000000000000000, 5.332627072410697495E-05, 9.791384053920014106E-05, 0.0001330890843317932026, 0.0001600783494411629304, 0.0002056282324103090328, 0.0002538903346320856014, 0.0002680817891639081414, 0.0002862150768210920053, 0.0003073211678846278516, 0.0003323914561492723489, 0.0003605805026525082599, 0.0003922978463606860183, 0.0004275862851161518069, 0.0004664357888823051452 ),
 .UNSPECIFIED. ) ;
#5650 = DIRECTION ( 'NONE',  ( -0.0000000000000000000, -0.0000000000000000000, -1.000000000000000000 ) ) ;
#5651 = CARTESIAN_POINT ( 'NONE',  ( 4.597770803909225101, 1.359632717545109282, 3.100000000000806111 ) ) ;
#5652 = COLOUR_RGB ( '',1.000000000000000000, 1.000000000000000000, 0.0000000000000000000 ) ;
#5653 = CARTESIAN_POINT ( 'NONE',  ( 4.415269548251669285, -6.019226716752346995, 3.200000000000000178 ) ) ;
#5654 = CARTESIAN_POINT ( 'NONE',  ( 2.977248734700789878, -4.545250538081153202, 3.199999999999999734 ) ) ;
#5655 = SURFACE_SIDE_STYLE ('',( #3249 ) ) ;
#5656 = ORIENTED_EDGE ( 'NONE', *, *, #3066, .F. ) ;
#5657 = AXIS2_PLACEMENT_3D ( 'NONE', #3746, #6821, #5381 ) ;
#5658 = CARTESIAN_POINT ( 'NONE',  ( 3.576107089054801680, -1.756018921430095192, 3.100000000000000977 ) ) ;
#5659 = CARTESIAN_POINT ( 'NONE',  ( -2.000000000000000888, 5.000000000000000000, 3.200000000000000178 ) ) ;
#5660 = ORIENTED_EDGE ( 'NONE', *, *, #1590, .F. ) ;
#5661 = FILL_AREA_STYLE ('',( #5456 ) ) ;
#5662 = UNCERTAINTY_MEASURE_WITH_UNIT (LENGTH_MEASURE( 1.000000000000000082E-05 ), #2775, 'distance_accuracy_value', 'NONE');
#5663 = CARTESIAN_POINT ( 'NONE',  ( 3.629616442638524454, -2.175695449485798072, 3.200000000000000178 ) ) ;
#5664 = CARTESIAN_POINT ( 'NONE',  ( -8.000000000000000000, 0.0000000000000000000, 0.0000000000000000000 ) ) ;
#5665 = CARTESIAN_POINT ( 'NONE',  ( 3.272825791484814228, -5.337435393803970918, 3.199999999999998845 ) ) ;
#5666 = LINE ( 'NONE', #3211, #8736 ) ;
#5667 = CARTESIAN_POINT ( 'NONE',  ( 2.744970625748234028, -0.5877921551671416722, 3.100000000000000977 ) ) ;
#5668 = CARTESIAN_POINT ( 'NONE',  ( 2.962564292107463526, -0.3077740763278043468, 3.099999999998874323 ) ) ;
#5669 = CARTESIAN_POINT ( 'NONE',  ( 4.457308193252179862, -4.541834942368690342, 3.100000000000000533 ) ) ;
#5670 = CARTESIAN_POINT ( 'NONE',  ( 4.631865082010099499, 1.396539325774281526, 3.100000000000000089 ) ) ;
#5671 = VECTOR ( 'NONE', #3521, 1000.000000000000000 ) ;
#5672 = B_SPLINE_SURFACE_WITH_KNOTS ( 'NONE', 3, 1, ( 
 ( #5916, #2204 ),
 ( #7699, #9010 ),
 ( #8368, #9120 ),
 ( #2157, #1502 ),
 ( #7650, #5302 ),
 ( #4587, #9883 ),
 ( #8412, #7554 ),
 ( #5205, #8265 ),
 ( #1399, #2852 ),
 ( #5969, #2798 ),
 ( #4388, #9065 ),
 ( #4444, #1451 ),
 ( #728, #3715 ),
 ( #8321, #685 ),
 ( #3768, #6843 ),
 ( #7503, #9977 ),
 ( #1353, #536 ),
 ( #5151, #2250 ),
 ( #3007, #4490 ) ),
 .UNSPECIFIED., .F., .F., .F.,
 ( 4, 1, 1, 1, 1, 1, 1, 1, 1, 1, 1, 1, 1, 1, 1, 1, 4 ),
 ( 2, 2 ),
 ( 0.0000000000000000000, 0.1290169185816491815, 0.2364261334422139427, 0.3218370647652014638, 0.3869714838366044019, 0.4409062536302654767, 0.4911250793893350286, 0.5380755666311464180, 0.5844323022079495056, 0.6110061943012087271, 0.6446430102341608182, 0.6848716412358062389, 0.7329714363447552561, 0.7887972302354457899, 0.8515707624342837567, 0.9222605276429948207, 1.000000000000000000 ),
 ( 0.0000000000000000000, 1.000000000000000000 ),
 .UNSPECIFIED. ) ;
#5673 = VERTEX_POINT ( 'NONE', #9593 ) ;
#5674 = DIRECTION ( 'NONE',  ( 1.000000000000000000, 0.0000000000000000000, -0.0000000000000000000 ) ) ;
#5675 = PRESENTATION_STYLE_ASSIGNMENT (( #6456 ) ) ;
#5676 = AXIS2_PLACEMENT_3D ( 'NONE', #4242, #7350, #535 ) ;
#5677 = EDGE_CURVE ( 'NONE', #915, #10049, #8223, .T. ) ;
#5678 = ADVANCED_FACE ( 'NONE', ( #1880 ), #5583, .T. ) ;
#5679 = CARTESIAN_POINT ( 'NONE',  ( 4.162896566367807694, 0.2272923163588276285, 3.099999999998812594 ) ) ;
#5680 = SURFACE_STYLE_USAGE ( .BOTH. , #7873 ) ;
#5681 = CARTESIAN_POINT ( 'NONE',  ( 2.865968718866490850, 1.335757294805688833, 3.199999999999988631 ) ) ;
#5682 = DIRECTION ( 'NONE',  ( -0.0000000000000000000, -0.0000000000000000000, -1.000000000000000000 ) ) ;
#5683 = ORIENTED_EDGE ( 'NONE', *, *, #4321, .F. ) ;
#5684 = CARTESIAN_POINT ( 'NONE',  ( 4.081751920833088576, -4.524524155785937474, 3.199999999999981082 ) ) ;
#5685 = EDGE_LOOP ( 'NONE', ( #353, #6794, #1579, #4723 ) ) ;
#5686 = AXIS2_PLACEMENT_3D ( 'NONE', #6038, #2116, #3385 ) ;
#5687 = EDGE_CURVE ( 'NONE', #539, #7917, #9023, .T. ) ;
#5688 = CARTESIAN_POINT ( 'NONE',  ( 3.611340877344484390, -1.433722409853999125, 3.100000000000000977 ) ) ;
#5689 = EDGE_CURVE ( 'NONE', #9904, #1592, #4157, .T. ) ;
#5690 = EDGE_CURVE ( 'NONE', #4049, #2504, #1419, .T. ) ;
#5691 = DIRECTION ( 'NONE',  ( -0.0000000000000000000, -0.0000000000000000000, 1.000000000000000000 ) ) ;
#5692 = CARTESIAN_POINT ( 'NONE',  ( 3.617128845827442873, 0.7142027337036626067, 3.100000000000000977 ) ) ;
#5693 = SURFACE_SIDE_STYLE ('',( #869 ) ) ;
#5694 = CARTESIAN_POINT ( 'NONE',  ( 4.504740309548772359, -5.737275638638135611, 3.100000000000000533 ) ) ;
#5695 = VERTEX_POINT ( 'NONE', #9798 ) ;
#5696 = ORIENTED_EDGE ( 'NONE', *, *, #1851, .T. ) ;
#5697 = CARTESIAN_POINT ( 'NONE',  ( 3.717453794456186511, -1.755573032769523367, 3.200000000000000178 ) ) ;
#5698 = CARTESIAN_POINT ( 'NONE',  ( 4.526110602405379879, 1.335288515850396651, 3.100000000000805667 ) ) ;
#5699 = VERTEX_POINT ( 'NONE', #3370 ) ;
#5700 = VECTOR ( 'NONE', #5005, 1000.000000000000000 ) ;
#5701 = STYLED_ITEM ( 'NONE', ( #2272 ), #3560 ) ;
#5702 = SURFACE_SIDE_STYLE ('',( #1897 ) ) ;
#5703 = CARTESIAN_POINT ( 'NONE',  ( 2.940781465312124698, -1.666549637845134990, 3.200000000000002842 ) ) ;
#5704 = CARTESIAN_POINT ( 'NONE',  ( -8.000000000000000000, -7.000000000000000000, 2.200000000000000178 ) ) ;
#5705 = VECTOR ( 'NONE', #2539, 1000.000000000000000 ) ;
#5706 = EDGE_LOOP ( 'NONE', ( #7355, #726, #10066, #924 ) ) ;
#5707 = MECHANICAL_DESIGN_GEOMETRIC_PRESENTATION_REPRESENTATION (  '', ( #7336 ), #8795 ) ;
#5708 = DIRECTION ( 'NONE',  ( -0.0000000000000000000, -0.0000000000000000000, -1.000000000000000000 ) ) ;
#5709 = DIRECTION ( 'NONE',  ( -0.0000000000000000000, 1.000000000000000000, 0.0000000000000000000 ) ) ;
#5710 = FACE_OUTER_BOUND ( 'NONE', #957, .T. ) ;
#5711 = ORIENTED_EDGE ( 'NONE', *, *, #6450, .F. ) ;
#5712 = CARTESIAN_POINT ( 'NONE',  ( 2.764945001116338563, -4.795643016573489348, 3.200000000000001066 ) ) ;
#5713 = CARTESIAN_POINT ( 'NONE',  ( 4.088876695448133702, -1.938625910762523885, 3.200000000000000178 ) ) ;
#5714 = CARTESIAN_POINT ( 'NONE',  ( 3.559234291447569198, -5.379561141934606106, 3.200000000000000178 ) ) ;
#5715 = CARTESIAN_POINT ( 'NONE',  ( 3.548907880759897715, -2.812943493791168592, 3.200000000000000178 ) ) ;
#5716 = CARTESIAN_POINT ( 'NONE',  ( 3.723250347043625119, 0.8479693318753206421, 3.100000000000078249 ) ) ;
#5717 =( BOUNDED_SURFACE ( )  B_SPLINE_SURFACE ( 3, 3, ( 
 ( #2703, #1304, #1969, #8971 ),
 ( #5156, #9128, #5106, #9840 ),
 ( #8118, #8329, #2909, #598 ),
 ( #6031, #5873, #9018, #1201 ) ),
 .UNSPECIFIED., .F., .F., .T. ) 
 B_SPLINE_SURFACE_WITH_KNOTS ( ( 4, 4 ),
 ( 4, 4 ),
 ( 0.0000000000000000000, 1.000000000000000000 ),
 ( 0.0000000000000000000, 1.000000000000000000 ),
 .UNSPECIFIED. ) 
 GEOMETRIC_REPRESENTATION_ITEM ( )  RATIONAL_B_SPLINE_SURFACE ( (
 ( 1.000000000000000000, 0.3333333333333334259, 0.3333333333333334259, 1.000000000000000000),
 ( 0.8047378541243599415, 0.2682459513747867397, 0.2682459513747867397, 0.8047378541243599415),
 ( 0.8047378541243599415, 0.2682459513747867397, 0.2682459513747867397, 0.8047378541243599415),
 ( 1.000000000000000000, 0.3333333333333334259, 0.3333333333333334259, 1.000000000000000000) ) ) 
 REPRESENTATION_ITEM ( '' )  SURFACE ( )  );
#5718 = CARTESIAN_POINT ( 'NONE',  ( 3.660040730492913674, -6.267999181509415152, 3.199999999999999734 ) ) ;
#5719 = LINE ( 'NONE', #3406, #9767 ) ;
#5720 = PRESENTATION_LAYER_ASSIGNMENT (  '', '', ( #8330 ) ) ;
#5721 = CARTESIAN_POINT ( 'NONE',  ( 4.381234830703021110, 1.327845308952996684, 3.199999999999999289 ) ) ;
#5722 = EDGE_LOOP ( 'NONE', ( #212, #5125, #2579, #3607 ) ) ;
#5723 = SURFACE_STYLE_FILL_AREA ( #2613 ) ;
#5724 = COLOUR_RGB ( '',0.7529411764705882248, 0.7529411764705882248, 0.7529411764705882248 ) ;
#5725 = CYLINDRICAL_SURFACE ( 'NONE', #8461, 0.5000000000000004441 ) ;
#5726 = CARTESIAN_POINT ( 'NONE',  ( 3.534732157294038224, -1.307001492382553476, 3.200000000000001954 ) ) ;
#5727 = CARTESIAN_POINT ( 'NONE',  ( 2.861224351209768813, -2.248259722187680332, 3.200000000000003730 ) ) ;
#5728 = PLANE ( 'NONE',  #2203 ) ;
#5729 = ORIENTED_EDGE ( 'NONE', *, *, #9164, .T. ) ;
#5730 = CARTESIAN_POINT ( 'NONE',  ( 2.940781465312124698, -1.666549637845134990, 3.100000000000000977 ) ) ;
#5731 = EDGE_LOOP ( 'NONE', ( #2417, #6609, #6770, #884 ) ) ;
#5732 =( GEOMETRIC_REPRESENTATION_CONTEXT ( 3 ) GLOBAL_UNCERTAINTY_ASSIGNED_CONTEXT ( ( #888 ) ) GLOBAL_UNIT_ASSIGNED_CONTEXT ( ( #2026, #6517, #8933 ) ) REPRESENTATION_CONTEXT ( 'NONE', 'WORKASPACE' ) );
#5733 = ADVANCED_FACE ( 'NONE', ( #5009 ), #7267, .T. ) ;
#5734 = CARTESIAN_POINT ( 'NONE',  ( 2.907228979634290056, -2.184289391852966222, 3.100000000000000977 ) ) ;
#5735 = CARTESIAN_POINT ( 'NONE',  ( -8.000000000000000000, 2.500000000000000444, 1.000000000000000000 ) ) ;
#5736 = COLOUR_RGB ( '',0.2509803921568627416, 0.2509803921568627416, 0.2509803921568627416 ) ;
#5737 = CARTESIAN_POINT ( 'NONE',  ( 4.634776487402633371, -4.621448884662673784, 3.199999999999996625 ) ) ;
#5738 = CARTESIAN_POINT ( 'NONE',  ( 4.106903564825803876, -1.443966481565726712, 3.199999999999997957 ) ) ;
#5739 = SURFACE_STYLE_FILL_AREA ( #4216 ) ;
#5740 = CARTESIAN_POINT ( 'NONE',  ( 2.907228979634290056, -2.184289391852966222, 3.200000000000005951 ) ) ;
#5741 = ORIENTED_EDGE ( 'NONE', *, *, #6116, .F. ) ;
#5742 = EDGE_CURVE ( 'NONE', #370, #8034, #1255, .T. ) ;
#5743 = ORIENTED_EDGE ( 'NONE', *, *, #2318, .F. ) ;
#5744 = CARTESIAN_POINT ( 'NONE',  ( 3.805343554642972581, -0.1191292943194995763, 3.100000000000000977 ) ) ;
#5745 = EDGE_CURVE ( 'NONE', #2854, #7020, #5649, .T. ) ;
#5746 = CARTESIAN_POINT ( 'NONE',  ( 4.577759262558592113, -4.317244286161133537, 3.100000000000631584 ) ) ;
#5747 = ORIENTED_EDGE ( 'NONE', *, *, #9289, .F. ) ;
#5748 = ADVANCED_FACE ( 'NONE', ( #1464 ), #2862, .T. ) ;
#5749 = VECTOR ( 'NONE', #8049, 1000.000000000000000 ) ;
#5750 = CARTESIAN_POINT ( 'NONE',  ( 8.000000000000000000, 0.0000000000000000000, 1.000000000000000000 ) ) ;
#5751 = DIRECTION ( 'NONE',  ( -1.000000000000000000, 0.0000000000000000000, 0.0000000000000000000 ) ) ;
#5752 = CARTESIAN_POINT ( 'NONE',  ( -4.591792873543973919, 6.820462724888164630, 2.000000000000000000 ) ) ;
#5753 = COLOUR_RGB ( '',0.7529411764705882248, 0.7529411764705882248, 0.7529411764705882248 ) ;
#5754 = CARTESIAN_POINT ( 'NONE',  ( 3.784165198651266770, -6.634253705389384415, 3.099999999999949019 ) ) ;
#5755 = CARTESIAN_POINT ( 'NONE',  ( 4.231004542484099851, -6.787589768463152318, 3.100000000000000977 ) ) ;
#5756 = CARTESIAN_POINT ( 'NONE',  ( 4.591517052615265548, 0.4803095307866747099, 3.100000000000000089 ) ) ;
#5757 = ORIENTED_EDGE ( 'NONE', *, *, #4618, .F. ) ;
#5758 = DIRECTION ( 'NONE',  ( 0.0000000000000000000, 0.0000000000000000000, -1.000000000000000000 ) ) ;
#5759 = UNCERTAINTY_MEASURE_WITH_UNIT (LENGTH_MEASURE( 1.000000000000000082E-05 ), #9488, 'distance_accuracy_value', 'NONE');
#5760 = CARTESIAN_POINT ( 'NONE',  ( 3.080278898498522544, -6.015659607467767955, 3.200000000000000178 ) ) ;
#5761 = CARTESIAN_POINT ( 'NONE',  ( 3.080278898498522544, -6.015659607467767955, 3.150000000000000355 ) ) ;
#5762 = CARTESIAN_POINT ( 'NONE',  ( 2.742741182445372239, 0.5630464777696894130, 3.099999999999516920 ) ) ;
#5763 = CARTESIAN_POINT ( 'NONE',  ( 3.237677595680507281, -2.813389382451740861, 3.200000000000000178 ) ) ;
#5764 = CARTESIAN_POINT ( 'NONE',  ( -8.000000000000000000, 7.000000000000000000, 2.200000000000000178 ) ) ;
#5765 = CARTESIAN_POINT ( 'NONE',  ( 3.268763062871375968, -1.195106366104952800, 3.199999999999987743 ) ) ;
#5766 = DIRECTION ( 'NONE',  ( 1.000000000000000000, 1.084202172485504434E-16, 0.0000000000000000000 ) ) ;
#5767 = CARTESIAN_POINT ( 'NONE',  ( 4.015903989769030957, -4.523708882699926548, 3.199999999999997069 ) ) ;
#5768 =( GEOMETRIC_REPRESENTATION_CONTEXT ( 3 ) GLOBAL_UNCERTAINTY_ASSIGNED_CONTEXT ( ( #1593 ) ) GLOBAL_UNIT_ASSIGNED_CONTEXT ( ( #2906, #9178, #9937 ) ) REPRESENTATION_CONTEXT ( 'NONE', 'WORKASPACE' ) );
#5769 = CARTESIAN_POINT ( 'NONE',  ( 4.368005350231017658, 1.327745530651000649, 3.199999999999999734 ) ) ;
#5770 = EDGE_LOOP ( 'NONE', ( #4798, #4675, #8544, #8614 ) ) ;
#5771 = DIRECTION ( 'NONE',  ( 0.0000000000000000000, 0.0000000000000000000, 1.000000000000000000 ) ) ;
#5772 = VECTOR ( 'NONE', #7513, 1000.000000000000114 ) ;
#5773 = DIRECTION ( 'NONE',  ( -1.000000000000000000, 0.0000000000000000000, 0.0000000000000000000 ) ) ;
#5774 = CARTESIAN_POINT ( 'NONE',  ( -5.861792873543974380, 6.820462724888162853, 1.920000000000000373 ) ) ;
#5775 = SURFACE_STYLE_FILL_AREA ( #8332 ) ;
#5776 = DIRECTION ( 'NONE',  ( -1.000000000000000000, 0.0000000000000000000, 0.0000000000000000000 ) ) ;
#5777 = CARTESIAN_POINT ( 'NONE',  ( 8.000000000000000000, 8.500000000000000000, 1.000000000000000000 ) ) ;
#5778 = LINE ( 'NONE', #3330, #8064 ) ;
#5779 = EDGE_LOOP ( 'NONE', ( #8776, #266, #451, #8894 ) ) ;
#5780 = CARTESIAN_POINT ( 'NONE',  ( 3.206953127478586296, -1.459428891134680439, 3.100000000000012079 ) ) ;
#5781 = AXIS2_PLACEMENT_3D ( 'NONE', #7516, #1364, #4400 ) ;
#5782 = VERTEX_POINT ( 'NONE', #3632 ) ;
#5783 = LINE ( 'NONE', #9654, #6197 ) ;
#5784 = CARTESIAN_POINT ( 'NONE',  ( 2.929327484809535420, -2.180824927452645223, 3.099999999999847766 ) ) ;
#5785 = FILL_AREA_STYLE ('',( #8178 ) ) ;
#5786 = SURFACE_SIDE_STYLE ('',( #7415 ) ) ;
#5787 = CARTESIAN_POINT ( 'NONE',  ( 4.044589767051829376, -4.917735624476507361, 3.200000000000000622 ) ) ;
#5788 = DIRECTION ( 'NONE',  ( 0.0000000000000000000, 0.0000000000000000000, -1.000000000000000000 ) ) ;
#5789 = ORIENTED_EDGE ( 'NONE', *, *, #4254, .T. ) ;
#5790 = ORIENTED_EDGE ( 'NONE', *, *, #5425, .T. ) ;
#5791 = DIRECTION ( 'NONE',  ( 0.0000000000000000000, 0.0000000000000000000, -1.000000000000000000 ) ) ;
#5792 = EDGE_LOOP ( 'NONE', ( #5428, #1587, #9, #9886 ) ) ;
#5793 =( NAMED_UNIT ( * ) PLANE_ANGLE_UNIT ( ) SI_UNIT ( $, .RADIAN. ) );
#5794 = ADVANCED_FACE ( 'NONE', ( #6137 ), #1363, .T. ) ;
#5795 = CARTESIAN_POINT ( 'NONE',  ( 4.115281287811521693, -1.864250767743167669, 3.199999999999996181 ) ) ;
#5796 = CARTESIAN_POINT ( 'NONE',  ( -3.804728695196914146, 7.065504283399478780, 2.000000000000000000 ) ) ;
#5797 = EDGE_CURVE ( 'NONE', #8655, #9789, #8378, .T. ) ;
#5798 = ADVANCED_FACE ( 'NONE', ( #2216 ), #2168, .T. ) ;
#5799 = CARTESIAN_POINT ( 'NONE',  ( 4.700544586025626081, 0.2211131695278380771, 3.099999999999909939 ) ) ;
#5800 = DIRECTION ( 'NONE',  ( -0.0000000000000000000, -0.0000000000000000000, -1.000000000000000000 ) ) ;
#5801 = DIRECTION ( 'NONE',  ( 0.9999978328791008231, 0.002081883066368603406, -0.0000000000000000000 ) ) ;
#5802 = CARTESIAN_POINT ( 'NONE',  ( 3.742092622250309475, -1.043649001130648957, 3.099999999999574207 ) ) ;
#5803 = ORIENTED_EDGE ( 'NONE', *, *, #6321, .T. ) ;
#5804 = EDGE_CURVE ( 'NONE', #2721, #6744, #1335, .T. ) ;
#5805 = CARTESIAN_POINT ( 'NONE',  ( 3.661667702600898799, -6.547420104239353833, 3.199999999999997069 ) ) ;
#5806 = CARTESIAN_POINT ( 'NONE',  ( 2.825423928570725884, -4.858094992925177102, 3.200000000000000178 ) ) ;
#5807 = PLANE ( 'NONE',  #355 ) ;
#5808 = COLOUR_RGB ( '',1.000000000000000000, 1.000000000000000000, 0.0000000000000000000 ) ;
#5809 = CARTESIAN_POINT ( 'NONE',  ( 4.721819389080360807, 0.4152200445782285310, 3.199999999999999289 ) ) ;
#5810 = CARTESIAN_POINT ( 'NONE',  ( 2.666494221487527128, -1.295415935059019752, 3.100000000000011191 ) ) ;
#5811 = CARTESIAN_POINT ( 'NONE',  ( 4.248051702537752661, -4.528898142994770559, 3.100000000000000977 ) ) ;
#5812 = FACE_OUTER_BOUND ( 'NONE', #5685, .T. ) ;
#5813 = ORIENTED_EDGE ( 'NONE', *, *, #6004, .T. ) ;
#5814 = STYLED_ITEM ( 'NONE', ( #4644 ), #1347 ) ;
#5815 = CARTESIAN_POINT ( 'NONE',  ( 2.780231788656412295, -4.822664572959793006, 3.200000000000001066 ) ) ;
#5816 = ORIENTED_EDGE ( 'NONE', *, *, #1329, .T. ) ;
#5817 = FILL_AREA_STYLE_COLOUR ( '', #7027 ) ;
#5818 =( LENGTH_UNIT ( ) NAMED_UNIT ( * ) SI_UNIT ( .MILLI., .METRE. ) );
#5819 = CARTESIAN_POINT ( 'NONE',  ( 2.952023115313691992, -0.3155174452135441898, 3.200000000000000178 ) ) ;
#5820 = CIRCLE ( 'NONE', #4681, 0.8999999999999998002 ) ;
#5821 = CARTESIAN_POINT ( 'NONE',  ( -3.900211487142487332, 6.334221550973246018, 2.000000000000000444 ) ) ;
#5822 = DIRECTION ( 'NONE',  ( -0.6256365330375014411, -0.7801146893430577212, 0.0000000000000000000 ) ) ;
#5823 = VERTEX_POINT ( 'NONE', #7515 ) ;
#5824 = DIRECTION ( 'NONE',  ( 0.0000000000000000000, 0.0000000000000000000, 1.000000000000000000 ) ) ;
#5825 = B_SPLINE_CURVE_WITH_KNOTS ( 'NONE', 3,
 ( #5860, #5966, #5098, #2850, #8210, #7300, #534, #6547, #1243, #3617, #6738 ),
 .UNSPECIFIED., .F., .F.,
 ( 4, 1, 1, 1, 1, 1, 1, 1, 4 ),
 ( 0.0000000000000000000, 7.122108331362362015E-05, 0.0001405784769368252738, 0.0002087409048524109187, 0.0002772797975759741366, 0.0003478519782111696057, 0.0004209732361744316243, 0.0004972750943238402272, 0.0005779083203424171134 ),
 .UNSPECIFIED. ) ;
#5826 = ORIENTED_EDGE ( 'NONE', *, *, #9100, .F. ) ;
#5827 = CARTESIAN_POINT ( 'NONE',  ( 4.420533339011855745, -5.240194650835496404, 3.200000000000000178 ) ) ;
#5828 = B_SPLINE_SURFACE_WITH_KNOTS ( 'NONE', 3, 1, ( 
 ( #3288, #1786 ),
 ( #6415, #7989 ),
 ( #1016, #9029 ),
 ( #6811, #5014 ),
 ( #2067, #8281 ),
 ( #1212, #9896 ),
 ( #9804, #6711 ),
 ( #5166, #2817 ),
 ( #7413, #8227 ),
 ( #9704, #606 ),
 ( #4351, #1367 ),
 ( #1261, #5068 ),
 ( #1313, #3476 ),
 ( #8174, #3527 ),
 ( #2919, #8884 ),
 ( #7462, #5827 ),
 ( #4405, #7520 ),
 ( #8126, #397 ),
 ( #4305, #1929 ) ),
 .UNSPECIFIED., .F., .F., .F.,
 ( 4, 1, 1, 1, 1, 1, 1, 1, 1, 1, 1, 1, 1, 1, 1, 1, 4 ),
 ( 2, 2 ),
 ( 0.0000000000000000000, 0.05794805346848406341, 0.1151116237137678189, 0.1720143018112066102, 0.2297227956080103162, 0.2884797928632973352, 0.3475937318219120553, 0.4087832704454142374, 0.4724225578264901193, 0.5367488171192107416, 0.6004418312193382512, 0.6647042483731380180, 0.7290384834786588497, 0.7945763657355144893, 0.8613243757848619842, 0.9296225158565650792, 1.000000000000000000 ),
 ( 0.0000000000000000000, 1.000000000000000000 ),
 .UNSPECIFIED. ) ;
#5829 = CARTESIAN_POINT ( 'NONE',  ( 3.086756610165704018, -4.534045019123359666, 3.199999999999989964 ) ) ;
#5830 = CARTESIAN_POINT ( 'NONE',  ( -3.828655788554127248, 8.686736894867861380, 2.000000000000000888 ) ) ;
#5831 = PRESENTATION_STYLE_ASSIGNMENT (( #2716 ) ) ;
#5832 = CARTESIAN_POINT ( 'NONE',  ( 4.188317976684174937, 4.059528275238469597, 3.100000000000000977 ) ) ;
#5833 = CARTESIAN_POINT ( 'NONE',  ( 3.821825124293583897, -6.657000840087348159, 3.100000000000000533 ) ) ;
#5834 = CARTESIAN_POINT ( 'NONE',  ( 3.847413717401817035, -2.159839303888081208, 3.199999999999999734 ) ) ;
#5835 = ORIENTED_EDGE ( 'NONE', *, *, #1789, .T. ) ;
#5836 = ORIENTED_EDGE ( 'NONE', *, *, #5118, .F. ) ;
#5837 = MECHANICAL_DESIGN_GEOMETRIC_PRESENTATION_REPRESENTATION (  '', ( #3552 ), #7471 ) ;
#5838 = CARTESIAN_POINT ( 'NONE',  ( 7.500000000000000000, 3.000000000000000000, 0.0000000000000000000 ) ) ;
#5839 = ORIENTED_EDGE ( 'NONE', *, *, #5107, .F. ) ;
#5840 = SURFACE_SIDE_STYLE ('',( #4470 ) ) ;
#5841 = AXIS2_PLACEMENT_3D ( 'NONE', #6055, #9153, #7633 ) ;
#5842 = CARTESIAN_POINT ( 'NONE',  ( -5.136965771356914345, 7.725929759756864357, 1.999999999999999556 ) ) ;
#5843 = CARTESIAN_POINT ( 'NONE',  ( 3.938698244316808150, -1.727772503672708515, 3.100000000000000533 ) ) ;
#5844 = FACE_OUTER_BOUND ( 'NONE', #2303, .T. ) ;
#5845 = CARTESIAN_POINT ( 'NONE',  ( 3.059661208386069475, -1.033806404372277443, 3.100000000000001421 ) ) ;
#5846 = COLOUR_RGB ( '',1.000000000000000000, 1.000000000000000000, 0.0000000000000000000 ) ;
#5847 = VERTEX_POINT ( 'NONE', #1415 ) ;
#5848 = CARTESIAN_POINT ( 'NONE',  ( 3.858354611196999517, -6.677804268417474987, 3.100000000000040057 ) ) ;
#5849 = ORIENTED_EDGE ( 'NONE', *, *, #5050, .F. ) ;
#5850 = CARTESIAN_POINT ( 'NONE',  ( 2.689234543176708847, -0.5877921551671416722, 3.100000000000000977 ) ) ;
#5851 = ADVANCED_FACE ( 'NONE', ( #8423, #738 ), #6754, .F. ) ;
#5852 = UNCERTAINTY_MEASURE_WITH_UNIT (LENGTH_MEASURE( 1.000000000000000082E-05 ), #6798, 'distance_accuracy_value', 'NONE');
#5853 = CARTESIAN_POINT ( 'NONE',  ( 3.617158064934603345, -6.513356098072114797, 3.199999999999998845 ) ) ;
#5854 = CARTESIAN_POINT ( 'NONE',  ( 2.850970273030591251, -4.871378976572164454, 3.199999999999999734 ) ) ;
#5855 = CARTESIAN_POINT ( 'NONE',  ( 3.914090693768523810, -1.364082788787137179, 3.099999999999968114 ) ) ;
#5856 = CARTESIAN_POINT ( 'NONE',  ( 7.000000000000000888, -8.200000000000001066, 1.200000000000000178 ) ) ;
#5857 = COLOUR_RGB ( '',1.000000000000000000, 1.000000000000000000, 0.0000000000000000000 ) ;
#5858 = CARTESIAN_POINT ( 'NONE',  ( 4.605351601279791041, -0.03469187643231947532, 3.199999999999997513 ) ) ;
#5859 = DIRECTION ( 'NONE',  ( 0.002081883066368603406, -0.9999978328791008231, 0.0000000000000000000 ) ) ;
#5860 = CARTESIAN_POINT ( 'NONE',  ( 2.644645677119489946, -4.725384349461528188, 3.100000000001473577 ) ) ;
#5861 = CARTESIAN_POINT ( 'NONE',  ( 4.011604932330274487, -1.475637682253603034, 3.100000000000001421 ) ) ;
#5862 = CARTESIAN_POINT ( 'NONE',  ( 3.787159706954390082, -4.522750936688308521, 3.199999999999996625 ) ) ;
#5863 = EDGE_CURVE ( 'NONE', #5305, #3644, #9943, .T. ) ;
#5864 = CARTESIAN_POINT ( 'NONE',  ( -4.931792873543973776, 6.820462724888162853, 2.000000000000000000 ) ) ;
#5865 = EDGE_LOOP ( 'NONE', ( #1996, #3130, #871, #2960 ) ) ;
#5866 = COLOUR_RGB ( '',0.2509803921568627416, 0.2509803921568627416, 0.2509803921568627416 ) ;
#5867 = DIRECTION ( 'NONE',  ( -0.9999982098935602526, -0.001892144200366152607, -0.0000000000000000000 ) ) ;
#5868 = ORIENTED_EDGE ( 'NONE', *, *, #5318, .F. ) ;
#5869 = ADVANCED_FACE ( 'NONE', ( #5314 ), #6804, .F. ) ;
#5870 = ADVANCED_FACE ( 'NONE', ( #3065 ), #9569, .T. ) ;
#5871 = B_SPLINE_CURVE_WITH_KNOTS ( 'NONE', 3,
 ( #9968, #765, #1337, #9159, #2291, #7742, #2190, #8400, #1439, #3852, #7639 ),
 .UNSPECIFIED., .F., .F.,
 ( 4, 1, 1, 1, 1, 1, 1, 1, 4 ),
 ( 0.0000000000000000000, 2.901216573776404102E-05, 7.228188385772990620E-05, 0.0001293597463141779981, 0.0002007039397005339315, 0.0002858690862829251509, 0.0003848524261120270999, 0.0004976575005762300802, 0.0006247302001592008359 ),
 .UNSPECIFIED. ) ;
#5872 = CARTESIAN_POINT ( 'NONE',  ( 2.967487942401702661, -1.711914488080479302, 3.100000000000009415 ) ) ;
#5873 = CARTESIAN_POINT ( 'NONE',  ( -5.011792873543973847, 6.320462724888158412, 1.920000000000000151 ) ) ;
#5874 = AXIS2_PLACEMENT_3D ( 'NONE', #7365, #1311, #3579 ) ;
#5875 = CARTESIAN_POINT ( 'NONE',  ( 4.088176838689483006, 0.2289834981900571442, 3.100000000000001421 ) ) ;
#5876 = SURFACE_STYLE_USAGE ( .BOTH. , #4397 ) ;
#5877 = CARTESIAN_POINT ( 'NONE',  ( -5.093408238618279960, 5.898144886144440768, 2.000000000000000444 ) ) ;
#5878 = DIRECTION ( 'NONE',  ( 0.9999989026081164134, 0.001481479855715860973, -0.0000000000000000000 ) ) ;
#5879 = CARTESIAN_POINT ( 'NONE',  ( -8.000000000000000000, 3.500000000000000444, 0.0000000000000000000 ) ) ;
#5880 = ORIENTED_EDGE ( 'NONE', *, *, #906, .F. ) ;
#5881 = LINE ( 'NONE', #5163, #5392 ) ;
#5882 = ORIENTED_EDGE ( 'NONE', *, *, #2939, .F. ) ;
#5883 = STYLED_ITEM ( 'NONE', ( #9606 ), #7185 ) ;
#5884 = DIRECTION ( 'NONE',  ( -0.3252911814861538797, -0.9456138996690679477, 0.0000000000000000000 ) ) ;
#5885 = CARTESIAN_POINT ( 'NONE',  ( 2.940788076745408652, -1.497069072316779881, 3.100000000000000977 ) ) ;
#5886 = CARTESIAN_POINT ( 'NONE',  ( 3.815406286959891258, 0.3551915495727691052, 3.200000000000000178 ) ) ;
#5887 = FACE_OUTER_BOUND ( 'NONE', #8091, .T. ) ;
#5888 =( NAMED_UNIT ( * ) SI_UNIT ( $, .STERADIAN. ) SOLID_ANGLE_UNIT ( ) );
#5889 =( GEOMETRIC_REPRESENTATION_CONTEXT ( 3 ) GLOBAL_UNCERTAINTY_ASSIGNED_CONTEXT ( ( #5759 ) ) GLOBAL_UNIT_ASSIGNED_CONTEXT ( ( #9488, #7976, #3328 ) ) REPRESENTATION_CONTEXT ( 'NONE', 'WORKASPACE' ) );
#5890 = ORIENTED_EDGE ( 'NONE', *, *, #1214, .F. ) ;
#5891 = ORIENTED_EDGE ( 'NONE', *, *, #7878, .F. ) ;
#5892 = FACE_OUTER_BOUND ( 'NONE', #9818, .T. ) ;
#5893 = VERTEX_POINT ( 'NONE', #232 ) ;
#5894 = B_SPLINE_CURVE_WITH_KNOTS ( 'NONE', 3,
 ( #6324, #9405, #5546, #8652, #1701, #4780, #7899, #8811, #361, #5795, #8946, #5898, #5287, #9864, #848 ),
 .UNSPECIFIED., .F., .F.,
 ( 4, 1, 1, 1, 1, 1, 1, 1, 1, 1, 1, 1, 4 ),
 ( 0.0000000000000000000, 5.304142598202951962E-05, 0.0001097693172310324980, 0.0001714912783332721898, 0.0002391588685996704367, 0.0002750989524628240932, 0.0003121567761337868622, 0.0003502995993429536183, 0.0003898992629158047163, 0.0004314920364656970610, 0.0004747538021431735116, 0.0005207281277540458733, 0.0005687890219718497870 ),
 .UNSPECIFIED. ) ;
#5895 = DIRECTION ( 'NONE',  ( 0.0000000000000000000, 0.0000000000000000000, 1.000000000000000000 ) ) ;
#5897 = STYLED_ITEM ( 'NONE', ( #3735 ), #7562 ) ;
#5896 = PRESENTATION_STYLE_ASSIGNMENT (( #2776 ) ) ;
#5898 = CARTESIAN_POINT ( 'NONE',  ( 4.131523950861843986, -1.779702414741218819, 3.199999999999995293 ) ) ;
#5899 = CARTESIAN_POINT ( 'NONE',  ( -4.503631666566692004, 7.766819879085798739, 2.000000000000000444 ) ) ;
#5900 = CARTESIAN_POINT ( 'NONE',  ( 3.678675523089367072, -2.174939262470993118, 3.099999999999607070 ) ) ;
#5901 = MANIFOLD_SOLID_BREP ( 'Imported1', #5606 ) ;
#5902 = DIRECTION ( 'NONE',  ( 0.3252911814861584316, 0.9456138996690662823, 0.0000000000000000000 ) ) ;
#5903 = CARTESIAN_POINT ( 'NONE',  ( 4.383363744344535462, -5.859819749573286884, 3.100000000000000977 ) ) ;
#5904 = CARTESIAN_POINT ( 'NONE',  ( 4.348408131165849788, -4.177891176915538018, 3.200000000000008615 ) ) ;
#5905 = CIRCLE ( 'NONE', #558, 0.5000000000000004441 ) ;
#5906 = ORIENTED_EDGE ( 'NONE', *, *, #1947, .F. ) ;
#5907 = FILL_AREA_STYLE ('',( #1905 ) ) ;
#5908 = ORIENTED_EDGE ( 'NONE', *, *, #9472, .F. ) ;
#5909 = FILL_AREA_STYLE ('',( #9774 ) ) ;
#5910 = CARTESIAN_POINT ( 'NONE',  ( 4.135697358072903285, -1.685568513059688689, 3.199999999999999734 ) ) ;
#5911 = SURFACE_SIDE_STYLE ('',( #7251 ) ) ;
#5912 =( LENGTH_UNIT ( ) NAMED_UNIT ( * ) SI_UNIT ( .MILLI., .METRE. ) );
#5913 = EDGE_CURVE ( 'NONE', #6115, #5424, #3334, .T. ) ;
#5914 = DIRECTION ( 'NONE',  ( -1.000000000000000000, 0.0000000000000000000, 0.0000000000000000000 ) ) ;
#5915 = CARTESIAN_POINT ( 'NONE',  ( 3.384988476614029906, -1.375671184430991900, 3.199999999999988187 ) ) ;
#5916 = CARTESIAN_POINT ( 'NONE',  ( 2.740957627803084051, 1.607763609490337808, 3.100000000000000977 ) ) ;
#5917 = VERTEX_POINT ( 'NONE', #1667 ) ;
#5918 = CARTESIAN_POINT ( 'NONE',  ( 4.311415297422436232, -6.259516887004433094, 3.200000000000000622 ) ) ;
#5919 = EDGE_LOOP ( 'NONE', ( #2958, #9353, #8389, #1340 ) ) ;
#5920 = CARTESIAN_POINT ( 'NONE',  ( 2.718217306113901888, -5.571108612877292643, 3.100000000000005862 ) ) ;
#5921 = FACE_OUTER_BOUND ( 'NONE', #2640, .T. ) ;
#5922 = ADVANCED_FACE ( 'NONE', ( #5565 ), #9481, .T. ) ;
#5923 = VECTOR ( 'NONE', #3567, 1000.000000000000000 ) ;
#5924 = CARTESIAN_POINT ( 'NONE',  ( 2.755214139465817613, 0.7201141326083058125, 3.199999999999999734 ) ) ;
#5925 = EDGE_CURVE ( 'NONE', #4856, #4016, #1057, .T. ) ;
#5926 = DIRECTION ( 'NONE',  ( -0.003333314814965730299, 0.9999944444907402641, 2.026283399610312779E-12 ) ) ;
#5927 = CARTESIAN_POINT ( 'NONE',  ( 3.843305823367958673, -1.399942067586848360, 3.100000000000000977 ) ) ;
#5928 = EDGE_CURVE ( 'NONE', #5917, #9757, #5719, .T. ) ;
#5929 = CARTESIAN_POINT ( 'NONE',  ( -4.511792873543972959, 7.320462724888168182, 1.966862915010153090 ) ) ;
#5930 = SURFACE_SIDE_STYLE ('',( #4174 ) ) ;
#5931 = DIRECTION ( 'NONE',  ( 0.0000000000000000000, 1.000000000000000000, 0.0000000000000000000 ) ) ;
#5932 = ORIENTED_EDGE ( 'NONE', *, *, #7611, .T. ) ;
#5933 =( GEOMETRIC_REPRESENTATION_CONTEXT ( 3 ) GLOBAL_UNCERTAINTY_ASSIGNED_CONTEXT ( ( #6166 ) ) GLOBAL_UNIT_ASSIGNED_CONTEXT ( ( #7408, #3520, #8878 ) ) REPRESENTATION_CONTEXT ( 'NONE', 'WORKASPACE' ) );
#5934 = SURFACE_STYLE_FILL_AREA ( #5069 ) ;
#5935 = ADVANCED_FACE ( 'NONE', ( #4904 ), #1872, .T. ) ;
#5936 = CARTESIAN_POINT ( 'NONE',  ( -6.337122846746489735, 8.180974974472158934, 1.200000000000000178 ) ) ;
#5937 = SURFACE_STYLE_USAGE ( .BOTH. , #1073 ) ;
#5938 = CARTESIAN_POINT ( 'NONE',  ( 8.000000000000000000, 3.000000000000000000, 2.200000000000000178 ) ) ;
#5939 = DIRECTION ( 'NONE',  ( -0.0000000000000000000, -0.0000000000000000000, -1.000000000000000000 ) ) ;
#5940 = CARTESIAN_POINT ( 'NONE',  ( 2.929327484809535420, -2.180824927452645223, 3.200000000000005951 ) ) ;
#5941 = EDGE_CURVE ( 'NONE', #7800, #8415, #7601, .T. ) ;
#5942 = VERTEX_POINT ( 'NONE', #634 ) ;
#5943 = ORIENTED_EDGE ( 'NONE', *, *, #10016, .T. ) ;
#5944 =( LENGTH_UNIT ( ) NAMED_UNIT ( * ) SI_UNIT ( .MILLI., .METRE. ) );
#5945 = CARTESIAN_POINT ( 'NONE',  ( 8.000000000000000000, 7.000000000000000000, 2.200000000000000178 ) ) ;
#5946 = ORIENTED_EDGE ( 'NONE', *, *, #5617, .F. ) ;
#5947 = CARTESIAN_POINT ( 'NONE',  ( 2.747641281461114193, -2.252987525393686408, 3.099999999999989431 ) ) ;
#5948 = CARTESIAN_POINT ( 'NONE',  ( 3.462420206280324209, -6.153043700473632249, 3.100000000000554756 ) ) ;
#5949 = FACE_OUTER_BOUND ( 'NONE', #3295, .T. ) ;
#5950 = CARTESIAN_POINT ( 'NONE',  ( -4.416748602991313888, 7.737856653509260774, 1.999999999999999556 ) ) ;
#5951 = CARTESIAN_POINT ( 'NONE',  ( 3.823836983086248864, -2.164050952609640088, 3.099999999999607958 ) ) ;
#5952 = DIRECTION ( 'NONE',  ( 0.0000000000000000000, 0.0000000000000000000, 1.000000000000000000 ) ) ;
#5953 = VERTEX_POINT ( 'NONE', #5256 ) ;
#5954 = CARTESIAN_POINT ( 'NONE',  ( 3.315008482651181421, -6.248095054060343045, 3.099999999999948574 ) ) ;
#5955 = CARTESIAN_POINT ( 'NONE',  ( 3.972909142763893620, -1.397276333070446963, 3.200000000000000178 ) ) ;
#5956 = VERTEX_POINT ( 'NONE', #6077 ) ;
#5957 = CARTESIAN_POINT ( 'NONE',  ( 4.123244284949359795, -1.523186062761744397, 3.099999999999574207 ) ) ;
#5958 = ORIENTED_EDGE ( 'NONE', *, *, #8495, .F. ) ;
#5959 = SURFACE_STYLE_FILL_AREA ( #2842 ) ;
#5960 = CARTESIAN_POINT ( 'NONE',  ( 3.904916214680119513, -1.742756640485020769, 3.100000000000624034 ) ) ;
#5961 = SURFACE_STYLE_FILL_AREA ( #580 ) ;
#5962 = CARTESIAN_POINT ( 'NONE',  ( 3.006553540251431400, 0.8463187007046077959, 3.100000000000044054 ) ) ;
#5963 = CARTESIAN_POINT ( 'NONE',  ( 3.828299708090083353, -6.328748679365648222, 3.199999999999985967 ) ) ;
#5964 = CARTESIAN_POINT ( 'NONE',  ( 2.744970625748234028, -0.5877921551671416722, 3.100000000000000977 ) ) ;
#5965 = DIRECTION ( 'NONE',  ( 0.002770072474631118855, -0.9999961633418825713, -0.0000000000000000000 ) ) ;
#5966 = CARTESIAN_POINT ( 'NONE',  ( 2.645459414211123850, -4.701391705435599810, 3.100000000000648015 ) ) ;
#5967 = VECTOR ( 'NONE', #6290, 1000.000000000000000 ) ;
#5968 = CARTESIAN_POINT ( 'NONE',  ( 8.000000000000000000, 8.500000000000000000, 1.000000000000000000 ) ) ;
#5969 = CARTESIAN_POINT ( 'NONE',  ( 2.832703870535719926, 1.346104418189662422, 3.100000000000000977 ) ) ;
#5970 = CARTESIAN_POINT ( 'NONE',  ( 4.182961556093555799, -5.660286344991730445, 3.100000000001246647 ) ) ;
#5971 = VERTEX_POINT ( 'NONE', #9831 ) ;
#5972 = CARTESIAN_POINT ( 'NONE',  ( -8.000000000000000000, 3.000000000000000000, 1.000000000000000000 ) ) ;
#5973 = ORIENTED_EDGE ( 'NONE', *, *, #4254, .F. ) ;
#5974 = UNCERTAINTY_MEASURE_WITH_UNIT (LENGTH_MEASURE( 1.000000000000000082E-05 ), #737, 'distance_accuracy_value', 'NONE');
#5975 = PLANE ( 'NONE',  #7188 ) ;
#5976 = COLOUR_RGB ( '',0.2509803921568627416, 0.2509803921568627416, 0.2509803921568627416 ) ;
#5977 =( NAMED_UNIT ( * ) PLANE_ANGLE_UNIT ( ) SI_UNIT ( $, .RADIAN. ) );
#5978 = B_SPLINE_CURVE_WITH_KNOTS ( 'NONE', 3,
 ( #4971, #8796, #7272, #6420, #5829, #8177, #4309, #202, #3290, #9503, #2536 ),
 .UNSPECIFIED., .F., .F.,
 ( 4, 1, 1, 1, 1, 1, 1, 1, 4 ),
 ( 0.0000000000000000000, 4.203843014545479752E-05, 9.232062674388003096E-05, 0.0001518103204039272379, 0.0002201143940546418224, 0.0002968200218485200033, 0.0003828267701110955098, 0.0004777310280269006894, 0.0005815291387016334121 ),
 .UNSPECIFIED. ) ;
#5979 = CARTESIAN_POINT ( 'NONE',  ( 4.311415297422436232, -6.259516887004433094, 3.200000000000000622 ) ) ;
#5980 = CARTESIAN_POINT ( 'NONE',  ( 3.244983116911990706, -4.121388259460122327, 3.099999999999596856 ) ) ;
#5981 = CARTESIAN_POINT ( 'NONE',  ( -5.502498750016785678, 6.175186874587963004, 1.999999999999999556 ) ) ;
#5982 = DIRECTION ( 'NONE',  ( -1.667531135765213511E-14, 2.027595229003962942E-12, -1.000000000000000000 ) ) ;
#5983 = B_SPLINE_CURVE_WITH_KNOTS ( 'NONE', 3,
 ( #6282, #9360, #3052, #5503, #9264, #5454, #2302 ),
 .UNSPECIFIED., .F., .F.,
 ( 4, 1, 1, 1, 4 ),
 ( 0.0000000000000000000, 3.235539816941648258E-05, 6.160853203256525803E-05, 8.927635933867390545E-05, 0.0001166043325078703149 ),
 .UNSPECIFIED. ) ;
#5984 = CARTESIAN_POINT ( 'NONE',  ( 3.239461150322795913, -3.690452377797245109, 3.200000000000000178 ) ) ;
#5985 = CARTESIAN_POINT ( 'NONE',  ( 8.000000000000000000, -8.500000000000000000, 1.000000000000000000 ) ) ;
#5986 = COLOUR_RGB ( '',0.2509803921568627416, 0.2509803921568627416, 0.2509803921568627416 ) ;
#5987 = SURFACE_SIDE_STYLE ('',( #9077 ) ) ;
#5988 = ORIENTED_EDGE ( 'NONE', *, *, #2870, .T. ) ;
#5989 = EDGE_CURVE ( 'NONE', #8685, #8034, #7663, .T. ) ;
#5990 = CARTESIAN_POINT ( 'NONE',  ( 2.718217306113901888, -5.571108612877292643, 3.200000000000000178 ) ) ;
#5991 = EDGE_CURVE ( 'NONE', #9834, #6916, #2955, .T. ) ;
#5992 = PLANE ( 'NONE',  #6722 ) ;
#5993 = VECTOR ( 'NONE', #4398, 1000.000000000000000 ) ;
#5994 = FACE_BOUND ( 'NONE', #3106, .T. ) ;
#5995 = CARTESIAN_POINT ( 'NONE',  ( -8.000000000000000000, -8.500000000000001776, 1.000000000000000000 ) ) ;
#5996 = CARTESIAN_POINT ( 'NONE',  ( 3.753101486176205537, 0.4773636949457220058, 3.100000000000000533 ) ) ;
#5997 = FACE_OUTER_BOUND ( 'NONE', #4504, .T. ) ;
#5998 = CARTESIAN_POINT ( 'NONE',  ( 2.841258072351175112, -1.695619591967631345, 3.199999999999999289 ) ) ;
#5999 = VERTEX_POINT ( 'NONE', #9174 ) ;
#6000 = B_SPLINE_CURVE_WITH_KNOTS ( 'NONE', 3,
 ( #1163, #5737, #1982, #8887, #349, #1931, #5121 ),
 .UNSPECIFIED., .F., .F.,
 ( 4, 1, 1, 1, 4 ),
 ( 0.0000000000000000000, 2.561269068232926657E-05, 5.177152324671566619E-05, 8.003729266230954066E-05, 0.0001106924333774121123 ),
 .UNSPECIFIED. ) ;
#6001 = SURFACE_SIDE_STYLE ('',( #507 ) ) ;
#6002 = EDGE_LOOP ( 'NONE', ( #354, #1028, #3081, #7906 ) ) ;
#6003 = DIRECTION ( 'NONE',  ( 0.0000000000000000000, 0.0000000000000000000, 1.000000000000000000 ) ) ;
#6004 = EDGE_CURVE ( 'NONE', #8648, #9262, #2903, .T. ) ;
#6005 = ADVANCED_FACE ( 'NONE', ( #3668 ), #5672, .T. ) ;
#6006 = CARTESIAN_POINT ( 'NONE',  ( 2.745104989200916723, -5.593568626313796699, 3.100000000000556089 ) ) ;
#6007 = B_SPLINE_CURVE_WITH_KNOTS ( 'NONE', 3,
 ( #8499, #3758, #5441, #3040, #4524, #3704, #9255, #6881, #9305, #2994, #1545, #4578, #6162, #2343, #574, #6833, #6012, #6780, #9870 ),
 .UNSPECIFIED., .F., .F.,
 ( 4, 1, 1, 1, 1, 1, 1, 1, 1, 1, 1, 1, 1, 1, 1, 1, 4 ),
 ( 0.0000000000000000000, 5.816480259270307302E-05, 0.0001125279509802254229, 0.0001633812302590297385, 0.0002106369983962706803, 0.0002551520801323794367, 0.0002974273110116995317, 0.0003376787075723105863, 0.0003766724798244095763, 0.0004157116846701143097, 0.0004557152118460375484, 0.0004969980885494891532, 0.0005406824587241416914, 0.0005870801832023061053, 0.0006366209869921419465, 0.0006892593991728842087, 0.0007452062800324932811 ),
 .UNSPECIFIED. ) ;
#6008 = SURFACE_SIDE_STYLE ('',( #4698 ) ) ;
#6009 = CARTESIAN_POINT ( 'NONE',  ( 3.763289257887433514, -4.066544413453968332, 3.200000000000001066 ) ) ;
#6010 = VECTOR ( 'NONE', #182, 1000.000000000000000 ) ;
#6011 = CARTESIAN_POINT ( 'NONE',  ( 4.727303990631562591, 0.5755167084802330635, 3.099999999999910383 ) ) ;
#6012 = CARTESIAN_POINT ( 'NONE',  ( 4.218016742578891254, 0.2281966579512138549, 3.199999999999997957 ) ) ;
#6013 = CARTESIAN_POINT ( 'NONE',  ( 3.964540553150796676, -1.386029517600927186, 3.199999999999999734 ) ) ;
#6014 = PLANE ( 'NONE',  #2072 ) ;
#6015 = STYLED_ITEM ( 'NONE', ( #2598 ), #3190 ) ;
#6016 = CARTESIAN_POINT ( 'NONE',  ( 2.695576349755958834, -2.169809804474652548, 3.199999999999995737 ) ) ;
#6017 = CARTESIAN_POINT ( 'NONE',  ( 2.695576349755958834, -2.169809804474652548, 3.100000000000000533 ) ) ;
#6018 = CARTESIAN_POINT ( 'NONE',  ( 3.914090693768523810, -1.364082788787137179, 3.150000000000000355 ) ) ;
#6019 = CARTESIAN_POINT ( 'NONE',  ( 4.454078357353218998, -0.1845883744089346079, 3.199999999999998401 ) ) ;
#6020 = COLOUR_RGB ( '',1.000000000000000000, 1.000000000000000000, 0.0000000000000000000 ) ;
#6021 = ORIENTED_EDGE ( 'NONE', *, *, #9604, .T. ) ;
#6022 = VECTOR ( 'NONE', #9854, 1000.000000000000000 ) ;
#6023 = SURFACE_SIDE_STYLE ('',( #6171 ) ) ;
#6024 = DIRECTION ( 'NONE',  ( 0.0000000000000000000, 0.0000000000000000000, 1.000000000000000000 ) ) ;
#6025 = LINE ( 'NONE', #5152, #6993 ) ;
#6026 = ORIENTED_EDGE ( 'NONE', *, *, #6439, .T. ) ;
#6027 = ORIENTED_EDGE ( 'NONE', *, *, #5913, .T. ) ;
#6028 = VECTOR ( 'NONE', #8437, 1000.000000000000000 ) ;
#6029 = CARTESIAN_POINT ( 'NONE',  ( 3.998236757294653554, -1.436754824234656391, 3.200000000000003730 ) ) ;
#6030 = AXIS2_PLACEMENT_3D ( 'NONE', #5449, #6938, #3763 ) ;
#6031 = CARTESIAN_POINT ( 'NONE',  ( -5.011792873543975624, 6.820462724888162853, 1.920000000000000373 ) ) ;
#6032 = FILL_AREA_STYLE ('',( #8564 ) ) ;
#6033 = CARTESIAN_POINT ( 'NONE',  ( 2.743110605155801629, 0.5846042711918004731, 3.100000000000000533 ) ) ;
#6034 = CARTESIAN_POINT ( 'NONE',  ( 2.886239002933277398, -4.563976409954482172, 3.200000000000000622 ) ) ;
#6035 = CARTESIAN_POINT ( 'NONE',  ( 3.576107089054801680, -1.756018921430095192, 3.099999999999975664 ) ) ;
#6036 = CARTESIAN_POINT ( 'NONE',  ( 4.726053944670487894, 1.611330718774915516, 3.100000000000000977 ) ) ;
#6037 = AXIS2_PLACEMENT_3D ( 'NONE', #4598, #2914, #7613 ) ;
#6038 = CARTESIAN_POINT ( 'NONE',  ( -8.000000000000000000, -8.500000000000001776, 1.000000000000000000 ) ) ;
#6039 = CIRCLE ( 'NONE', #1154, 0.5000000000000013323 ) ;
#6040 = CARTESIAN_POINT ( 'NONE',  ( 2.697140093188047594, -1.877327122439500728, 3.099999999999971223 ) ) ;
#6041 = EDGE_LOOP ( 'NONE', ( #2667, #1809, #4294, #6562 ) ) ;
#6042 = CARTESIAN_POINT ( 'NONE',  ( 3.060876527566346095, -5.272320278736419397, 3.199999999999995737 ) ) ;
#6043 = CARTESIAN_POINT ( 'NONE',  ( 4.610530878519366382, -4.843874005088586898, 3.200000000000005507 ) ) ;
#6044 = CARTESIAN_POINT ( 'NONE',  ( 3.082596637233457670, -6.561159367235953610, 3.100000000000000533 ) ) ;
#6045 = CARTESIAN_POINT ( 'NONE',  ( 4.351670362818344628, -4.910860022916068601, 3.100000000000000977 ) ) ;
#6046 = ORIENTED_EDGE ( 'NONE', *, *, #8606, .T. ) ;
#6047 = ORIENTED_EDGE ( 'NONE', *, *, #1333, .T. ) ;
#6048 = VECTOR ( 'NONE', #8554, 1000.000000000000000 ) ;
#6049 = ORIENTED_EDGE ( 'NONE', *, *, #10030, .T. ) ;
#6050 = CYLINDRICAL_SURFACE ( 'NONE', #674, 0.2000000000000000944 ) ;
#6051 = PLANE ( 'NONE',  #567 ) ;
#6052 = CARTESIAN_POINT ( 'NONE',  ( 4.496394354182765341, -4.253633813293181909, 3.200000000000001066 ) ) ;
#6053 = COLOUR_RGB ( '',1.000000000000000000, 1.000000000000000000, 0.0000000000000000000 ) ;
#6054 = DIRECTION ( 'NONE',  ( 1.000000000000000000, 0.0000000000000000000, 0.0000000000000000000 ) ) ;
#6055 = CARTESIAN_POINT ( 'NONE',  ( -8.000000000000000000, -7.000000000000000000, 0.0000000000000000000 ) ) ;
#6056 = PRESENTATION_LAYER_ASSIGNMENT (  '', '', ( #4431 ) ) ;
#6057 = ADVANCED_FACE ( 'NONE', ( #6123, #8463 ), #6791, .T. ) ;
#6058 = DIRECTION ( 'NONE',  ( 0.0000000000000000000, -1.000000000000000000, -0.0000000000000000000 ) ) ;
#6059 = CARTESIAN_POINT ( 'NONE',  ( 3.595131865398332849, -2.175925219760375118, 3.099999999999606182 ) ) ;
#6060 = DIRECTION ( 'NONE',  ( -1.000000000000000000, 0.0000000000000000000, 0.0000000000000000000 ) ) ;
#6061 = VERTEX_POINT ( 'NONE', #2351 ) ;
#6062 = DIRECTION ( 'NONE',  ( -0.0000000000000000000, -0.0000000000000000000, -1.000000000000000000 ) ) ;
#6063 = EDGE_CURVE ( 'NONE', #8865, #7605, #8609, .T. ) ;
#6064 = CARTESIAN_POINT ( 'NONE',  ( 4.365156639601385891, 0.2539027283021716430, 3.099999999999997424 ) ) ;
#6065 = EDGE_CURVE ( 'NONE', #8403, #5407, #6385, .T. ) ;
#6066 = CARTESIAN_POINT ( 'NONE',  ( 4.188317976684174937, 4.059528275238469597, 3.100000000000000977 ) ) ;
#6067 = ORIENTED_EDGE ( 'NONE', *, *, #9791, .T. ) ;
#6068 = CIRCLE ( 'NONE', #3947, 0.5000000000000013323 ) ;
#6069 = UNCERTAINTY_MEASURE_WITH_UNIT (LENGTH_MEASURE( 1.000000000000000082E-05 ), #6951, 'distance_accuracy_value', 'NONE');
#6070 = CARTESIAN_POINT ( 'NONE',  ( 2.669727519373380709, -2.077578397307194180, 3.199999999999996181 ) ) ;
#6071 = CARTESIAN_POINT ( 'NONE',  ( 3.277361686471432112, -6.831189967654309747, 3.100000000000000977 ) ) ;
#6072 = CARTESIAN_POINT ( 'NONE',  ( 2.833804733553998201, -1.033619408015077790, 3.200000000000003286 ) ) ;
#6073 = CARTESIAN_POINT ( 'NONE',  ( 4.298465042255598334, -0.2531680786212764933, 3.199999999999998845 ) ) ;
#6074 = VECTOR ( 'NONE', #3036, 1000.000000000000000 ) ;
#6075 = EDGE_LOOP ( 'NONE', ( #3460, #5576, #5891, #5973 ) ) ;
#6076 = CARTESIAN_POINT ( 'NONE',  ( 2.849870489893615133, 0.8317861291701597048, 3.200000000000005063 ) ) ;
#6077 = CARTESIAN_POINT ( 'NONE',  ( 4.335009589348675085, -4.912211698241279123, 3.200000000000000178 ) ) ;
#6078 = EDGE_CURVE ( 'NONE', #1604, #4021, #6281, .T. ) ;
#6079 = DIRECTION ( 'NONE',  ( 1.000000000000000000, 0.0000000000000000000, 0.0000000000000000000 ) ) ;
#6080 = VERTEX_POINT ( 'NONE', #5453 ) ;
#6081 = ORIENTED_EDGE ( 'NONE', *, *, #9895, .F. ) ;
#6082 = CARTESIAN_POINT ( 'NONE',  ( 3.277361686471432556, -6.885588384244116789, 3.200000000000000178 ) ) ;
#6083 =( NAMED_UNIT ( * ) PLANE_ANGLE_UNIT ( ) SI_UNIT ( $, .RADIAN. ) );
#6084 = LINE ( 'NONE', #7707, #6645 ) ;
#6085 = CARTESIAN_POINT ( 'NONE',  ( 3.044607805652747246, 0.8466316658936040573, 3.200000000000000178 ) ) ;
#6086 = DIRECTION ( 'NONE',  ( 7.492240238296808107E-13, 8.969227988603078659E-13, -1.000000000000000000 ) ) ;
#6087 = CARTESIAN_POINT ( 'NONE',  ( 2.797595321543739022, -5.637415229455133847, 3.199999999999998845 ) ) ;
#6088 = PRESENTATION_STYLE_ASSIGNMENT (( #7567 ) ) ;
#6089 = AXIS2_PLACEMENT_3D ( 'NONE', #3136, #5387, #4621 ) ;
#6090 = DIRECTION ( 'NONE',  ( 0.0000000000000000000, -1.000000000000000000, 0.0000000000000000000 ) ) ;
#6091 = DIRECTION ( 'NONE',  ( 0.001856662228743317933, -0.9999982764011987602, 0.0000000000000000000 ) ) ;
#6092 = FACE_OUTER_BOUND ( 'NONE', #7529, .T. ) ;
#6093 = ORIENTED_EDGE ( 'NONE', *, *, #4794, .T. ) ;
#6094 = CARTESIAN_POINT ( 'NONE',  ( 4.768476202319271273, -6.258134412343799191, 3.100000000000238565 ) ) ;
#6095 = CARTESIAN_POINT ( 'NONE',  ( 3.640731487194883709, -4.066864314417168558, 3.100000000000000977 ) ) ;
#6096 = PLANE ( 'NONE',  #2354 ) ;
#6097 = CARTESIAN_POINT ( 'NONE',  ( 3.135366987290412411, -6.745587490826487453, 3.100000000000000089 ) ) ;
#6098 = CARTESIAN_POINT ( 'NONE',  ( 4.508905511561310142, -4.886343477339217145, 3.199999999999998845 ) ) ;
#6099 = DIRECTION ( 'NONE',  ( 0.0000000000000000000, 0.0000000000000000000, 1.000000000000000000 ) ) ;
#6100 = ORIENTED_EDGE ( 'NONE', *, *, #323, .F. ) ;
#6101 = MECHANICAL_DESIGN_GEOMETRIC_PRESENTATION_REPRESENTATION (  '', ( #2826 ), #5768 ) ;
#6102 = LINE ( 'NONE', #1531, #6970 ) ;
#6103 = CARTESIAN_POINT ( 'NONE',  ( 4.179663116178244486, -5.325701015588017562, 3.100000000000000977 ) ) ;
#6104 = ORIENTED_EDGE ( 'NONE', *, *, #758, .T. ) ;
#6105 =( NAMED_UNIT ( * ) PLANE_ANGLE_UNIT ( ) SI_UNIT ( $, .RADIAN. ) );
#6106 = PRESENTATION_LAYER_ASSIGNMENT (  '', '', ( #9677 ) ) ;
#6107 = LINE ( 'NONE', #2234, #9586 ) ;
#6108 = COLOUR_RGB ( '',1.000000000000000000, 1.000000000000000000, 0.0000000000000000000 ) ;
#6109 = CARTESIAN_POINT ( 'NONE',  ( -8.000000000000000000, 0.0000000000000000000, 0.0000000000000000000 ) ) ;
#6110 =( BOUNDED_CURVE ( )  B_SPLINE_CURVE ( 3, ( #1446, #9311, #725, #57 ),
 .UNSPECIFIED., .F., .F. ) 
 B_SPLINE_CURVE_WITH_KNOTS ( ( 4, 4 ),
 ( 0.0000000000000000000, 1.000000000000000000 ),
 .UNSPECIFIED. ) 
 CURVE ( )  GEOMETRIC_REPRESENTATION_ITEM ( )  RATIONAL_B_SPLINE_CURVE ( ( 1.000000000000000000, 0.3333333333333330373, 0.3333333333333330373, 1.000000000000000000 ) ) 
 REPRESENTATION_ITEM ( '' )  );
#6111 = FACE_OUTER_BOUND ( 'NONE', #8700, .T. ) ;
#6112 = ORIENTED_EDGE ( 'NONE', *, *, #4064, .T. ) ;
#6113 = LINE ( 'NONE', #5241, #2729 ) ;
#6114 = LINE ( 'NONE', #2995, #2240 ) ;
#6115 = VERTEX_POINT ( 'NONE', #1599 ) ;
#6116 = EDGE_CURVE ( 'NONE', #3721, #4907, #4018, .T. ) ;
#6117 = CARTESIAN_POINT ( 'NONE',  ( 2.863034732109268621, -2.354278392522343388, 3.100000000000000977 ) ) ;
#6118 = EDGE_CURVE ( 'NONE', #9306, #4136, #826, .T. ) ;
#6119 = DIRECTION ( 'NONE',  ( -1.224646799147353207E-16, -1.000000000000000000, 0.0000000000000000000 ) ) ;
#6120 = LINE ( 'NONE', #2246, #9754 ) ;
#6121 = ORIENTED_EDGE ( 'NONE', *, *, #9412, .T. ) ;
#6122 = CARTESIAN_POINT ( 'NONE',  ( 4.293096055254888022, -4.158213973213698011, 3.100000000000619593 ) ) ;
#6123 = FACE_OUTER_BOUND ( 'NONE', #8225, .T. ) ;
#6124 = DIRECTION ( 'NONE',  ( -0.9999980099685649160, -0.001995008498690428733, 0.0000000000000000000 ) ) ;
#6125 = ORIENTED_EDGE ( 'NONE', *, *, #8358, .F. ) ;
#6126 = EDGE_CURVE ( 'NONE', #2881, #5673, #3862, .T. ) ;
#6127 = CARTESIAN_POINT ( 'NONE',  ( 7.500000000000000000, 3.000000000000000000, 1.000000000000000000 ) ) ;
#6128 = ORIENTED_EDGE ( 'NONE', *, *, #1854, .F. ) ;
#6129 = CARTESIAN_POINT ( 'NONE',  ( 4.768899931271553427, -6.214948233198225758, 3.199999999999998845 ) ) ;
#6130 = EDGE_CURVE ( 'NONE', #3373, #1781, #5273, .T. ) ;
#6131 = EDGE_CURVE ( 'NONE', #6836, #4687, #8657, .T. ) ;
#6132 = PRESENTATION_STYLE_ASSIGNMENT (( #3871 ) ) ;
#6133 = CARTESIAN_POINT ( 'NONE',  ( 2.990579462359585605, -5.239584639075806294, 3.100000000000094236 ) ) ;
#6134 = CARTESIAN_POINT ( 'NONE',  ( 4.335425805669339994, -6.234306844752435239, 3.100000000000000977 ) ) ;
#6135 = CARTESIAN_POINT ( 'NONE',  ( 4.182961556093556688, -5.660286344991731333, 3.200000000000000178 ) ) ;
#6136 = CARTESIAN_POINT ( 'NONE',  ( 3.019173477510786352, -5.818673143561658989, 3.200000000000001066 ) ) ;
#6137 = FACE_OUTER_BOUND ( 'NONE', #2725, .T. ) ;
#6138 = DIRECTION ( 'NONE',  ( 0.0000000000000000000, -1.000000000000000000, -0.0000000000000000000 ) ) ;
#6139 = PRESENTATION_STYLE_ASSIGNMENT (( #10038 ) ) ;
#6140 = ORIENTED_EDGE ( 'NONE', *, *, #7936, .T. ) ;
#6141 =( GEOMETRIC_REPRESENTATION_CONTEXT ( 3 ) GLOBAL_UNCERTAINTY_ASSIGNED_CONTEXT ( ( #9837 ) ) GLOBAL_UNIT_ASSIGNED_CONTEXT ( ( #4997, #2099, #9687 ) ) REPRESENTATION_CONTEXT ( 'NONE', 'WORKASPACE' ) );
#6142 = CARTESIAN_POINT ( 'NONE',  ( 2.821370948236383569, -5.117340763990642749, 3.199999999999995293 ) ) ;
#6143 = CARTESIAN_POINT ( 'NONE',  ( 3.322049718994255940, -4.101235326237952172, 3.200000000000001510 ) ) ;
#6144 = CARTESIAN_POINT ( 'NONE',  ( 4.761055411608076327, -6.127822001605750302, 3.199999999999999734 ) ) ;
#6145 = VECTOR ( 'NONE', #5650, 1000.000000000000000 ) ;
#6146 = CARTESIAN_POINT ( 'NONE',  ( 3.097204001767567938, -6.679130474798892436, 3.200000000000000622 ) ) ;
#6147 = CARTESIAN_POINT ( 'NONE',  ( 3.722540425514480056, -2.173229369901434449, 3.100000000000000089 ) ) ;
#6148 = CARTESIAN_POINT ( 'NONE',  ( 2.680134382049636610, -1.402506273696920713, 3.200000000000000178 ) ) ;
#6149 = EDGE_LOOP ( 'NONE', ( #9455, #1504, #3577, #1197 ) ) ;
#6150 = EDGE_LOOP ( 'NONE', ( #9198, #5443, #35, #2517 ) ) ;
#6151 = CARTESIAN_POINT ( 'NONE',  ( 4.028950070059982735, -5.357335314839879459, 3.199999999999999734 ) ) ;
#6152 = VERTEX_POINT ( 'NONE', #2502 ) ;
#6153 = MECHANICAL_DESIGN_GEOMETRIC_PRESENTATION_REPRESENTATION (  '', ( #4518 ), #10037 ) ;
#6154 = B_SPLINE_SURFACE_WITH_KNOTS ( 'NONE', 3, 1, ( 
 ( #8888, #5018 ),
 ( #4168, #7326 ),
 ( #7275, #1793 ),
 ( #8131, #1218 ),
 ( #7376, #4871 ),
 ( #4311, #1022 ),
 ( #1889, #2717 ),
 ( #1164, #298 ),
 ( #3480, #6615 ),
 ( #6519, #9607 ),
 ( #2626, #5738 ),
 ( #8565, #2027 ),
 ( #4355, #8232 ),
 ( #5122, #1263 ),
 ( #6949, #3824 ) ),
 .UNSPECIFIED., .F., .F., .F.,
 ( 4, 1, 1, 1, 1, 1, 1, 1, 1, 1, 1, 1, 4 ),
 ( 2, 2 ),
 ( 0.0000000000000000000, 0.06408999938140158559, 0.1296525228007767150, 0.1981145961624287688, 0.2725151845516302629, 0.3510540446840494377, 0.4331083664295382607, 0.5201401174273851957, 0.6131028856800180282, 0.7096131844554847135, 0.8057099851616583708, 0.9021456337012997428, 1.000000000000000000 ),
 ( 0.0000000000000000000, 1.000000000000000000 ),
 .UNSPECIFIED. ) ;
#6155 = CARTESIAN_POINT ( 'NONE',  ( 8.000000000000000000, 7.000000000000000000, 1.000000000000000000 ) ) ;
#6156 = B_SPLINE_CURVE_WITH_KNOTS ( 'NONE', 3,
 ( #6603, #2806, #9643, #9695, #2056, #1920, #2857, #8271, #8920, #1303, #1968 ),
 .UNSPECIFIED., .F., .F.,
 ( 4, 1, 1, 1, 1, 1, 1, 1, 4 ),
 ( 0.0000000000000000000, 2.901216573776404102E-05, 7.228188385772990620E-05, 0.0001293597463141779981, 0.0002007039397005339315, 0.0002858690862829251509, 0.0003848524261120270999, 0.0004976575005762300802, 0.0006247302001592008359 ),
 .UNSPECIFIED. ) ;
#6157 = DIRECTION ( 'NONE',  ( -1.000000000000000000, 0.0000000000000000000, 0.0000000000000000000 ) ) ;
#6158 = CARTESIAN_POINT ( 'NONE',  ( 8.000000000000000000, -1.000000000000000000, 1.000000000000000000 ) ) ;
#6159 = CARTESIAN_POINT ( 'NONE',  ( 3.844038535327050088, -4.071263405269199609, 3.199999999999998845 ) ) ;
#6160 = CARTESIAN_POINT ( 'NONE',  ( 4.639685399336809013, -4.818077335597333644, 3.100000000000513900 ) ) ;
#6161 = STYLED_ITEM ( 'NONE', ( #18 ), #2014 ) ;
#6162 = CARTESIAN_POINT ( 'NONE',  ( 4.406338383121128466, 0.2695706714723888897, 3.199999999999997957 ) ) ;
#6163 =( LENGTH_UNIT ( ) NAMED_UNIT ( * ) SI_UNIT ( .MILLI., .METRE. ) );
#6164 = ORIENTED_EDGE ( 'NONE', *, *, #161, .F. ) ;
#6165 = FACE_BOUND ( 'NONE', #612, .T. ) ;
#6166 = UNCERTAINTY_MEASURE_WITH_UNIT (LENGTH_MEASURE( 1.000000000000000082E-05 ), #7408, 'distance_accuracy_value', 'NONE');
#6167 = SURFACE_STYLE_USAGE ( .BOTH. , #9212 ) ;
#6168 = VECTOR ( 'NONE', #9209, 1000.000000000000114 ) ;
#6169 = CARTESIAN_POINT ( 'NONE',  ( 3.914110862385413281, -0.2057282338499986374, 3.099999999999993872 ) ) ;
#6170 = ORIENTED_EDGE ( 'NONE', *, *, #4555, .T. ) ;
#6171 = SURFACE_STYLE_FILL_AREA ( #6893 ) ;
#6172 = CARTESIAN_POINT ( 'NONE',  ( 3.867272384408443564, -2.154197495321063638, 3.149999999999999911 ) ) ;
#6173 = DIRECTION ( 'NONE',  ( 0.0000000000000000000, 0.0000000000000000000, 1.000000000000000000 ) ) ;
#6174 = VECTOR ( 'NONE', #6239, 1000.000000000000000 ) ;
#6175 = EDGE_CURVE ( 'NONE', #846, #4132, #5604, .T. ) ;
#6176 = ORIENTED_EDGE ( 'NONE', *, *, #4128, .F. ) ;
#6177 = CARTESIAN_POINT ( 'NONE',  ( 4.440092367585398492, -6.748154200627613619, 3.200000000000001954 ) ) ;
#6178 = ORIENTED_EDGE ( 'NONE', *, *, #9412, .F. ) ;
#6179 = CARTESIAN_POINT ( 'NONE',  ( 4.551310640878503122, -5.772105758826731936, 3.199999999999998401 ) ) ;
#6180 = AXIS2_PLACEMENT_3D ( 'NONE', #7700, #9316, #6079 ) ;
#6181 = DIRECTION ( 'NONE',  ( 1.000000000000000000, 0.0000000000000000000, 0.0000000000000000000 ) ) ;
#6182 = CARTESIAN_POINT ( 'NONE',  ( 3.723825462961914745, 0.7127005927504495020, 3.100000000000000533 ) ) ;
#6183 = EDGE_CURVE ( 'NONE', #8595, #2389, #10022, .T. ) ;
#6184 = LINE ( 'NONE', #2261, #1733 ) ;
#6185 = CARTESIAN_POINT ( 'NONE',  ( -5.660129399252187277, 6.428442434713766751, 2.000000000000000444 ) ) ;
#6186 = DIRECTION ( 'NONE',  ( 0.001880579655305065264, -0.9999982317085165384, 0.0000000000000000000 ) ) ;
#6187 = DIRECTION ( 'NONE',  ( -0.0000000000000000000, -0.0000000000000000000, 1.000000000000000000 ) ) ;
#6188 = ADVANCED_FACE ( 'NONE', ( #5401 ), #6417, .T. ) ;
#6189 = ADVANCED_FACE ( 'NONE', ( #8145 ), #4129, .T. ) ;
#6190 = EDGE_LOOP ( 'NONE', ( #1210, #817, #7894, #3240 ) ) ;
#6191 = STYLED_ITEM ( 'NONE', ( #4575 ), #5051 ) ;
#6192 = AXIS2_PLACEMENT_3D ( 'NONE', #9950, #4557, #6911 ) ;
#6193 = SURFACE_SIDE_STYLE ('',( #7014 ) ) ;
#6194 = VECTOR ( 'NONE', #7673, 1000.000000000000000 ) ;
#6195 = CARTESIAN_POINT ( 'NONE',  ( 2.920584548849317397, -1.551304873958531338, 3.200000000000001066 ) ) ;
#6196 = CARTESIAN_POINT ( 'NONE',  ( 4.769305144745993097, -6.232807385166426961, 3.200000000000000622 ) ) ;
#6197 = VECTOR ( 'NONE', #4863, 1000.000000000000000 ) ;
#6198 = CARTESIAN_POINT ( 'NONE',  ( 3.091526940982243676, -6.652903056985038255, 3.100000000000000533 ) ) ;
#6199 = CARTESIAN_POINT ( 'NONE',  ( 2.667206088389279195, -1.312858217765184632, 3.100000000000047162 ) ) ;
#6200 = DIRECTION ( 'NONE',  ( -0.0000000000000000000, -0.0000000000000000000, -1.000000000000000000 ) ) ;
#6201 = ORIENTED_EDGE ( 'NONE', *, *, #526, .F. ) ;
#6202 = ORIENTED_EDGE ( 'NONE', *, *, #827, .F. ) ;
#6203 = DIRECTION ( 'NONE',  ( 0.0000000000000000000, 0.0000000000000000000, 1.000000000000000000 ) ) ;
#6204 = DIRECTION ( 'NONE',  ( 0.0000000000000000000, 0.0000000000000000000, 1.000000000000000000 ) ) ;
#6205 = ORIENTED_EDGE ( 'NONE', *, *, #9393, .T. ) ;
#6206 = MECHANICAL_DESIGN_GEOMETRIC_PRESENTATION_REPRESENTATION (  '', ( #9616 ), #8807 ) ;
#6207 = CARTESIAN_POINT ( 'NONE',  ( 3.206465389440453340, -4.131460653579368092, 3.200000000000000178 ) ) ;
#6208 = DIRECTION ( 'NONE',  ( -0.002033549430272321625, 0.9999979323362196970, 0.0000000000000000000 ) ) ;
#6209 = CARTESIAN_POINT ( 'NONE',  ( 3.043716028331602708, 1.325070198687567480, 3.100000000000000977 ) ) ;
#6210 = CARTESIAN_POINT ( 'NONE',  ( 4.076134736181847629, -4.100912267701843916, 3.100000000000000977 ) ) ;
#6211 = CYLINDRICAL_SURFACE ( 'NONE', #8305, 0.5000000000000004441 ) ;
#6212 = CARTESIAN_POINT ( 'NONE',  ( -2.000000000000000888, 5.000000000000000000, 3.117157287525381459 ) ) ;
#6213 = VECTOR ( 'NONE', #7549, 1000.000000000000000 ) ;
#6214 = EDGE_LOOP ( 'NONE', ( #6270, #1527, #7854, #7731, #7402, #6865, #6965, #10013, #108, #4414, #255, #3448, #3420, #6399 ) ) ;
#6215 = CARTESIAN_POINT ( 'NONE',  ( -5.011792873543974736, 6.820462724888163741, 1.200000000000000178 ) ) ;
#6216 = CARTESIAN_POINT ( 'NONE',  ( 3.237677595680507281, -2.813389382451740861, 3.100000000000000977 ) ) ;
#6217 = ORIENTED_EDGE ( 'NONE', *, *, #1596, .T. ) ;
#6218 =( GEOMETRIC_REPRESENTATION_CONTEXT ( 3 ) GLOBAL_UNCERTAINTY_ASSIGNED_CONTEXT ( ( #10028 ) ) GLOBAL_UNIT_ASSIGNED_CONTEXT ( ( #3197, #931, #3347 ) ) REPRESENTATION_CONTEXT ( 'NONE', 'WORKASPACE' ) );
#6219 = CARTESIAN_POINT ( 'NONE',  ( 3.698949194975115873, -1.463261269376415541, 3.099999999999624389 ) ) ;
#6220 = CARTESIAN_POINT ( 'NONE',  ( 2.667977101273387497, -2.009370916382699601, 3.199999999999998845 ) ) ;
#6221 =( NAMED_UNIT ( * ) PLANE_ANGLE_UNIT ( ) SI_UNIT ( $, .RADIAN. ) );
#6222 = CARTESIAN_POINT ( 'NONE',  ( 3.792808978092887529, -0.1062324017491729361, 3.099999999998142464 ) ) ;
#6223 = EDGE_LOOP ( 'NONE', ( #406, #3770, #4094, #4650 ) ) ;
#6224 = AXIS2_PLACEMENT_3D ( 'NONE', #5704, #8012, #310 ) ;
#6225 = CARTESIAN_POINT ( 'NONE',  ( 4.182961556093555799, -5.660286344991730445, 3.100000000001246647 ) ) ;
#6226 = PRESENTATION_STYLE_ASSIGNMENT (( #4785 ) ) ;
#6227 = DIRECTION ( 'NONE',  ( 0.0000000000000000000, -1.000000000000000000, -0.0000000000000000000 ) ) ;
#6228 = VERTEX_POINT ( 'NONE', #8902 ) ;
#6229 = SURFACE_STYLE_FILL_AREA ( #10 ) ;
#6230 = ORIENTED_EDGE ( 'NONE', *, *, #9953, .T. ) ;
#6231 = CARTESIAN_POINT ( 'NONE',  ( 4.769305144745993097, -6.232807385166426961, 3.200000000000000622 ) ) ;
#6232 = STYLED_ITEM ( 'NONE', ( #5462 ), #7497 ) ;
#6233 = CARTESIAN_POINT ( 'NONE',  ( -6.800000000000000711, -9.073938182032529720E-16, 3.199999999999999734 ) ) ;
#6234 = SURFACE_STYLE_FILL_AREA ( #6766 ) ;
#6235 = SURFACE_SIDE_STYLE ('',( #4842 ) ) ;
#6236 = PLANE ( 'NONE',  #3008 ) ;
#6237 =( NAMED_UNIT ( * ) SI_UNIT ( $, .STERADIAN. ) SOLID_ANGLE_UNIT ( ) );
#6238 = CARTESIAN_POINT ( 'NONE',  ( 4.048303180600754558, -6.357210321466068237, 3.099999999999865530 ) ) ;
#6239 = DIRECTION ( 'NONE',  ( 0.0000000000000000000, -1.000000000000000000, -0.0000000000000000000 ) ) ;
#6240 = ORIENTED_EDGE ( 'NONE', *, *, #1600, .F. ) ;
#6241 = VECTOR ( 'NONE', #152, 1000.000000000000000 ) ;
#6242 = B_SPLINE_CURVE_WITH_KNOTS ( 'NONE', 3,
 ( #3148, #2551, #9359, #1805, #4892, #3348, #8950, #9769, #9622, #8144, #1944 ),
 .UNSPECIFIED., .F., .F.,
 ( 4, 1, 1, 1, 1, 1, 1, 1, 4 ),
 ( 0.0000000000000000000, 4.295455634433125635E-05, 8.297377087419700208E-05, 0.0001200964723687046679, 0.0001553847726452959438, 0.0001881293245424270181, 0.0002185437337716383919, 0.0002472884644145911153, 0.0002743966037375429709 ),
 .UNSPECIFIED. ) ;
#6243 = EDGE_CURVE ( 'NONE', #5647, #4465, #7244, .T. ) ;
#6244 = CARTESIAN_POINT ( 'NONE',  ( 8.000000000000000000, -7.000000000000000000, 2.200000000000000178 ) ) ;
#6245 = ADVANCED_FACE ( 'NONE', ( #9522 ), #2552, .T. ) ;
#6246 = EDGE_CURVE ( 'NONE', #4726, #7039, #267, .T. ) ;
#6247 = PRESENTATION_LAYER_ASSIGNMENT (  '', '', ( #7871 ) ) ;
#6248 = CARTESIAN_POINT ( 'NONE',  ( 4.762846095682370162, -4.809263319045858687, 3.099999999999856204 ) ) ;
#6249 = CARTESIAN_POINT ( 'NONE',  ( 3.681336812949838944, -4.065915020475253883, 3.200000000000000178 ) ) ;
#6250 = LINE ( 'NONE', #9333, #7296 ) ;
#6251 = CARTESIAN_POINT ( 'NONE',  ( 4.617257111490873811, -4.839085957907438562, 3.199999999999999734 ) ) ;
#6252 = ORIENTED_EDGE ( 'NONE', *, *, #8607, .T. ) ;
#6253 = CARTESIAN_POINT ( 'NONE',  ( 4.575921430314699556, 0.4381370929810975423, 3.099999999999997868 ) ) ;
#6254 = VERTEX_POINT ( 'NONE', #8816 ) ;
#6255 = CARTESIAN_POINT ( 'NONE',  ( 2.870700746567605766, -5.162529137737673857, 3.199999999999998401 ) ) ;
#6256 = CARTESIAN_POINT ( 'NONE',  ( 2.754334287620249455, -4.729843236067249990, 3.100000000000000977 ) ) ;
#6257 = ORIENTED_EDGE ( 'NONE', *, *, #1521, .T. ) ;
#6258 =( GEOMETRIC_REPRESENTATION_CONTEXT ( 3 ) GLOBAL_UNCERTAINTY_ASSIGNED_CONTEXT ( ( #7791 ) ) GLOBAL_UNIT_ASSIGNED_CONTEXT ( ( #5244, #7593, #4176 ) ) REPRESENTATION_CONTEXT ( 'NONE', 'WORKASPACE' ) );
#6259 = EDGE_CURVE ( 'NONE', #4313, #4159, #9160, .T. ) ;
#6260 = CARTESIAN_POINT ( 'NONE',  ( 3.277361686471432112, -6.831189967654309747, 3.100000000000183942 ) ) ;
#6261 = B_SPLINE_CURVE_WITH_KNOTS ( 'NONE', 3,
 ( #216, #3306, #2595, #5703, #8813, #1331, #6672 ),
 .UNSPECIFIED., .F., .F.,
 ( 4, 1, 1, 1, 4 ),
 ( 0.0000000000000000000, 6.092538476922906864E-05, 0.0001132451758792523962, 0.0001581106005433409022, 0.0001978365841724800912 ),
 .UNSPECIFIED. ) ;
#6262 = CARTESIAN_POINT ( 'NONE',  ( 3.792808978092887529, -0.1062324017491729361, 3.150000000000000355 ) ) ;
#6263 = CARTESIAN_POINT ( 'NONE',  ( 3.246149480231378170, -1.485810393123346174, 3.100000000000014300 ) ) ;
#6264 = EDGE_CURVE ( 'NONE', #4672, #1083, #6834, .T. ) ;
#6265 = CARTESIAN_POINT ( 'NONE',  ( 3.533979624123524399, -1.250322877279335776, 3.100000000000000533 ) ) ;
#6266 = SURFACE_STYLE_FILL_AREA ( #1021 ) ;
#6267 =( NAMED_UNIT ( * ) PLANE_ANGLE_UNIT ( ) SI_UNIT ( $, .RADIAN. ) );
#6268 = CIRCLE ( 'NONE', #7892, 0.5000000000000004441 ) ;
#6269 = SURFACE_STYLE_FILL_AREA ( #7784 ) ;
#6270 = ORIENTED_EDGE ( 'NONE', *, *, #6814, .F. ) ;
#6271 = DIRECTION ( 'NONE',  ( 0.0000000000000000000, 0.0000000000000000000, 1.000000000000000000 ) ) ;
#6272 = CARTESIAN_POINT ( 'NONE',  ( 8.000000000000000000, 5.000000000000000000, 1.000000000000000000 ) ) ;
#6273 = ORIENTED_EDGE ( 'NONE', *, *, #2563, .F. ) ;
#6274 = STYLED_ITEM ( 'NONE', ( #3874 ), #9587 ) ;
#6275 = CARTESIAN_POINT ( 'NONE',  ( 4.465270775552443894, -5.215673567031337221, 3.199999999999999734 ) ) ;
#6276 = CARTESIAN_POINT ( 'NONE',  ( 3.137352647051763643, -5.297905389636225593, 3.099999999999908162 ) ) ;
#6277 = CARTESIAN_POINT ( 'NONE',  ( 3.479050372330695140, -4.522073800839402580, 3.100000000000000977 ) ) ;
#6278 = CARTESIAN_POINT ( 'NONE',  ( 7.000000000000000888, 8.000000000000000000, 1.200000000000000178 ) ) ;
#6279 = CARTESIAN_POINT ( 'NONE',  ( 3.563788658827431455, -1.139899608220360960, 3.199999999999998845 ) ) ;
#6280 = COLOUR_RGB ( '',1.000000000000000000, 1.000000000000000000, 0.0000000000000000000 ) ;
#6281 = LINE ( 'NONE', #7851, #8143 ) ;
#6282 = CARTESIAN_POINT ( 'NONE',  ( 2.919758980692532813, -1.582568232467511882, 3.200000000000000178 ) ) ;
#6283 = SURFACE_STYLE_USAGE ( .BOTH. , #4896 ) ;
#6284 = ORIENTED_EDGE ( 'NONE', *, *, #9275, .F. ) ;
#6285 = UNCERTAINTY_MEASURE_WITH_UNIT (LENGTH_MEASURE( 1.000000000000000082E-05 ), #9425, 'distance_accuracy_value', 'NONE');
#6286 = CARTESIAN_POINT ( 'NONE',  ( 3.867272384408443564, -2.154197495321063638, 3.100000000000000977 ) ) ;
#6287 = CARTESIAN_POINT ( 'NONE',  ( 2.689234543176708847, -0.5877921551671416722, 3.100000000000000977 ) ) ;
#6288 = FACE_OUTER_BOUND ( 'NONE', #5596, .T. ) ;
#6289 = CARTESIAN_POINT ( 'NONE',  ( 4.429656558014923640, -4.902362045279051728, 3.100000000000052935 ) ) ;
#6290 = DIRECTION ( 'NONE',  ( -0.9999989737374276322, -0.001432663286156705355, 0.0000000000000000000 ) ) ;
#6291 = LINE ( 'NONE', #4334, #1891 ) ;
#6292 = PLANE ( 'NONE',  #793 ) ;
#6293 = CARTESIAN_POINT ( 'NONE',  ( 4.375106062710619526, -6.179662245097006235, 3.100000000000821654 ) ) ;
#6294 = SURFACE_STYLE_USAGE ( .BOTH. , #696 ) ;
#6295 = ORIENTED_EDGE ( 'NONE', *, *, #1039, .T. ) ;
#6296 = DIRECTION ( 'NONE',  ( -1.000000000000000000, 0.0000000000000000000, 0.0000000000000000000 ) ) ;
#6297 = CARTESIAN_POINT ( 'NONE',  ( 3.825579334200544412, -1.415070321251965746, 3.099999999999743405 ) ) ;
#6298 = DIRECTION ( 'NONE',  ( 0.0000000000000000000, -1.000000000000000000, -0.0000000000000000000 ) ) ;
#6299 = CARTESIAN_POINT ( 'NONE',  ( 4.507188239288796971, -5.188393862647623145, 3.099999999999853539 ) ) ;
#6300 = CARTESIAN_POINT ( 'NONE',  ( 3.923011459736882589, -4.078322064690620863, 3.200000000000004619 ) ) ;
#6301 = DIRECTION ( 'NONE',  ( -0.0000000000000000000, 1.000000000000000000, 0.0000000000000000000 ) ) ;
#6302 = DIRECTION ( 'NONE',  ( 0.0000000000000000000, 0.0000000000000000000, 1.000000000000000000 ) ) ;
#6303 = ORIENTED_EDGE ( 'NONE', *, *, #4130, .T. ) ;
#6304 = EDGE_CURVE ( 'NONE', #6611, #2155, #4299, .T. ) ;
#6305 =( GEOMETRIC_REPRESENTATION_CONTEXT ( 3 ) GLOBAL_UNCERTAINTY_ASSIGNED_CONTEXT ( ( #595 ) ) GLOBAL_UNIT_ASSIGNED_CONTEXT ( ( #6691, #2795, #3456 ) ) REPRESENTATION_CONTEXT ( 'NONE', 'WORKASPACE' ) );
#6306 = CARTESIAN_POINT ( 'NONE',  ( 2.083206147703078770, 4.869646352943379775, 3.200000000000000178 ) ) ;
#6307 = EDGE_LOOP ( 'NONE', ( #3538, #8690, #9122, #4613 ) ) ;
#6308 = DIRECTION ( 'NONE',  ( 0.0000000000000000000, -1.000000000000000000, -0.0000000000000000000 ) ) ;
#6309 = EDGE_CURVE ( 'NONE', #4000, #7882, #5294, .T. ) ;
#6310 = CARTESIAN_POINT ( 'NONE',  ( 3.948693736415206157, -1.373598374677317047, 3.200000000000003730 ) ) ;
#6311 = ORIENTED_EDGE ( 'NONE', *, *, #6810, .T. ) ;
#6312 = CARTESIAN_POINT ( 'NONE',  ( 2.908191271703284730, -2.315005992107765920, 3.100000000000000977 ) ) ;
#6313 = DIRECTION ( 'NONE',  ( -0.0000000000000000000, -0.0000000000000000000, -1.000000000000000000 ) ) ;
#6314 = CARTESIAN_POINT ( 'NONE',  ( 7.499999999999999112, -7.000000000000000000, 0.0000000000000000000 ) ) ;
#6315 = CARTESIAN_POINT ( 'NONE',  ( 4.624662727697002929, -4.832149102320559386, 3.100000000000000977 ) ) ;
#6316 = LINE ( 'NONE', #3961, #5371 ) ;
#6317 = EDGE_CURVE ( 'NONE', #8751, #7855, #977, .T. ) ;
#6318 = VERTEX_POINT ( 'NONE', #2783 ) ;
#6319 = DIRECTION ( 'NONE',  ( -0.0000000000000000000, -0.0000000000000000000, -1.000000000000000000 ) ) ;
#6320 = AXIS2_PLACEMENT_3D ( 'NONE', #5964, #478, #9007 ) ;
#6321 = EDGE_CURVE ( 'NONE', #6522, #2630, #5142, .T. ) ;
#6322 = ORIENTED_EDGE ( 'NONE', *, *, #1537, .T. ) ;
#6323 = ADVANCED_FACE ( 'NONE', ( #2040 ), #8036, .T. ) ;
#6324 = CARTESIAN_POINT ( 'NONE',  ( 3.867272384408443564, -2.154197495321063638, 3.199999999999999734 ) ) ;
#6325 = CARTESIAN_POINT ( 'NONE',  ( 4.597161103527956705, -4.586660878441447764, 3.100000000000595612 ) ) ;
#6326 = FILL_AREA_STYLE_COLOUR ( '', #5724 ) ;
#6327 = VERTEX_POINT ( 'NONE', #6306 ) ;
#6328 = CARTESIAN_POINT ( 'NONE',  ( 3.031527665105265612, 0.8465240924424974889, 3.200000000000005951 ) ) ;
#6329 = CARTESIAN_POINT ( 'NONE',  ( 7.000000000000000888, -8.000000000000000000, 3.000000000000000000 ) ) ;
#6330 = VERTEX_POINT ( 'NONE', #7072 ) ;
#6331 = VECTOR ( 'NONE', #2050, 1000.000000000000000 ) ;
#6332 = CARTESIAN_POINT ( 'NONE',  ( 4.252495744081506324, -5.305382717938861070, 3.099999999999946798 ) ) ;
#6333 = ORIENTED_EDGE ( 'NONE', *, *, #2623, .F. ) ;
#6334 = CARTESIAN_POINT ( 'NONE',  ( 2.780231788656412295, -4.822664572959793006, 3.100000000000568967 ) ) ;
#6335 = DIRECTION ( 'NONE',  ( 0.0000000000000000000, 1.000000000000000000, -0.0000000000000000000 ) ) ;
#6336 = CARTESIAN_POINT ( 'NONE',  ( 3.179452533278573245, -4.139754579196964102, 3.099999999999591971 ) ) ;
#6337 = CARTESIAN_POINT ( 'NONE',  ( 4.629296105326321964, -4.614803961639624141, 3.100000000000077360 ) ) ;
#6338 = FILL_AREA_STYLE_COLOUR ( '', #5409 ) ;
#6339 = CARTESIAN_POINT ( 'NONE',  ( 2.666494221487527128, -1.295415935059019752, 3.200000000000000178 ) ) ;
#6340 = CARTESIAN_POINT ( 'NONE',  ( 2.806224775495019141, -0.4329693501223990104, 3.100000000000000977 ) ) ;
#6341 = CARTESIAN_POINT ( 'NONE',  ( 3.675851777028785072, 0.09804581760100099241, 3.100000000000000977 ) ) ;
#6342 = CARTESIAN_POINT ( 'NONE',  ( 4.597770803909225101, 1.359632717545109060, 3.200000000000001066 ) ) ;
#6343 = ORIENTED_EDGE ( 'NONE', *, *, #6796, .T. ) ;
#6344 = DIRECTION ( 'NONE',  ( -1.000000000000000000, 0.0000000000000000000, -0.0000000000000000000 ) ) ;
#6345 = VECTOR ( 'NONE', #3550, 1000.000000000000000 ) ;
#6346 = CARTESIAN_POINT ( 'NONE',  ( 4.048303180600754558, -6.357210321466068237, 3.199999999999999734 ) ) ;
#6347 = FILL_AREA_STYLE_COLOUR ( '', #9105 ) ;
#6348 = CARTESIAN_POINT ( 'NONE',  ( 4.702256001433156030, -4.975849811380870236, 3.099999999999854872 ) ) ;
#6349 = DIRECTION ( 'NONE',  ( -0.0000000000000000000, 1.000000000000000000, 0.0000000000000000000 ) ) ;
#6350 = FACE_OUTER_BOUND ( 'NONE', #6832, .T. ) ;
#6351 = DIRECTION ( 'NONE',  ( 1.000000000000000000, 1.084202172485504434E-16, -0.0000000000000000000 ) ) ;
#6352 = CARTESIAN_POINT ( 'NONE',  ( 4.181635937649142321, -0.2672681772008105305, 3.199999999999988631 ) ) ;
#6353 = VECTOR ( 'NONE', #6948, 1000.000000000000000 ) ;
#6354 = ORIENTED_EDGE ( 'NONE', *, *, #9662, .F. ) ;
#6355 = PRESENTATION_LAYER_ASSIGNMENT (  '', '', ( #7011 ) ) ;
#6356 = DIRECTION ( 'NONE',  ( -0.0000000000000000000, -0.0000000000000000000, 1.000000000000000000 ) ) ;
#6357 = ORIENTED_EDGE ( 'NONE', *, *, #1147, .T. ) ;
#6358 = DIRECTION ( 'NONE',  ( 0.002033549430271827663, -0.9999979323362196970, 0.0000000000000000000 ) ) ;
#6359 = CARTESIAN_POINT ( 'NONE',  ( 3.790495948468780796, -5.381529102800112874, 3.100000000000000533 ) ) ;
#6360 = ORIENTED_EDGE ( 'NONE', *, *, #3937, .T. ) ;
#6361 = CARTESIAN_POINT ( 'NONE',  ( 2.955209867642156318, -2.178133683751636962, 3.199999999999999734 ) ) ;
#6362 = UNCERTAINTY_MEASURE_WITH_UNIT (LENGTH_MEASURE( 1.000000000000000082E-05 ), #7843, 'distance_accuracy_value', 'NONE');
#6363 = CARTESIAN_POINT ( 'NONE',  ( 3.055007560635553343, -4.183679789242328972, 3.200000000000000622 ) ) ;
#6364 = AXIS2_PLACEMENT_3D ( 'NONE', #9156, #3802, #2188 ) ;
#6365 = ADVANCED_FACE ( 'NONE', ( #4809 ), #7928, .T. ) ;
#6366 = CARTESIAN_POINT ( 'NONE',  ( -8.000000000000000000, -7.500000000000002665, 1.000000000000000000 ) ) ;
#6367 = CARTESIAN_POINT ( 'NONE',  ( 3.545703768148171786, -1.178379394564059934, 3.200000000000000178 ) ) ;
#6368 = DIRECTION ( 'NONE',  ( -0.0000000000000000000, -0.0000000000000000000, -1.000000000000000000 ) ) ;
#6369 = CARTESIAN_POINT ( 'NONE',  ( 4.489176389382197208, -0.1593334308900931362, 3.199999999999996625 ) ) ;
#6370 = LINE ( 'NONE', #9453, #5705 ) ;
#6371 = CARTESIAN_POINT ( 'NONE',  ( 2.916637760068527818, -2.321405743035636071, 3.099999999999991651 ) ) ;
#6372 = ORIENTED_EDGE ( 'NONE', *, *, #4321, .T. ) ;
#6373 = CARTESIAN_POINT ( 'NONE',  ( 4.769305144745992209, -6.232807385166426073, 3.200000000000000622 ) ) ;
#6374 = MECHANICAL_DESIGN_GEOMETRIC_PRESENTATION_REPRESENTATION (  '', ( #346 ), #7506 ) ;
#6375 = CARTESIAN_POINT ( 'NONE',  ( -8.000000000000000000, 5.000000000000000000, 0.0000000000000000000 ) ) ;
#6376 = ORIENTED_EDGE ( 'NONE', *, *, #8911, .T. ) ;
#6377 = CARTESIAN_POINT ( 'NONE',  ( 4.739841372398581498, -4.893918897895198405, 3.199999999999999734 ) ) ;
#6378 = EDGE_CURVE ( 'NONE', #3371, #4638, #3950, .T. ) ;
#6379 = CARTESIAN_POINT ( 'NONE',  ( 2.876369388193840138, -1.760061888068835456, 3.100000000000000977 ) ) ;
#6380 = VECTOR ( 'NONE', #4332, 1000.000000000000114 ) ;
#6381 = VECTOR ( 'NONE', #9048, 1000.000000000000000 ) ;
#6382 = EDGE_CURVE ( 'NONE', #6747, #4465, #1012, .T. ) ;
#6383 = EDGE_CURVE ( 'NONE', #4737, #5004, #9440, .T. ) ;
#6384 = ORIENTED_EDGE ( 'NONE', *, *, #9092, .T. ) ;
#6385 = LINE ( 'NONE', #4831, #8474 ) ;
#6386 = CARTESIAN_POINT ( 'NONE',  ( 4.611815484963787348, 0.5770622246566193825, 3.199999999999999289 ) ) ;
#6387 = ORIENTED_EDGE ( 'NONE', *, *, #2519, .F. ) ;
#6388 = VERTEX_POINT ( 'NONE', #1067 ) ;
#6389 = CARTESIAN_POINT ( 'NONE',  ( 2.931803579672959792, -0.3303703716208747920, 3.200000000000000622 ) ) ;
#6390 = B_SPLINE_CURVE_WITH_KNOTS ( 'NONE', 3,
 ( #2865, #5221, #6955, #5365, #6040, #5269, #3781, #8381, #1418, #697, #8427 ),
 .UNSPECIFIED., .F., .F.,
 ( 4, 1, 1, 1, 1, 1, 1, 1, 4 ),
 ( 4.336808689942017736E-19, 5.641940798042136110E-05, 0.0001072390106376001293, 0.0001536394385680403746, 0.0001974416899554978951, 0.0002409958181575495818, 0.0002864161788162081549, 0.0003352787997621818790, 0.0003892024417179402790 ),
 .UNSPECIFIED. ) ;
#6391 = CIRCLE ( 'NONE', #8823, 0.5000000000000013323 ) ;
#6392 = EDGE_CURVE ( 'NONE', #5407, #9802, #3226, .T. ) ;
#6393 = CARTESIAN_POINT ( 'NONE',  ( 3.652354050012646347, 0.1844870049438971649, 3.100000000000000977 ) ) ;
#6394 = FACE_OUTER_BOUND ( 'NONE', #8089, .T. ) ;
#6395 = CARTESIAN_POINT ( 'NONE',  ( 2.758600806142278650, -0.5113664654229562734, 3.199999999999999734 ) ) ;
#6396 = LINE ( 'NONE', #2564, #5187 ) ;
#6397 = CARTESIAN_POINT ( 'NONE',  ( 3.652354050012646347, 0.1844870049438971649, 3.200000000000000178 ) ) ;
#6398 = CARTESIAN_POINT ( 'NONE',  ( 2.968666388611892248, -1.469634557140085729, 3.200000000000001066 ) ) ;
#6399 = ORIENTED_EDGE ( 'NONE', *, *, #1851, .F. ) ;
#6400 = COLOUR_RGB ( '',0.7529411764705882248, 0.7529411764705882248, 0.7529411764705882248 ) ;
#6401 = PRESENTATION_STYLE_ASSIGNMENT (( #7211 ) ) ;
#6402 = SURFACE_SIDE_STYLE ('',( #3327 ) ) ;
#6403 = CARTESIAN_POINT ( 'NONE',  ( -3.661792873543973759, 9.020462724888165695, 1.920000000000000151 ) ) ;
#6404 = SURFACE_STYLE_USAGE ( .BOTH. , #2321 ) ;
#6405 = PRESENTATION_STYLE_ASSIGNMENT (( #5680 ) ) ;
#6406 = SURFACE_STYLE_USAGE ( .BOTH. , #7978 ) ;
#6407 = CARTESIAN_POINT ( 'NONE',  ( -4.761792873543973847, 6.820462724888163741, 1.200000000000000178 ) ) ;
#6408 = MECHANICAL_DESIGN_GEOMETRIC_PRESENTATION_REPRESENTATION (  '', ( #3957 ), #1539 ) ;
#6409 = ORIENTED_EDGE ( 'NONE', *, *, #6063, .T. ) ;
#6410 = CARTESIAN_POINT ( 'NONE',  ( 4.421984937076855360, -4.537839270611010889, 3.199999999999982858 ) ) ;
#6411 = ORIENTED_EDGE ( 'NONE', *, *, #5690, .T. ) ;
#6412 = CARTESIAN_POINT ( 'NONE',  ( 2.659179361554323329, -4.849929195071108090, 3.199999999999999289 ) ) ;
#6413 = CARTESIAN_POINT ( 'NONE',  ( 4.415098881902261851, -6.030840880241902902, 3.200000000000000622 ) ) ;
#6414 = ORIENTED_EDGE ( 'NONE', *, *, #4047, .F. ) ;
#6415 = CARTESIAN_POINT ( 'NONE',  ( 4.768959347323075804, -4.736546566726886454, 3.100000000000000533 ) ) ;
#6416 = ADVANCED_FACE ( 'NONE', ( #5526 ), #2475, .T. ) ;
#6417 = B_SPLINE_SURFACE_WITH_KNOTS ( 'NONE', 3, 1, ( 
 ( #8507, #1554 ),
 ( #5755, #4942 ),
 ( #2597, #1858 ),
 ( #4985, #8862 ),
 ( #5032, #314 ),
 ( #9724, #1945 ),
 ( #3393, #3499 ) ),
 .UNSPECIFIED., .F., .F., .F.,
 ( 4, 1, 1, 1, 4 ),
 ( 2, 2 ),
 ( 0.0000000000000000000, 0.2364334144252496495, 0.4794881711827934101, 0.7331377156147182994, 0.9999999999999998890 ),
 ( 0.0000000000000000000, 1.000000000000000000 ),
 .UNSPECIFIED. ) ;
#6419 = AXIS2_PLACEMENT_3D ( 'NONE', #8447, #5531, #7685 ) ;
#6418 = CARTESIAN_POINT ( 'NONE',  ( 3.675601198448997131, -1.461876980976060336, 3.100000000000000977 ) ) ;
#6420 = CARTESIAN_POINT ( 'NONE',  ( 3.027576545172032674, -4.539316155563247079, 3.199999999999990408 ) ) ;
#6421 = CARTESIAN_POINT ( 'NONE',  ( 3.616682957166871049, 0.8479693318753206421, 3.100000000000000977 ) ) ;
#6422 = CARTESIAN_POINT ( 'NONE',  ( -4.761792873543973847, 6.820462724888163741, 2.000000000000000000 ) ) ;
#6423 = CARTESIAN_POINT ( 'NONE',  ( 4.129753170754054459, -4.916740995857633578, 3.199999999999999734 ) ) ;
#6424 = CARTESIAN_POINT ( 'NONE',  ( 3.475336251765485773, -1.756018921430095192, 3.100000000000022737 ) ) ;
#6425 = CARTESIAN_POINT ( 'NONE',  ( 4.630544313727260608, -5.849875148071030040, 3.100000000000000977 ) ) ;
#6426 = ORIENTED_EDGE ( 'NONE', *, *, #8663, .T. ) ;
#6427 = CARTESIAN_POINT ( 'NONE',  ( 2.569759633280001676, 5.757420958979704295, 3.100000000000000977 ) ) ;
#6428 = CARTESIAN_POINT ( 'NONE',  ( 3.914110862385413281, -0.2057282338499986374, 3.199999999999999289 ) ) ;
#6429 = CARTESIAN_POINT ( 'NONE',  ( 4.752665894819568138, -4.592938037189216338, 3.100000000000632028 ) ) ;
#6430 = CARTESIAN_POINT ( 'NONE',  ( 2.894343327039917924, -1.756910698751239508, 3.100000000000000977 ) ) ;
#6431 = FACE_OUTER_BOUND ( 'NONE', #1403, .T. ) ;
#6432 = CARTESIAN_POINT ( 'NONE',  ( 3.043716028331602708, 1.325070198687567480, 3.100000000000000977 ) ) ;
#6433 = EDGE_LOOP ( 'NONE', ( #9918, #8992, #7652, #1995 ) ) ;
#6434 = CARTESIAN_POINT ( 'NONE',  ( 3.618226773895201642, -1.078184339343281950, 3.199999999999998845 ) ) ;
#6435 = CARTESIAN_POINT ( 'NONE',  ( 3.429221030508524670, -1.456293145731938354, 3.100000000000000977 ) ) ;
#6436 = FILL_AREA_STYLE ('',( #4685 ) ) ;
#6437 = EDGE_LOOP ( 'NONE', ( #3692, #2160, #1758, #2404 ) ) ;
#6438 = LINE ( 'NONE', #885, #4606 ) ;
#6439 = EDGE_CURVE ( 'NONE', #4642, #3103, #6622, .T. ) ;
#6440 = EDGE_CURVE ( 'NONE', #5695, #10049, #5031, .T. ) ;
#6441 = CARTESIAN_POINT ( 'NONE',  ( 4.104053321215041628, -1.902968806779446354, 3.100000000000000089 ) ) ;
#6442 = CARTESIAN_POINT ( 'NONE',  ( 8.000000000000000000, -8.500000000000000000, 1.000000000000000000 ) ) ;
#6443 = AXIS2_PLACEMENT_3D ( 'NONE', #5112, #6090, #8424 ) ;
#6444 = DIRECTION ( 'NONE',  ( -0.9329360283287818634, 0.3600421739826024092, 0.0000000000000000000 ) ) ;
#6445 = FACE_OUTER_BOUND ( 'NONE', #3593, .T. ) ;
#6446 = FACE_OUTER_BOUND ( 'NONE', #8612, .T. ) ;
#6447 =( BOUNDED_CURVE ( )  B_SPLINE_CURVE ( 3, ( #659, #5421, #4562, #9195 ),
 .UNSPECIFIED., .F., .T. ) 
 B_SPLINE_CURVE_WITH_KNOTS ( ( 4, 4 ),
 ( 0.0000000000000000000, 1.570796326794896558 ),
 .UNSPECIFIED. ) 
 CURVE ( )  GEOMETRIC_REPRESENTATION_ITEM ( )  RATIONAL_B_SPLINE_CURVE ( ( 1.000000000000000000, 0.8047378541243649375, 0.8047378541243649375, 1.000000000000000000 ) ) 
 REPRESENTATION_ITEM ( '' )  );
#6448 = CARTESIAN_POINT ( 'NONE',  ( 2.799027285153980138, -0.4413515414032223583, 3.100000000000001421 ) ) ;
#6449 = CARTESIAN_POINT ( 'NONE',  ( 3.777625655202836441, -0.08762965470570655002, 3.200000000000000178 ) ) ;
#6450 = EDGE_CURVE ( 'NONE', #2901, #7815, #1652, .T. ) ;
#6451 = CARTESIAN_POINT ( 'NONE',  ( 3.735742593711724790, -5.382256747677341302, 3.199999999999997957 ) ) ;
#6452 = VERTEX_POINT ( 'NONE', #2666 ) ;
#6453 = EDGE_CURVE ( 'NONE', #9158, #8125, #1987, .T. ) ;
#6454 = EDGE_CURVE ( 'NONE', #4751, #2349, #9776, .T. ) ;
#6455 = DIRECTION ( 'NONE',  ( -0.0000000000000000000, -0.0000000000000000000, -1.000000000000000000 ) ) ;
#6456 = SURFACE_STYLE_USAGE ( .BOTH. , #6402 ) ;
#6457 =( LENGTH_UNIT ( ) NAMED_UNIT ( * ) SI_UNIT ( .MILLI., .METRE. ) );
#6458 = CARTESIAN_POINT ( 'NONE',  ( 3.744926743741544772, 0.5082560825942449290, 3.100000000000001865 ) ) ;
#6459 = CARTESIAN_POINT ( 'NONE',  ( 2.781242716925484526, 1.392639820444202314, 3.100000000000682210 ) ) ;
#6460 = CARTESIAN_POINT ( 'NONE',  ( 3.560974447514197117, -1.380359657729832046, 3.200000000000002842 ) ) ;
#6461 = CARTESIAN_POINT ( 'NONE',  ( 2.849436954937570654, 1.339504072911167132, 3.199999999999989075 ) ) ;
#6462 = FILL_AREA_STYLE_COLOUR ( '', #9346 ) ;
#6463 = ORIENTED_EDGE ( 'NONE', *, *, #7715, .T. ) ;
#6464 = CARTESIAN_POINT ( 'NONE',  ( 3.914090693768523810, -1.364082788787137179, 3.200000000000000178 ) ) ;
#6465 = ORIENTED_EDGE ( 'NONE', *, *, #8663, .F. ) ;
#6466 = CARTESIAN_POINT ( 'NONE',  ( 2.860455788836432145, -2.241591672793214141, 3.100000000000000977 ) ) ;
#6467 = CARTESIAN_POINT ( 'NONE',  ( 3.535292177942037650, -1.220854371110972725, 3.100000000000000533 ) ) ;
#6468 = CARTESIAN_POINT ( 'NONE',  ( -6.999999999999999112, -8.000000000000000000, 3.000000000000000000 ) ) ;
#6469 = SURFACE_SIDE_STYLE ('',( #250 ) ) ;
#6470 = PRESENTATION_LAYER_ASSIGNMENT (  '', '', ( #3035 ) ) ;
#6471 = CARTESIAN_POINT ( 'NONE',  ( 3.832641900575986860, -4.918496093054779195, 3.100000000000000533 ) ) ;
#6472 = CARTESIAN_POINT ( 'NONE',  ( 2.916637760068527818, -2.321405743035636071, 3.150000000000000799 ) ) ;
#6473 = DIRECTION ( 'NONE',  ( -0.0000000000000000000, -0.0000000000000000000, -1.000000000000000000 ) ) ;
#6474 = ORIENTED_EDGE ( 'NONE', *, *, #2375, .F. ) ;
#6475 = ORIENTED_EDGE ( 'NONE', *, *, #5689, .F. ) ;
#6476 = CARTESIAN_POINT ( 'NONE',  ( 4.766845282192222477, -6.307964602053428571, 3.100000000000000977 ) ) ;
#6477 = DIRECTION ( 'NONE',  ( -0.0000000000000000000, -0.0000000000000000000, -1.000000000000000000 ) ) ;
#6478 = CARTESIAN_POINT ( 'NONE',  ( 4.381234830703021110, 1.327845308952996684, 3.100000000000804778 ) ) ;
#6479 = VERTEX_POINT ( 'NONE', #4403 ) ;
#6480 = FACE_OUTER_BOUND ( 'NONE', #886, .T. ) ;
#6481 = CARTESIAN_POINT ( 'NONE',  ( 2.742741182445372239, 0.5630464777696894130, 3.200000000000000178 ) ) ;
#6482 =( NAMED_UNIT ( * ) SI_UNIT ( $, .STERADIAN. ) SOLID_ANGLE_UNIT ( ) );
#6483 = VECTOR ( 'NONE', #6358, 1000.000000000000000 ) ;
#6484 = CARTESIAN_POINT ( 'NONE',  ( -2.200000000000001066, 0.0000000000000000000, 1.000000000000000000 ) ) ;
#6485 = CARTESIAN_POINT ( 'NONE',  ( 4.406338383121128466, 0.2695706714723888897, 3.100000000000000977 ) ) ;
#6486 = VERTEX_POINT ( 'NONE', #9801 ) ;
#6487 = CARTESIAN_POINT ( 'NONE',  ( 3.081170675819667082, -6.456643492773666893, 3.100000000000000977 ) ) ;
#6488 = UNCERTAINTY_MEASURE_WITH_UNIT (LENGTH_MEASURE( 1.000000000000000082E-05 ), #5818, 'distance_accuracy_value', 'NONE');
#6489 = DIRECTION ( 'NONE',  ( -1.000000000000000000, 0.0000000000000000000, 0.0000000000000000000 ) ) ;
#6490 = COLOUR_RGB ( '',1.000000000000000000, 1.000000000000000000, 0.0000000000000000000 ) ;
#6491 = EDGE_CURVE ( 'NONE', #7060, #9924, #8124, .T. ) ;
#6492 = CARTESIAN_POINT ( 'NONE',  ( 4.571302908786099906, -4.866262122274940261, 3.100000000000052491 ) ) ;
#6493 = CARTESIAN_POINT ( 'NONE',  ( 2.569759633280001676, 5.757420958979705183, 3.100000000000000977 ) ) ;
#6494 = CARTESIAN_POINT ( 'NONE',  ( 3.063335129396779877, -4.914441141544138247, 3.200000000000148948 ) ) ;
#6495 = EDGE_CURVE ( 'NONE', #3721, #3258, #4349, .T. ) ;
#6496 = FILL_AREA_STYLE_COLOUR ( '', #975 ) ;
#6497 = CARTESIAN_POINT ( 'NONE',  ( 4.551310640878503122, -5.772105758826731936, 3.100000000000580069 ) ) ;
#6498 = LINE ( 'NONE', #7916, #9406 ) ;
#6499 = B_SPLINE_SURFACE_WITH_KNOTS ( 'NONE', 3, 1, ( 
 ( #5063, #3421 ),
 ( #7518, #2062 ),
 ( #8279, #6610 ),
 ( #5730, #6758 ),
 ( #554, #1155 ),
 ( #5012, #394 ),
 ( #8838, #3636 ) ),
 .UNSPECIFIED., .F., .F., .F.,
 ( 4, 1, 1, 1, 4 ),
 ( 2, 2 ),
 ( 0.0000000000000000000, 0.2008020093720626065, 0.4275822323108766643, 0.6920418686762583871, 0.9999999999999998890 ),
 ( 0.0000000000000000000, 1.000000000000000000 ),
 .UNSPECIFIED. ) ;
#6500 = EDGE_LOOP ( 'NONE', ( #2588, #6021, #2828, #8837 ) ) ;
#6501 =( LENGTH_UNIT ( ) NAMED_UNIT ( * ) SI_UNIT ( .MILLI., .METRE. ) );
#6502 = DIRECTION ( 'NONE',  ( 0.0000000000000000000, 1.000000000000000000, 0.0000000000000000000 ) ) ;
#6503 = ADVANCED_FACE ( 'NONE', ( #3473 ), #6499, .T. ) ;
#6504 = COLOUR_RGB ( '',0.2509803921568627416, 0.2509803921568627416, 0.2509803921568627416 ) ;
#6505 = SURFACE_SIDE_STYLE ('',( #6787 ) ) ;
#6506 = CARTESIAN_POINT ( 'NONE',  ( 0.1062067755494594673, 4.851300258385033537, 3.100000000000000977 ) ) ;
#6507 = EDGE_CURVE ( 'NONE', #8919, #3730, #2813, .T. ) ;
#6508 = CARTESIAN_POINT ( 'NONE',  ( 3.081071653837733404, -6.469575795542692020, 3.200000000000003730 ) ) ;
#6509 = EDGE_CURVE ( 'NONE', #2751, #5317, #5881, .T. ) ;
#6510 = FACE_OUTER_BOUND ( 'NONE', #5634, .T. ) ;
#6511 = ORIENTED_EDGE ( 'NONE', *, *, #1029, .T. ) ;
#6512 = CARTESIAN_POINT ( 'NONE',  ( 3.724142124364770101, -1.042597064514585892, 3.149999999999999911 ) ) ;
#6513 = ORIENTED_EDGE ( 'NONE', *, *, #284, .T. ) ;
#6514 = CARTESIAN_POINT ( 'NONE',  ( 2.929327484809535420, -2.180824927452645223, 3.100000000000000977 ) ) ;
#6515 = CARTESIAN_POINT ( 'NONE',  ( 2.990056455551926895, -2.177199188839851640, 3.099999999999848210 ) ) ;
#6516 = CARTESIAN_POINT ( 'NONE',  ( -5.694929958533824887, 8.686736894867857828, 2.000000000000000888 ) ) ;
#6517 =( NAMED_UNIT ( * ) PLANE_ANGLE_UNIT ( ) SI_UNIT ( $, .RADIAN. ) );
#6518 = MECHANICAL_DESIGN_GEOMETRIC_PRESENTATION_REPRESENTATION (  '', ( #6015 ), #1808 ) ;
#6519 = CARTESIAN_POINT ( 'NONE',  ( 4.084182836027210328, -1.367264825052097121, 3.100000000000000977 ) ) ;
#6520 = CARTESIAN_POINT ( 'NONE',  ( 4.200946287953959413, -4.915832968859155550, 3.200000000000000178 ) ) ;
#6521 = CARTESIAN_POINT ( 'NONE',  ( 8.000000000000000000, -7.000000000000000000, 0.0000000000000000000 ) ) ;
#6522 = VERTEX_POINT ( 'NONE', #9702 ) ;
#6523 = ORIENTED_EDGE ( 'NONE', *, *, #3051, .F. ) ;
#6524 = SURFACE_STYLE_FILL_AREA ( #553 ) ;
#6525 = CARTESIAN_POINT ( 'NONE',  ( 3.675851777028785072, 0.09804581760100099241, 3.199999999999997957 ) ) ;
#6526 = CARTESIAN_POINT ( 'NONE',  ( 4.450265848015511949, -4.226169883347555611, 3.100000000000631584 ) ) ;
#6527 = ORIENTED_EDGE ( 'NONE', *, *, #9327, .F. ) ;
#6528 = VECTOR ( 'NONE', #6302, 1000.000000000000000 ) ;
#6529 = B_SPLINE_CURVE_WITH_KNOTS ( 'NONE', 3,
 ( #2695, #1953, #6733, #4331, #1187, #4283, #5855 ),
 .UNSPECIFIED., .F., .F.,
 ( 4, 1, 1, 1, 4 ),
 ( 0.0000000000000000000, 2.260217657559765081E-05, 4.205407743295201900E-05, 6.029717720136143564E-05, 7.791333187750830132E-05 ),
 .UNSPECIFIED. ) ;
#6530 =( GEOMETRIC_REPRESENTATION_CONTEXT ( 3 ) GLOBAL_UNCERTAINTY_ASSIGNED_CONTEXT ( ( #9320 ) ) GLOBAL_UNIT_ASSIGNED_CONTEXT ( ( #6457, #531, #6556 ) ) REPRESENTATION_CONTEXT ( 'NONE', 'WORKASPACE' ) );
#6531 = CARTESIAN_POINT ( 'NONE',  ( -3.186462900341459292, 5.459950475304171214, 1.200000000000000178 ) ) ;
#6532 = CARTESIAN_POINT ( 'NONE',  ( -4.886063247312217861, 7.800395460506621248, 1.999999999999999556 ) ) ;
#6533 = VECTOR ( 'NONE', #3889, 1000.000000000000000 ) ;
#6534 = MECHANICAL_DESIGN_GEOMETRIC_PRESENTATION_REPRESENTATION (  '', ( #9115 ), #1824 ) ;
#6535 = CARTESIAN_POINT ( 'NONE',  ( 4.284361512440463038, -5.729073871458844280, 3.199999999999999734 ) ) ;
#6536 = CARTESIAN_POINT ( 'NONE',  ( 2.942945191042287245, -1.015397856219682149, 3.199999999999998401 ) ) ;
#6537 = PLANE ( 'NONE',  #8778 ) ;
#6538 = EDGE_LOOP ( 'NONE', ( #1848, #1632, #9701, #7519 ) ) ;
#6539 = LINE ( 'NONE', #5850, #66 ) ;
#6540 = COLOUR_RGB ( '',0.2509803921568627416, 0.2509803921568627416, 0.2509803921568627416 ) ;
#6541 = CARTESIAN_POINT ( 'NONE',  ( 3.831737994818909865, -1.062754105925750370, 3.199999999999985967 ) ) ;
#6542 = VECTOR ( 'NONE', #8562, 1000.000000000000000 ) ;
#6543 = DIRECTION ( 'NONE',  ( 0.0000000000000000000, 0.0000000000000000000, -1.000000000000000000 ) ) ;
#6544 = CARTESIAN_POINT ( 'NONE',  ( -4.761792873543973847, 6.820462724888163741, 2.000000000000000000 ) ) ;
#6545 = CARTESIAN_POINT ( 'NONE',  ( -4.931792873543975553, 6.820462724888162853, 1.920000000000000373 ) ) ;
#6546 = LINE ( 'NONE', #2849, #2710 ) ;
#6547 = CARTESIAN_POINT ( 'NONE',  ( 2.810517235747602705, -4.345311247823238077, 3.100000000000647571 ) ) ;
#6548 = PLANE ( 'NONE',  #149 ) ;
#6549 = CARTESIAN_POINT ( 'NONE',  ( 4.597161103527956705, -4.586660878441447764, 3.100000000000000089 ) ) ;
#6550 = CIRCLE ( 'NONE', #3274, 2.500000000000000000 ) ;
#6551 = CARTESIAN_POINT ( 'NONE',  ( 4.501774398224091200, 1.333048571394877424, 3.199999999999999734 ) ) ;
#6552 = ORIENTED_EDGE ( 'NONE', *, *, #4139, .T. ) ;
#6553 = DIRECTION ( 'NONE',  ( -1.000000000000000000, -1.734723475976806848E-16, 0.0000000000000000000 ) ) ;
#6554 = CARTESIAN_POINT ( 'NONE',  ( 4.761758759419796760, -4.635612144486662700, 3.199999999999999734 ) ) ;
#6555 = COLOUR_RGB ( '',0.7529411764705882248, 0.7529411764705882248, 0.7529411764705882248 ) ;
#6556 =( NAMED_UNIT ( * ) SI_UNIT ( $, .STERADIAN. ) SOLID_ANGLE_UNIT ( ) );
#6557 = CARTESIAN_POINT ( 'NONE',  ( 4.159411214492208408, -6.344123167651480877, 3.100000000000000977 ) ) ;
#6558 = CARTESIAN_POINT ( 'NONE',  ( 3.206465389440453340, -4.131460653579368092, 3.100000000000616929 ) ) ;
#6559 = CARTESIAN_POINT ( 'NONE',  ( -4.761792873543973847, 6.820462724888163741, 1.920000000000000373 ) ) ;
#6560 = CARTESIAN_POINT ( 'NONE',  ( 7.499999999999999112, -7.000000000000000000, 2.200000000000000178 ) ) ;
#6561 = CARTESIAN_POINT ( 'NONE',  ( 4.264559180978268138, -6.788830544899951747, 3.099999999999988987 ) ) ;
#6562 = ORIENTED_EDGE ( 'NONE', *, *, #8229, .F. ) ;
#6563 = DIRECTION ( 'NONE',  ( 0.0000000000000000000, 1.000000000000000000, -0.0000000000000000000 ) ) ;
#6564 = ORIENTED_EDGE ( 'NONE', *, *, #3610, .T. ) ;
#6565 = EDGE_CURVE ( 'NONE', #1627, #5405, #1882, .T. ) ;
#6566 = CARTESIAN_POINT ( 'NONE',  ( 2.990056455551926451, -2.177199188839851640, 3.200000000000001066 ) ) ;
#6567 = EDGE_CURVE ( 'NONE', #359, #7379, #8171, .T. ) ;
#6568 = ADVANCED_FACE ( 'NONE', ( #442 ), #1259, .F. ) ;
#6569 = CARTESIAN_POINT ( 'NONE',  ( -5.661792873543974203, 6.820462724888162853, 1.920000000000000373 ) ) ;
#6570 = DIRECTION ( 'NONE',  ( -0.0000000000000000000, -0.0000000000000000000, -1.000000000000000000 ) ) ;
#6571 = CARTESIAN_POINT ( 'NONE',  ( 3.710319575887031540, -4.918900028149859160, 3.100000000000000977 ) ) ;
#6572 = CARTESIAN_POINT ( 'NONE',  ( 4.665148031399253270, 1.496904712886542477, 3.199999999999994849 ) ) ;
#6573 = ORIENTED_EDGE ( 'NONE', *, *, #6928, .T. ) ;
#6574 = ORIENTED_EDGE ( 'NONE', *, *, #16, .T. ) ;
#6575 = EDGE_CURVE ( 'NONE', #650, #3298, #2171, .T. ) ;
#6576 = FILL_AREA_STYLE ('',( #3437 ) ) ;
#6577 = CARTESIAN_POINT ( 'NONE',  ( 4.613752480181505966, -4.352514539969473795, 3.100000000000631584 ) ) ;
#6578 = EDGE_CURVE ( 'NONE', #7697, #5953, #4551, .T. ) ;
#6579 = LINE ( 'NONE', #4274, #1048 ) ;
#6580 = DIRECTION ( 'NONE',  ( 0.0000000000000000000, 0.0000000000000000000, 1.000000000000000000 ) ) ;
#6581 = FILL_AREA_STYLE_COLOUR ( '', #7203 ) ;
#6582 = B_SPLINE_SURFACE_WITH_KNOTS ( 'NONE', 3, 1, ( 
 ( #8478, #3940 ),
 ( #3071, #1520 ),
 ( #1421, #4604 ),
 ( #9282, #8522 ),
 ( #4651, #9328 ),
 ( #25, #7768 ),
 ( #3119, #2366 ) ),
 .UNSPECIFIED., .F., .F., .F.,
 ( 4, 1, 1, 1, 4 ),
 ( 2, 2 ),
 ( 0.0000000000000000000, 0.2596110360176394627, 0.5112659150839500288, 0.7581354226347811753, 1.000000000000000000 ),
 ( 0.0000000000000000000, 1.000000000000000000 ),
 .UNSPECIFIED. ) ;
#6583 = CARTESIAN_POINT ( 'NONE',  ( 4.627520563075053772, 0.001502681311058898543, 3.099999999999910383 ) ) ;
#6584 = CARTESIAN_POINT ( 'NONE',  ( 3.858354611196999517, -6.677804268417474987, 3.100000000000040057 ) ) ;
#6585 = CARTESIAN_POINT ( 'NONE',  ( 3.525785188279203286, -1.647954819218605094, 3.199999999999997513 ) ) ;
#6586 = CARTESIAN_POINT ( 'NONE',  ( 7.000000000000000888, 8.000000000000000000, 3.000000000000000000 ) ) ;
#6587 = ORIENTED_EDGE ( 'NONE', *, *, #6997, .F. ) ;
#6588 = SURFACE_STYLE_USAGE ( .BOTH. , #8099 ) ;
#6589 = STYLED_ITEM ( 'NONE', ( #3648 ), #8857 ) ;
#6590 = CARTESIAN_POINT ( 'NONE',  ( 3.523514305977484273, -6.436008531362118035, 3.199999999999997513 ) ) ;
#6591 = CARTESIAN_POINT ( 'NONE',  ( -8.000000000000000000, -7.500000000000001776, 0.0000000000000000000 ) ) ;
#6592 = CARTESIAN_POINT ( 'NONE',  ( 3.788510578115128258, -1.754386735010137199, 3.200000000000000178 ) ) ;
#6593 = DIRECTION ( 'NONE',  ( 1.000000000000000000, 0.0000000000000000000, 0.0000000000000000000 ) ) ;
#6594 = DIRECTION ( 'NONE',  ( 0.002034583784806703096, -0.9999979302322693497, 0.0000000000000000000 ) ) ;
#6595 = CARTESIAN_POINT ( 'NONE',  ( 3.558845174299219760, -1.718949707196087084, 3.199999999999987299 ) ) ;
#6596 = CARTESIAN_POINT ( 'NONE',  ( 4.019644505627312014, -1.518621152869605195, 3.200000000000000622 ) ) ;
#6597 = CARTESIAN_POINT ( 'NONE',  ( 4.333227577357231297, -4.531826653108838698, 3.199999999999996625 ) ) ;
#6598 = VECTOR ( 'NONE', #199, 1000.000000000000000 ) ;
#6599 = LINE ( 'NONE', #4389, #8922 ) ;
#6600 = EDGE_LOOP ( 'NONE', ( #8829, #6717, #2280, #7947 ) ) ;
#6601 = CARTESIAN_POINT ( 'NONE',  ( 4.414762480213953566, -6.053733642756332856, 3.200000000000001066 ) ) ;
#6602 = ORIENTED_EDGE ( 'NONE', *, *, #9844, .F. ) ;
#6603 = CARTESIAN_POINT ( 'NONE',  ( 4.335009589348675085, -4.912211698241279123, 3.100000000000049383 ) ) ;
#6604 =( GEOMETRIC_REPRESENTATION_CONTEXT ( 3 ) GLOBAL_UNCERTAINTY_ASSIGNED_CONTEXT ( ( #7091 ) ) GLOBAL_UNIT_ASSIGNED_CONTEXT ( ( #9736, #8870, #8320 ) ) REPRESENTATION_CONTEXT ( 'NONE', 'WORKASPACE' ) );
#6605 = SURFACE_SIDE_STYLE ('',( #4453 ) ) ;
#6606 = CARTESIAN_POINT ( 'NONE',  ( 4.159411214492208408, -6.344123167651480877, 3.200000000000000622 ) ) ;
#6607 = CARTESIAN_POINT ( 'NONE',  ( 3.640731487194883709, -4.066864314417168558, 3.099999999999596856 ) ) ;
#6608 = SURFACE_SIDE_STYLE ('',( #3470 ) ) ;
#6609 = ORIENTED_EDGE ( 'NONE', *, *, #5554, .F. ) ;
#6610 = CARTESIAN_POINT ( 'NONE',  ( 2.923456653129719918, -1.623909092247517671, 3.200000000000000622 ) ) ;
#6611 = VERTEX_POINT ( 'NONE', #6907 ) ;
#6612 = CARTESIAN_POINT ( 'NONE',  ( 8.000000000000000000, -8.500000000000000000, 1.000000000000000000 ) ) ;
#6613 = DIRECTION ( 'NONE',  ( 0.9342848360900176674, 0.3565274814824924143, 0.0000000000000000000 ) ) ;
#6614 =( NAMED_UNIT ( * ) SI_UNIT ( $, .STERADIAN. ) SOLID_ANGLE_UNIT ( ) );
#6615 = CARTESIAN_POINT ( 'NONE',  ( 4.055073797636440602, -1.295507345878516237, 3.199999999999998845 ) ) ;
#6616 = EDGE_CURVE ( 'NONE', #1078, #9904, #183, .T. ) ;
#6617 = CARTESIAN_POINT ( 'NONE',  ( 8.000000000000000000, -6.499999999999999112, 0.0000000000000000000 ) ) ;
#6618 = ORIENTED_EDGE ( 'NONE', *, *, #9841, .F. ) ;
#6619 = ORIENTED_EDGE ( 'NONE', *, *, #1902, .F. ) ;
#6620 = EDGE_CURVE ( 'NONE', #9667, #5782, #9445, .T. ) ;
#6621 = CARTESIAN_POINT ( 'NONE',  ( 3.773869414858568749, -1.450130640826772899, 3.100000000000000977 ) ) ;
#6622 = B_SPLINE_CURVE_WITH_KNOTS ( 'NONE', 3,
 ( #92, #3174, #7269, #9384, #1780, #3281, #5577, #9494, #5684, #8789, #293, #958, #3372, #8634, #1626, #7827, #6410, #7219, #4763, #8686, #4048, #8033, #9597 ),
 .UNSPECIFIED., .F., .F.,
 ( 4, 1, 1, 1, 1, 1, 1, 1, 1, 1, 1, 1, 1, 1, 1, 1, 1, 1, 1, 1, 4 ),
 ( 0.0000000000000000000, 9.674109244796992102E-05, 0.0001885782585506517908, 0.0002750668358131516254, 0.0003566503377393204200, 0.0004328893158253856958, 0.0005037747439981546610, 0.0005697608681211107978, 0.0006304059795296549848, 0.0006856937938258914371, 0.0007361020437308547467, 0.0007811488623191532128, 0.0008213115041910491786, 0.0008561304943264692749, 0.0008856383655920384203, 0.0009102591096308610980, 0.0009295581647626239338, 0.0009922466154601203812, 0.001046393902930429056, 0.001092848229874319012, 0.001133439114730684779 ),
 .UNSPECIFIED. ) ;
#6623 = CARTESIAN_POINT ( 'NONE',  ( 4.563189244563087499, 1.342585095770339132, 3.100000000000805223 ) ) ;
#6624 = ORIENTED_EDGE ( 'NONE', *, *, #97, .F. ) ;
#6625 = CARTESIAN_POINT ( 'NONE',  ( -3.741792873543974718, 4.780462724888166370, 2.000000000000000444 ) ) ;
#6626 = LINE ( 'NONE', #9716, #5749 ) ;
#6627 = EDGE_CURVE ( 'NONE', #3796, #3117, #6390, .T. ) ;
#6628 = DIRECTION ( 'NONE',  ( -0.9999979323362196970, -0.002033549430271827663, 0.0000000000000000000 ) ) ;
#6629 = CARTESIAN_POINT ( 'NONE',  ( 4.647342495437491117, 0.03937961357155579656, 3.099999999999909495 ) ) ;
#6630 = CARTESIAN_POINT ( 'NONE',  ( 3.317785320959090178, -4.524252189468400687, 3.100000000000550759 ) ) ;
#6631 = ADVANCED_FACE ( 'NONE', ( #6092 ), #9187, .F. ) ;
#6632 = CARTESIAN_POINT ( 'NONE',  ( 3.576107089054801680, -1.756018921430095192, 3.199999999999998401 ) ) ;
#6633 = EDGE_CURVE ( 'NONE', #9385, #8014, #9878, .T. ) ;
#6634 = SURFACE_SIDE_STYLE ('',( #9772 ) ) ;
#6635 = ORIENTED_EDGE ( 'NONE', *, *, #3857, .T. ) ;
#6636 = CARTESIAN_POINT ( 'NONE',  ( 8.000000000000000000, -0.4999999999999991673, 0.0000000000000000000 ) ) ;
#6637 = CARTESIAN_POINT ( 'NONE',  ( 2.944811417643812046, -4.900663185362724938, 3.200000000000000622 ) ) ;
#6638 = CARTESIAN_POINT ( 'NONE',  ( 8.000000000000000000, -8.500000000000000000, 1.000000000000000000 ) ) ;
#6639 = CARTESIAN_POINT ( 'NONE',  ( 2.687896877194992484, 0.05473340471738889768, 3.200000000000000178 ) ) ;
#6640 = PRESENTATION_STYLE_ASSIGNMENT (( #3563 ) ) ;
#6641 = CARTESIAN_POINT ( 'NONE',  ( 2.506206775549459032, 4.851300258385033537, 3.100000000000000977 ) ) ;
#6642 = CARTESIAN_POINT ( 'NONE',  ( 4.554158637922874675, -4.566229614910459311, 3.100000000000000977 ) ) ;
#6643 = CARTESIAN_POINT ( 'NONE',  ( 4.323416484173798757, -5.280961620534480261, 3.200000000000000622 ) ) ;
#6644 = EDGE_LOOP ( 'NONE', ( #6523, #6896, #5179, #4269, #2784, #8989, #158, #801 ) ) ;
#6645 = VECTOR ( 'NONE', #3111, 1000.000000000000000 ) ;
#6646 = FACE_OUTER_BOUND ( 'NONE', #8158, .T. ) ;
#6647 = EDGE_LOOP ( 'NONE', ( #8078, #5335, #4326, #9281 ) ) ;
#6648 = CARTESIAN_POINT ( 'NONE',  ( 2.940781465312124698, -1.666549637845134990, 3.100000000000010747 ) ) ;
#6649 = CARTESIAN_POINT ( 'NONE',  ( 3.723825462961914745, 0.7127005927504495020, 3.100000000000000977 ) ) ;
#6650 = FACE_OUTER_BOUND ( 'NONE', #6988, .T. ) ;
#6651 = VECTOR ( 'NONE', #5926, 1000.000000000000114 ) ;
#6652 = CARTESIAN_POINT ( 'NONE',  ( 7.499999999999999112, 5.000000000000000000, 2.200000000000000178 ) ) ;
#6653 = CARTESIAN_POINT ( 'NONE',  ( 3.914090693768523810, -1.364082788787137179, 3.199999999999999734 ) ) ;
#6654 = CARTESIAN_POINT ( 'NONE',  ( 4.727837499312776082, 0.6629255377378605596, 3.200000000000000178 ) ) ;
#6655 = EDGE_LOOP ( 'NONE', ( #6761, #8160, #6067, #4347 ) ) ;
#6656 = CARTESIAN_POINT ( 'NONE',  ( 3.123894593156485211, -1.429025514140481068, 3.100000000000012079 ) ) ;
#6657 = ORIENTED_EDGE ( 'NONE', *, *, #5797, .F. ) ;
#6658 = DIRECTION ( 'NONE',  ( 0.0000000000000000000, 0.0000000000000000000, 1.000000000000000000 ) ) ;
#6659 = PRESENTATION_LAYER_ASSIGNMENT (  '', '', ( #8443 ) ) ;
#6660 = B_SPLINE_SURFACE_WITH_KNOTS ( 'NONE', 3, 1, ( 
 ( #6818, #9903 ),
 ( #6045, #2226 ),
 ( #9144, #9241 ),
 ( #2276, #1427 ),
 ( #5377, #7625 ),
 ( #8484, #6098 ),
 ( #7724, #749 ),
 ( #3838, #3742 ),
 ( #2324, #2977 ),
 ( #4656, #5325 ),
 ( #3885, #6251 ) ),
 .UNSPECIFIED., .F., .F., .F.,
 ( 4, 1, 1, 1, 1, 1, 1, 1, 4 ),
 ( 2, 2 ),
 ( 0.0000000000000000000, 0.1699305772385131252, 0.3268217028018108872, 0.4709200510322643085, 0.6014115556559438414, 0.7176581059491782266, 0.8229027875058481101, 0.9161712409428063308, 1.000000000000000000 ),
 ( 0.0000000000000000000, 1.000000000000000000 ),
 .UNSPECIFIED. ) ;
#6661 = LINE ( 'NONE', #2766, #2004 ) ;
#6662 = SURFACE_STYLE_USAGE ( .BOTH. , #1216 ) ;
#6663 = CARTESIAN_POINT ( 'NONE',  ( 2.959888960144030801, -1.477338508572474396, 3.100000000000000977 ) ) ;
#6664 = CARTESIAN_POINT ( 'NONE',  ( -4.761792873543973847, 6.820462724888163741, 1.920000000000000373 ) ) ;
#6665 = CARTESIAN_POINT ( 'NONE',  ( 3.080278898498522544, -6.015659607467767955, 3.100000000000000977 ) ) ;
#6666 = CARTESIAN_POINT ( 'NONE',  ( 4.646685396460228823, 1.421326935695984117, 3.199999999999995737 ) ) ;
#6667 = VERTEX_POINT ( 'NONE', #2792 ) ;
#6668 = EDGE_LOOP ( 'NONE', ( #3109, #5440, #7752, #6295 ) ) ;
#6669 = VERTEX_POINT ( 'NONE', #9685 ) ;
#6670 = CARTESIAN_POINT ( 'NONE',  ( -3.694929958533820891, 4.686736894867860492, 2.000000000000000888 ) ) ;
#6671 = MECHANICAL_DESIGN_GEOMETRIC_PRESENTATION_REPRESENTATION (  '', ( #2434 ), #3888 ) ;
#6672 = CARTESIAN_POINT ( 'NONE',  ( 2.919758980692532813, -1.582568232467511882, 3.200000000000000178 ) ) ;
#6673 = FACE_OUTER_BOUND ( 'NONE', #8790, .T. ) ;
#6674 = CARTESIAN_POINT ( 'NONE',  ( 4.401892182724840730, -5.910078060448809900, 3.200000000000000622 ) ) ;
#6675 = CARTESIAN_POINT ( 'NONE',  ( 4.752665894819568138, -4.592938037189215450, 3.200000000000009504 ) ) ;
#6676 = AXIS2_PLACEMENT_3D ( 'NONE', #6544, #7547, #2845 ) ;
#6677 = ORIENTED_EDGE ( 'NONE', *, *, #1270, .F. ) ;
#6678 = CARTESIAN_POINT ( 'NONE',  ( 3.958133638277941735, -6.728136979887006319, 3.100000000000003197 ) ) ;
#6679 = PRESENTATION_LAYER_ASSIGNMENT (  '', '', ( #1645 ) ) ;
#6680 = ORIENTED_EDGE ( 'NONE', *, *, #7124, .F. ) ;
#6681 = EDGE_CURVE ( 'NONE', #5637, #3474, #5446, .T. ) ;
#6682 = CYLINDRICAL_SURFACE ( 'NONE', #7712, 0.2000000000000000944 ) ;
#6683 = CARTESIAN_POINT ( 'NONE',  ( 3.846382982847013743, -1.751544575814472315, 3.100000000000624034 ) ) ;
#6684 = EDGE_CURVE ( 'NONE', #6744, #2489, #5144, .T. ) ;
#6685 = CARTESIAN_POINT ( 'NONE',  ( 2.879307042667920147, -4.883044790085898867, 3.199999999999999734 ) ) ;
#6686 = EDGE_CURVE ( 'NONE', #9363, #8476, #1346, .T. ) ;
#6687 = CARTESIAN_POINT ( 'NONE',  ( 2.743110605155801629, 0.5846042711918004731, 3.100000000000043165 ) ) ;
#6688 = PLANE ( 'NONE',  #1839 ) ;
#6689 = AXIS2_PLACEMENT_3D ( 'NONE', #5369, #2969, #2317 ) ;
#6690 = CARTESIAN_POINT ( 'NONE',  ( 4.727303990631562591, 0.5755167084802330635, 3.199999999999998401 ) ) ;
#6691 =( LENGTH_UNIT ( ) NAMED_UNIT ( * ) SI_UNIT ( .MILLI., .METRE. ) );
#6692 = CARTESIAN_POINT ( 'NONE',  ( 2.571349677350514895, 5.058331582644234103, 3.100000000000000977 ) ) ;
#6693 = CARTESIAN_POINT ( 'NONE',  ( 4.336522646977240214, -5.649032217680332479, 3.100000000000580513 ) ) ;
#6694 =( NAMED_UNIT ( * ) SI_UNIT ( $, .STERADIAN. ) SOLID_ANGLE_UNIT ( ) );
#6695 = VERTEX_POINT ( 'NONE', #8259 ) ;
#6696 = VECTOR ( 'NONE', #646, 1000.000000000000000 ) ;
#6697 = ADVANCED_FACE ( 'NONE', ( #3558, #4994 ), #6688, .T. ) ;
#6698 = VECTOR ( 'NONE', #6344, 1000.000000000000000 ) ;
#6699 = CARTESIAN_POINT ( 'NONE',  ( 4.401787745605671986, -6.119573770063328588, 3.200000000000001066 ) ) ;
#6700 = ORIENTED_EDGE ( 'NONE', *, *, #1343, .F. ) ;
#6701 = ADVANCED_FACE ( 'NONE', ( #5042 ), #1291, .T. ) ;
#6702 = PRESENTATION_STYLE_ASSIGNMENT (( #3673 ) ) ;
#6703 = COLOUR_RGB ( '',0.7529411764705882248, 0.7529411764705882248, 0.7529411764705882248 ) ;
#6704 = CARTESIAN_POINT ( 'NONE',  ( 2.911072770484585348, 0.8420711715304471934, 3.100000000000000977 ) ) ;
#6705 = CARTESIAN_POINT ( 'NONE',  ( 2.931803579672959792, -0.3303703716208747920, 3.200000000000000622 ) ) ;
#6706 = CARTESIAN_POINT ( 'NONE',  ( 3.558845174299219316, -1.718949707196087084, 3.099999999999658140 ) ) ;
#6707 = CARTESIAN_POINT ( 'NONE',  ( 3.895954147194124140, -1.365919123770282129, 3.100000000000000977 ) ) ;
#6708 = EDGE_LOOP ( 'NONE', ( #4459, #6409, #1390, #3534 ) ) ;
#6709 = CARTESIAN_POINT ( 'NONE',  ( -3.781792873543974309, 6.820462724888163741, 1.920000000000000373 ) ) ;
#6710 = VERTEX_POINT ( 'NONE', #9780 ) ;
#6711 = CARTESIAN_POINT ( 'NONE',  ( 4.723054446222057834, -4.935309469424491446, 3.200000000000000622 ) ) ;
#6712 = CARTESIAN_POINT ( 'NONE',  ( 3.652354050012646347, 0.1844870049438971649, 3.200000000000000178 ) ) ;
#6713 = DIRECTION ( 'NONE',  ( -0.0000000000000000000, -0.0000000000000000000, -1.000000000000000000 ) ) ;
#6714 = CARTESIAN_POINT ( 'NONE',  ( 3.369897330350792863, -6.299173512740184222, 3.200000000000000178 ) ) ;
#6715 = PRESENTATION_LAYER_ASSIGNMENT (  '', '', ( #4917 ) ) ;
#6716 = ORIENTED_EDGE ( 'NONE', *, *, #4452, .T. ) ;
#6717 = ORIENTED_EDGE ( 'NONE', *, *, #6686, .T. ) ;
#6718 = CARTESIAN_POINT ( 'NONE',  ( 3.777625655202836441, -0.08762965470570655002, 3.199999999999997957 ) ) ;
#6719 = ORIENTED_EDGE ( 'NONE', *, *, #85, .T. ) ;
#6720 = PLANE ( 'NONE',  #2762 ) ;
#6722 = AXIS2_PLACEMENT_3D ( 'NONE', #7573, #2120, #5224 ) ;
#6721 = CARTESIAN_POINT ( 'NONE',  ( 8.000000000000000000, -8.500000000000000000, 1.000000000000000000 ) ) ;
#6723 = DIRECTION ( 'NONE',  ( -0.0000000000000000000, -0.0000000000000000000, -1.000000000000000000 ) ) ;
#6724 = CARTESIAN_POINT ( 'NONE',  ( -8.000000000000000000, -8.500000000000001776, 1.000000000000000000 ) ) ;
#6725 = CARTESIAN_POINT ( 'NONE',  ( 3.140999329352721858, -6.077407526164011919, 3.099999999999948574 ) ) ;
#6726 = CARTESIAN_POINT ( 'NONE',  ( 4.617342670052194009, 0.6693066377647595155, 3.099999999999996536 ) ) ;
#6727 = EDGE_LOOP ( 'NONE', ( #6809, #3757, #7121, #861 ) ) ;
#6728 = CARTESIAN_POINT ( 'NONE',  ( 2.644645677119489946, -4.725384349461528188, 3.100000000000000977 ) ) ;
#6729 = ORIENTED_EDGE ( 'NONE', *, *, #891, .F. ) ;
#6730 =( LENGTH_UNIT ( ) NAMED_UNIT ( * ) SI_UNIT ( .MILLI., .METRE. ) );
#6731 = CARTESIAN_POINT ( 'NONE',  ( 3.788510578115128702, -1.754386735010137421, 3.100000000000624478 ) ) ;
#6732 = CARTESIAN_POINT ( 'NONE',  ( 3.513682676574694241, -4.522059120240607299, 3.100000000000959766 ) ) ;
#6733 = CARTESIAN_POINT ( 'NONE',  ( 3.964540553150797564, -1.386029517600927408, 3.099999999999593303 ) ) ;
#6734 =( NAMED_UNIT ( * ) PLANE_ANGLE_UNIT ( ) SI_UNIT ( $, .RADIAN. ) );
#6735 = CARTESIAN_POINT ( 'NONE',  ( 2.667385998808671665, -2.028456893039705111, 3.100000000000000533 ) ) ;
#6736 = CARTESIAN_POINT ( 'NONE',  ( 4.522124296388104092, -0.1312886707066070191, 3.100000000000000977 ) ) ;
#6737 = DIRECTION ( 'NONE',  ( -0.0000000000000000000, -0.0000000000000000000, -1.000000000000000000 ) ) ;
#6738 = CARTESIAN_POINT ( 'NONE',  ( 2.934027417830843198, -4.247837593988708527, 3.100000000000604050 ) ) ;
#6739 = EDGE_CURVE ( 'NONE', #8751, #4441, #7346, .T. ) ;
#6740 = CARTESIAN_POINT ( 'NONE',  ( 3.984219769897088703, -1.414256290328554044, 3.200000000000000178 ) ) ;
#6741 = CARTESIAN_POINT ( 'NONE',  ( 3.513682676574694241, -4.522059120240607299, 3.199999999999997069 ) ) ;
#6742 = CARTESIAN_POINT ( 'NONE',  ( 2.774425337651444057, -0.4765480619099384252, 3.100000000000003642 ) ) ;
#6743 = ADVANCED_FACE ( 'NONE', ( #377 ), #5807, .F. ) ;
#6744 = VERTEX_POINT ( 'NONE', #1954 ) ;
#6745 = AXIS2_PLACEMENT_3D ( 'NONE', #1852, #8048, #1082 ) ;
#6746 = DIRECTION ( 'NONE',  ( 0.0000000000000000000, 1.000000000000000000, 0.0000000000000000000 ) ) ;
#6747 = VERTEX_POINT ( 'NONE', #2002 ) ;
#6748 = CARTESIAN_POINT ( 'NONE',  ( 2.920940582658550166, -1.595778824271598895, 3.100000000000010747 ) ) ;
#6749 = FILL_AREA_STYLE ('',( #4342 ) ) ;
#6750 = CARTESIAN_POINT ( 'NONE',  ( 3.006553540251431400, 0.8463187007046077959, 3.100000000000000977 ) ) ;
#6751 = EDGE_CURVE ( 'NONE', #6486, #4359, #3102, .T. ) ;
#6752 = CARTESIAN_POINT ( 'NONE',  ( 3.322049718994255940, -4.101235326237952172, 3.099999999999597744 ) ) ;
#6753 = CARTESIAN_POINT ( 'NONE',  ( -5.359275057286800426, 6.032120488800118530, 1.999999999999999556 ) ) ;
#6754 = PLANE ( 'NONE',  #2611 ) ;
#6755 = CARTESIAN_POINT ( 'NONE',  ( 3.548907880759897715, -2.812943493791168592, 3.100000000000000977 ) ) ;
#6756 = B_SPLINE_CURVE_WITH_KNOTS ( 'NONE', 3,
 ( #83, #6297, #512, #2367, #6872, #1672, #8296 ),
 .UNSPECIFIED., .F., .F.,
 ( 4, 1, 1, 1, 4 ),
 ( 0.0000000000000000000, 4.073188321131052461E-05, 7.734376747257914889E-05, 0.0001103886754236392195, 0.0001409636868649969798 ),
 .UNSPECIFIED. ) ;
#6757 = CARTESIAN_POINT ( 'NONE',  ( 3.206465389440453340, -4.131460653579368092, 3.150000000000000355 ) ) ;
#6758 = CARTESIAN_POINT ( 'NONE',  ( 2.940781465312124698, -1.666549637845134990, 3.200000000000000622 ) ) ;
#6759 = EDGE_CURVE ( 'NONE', #2489, #4858, #1668, .T. ) ;
#6760 = EDGE_CURVE ( 'NONE', #2890, #7917, #1038, .T. ) ;
#6761 = ORIENTED_EDGE ( 'NONE', *, *, #1901, .T. ) ;
#6762 = MECHANICAL_DESIGN_GEOMETRIC_PRESENTATION_REPRESENTATION (  '', ( #8213 ), #6604 ) ;
#6763 = CARTESIAN_POINT ( 'NONE',  ( 4.048303180600754558, -6.357210321466068237, 3.149999999999999911 ) ) ;
#6764 = CARTESIAN_POINT ( 'NONE',  ( 8.000000000000000000, -5.000000000000000000, 2.200000000000000178 ) ) ;
#6765 = SURFACE_STYLE_USAGE ( .BOTH. , #4409 ) ;
#6766 = FILL_AREA_STYLE ('',( #3586 ) ) ;
#6767 = CARTESIAN_POINT ( 'NONE',  ( 3.422611393691210591, -6.347703351741762923, 3.200000000000000178 ) ) ;
#6768 = PRESENTATION_LAYER_ASSIGNMENT (  '', '', ( #1731 ) ) ;
#6769 = CARTESIAN_POINT ( 'NONE',  ( 2.894343327039917924, -1.756910698751239508, 3.099999999999996092 ) ) ;
#6770 = ORIENTED_EDGE ( 'NONE', *, *, #3545, .F. ) ;
#6771 = ORIENTED_EDGE ( 'NONE', *, *, #5623, .T. ) ;
#6772 = SURFACE_STYLE_USAGE ( .BOTH. , #3647 ) ;
#6773 = EDGE_LOOP ( 'NONE', ( #5379, #3497, #5326, #6944 ) ) ;
#6774 = CARTESIAN_POINT ( 'NONE',  ( -5.861792873543971716, 4.620462724888160011, 1.966862915010152868 ) ) ;
#6775 = SURFACE_SIDE_STYLE ('',( #1434 ) ) ;
#6776 = FILL_AREA_STYLE ('',( #3941 ) ) ;
#6777 = CARTESIAN_POINT ( 'NONE',  ( 3.764547179682534495, 0.4407173584151901080, 3.199999999999997957 ) ) ;
#6778 = CARTESIAN_POINT ( 'NONE',  ( 4.255781924531224725, -0.2616360296629445803, 3.099999999999909051 ) ) ;
#6779 = VERTEX_POINT ( 'NONE', #5298 ) ;
#6780 = CARTESIAN_POINT ( 'NONE',  ( 4.181639416828881295, 0.2275998251586347498, 3.199999999999998401 ) ) ;
#6781 = CARTESIAN_POINT ( 'NONE',  ( 4.769305144745993097, -4.721817240176951813, 3.200000000000000622 ) ) ;
#6782 = LINE ( 'NONE', #2785, #4387 ) ;
#6783 = VERTEX_POINT ( 'NONE', #680 ) ;
#6784 = SURFACE_SIDE_STYLE ('',( #2895 ) ) ;
#6785 = CARTESIAN_POINT ( 'NONE',  ( -3.828655788554126804, 6.820462724888164630, 2.000000000000000000 ) ) ;
#6786 = CARTESIAN_POINT ( 'NONE',  ( -6.800000000000000711, -9.073938182032529720E-16, 3.000000000000000000 ) ) ;
#6787 = SURFACE_STYLE_FILL_AREA ( #2847 ) ;
#6788 = CARTESIAN_POINT ( 'NONE',  ( 3.533301777639870966, -1.265541394800682395, 3.099999999999960121 ) ) ;
#6789 = ORIENTED_EDGE ( 'NONE', *, *, #6578, .T. ) ;
#6790 =( LENGTH_UNIT ( ) NAMED_UNIT ( * ) SI_UNIT ( .MILLI., .METRE. ) );
#6791 = PLANE ( 'NONE',  #5384 ) ;
#6792 = SURFACE_STYLE_USAGE ( .BOTH. , #1355 ) ;
#6793 = EDGE_LOOP ( 'NONE', ( #1109, #4208 ) ) ;
#6794 = ORIENTED_EDGE ( 'NONE', *, *, #2677, .F. ) ;
#6795 =( NAMED_UNIT ( * ) SI_UNIT ( $, .STERADIAN. ) SOLID_ANGLE_UNIT ( ) );
#6796 = EDGE_CURVE ( 'NONE', #3474, #2941, #842, .T. ) ;
#6797 = CIRCLE ( 'NONE', #777, 0.5000000000000013323 ) ;
#6798 =( LENGTH_UNIT ( ) NAMED_UNIT ( * ) SI_UNIT ( .MILLI., .METRE. ) );
#6799 = ADVANCED_FACE ( 'NONE', ( #8407 ), #9928, .F. ) ;
#6800 = CARTESIAN_POINT ( 'NONE',  ( 3.206953127478586296, -1.459428891134680439, 3.200000000000002398 ) ) ;
#6801 = CARTESIAN_POINT ( 'NONE',  ( 2.781195131605416648, 0.7778377014078352580, 3.199999999999999734 ) ) ;
#6802 = CARTESIAN_POINT ( 'NONE',  ( 2.835603780005400587, -0.4058099132500843087, 3.199999999999999289 ) ) ;
#6803 = CARTESIAN_POINT ( 'NONE',  ( -5.064102064791706326, 5.888097852099760665, 2.000000000000000000 ) ) ;
#6804 = PLANE ( 'NONE',  #6037 ) ;
#6805 = FACE_OUTER_BOUND ( 'NONE', #4077, .T. ) ;
#6806 = PRESENTATION_STYLE_ASSIGNMENT (( #8803 ) ) ;
#6807 = VECTOR ( 'NONE', #6181, 1000.000000000000000 ) ;
#6808 = CARTESIAN_POINT ( 'NONE',  ( 2.861224351209769257, -2.248259722187680776, 3.099999999999931699 ) ) ;
#6809 = ORIENTED_EDGE ( 'NONE', *, *, #3543, .T. ) ;
#6810 = EDGE_CURVE ( 'NONE', #3474, #5637, #6110, .T. ) ;
#6811 = CARTESIAN_POINT ( 'NONE',  ( 4.762846095682371050, -4.809263319045859575, 3.100000000000002309 ) ) ;
#6812 = CARTESIAN_POINT ( 'NONE',  ( 1.541531134348377963, 4.662940623776712812, 3.100000000000000977 ) ) ;
#6813 = AXIS2_PLACEMENT_3D ( 'NONE', #9880, #811, #7032 ) ;
#6814 = EDGE_CURVE ( 'NONE', #6695, #8584, #8363, .T. ) ;
#6815 = EDGE_CURVE ( 'NONE', #6228, #6327, #5344, .T. ) ;
#6816 = DIRECTION ( 'NONE',  ( -1.239088197126288598E-16, 1.000000000000000000, 0.0000000000000000000 ) ) ;
#6817 = CARTESIAN_POINT ( 'NONE',  ( 8.000000000000000000, 7.000000000000000000, 2.200000000000000178 ) ) ;
#6818 = CARTESIAN_POINT ( 'NONE',  ( 4.335009589348675973, -4.912211698241279123, 3.100000000000000977 ) ) ;
#6819 = ORIENTED_EDGE ( 'NONE', *, *, #9535, .T. ) ;
#6820 = VERTEX_POINT ( 'NONE', #8457 ) ;
#6821 = DIRECTION ( 'NONE',  ( -1.000000000000000000, 0.0000000000000000000, 0.0000000000000000000 ) ) ;
#6822 = COLOUR_RGB ( '',1.000000000000000000, 1.000000000000000000, 0.0000000000000000000 ) ;
#6823 = FILL_AREA_STYLE ('',( #2928 ) ) ;
#6824 = ORIENTED_EDGE ( 'NONE', *, *, #761, .F. ) ;
#6825 = CARTESIAN_POINT ( 'NONE',  ( 2.695576349755958834, -2.169809804474652548, 3.099999999999989431 ) ) ;
#6826 =( LENGTH_UNIT ( ) NAMED_UNIT ( * ) SI_UNIT ( .MILLI., .METRE. ) );
#6827 = CARTESIAN_POINT ( 'NONE',  ( 4.450265848015511949, -4.226169883347555611, 3.200000000000000178 ) ) ;
#6828 = DIRECTION ( 'NONE',  ( -1.224646799147353207E-16, -1.000000000000000000, 0.0000000000000000000 ) ) ;
#6829 = CARTESIAN_POINT ( 'NONE',  ( 3.708840017909781572, -4.066126244485801955, 3.100000000000000977 ) ) ;
#6830 = CARTESIAN_POINT ( 'NONE',  ( 3.847413717401817035, -2.159839303888081208, 3.099999999999606182 ) ) ;
#6831 = PLANE ( 'NONE',  #6364 ) ;
#6832 = EDGE_LOOP ( 'NONE', ( #7392, #2229, #6573, #63 ) ) ;
#6833 = CARTESIAN_POINT ( 'NONE',  ( 4.270735289783251787, 0.2337890309164248892, 3.199999999999998845 ) ) ;
#6834 = LINE ( 'NONE', #5242, #20 ) ;
#6835 = CARTESIAN_POINT ( 'NONE',  ( 3.576107089054801680, -1.756018921430095192, 3.100000000000000977 ) ) ;
#6836 = VERTEX_POINT ( 'NONE', #822 ) ;
#6837 = VECTOR ( 'NONE', #6227, 1000.000000000000000 ) ;
#6838 = CARTESIAN_POINT ( 'NONE',  ( 3.206953127478586296, -1.459428891134680439, 3.200000000000000178 ) ) ;
#6839 = CARTESIAN_POINT ( 'NONE',  ( 3.944854358484048085, -4.523590052809357331, 3.100000000000596945 ) ) ;
#6840 = CARTESIAN_POINT ( 'NONE',  ( 2.923961984574872996, -1.016252657632313872, 3.200000000000001954 ) ) ;
#6841 = ORIENTED_EDGE ( 'NONE', *, *, #1202, .T. ) ;
#6842 = CARTESIAN_POINT ( 'NONE',  ( 2.815288418161955963, 0.8147435701991072587, 3.200000000000004174 ) ) ;
#6843 = CARTESIAN_POINT ( 'NONE',  ( 2.938309595611933833, 1.327507319078662595, 3.199999999999998401 ) ) ;
#6844 = CARTESIAN_POINT ( 'NONE',  ( 8.000000000000000000, -8.500000000000000000, 1.000000000000000000 ) ) ;
#6845 = ORIENTED_EDGE ( 'NONE', *, *, #2450, .T. ) ;
#6846 = ORIENTED_EDGE ( 'NONE', *, *, #7137, .F. ) ;
#6847 = CARTESIAN_POINT ( 'NONE',  ( 3.165423145989809228, -1.440876700268706401, 3.200000000000001510 ) ) ;
#6848 = CARTESIAN_POINT ( 'NONE',  ( 4.415098881902261851, -6.030840880241902902, 3.100000000000000977 ) ) ;
#6849 = CARTESIAN_POINT ( 'NONE',  ( 2.933135640509699105, -4.553271326480662573, 3.100000000000000977 ) ) ;
#6850 = SURFACE_STYLE_FILL_AREA ( #2965 ) ;
#6851 = CARTESIAN_POINT ( 'NONE',  ( 3.048327999053942694, -1.428425282915698036, 3.100000000000000977 ) ) ;
#6852 = CARTESIAN_POINT ( 'NONE',  ( -4.931792873543977329, 7.160462724888167152, 2.000000000000000888 ) ) ;
#6853 = CARTESIAN_POINT ( 'NONE',  ( -8.000000000000000000, -4.500000000000000000, 1.000000000000000000 ) ) ;
#6854 = CARTESIAN_POINT ( 'NONE',  ( 2.860455788836431257, -2.241591672793213696, 3.099999999999993872 ) ) ;
#6855 = ORIENTED_EDGE ( 'NONE', *, *, #4124, .T. ) ;
#6856 = COLOUR_RGB ( '',0.2509803921568627416, 0.2509803921568627416, 0.2509803921568627416 ) ;
#6857 = AXIS2_PLACEMENT_3D ( 'NONE', #1059, #2520, #5773 ) ;
#6858 = DIRECTION ( 'NONE',  ( -0.9999980099685649160, -0.001995008498690427432, 1.261252219027472839E-14 ) ) ;
#6859 = LINE ( 'NONE', #5995, #7359 ) ;
#6860 = SURFACE_SIDE_STYLE ('',( #3739 ) ) ;
#6861 = CARTESIAN_POINT ( 'NONE',  ( 3.163857735794871839, -6.767607322444243678, 3.200000000000002398 ) ) ;
#6862 = CARTESIAN_POINT ( 'NONE',  ( 3.629616442638524454, -2.175695449485798072, 3.099999999999999645 ) ) ;
#6863 = CARTESIAN_POINT ( 'NONE',  ( 2.894343327039917924, -1.756910698751239508, 3.100000000000000977 ) ) ;
#6864 = EDGE_CURVE ( 'NONE', #8185, #39, #9613, .T. ) ;
#6865 = ORIENTED_EDGE ( 'NONE', *, *, #7626, .F. ) ;
#6866 =( GEOMETRIC_REPRESENTATION_CONTEXT ( 3 ) GLOBAL_UNCERTAINTY_ASSIGNED_CONTEXT ( ( #4740 ) ) GLOBAL_UNIT_ASSIGNED_CONTEXT ( ( #2585, #8644, #3292 ) ) REPRESENTATION_CONTEXT ( 'NONE', 'WORKASPACE' ) );
#6867 = EDGE_CURVE ( 'NONE', #5004, #9306, #309, .T. ) ;
#6868 =( NAMED_UNIT ( * ) SI_UNIT ( $, .STERADIAN. ) SOLID_ANGLE_UNIT ( ) );
#6869 = VERTEX_POINT ( 'NONE', #9357 ) ;
#6870 = EDGE_CURVE ( 'NONE', #3331, #691, #8051, .T. ) ;
#6871 = CARTESIAN_POINT ( 'NONE',  ( 3.321552714254601746, -6.052656005980797893, 3.100000000000555644 ) ) ;
#6872 = CARTESIAN_POINT ( 'NONE',  ( 3.742156869327991853, -1.461668210008411739, 3.099999999999742961 ) ) ;
#6873 = AXIS2_PLACEMENT_3D ( 'NONE', #8194, #1230, #464 ) ;
#6874 = CARTESIAN_POINT ( 'NONE',  ( 3.723696235704197388, 0.7623587090454595483, 3.199999999999999734 ) ) ;
#6875 = MECHANICAL_DESIGN_GEOMETRIC_PRESENTATION_REPRESENTATION (  '', ( #4431 ), #5732 ) ;
#6876 = DIRECTION ( 'NONE',  ( -1.000000000000000000, 0.0000000000000000000, -0.0000000000000000000 ) ) ;
#6877 = DIRECTION ( 'NONE',  ( -0.0000000000000000000, -0.0000000000000000000, -1.000000000000000000 ) ) ;
#6878 = ORIENTED_EDGE ( 'NONE', *, *, #3488, .F. ) ;
#6879 = ADVANCED_FACE ( 'NONE', ( #4827 ), #4939, .T. ) ;
#6880 = ORIENTED_EDGE ( 'NONE', *, *, #7743, .T. ) ;
#6881 = CARTESIAN_POINT ( 'NONE',  ( 4.556894433560803925, 0.3999452625155699992, 3.199999999999997957 ) ) ;
#6882 = DIRECTION ( 'NONE',  ( -0.9326558596006951918, -0.3607673038850504610, 0.0000000000000000000 ) ) ;
#6883 = ADVANCED_FACE ( 'NONE', ( #6431 ), #5498, .T. ) ;
#6884 = VERTEX_POINT ( 'NONE', #264 ) ;
#6885 = ADVANCED_FACE ( 'NONE', ( #4938 ), #8708, .T. ) ;
#6886 = PRESENTATION_LAYER_ASSIGNMENT (  '', '', ( #5897 ) ) ;
#6887 = CARTESIAN_POINT ( 'NONE',  ( 2.717480239699282318, -2.212704249821370706, 3.199999999999996625 ) ) ;
#6888 = FACE_OUTER_BOUND ( 'NONE', #1056, .T. ) ;
#6889 = CARTESIAN_POINT ( 'NONE',  ( -8.000000000000000000, -3.500000000000000444, 1.000000000000000000 ) ) ;
#6890 =( LENGTH_UNIT ( ) NAMED_UNIT ( * ) SI_UNIT ( .MILLI., .METRE. ) );
#6891 = COLOUR_RGB ( '',0.7529411764705882248, 0.7529411764705882248, 0.7529411764705882248 ) ;
#6892 = ORIENTED_EDGE ( 'NONE', *, *, #3734, .F. ) ;
#6893 = FILL_AREA_STYLE ('',( #1553 ) ) ;
#6894 = DIRECTION ( 'NONE',  ( 0.0000000000000000000, 0.0000000000000000000, 1.000000000000000000 ) ) ;
#6895 = CARTESIAN_POINT ( 'NONE',  ( 3.843305823367958673, -1.399942067586848360, 3.099999999999623057 ) ) ;
#6896 = ORIENTED_EDGE ( 'NONE', *, *, #2507, .F. ) ;
#6897 = ORIENTED_EDGE ( 'NONE', *, *, #4733, .F. ) ;
#6898 = UNCERTAINTY_MEASURE_WITH_UNIT (LENGTH_MEASURE( 1.000000000000000082E-05 ), #205, 'distance_accuracy_value', 'NONE');
#6899 = DIRECTION ( 'NONE',  ( -1.000000000000000000, 0.0000000000000000000, 0.0000000000000000000 ) ) ;
#6900 = CYLINDRICAL_SURFACE ( 'NONE', #6676, 1.100000000000000311 ) ;
#6901 = CARTESIAN_POINT ( 'NONE',  ( -8.000000000000000000, -0.4999999999999993339, 1.000000000000000000 ) ) ;
#6902 = CARTESIAN_POINT ( 'NONE',  ( 2.833066451881872450, 0.8250418078367520724, 3.200000000000001066 ) ) ;
#6903 = CARTESIAN_POINT ( 'NONE',  ( 3.334065658004086607, -6.061852495983400146, 3.100000000000000977 ) ) ;
#6904 = CARTESIAN_POINT ( 'NONE',  ( 2.745104989200916723, -5.593568626313796699, 3.100000000000000977 ) ) ;
#6905 = DIRECTION ( 'NONE',  ( 0.8155011869496725518, 0.5787554009110198461, 0.0000000000000000000 ) ) ;
#6906 = COLOUR_RGB ( '',1.000000000000000000, 1.000000000000000000, 1.000000000000000000 ) ;
#6907 = CARTESIAN_POINT ( 'NONE',  ( 4.162896566367807694, 0.2272923163588276285, 3.099999999998812594 ) ) ;
#6908 = EDGE_LOOP ( 'NONE', ( #934, #5052, #7220, #8927 ) ) ;
#6909 =( LENGTH_UNIT ( ) NAMED_UNIT ( * ) SI_UNIT ( .MILLI., .METRE. ) );
#6910 = COLOUR_RGB ( '',1.000000000000000000, 1.000000000000000000, 0.0000000000000000000 ) ;
#6911 = DIRECTION ( 'NONE',  ( -1.000000000000000000, 0.0000000000000000000, -0.0000000000000000000 ) ) ;
#6912 = CARTESIAN_POINT ( 'NONE',  ( 2.920043255587924325, -1.571803054696670365, 3.100000000000000977 ) ) ;
#6913 = CARTESIAN_POINT ( 'NONE',  ( 4.769305144745993097, -6.232807385166426961, 3.100000000000000977 ) ) ;
#6914 = CARTESIAN_POINT ( 'NONE',  ( 3.063335129396779877, -4.914441141544138247, 3.100000000000412204 ) ) ;
#6915 = CARTESIAN_POINT ( 'NONE',  ( 3.678675523089367072, -2.174939262470993118, 3.200000000000001066 ) ) ;
#6916 = VERTEX_POINT ( 'NONE', #6481 ) ;
#6917 = AXIS2_PLACEMENT_3D ( 'NONE', #8975, #1148, #2016 ) ;
#6918 = ORIENTED_EDGE ( 'NONE', *, *, #1791, .F. ) ;
#6919 = LINE ( 'NONE', #10001, #9552 ) ;
#6920 = CARTESIAN_POINT ( 'NONE',  ( 2.718166640504534826, -4.457796831221454426, 3.200000000000001510 ) ) ;
#6921 = VERTEX_POINT ( 'NONE', #7193 ) ;
#6922 = ADVANCED_BREP_SHAPE_REPRESENTATION ( '887EA1BD-0908-4556-93AD-E66C4C3CB7D9', ( #5901, #6873 ), #4104 ) ;
#6923 = DIRECTION ( 'NONE',  ( -1.000000000000000000, 0.0000000000000000000, 0.0000000000000000000 ) ) ;
#6924 = EDGE_CURVE ( 'NONE', #2201, #846, #6261, .T. ) ;
#6925 = VECTOR ( 'NONE', #6099, 1000.000000000000000 ) ;
#6926 = CARTESIAN_POINT ( 'NONE',  ( 2.911656349946383671, -4.263258096711371792, 3.199999999999999734 ) ) ;
#6927 = CARTESIAN_POINT ( 'NONE',  ( 3.844038535327050088, -4.071263405269199609, 3.099999999999999645 ) ) ;
#6928 = EDGE_CURVE ( 'NONE', #8170, #4270, #1354, .T. ) ;
#6929 = CARTESIAN_POINT ( 'NONE',  ( 4.663802484685075633, -4.755183440163404107, 3.100000000000513012 ) ) ;
#6930 = CARTESIAN_POINT ( 'NONE',  ( 4.072459885496570564, -1.972401596009170754, 3.100000000000678657 ) ) ;
#6931 = ORIENTED_EDGE ( 'NONE', *, *, #3606, .F. ) ;
#6932 = CARTESIAN_POINT ( 'NONE',  ( 4.670317862098963602, 1.611330718774915516, 3.100000000000000977 ) ) ;
#6933 = CARTESIAN_POINT ( 'NONE',  ( -8.000000000000000000, -8.500000000000001776, 1.000000000000000000 ) ) ;
#6934 = ORIENTED_EDGE ( 'NONE', *, *, #3368, .F. ) ;
#6935 = PRESENTATION_STYLE_ASSIGNMENT (( #10014 ) ) ;
#6936 = CARTESIAN_POINT ( 'NONE',  ( 2.571349677350514895, 5.058331582644234103, 3.100000000000000977 ) ) ;
#6937 = EDGE_CURVE ( 'NONE', #594, #2349, #8175, .T. ) ;
#6938 = DIRECTION ( 'NONE',  ( 0.001432663286156703186, -0.9999989737374276322, 0.0000000000000000000 ) ) ;
#6939 = EDGE_CURVE ( 'NONE', #767, #3230, #8093, .T. ) ;
#6940 = ORIENTED_EDGE ( 'NONE', *, *, #10016, .F. ) ;
#6941 = FACE_OUTER_BOUND ( 'NONE', #9163, .T. ) ;
#6942 = DIRECTION ( 'NONE',  ( -0.0000000000000000000, -0.0000000000000000000, 1.000000000000000000 ) ) ;
#6943 = DIRECTION ( 'NONE',  ( -1.000000000000000000, -0.0000000000000000000, 0.0000000000000000000 ) ) ;
#6944 = ORIENTED_EDGE ( 'NONE', *, *, #8097, .F. ) ;
#6945 = CARTESIAN_POINT ( 'NONE',  ( 2.758600806142278650, -0.5113664654229562734, 3.199999999999997957 ) ) ;
#6946 = ORIENTED_EDGE ( 'NONE', *, *, #8061, .T. ) ;
#6947 = CARTESIAN_POINT ( 'NONE',  ( 4.504740309548772359, -5.737275638638135611, 3.199999999999997957 ) ) ;
#6948 = DIRECTION ( 'NONE',  ( -1.000000000000000000, -0.0000000000000000000, 0.0000000000000000000 ) ) ;
#6949 = CARTESIAN_POINT ( 'NONE',  ( 4.135697358072903285, -1.685568513059688689, 3.100000000000000977 ) ) ;
#6950 = SURFACE_STYLE_FILL_AREA ( #1713 ) ;
#6951 =( LENGTH_UNIT ( ) NAMED_UNIT ( * ) SI_UNIT ( .MILLI., .METRE. ) );
#6952 = CARTESIAN_POINT ( 'NONE',  ( 3.267662110992766600, -6.012639710109079161, 3.200000000000000178 ) ) ;
#6953 = CARTESIAN_POINT ( 'NONE',  ( -3.186462900341459292, 0.0000000000000000000, 1.000000000000000000 ) ) ;
#6954 = CARTESIAN_POINT ( 'NONE',  ( 2.685221545231559315, -5.571108612877292643, 3.200000000000000178 ) ) ;
#6955 = CARTESIAN_POINT ( 'NONE',  ( 2.669100637406973231, -1.973093306832810034, 3.099999999999971223 ) ) ;
#6956 = VERTEX_POINT ( 'NONE', #463 ) ;
#6957 = FILL_AREA_STYLE_COLOUR ( '', #3410 ) ;
#6958 = CARTESIAN_POINT ( 'NONE',  ( 2.687450988534420215, -6.771886775798208191, 3.100000000000000977 ) ) ;
#6959 = CARTESIAN_POINT ( 'NONE',  ( 4.596320992517989090, -4.853989266469157293, 3.200000000000006839 ) ) ;
#6960 = CARTESIAN_POINT ( 'NONE',  ( -8.000000000000000000, 5.500000000000000000, 1.000000000000000000 ) ) ;
#6961 = STYLED_ITEM ( 'NONE', ( #9210 ), #720 ) ;
#6962 = CARTESIAN_POINT ( 'NONE',  ( 2.825423928570725884, -4.858094992925177102, 3.100000000000648459 ) ) ;
#6963 = CARTESIAN_POINT ( 'NONE',  ( 3.761331165829289613, -2.170497302775022952, 3.100000000000000977 ) ) ;
#6964 = CARTESIAN_POINT ( 'NONE',  ( -4.591792873543973030, 6.820462724888163741, 1.920000000000000373 ) ) ;
#6965 = ORIENTED_EDGE ( 'NONE', *, *, #5925, .F. ) ;
#6966 = ORIENTED_EDGE ( 'NONE', *, *, #9530, .T. ) ;
#6967 = CARTESIAN_POINT ( 'NONE',  ( 4.105138672566606139, -5.343145069984670315, 3.100000000000000977 ) ) ;
#6968 = ORIENTED_EDGE ( 'NONE', *, *, #3361, .F. ) ;
#6969 = PRESENTATION_STYLE_ASSIGNMENT (( #1484 ) ) ;
#6970 = VECTOR ( 'NONE', #708, 1000.000000000000000 ) ;
#6971 = B_SPLINE_SURFACE_WITH_KNOTS ( 'NONE', 3, 1, ( 
 ( #8592, #105 ),
 ( #6315, #4773 ),
 ( #4012, #3380 ),
 ( #1890, #3432 ),
 ( #4114, #8132 ),
 ( #4169, #8846 ),
 ( #7940, #2487 ) ),
 .UNSPECIFIED., .F., .F., .F.,
 ( 4, 1, 1, 1, 4 ),
 ( 2, 2 ),
 ( 0.0000000000000000000, 0.2236165067224518133, 0.4536175329948418655, 0.7092593653035174084, 1.000000000000000000 ),
 ( 0.0000000000000000000, 1.000000000000000000 ),
 .UNSPECIFIED. ) ;
#6972 = DIRECTION ( 'NONE',  ( 0.001880579655305065264, -0.9999982317085165384, 0.0000000000000000000 ) ) ;
#6973 = DIRECTION ( 'NONE',  ( -0.9305304190063022896, 0.3662146082612700027, 0.0000000000000000000 ) ) ;
#6974 = CARTESIAN_POINT ( 'NONE',  ( 2.661122975638952948, -4.584812876552071259, 3.100000000000000533 ) ) ;
#6975 = LINE ( 'NONE', #6109, #7677 ) ;
#6976 = CARTESIAN_POINT ( 'NONE',  ( 2.842108460396559177, -1.766068510802465186, 3.199999999999990408 ) ) ;
#6977 = CARTESIAN_POINT ( 'NONE',  ( -8.000000000000000000, -8.500000000000001776, 1.000000000000000000 ) ) ;
#6978 = EDGE_LOOP ( 'NONE', ( #9459, #7505 ) ) ;
#6979 = COLOUR_RGB ( '',1.000000000000000000, 1.000000000000000000, 0.0000000000000000000 ) ;
#6980 = CARTESIAN_POINT ( 'NONE',  ( 4.201378719905121351, -5.671002488439794931, 3.200000000000000622 ) ) ;
#6981 = CARTESIAN_POINT ( 'NONE',  ( 2.685221545231559315, -5.571108612877292643, 3.200000000000000178 ) ) ;
#6982 = ORIENTED_EDGE ( 'NONE', *, *, #6739, .F. ) ;
#6983 = B_SPLINE_CURVE_WITH_KNOTS ( 'NONE', 3,
 ( #6914, #5420, #4702, #8527, #3789, #3024, #1524, #3837, #6962, #30, #3124 ),
 .UNSPECIFIED., .F., .F.,
 ( 4, 1, 1, 1, 1, 1, 1, 1, 4 ),
 ( 0.0000000000000000000, 4.295455634433235410E-05, 8.297377087419911628E-05, 0.0001200964723687077308, 0.0001553847726452999012, 0.0001881293245424318157, 0.0002185437337716439484, 0.0002472884644145974579, 0.0002743966037375499640 ),
 .UNSPECIFIED. ) ;
#6984 =( LENGTH_UNIT ( ) NAMED_UNIT ( * ) SI_UNIT ( .MILLI., .METRE. ) );
#6985 = COLOUR_RGB ( '',0.2509803921568627416, 0.2509803921568627416, 0.2509803921568627416 ) ;
#6986 = CARTESIAN_POINT ( 'NONE',  ( 3.231848620410831874, -4.526038353395975378, 3.100000000000000533 ) ) ;
#6987 = CARTESIAN_POINT ( 'NONE',  ( 3.660419698067185923, 0.1548158714744536923, 3.099999999999998757 ) ) ;
#6988 = EDGE_LOOP ( 'NONE', ( #8280, #1143, #8366, #4063 ) ) ;
#6989 = CARTESIAN_POINT ( 'NONE',  ( 2.743740038759874711, -1.093842716348353061, 3.100000000000054268 ) ) ;
#6990 = SURFACE_SIDE_STYLE ('',( #117 ) ) ;
#6991 = EDGE_CURVE ( 'NONE', #8045, #5317, #6550, .T. ) ;
#6992 = CARTESIAN_POINT ( 'NONE',  ( 3.856585313269659476, -1.388028898555263124, 3.099999999999623057 ) ) ;
#6993 = VECTOR ( 'NONE', #382, 1000.000000000000000 ) ;
#6994 = CARTESIAN_POINT ( 'NONE',  ( 4.283204549912431602, -6.787722653127238104, 3.200000000000002398 ) ) ;
#6995 = ORIENTED_EDGE ( 'NONE', *, *, #3182, .F. ) ;
#6996 = ADVANCED_FACE ( 'NONE', ( #8896 ), #1940, .T. ) ;
#6997 = EDGE_CURVE ( 'NONE', #6956, #6486, #9784, .T. ) ;
#6998 = UNCERTAINTY_MEASURE_WITH_UNIT (LENGTH_MEASURE( 1.000000000000000082E-05 ), #5120, 'distance_accuracy_value', 'NONE');
#6999 = CARTESIAN_POINT ( 'NONE',  ( 2.687005099873847946, 0.5630464777696894130, 3.100000000000000977 ) ) ;
#7000 = PRESENTATION_LAYER_ASSIGNMENT (  '', '', ( #9751 ) ) ;
#7001 = LINE ( 'NONE', #2962, #6807 ) ;
#7002 = CARTESIAN_POINT ( 'NONE',  ( 3.733187453224969587, 0.5802101789612671423, 3.100000000000000977 ) ) ;
#7003 = LINE ( 'NONE', #1763, #8348 ) ;
#7004 = DIRECTION ( 'NONE',  ( 0.0000000000000000000, 0.0000000000000000000, 1.000000000000000000 ) ) ;
#7005 = CARTESIAN_POINT ( 'NONE',  ( 3.418648069071773321, -6.123333763472460944, 3.200000000000000622 ) ) ;
#7006 = CARTESIAN_POINT ( 'NONE',  ( 2.968666388611892248, -1.469634557140085729, 3.200000000000001510 ) ) ;
#7007 = EDGE_CURVE ( 'NONE', #10003, #1720, #858, .T. ) ;
#7008 = CARTESIAN_POINT ( 'NONE',  ( 1.542484643350841456, 0.0000000000000000000, 3.200000000000000178 ) ) ;
#7009 = VERTEX_POINT ( 'NONE', #1275 ) ;
#7010 = B_SPLINE_CURVE_WITH_KNOTS ( 'NONE', 3,
 ( #5038, #2790, #8149, #6731, #8256, #6683, #7439, #474, #5960, #1951, #8908, #8204, #9682, #4329, #2693, #318, #7295, #4282, #8866 ),
 .UNSPECIFIED., .F., .F.,
 ( 4, 1, 1, 1, 1, 1, 1, 1, 1, 1, 1, 1, 1, 1, 1, 1, 4 ),
 ( 0.0000000000000000000, 3.736879034676399906E-05, 7.122959195483397857E-05, 0.0001015908141788921876, 0.0001284641518981464406, 0.0001514751439526327821, 0.0001705611799380090006, 0.0001867729156535062845, 0.0001992842194741099046, 0.0002217039421979470648, 0.0002449156153079078244, 0.0002697910526445757300, 0.0002968756985982800743, 0.0003250136867888694004, 0.0003526946792390240433, 0.0003805427196774030020, 0.0004096097147959663009 ),
 .UNSPECIFIED. ) ;
#7011 = STYLED_ITEM ( 'NONE', ( #1888 ), #3559 ) ;
#7012 = EDGE_CURVE ( 'NONE', #6254, #8751, #4322, .T. ) ;
#7013 = DIRECTION ( 'NONE',  ( 0.0000000000000000000, 0.0000000000000000000, 1.000000000000000000 ) ) ;
#7014 = SURFACE_STYLE_FILL_AREA ( #3881 ) ;
#7015 = CIRCLE ( 'NONE', #1316, 1.100000000000000311 ) ;
#7016 = CARTESIAN_POINT ( 'NONE',  ( 4.076134736181847629, -4.100912267701843916, 3.099999999999624833 ) ) ;
#7017 = CARTESIAN_POINT ( 'NONE',  ( 4.076134736181847629, -4.100912267701843916, 3.200000000000004174 ) ) ;
#7018 = VECTOR ( 'NONE', #5884, 1000.000000000000000 ) ;
#7019 = CARTESIAN_POINT ( 'NONE',  ( 2.765891369577620384, 1.416765001920875955, 3.199999999999989075 ) ) ;
#7020 = VERTEX_POINT ( 'NONE', #3800 ) ;
#7021 = CARTESIAN_POINT ( 'NONE',  ( 4.533830128668967951, 0.3662996609189494990, 3.099999999999996092 ) ) ;
#7022 = ORIENTED_EDGE ( 'NONE', *, *, #2260, .F. ) ;
#7023 = DIRECTION ( 'NONE',  ( -0.001632650885264664772, 0.9999986672246553576, 0.0000000000000000000 ) ) ;
#7024 = CARTESIAN_POINT ( 'NONE',  ( 3.708090132584171528, -5.382624235144940705, 3.100000000000000977 ) ) ;
#7025 = VERTEX_POINT ( 'NONE', #760 ) ;
#7026 = PRESENTATION_LAYER_ASSIGNMENT (  '', '', ( #8324 ) ) ;
#7027 = COLOUR_RGB ( '',0.7529411764705882248, 0.7529411764705882248, 0.7529411764705882248 ) ;
#7028 = CARTESIAN_POINT ( 'NONE',  ( 2.990701698550297216, -4.213630959953184707, 3.100000000000000977 ) ) ;
#7029 = LINE ( 'NONE', #6366, #1370 ) ;
#7030 = CARTESIAN_POINT ( 'NONE',  ( 3.711702037124519293, -1.043345426499791451, 3.200000000000000178 ) ) ;
#7031 = CARTESIAN_POINT ( 'NONE',  ( 3.889098646523052594, -1.746204552846628788, 3.200000000000002398 ) ) ;
#7032 = DIRECTION ( 'NONE',  ( -1.000000000000000000, 0.0000000000000000000, 0.0000000000000000000 ) ) ;
#7033 = FILL_AREA_STYLE_COLOUR ( '', #500 ) ;
#7034 = CARTESIAN_POINT ( 'NONE',  ( 3.965518451264765432, -2.099051127975203102, 3.100000000000679101 ) ) ;
#7035 = AXIS2_PLACEMENT_3D ( 'NONE', #5856, #426, #1241 ) ;
#7036 = ORIENTED_EDGE ( 'NONE', *, *, #6867, .F. ) ;
#7037 = CARTESIAN_POINT ( 'NONE',  ( 3.473434680021454835, 5.408671292847225587, 3.200000000000000178 ) ) ;
#7038 = CARTESIAN_POINT ( 'NONE',  ( -3.186462900341459292, 5.459950475304171214, 1.200000000000000178 ) ) ;
#7039 = VERTEX_POINT ( 'NONE', #3848 ) ;
#7041 = AXIS2_PLACEMENT_3D ( 'NONE', #9046, #6723, #5751 ) ;
#7040 = CARTESIAN_POINT ( 'NONE',  ( 4.323416484173798757, -5.280961620534480261, 3.200000000000000622 ) ) ;
#7042 = CARTESIAN_POINT ( 'NONE',  ( 3.534732157294038668, -1.307001492382553476, 3.099999999999624389 ) ) ;
#7043 = CARTESIAN_POINT ( 'NONE',  ( 4.501904150784301173, -4.550888288282706640, 3.100000000000596945 ) ) ;
#7044 = ORIENTED_EDGE ( 'NONE', *, *, #6382, .F. ) ;
#7045 = DIRECTION ( 'NONE',  ( 0.003333314814965730299, -0.9999944444907402641, 0.0000000000000000000 ) ) ;
#7046 = LINE ( 'NONE', #6844, #2910 ) ;
#7047 = ORIENTED_EDGE ( 'NONE', *, *, #8549, .F. ) ;
#7048 = CARTESIAN_POINT ( 'NONE',  ( 4.179663116178244486, -5.325701015588018450, 3.099999999999948130 ) ) ;
#7049 = ORIENTED_EDGE ( 'NONE', *, *, #7437, .F. ) ;
#7050 = CARTESIAN_POINT ( 'NONE',  ( 3.883753384030912414, -2.147152705038420262, 3.200000000000000178 ) ) ;
#7051 = CARTESIAN_POINT ( 'NONE',  ( 2.931803579672959792, -0.3303703716208747920, 3.100000000000000977 ) ) ;
#7052 = CARTESIAN_POINT ( 'NONE',  ( 4.415269548251669285, -6.019226716752346995, 3.200000000000000178 ) ) ;
#7053 = CARTESIAN_POINT ( 'NONE',  ( 3.723696235704197388, 0.7623587090454595483, 3.100000000000000977 ) ) ;
#7054 = SURFACE_SIDE_STYLE ('',( #6950 ) ) ;
#7055 = CARTESIAN_POINT ( 'NONE',  ( 2.744970625748234028, -0.5877921551671416722, 3.200000000000000178 ) ) ;
#7056 = EDGE_CURVE ( 'NONE', #6747, #7025, #6975, .T. ) ;
#7057 = CARTESIAN_POINT ( 'NONE',  ( 3.016362005931888302, -1.439329022982207329, 3.200000000000000178 ) ) ;
#7058 = PLANE ( 'NONE',  #7799 ) ;
#7059 = B_SPLINE_SURFACE_WITH_KNOTS ( 'NONE', 3, 1, ( 
 ( #3487, #8238 ),
 ( #2078, #1894 ),
 ( #2678, #410 ),
 ( #6621, #7381 ),
 ( #8136, #454 ),
 ( #8090, #1117 ),
 ( #4221, #2722 ) ),
 .UNSPECIFIED., .F., .F., .F.,
 ( 4, 1, 1, 1, 4 ),
 ( 2, 2 ),
 ( 0.0000000000000000000, 0.2889530212863973824, 0.5486786646454020477, 0.7831000868284616612, 1.000000000000000000 ),
 ( 0.0000000000000000000, 1.000000000000000000 ),
 .UNSPECIFIED. ) ;
#7060 = VERTEX_POINT ( 'NONE', #9251 ) ;
#7061 = CIRCLE ( 'NONE', #4770, 2.399999999999999023 ) ;
#7062 = PRESENTATION_STYLE_ASSIGNMENT (( #9962 ) ) ;
#7063 = ADVANCED_FACE ( 'NONE', ( #570 ), #312, .T. ) ;
#7064 = COLOUR_RGB ( '',0.7529411764705882248, 0.7529411764705882248, 0.7529411764705882248 ) ;
#7065 = CARTESIAN_POINT ( 'NONE',  ( 4.723054446222056946, -4.935309469424491446, 3.099999999999854428 ) ) ;
#7066 = FACE_OUTER_BOUND ( 'NONE', #10024, .T. ) ;
#7067 = EDGE_CURVE ( 'NONE', #5494, #3391, #550, .T. ) ;
#7068 = DIRECTION ( 'NONE',  ( -0.0000000000000000000, 1.000000000000000000, 0.0000000000000000000 ) ) ;
#7069 = ADVANCED_FACE ( 'NONE', ( #2235 ), #4520, .F. ) ;
#7070 = CARTESIAN_POINT ( 'NONE',  ( 2.666494221487527128, -1.295415935059019752, 3.100000000000000977 ) ) ;
#7071 = ORIENTED_EDGE ( 'NONE', *, *, #3932, .F. ) ;
#7072 = CARTESIAN_POINT ( 'NONE',  ( 4.188317976684174937, 3.584635112845306892, 3.100000000000000977 ) ) ;
#7073 = ORIENTED_EDGE ( 'NONE', *, *, #6126, .F. ) ;
#7074 = CARTESIAN_POINT ( 'NONE',  ( 2.990579462359585605, -5.239584639075806294, 3.100000000000000977 ) ) ;
#7075 = CARTESIAN_POINT ( 'NONE',  ( 3.951152993682848003, -5.368531437872081646, 3.100000000000000977 ) ) ;
#7076 = ORIENTED_EDGE ( 'NONE', *, *, #3792, .T. ) ;
#7077 = AXIS2_PLACEMENT_3D ( 'NONE', #5427, #95, #4812 ) ;
#7078 = CARTESIAN_POINT ( 'NONE',  ( 3.193770270993409710, -6.786792562979873544, 3.099999999999855316 ) ) ;
#7079 = CARTESIAN_POINT ( 'NONE',  ( 3.127603378462386008, -4.155674148412584756, 3.200000000000000178 ) ) ;
#7080 = DIRECTION ( 'NONE',  ( 0.0000000000000000000, 0.0000000000000000000, 1.000000000000000000 ) ) ;
#7081 = FACE_OUTER_BOUND ( 'NONE', #5455, .T. ) ;
#7082 = CARTESIAN_POINT ( 'NONE',  ( 3.513682676574694241, -4.522059120240607299, 3.100000000000959766 ) ) ;
#7083 = VECTOR ( 'NONE', #9222, 1000.000000000000114 ) ;
#7084 = SURFACE_STYLE_USAGE ( .BOTH. , #3092 ) ;
#7085 = ORIENTED_EDGE ( 'NONE', *, *, #1401, .T. ) ;
#7086 = CARTESIAN_POINT ( 'NONE',  ( 4.283204549912431602, -6.787722653127238104, 3.100000000000000977 ) ) ;
#7087 = CARTESIAN_POINT ( 'NONE',  ( 4.166463675652384957, -0.2676440968763069139, 3.200000000000000178 ) ) ;
#7088 = EDGE_LOOP ( 'NONE', ( #6176, #9267, #1529, #1013, #6284, #4512, #1119, #7047 ) ) ;
#7089 = VECTOR ( 'NONE', #1665, 1000.000000000000000 ) ;
#7090 = CARTESIAN_POINT ( 'NONE',  ( 4.373104652323418939, -5.262124450917020191, 3.199999999999999289 ) ) ;
#7091 = UNCERTAINTY_MEASURE_WITH_UNIT (LENGTH_MEASURE( 1.000000000000000082E-05 ), #9736, 'distance_accuracy_value', 'NONE');
#7092 = CARTESIAN_POINT ( 'NONE',  ( 3.044607805652747246, 0.8466316658936040573, 3.100000000000022293 ) ) ;
#7093 = CARTESIAN_POINT ( 'NONE',  ( 2.697140093188048038, -1.877327122439500950, 3.100000000000000977 ) ) ;
#7094 = DIRECTION ( 'NONE',  ( 0.9321690295519318159, 0.3620233422642933907, 0.0000000000000000000 ) ) ;
#7095 = B_SPLINE_CURVE_WITH_KNOTS ( 'NONE', 3,
 ( #1753, #3200, #3309, #988, #6434, #4079, #6279, #1705, #8761, #4830, #60 ),
 .UNSPECIFIED., .F., .F.,
 ( 4, 1, 1, 1, 1, 1, 1, 1, 4 ),
 ( 0.0000000000000000000, 3.678236012925270050E-05, 7.314809746771973873E-05, 0.0001109301037492627855, 0.0001514489474747770657, 0.0001930410420577428107, 0.0002344296252692506296, 0.0002766378639563380989, 0.0003217148696940978422 ),
 .UNSPECIFIED. ) ;
#7096 = PRESENTATION_LAYER_ASSIGNMENT (  '', '', ( #1409 ) ) ;
#7097 = DIRECTION ( 'NONE',  ( 0.0000000000000000000, 0.0000000000000000000, 1.000000000000000000 ) ) ;
#7098 = CARTESIAN_POINT ( 'NONE',  ( 4.319861344348815635, 0.2419363814125669032, 3.199999999999998845 ) ) ;
#7099 = EDGE_LOOP ( 'NONE', ( #79, #830, #1575, #9157 ) ) ;
#7100 = CARTESIAN_POINT ( 'NONE',  ( -2.000000000000000888, 8.000000000000000000, 3.200000000000000178 ) ) ;
#7101 = EDGE_LOOP ( 'NONE', ( #2327, #9874, #4662, #7842 ) ) ;
#7102 = UNCERTAINTY_MEASURE_WITH_UNIT (LENGTH_MEASURE( 1.000000000000000082E-05 ), #1371, 'distance_accuracy_value', 'NONE');
#7103 = CARTESIAN_POINT ( 'NONE',  ( 4.072459885496570564, -1.972401596009170754, 3.199999999999999734 ) ) ;
#7104 = CARTESIAN_POINT ( 'NONE',  ( 3.206465389440453340, -4.131460653579368092, 3.100000000000616929 ) ) ;
#7105 = CARTESIAN_POINT ( 'NONE',  ( 8.000000000000000000, 2.499999999999999556, 1.000000000000000000 ) ) ;
#7106 = CARTESIAN_POINT ( 'NONE',  ( 3.772557959443765707, -6.312268064530220713, 3.200000000000000178 ) ) ;
#7107 = CARTESIAN_POINT ( 'NONE',  ( 3.709212362585258216, 0.02010129322543862188, 3.100000000000000977 ) ) ;
#7108 = DIRECTION ( 'NONE',  ( -0.0000000000000000000, -1.000000000000000000, -0.0000000000000000000 ) ) ;
#7109 = ORIENTED_EDGE ( 'NONE', *, *, #8061, .F. ) ;
#7110 = FILL_AREA_STYLE ('',( #1721 ) ) ;
#7111 = FILL_AREA_STYLE_COLOUR ( '', #6555 ) ;
#7112 = DIRECTION ( 'NONE',  ( 0.0000000000000000000, -1.000000000000000000, 0.0000000000000000000 ) ) ;
#7113 = CARTESIAN_POINT ( 'NONE',  ( 8.000000000000000000, -8.500000000000000000, 1.000000000000000000 ) ) ;
#7114 = ORIENTED_EDGE ( 'NONE', *, *, #2869, .T. ) ;
#7115 = AXIS2_PLACEMENT_3D ( 'NONE', #6664, #8182, #4215 ) ;
#7116 = DIRECTION ( 'NONE',  ( 0.0000000000000000000, 0.0000000000000000000, 1.000000000000000000 ) ) ;
#7117 = EDGE_LOOP ( 'NONE', ( #9498, #96 ) ) ;
#7118 = ADVANCED_FACE ( 'NONE', ( #2987, #9206 ), #2486, .T. ) ;
#7119 = CARTESIAN_POINT ( 'NONE',  ( 7.082842712474620939, -8.082842712474619162, 0.9999999999999997780 ) ) ;
#7120 = CARTESIAN_POINT ( 'NONE',  ( 3.735742593711724790, -5.382256747677341302, 3.100000000000000977 ) ) ;
#7121 = ORIENTED_EDGE ( 'NONE', *, *, #5194, .F. ) ;
#7122 = CARTESIAN_POINT ( 'NONE',  ( 2.862279301058648695, -2.223020016672135224, 3.200000000000000622 ) ) ;
#7123 = ADVANCED_FACE ( 'NONE', ( #7994 ), #3185, .T. ) ;
#7124 = EDGE_CURVE ( 'NONE', #7317, #2771, #2970, .T. ) ;
#7125 = DIRECTION ( 'NONE',  ( -1.000000000000000000, -1.734723475976806848E-16, -0.0000000000000000000 ) ) ;
#7126 = PRESENTATION_LAYER_ASSIGNMENT (  '', '', ( #6961 ) ) ;
#7127 = CARTESIAN_POINT ( 'NONE',  ( 3.277361686471432112, 0.0000000000000000000, 3.200000000000000178 ) ) ;
#7128 = CARTESIAN_POINT ( 'NONE',  ( 4.906206775549457610, 4.851300258385033537, 3.200000000000000178 ) ) ;
#7129 = CARTESIAN_POINT ( 'NONE',  ( 4.339542110980956657, -0.2409499503440290791, 3.100000000000000089 ) ) ;
#7130 = DIRECTION ( 'NONE',  ( 0.0000000000000000000, 0.0000000000000000000, 1.000000000000000000 ) ) ;
#7131 = PRESENTATION_STYLE_ASSIGNMENT (( #7084 ) ) ;
#7132 = VERTEX_POINT ( 'NONE', #4058 ) ;
#7133 =( NAMED_UNIT ( * ) SI_UNIT ( $, .STERADIAN. ) SOLID_ANGLE_UNIT ( ) );
#7134 = CARTESIAN_POINT ( 'NONE',  ( 4.148002663810291146, -0.2673160378058381248, 3.100000000000000533 ) ) ;
#7135 = VECTOR ( 'NONE', #7679, 1000.000000000000000 ) ;
#7136 = VERTEX_POINT ( 'NONE', #4719 ) ;
#7137 = EDGE_CURVE ( 'NONE', #8638, #1106, #8311, .T. ) ;
#7138 = CARTESIAN_POINT ( 'NONE',  ( 2.876369388193840138, -1.760061888068835456, 3.199999999999999289 ) ) ;
#7139 = MECHANICAL_DESIGN_GEOMETRIC_PRESENTATION_REPRESENTATION (  '', ( #4523 ), #1613 ) ;
#7140 = B_SPLINE_SURFACE_WITH_KNOTS ( 'NONE', 3, 1, ( 
 ( #4832, #933 ),
 ( #7197, #9624 ),
 ( #8057, #4135 ),
 ( #7291, #883 ),
 ( #3202, #7098 ),
 ( #4182, #5552 ),
 ( #6485, #4786 ),
 ( #8817, #1088 ),
 ( #221, #3394 ),
 ( #7853, #3975 ),
 ( #7245, #118 ),
 ( #8763, #2643 ),
 ( #8660, #9572 ),
 ( #5756, #7143 ),
 ( #169, #268 ),
 ( #3257, #6386 ),
 ( #5605, #1807 ),
 ( #1755, #8712 ),
 ( #7956, #2091 ) ),
 .UNSPECIFIED., .F., .F., .F.,
 ( 4, 1, 1, 1, 1, 1, 1, 1, 1, 1, 1, 1, 1, 1, 1, 1, 4 ),
 ( 2, 2 ),
 ( 0.0000000000000000000, 0.07507569696966276407, 0.1457117256655655058, 0.2121910416848504788, 0.2744526271295428255, 0.3330731344241777414, 0.3884710528389978546, 0.4421521989159994392, 0.4945393109033037748, 0.5468654564242443339, 0.6008792209873341505, 0.6576087897149041073, 0.7173440374293594823, 0.7807570405178203554, 0.8489975809445421406, 0.9219480509609139229, 1.000000000000000000 ),
 ( 0.0000000000000000000, 1.000000000000000000 ),
 .UNSPECIFIED. ) ;
#7141 = ORIENTED_EDGE ( 'NONE', *, *, #8165, .T. ) ;
#7142 = CARTESIAN_POINT ( 'NONE',  ( 3.892172409692126855, -6.694863379374822010, 3.199999999999998401 ) ) ;
#7143 = CARTESIAN_POINT ( 'NONE',  ( 4.591517052615265548, 0.4803095307866747099, 3.199999999999998401 ) ) ;
#7144 = ORIENTED_EDGE ( 'NONE', *, *, #9964, .F. ) ;
#7145 = VECTOR ( 'NONE', #2641, 1000.000000000000000 ) ;
#7146 = CARTESIAN_POINT ( 'NONE',  ( 3.584083460887554029, -1.409782246693025654, 3.199999999999998845 ) ) ;
#7147 = ORIENTED_EDGE ( 'NONE', *, *, #3680, .F. ) ;
#7148 = CARTESIAN_POINT ( 'NONE',  ( 4.010443889306917420, -2.054996716635631770, 3.199999999999999289 ) ) ;
#7149 = CARTESIAN_POINT ( 'NONE',  ( 2.902703578699290965, -0.3513821391455419496, 3.200000000000001066 ) ) ;
#7150 =( NAMED_UNIT ( * ) SI_UNIT ( $, .STERADIAN. ) SOLID_ANGLE_UNIT ( ) );
#7151 = CARTESIAN_POINT ( 'NONE',  ( 3.651313574488546987, -1.057693747678252194, 3.099999999999717648 ) ) ;
#7152 = CARTESIAN_POINT ( 'NONE',  ( 4.665007004297526905, -4.707068415485640145, 3.100000000000076028 ) ) ;
#7153 = CARTESIAN_POINT ( 'NONE',  ( 4.011604932330274487, -1.475637682253603034, 3.100000000000608935 ) ) ;
#7154 = CARTESIAN_POINT ( 'NONE',  ( 2.923961984574872996, -1.016252657632313872, 3.199999999999999734 ) ) ;
#7155 =( BOUNDED_CURVE ( )  B_SPLINE_CURVE ( 3, ( #8432, #3157, #7202, #8616 ),
 .UNSPECIFIED., .F., .F. ) 
 B_SPLINE_CURVE_WITH_KNOTS ( ( 4, 4 ),
 ( 0.0000000000000000000, 1.570796326794892339 ),
 .UNSPECIFIED. ) 
 CURVE ( )  GEOMETRIC_REPRESENTATION_ITEM ( )  RATIONAL_B_SPLINE_CURVE ( ( 1.000000000000000000, 0.8047378541243659367, 0.8047378541243659367, 1.000000000000000000 ) ) 
 REPRESENTATION_ITEM ( '' )  );
#7156 = FACE_BOUND ( 'NONE', #1397, .T. ) ;
#7157 = CARTESIAN_POINT ( 'NONE',  ( 3.660419698067186367, 0.1548158714744537201, 3.200000000000000178 ) ) ;
#7158 = CARTESIAN_POINT ( 'NONE',  ( 4.406358943775487091, 1.328034797976910708, 3.100000000000000089 ) ) ;
#7159 = ORIENTED_EDGE ( 'NONE', *, *, #3917, .T. ) ;
#7160 = CYLINDRICAL_SURFACE ( 'NONE', #4086, 0.5000000000000013323 ) ;
#7161 = VECTOR ( 'NONE', #8643, 1000.000000000000000 ) ;
#7162 = CARTESIAN_POINT ( 'NONE',  ( 4.906206775549457610, 4.851300258385033537, 3.100000000000000977 ) ) ;
#7163 = CARTESIAN_POINT ( 'NONE',  ( 4.420533339011854856, -5.240194650835496404, 3.099999999999853983 ) ) ;
#7164 = CARTESIAN_POINT ( 'NONE',  ( 3.545011490985022995, -1.345659017447457195, 3.200000000000001954 ) ) ;
#7165 = CARTESIAN_POINT ( 'NONE',  ( 3.043716028331602708, 1.325070198687567480, 3.199999999999998845 ) ) ;
#7166 = CARTESIAN_POINT ( 'NONE',  ( 4.522124296388104092, -0.1312886707066070191, 3.199999999999989519 ) ) ;
#7167 = AXIS2_PLACEMENT_3D ( 'NONE', #9914, #4755, #9204 ) ;
#7168 = ORIENTED_EDGE ( 'NONE', *, *, #7368, .F. ) ;
#7169 = CARTESIAN_POINT ( 'NONE',  ( 3.792808978092887529, -0.1062324017491729361, 3.200000000000000178 ) ) ;
#7170 = VERTEX_POINT ( 'NONE', #7128 ) ;
#7171 = CARTESIAN_POINT ( 'NONE',  ( 2.777032134085226200, -5.069862987882914673, 3.199999999999999734 ) ) ;
#7172 = CARTESIAN_POINT ( 'NONE',  ( 2.764945001116338563, -4.795643016573489348, 3.199999999999999734 ) ) ;
#7173 = ORIENTED_EDGE ( 'NONE', *, *, #9589, .F. ) ;
#7174 = CARTESIAN_POINT ( 'NONE',  ( 3.016220871047951224, -2.177031282079126218, 3.200000000000001066 ) ) ;
#7175 = CARTESIAN_POINT ( 'NONE',  ( 3.698949194975115873, -1.463261269376415541, 3.100000000000000977 ) ) ;
#7176 = CARTESIAN_POINT ( 'NONE',  ( 4.368005350231017658, 1.327745530651000649, 3.100000000000000977 ) ) ;
#7177 =( NAMED_UNIT ( * ) SI_UNIT ( $, .STERADIAN. ) SOLID_ANGLE_UNIT ( ) );
#7178 = CARTESIAN_POINT ( 'NONE',  ( 3.788510578115128258, -1.754386735010137199, 3.200000000000002398 ) ) ;
#7179 = CARTESIAN_POINT ( 'NONE',  ( 2.081616103632565551, 5.942926100539533074, 3.100000000000000977 ) ) ;
#7180 = LINE ( 'NONE', #4013, #8794 ) ;
#7181 = CARTESIAN_POINT ( 'NONE',  ( -8.000000000000000000, -5.000000000000000000, 0.0000000000000000000 ) ) ;
#7182 = ORIENTED_EDGE ( 'NONE', *, *, #6937, .T. ) ;
#7183 = CARTESIAN_POINT ( 'NONE',  ( 4.659503052115975485, -6.576661359568115373, 3.200000000000000622 ) ) ;
#7184 = EDGE_CURVE ( 'NONE', #7998, #5823, #2471, .T. ) ;
#7185 = ADVANCED_FACE ( 'NONE', ( #204 ), #9451, .F. ) ;
#7186 = COLOUR_RGB ( '',0.2509803921568627416, 0.2509803921568627416, 0.2509803921568627416 ) ;
#7187 = CARTESIAN_POINT ( 'NONE',  ( 2.666494221487527128, -1.295415935059019752, 3.200000000000000622 ) ) ;
#7188 = AXIS2_PLACEMENT_3D ( 'NONE', #4643, #6899, #1606 ) ;
#7189 = EDGE_LOOP ( 'NONE', ( #3694, #9750, #3436, #1481 ) ) ;
#7190 = CARTESIAN_POINT ( 'NONE',  ( 3.710765464547603809, -1.463961848755308326, 3.099999999999973443 ) ) ;
#7191 = CARTESIAN_POINT ( 'NONE',  ( 4.368033655526867953, -4.533347979838694641, 3.100000000000596057 ) ) ;
#7192 = EDGE_CURVE ( 'NONE', #6388, #4000, #9033, .T. ) ;
#7193 = CARTESIAN_POINT ( 'NONE',  ( 4.769305144745993097, -6.232807385166426961, 3.200000000000000622 ) ) ;
#7194 = CARTESIAN_POINT ( 'NONE',  ( 8.000000000000000000, -7.500000000000001776, 1.000000000000000000 ) ) ;
#7195 = CARTESIAN_POINT ( 'NONE',  ( 2.956196830515447793, -1.015858406943128234, 3.199999999999999289 ) ) ;
#7196 = EDGE_CURVE ( 'NONE', #9221, #359, #9138, .T. ) ;
#7197 = CARTESIAN_POINT ( 'NONE',  ( 4.181639416828881295, 0.2275998251586347498, 3.100000000000000977 ) ) ;
#7198 = ORIENTED_EDGE ( 'NONE', *, *, #5690, .F. ) ;
#7199 = CARTESIAN_POINT ( 'NONE',  ( 3.790495948468780796, -5.381529102800112874, 3.099999999999947686 ) ) ;
#7200 = UNCERTAINTY_MEASURE_WITH_UNIT (LENGTH_MEASURE( 1.000000000000000082E-05 ), #3388, 'distance_accuracy_value', 'NONE');
#7201 = DIRECTION ( 'NONE',  ( -0.002034583784806286762, 0.9999979302322693497, 0.0000000000000000000 ) ) ;
#7202 = CARTESIAN_POINT ( 'NONE',  ( -2.082842712474619606, 5.082842712474619162, 1.000000000000000444 ) ) ;
#7203 = COLOUR_RGB ( '',0.2509803921568627416, 0.2509803921568627416, 0.2509803921568627416 ) ;
#7204 = CARTESIAN_POINT ( 'NONE',  ( 4.596320992517989090, -4.853989266469157293, 3.100000000000053380 ) ) ;
#7205 = CARTESIAN_POINT ( 'NONE',  ( 2.762294244009007471, -4.667669785652514669, 3.200000000000000622 ) ) ;
#7206 = CARTESIAN_POINT ( 'NONE',  ( 3.660040730492913674, -6.267999181509415152, 3.100000000000000977 ) ) ;
#7207 = CARTESIAN_POINT ( 'NONE',  ( 3.709212362585258216, 0.02010129322543862188, 3.200000000000000622 ) ) ;
#7208 = CARTESIAN_POINT ( 'NONE',  ( 4.299858967233005203, -5.289073498880191515, 3.199999999999997513 ) ) ;
#7209 = ORIENTED_EDGE ( 'NONE', *, *, #7999, .F. ) ;
#7210 = PRESENTATION_LAYER_ASSIGNMENT (  '', '', ( #2325 ) ) ;
#7211 = SURFACE_STYLE_USAGE ( .BOTH. , #8777 ) ;
#7212 = CARTESIAN_POINT ( 'NONE',  ( 4.699891294586261203, -4.469488205844956319, 3.200000000000000622 ) ) ;
#7213 = CARTESIAN_POINT ( 'NONE',  ( 2.745104989200916723, -5.593568626313796699, 3.199999999999985523 ) ) ;
#7214 = CARTESIAN_POINT ( 'NONE',  ( 3.005662272014303138, 1.325388940841571106, 3.100000000000683098 ) ) ;
#7215 = CARTESIAN_POINT ( 'NONE',  ( 2.942945191042287245, -1.015397856219682149, 3.099999999999996980 ) ) ;
#7216 =( GEOMETRIC_REPRESENTATION_CONTEXT ( 3 ) GLOBAL_UNCERTAINTY_ASSIGNED_CONTEXT ( ( #7200 ) ) GLOBAL_UNIT_ASSIGNED_CONTEXT ( ( #3388, #5793, #9813 ) ) REPRESENTATION_CONTEXT ( 'NONE', 'WORKASPACE' ) );
#7217 = CARTESIAN_POINT ( 'NONE',  ( 4.708796862968912755, 0.2796319326374728242, 3.199999999999988631 ) ) ;
#7218 = ORIENTED_EDGE ( 'NONE', *, *, #8361, .T. ) ;
#7219 = CARTESIAN_POINT ( 'NONE',  ( 4.457308193252179862, -4.541834942368690342, 3.199999999999982414 ) ) ;
#7220 = ORIENTED_EDGE ( 'NONE', *, *, #3690, .T. ) ;
#7221 = CARTESIAN_POINT ( 'NONE',  ( 4.123774475881750057, -6.351553020287748375, 3.200000000000000622 ) ) ;
#7222 = CARTESIAN_POINT ( 'NONE',  ( 2.888025898047694273, -2.192247440756965204, 3.100000000000000977 ) ) ;
#7224 = LINE ( 'NONE', #399, #4284 ) ;
#7223 = COLOUR_RGB ( '',0.2509803921568627416, 0.2509803921568627416, 0.2509803921568627416 ) ;
#7225 = FACE_OUTER_BOUND ( 'NONE', #9146, .T. ) ;
#7226 = SURFACE_SIDE_STYLE ('',( #2484 ) ) ;
#7227 = CARTESIAN_POINT ( 'NONE',  ( 4.188317976684174937, 3.584635112845306892, 3.100000000000000977 ) ) ;
#7228 = FILL_AREA_STYLE ('',( #7416 ) ) ;
#7229 = SURFACE_SIDE_STYLE ('',( #5739 ) ) ;
#7230 = LINE ( 'NONE', #4061, #7816 ) ;
#7231 = DIRECTION ( 'NONE',  ( -1.000000000000000000, -1.734723475976806848E-16, 0.0000000000000000000 ) ) ;
#7232 = ORIENTED_EDGE ( 'NONE', *, *, #9953, .F. ) ;
#7233 = FACE_OUTER_BOUND ( 'NONE', #1685, .T. ) ;
#7234 = CIRCLE ( 'NONE', #6745, 2.500000000000000000 ) ;
#7235 = DIRECTION ( 'NONE',  ( -1.000000000000000000, 0.0000000000000000000, 0.0000000000000000000 ) ) ;
#7236 = DIRECTION ( 'NONE',  ( -1.000000000000000000, 0.0000000000000000000, 0.0000000000000000000 ) ) ;
#7237 = ORIENTED_EDGE ( 'NONE', *, *, #758, .F. ) ;
#7238 = ADVANCED_FACE ( 'NONE', ( #5017 ), #4922, .F. ) ;
#7239 = LINE ( 'NONE', #6531, #4603 ) ;
#7240 = EDGE_CURVE ( 'NONE', #3103, #6667, #6000, .T. ) ;
#7241 = VECTOR ( 'NONE', #8740, 1000.000000000000000 ) ;
#7242 = FACE_OUTER_BOUND ( 'NONE', #7270, .T. ) ;
#7243 = CARTESIAN_POINT ( 'NONE',  ( -4.761792873543973847, 6.820462724888163741, 2.000000000000000000 ) ) ;
#7244 = LINE ( 'NONE', #2687, #3261 ) ;
#7245 = CARTESIAN_POINT ( 'NONE',  ( 4.533830128668967063, 0.3662996609189494990, 3.100000000000000089 ) ) ;
#7246 = EDGE_LOOP ( 'NONE', ( #1625, #1948, #1267, #2374, #3890, #687, #6934, #3860, #2023, #3908, #6587, #1001, #7147, #5021, #5077, #508, #7380, #5890, #2342, #200, #8735, #294, #6202, #764, #2143, #7746, #6918, #6940, #9626, #1893, #3028, #6125, #9040, #632, #443, #6619, #9118, #8550, #434, #234, #8323, #6178, #9863, #33 ) ) ;
#7247 = ADVANCED_FACE ( 'NONE', ( #4973 ), #8842, .T. ) ;
#7248 = DIRECTION ( 'NONE',  ( 0.0000000000000000000, 0.0000000000000000000, 1.000000000000000000 ) ) ;
#7249 = CARTESIAN_POINT ( 'NONE',  ( 4.115281287811521693, -1.864250767743167669, 3.199999999999999289 ) ) ;
#7250 = EDGE_CURVE ( 'NONE', #6783, #7426, #6859, .T. ) ;
#7251 = SURFACE_STYLE_FILL_AREA ( #9778 ) ;
#7252 = ADVANCED_FACE ( 'NONE', ( #7722 ), #4558, .F. ) ;
#7253 = CARTESIAN_POINT ( 'NONE',  ( 3.137352647051763643, -5.297905389636225593, 3.200000000000000622 ) ) ;
#7254 = SURFACE_STYLE_USAGE ( .BOTH. , #4792 ) ;
#7255 = DIRECTION ( 'NONE',  ( -0.0000000000000000000, -0.0000000000000000000, -1.000000000000000000 ) ) ;
#7256 = CARTESIAN_POINT ( 'NONE',  ( 3.883934317244508438, -6.341096429843344318, 3.100000000000000977 ) ) ;
#7257 = CARTESIAN_POINT ( 'NONE',  ( 4.333227577357231297, -4.531826653108838698, 3.100000000000000533 ) ) ;
#7258 = CARTESIAN_POINT ( 'NONE',  ( 4.657871176525409496, 1.454260958080096033, 3.199999999999998845 ) ) ;
#7259 = ORIENTED_EDGE ( 'NONE', *, *, #1474, .T. ) ;
#7260 = B_SPLINE_CURVE_WITH_KNOTS ( 'NONE', 3,
 ( #2572, #8780, #1877, #9826, #1826, #5963, #288, #1348, #4438, #5200, #2097, #4960, #4909, #8026, #8316, #1006, #1060, #8073, #1104, #2153, #7550, #582, #7263, #4097, #4202, #7213, #333 ),
 .UNSPECIFIED., .F., .F.,
 ( 4, 1, 1, 1, 1, 1, 1, 1, 1, 1, 1, 1, 1, 1, 1, 1, 1, 1, 1, 1, 1, 1, 1, 1, 4 ),
 ( 0.0000000000000000000, 5.443245458150719875E-05, 0.0001090982130110223727, 0.0001651806454682920025, 0.0002218679050990125519, 0.0002799995472740957384, 0.0003393950869315433836, 0.0004007616556741308957, 0.0004637828219002950955, 0.0004983041045351177360, 0.0005370793364216897535, 0.0005803780079372974042, 0.0006286125006692231667, 0.0006815503764611858519, 0.0007390906475418455293, 0.0008016128761436602758, 0.0008688593573089080846, 0.0009404762895419462856, 0.001016741718949807282, 0.001098015698444266761, 0.001184024340685961747, 0.001274700274847486922, 0.001370113246461786369, 0.001470201991917447675, 0.001575314335624549821 ),
 .UNSPECIFIED. ) ;
#7261 =( NAMED_UNIT ( * ) SI_UNIT ( $, .STERADIAN. ) SOLID_ANGLE_UNIT ( ) );
#7262 = CARTESIAN_POINT ( 'NONE',  ( 4.577759262558592113, -4.317244286161132649, 3.200000000000000178 ) ) ;
#7263 = CARTESIAN_POINT ( 'NONE',  ( 2.948893948282702127, -5.761349742484095593, 3.199999999999984635 ) ) ;
#7264 = CARTESIAN_POINT ( 'NONE',  ( 3.738396492785633018, 0.5425371340503121198, 3.100000000000000977 ) ) ;
#7265 = LINE ( 'NONE', #4204, #1228 ) ;
#7266 = CARTESIAN_POINT ( 'NONE',  ( 3.305052771020458025, -1.245020109674152220, 3.099999999999658140 ) ) ;
#7267 = PLANE ( 'NONE',  #4084 ) ;
#7268 = ORIENTED_EDGE ( 'NONE', *, *, #1406, .T. ) ;
#7269 = CARTESIAN_POINT ( 'NONE',  ( 3.608805423008297986, -4.522114034707068519, 3.199999999999982414 ) ) ;
#7270 = EDGE_LOOP ( 'NONE', ( #2313, #1011, #8809, #9641 ) ) ;
#7271 = CARTESIAN_POINT ( 'NONE',  ( 2.862279301058648695, -2.223020016672135224, 3.100000000000000977 ) ) ;
#7272 = CARTESIAN_POINT ( 'NONE',  ( 2.977248734700789878, -4.545250538081153202, 3.199999999999990852 ) ) ;
#7273 = CARTESIAN_POINT ( 'NONE',  ( -3.828655788554125916, 6.820462724888163741, 2.000000000000000444 ) ) ;
#7274 = FILL_AREA_STYLE ('',( #4167 ) ) ;
#7275 = CARTESIAN_POINT ( 'NONE',  ( 3.778406046479578340, -1.045777043530641492, 3.100000000000000977 ) ) ;
#7276 = CARTESIAN_POINT ( 'NONE',  ( 4.301282805137032206, -4.913854543628946026, 3.200000000000000178 ) ) ;
#7277 = LINE ( 'NONE', #8748, #340 ) ;
#7278 = CARTESIAN_POINT ( 'NONE',  ( 4.691215651401699382, -5.936162904553087039, 3.199999999999998845 ) ) ;
#7279 = ORIENTED_EDGE ( 'NONE', *, *, #4556, .T. ) ;
#7280 = ORIENTED_EDGE ( 'NONE', *, *, #6991, .T. ) ;
#7281 = SURFACE_STYLE_USAGE ( .BOTH. , #5930 ) ;
#7282 = CARTESIAN_POINT ( 'NONE',  ( -8.000000000000000000, -2.499999999999999556, 1.000000000000000000 ) ) ;
#7283 = DIRECTION ( 'NONE',  ( 0.0000000000000000000, 0.0000000000000000000, 1.000000000000000000 ) ) ;
#7284 = ORIENTED_EDGE ( 'NONE', *, *, #5180, .T. ) ;
#7285 = VECTOR ( 'NONE', #7787, 1000.000000000000000 ) ;
#7286 =( NAMED_UNIT ( * ) SI_UNIT ( $, .STERADIAN. ) SOLID_ANGLE_UNIT ( ) );
#7287 = CARTESIAN_POINT ( 'NONE',  ( 7.200000000000002842, 8.199999999999999289, 1.000000000000000000 ) ) ;
#7288 =( NAMED_UNIT ( * ) SI_UNIT ( $, .STERADIAN. ) SOLID_ANGLE_UNIT ( ) );
#7289 = CARTESIAN_POINT ( 'NONE',  ( 2.667385998808672110, -2.028456893039705555, 3.149999999999999911 ) ) ;
#7290 = CARTESIAN_POINT ( 'NONE',  ( 3.201203626358736010, -1.120548990084573537, 3.199999999999997957 ) ) ;
#7291 = CARTESIAN_POINT ( 'NONE',  ( 4.270735289783251787, 0.2337890309164248892, 3.100000000000000977 ) ) ;
#7292 = EDGE_LOOP ( 'NONE', ( #2440, #9743, #3867, #3471 ) ) ;
#7293 =( NAMED_UNIT ( * ) PLANE_ANGLE_UNIT ( ) SI_UNIT ( $, .RADIAN. ) );
#7294 = UNCERTAINTY_MEASURE_WITH_UNIT (LENGTH_MEASURE( 1.000000000000000082E-05 ), #2044, 'distance_accuracy_value', 'NONE');
#7295 = CARTESIAN_POINT ( 'NONE',  ( 4.020698076755182981, -1.593397644912315503, 3.100000000000623590 ) ) ;
#7296 = VECTOR ( 'NONE', #2371, 1000.000000000000000 ) ;
#7297 = CARTESIAN_POINT ( 'NONE',  ( 3.021462218490482243, -4.911863882908523493, 3.100000000000000977 ) ) ;
#7298 = CARTESIAN_POINT ( 'NONE',  ( 4.647342495437491117, 0.03937961357155579656, 3.199999999999997513 ) ) ;
#7299 = EDGE_CURVE ( 'NONE', #3117, #4364, #9995, .T. ) ;
#7300 = CARTESIAN_POINT ( 'NONE',  ( 2.718166640504534382, -4.457796831221454426, 3.100000000000648015 ) ) ;
#7301 = CARTESIAN_POINT ( 'NONE',  ( 7.500000000000000000, -5.000000000000000000, 0.0000000000000000000 ) ) ;
#7302 = CARTESIAN_POINT ( 'NONE',  ( 4.663073632795375900, -5.892207994412860472, 3.100000000000580513 ) ) ;
#7303 = CARTESIAN_POINT ( 'NONE',  ( 3.277361686471432112, -6.831189967654309747, 3.200000000000001510 ) ) ;
#7304 = CIRCLE ( 'NONE', #3063, 2.399999999999999023 ) ;
#7305 = EDGE_CURVE ( 'NONE', #2269, #5956, #1630, .T. ) ;
#7306 = B_SPLINE_SURFACE_WITH_KNOTS ( 'NONE', 3, 1, ( 
 ( #5183, #1617 ),
 ( #3652, #1328 ),
 ( #4420, #4472 ),
 ( #7584, #618 ),
 ( #3698, #6827 ),
 ( #2935, #6052 ),
 ( #9151, #2184 ),
 ( #8779, #7262 ),
 ( #5625, #4908 ),
 ( #2570, #287 ),
 ( #4096, #9485 ),
 ( #187, #7212 ),
 ( #3412, #7869 ),
 ( #4152, #8876 ),
 ( #1921, #1876 ),
 ( #1771, #6554 ),
 ( #236, #7973 ),
 ( #4959, #3365 ),
 ( #9539, #5570 ) ),
 .UNSPECIFIED., .F., .F., .F.,
 ( 4, 1, 1, 1, 1, 1, 1, 1, 1, 1, 1, 1, 1, 1, 1, 1, 4 ),
 ( 2, 2 ),
 ( 0.0000000000000000000, 0.07531473407316077728, 0.1480025522515925063, 0.2180562302975042333, 0.2860344678173785127, 0.3520948855968120683, 0.4166771012914375349, 0.4802514053521981796, 0.5436065608537208327, 0.6054679734080848919, 0.6654052166798442025, 0.7228167530278989394, 0.7793188978102569830, 0.8352865969322900153, 0.8903007142329327772, 0.9450789495747121682, 1.000000000000000000 ),
 ( 0.0000000000000000000, 1.000000000000000000 ),
 .UNSPECIFIED. ) ;
#7307 = EDGE_CURVE ( 'NONE', #7025, #1834, #7846, .T. ) ;
#7308 = VERTEX_POINT ( 'NONE', #2175 ) ;
#7309 = FILL_AREA_STYLE_COLOUR ( '', #5857 ) ;
#7310 = PRESENTATION_STYLE_ASSIGNMENT (( #4201 ) ) ;
#7311 = CARTESIAN_POINT ( 'NONE',  ( -7.000000000000000888, 4.999999999999999112, 3.200000000000000178 ) ) ;
#7312 = ADVANCED_FACE ( 'NONE', ( #1317 ), #3151, .T. ) ;
#7313 = CARTESIAN_POINT ( 'NONE',  ( 7.500000000000000000, 3.000000000000000000, 2.200000000000000178 ) ) ;
#7314 = LINE ( 'NONE', #2524, #5007 ) ;
#7315 = CARTESIAN_POINT ( 'NONE',  ( 3.895954147194124140, -1.365919123770282129, 3.199999999999999734 ) ) ;
#7316 = DIRECTION ( 'NONE',  ( 0.0000000000000000000, 0.0000000000000000000, 1.000000000000000000 ) ) ;
#7317 = VERTEX_POINT ( 'NONE', #3121 ) ;
#7318 = CARTESIAN_POINT ( 'NONE',  ( 7.000000000000000888, -8.000000000000000000, 3.000000000000000000 ) ) ;
#7319 = ORIENTED_EDGE ( 'NONE', *, *, #2316, .F. ) ;
#7320 = VECTOR ( 'NONE', #9175, 1000.000000000000000 ) ;
#7321 = CARTESIAN_POINT ( 'NONE',  ( 3.239461150322795913, -3.690452377797245109, 3.100000000000000977 ) ) ;
#7322 =( NAMED_UNIT ( * ) PLANE_ANGLE_UNIT ( ) SI_UNIT ( $, .RADIAN. ) );
#7323 = VECTOR ( 'NONE', #6502, 1000.000000000000000 ) ;
#7324 = CARTESIAN_POINT ( 'NONE',  ( 4.171464026976583028, 5.667848476340815012, 3.200000000000000178 ) ) ;
#7325 = VECTOR ( 'NONE', #1262, 1000.000000000000000 ) ;
#7326 = CARTESIAN_POINT ( 'NONE',  ( 3.742092622250309919, -1.043649001130648957, 3.199999999999999734 ) ) ;
#7327 = CARTESIAN_POINT ( 'NONE',  ( 3.752679047081384667, -4.918760147902585089, 3.100000000000000533 ) ) ;
#7328 = EDGE_LOOP ( 'NONE', ( #2733, #9678, #8662, #8235 ) ) ;
#7329 = EDGE_LOOP ( 'NONE', ( #4196, #5078, #542, #4302 ) ) ;
#7330 = DIRECTION ( 'NONE',  ( -0.0000000000000000000, -0.0000000000000000000, -1.000000000000000000 ) ) ;
#7331 = CARTESIAN_POINT ( 'NONE',  ( 4.657871176525409496, 1.454260958080096255, 3.100000000000804334 ) ) ;
#7332 = ORIENTED_EDGE ( 'NONE', *, *, #8421, .F. ) ;
#7333 = CARTESIAN_POINT ( 'NONE',  ( -4.021086997071055436, 7.465738575188315629, 2.000000000000000444 ) ) ;
#7334 = DIRECTION ( 'NONE',  ( 0.3662146082612700582, 0.9305304190063024006, -0.0000000000000000000 ) ) ;
#7335 = CARTESIAN_POINT ( 'NONE',  ( 4.417525677366959336, -0.2070222957845738454, 3.099999999999909495 ) ) ;
#7336 = STYLED_ITEM ( 'NONE', ( #7572 ), #4185 ) ;
#7337 = CARTESIAN_POINT ( 'NONE',  ( 3.821825124293583897, -6.657000840087348159, 3.099999999999948130 ) ) ;
#7338 = CARTESIAN_POINT ( 'NONE',  ( 3.525785188279203286, -1.647954819218605094, 3.100000000000000089 ) ) ;
#7339 = ORIENTED_EDGE ( 'NONE', *, *, #6991, .F. ) ;
#7340 = DIRECTION ( 'NONE',  ( -0.0000000000000000000, -0.0000000000000000000, -1.000000000000000000 ) ) ;
#7341 = AXIS2_PLACEMENT_3D ( 'NONE', #6709, #5931, #1108 ) ;
#7342 = CARTESIAN_POINT ( 'NONE',  ( 3.258884741147642483, -6.193919181862010959, 3.199999999999999289 ) ) ;
#7343 = STYLED_ITEM ( 'NONE', ( #4037 ), #4306 ) ;
#7344 = LINE ( 'NONE', #4235, #1526 ) ;
#7345 = CARTESIAN_POINT ( 'NONE',  ( 3.819274407329690479, -1.752996568325632110, 3.200000000000000178 ) ) ;
#7346 = LINE ( 'NONE', #9059, #8812 ) ;
#7347 = DIRECTION ( 'NONE',  ( 0.8139822599737979170, 0.5808897317460074428, 0.0000000000000000000 ) ) ;
#7348 = SURFACE_STYLE_USAGE ( .BOTH. , #4240 ) ;
#7349 = CARTESIAN_POINT ( 'NONE',  ( 3.167258482743498416, -1.092408388752163173, 3.199999999999988187 ) ) ;
#7350 = DIRECTION ( 'NONE',  ( -0.3607673038850504610, 0.9326558596006951918, 0.0000000000000000000 ) ) ;
#7351 = CARTESIAN_POINT ( 'NONE',  ( 4.593455329141219678, -5.809499005040429154, 3.100000000000579625 ) ) ;
#7352 = AXIS2_PLACEMENT_3D ( 'NONE', #4887, #4730, #7094 ) ;
#7353 = CARTESIAN_POINT ( 'NONE',  ( -5.861792873543974380, 6.820462724888163741, 1.920000000000000373 ) ) ;
#7354 = VERTEX_POINT ( 'NONE', #2420 ) ;
#7355 = ORIENTED_EDGE ( 'NONE', *, *, #3971, .T. ) ;
#7356 = PRESENTATION_LAYER_ASSIGNMENT (  '', '', ( #2786 ) ) ;
#7357 = EDGE_CURVE ( 'NONE', #5300, #8715, #4757, .T. ) ;
#7358 =( NAMED_UNIT ( * ) PLANE_ANGLE_UNIT ( ) SI_UNIT ( $, .RADIAN. ) );
#7359 = VECTOR ( 'NONE', #8339, 1000.000000000000000 ) ;
#7360 = FILL_AREA_STYLE ('',( #8221 ) ) ;
#7361 = CARTESIAN_POINT ( 'NONE',  ( 2.877544866831356352, -0.3716814843965435822, 3.199999999999998845 ) ) ;
#7362 = CARTESIAN_POINT ( 'NONE',  ( -5.624258622233276661, 6.352744789972451400, 2.000000000000000444 ) ) ;
#7363 = CARTESIAN_POINT ( 'NONE',  ( 3.135366987290412411, -6.745587490826487453, 3.200000000000003286 ) ) ;
#7364 = ORIENTED_EDGE ( 'NONE', *, *, #1950, .F. ) ;
#7365 = CARTESIAN_POINT ( 'NONE',  ( -4.761792873543973847, 6.820462724888163741, 1.200000000000000178 ) ) ;
#7366 = ORIENTED_EDGE ( 'NONE', *, *, #6509, .F. ) ;
#7367 = MECHANICAL_DESIGN_GEOMETRIC_PRESENTATION_REPRESENTATION (  '', ( #4753 ), #1859 ) ;
#7368 = EDGE_CURVE ( 'NONE', #2021, #2220, #2105, .T. ) ;
#7369 = CARTESIAN_POINT ( 'NONE',  ( 2.687005099873847946, 0.5630464777696894130, 3.100000000000000977 ) ) ;
#7370 = CARTESIAN_POINT ( 'NONE',  ( 2.860455788836431257, -2.241591672793213696, 3.099999999999993872 ) ) ;
#7371 = EDGE_CURVE ( 'NONE', #2676, #8454, #9640, .T. ) ;
#7372 = EDGE_CURVE ( 'NONE', #675, #493, #4700, .T. ) ;
#7373 = CARTESIAN_POINT ( 'NONE',  ( -3.861792873543976157, 8.620462724888163564, 1.966862915010152646 ) ) ;
#7374 = PRESENTATION_LAYER_ASSIGNMENT (  '', '', ( #3957 ) ) ;
#7375 = CARTESIAN_POINT ( 'NONE',  ( 2.928601582357002187, -1.522607535994789485, 3.100000000000000977 ) ) ;
#7376 = CARTESIAN_POINT ( 'NONE',  ( 3.883336646634508060, -1.090324261349988610, 3.100000000000000977 ) ) ;
#7377 = CARTESIAN_POINT ( 'NONE',  ( 4.325349722285825926, -4.912682234298024753, 3.200000000000000622 ) ) ;
#7378 = DIRECTION ( 'NONE',  ( -0.0000000000000000000, -0.0000000000000000000, -1.000000000000000000 ) ) ;
#7379 = VERTEX_POINT ( 'NONE', #5572 ) ;
#7380 = ORIENTED_EDGE ( 'NONE', *, *, #9019, .F. ) ;
#7381 = CARTESIAN_POINT ( 'NONE',  ( 3.773869414858568749, -1.450130640826772899, 3.200000000000000622 ) ) ;
#7382 = CARTESIAN_POINT ( 'NONE',  ( 4.293096055254888022, -4.158213973213698011, 3.100000000000619593 ) ) ;
#7383 = ORIENTED_EDGE ( 'NONE', *, *, #6575, .T. ) ;
#7384 = AXIS2_PLACEMENT_3D ( 'NONE', #8587, #99, #863 ) ;
#7385 = CARTESIAN_POINT ( 'NONE',  ( -6.800000000000001599, 4.799999999999999822, 3.199999999999999734 ) ) ;
#7386 = CARTESIAN_POINT ( 'NONE',  ( -5.229510808459616023, 7.682928473577541162, 2.000000000000000444 ) ) ;
#7387 = DIRECTION ( 'NONE',  ( 0.0000000000000000000, 0.0000000000000000000, 1.000000000000000000 ) ) ;
#7388 = CARTESIAN_POINT ( 'NONE',  ( 4.182961556093556688, -5.660286344991731333, 3.100000000000000977 ) ) ;
#7389 = CARTESIAN_POINT ( 'NONE',  ( 3.154855960502501055, -4.529749779107127061, 3.100000000000550315 ) ) ;
#7390 = CARTESIAN_POINT ( 'NONE',  ( 3.476281720807389064, -1.546939471105154951, 3.100000000000001421 ) ) ;
#7391 = CARTESIAN_POINT ( 'NONE',  ( 3.979231611689576287, -1.174747340868905310, 3.099999999999574207 ) ) ;
#7392 = ORIENTED_EDGE ( 'NONE', *, *, #960, .F. ) ;
#7393 = UNCERTAINTY_MEASURE_WITH_UNIT (LENGTH_MEASURE( 1.000000000000000082E-05 ), #5435, 'distance_accuracy_value', 'NONE');
#7394 = CARTESIAN_POINT ( 'NONE',  ( 4.135190894539845452, -1.658184815384827093, 3.199999999999987299 ) ) ;
#7395 = CARTESIAN_POINT ( 'NONE',  ( 2.981764174696327707, -4.906792635258964808, 3.199999999999998401 ) ) ;
#7396 = CARTESIAN_POINT ( 'NONE',  ( 4.678338707823219700, 0.1220168185618896034, 3.199999999999997513 ) ) ;
#7397 = CARTESIAN_POINT ( 'NONE',  ( -3.186462900341459292, 5.459950475304171214, 1.200000000000000178 ) ) ;
#7398 = CARTESIAN_POINT ( 'NONE',  ( 2.956196830515447793, -1.015858406943128234, 3.199999999999989075 ) ) ;
#7399 = DIRECTION ( 'NONE',  ( 0.0000000000000000000, -0.0000000000000000000, -1.000000000000000000 ) ) ;
#7400 = B_SPLINE_CURVE_WITH_KNOTS ( 'NONE', 3,
 ( #3172, #6352, #2473, #5575, #8684, #1728, #4806, #9492, #956, #4045, #7166, #5630, #3523, #4965, #8836, #8122, #9594, #1926, #4158, #241, #7217, #2620, #392, #1778, #2759, #8169, #6654 ),
 .UNSPECIFIED., .F., .F.,
 ( 4, 1, 1, 1, 1, 1, 1, 1, 1, 1, 1, 1, 1, 1, 1, 1, 1, 1, 1, 1, 1, 1, 1, 1, 4 ),
 ( 0.0000000000000000000, 4.523687869368451717E-05, 8.937952683868843754E-05, 0.0001323132989527840014, 0.0001748033645840225991, 0.0002170245030475141678, 0.0002590404796020819391, 0.0003016021259723008856, 0.0003447731030523912602, 0.0003878416037137326941, 0.0004304585848588299768, 0.0004725656087814871756, 0.0005144012433461687874, 0.0005565851538615303531, 0.0005990012029912678308, 0.0006417148475001724058, 0.0006857193615465798911, 0.0007329068647201477738, 0.0007857487162879641220, 0.0008444098713080117015, 0.0009090578257510170505, 0.0009797550992516109586, 0.001056503392381020990, 0.001138960590950550923, 0.001228039794914395806 ),
 .UNSPECIFIED. ) ;
#7401 = CARTESIAN_POINT ( 'NONE',  ( 3.787159706954390082, -4.522750936688308521, 3.100000000000000533 ) ) ;
#7402 = ORIENTED_EDGE ( 'NONE', *, *, #3248, .F. ) ;
#7403 = DIRECTION ( 'NONE',  ( -1.000000000000000000, 0.0000000000000000000, 0.0000000000000000000 ) ) ;
#7404 = ORIENTED_EDGE ( 'NONE', *, *, #8008, .F. ) ;
#7405 = VECTOR ( 'NONE', #10034, 1000.000000000000114 ) ;
#7406 =( NAMED_UNIT ( * ) SI_UNIT ( $, .STERADIAN. ) SOLID_ANGLE_UNIT ( ) );
#7407 = CARTESIAN_POINT ( 'NONE',  ( 4.018385132192170417, 0.2402327228866117936, 3.100000000000000533 ) ) ;
#7408 =( LENGTH_UNIT ( ) NAMED_UNIT ( * ) SI_UNIT ( .MILLI., .METRE. ) );
#7409 = CARTESIAN_POINT ( 'NONE',  ( -4.823928060428356090, 5.840429092697443814, 2.000000000000000444 ) ) ;
#7410 = ORIENTED_EDGE ( 'NONE', *, *, #3004, .F. ) ;
#7411 = CARTESIAN_POINT ( 'NONE',  ( 0.0000000000000000000, -8.500000000000001776, 0.0000000000000000000 ) ) ;
#7412 = EDGE_LOOP ( 'NONE', ( #3387, #1375, #8687, #3707 ) ) ;
#7413 = CARTESIAN_POINT ( 'NONE',  ( 4.677590350217426085, -5.015609156055396589, 3.100000000000000533 ) ) ;
#7414 = CARTESIAN_POINT ( 'NONE',  ( 2.916666759173382584, -4.557030673814217892, 3.200000000000001510 ) ) ;
#7415 = SURFACE_STYLE_FILL_AREA ( #7274 ) ;
#7416 = FILL_AREA_STYLE_COLOUR ( '', #6280 ) ;
#7417 = CARTESIAN_POINT ( 'NONE',  ( 3.081170675819667082, -6.456643492773666893, 3.100000000000000977 ) ) ;
#7418 = B_SPLINE_CURVE_WITH_KNOTS ( 'NONE', 3,
 ( #3108, #1558, #9266, #782, #4641, #7559, #7604 ),
 .UNSPECIFIED., .F., .F.,
 ( 4, 1, 1, 1, 4 ),
 ( 0.0000000000000000000, 3.945092143535545596E-05, 7.413924717464671996E-05, 0.0001053483433059655867, 0.0001356911168490089969 ),
 .UNSPECIFIED. ) ;
#7419 = CARTESIAN_POINT ( 'NONE',  ( 3.867272384408443564, -2.154197495321063638, 3.200000000000000178 ) ) ;
#7420 = ORIENTED_EDGE ( 'NONE', *, *, #4572, .T. ) ;
#7421 = EDGE_CURVE ( 'NONE', #3998, #3622, #4802, .T. ) ;
#7422 = ORIENTED_EDGE ( 'NONE', *, *, #4361, .F. ) ;
#7423 = SURFACE_STYLE_FILL_AREA ( #8939 ) ;
#7424 = ADVANCED_FACE ( 'NONE', ( #7922 ), #951, .F. ) ;
#7425 = CARTESIAN_POINT ( 'NONE',  ( 4.721175254456713155, -4.509979892026461989, 3.100000000000630695 ) ) ;
#7426 = VERTEX_POINT ( 'NONE', #2704 ) ;
#7427 = ADVANCED_FACE ( 'NONE', ( #8923 ), #8120, .F. ) ;
#7428 = CARTESIAN_POINT ( 'NONE',  ( 2.740957627803084051, 1.607763609490337808, 3.100000000000000977 ) ) ;
#7429 = CARTESIAN_POINT ( 'NONE',  ( 2.948893948282701682, -5.761349742484095593, 3.100000000000555200 ) ) ;
#7430 = CARTESIAN_POINT ( 'NONE',  ( -3.877378286793351059, 7.243050192075398463, 2.000000000000000000 ) ) ;
#7431 = LINE ( 'NONE', #465, #7980 ) ;
#7432 = CARTESIAN_POINT ( 'NONE',  ( 4.415269548251669285, -6.019226716752346995, 3.100000000000000977 ) ) ;
#7433 = CARTESIAN_POINT ( 'NONE',  ( 4.406338383121128466, 0.2695706714723888897, 3.099999999999996980 ) ) ;
#7434 = VERTEX_POINT ( 'NONE', #4296 ) ;
#7435 = PLANE ( 'NONE',  #3564 ) ;
#7436 = VERTEX_POINT ( 'NONE', #4203 ) ;
#7437 = EDGE_CURVE ( 'NONE', #3287, #6611, #8060, .T. ) ;
#7438 = DIRECTION ( 'NONE',  ( 0.0000000000000000000, -0.0000000000000000000, 1.000000000000000000 ) ) ;
#7439 = CARTESIAN_POINT ( 'NONE',  ( 3.869518312985321007, -1.748578927794053994, 3.100000000000625366 ) ) ;
#7440 = CARTESIAN_POINT ( 'NONE',  ( 8.000000000000000000, 5.500000000000001776, 1.000000000000000000 ) ) ;
#7441 = CARTESIAN_POINT ( 'NONE',  ( 2.911072770484585348, 0.8420711715304471934, 3.100000000000044054 ) ) ;
#7442 = B_SPLINE_CURVE_WITH_KNOTS ( 'NONE', 3,
 ( #8070, #6451, #1918, #1717, #8674, #5621, #233, #5001, #3325, #7208, #2609 ),
 .UNSPECIFIED., .F., .F.,
 ( 4, 1, 1, 1, 1, 1, 1, 1, 4 ),
 ( 0.0000000000000000000, 8.294699234903041079E-05, 0.0001642394894677796458, 0.0002440052600038067527, 0.0003223795397387002647, 0.0003999430820082915312, 0.0004764031725385401220, 0.0005519149551405546760, 0.0006266394805182835988 ),
 .UNSPECIFIED. ) ;
#7443 = CARTESIAN_POINT ( 'NONE',  ( -5.781792873543973421, 4.780462724888165482, 2.000000000000000444 ) ) ;
#7444 = COLOUR_RGB ( '',0.7529411764705882248, 0.7529411764705882248, 0.7529411764705882248 ) ;
#7445 = CARTESIAN_POINT ( 'NONE',  ( 1.537821031517181192, 6.677526461116456424, 3.200000000000000178 ) ) ;
#7446 = CARTESIAN_POINT ( 'NONE',  ( 2.709190456913482148, -1.136290831676048274, 3.100000000000054268 ) ) ;
#7447 = CARTESIAN_POINT ( 'NONE',  ( 4.629296105326321964, -4.614803961639624141, 3.100000000000000977 ) ) ;
#7448 = ORIENTED_EDGE ( 'NONE', *, *, #2196, .F. ) ;
#7449 = DIRECTION ( 'NONE',  ( 0.0000000000000000000, -1.000000000000000000, -0.0000000000000000000 ) ) ;
#7450 = ORIENTED_EDGE ( 'NONE', *, *, #9474, .T. ) ;
#7451 = DIRECTION ( 'NONE',  ( -0.9999972662586608108, -0.002338263288212067206, 0.0000000000000000000 ) ) ;
#7452 = DIRECTION ( 'NONE',  ( 0.0000000000000000000, 0.0000000000000000000, 1.000000000000000000 ) ) ;
#7453 = CARTESIAN_POINT ( 'NONE',  ( 4.086615252651868424, -6.356030469783342518, 3.100000000000000089 ) ) ;
#7454 = FACE_OUTER_BOUND ( 'NONE', #2761, .T. ) ;
#7455 = DIRECTION ( 'NONE',  ( -0.0000000000000000000, -0.0000000000000000000, -1.000000000000000000 ) ) ;
#7456 = CARTESIAN_POINT ( 'NONE',  ( 3.843305823367958673, -1.399942067586848360, 3.199999999999999734 ) ) ;
#7457 = CARTESIAN_POINT ( 'NONE',  ( -5.011792873543974736, 6.820462724888162853, 1.966862915010152868 ) ) ;
#7458 = ORIENTED_EDGE ( 'NONE', *, *, #711, .T. ) ;
#7459 = CARTESIAN_POINT ( 'NONE',  ( 4.171464026976583028, 5.667848476340815012, 3.100000000000000977 ) ) ;
#7460 = SURFACE_STYLE_USAGE ( .BOTH. , #1209 ) ;
#7461 = ORIENTED_EDGE ( 'NONE', *, *, #4068, .F. ) ;
#7462 = CARTESIAN_POINT ( 'NONE',  ( 4.420533339011855745, -5.240194650835496404, 3.100000000000000533 ) ) ;
#7463 = AXIS2_PLACEMENT_3D ( 'NONE', #2239, #6319, #256 ) ;
#7464 = CARTESIAN_POINT ( 'NONE',  ( 3.836060178168390067, -1.406442211541495624, 3.199999999999999734 ) ) ;
#7465 = CARTESIAN_POINT ( 'NONE',  ( -3.861792873543974380, 6.820462724888163741, 1.920000000000000373 ) ) ;
#7466 = CARTESIAN_POINT ( 'NONE',  ( 8.000000000000000000, 3.000000000000000000, 1.000000000000000000 ) ) ;
#7467 =( LENGTH_UNIT ( ) NAMED_UNIT ( * ) SI_UNIT ( .MILLI., .METRE. ) );
#7468 = CARTESIAN_POINT ( 'NONE',  ( 3.744961782180005194, -6.608285416843076021, 3.200000000000001066 ) ) ;
#7469 = CARTESIAN_POINT ( 'NONE',  ( 4.501774398224091200, 1.333048571394877424, 3.199999999999995293 ) ) ;
#7470 = EDGE_LOOP ( 'NONE', ( #1822, #5478, #9295, #3566 ) ) ;
#7471 =( GEOMETRIC_REPRESENTATION_CONTEXT ( 3 ) GLOBAL_UNCERTAINTY_ASSIGNED_CONTEXT ( ( #8416 ) ) GLOBAL_UNIT_ASSIGNED_CONTEXT ( ( #3830, #8425, #2967 ) ) REPRESENTATION_CONTEXT ( 'NONE', 'WORKASPACE' ) );
#7472 = CYLINDRICAL_SURFACE ( 'NONE', #9374, 0.5000000000000013323 ) ;
#7473 =( NAMED_UNIT ( * ) SI_UNIT ( $, .STERADIAN. ) SOLID_ANGLE_UNIT ( ) );
#7474 = VERTEX_POINT ( 'NONE', #1061 ) ;
#7475 = CARTESIAN_POINT ( 'NONE',  ( 3.836060178168390067, -1.406442211541495624, 3.149999999999999911 ) ) ;
#7476 = CARTESIAN_POINT ( 'NONE',  ( -5.407068723844121294, 7.561168601361031527, 1.999999999999999556 ) ) ;
#7477 = CARTESIAN_POINT ( 'NONE',  ( 3.722540425514480056, -2.173229369901434449, 3.099999999999605738 ) ) ;
#7478 = ADVANCED_FACE ( 'NONE', ( #8832 ), #10060, .T. ) ;
#7479 = ADVANCED_FACE ( 'NONE', ( #7565 ), #5437, .T. ) ;
#7480 = CARTESIAN_POINT ( 'NONE',  ( 3.889098646523052594, -1.746204552846628788, 3.200000000000000178 ) ) ;
#7481 = CARTESIAN_POINT ( 'NONE',  ( 3.704099025740840379, -6.579397999582019985, 3.099999999999948130 ) ) ;
#7482 = CARTESIAN_POINT ( 'NONE',  ( 3.977406883569775786, -1.403320990917490185, 3.200000000000000178 ) ) ;
#7483 = PRESENTATION_LAYER_ASSIGNMENT (  '', '', ( #6191 ) ) ;
#7484 = B_SPLINE_CURVE_WITH_KNOTS ( 'NONE', 3,
 ( #6231, #6129, #4496, #7606, #1457, #7656, #1508, #3059, #4593, #734, #3822, #6179, #6947, #10029, #9269, #2307, #5408, #8514, #1560 ),
 .UNSPECIFIED., .F., .F.,
 ( 4, 1, 1, 1, 1, 1, 1, 1, 1, 1, 1, 1, 1, 1, 1, 1, 4 ),
 ( 0.0000000000000000000, 5.343116967383530888E-05, 0.0001054661856286971428, 0.0001564231664264398932, 0.0002072187089725339808, 0.0002582765717315687638, 0.0003092277263219102485, 0.0003610569489655896013, 0.0004143564620494379915, 0.0004688221634040342593, 0.0005249044934355931403, 0.0005827380795869928831, 0.0006427218429877563834, 0.0007060003434253899358, 0.0007721295940369082931, 0.0008413814474017927919, 0.0009144180101588392229 ),
 .UNSPECIFIED. ) ;
#7485 = ORIENTED_EDGE ( 'NONE', *, *, #8911, .F. ) ;
#7486 = CARTESIAN_POINT ( 'NONE',  ( 4.134185310312232353, -1.603814435923812010, 3.099999999999573319 ) ) ;
#7487 = COLOUR_RGB ( '',1.000000000000000000, 1.000000000000000000, 0.0000000000000000000 ) ;
#7488 = ORIENTED_EDGE ( 'NONE', *, *, #1278, .T. ) ;
#7489 = CARTESIAN_POINT ( 'NONE',  ( 2.754334287620249455, -4.729843236067249990, 3.200000000000000178 ) ) ;
#7490 = UNCERTAINTY_MEASURE_WITH_UNIT (LENGTH_MEASURE( 1.000000000000000082E-05 ), #8833, 'distance_accuracy_value', 'NONE');
#7491 = ADVANCED_FACE ( 'NONE', ( #5214 ), #9131, .T. ) ;
#7492 = CARTESIAN_POINT ( 'NONE',  ( 4.020710913231061667, -1.230536042025802690, 3.199999999999986855 ) ) ;
#7493 = CARTESIAN_POINT ( 'NONE',  ( 3.788510578115128258, -1.754386735010137199, 3.100000000000000977 ) ) ;
#7494 = VECTOR ( 'NONE', #955, 1000.000000000000000 ) ;
#7495 = CARTESIAN_POINT ( 'NONE',  ( 4.171464026976583028, 5.667848476340815012, 3.100000000000000977 ) ) ;
#7496 = MECHANICAL_DESIGN_GEOMETRIC_PRESENTATION_REPRESENTATION (  '', ( #1645 ), #4402 ) ;
#7497 = ADVANCED_FACE ( 'NONE', ( #1610 ), #4646, .F. ) ;
#7498 = DIRECTION ( 'NONE',  ( -0.0000000000000000000, -0.0000000000000000000, -1.000000000000000000 ) ) ;
#7499 = EDGE_CURVE ( 'NONE', #6327, #7308, #7003, .T. ) ;
#7500 = CARTESIAN_POINT ( 'NONE',  ( 4.552422261108870494, -0.1009127285251098932, 3.199999999999998401 ) ) ;
#7501 = CARTESIAN_POINT ( 'NONE',  ( 3.476281720807389064, -1.546939471105154951, 3.199999999999989519 ) ) ;
#7502 =( NAMED_UNIT ( * ) SI_UNIT ( $, .STERADIAN. ) SOLID_ANGLE_UNIT ( ) );
#7503 = CARTESIAN_POINT ( 'NONE',  ( 2.970135382835162208, 1.326294593696384583, 3.100000000000000533 ) ) ;
#7504 = CARTESIAN_POINT ( 'NONE',  ( 4.670317862098963602, 1.611330718774915516, 3.100000000000000977 ) ) ;
#7505 = ORIENTED_EDGE ( 'NONE', *, *, #8100, .F. ) ;
#7506 =( GEOMETRIC_REPRESENTATION_CONTEXT ( 3 ) GLOBAL_UNCERTAINTY_ASSIGNED_CONTEXT ( ( #5458 ) ) GLOBAL_UNIT_ASSIGNED_CONTEXT ( ( #9076, #3727, #5361 ) ) REPRESENTATION_CONTEXT ( 'NONE', 'WORKASPACE' ) );
#7507 = PRESENTATION_LAYER_ASSIGNMENT (  '', '', ( #7343 ) ) ;
#7508 = CARTESIAN_POINT ( 'NONE',  ( 2.742741182445372239, 0.5630464777696894130, 3.100000000000000977 ) ) ;
#7509 = VERTEX_POINT ( 'NONE', #9322 ) ;
#7510 = UNCERTAINTY_MEASURE_WITH_UNIT (LENGTH_MEASURE( 1.000000000000000082E-05 ), #137, 'distance_accuracy_value', 'NONE');
#7511 = CARTESIAN_POINT ( 'NONE',  ( -8.000000000000000000, -2.499999999999999556, 2.200000000000000178 ) ) ;
#7512 = CARTESIAN_POINT ( 'NONE',  ( 4.389789464466153035, -6.150213193438404780, 3.100000000000000977 ) ) ;
#7513 = DIRECTION ( 'NONE',  ( 0.002036655653798266456, -0.9999979260147231486, 0.0000000000000000000 ) ) ;
#7514 = CARTESIAN_POINT ( 'NONE',  ( -3.781792873543973865, 6.820462724888164630, 2.000000000000000000 ) ) ;
#7515 = CARTESIAN_POINT ( 'NONE',  ( 7.500000000000000000, -3.000000000000000000, 0.0000000000000000000 ) ) ;
#7516 = CARTESIAN_POINT ( 'NONE',  ( 8.000000000000000000, 3.000000000000000000, 2.200000000000000178 ) ) ;
#7517 =( NAMED_UNIT ( * ) PLANE_ANGLE_UNIT ( ) SI_UNIT ( $, .RADIAN. ) );
#7518 = CARTESIAN_POINT ( 'NONE',  ( 2.920940582658550611, -1.595778824271598895, 3.100000000000000977 ) ) ;
#7519 = ORIENTED_EDGE ( 'NONE', *, *, #5065, .F. ) ;
#7520 = CARTESIAN_POINT ( 'NONE',  ( 4.373104652323418939, -5.262124450917020191, 3.200000000000000622 ) ) ;
#7521 =( LENGTH_UNIT ( ) NAMED_UNIT ( * ) SI_UNIT ( .MILLI., .METRE. ) );
#7522 =( NAMED_UNIT ( * ) SI_UNIT ( $, .STERADIAN. ) SOLID_ANGLE_UNIT ( ) );
#7523 = DIRECTION ( 'NONE',  ( 0.0000000000000000000, 0.0000000000000000000, 1.000000000000000000 ) ) ;
#7524 = AXIS2_PLACEMENT_3D ( 'NONE', #6977, #7893, #9349 ) ;
#7525 = CARTESIAN_POINT ( 'NONE',  ( 3.723740333789118839, 0.7454131522944275057, 3.199999999999999289 ) ) ;
#7526 = CARTESIAN_POINT ( 'NONE',  ( 3.617158064934603345, -6.513356098072114797, 3.200000000000001066 ) ) ;
#7527 = CARTESIAN_POINT ( 'NONE',  ( 4.670317862098963602, 1.611330718774915516, 3.199999999999999734 ) ) ;
#7528 = COLOUR_RGB ( '',0.7529411764705882248, 0.7529411764705882248, 0.7529411764705882248 ) ;
#7529 = EDGE_LOOP ( 'NONE', ( #4813, #5011, #4219, #3162 ) ) ;
#7530 = LINE ( 'NONE', #753, #9547 ) ;
#7531 = FACE_OUTER_BOUND ( 'NONE', #5383, .T. ) ;
#7532 = ORIENTED_EDGE ( 'NONE', *, *, #2445, .T. ) ;
#7533 = SURFACE_STYLE_FILL_AREA ( #8392 ) ;
#7534 = FACE_BOUND ( 'NONE', #9235, .T. ) ;
#7535 = CARTESIAN_POINT ( 'NONE',  ( 8.000000000000000000, 3.000000000000000000, 0.0000000000000000000 ) ) ;
#7536 = CARTESIAN_POINT ( 'NONE',  ( -5.550135109632131858, 7.417944908630876633, 1.999999999999999556 ) ) ;
#7537 = CARTESIAN_POINT ( 'NONE',  ( 3.576998866375945774, -2.176046039689100819, 3.099999999999972555 ) ) ;
#7538 = CARTESIAN_POINT ( 'NONE',  ( 4.339542110980956657, -0.2409499503440290791, 3.099999999999909051 ) ) ;
#7539 = CARTESIAN_POINT ( 'NONE',  ( 4.182961556093556688, -5.660286344991731333, 3.100000000000000977 ) ) ;
#7540 = CARTESIAN_POINT ( 'NONE',  ( 4.761758759419796760, -4.635612144486662700, 3.200000000000008615 ) ) ;
#7541 = AXIS2_PLACEMENT_3D ( 'NONE', #8693, #918, #5434 ) ;
#7542 = CARTESIAN_POINT ( 'NONE',  ( 4.061040220575386606, -6.762574403443312399, 3.100000000000002309 ) ) ;
#7543 = ORIENTED_EDGE ( 'NONE', *, *, #4257, .F. ) ;
#7544 = EDGE_CURVE ( 'NONE', #9027, #6779, #5258, .T. ) ;
#7545 = CARTESIAN_POINT ( 'NONE',  ( -3.861792873543974380, 6.820462724888163741, 1.920000000000000373 ) ) ;
#7546 =( NAMED_UNIT ( * ) PLANE_ANGLE_UNIT ( ) SI_UNIT ( $, .RADIAN. ) );
#7547 = DIRECTION ( 'NONE',  ( -0.0000000000000000000, -0.0000000000000000000, -1.000000000000000000 ) ) ;
#7548 =( GEOMETRIC_REPRESENTATION_CONTEXT ( 3 ) GLOBAL_UNCERTAINTY_ASSIGNED_CONTEXT ( ( #7294 ) ) GLOBAL_UNIT_ASSIGNED_CONTEXT ( ( #2044, #524, #9628 ) ) REPRESENTATION_CONTEXT ( 'NONE', 'WORKASPACE' ) );
#7549 = DIRECTION ( 'NONE',  ( -0.0000000000000000000, -0.0000000000000000000, -1.000000000000000000 ) ) ;
#7550 = CARTESIAN_POINT ( 'NONE',  ( 3.086637191118137391, -5.871976742484529943, 3.199999999999986411 ) ) ;
#7551 = DIRECTION ( 'NONE',  ( -1.000000000000000000, 0.0000000000000000000, -0.0000000000000000000 ) ) ;
#7552 = ORIENTED_EDGE ( 'NONE', *, *, #3361, .T. ) ;
#7553 = CARTESIAN_POINT ( 'NONE',  ( 4.021549860966421974, -1.564286797384051964, 3.200000000000000178 ) ) ;
#7554 = CARTESIAN_POINT ( 'NONE',  ( 2.781242716925484526, 1.392639820444202314, 3.199999999999997513 ) ) ;
#7555 = EDGE_CURVE ( 'NONE', #9935, #370, #6068, .T. ) ;
#7556 = CARTESIAN_POINT ( 'NONE',  ( -2.000000000000000888, 5.000000000000000888, 1.200000000000000178 ) ) ;
#7557 = B_SPLINE_SURFACE_WITH_KNOTS ( 'NONE', 3, 1, ( 
 ( #2131, #9907 ),
 ( #1431, #4515 ),
 ( #9958, #2982 ),
 ( #6103, #5477 ),
 ( #6967, #3892 ),
 ( #8583, #6151 ),
 ( #7075, #3178 ),
 ( #8534, #2479 ),
 ( #6359, #3841 ),
 ( #7120, #3031 ),
 ( #7024, #8637 ) ),
 .UNSPECIFIED., .F., .F., .F.,
 ( 4, 1, 1, 1, 1, 1, 1, 1, 4 ),
 ( 2, 2 ),
 ( 0.0000000000000000000, 0.1192464370676508401, 0.2397491901651096213, 0.3617652662460640323, 0.4855422459624387788, 0.6106130118038622934, 0.7379043380223350157, 0.8676320357593392263, 1.000000000000000000 ),
 ( 0.0000000000000000000, 1.000000000000000000 ),
 .UNSPECIFIED. ) ;
#7558 = ORIENTED_EDGE ( 'NONE', *, *, #6378, .T. ) ;
#7559 = CARTESIAN_POINT ( 'NONE',  ( 4.624662727697002929, -4.832149102320559386, 3.200000000000001954 ) ) ;
#7560 = EDGE_LOOP ( 'NONE', ( #9341, #8937, #119, #9773 ) ) ;
#7561 = ADVANCED_FACE ( 'NONE', ( #127 ), #4505, .F. ) ;
#7562 = ADVANCED_FACE ( 'NONE', ( #3639 ), #5992, .F. ) ;
#7563 = CARTESIAN_POINT ( 'NONE',  ( -8.000000000000000000, 2.500000000000000000, 0.0000000000000000000 ) ) ;
#7564 = STYLED_ITEM ( 'NONE', ( #6405 ), #9408 ) ;
#7565 = FACE_OUTER_BOUND ( 'NONE', #3043, .T. ) ;
#7566 = CARTESIAN_POINT ( 'NONE',  ( -8.000000000000000000, 1.000000000000000888, 0.0000000000000000000 ) ) ;
#7567 = SURFACE_STYLE_USAGE ( .BOTH. , #7711 ) ;
#7568 = CARTESIAN_POINT ( 'NONE',  ( 2.934027417830843198, -4.247837593988708527, 3.200000000000000178 ) ) ;
#7569 =( NAMED_UNIT ( * ) PLANE_ANGLE_UNIT ( ) SI_UNIT ( $, .RADIAN. ) );
#7570 = ORIENTED_EDGE ( 'NONE', *, *, #1086, .F. ) ;
#7571 = AXIS2_PLACEMENT_3D ( 'NONE', #7566, #8164, #490 ) ;
#7572 = PRESENTATION_STYLE_ASSIGNMENT (( #5116 ) ) ;
#7573 = CARTESIAN_POINT ( 'NONE',  ( -6.337122846746489735, 5.459950475304171214, 1.200000000000000178 ) ) ;
#7574 = CARTESIAN_POINT ( 'NONE',  ( 2.738485752839090903, -5.018894655809591931, 3.199999999999994849 ) ) ;
#7575 = B_SPLINE_CURVE_WITH_KNOTS ( 'NONE', 3,
 ( #2156, #633, #9315, #5255, #8367, #9976, #1398, #3714, #6842, #2954, #6076, #5301, #1450, #4533, #7698, #3813, #727, #6328, #2453 ),
 .UNSPECIFIED., .F., .F.,
 ( 4, 1, 1, 1, 1, 1, 1, 1, 1, 1, 1, 1, 1, 1, 1, 1, 4 ),
 ( 0.0000000000000000000, 6.458185605689850184E-05, 0.0001177501009217572141, 0.0001607987883342795027, 0.0001938923473381468305, 0.0002212291683499063139, 0.0002468865167755172159, 0.0002708459540032236135, 0.0002945934853433995878, 0.0003079872179293470036, 0.0003249407946228784726, 0.0003457284534732223591, 0.0003699716388849500696, 0.0003976650656899997265, 0.0004297489170337459021, 0.0004653778647409983712, 0.0005045599950991813513 ),
 .UNSPECIFIED. ) ;
#7576 = CARTESIAN_POINT ( 'NONE',  ( 3.080882686533308767, -6.494254986431027277, 3.099999999999999645 ) ) ;
#7577 = VECTOR ( 'NONE', #8031, 1000.000000000000341 ) ;
#7578 = ORIENTED_EDGE ( 'NONE', *, *, #4665, .F. ) ;
#7579 = ORIENTED_EDGE ( 'NONE', *, *, #6627, .F. ) ;
#7580 =( LENGTH_UNIT ( ) NAMED_UNIT ( * ) SI_UNIT ( .MILLI., .METRE. ) );
#7581 = ORIENTED_EDGE ( 'NONE', *, *, #272, .T. ) ;
#7582 = CARTESIAN_POINT ( 'NONE',  ( -3.694929958533822667, 6.820462724888163741, 2.000000000000000888 ) ) ;
#7583 = CARTESIAN_POINT ( 'NONE',  ( 3.938939765183770980, -6.350680747353219857, 3.100000000000555644 ) ) ;
#7584 = CARTESIAN_POINT ( 'NONE',  ( 4.401127661500168209, -4.200531107630911976, 3.100000000000000977 ) ) ;
#7585 = CARTESIAN_POINT ( 'NONE',  ( 2.934027417830843198, -4.247837593988708527, 3.200000000000000178 ) ) ;
#7586 = SURFACE_SIDE_STYLE ('',( #1276 ) ) ;
#7587 = LINE ( 'NONE', #3140, #3096 ) ;
#7588 = ORIENTED_EDGE ( 'NONE', *, *, #8895, .F. ) ;
#7589 = DIRECTION ( 'NONE',  ( -0.0000000000000000000, -1.000000000000000000, -0.0000000000000000000 ) ) ;
#7590 = CARTESIAN_POINT ( 'NONE',  ( -7.000000000000000888, 4.999999999999999112, 1.200000000000000178 ) ) ;
#7591 = CARTESIAN_POINT ( 'NONE',  ( 3.708090132584171528, -5.382624235144940705, 3.099999999999970779 ) ) ;
#7592 = VERTEX_POINT ( 'NONE', #6812 ) ;
#7593 =( NAMED_UNIT ( * ) PLANE_ANGLE_UNIT ( ) SI_UNIT ( $, .RADIAN. ) );
#7594 = CARTESIAN_POINT ( 'NONE',  ( 3.246149480231378170, -1.485810393123346174, 3.100000000000000977 ) ) ;
#7595 = PRESENTATION_STYLE_ASSIGNMENT (( #5343 ) ) ;
#7596 = B_SPLINE_CURVE_WITH_KNOTS ( 'NONE', 3,
 ( #2242, #1496, #2397, #263, #165, #820, #6276 ),
 .UNSPECIFIED., .F., .F.,
 ( 4, 1, 1, 1, 4 ),
 ( 0.0000000000000000000, 0.0001503549835645810219, 0.0002961021204597585063, 0.0004390777863628036060, 0.0005791548228110188819 ),
 .UNSPECIFIED. ) ;
#7597 = DIRECTION ( 'NONE',  ( 0.0000000000000000000, 0.0000000000000000000, 1.000000000000000000 ) ) ;
#7598 = CARTESIAN_POINT ( 'NONE',  ( 4.489176389382197208, -0.1593334308900931362, 3.099999999999999645 ) ) ;
#7599 = ORIENTED_EDGE ( 'NONE', *, *, #3626, .T. ) ;
#7600 = CARTESIAN_POINT ( 'NONE',  ( 3.004031937540677433, -1.756910698751239508, 3.100000000000000977 ) ) ;
#7601 = LINE ( 'NONE', #4534, #1007 ) ;
#7602 = LINE ( 'NONE', #7798, #9097 ) ;
#7603 = ORIENTED_EDGE ( 'NONE', *, *, #6495, .F. ) ;
#7604 = CARTESIAN_POINT ( 'NONE',  ( 4.617257111490873811, -4.839085957907439450, 3.199999999999999734 ) ) ;
#7605 = VERTEX_POINT ( 'NONE', #1368 ) ;
#7606 = CARTESIAN_POINT ( 'NONE',  ( 4.761055411608076327, -6.127822001605750302, 3.199999999999997957 ) ) ;
#7607 = EDGE_CURVE ( 'NONE', #4895, #8476, #3165, .T. ) ;
#7608 = CARTESIAN_POINT ( 'NONE',  ( 8.000000000000000000, 2.499999999999999556, 0.0000000000000000000 ) ) ;
#7609 = CARTESIAN_POINT ( 'NONE',  ( 3.031527665105265612, 0.8465240924424974889, 3.200000000000000178 ) ) ;
#7610 = CARTESIAN_POINT ( 'NONE',  ( 8.000000000000000000, 7.500000000000003553, 1.000000000000000000 ) ) ;
#7611 = EDGE_CURVE ( 'NONE', #3644, #2825, #1869, .T. ) ;
#7612 =( NAMED_UNIT ( * ) PLANE_ANGLE_UNIT ( ) SI_UNIT ( $, .RADIAN. ) );
#7613 = DIRECTION ( 'NONE',  ( 0.0000000000000000000, 0.0000000000000000000, -1.000000000000000000 ) ) ;
#7614 = EDGE_CURVE ( 'NONE', #670, #4732, #6661, .T. ) ;
#7615 = DIRECTION ( 'NONE',  ( 0.001042752300659718998, -0.9999994563336719322, 0.0000000000000000000 ) ) ;
#7616 = VECTOR ( 'NONE', #4439, 1000.000000000000000 ) ;
#7617 =( NAMED_UNIT ( * ) SI_UNIT ( $, .STERADIAN. ) SOLID_ANGLE_UNIT ( ) );
#7618 = ORIENTED_EDGE ( 'NONE', *, *, #603, .T. ) ;
#7619 = CARTESIAN_POINT ( 'NONE',  ( 2.845756354062883631, -4.579315998826027467, 3.200000000000000622 ) ) ;
#7620 = ADVANCED_FACE ( 'NONE', ( #4141 ), #8449, .T. ) ;
#7621 = AXIS2_PLACEMENT_3D ( 'NONE', #4795, #7914, #4747 ) ;
#7622 = FACE_BOUND ( 'NONE', #6644, .T. ) ;
#7623 = CARTESIAN_POINT ( 'NONE',  ( 4.735181520262772281, -6.028707354500979498, 3.100000000000000977 ) ) ;
#7624 = CARTESIAN_POINT ( 'NONE',  ( -8.000000000000000000, 0.5000000000000004441, 1.000000000000000000 ) ) ;
#7625 = CARTESIAN_POINT ( 'NONE',  ( 4.471599097454704186, -4.895662098577261645, 3.199999999999999734 ) ) ;
#7626 = EDGE_CURVE ( 'NONE', #4016, #209, #2807, .T. ) ;
#7627 = ORIENTED_EDGE ( 'NONE', *, *, #9969, .F. ) ;
#7628 = AXIS2_PLACEMENT_3D ( 'NONE', #5968, #2797, #5766 ) ;
#7629 = CARTESIAN_POINT ( 'NONE',  ( 8.000000000000000000, 0.0000000000000000000, 0.0000000000000000000 ) ) ;
#7630 = EDGE_LOOP ( 'NONE', ( #3179, #7543, #2945, #9692, #8881, #9991, #8414, #3839, #7867, #7802, #7364, #959, #3069, #4273 ) ) ;
#7631 = CARTESIAN_POINT ( 'NONE',  ( 3.080882686533308323, -6.494254986431027277, 3.099999999999854872 ) ) ;
#7632 = CARTESIAN_POINT ( 'NONE',  ( 3.210478069343754015, -5.969377456919065850, 3.100000000000555644 ) ) ;
#7633 = DIRECTION ( 'NONE',  ( -1.000000000000000000, 0.0000000000000000000, 0.0000000000000000000 ) ) ;
#7634 = CARTESIAN_POINT ( 'NONE',  ( 0.0000000000000000000, 0.0000000000000000000, 3.100000000000000977 ) ) ;
#7635 = DIRECTION ( 'NONE',  ( -1.000000000000000000, 0.0000000000000000000, 0.0000000000000000000 ) ) ;
#7636 = COLOUR_RGB ( '',0.2509803921568627416, 0.2509803921568627416, 0.2509803921568627416 ) ;
#7637 = CARTESIAN_POINT ( 'NONE',  ( 4.664853709735462317, -4.730495357747678931, 3.100000000000512568 ) ) ;
#7638 = ORIENTED_EDGE ( 'NONE', *, *, #5742, .F. ) ;
#7639 = CARTESIAN_POINT ( 'NONE',  ( 3.710319575887031540, -4.918900028149859160, 3.200000000000148948 ) ) ;
#7640 = CARTESIAN_POINT ( 'NONE',  ( 4.477390176516555798, 0.3108221212578366477, 3.099999999999997424 ) ) ;
#7641 = LINE ( 'NONE', #1389, #7285 ) ;
#7642 = ORIENTED_EDGE ( 'NONE', *, *, #7866, .T. ) ;
#7643 = COLOUR_RGB ( '',1.000000000000000000, 1.000000000000000000, 1.000000000000000000 ) ;
#7644 = CARTESIAN_POINT ( 'NONE',  ( 3.123894593156485211, -1.429025514140481290, 3.100000000000000977 ) ) ;
#7645 = CARTESIAN_POINT ( 'NONE',  ( 4.142378145200439121, -4.526271027705910832, 3.100000000000598277 ) ) ;
#7646 = DIRECTION ( 'NONE',  ( -0.0000000000000000000, 0.0000000000000000000, 1.000000000000000000 ) ) ;
#7647 = CARTESIAN_POINT ( 'NONE',  ( -5.781792873543974309, 6.820462724888162853, 2.000000000000000444 ) ) ;
#7648 = STYLED_ITEM ( 'NONE', ( #6132 ), #4931 ) ;
#7649 = PLANE ( 'NONE',  #1122 ) ;
#7650 = CARTESIAN_POINT ( 'NONE',  ( 2.754077797123930527, 1.449392686304643574, 3.100000000000000977 ) ) ;
#7651 = CARTESIAN_POINT ( 'NONE',  ( 8.000000000000000000, -1.500000000000000444, 2.200000000000000178 ) ) ;
#7652 = ORIENTED_EDGE ( 'NONE', *, *, #2801, .T. ) ;
#7653 = CARTESIAN_POINT ( 'NONE',  ( 4.321674127438069668, -6.785436823944085205, 3.200000000000001954 ) ) ;
#7654 = VERTEX_POINT ( 'NONE', #6287 ) ;
#7655 = VECTOR ( 'NONE', #7996, 1000.000000000000000 ) ;
#7656 = CARTESIAN_POINT ( 'NONE',  ( 4.735181520262772281, -6.028707354500979498, 3.199999999999998845 ) ) ;
#7657 = PLANE ( 'NONE',  #1930 ) ;
#7658 = CARTESIAN_POINT ( 'NONE',  ( 2.866603023838312225, 0.8354215083581557622, 3.200000000000000622 ) ) ;
#7659 = CARTESIAN_POINT ( 'NONE',  ( 3.237677595680507281, -2.813389382451740861, 3.200000000000000178 ) ) ;
#7660 = CARTESIAN_POINT ( 'NONE',  ( 2.718217306113901888, -5.571108612877292643, 3.100000000000000977 ) ) ;
#7661 = DIRECTION ( 'NONE',  ( 0.0000000000000000000, 1.000000000000000000, 2.027595229003962942E-12 ) ) ;
#7662 = LINE ( 'NONE', #5984, #7735 ) ;
#7663 = CIRCLE ( 'NONE', #8002, 0.5000000000000013323 ) ;
#7664 = FILL_AREA_STYLE ('',( #4550 ) ) ;
#7665 = VERTEX_POINT ( 'NONE', #3927 ) ;
#7666 = EDGE_CURVE ( 'NONE', #3298, #4726, #7155, .T. ) ;
#7667 = EDGE_CURVE ( 'NONE', #8185, #8487, #225, .T. ) ;
#7668 = AXIS2_PLACEMENT_3D ( 'NONE', #2858, #9071, #487 ) ;
#7669 =( NAMED_UNIT ( * ) PLANE_ANGLE_UNIT ( ) SI_UNIT ( $, .RADIAN. ) );
#7670 = CARTESIAN_POINT ( 'NONE',  ( 4.508905511561310142, -4.886343477339217145, 3.200000000000005507 ) ) ;
#7671 = CARTESIAN_POINT ( 'NONE',  ( 4.768899931271553427, -6.214948233198225758, 3.200000000000000622 ) ) ;
#7672 = CARTESIAN_POINT ( 'NONE',  ( 3.193770270993409710, -6.786792562979873544, 3.200000000000000622 ) ) ;
#7673 = DIRECTION ( 'NONE',  ( -0.0000000000000000000, -0.0000000000000000000, -1.000000000000000000 ) ) ;
#7674 = ORIENTED_EDGE ( 'NONE', *, *, #1835, .F. ) ;
#7675 = EDGE_LOOP ( 'NONE', ( #5102, #9561, #2545, #5002 ) ) ;
#7676 = VERTEX_POINT ( 'NONE', #3317 ) ;
#7677 = VECTOR ( 'NONE', #6058, 1000.000000000000000 ) ;
#7678 = EDGE_CURVE ( 'NONE', #1883, #3998, #1661, .T. ) ;
#7679 = DIRECTION ( 'NONE',  ( 0.0000000000000000000, 1.000000000000000000, -0.0000000000000000000 ) ) ;
#7680 = CARTESIAN_POINT ( 'NONE',  ( 4.767851122749374504, -4.678541764043326445, 3.100000000000631140 ) ) ;
#7681 = EDGE_LOOP ( 'NONE', ( #8713, #291, #2162, #6170, #6093, #2866, #4981, #8186, #8189, #7268 ) ) ;
#7682 = CARTESIAN_POINT ( 'NONE',  ( 3.135366987290412411, -6.745587490826486565, 3.099999999999855316 ) ) ;
#7683 = EDGE_CURVE ( 'NONE', #3730, #3245, #9419, .T. ) ;
#7684 = EDGE_CURVE ( 'NONE', #2953, #3486, #2557, .T. ) ;
#7685 = DIRECTION ( 'NONE',  ( 1.000000000000000000, 0.0000000000000000000, 0.0000000000000000000 ) ) ;
#7686 = AXIS2_PLACEMENT_3D ( 'NONE', #8709, #1037, #1752 ) ;
#7687 = CARTESIAN_POINT ( 'NONE',  ( 4.269683987908219791, -4.150686707509216866, 3.200000000000000178 ) ) ;
#7688 = CARTESIAN_POINT ( 'NONE',  ( 3.576998866375945774, -2.176046039689100819, 3.200000000000000178 ) ) ;
#7689 = CARTESIAN_POINT ( 'NONE',  ( -1.917157287525381504, 4.917157287525381726, 3.200000000000000178 ) ) ;
#7690 = ORIENTED_EDGE ( 'NONE', *, *, #3303, .F. ) ;
#7691 = CARTESIAN_POINT ( 'NONE',  ( 3.237677595680507281, -2.813389382451740861, 3.100000000000000977 ) ) ;
#7692 = CARTESIAN_POINT ( 'NONE',  ( 0.0000000000000000000, 0.0000000000000000000, 3.200000000000000178 ) ) ;
#7693 = VERTEX_POINT ( 'NONE', #8257 ) ;
#7694 = PRESENTATION_LAYER_ASSIGNMENT (  '', '', ( #4753 ) ) ;
#7695 = CARTESIAN_POINT ( 'NONE',  ( 3.232715654409285211, -1.476768620668746923, 3.200000000000001066 ) ) ;
#7696 = CARTESIAN_POINT ( 'NONE',  ( 1.542484643350841456, 3.584635112845306892, 3.200000000000000178 ) ) ;
#7697 = VERTEX_POINT ( 'NONE', #7440 ) ;
#7698 = CARTESIAN_POINT ( 'NONE',  ( 2.939047156304706920, 0.8442506682683627028, 3.200000000000006395 ) ) ;
#7699 = CARTESIAN_POINT ( 'NONE',  ( 2.741194335345465305, 1.586043716673506410, 3.100000000000000977 ) ) ;
#7700 = CARTESIAN_POINT ( 'NONE',  ( -3.741792873543973830, 6.820462724888163741, 1.920000000000000373 ) ) ;
#7701 = ORIENTED_EDGE ( 'NONE', *, *, #8228, .T. ) ;
#7702 = CARTESIAN_POINT ( 'NONE',  ( -7.000000000000000000, -8.000000000000001776, 1.082842712474619384 ) ) ;
#7703 = EDGE_LOOP ( 'NONE', ( #3902, #8267, #8699, #7627 ) ) ;
#7704 = STYLED_ITEM ( 'NONE', ( #8559 ), #8551 ) ;
#7705 = UNCERTAINTY_MEASURE_WITH_UNIT (LENGTH_MEASURE( 1.000000000000000082E-05 ), #9556, 'distance_accuracy_value', 'NONE');
#7706 = CARTESIAN_POINT ( 'NONE',  ( 4.011604932330274487, -1.475637682253603034, 3.200000000000004619 ) ) ;
#7707 = CARTESIAN_POINT ( 'NONE',  ( 2.880520778562180251, -2.366440497753428129, 3.100000000000000977 ) ) ;
#7708 = CARTESIAN_POINT ( 'NONE',  ( 4.357343892660743734, -6.208013685001462889, 3.199999999999998845 ) ) ;
#7709 = DIRECTION ( 'NONE',  ( -1.000000000000000000, 0.0000000000000000000, 0.0000000000000000000 ) ) ;
#7710 = CARTESIAN_POINT ( 'NONE',  ( 3.210478069343754015, -5.969377456919066738, 3.199999999999999289 ) ) ;
#7711 = SURFACE_SIDE_STYLE ('',( #694 ) ) ;
#7712 = AXIS2_PLACEMENT_3D ( 'NONE', #9925, #9109, #8404 ) ;
#7713 = CARTESIAN_POINT ( 'NONE',  ( 2.920584548849317841, -1.551304873958531338, 3.100000000000006306 ) ) ;
#7714 = CARTESIAN_POINT ( 'NONE',  ( 2.916637760068527818, -2.321405743035636071, 3.099999999999991651 ) ) ;
#7715 = EDGE_CURVE ( 'NONE', #1933, #9787, #2791, .T. ) ;
#7716 = EDGE_LOOP ( 'NONE', ( #5741, #4081, #3020, #1420 ) ) ;
#7717 = B_SPLINE_CURVE_WITH_KNOTS ( 'NONE', 3,
 ( #7215, #7924, #2576, #8731, #239, #8028, #3329, #8783, #1063, #1831, #4156, #7266, #9592, #4963, #4345, #438, #9075, #6706, #6035 ),
 .UNSPECIFIED., .F., .F.,
 ( 4, 1, 1, 1, 1, 1, 1, 1, 1, 1, 1, 1, 1, 1, 1, 1, 4 ),
 ( 0.0000000000000000000, 3.939369068715758716E-05, 7.833612717287656243E-05, 0.0001173687314994948392, 0.0001565984777471197042, 0.0001967362294487539503, 0.0002384113184880243968, 0.0002820371092374994817, 0.0003276607824806803651, 0.0003790956855645979582, 0.0004404394903352838123, 0.0005110444591593119121, 0.0005920670316352070897, 0.0006828519612714327317, 0.0007844494804402999538, 0.0008957216981432913720, 0.001017304358741704436 ),
 .UNSPECIFIED. ) ;
#7718 = PRODUCT_DEFINITION_SHAPE ( 'NONE', 'NONE',  #9576 ) ;
#7719 = COLOUR_RGB ( '',1.000000000000000000, 1.000000000000000000, 1.000000000000000000 ) ;
#7720 = LINE ( 'NONE', #2820, #6022 ) ;
#7721 = B_SPLINE_CURVE_WITH_KNOTS ( 'NONE', 3,
 ( #762, #3849, #6976, #10061, #9301, #2339, #5438, #8542, #1585, #4669, #3900 ),
 .UNSPECIFIED., .F., .F.,
 ( 4, 1, 1, 1, 1, 1, 1, 1, 4 ),
 ( 0.0000000000000000000, 5.395100738180094610E-05, 0.0001028384253628272571, 0.0001482818361619316311, 0.0001918580674199144508, 0.0002356825477820362271, 0.0002821065232221182592, 0.0003329519160527272216, 0.0003893999560223916937 ),
 .UNSPECIFIED. ) ;
#7722 = FACE_OUTER_BOUND ( 'NONE', #2599, .T. ) ;
#7723 = DIRECTION ( 'NONE',  ( -0.0000000000000000000, -0.0000000000000000000, -1.000000000000000000 ) ) ;
#7724 = CARTESIAN_POINT ( 'NONE',  ( 4.542394096046887597, -4.877443396473883475, 3.100000000000000977 ) ) ;
#7725 = CARTESIAN_POINT ( 'NONE',  ( 3.277361686471432112, -6.885588384244116789, 3.100000000000000977 ) ) ;
#7726 = EDGE_LOOP ( 'NONE', ( #115, #7182 ) ) ;
#7727 = VECTOR ( 'NONE', #7004, 1000.000000000000000 ) ;
#7728 = ORIENTED_EDGE ( 'NONE', *, *, #5416, .T. ) ;
#7729 = CARTESIAN_POINT ( 'NONE',  ( 3.548907880759897715, -2.812943493791168592, 3.100000000000000977 ) ) ;
#7730 = DIRECTION ( 'NONE',  ( -0.0000000000000000000, -0.0000000000000000000, -1.000000000000000000 ) ) ;
#7731 = ORIENTED_EDGE ( 'NONE', *, *, #2319, .F. ) ;
#7732 = DIRECTION ( 'NONE',  ( -0.0000000000000000000, 1.000000000000000000, 0.0000000000000000000 ) ) ;
#7733 = DIRECTION ( 'NONE',  ( 0.0000000000000000000, 0.0000000000000000000, 1.000000000000000000 ) ) ;
#7735 = VECTOR ( 'NONE', #695, 1000.000000000000000 ) ;
#7734 = CARTESIAN_POINT ( 'NONE',  ( 3.367534750181249148, -1.598355723998948985, 3.100000000000017408 ) ) ;
#7736 = DIRECTION ( 'NONE',  ( -1.000000000000000000, 0.0000000000000000000, 0.0000000000000000000 ) ) ;
#7737 = EDGE_CURVE ( 'NONE', #7170, #8982, #4440, .T. ) ;
#7738 = CARTESIAN_POINT ( 'NONE',  ( 8.000000000000000000, -3.500000000000000444, 1.000000000000000000 ) ) ;
#7739 = CARTESIAN_POINT ( 'NONE',  ( 3.917860839521575045, -2.132573500104835151, 3.100000000000678657 ) ) ;
#7740 = EDGE_LOOP ( 'NONE', ( #3590, #2075, #1366, #1483 ) ) ;
#7741 = ORIENTED_EDGE ( 'NONE', *, *, #1407, .F. ) ;
#7742 = CARTESIAN_POINT ( 'NONE',  ( 4.129753170754054459, -4.916740995857633578, 3.199999999999993516 ) ) ;
#7743 = EDGE_CURVE ( 'NONE', #8044, #5823, #2694, .T. ) ;
#7744 = ADVANCED_FACE ( 'NONE', ( #4187 ), #2989, .T. ) ;
#7745 = CARTESIAN_POINT ( 'NONE',  ( 3.723696235704197388, 0.7623587090454595483, 3.149999999999999911 ) ) ;
#7746 = ORIENTED_EDGE ( 'NONE', *, *, #775, .F. ) ;
#7747 =( NAMED_UNIT ( * ) PLANE_ANGLE_UNIT ( ) SI_UNIT ( $, .RADIAN. ) );
#7748 = CARTESIAN_POINT ( 'NONE',  ( -5.694929958533823111, 6.820462724888164630, 2.000000000000000000 ) ) ;
#7749 = CARTESIAN_POINT ( 'NONE',  ( 3.027576545172032674, -4.539316155563247079, 3.199999999999999289 ) ) ;
#7750 = ADVANCED_FACE ( 'NONE', ( #8151 ), #375, .F. ) ;
#7751 = DIRECTION ( 'NONE',  ( -1.000000000000000000, 0.0000000000000000000, 0.0000000000000000000 ) ) ;
#7752 = ORIENTED_EDGE ( 'NONE', *, *, #5240, .T. ) ;
#7753 = DIRECTION ( 'NONE',  ( 0.0000000000000000000, 0.0000000000000000000, 1.000000000000000000 ) ) ;
#7754 = EDGE_CURVE ( 'NONE', #3391, #8240, #7344, .T. ) ;
#7755 = DIRECTION ( 'NONE',  ( -1.000000000000000000, 0.0000000000000000000, 0.0000000000000000000 ) ) ;
#7756 = ORIENTED_EDGE ( 'NONE', *, *, #5359, .F. ) ;
#7757 = FACE_OUTER_BOUND ( 'NONE', #9350, .T. ) ;
#7758 = ORIENTED_EDGE ( 'NONE', *, *, #3806, .F. ) ;
#7759 = FACE_OUTER_BOUND ( 'NONE', #7117, .T. ) ;
#7760 = CARTESIAN_POINT ( 'NONE',  ( 2.926654683091475473, -5.204010770257330165, 3.100000000000094680 ) ) ;
#7761 = CARTESIAN_POINT ( 'NONE',  ( 3.901286313554749086, 0.2840659784767635698, 3.100000000000000977 ) ) ;
#7762 = SURFACE_STYLE_USAGE ( .BOTH. , #6235 ) ;
#7763 = LINE ( 'NONE', #7610, #7727 ) ;
#7764 = CARTESIAN_POINT ( 'NONE',  ( 2.874731193177283206, -5.701365401455204207, 3.100000000000000977 ) ) ;
#7765 = DIRECTION ( 'NONE',  ( 0.0000000000000000000, 1.000000000000000000, -0.0000000000000000000 ) ) ;
#7766 = ORIENTED_EDGE ( 'NONE', *, *, #10018, .T. ) ;
#7767 = PRESENTATION_LAYER_ASSIGNMENT (  '', '', ( #9053 ) ) ;
#7768 = CARTESIAN_POINT ( 'NONE',  ( 3.182201011159529358, -5.310991791576004317, 3.200000000000000622 ) ) ;
#7769 = DIRECTION ( 'NONE',  ( 0.0000000000000000000, -1.000000000000000000, -0.0000000000000000000 ) ) ;
#7770 = CARTESIAN_POINT ( 'NONE',  ( -6.337122846746489735, 0.0000000000000000000, 1.000000000000000000 ) ) ;
#7771 = DIRECTION ( 'NONE',  ( 0.0000000000000000000, 0.0000000000000000000, 1.000000000000000000 ) ) ;
#7772 = CARTESIAN_POINT ( 'NONE',  ( 3.261558127671020380, -6.823111745095161496, 3.200000000000001510 ) ) ;
#7773 = DIRECTION ( 'NONE',  ( 1.000000000000000000, -0.0000000000000000000, 0.0000000000000000000 ) ) ;
#7774 = ORIENTED_EDGE ( 'NONE', *, *, #4498, .T. ) ;
#7775 = ORIENTED_EDGE ( 'NONE', *, *, #5107, .T. ) ;
#7776 = CARTESIAN_POINT ( 'NONE',  ( 3.082062453140811176, -1.426953089927816443, 3.100000000000008971 ) ) ;
#7777 = CARTESIAN_POINT ( 'NONE',  ( 2.754334287620249455, -4.729843236067249990, 3.200000000000000178 ) ) ;
#7778 = ORIENTED_EDGE ( 'NONE', *, *, #3674, .F. ) ;
#7779 = CARTESIAN_POINT ( 'NONE',  ( 3.084715785782439657, -6.589373463463130243, 3.099999999999856204 ) ) ;
#7780 = CARTESIAN_POINT ( 'NONE',  ( 3.055007560635553343, -4.183679789242328972, 3.100000000000000977 ) ) ;
#7781 = CARTESIAN_POINT ( 'NONE',  ( 8.000000000000000000, -4.500000000000000888, 0.0000000000000000000 ) ) ;
#7782 = CARTESIAN_POINT ( 'NONE',  ( 4.021549860966421974, -1.564286797384051964, 3.200000000000000178 ) ) ;
#7783 =( LENGTH_UNIT ( ) NAMED_UNIT ( * ) SI_UNIT ( .MILLI., .METRE. ) );
#7784 = FILL_AREA_STYLE ('',( #4442 ) ) ;
#7785 = VERTEX_POINT ( 'NONE', #6591 ) ;
#7786 = LINE ( 'NONE', #7037, #10051 ) ;
#7787 = DIRECTION ( 'NONE',  ( 0.0000000000000000000, 0.0000000000000000000, 1.000000000000000000 ) ) ;
#7788 = ORIENTED_EDGE ( 'NONE', *, *, #6627, .T. ) ;
#7789 = ADVANCED_FACE ( 'NONE', ( #9683 ), #678, .T. ) ;
#7790 = DIRECTION ( 'NONE',  ( 1.000000000000000000, 0.0000000000000000000, -0.0000000000000000000 ) ) ;
#7791 = UNCERTAINTY_MEASURE_WITH_UNIT (LENGTH_MEASURE( 1.000000000000000082E-05 ), #5244, 'distance_accuracy_value', 'NONE');
#7792 = CARTESIAN_POINT ( 'NONE',  ( 3.611340877344484834, -1.433722409853999125, 3.099999999999624833 ) ) ;
#7793 = ADVANCED_FACE ( 'NONE', ( #2243 ), #628, .T. ) ;
#7794 = CARTESIAN_POINT ( 'NONE',  ( 4.457308193252179862, -4.541834942368689454, 3.100000000000596057 ) ) ;
#7795 = CARTESIAN_POINT ( 'NONE',  ( 2.083206147703079214, 4.869646352943379775, 3.100000000000000977 ) ) ;
#7796 = ORIENTED_EDGE ( 'NONE', *, *, #3606, .T. ) ;
#7797 = CARTESIAN_POINT ( 'NONE',  ( 7.000000000000000888, -8.000000000000000000, 3.117157287525381459 ) ) ;
#7798 = CARTESIAN_POINT ( 'NONE',  ( -1.800000000000000711, 0.0000000000000000000, 3.200000000000000178 ) ) ;
#7799 = AXIS2_PLACEMENT_3D ( 'NONE', #78, #3161, #2415 ) ;
#7800 = VERTEX_POINT ( 'NONE', #6936 ) ;
#7801 = CARTESIAN_POINT ( 'NONE',  ( 3.545011490985022995, -1.345659017447457195, 3.199999999999999734 ) ) ;
#7802 = ORIENTED_EDGE ( 'NONE', *, *, #4572, .F. ) ;
#7803 = UNCERTAINTY_MEASURE_WITH_UNIT (LENGTH_MEASURE( 1.000000000000000082E-05 ), #7783, 'distance_accuracy_value', 'NONE');
#7804 = CARTESIAN_POINT ( 'NONE',  ( 4.045659857045531993, -2.011662835748165623, 3.199999999999999734 ) ) ;
#7805 = ADVANCED_FACE ( 'NONE', ( #6888 ), #8370, .T. ) ;
#7806 = CARTESIAN_POINT ( 'NONE',  ( 2.795801933053463806, -0.4451077837840397566, 3.100000000000000977 ) ) ;
#7807 = EDGE_CURVE ( 'NONE', #5352, #9361, #4513, .T. ) ;
#7808 =( LENGTH_UNIT ( ) NAMED_UNIT ( * ) SI_UNIT ( .MILLI., .METRE. ) );
#7809 = CARTESIAN_POINT ( 'NONE',  ( -4.761792873543973847, 6.820462724888163741, 1.920000000000000373 ) ) ;
#7810 = CARTESIAN_POINT ( 'NONE',  ( 4.021549860966421974, -1.564286797384051964, 3.099999999999889511 ) ) ;
#7811 = CARTESIAN_POINT ( 'NONE',  ( 3.617128845827443318, 0.7142027337036626067, 3.099999999999936584 ) ) ;
#7812 = CARTESIAN_POINT ( 'NONE',  ( 3.502398997010987447, -6.179884035011855126, 3.200000000000001510 ) ) ;
#7813 = CARTESIAN_POINT ( 'NONE',  ( 4.123774475881749169, -6.351553020287748375, 3.100000000000821654 ) ) ;
#7814 = DIRECTION ( 'NONE',  ( 0.9999762524008789510, -0.006891635095801726917, 0.0000000000000000000 ) ) ;
#7815 = VERTEX_POINT ( 'NONE', #3856 ) ;
#7816 = VECTOR ( 'NONE', #5487, 1000.000000000000000 ) ;
#7817 = COLOUR_RGB ( '',0.7529411764705882248, 0.7529411764705882248, 0.7529411764705882248 ) ;
#7818 = CYLINDRICAL_SURFACE ( 'NONE', #7167, 0.8999999999999998002 ) ;
#7819 = DIRECTION ( 'NONE',  ( 0.0000000000000000000, 1.000000000000000000, 0.0000000000000000000 ) ) ;
#7820 = VECTOR ( 'NONE', #7116, 1000.000000000000000 ) ;
#7821 = CARTESIAN_POINT ( 'NONE',  ( 3.923011459736882589, -4.078322064690620863, 3.099999999999624833 ) ) ;
#7822 = DIRECTION ( 'NONE',  ( 0.0000000000000000000, -0.0000000000000000000, -1.000000000000000000 ) ) ;
#7823 = VECTOR ( 'NONE', #7732, 1000.000000000000000 ) ;
#7824 = LINE ( 'NONE', #3170, #4362 ) ;
#7825 = CARTESIAN_POINT ( 'NONE',  ( 2.741628106742404203, 1.546241570304517365, 3.199999999999989075 ) ) ;
#7826 = ORIENTED_EDGE ( 'NONE', *, *, #5989, .T. ) ;
#7827 = CARTESIAN_POINT ( 'NONE',  ( 4.397596957851654054, -4.535713956616392650, 3.199999999999983302 ) ) ;
#7828 = ORIENTED_EDGE ( 'NONE', *, *, #9219, .F. ) ;
#7829 = CARTESIAN_POINT ( 'NONE',  ( 3.070671069701725653, -1.427450217131301269, 3.100000000000004974 ) ) ;
#7830 = CARTESIAN_POINT ( 'NONE',  ( 2.755996597927213632, -4.764150110308152719, 3.100000000000000977 ) ) ;
#7831 = EDGE_LOOP ( 'NONE', ( #303, #6552, #2241, #1804 ) ) ;
#7832 = VECTOR ( 'NONE', #6563, 1000.000000000000000 ) ;
#7833 = COLOUR_RGB ( '',1.000000000000000000, 1.000000000000000000, 0.0000000000000000000 ) ;
#7834 = CARTESIAN_POINT ( 'NONE',  ( 2.862869378016088984, -2.262531979561058115, 3.100000000000000977 ) ) ;
#7835 = LINE ( 'NONE', #2432, #719 ) ;
#7836 = CARTESIAN_POINT ( 'NONE',  ( 2.666494221487527128, -1.295415935059019752, 3.200000000000000622 ) ) ;
#7837 = CARTESIAN_POINT ( 'NONE',  ( 4.020698076755182981, -1.593397644912315503, 3.200000000000001510 ) ) ;
#7838 = DIRECTION ( 'NONE',  ( 0.001707210486922863379, -0.9999985427151147910, 0.0000000000000000000 ) ) ;
#7839 = DIRECTION ( 'NONE',  ( -0.0000000000000000000, 1.000000000000000000, 0.0000000000000000000 ) ) ;
#7840 =( NAMED_UNIT ( * ) SI_UNIT ( $, .STERADIAN. ) SOLID_ANGLE_UNIT ( ) );
#7841 = COLOUR_RGB ( '',1.000000000000000000, 1.000000000000000000, 0.0000000000000000000 ) ;
#7842 = ORIENTED_EDGE ( 'NONE', *, *, #3732, .T. ) ;
#7843 =( LENGTH_UNIT ( ) NAMED_UNIT ( * ) SI_UNIT ( .MILLI., .METRE. ) );
#7844 = DIRECTION ( 'NONE',  ( -1.000000000000000000, 0.0000000000000000000, 0.0000000000000000000 ) ) ;
#7845 = ORIENTED_EDGE ( 'NONE', *, *, #6565, .F. ) ;
#7846 = CIRCLE ( 'NONE', #866, 0.5000000000000004441 ) ;
#7847 = CARTESIAN_POINT ( 'NONE',  ( 4.665413086832669975, -4.717358353571228236, 3.100000000000000977 ) ) ;
#7848 = CARTESIAN_POINT ( 'NONE',  ( 4.333227577357230409, -4.531826653108838698, 3.100000000000596057 ) ) ;
#7849 = CARTESIAN_POINT ( 'NONE',  ( 6.800000000000001599, 0.0000000000000000000, 3.000000000000000000 ) ) ;
#7850 = ORIENTED_EDGE ( 'NONE', *, *, #6575, .F. ) ;
#7851 = CARTESIAN_POINT ( 'NONE',  ( 3.239461150322795913, -3.690452377797245109, 3.100000000000000977 ) ) ;
#7852 = MECHANICAL_DESIGN_GEOMETRIC_PRESENTATION_REPRESENTATION (  '', ( #1189 ), #4921 ) ;
#7853 = CARTESIAN_POINT ( 'NONE',  ( 4.507866619047884882, 0.3362004532751428076, 3.100000000000000977 ) ) ;
#7854 = ORIENTED_EDGE ( 'NONE', *, *, #4615, .F. ) ;
#7855 = VERTEX_POINT ( 'NONE', #3968 ) ;
#7856 = CARTESIAN_POINT ( 'NONE',  ( 3.867272384408443564, -2.154197495321063638, 3.199999999999999734 ) ) ;
#7857 = CARTESIAN_POINT ( 'NONE',  ( 2.962564292107463526, -0.3077740763278043468, 3.100000000000000977 ) ) ;
#7858 = AXIS2_PLACEMENT_3D ( 'NONE', #3451, #9005, #3556 ) ;
#7859 = CARTESIAN_POINT ( 'NONE',  ( 4.284361512440463038, -5.729073871458844280, 3.199999999999998845 ) ) ;
#7860 = CARTESIAN_POINT ( 'NONE',  ( 3.998236757294653554, -1.436754824234656391, 3.100000000000608491 ) ) ;
#7861 = ADVANCED_FACE ( 'NONE', ( #821 ), #4624, .T. ) ;
#7862 = CARTESIAN_POINT ( 'NONE',  ( 3.828299708090083353, -6.328748679365648222, 3.200000000000000178 ) ) ;
#7863 = CARTESIAN_POINT ( 'NONE',  ( 3.792808978092887529, -0.1062324017491729361, 3.200000000000000178 ) ) ;
#7864 = ADVANCED_FACE ( 'NONE', ( #5496 ), #3718, .T. ) ;
#7865 = B_SPLINE_SURFACE_WITH_KNOTS ( 'NONE', 3, 1, ( 
 ( #8792, #916 ),
 ( #3374, #7174 ),
 ( #295, #6566 ),
 ( #4211, #6361 ),
 ( #6514, #4814 ),
 ( #5734, #8841 ),
 ( #7222, #345 ),
 ( #4768, #7884 ),
 ( #7271, #7122 ),
 ( #9500, #9600 ),
 ( #6466, #1738 ) ),
 .UNSPECIFIED., .F., .F., .F.,
 ( 4, 1, 1, 1, 1, 1, 1, 1, 4 ),
 ( 2, 2 ),
 ( 0.0000000000000000000, 0.2156607891185884085, 0.3874271420349273964, 0.5157375730709736761, 0.6007637024492858968, 0.7180735693897062344, 0.8178514007735012692, 0.9084737735868035902, 1.000000000000000000 ),
 ( 0.0000000000000000000, 1.000000000000000000 ),
 .UNSPECIFIED. ) ;
#7866 = EDGE_CURVE ( 'NONE', #1518, #4313, #8553, .T. ) ;
#7867 = ORIENTED_EDGE ( 'NONE', *, *, #6130, .F. ) ;
#7868 = AXIS2_PLACEMENT_3D ( 'NONE', #875, #3966, #7790 ) ;
#7869 = CARTESIAN_POINT ( 'NONE',  ( 4.721175254456713155, -4.509979892026461989, 3.199999999999999289 ) ) ;
#7870 = CARTESIAN_POINT ( 'NONE',  ( 8.000000000000000000, 1.500000000000001332, 1.000000000000000000 ) ) ;
#7871 = STYLED_ITEM ( 'NONE', ( #9362 ), #8601 ) ;
#7872 = CARTESIAN_POINT ( 'NONE',  ( 4.293096055254888022, -4.158213973213698011, 3.100000000000619593 ) ) ;
#7873 = SURFACE_SIDE_STYLE ('',( #4758 ) ) ;
#7874 = CARTESIAN_POINT ( 'NONE',  ( -1.800000000000000711, 4.800000000000000711, 3.199999999999999734 ) ) ;
#7875 =( NAMED_UNIT ( * ) PLANE_ANGLE_UNIT ( ) SI_UNIT ( $, .RADIAN. ) );
#7876 = EDGE_LOOP ( 'NONE', ( #794, #2290, #3010, #6240 ) ) ;
#7877 = CARTESIAN_POINT ( 'NONE',  ( -8.000000000000000000, 8.499999999999998224, 1.000000000000000000 ) ) ;
#7878 = EDGE_CURVE ( 'NONE', #9566, #6152, #2013, .T. ) ;
#7879 = ORIENTED_EDGE ( 'NONE', *, *, #3176, .F. ) ;
#7880 = CARTESIAN_POINT ( 'NONE',  ( 2.677580274937839899, -4.909349479070556299, 3.199999999999999289 ) ) ;
#7881 = CARTESIAN_POINT ( 'NONE',  ( 3.548907880759897715, -2.812943493791168592, 3.100000000000000977 ) ) ;
#7882 = VERTEX_POINT ( 'NONE', #4717 ) ;
#7883 =( GEOMETRIC_REPRESENTATION_CONTEXT ( 3 ) GLOBAL_UNCERTAINTY_ASSIGNED_CONTEXT ( ( #473 ) ) GLOBAL_UNIT_ASSIGNED_CONTEXT ( ( #4363, #5178, #6868 ) ) REPRESENTATION_CONTEXT ( 'NONE', 'WORKASPACE' ) );
#7884 = CARTESIAN_POINT ( 'NONE',  ( 2.872076012281330470, -2.206043497250824270, 3.200000000000000178 ) ) ;
#7885 = UNCERTAINTY_MEASURE_WITH_UNIT (LENGTH_MEASURE( 1.000000000000000082E-05 ), #7467, 'distance_accuracy_value', 'NONE');
#7886 = CARTESIAN_POINT ( 'NONE',  ( 2.952284052418825855, -4.236818521313349351, 3.200000000000000622 ) ) ;
#7887 = CARTESIAN_POINT ( 'NONE',  ( 8.000000000000000000, -1.000000000000000000, 0.0000000000000000000 ) ) ;
#7888 = CARTESIAN_POINT ( 'NONE',  ( 3.618226773895201642, -1.078184339343281950, 3.199999999999999289 ) ) ;
#7889 = CARTESIAN_POINT ( 'NONE',  ( 3.869518312985321007, -1.748578927794053772, 3.200000000000003730 ) ) ;
#7890 = CARTESIAN_POINT ( 'NONE',  ( 4.298465042255598334, -0.2531680786212764933, 3.100000000000000977 ) ) ;
#7891 = CARTESIAN_POINT ( 'NONE',  ( 3.652354050012646347, 0.1844870049438971649, 3.099999999999367706 ) ) ;
#7892 = AXIS2_PLACEMENT_3D ( 'NONE', #8967, #2700, #8216 ) ;
#7893 = DIRECTION ( 'NONE',  ( 1.000000000000000000, -0.0000000000000000000, 0.0000000000000000000 ) ) ;
#7894 = ORIENTED_EDGE ( 'NONE', *, *, #9219, .T. ) ;
#7895 = CARTESIAN_POINT ( 'NONE',  ( 4.283204549912431602, -6.787722653127238104, 3.200000000000000622 ) ) ;
#7896 = CARTESIAN_POINT ( 'NONE',  ( 2.794840121425140822, -1.633702843410195671, 3.200000000000004174 ) ) ;
#7897 = ORIENTED_EDGE ( 'NONE', *, *, #8168, .F. ) ;
#7898 = MECHANICAL_DESIGN_GEOMETRIC_PRESENTATION_REPRESENTATION (  '', ( #9677 ), #743 ) ;
#7899 = CARTESIAN_POINT ( 'NONE',  ( 4.072459885496570564, -1.972401596009170754, 3.199999999999996625 ) ) ;
#7900 = CARTESIAN_POINT ( 'NONE',  ( 2.679995116031184565, -1.922072347883817089, 3.199999999999997957 ) ) ;
#7901 = DIRECTION ( 'NONE',  ( 0.9999972662586608108, 0.002338263288212065472, 0.0000000000000000000 ) ) ;
#7902 = ORIENTED_EDGE ( 'NONE', *, *, #2461, .F. ) ;
#7903 = DIRECTION ( 'NONE',  ( -0.9999979593981448422, -0.002020197897774095568, 0.0000000000000000000 ) ) ;
#7904 = DIRECTION ( 'NONE',  ( 1.000000000000000000, 1.734723475976806848E-16, 0.0000000000000000000 ) ) ;
#7905 = VERTEX_POINT ( 'NONE', #9250 ) ;
#7906 = ORIENTED_EDGE ( 'NONE', *, *, #4142, .F. ) ;
#7907 = UNCERTAINTY_MEASURE_WITH_UNIT (LENGTH_MEASURE( 1.000000000000000082E-05 ), #10033, 'distance_accuracy_value', 'NONE');
#7908 = CARTESIAN_POINT ( 'NONE',  ( 4.135697358072903285, -1.685568513059688689, 3.100000000000000977 ) ) ;
#7909 = CARTESIAN_POINT ( 'NONE',  ( 4.753068578638542263, -6.381026863689557516, 3.100000000000238565 ) ) ;
#7910 = CARTESIAN_POINT ( 'NONE',  ( 2.952284052418826299, -4.236818521313350239, 3.099999999999592859 ) ) ;
#7911 = CARTESIAN_POINT ( 'NONE',  ( -2.000000000000000888, 8.000000000000000000, 3.000000000000000000 ) ) ;
#7912 = FILL_AREA_STYLE ('',( #6338 ) ) ;
#7913 = CARTESIAN_POINT ( 'NONE',  ( 2.684355090916155095, -1.184917316749299676, 3.100000000000001421 ) ) ;
#7914 = DIRECTION ( 'NONE',  ( 0.0000000000000000000, 0.0000000000000000000, 1.000000000000000000 ) ) ;
#7915 = CARTESIAN_POINT ( 'NONE',  ( 4.284493926769738614, -6.282353614813241727, 3.100000000000819877 ) ) ;
#7916 = CARTESIAN_POINT ( 'NONE',  ( 8.000000000000000000, 3.499999999999999556, 1.000000000000000000 ) ) ;
#7917 = VERTEX_POINT ( 'NONE', #7836 ) ;
#7918 = DIRECTION ( 'NONE',  ( -0.0000000000000000000, -0.0000000000000000000, -1.000000000000000000 ) ) ;
#7919 =( NAMED_UNIT ( * ) SI_UNIT ( $, .STERADIAN. ) SOLID_ANGLE_UNIT ( ) );
#7920 = EDGE_CURVE ( 'NONE', #1708, #9126, #4666, .T. ) ;
#7921 = CARTESIAN_POINT ( 'NONE',  ( -3.661792873543973759, 6.820462724888163741, 1.966862915010152424 ) ) ;
#7922 = FACE_OUTER_BOUND ( 'NONE', #707, .T. ) ;
#7923 = PLANE ( 'NONE',  #3483 ) ;
#7924 = CARTESIAN_POINT ( 'NONE',  ( 2.956196830515447349, -1.015858406943128012, 3.099999999999659472 ) ) ;
#7925 = DIRECTION ( 'NONE',  ( 0.0000000000000000000, 1.000000000000000000, 0.0000000000000000000 ) ) ;
#7926 = VERTEX_POINT ( 'NONE', #7781 ) ;
#7927 =( GEOMETRIC_REPRESENTATION_CONTEXT ( 3 ) GLOBAL_UNCERTAINTY_ASSIGNED_CONTEXT ( ( #2482 ) ) GLOBAL_UNIT_ASSIGNED_CONTEXT ( ( #2561, #9367, #1664 ) ) REPRESENTATION_CONTEXT ( 'NONE', 'WORKASPACE' ) );
#7928 = PLANE ( 'NONE',  #2133 ) ;
#7929 = EDGE_LOOP ( 'NONE', ( #5025, #4957, #6624, #6046 ) ) ;
#7930 = DIRECTION ( 'NONE',  ( -1.000000000000000000, 0.0000000000000000000, 0.0000000000000000000 ) ) ;
#7931 = LINE ( 'NONE', #1783, #900 ) ;
#7932 = ORIENTED_EDGE ( 'NONE', *, *, #5617, .T. ) ;
#7933 = EDGE_CURVE ( 'NONE', #4245, #6836, #4057, .T. ) ;
#7934 = PLANE ( 'NONE',  #347 ) ;
#7935 = AXIS2_PLACEMENT_3D ( 'NONE', #4725, #1642, #7844 ) ;
#7936 = EDGE_CURVE ( 'NONE', #8240, #5423, #3897, .T. ) ;
#7937 = EDGE_CURVE ( 'NONE', #8439, #8648, #5905, .T. ) ;
#7938 = CARTESIAN_POINT ( 'NONE',  ( 3.588812140158144093, -1.106308744963385493, 3.100000000000001421 ) ) ;
#7939 = CARTESIAN_POINT ( 'NONE',  ( 3.990925730035903563, -1.672598375920077096, 3.200000000000004174 ) ) ;
#7940 = CARTESIAN_POINT ( 'NONE',  ( 4.665413086832669975, -4.717358353571228236, 3.100000000000000977 ) ) ;
#7941 = DIRECTION ( 'NONE',  ( -1.000000000000000000, 0.0000000000000000000, 0.0000000000000000000 ) ) ;
#7942 = CARTESIAN_POINT ( 'NONE',  ( 4.453544764680929191, -5.704899052143111327, 3.200000000000001066 ) ) ;
#7943 = ORIENTED_EDGE ( 'NONE', *, *, #8721, .T. ) ;
#7944 = CARTESIAN_POINT ( 'NONE',  ( 4.768476202319270385, -6.258134412343799191, 3.200000000000001066 ) ) ;
#7945 = DIRECTION ( 'NONE',  ( 0.0000000000000000000, 0.0000000000000000000, 1.000000000000000000 ) ) ;
#7946 = CIRCLE ( 'NONE', #8426, 0.5000000000000013323 ) ;
#7947 = ORIENTED_EDGE ( 'NONE', *, *, #3855, .F. ) ;
#7948 = CARTESIAN_POINT ( 'NONE',  ( 7.500000000000000000, 1.000000000000000888, 0.0000000000000000000 ) ) ;
#7949 = FACE_OUTER_BOUND ( 'NONE', #1269, .T. ) ;
#7950 = CARTESIAN_POINT ( 'NONE',  ( 2.754652804936494004, -1.807736477149925580, 3.200000000000000178 ) ) ;
#7951 = CARTESIAN_POINT ( 'NONE',  ( 3.423882673431795531, -1.672278862463220106, 3.199999999999998401 ) ) ;
#7952 = CARTESIAN_POINT ( 'NONE',  ( 7.000000000000000888, 8.000000000000000000, 3.117157287525381459 ) ) ;
#7953 = STYLED_ITEM ( 'NONE', ( #8041 ), #1718 ) ;
#7954 = ORIENTED_EDGE ( 'NONE', *, *, #8053, .F. ) ;
#7955 = CARTESIAN_POINT ( 'NONE',  ( 2.919758980692532813, -1.582568232467511882, 3.150000000000000355 ) ) ;
#7956 = CARTESIAN_POINT ( 'NONE',  ( 4.617703000151444748, 0.6887870800510477176, 3.100000000000000977 ) ) ;
#7957 = ORIENTED_EDGE ( 'NONE', *, *, #6130, .T. ) ;
#7958 = VECTOR ( 'NONE', #4229, 1000.000000000000000 ) ;
#7959 = CARTESIAN_POINT ( 'NONE',  ( 3.277361686471432556, -6.885588384244116789, 3.099999999999740297 ) ) ;
#7960 = ORIENTED_EDGE ( 'NONE', *, *, #5991, .F. ) ;
#7961 = CARTESIAN_POINT ( 'NONE',  ( 3.917860839521575045, -2.132573500104835151, 3.199999999999999734 ) ) ;
#7962 = CARTESIAN_POINT ( 'NONE',  ( 4.559671063076489617, -6.677882090766011025, 3.100000000000237232 ) ) ;
#7963 = CARTESIAN_POINT ( 'NONE',  ( 4.401892182724840730, -5.910078060448809900, 3.199999999999999734 ) ) ;
#7964 = LINE ( 'NONE', #5715, #5967 ) ;
#7965 = CARTESIAN_POINT ( 'NONE',  ( 4.690408396428963123, 0.1688390286649694150, 3.099999999999910383 ) ) ;
#7966 = CARTESIAN_POINT ( 'NONE',  ( 2.773406584962288424, -4.640968698584158503, 3.199999999999999734 ) ) ;
#7967 = CARTESIAN_POINT ( 'NONE',  ( 3.993792958987290920, -6.356147583489080155, 3.100000000000000977 ) ) ;
#7968 = CARTESIAN_POINT ( 'NONE',  ( 4.202134768498160255, -5.604550262420206153, 3.100000000000531220 ) ) ;
#7969 = CARTESIAN_POINT ( 'NONE',  ( 2.959888960144030801, -1.477338508572474396, 3.200000000000000178 ) ) ;
#7970 = ORIENTED_EDGE ( 'NONE', *, *, #4923, .T. ) ;
#7971 = CARTESIAN_POINT ( 'NONE',  ( -5.861792873543974380, 6.820462724888163741, 2.000000000000000000 ) ) ;
#7972 = COLOUR_RGB ( '',1.000000000000000000, 1.000000000000000000, 0.0000000000000000000 ) ;
#7973 = CARTESIAN_POINT ( 'NONE',  ( 4.767851122749374504, -4.678541764043326445, 3.199999999999999734 ) ) ;
#7974 = B_SPLINE_CURVE_WITH_KNOTS ( 'NONE', 3,
 ( #2409, #8769, #4950, #7859, #2462, #8668, #2605, #7963, #1711, #5509, #7052 ),
 .UNSPECIFIED., .F., .F.,
 ( 4, 1, 1, 1, 1, 1, 1, 1, 4 ),
 ( 0.0000000000000000000, 6.312095356551068390E-05, 0.0001224599662760086438, 0.0001779361161856527992, 0.0002314443461234896534, 0.0002841035337291317056, 0.0003362585812247391600, 0.0003898538754586977325, 0.0004455013509799804873 ),
 .UNSPECIFIED. ) ;
#7975 = CARTESIAN_POINT ( 'NONE',  ( 7.000000000000000888, -8.000000000000000000, 3.000000000000000000 ) ) ;
#7976 =( NAMED_UNIT ( * ) PLANE_ANGLE_UNIT ( ) SI_UNIT ( $, .RADIAN. ) );
#7977 = CARTESIAN_POINT ( 'NONE',  ( 2.832703870535719926, 1.346104418189662422, 3.100000000000683098 ) ) ;
#7978 = SURFACE_SIDE_STYLE ('',( #1879 ) ) ;
#7979 = DIRECTION ( 'NONE',  ( 0.0000000000000000000, 0.0000000000000000000, 1.000000000000000000 ) ) ;
#7980 = VECTOR ( 'NONE', #5952, 1000.000000000000000 ) ;
#7981 = B_SPLINE_CURVE_WITH_KNOTS ( 'NONE', 3,
 ( #700, #9081, #9141, #2121, #8338, #1369, #7574, #3785, #6142, #608, #9900, #2920, #6042, #2173, #5274 ),
 .UNSPECIFIED., .F., .F.,
 ( 4, 1, 1, 1, 1, 1, 1, 1, 1, 1, 1, 1, 4 ),
 ( 0.0000000000000000000, 6.271555581152813482E-05, 0.0001241794905018395623, 0.0001852358969643939110, 0.0002467488062798281435, 0.0003091226700421212327, 0.0003717141900223514634, 0.0004359675513556202260, 0.0005014933800060740162, 0.0005699043535421823839, 0.0006419611984157605217, 0.0007180927794663388404, 0.0007995108668865668917 ),
 .UNSPECIFIED. ) ;
#7982 = ORIENTED_EDGE ( 'NONE', *, *, #6567, .T. ) ;
#7983 = VECTOR ( 'NONE', #1619, 1000.000000000000000 ) ;
#7984 = EDGE_CURVE ( 'NONE', #2021, #7676, #807, .T. ) ;
#7985 = CARTESIAN_POINT ( 'NONE',  ( 4.111806949023088187, -0.2666728264450736186, 3.200000000000001954 ) ) ;
#7986 = CARTESIAN_POINT ( 'NONE',  ( 2.704855659786851607, -4.965673565467140449, 3.100000000000000977 ) ) ;
#7987 = EDGE_CURVE ( 'NONE', #5673, #4907, #4771, .T. ) ;
#7988 = CARTESIAN_POINT ( 'NONE',  ( -5.661792873543974203, 6.820462724888163741, 1.200000000000000178 ) ) ;
#7989 = CARTESIAN_POINT ( 'NONE',  ( 4.768959347323075804, -4.736546566726886454, 3.200000000000000178 ) ) ;
#7990 = CARTESIAN_POINT ( 'NONE',  ( 3.698949194975115873, -1.463261269376415541, 3.199999999999999734 ) ) ;
#7991 = COLOUR_RGB ( '',0.7529411764705882248, 0.7529411764705882248, 0.7529411764705882248 ) ;
#7992 = CARTESIAN_POINT ( 'NONE',  ( 3.710319575887031540, -4.918900028149859160, 3.100000000000075140 ) ) ;
#7993 = CARTESIAN_POINT ( 'NONE',  ( 3.686962767791089668, -1.044833673997847878, 3.200000000000000178 ) ) ;
#7994 = FACE_OUTER_BOUND ( 'NONE', #3987, .T. ) ;
#7995 = DIRECTION ( 'NONE',  ( 0.9999944444907403751, 0.003333314814968972497, -0.0000000000000000000 ) ) ;
#7996 = DIRECTION ( 'NONE',  ( -0.0000000000000000000, -1.000000000000000000, -0.0000000000000000000 ) ) ;
#7997 = CARTESIAN_POINT ( 'NONE',  ( 4.397315858646895670, -5.675741905859751135, 3.100000000000000533 ) ) ;
#7998 = VERTEX_POINT ( 'NONE', #9345 ) ;
#7999 = EDGE_CURVE ( 'NONE', #8293, #3373, #759, .T. ) ;
#8000 = ORIENTED_EDGE ( 'NONE', *, *, #6810, .F. ) ;
#8001 = FILL_AREA_STYLE ('',( #8752 ) ) ;
#8002 = AXIS2_PLACEMENT_3D ( 'NONE', #9218, #5348, #9783 ) ;
#8003 = CARTESIAN_POINT ( 'NONE',  ( 4.008160229068564284, -0.2465010501300987922, 3.199999999999999289 ) ) ;
#8004 =( GEOMETRIC_REPRESENTATION_CONTEXT ( 3 ) GLOBAL_UNCERTAINTY_ASSIGNED_CONTEXT ( ( #8513 ) ) GLOBAL_UNIT_ASSIGNED_CONTEXT ( ( #6501, #5517, #3989 ) ) REPRESENTATION_CONTEXT ( 'NONE', 'WORKASPACE' ) );
#8005 = EDGE_CURVE ( 'NONE', #7785, #6783, #7029, .T. ) ;
#8006 = CARTESIAN_POINT ( 'NONE',  ( 4.473897345443878848, 1.329916849650920607, 3.100000000000803890 ) ) ;
#8007 = EDGE_LOOP ( 'NONE', ( #3152, #9201, #5790, #8352 ) ) ;
#8008 = EDGE_CURVE ( 'NONE', #7926, #1977, #3958, .T. ) ;
#8009 = DIRECTION ( 'NONE',  ( 0.0000000000000000000, 0.0000000000000000000, 1.000000000000000000 ) ) ;
#8010 = VECTOR ( 'NONE', #1912, 1000.000000000000000 ) ;
#8011 = CARTESIAN_POINT ( 'NONE',  ( 7.000000000000001776, 7.999999999999998224, 1.082842712474619162 ) ) ;
#8012 = DIRECTION ( 'NONE',  ( -0.0000000000000000000, -0.0000000000000000000, -1.000000000000000000 ) ) ;
#8013 = DIRECTION ( 'NONE',  ( -1.000000000000000000, -1.084202172485504434E-16, -0.0000000000000000000 ) ) ;
#8014 = VERTEX_POINT ( 'NONE', #100 ) ;
#8015 = CARTESIAN_POINT ( 'NONE',  ( 3.533301777639871410, -1.265541394800682617, 3.100000000000000977 ) ) ;
#8016 = CARTESIAN_POINT ( 'NONE',  ( 3.761331165829289613, -2.170497302775022952, 3.200000000000002398 ) ) ;
#8017 = CARTESIAN_POINT ( 'NONE',  ( 2.952023115313691992, -0.3155174452135441898, 3.100000000000000977 ) ) ;
#8018 = CARTESIAN_POINT ( 'NONE',  ( 3.724142124364770101, -1.042597064514585892, 3.099999999999976108 ) ) ;
#8019 = COLOUR_RGB ( '',1.000000000000000000, 1.000000000000000000, 0.0000000000000000000 ) ;
#8020 = CARTESIAN_POINT ( 'NONE',  ( 2.886834780096742215, -1.017924471447828161, 3.200000000000000178 ) ) ;
#8021 = FILL_AREA_STYLE ('',( #6496 ) ) ;
#8022 = CARTESIAN_POINT ( 'NONE',  ( 4.619076518610460091, -4.605853886547046194, 3.100000000000000533 ) ) ;
#8023 = CARTESIAN_POINT ( 'NONE',  ( 4.473897345443878848, 1.329916849650920385, 3.099999999999999645 ) ) ;
#8024 = VERTEX_POINT ( 'NONE', #2382 ) ;
#8025 =( LENGTH_UNIT ( ) NAMED_UNIT ( * ) SI_UNIT ( .MILLI., .METRE. ) );
#8026 = CARTESIAN_POINT ( 'NONE',  ( 3.462420206280324209, -6.153043700473632249, 3.199999999999984190 ) ) ;
#8027 = CARTESIAN_POINT ( 'NONE',  ( 3.815406286959891702, 0.3551915495727691052, 3.100000000000001421 ) ) ;
#8028 = CARTESIAN_POINT ( 'NONE',  ( 3.096427124302426392, -1.049311601777534797, 3.099999999999658140 ) ) ;
#8029 = CARTESIAN_POINT ( 'NONE',  ( 2.781242716925484526, 1.392639820444202314, 3.199999999999988187 ) ) ;
#8030 = AXIS2_PLACEMENT_3D ( 'NONE', #5586, #1634, #5016 ) ;
#8031 = DIRECTION ( 'NONE',  ( -0.002770072474625732105, 0.9999961633418825713, 2.028756595052978479E-12 ) ) ;
#8032 = ORIENTED_EDGE ( 'NONE', *, *, #6751, .T. ) ;
#8033 = CARTESIAN_POINT ( 'NONE',  ( 4.619076518610460091, -4.605853886547046194, 3.199999999999982414 ) ) ;
#8034 = VERTEX_POINT ( 'NONE', #6314 ) ;
#8035 = CARTESIAN_POINT ( 'NONE',  ( 2.916637760068527818, -2.321405743035636071, 3.100000000000000977 ) ) ;
#8036 = B_SPLINE_SURFACE_WITH_KNOTS ( 'NONE', 3, 1, ( 
 ( #4373, #7482 ),
 ( #2837, #5955 ),
 ( #2892, #6013 ),
 ( #9102, #2146 ),
 ( #3705, #1681 ),
 ( #4915, #856 ),
 ( #1730, #6464 ) ),
 .UNSPECIFIED., .F., .F., .F.,
 ( 4, 1, 1, 1, 4 ),
 ( 2, 2 ),
 ( 0.0000000000000000000, 0.2900938264472084915, 0.5397545762651695389, 0.7739006373922994175, 1.000000000000000000 ),
 ( 0.0000000000000000000, 1.000000000000000000 ),
 .UNSPECIFIED. ) ;
#8038 = VECTOR ( 'NONE', #247, 1000.000000000000000 ) ;
#8037 = CARTESIAN_POINT ( 'NONE',  ( 3.642092418277242505, -1.451283168663320078, 3.100000000000000977 ) ) ;
#8039 = CARTESIAN_POINT ( 'NONE',  ( -2.000000000000000888, 8.200000000000001066, 1.200000000000000178 ) ) ;
#8040 = CARTESIAN_POINT ( 'NONE',  ( 7.499999999999999112, -7.000000000000000000, 1.000000000000000000 ) ) ;
#8041 = PRESENTATION_STYLE_ASSIGNMENT (( #351 ) ) ;
#8042 = FILL_AREA_STYLE ('',( #2586 ) ) ;
#8043 = LINE ( 'NONE', #1796, #5108 ) ;
#8044 = VERTEX_POINT ( 'NONE', #9392 ) ;
#8045 = VERTEX_POINT ( 'NONE', #5388 ) ;
#8046 = CYLINDRICAL_SURFACE ( 'NONE', #1629, 0.2000000000000000944 ) ;
#8047 = DIRECTION ( 'NONE',  ( -1.000000000000000000, 0.0000000000000000000, 0.0000000000000000000 ) ) ;
#8048 = DIRECTION ( 'NONE',  ( 0.0000000000000000000, 0.0000000000000000000, 1.000000000000000000 ) ) ;
#8049 = DIRECTION ( 'NONE',  ( 0.0000000000000000000, 0.0000000000000000000, 1.000000000000000000 ) ) ;
#8050 = EDGE_CURVE ( 'NONE', #8529, #4737, #42, .T. ) ;
#8051 = LINE ( 'NONE', #8654, #9130 ) ;
#8052 =( LENGTH_UNIT ( ) NAMED_UNIT ( * ) SI_UNIT ( .MILLI., .METRE. ) );
#8053 = EDGE_CURVE ( 'NONE', #91, #2751, #9150, .T. ) ;
#8054 = ADVANCED_FACE ( 'NONE', ( #9298 ), #3138, .T. ) ;
#8055 = FILL_AREA_STYLE_COLOUR ( '', #6822 ) ;
#8056 = CARTESIAN_POINT ( 'NONE',  ( 3.021610339943076706, -1.023169235907951835, 3.100000000000000089 ) ) ;
#8057 = CARTESIAN_POINT ( 'NONE',  ( 4.218016742578891254, 0.2281966579512138549, 3.100000000000000977 ) ) ;
#8058 = ORIENTED_EDGE ( 'NONE', *, *, #7678, .F. ) ;
#8059 = MECHANICAL_DESIGN_GEOMETRIC_PRESENTATION_REPRESENTATION (  '', ( #1076 ), #369 ) ;
#8060 = B_SPLINE_CURVE_WITH_KNOTS ( 'NONE', 3,
 ( #334, #1252, #6649, #1970, #8163, #1146, #7264, #6458, #8781, #3367, #4961, #8027, #3466, #4343, #9696, #7407, #5875, #1828, #5679 ),
 .UNSPECIFIED., .F., .F.,
 ( 4, 1, 1, 1, 1, 1, 1, 1, 1, 1, 1, 1, 1, 1, 1, 1, 4 ),
 ( 0.0000000000000000000, 5.080011165630911194E-05, 9.806710406824098501E-05, 0.0001422914300528574578, 0.0001835278958520129941, 0.0002213381290213039089, 0.0002562941388937803300, 0.0002880693603477415101, 0.0003170982747644958562, 0.0003713149205442953346, 0.0004243579148808079827, 0.0004785562460819071202, 0.0005348111022496376300, 0.0005946026327376960699, 0.0006587517045702607045, 0.0007291519377338812535, 0.0008058776287228671537 ),
 .UNSPECIFIED. ) ;
#8061 = EDGE_CURVE ( 'NONE', #7815, #5176, #2338, .T. ) ;
#8062 = FILL_AREA_STYLE_COLOUR ( '', #8640 ) ;
#8063 = CARTESIAN_POINT ( 'NONE',  ( 2.809984012228541772, -4.847698833604182411, 3.200000000000000178 ) ) ;
#8064 = VECTOR ( 'NONE', #7316, 1000.000000000000000 ) ;
#8065 = EDGE_CURVE ( 'NONE', #4210, #4390, #2174, .T. ) ;
#8066 = FACE_OUTER_BOUND ( 'NONE', #4538, .T. ) ;
#8067 = CARTESIAN_POINT ( 'NONE',  ( 2.795801933053463806, -0.4451077837840397566, 3.200000000000000178 ) ) ;
#8068 = CARTESIAN_POINT ( 'NONE',  ( 2.959888960144030801, -1.477338508572474396, 3.200000000000000178 ) ) ;
#8069 = CARTESIAN_POINT ( 'NONE',  ( 4.081751920833088576, -4.524524155785937474, 3.199999999999995293 ) ) ;
#8070 = CARTESIAN_POINT ( 'NONE',  ( 3.708090132584171528, -5.382624235144940705, 3.200000000000000178 ) ) ;
#8071 = ORIENTED_EDGE ( 'NONE', *, *, #1530, .T. ) ;
#8072 = SURFACE_SIDE_STYLE ('',( #5723 ) ) ;
#8073 = CARTESIAN_POINT ( 'NONE',  ( 3.267662110992766600, -6.012639710109079161, 3.199999999999985967 ) ) ;
#8074 = CARTESIAN_POINT ( 'NONE',  ( 4.086615252651868424, -6.356030469783342518, 3.199999999999999289 ) ) ;
#8075 = CARTESIAN_POINT ( 'NONE',  ( 2.865968718866491294, 1.335757294805688833, 3.100000000000682654 ) ) ;
#8076 = CARTESIAN_POINT ( 'NONE',  ( 3.088340713138428839, -6.635395549253498615, 3.200000000000004619 ) ) ;
#8077 = LINE ( 'NONE', #4207, #3814 ) ;
#8078 = ORIENTED_EDGE ( 'NONE', *, *, #9089, .F. ) ;
#8079 = PRESENTATION_STYLE_ASSIGNMENT (( #7460 ) ) ;
#8080 = ORIENTED_EDGE ( 'NONE', *, *, #8981, .F. ) ;
#8081 = CARTESIAN_POINT ( 'NONE',  ( 3.246149480231378170, -1.485810393123346174, 3.200000000000000178 ) ) ;
#8082 = UNCERTAINTY_MEASURE_WITH_UNIT (LENGTH_MEASURE( 1.000000000000000082E-05 ), #5944, 'distance_accuracy_value', 'NONE');
#8083 = PLANE ( 'NONE',  #58 ) ;
#8084 = CARTESIAN_POINT ( 'NONE',  ( 2.953548283497213767, -1.483888212172626453, 3.100000000000000977 ) ) ;
#8085 =( NAMED_UNIT ( * ) SI_UNIT ( $, .STERADIAN. ) SOLID_ANGLE_UNIT ( ) );
#8086 = CARTESIAN_POINT ( 'NONE',  ( 3.945599952790594056, -4.917990948218043279, 3.199999999999999289 ) ) ;
#8087 = CARTESIAN_POINT ( 'NONE',  ( 4.368005350231017658, 1.327745530651000649, 3.200000000000000178 ) ) ;
#8088 = ORIENTED_EDGE ( 'NONE', *, *, #2316, .T. ) ;
#8089 = EDGE_LOOP ( 'NONE', ( #8172, #3691, #3660, #755 ) ) ;
#8090 = CARTESIAN_POINT ( 'NONE',  ( 3.720954893552167686, -1.463217349764672992, 3.100000000000000089 ) ) ;
#8091 = EDGE_LOOP ( 'NONE', ( #1068, #6463, #7420, #7209 ) ) ;
#8092 = LINE ( 'NONE', #5750, #1864 ) ;
#8093 = LINE ( 'NONE', #363, #208 ) ;
#8094 = CARTESIAN_POINT ( 'NONE',  ( -4.931792873543972000, 6.480462724888165660, 2.000000000000000444 ) ) ;
#8095 = CARTESIAN_POINT ( 'NONE',  ( 3.369897330350792863, -6.299173512740185110, 3.099999999999948574 ) ) ;
#8096 = CARTESIAN_POINT ( 'NONE',  ( 3.268763062871375968, -1.195106366104952800, 3.100000000000000533 ) ) ;
#8097 = EDGE_CURVE ( 'NONE', #3027, #3840, #5070, .T. ) ;
#8098 = ORIENTED_EDGE ( 'NONE', *, *, #7305, .T. ) ;
#8099 = SURFACE_SIDE_STYLE ('',( #2691 ) ) ;
#8100 = EDGE_CURVE ( 'NONE', #8982, #7170, #7061, .T. ) ;
#8101 = CARTESIAN_POINT ( 'NONE',  ( 3.932941075090497840, -1.127805566097255685, 3.199999999999986411 ) ) ;
#8102 = AXIS2_PLACEMENT_3D ( 'NONE', #3678, #1254, #2861 ) ;
#8103 = CARTESIAN_POINT ( 'NONE',  ( 2.850970273030591251, -4.871378976572164454, 3.100000000000000977 ) ) ;
#8104 = CARTESIAN_POINT ( 'NONE',  ( 3.730087634750426151, -1.755459710982182564, 3.199999999999999734 ) ) ;
#8105 = DIRECTION ( 'NONE',  ( 1.000000000000000000, 0.0000000000000000000, 1.198452811863480798E-13 ) ) ;
#8106 = CARTESIAN_POINT ( 'NONE',  ( 2.962564292107463526, -0.3077740763278043468, 3.200000000000000178 ) ) ;
#8107 = DIRECTION ( 'NONE',  ( -0.0000000000000000000, -0.0000000000000000000, -1.000000000000000000 ) ) ;
#8108 = FILL_AREA_STYLE ('',( #3457 ) ) ;
#8109 = CARTESIAN_POINT ( 'NONE',  ( 3.868613837118593413, -4.522148313865083757, 3.100000000000000089 ) ) ;
#8110 = ADVANCED_FACE ( 'NONE', ( #4165 ), #8083, .T. ) ;
#8111 = CARTESIAN_POINT ( 'NONE',  ( 4.501774398224091200, 1.333048571394877424, 3.100000000000000977 ) ) ;
#8112 = STYLED_ITEM ( 'NONE', ( #3973 ), #2267 ) ;
#8113 = B_SPLINE_SURFACE_WITH_KNOTS ( 'NONE', 3, 1, ( 
 ( #808, #3898 ),
 ( #6265, #4772 ),
 ( #6467, #3234 ),
 ( #2383, #6367 ),
 ( #9504, #1689 ),
 ( #7938, #5536 ),
 ( #203, #7888 ),
 ( #4010, #2537 ),
 ( #5587, #7993 ),
 ( #5483, #7030 ),
 ( #8589, #4868 ) ),
 .UNSPECIFIED., .F., .F., .F.,
 ( 4, 1, 1, 1, 1, 1, 1, 1, 4 ),
 ( 2, 2 ),
 ( 0.0000000000000000000, 0.1401147723778547460, 0.2713124342304796266, 0.3999623261389949613, 0.5292448010911584566, 0.6551912447977908949, 0.7726306603817457708, 0.8856678270288620425, 1.000000000000000000 ),
 ( 0.0000000000000000000, 1.000000000000000000 ),
 .UNSPECIFIED. ) ;
#8114 = ORIENTED_EDGE ( 'NONE', *, *, #3057, .F. ) ;
#8115 = ORIENTED_EDGE ( 'NONE', *, *, #6924, .F. ) ;
#8116 = EDGE_CURVE ( 'NONE', #2825, #4642, #5978, .T. ) ;
#8117 = EDGE_CURVE ( 'NONE', #8579, #2629, #8743, .T. ) ;
#8118 = CARTESIAN_POINT ( 'NONE',  ( -5.011792873543976512, 6.820462724888161965, 1.966862915010153312 ) ) ;
#8119 = VECTOR ( 'NONE', #7108, 1000.000000000000000 ) ;
#8120 = PLANE ( 'NONE',  #1034 ) ;
#8121 = CARTESIAN_POINT ( 'NONE',  ( 3.232540776273226779, -6.808279097232182941, 3.200000000000004174 ) ) ;
#8122 = CARTESIAN_POINT ( 'NONE',  ( 4.647342495437491117, 0.03937961357155579656, 3.199999999999988631 ) ) ;
#8123 = ORIENTED_EDGE ( 'NONE', *, *, #6815, .F. ) ;
#8124 = LINE ( 'NONE', #9026, #8955 ) ;
#8125 = VERTEX_POINT ( 'NONE', #4867 ) ;
#8126 = CARTESIAN_POINT ( 'NONE',  ( 4.340143947800257251, -5.274620109439672078, 3.100000000000000533 ) ) ;
#8127 = DIRECTION ( 'NONE',  ( 0.0000000000000000000, -0.0000000000000000000, 1.000000000000000000 ) ) ;
#8128 = PRESENTATION_LAYER_ASSIGNMENT (  '', '', ( #9936 ) ) ;
#8129 = CARTESIAN_POINT ( 'NONE',  ( 2.953548283497213767, -1.483888212172626453, 3.200000000000000178 ) ) ;
#8130 = STYLED_ITEM ( 'NONE', ( #5250 ), #3750 ) ;
#8131 = CARTESIAN_POINT ( 'NONE',  ( 3.831737994818909865, -1.062754105925750370, 3.100000000000000089 ) ) ;
#8132 = CARTESIAN_POINT ( 'NONE',  ( 4.663802484685075633, -4.755183440163404107, 3.199999999999998845 ) ) ;
#8133 = CARTESIAN_POINT ( 'NONE',  ( 2.888025898047694273, -2.192247440756965204, 3.200000000000006839 ) ) ;
#8134 = VERTEX_POINT ( 'NONE', #7992 ) ;
#8135 = ORIENTED_EDGE ( 'NONE', *, *, #8909, .T. ) ;
#8136 = CARTESIAN_POINT ( 'NONE',  ( 3.742156869327991853, -1.461668210008411961, 3.100000000000000977 ) ) ;
#8137 = CARTESIAN_POINT ( 'NONE',  ( 4.501774398224092089, 1.333048571394877646, 3.100000000000805223 ) ) ;
#8138 = VERTEX_POINT ( 'NONE', #1019 ) ;
#8139 = B_SPLINE_CURVE_WITH_KNOTS ( 'NONE', 3,
 ( #8961, #6595, #4386, #7501, #8263, #5915, #9688, #4241, #5765, #5148, #4191, #7349, #1956, #5046, #379, #2006, #1191, #7398, #321 ),
 .UNSPECIFIED., .F., .F.,
 ( 4, 1, 1, 1, 1, 1, 1, 1, 1, 1, 1, 1, 1, 1, 1, 1, 4 ),
 ( 0.0000000000000000000, 0.0001228545172008809318, 0.0002352907356261812858, 0.0003379510500564228913, 0.0004296856661988831313, 0.0005115558027373281243, 0.0005828993587523576859, 0.0006448848711706151125, 0.0006968578264797645628, 0.0007429587616101057624, 0.0007870409147202127960, 0.0008291519601441531793, 0.0008697095863925252256, 0.0009093497086882856243, 0.0009487906267932008121, 0.0009881404338259762096, 0.001027946215557608723 ),
 .UNSPECIFIED. ) ;
#8140 =( NAMED_UNIT ( * ) PLANE_ANGLE_UNIT ( ) SI_UNIT ( $, .RADIAN. ) );
#8141 = DIRECTION ( 'NONE',  ( 0.002033549430271827663, -0.9999979323362196970, 0.0000000000000000000 ) ) ;
#8142 = CARTESIAN_POINT ( 'NONE',  ( 3.938698244316808150, -1.727772503672708515, 3.199999999999999734 ) ) ;
#8143 = VECTOR ( 'NONE', #7097, 1000.000000000000000 ) ;
#8144 = CARTESIAN_POINT ( 'NONE',  ( 2.809984012228541772, -4.847698833604182411, 3.199999999999996625 ) ) ;
#8145 = FACE_OUTER_BOUND ( 'NONE', #6655, .T. ) ;
#8146 = CARTESIAN_POINT ( 'NONE',  ( -2.000000000000000888, 5.000000000000000888, 1.200000000000000178 ) ) ;
#8147 = EDGE_LOOP ( 'NONE', ( #1222, #5233, #9573, #5906 ) ) ;
#8148 = AXIS2_PLACEMENT_3D ( 'NONE', #4708, #8737, #196 ) ;
#8149 = CARTESIAN_POINT ( 'NONE',  ( 3.754169315763661974, -1.755243705470712845, 3.100000000000624034 ) ) ;
#8150 = COLOUR_RGB ( '',1.000000000000000000, 1.000000000000000000, 0.0000000000000000000 ) ;
#8151 = FACE_OUTER_BOUND ( 'NONE', #1990, .T. ) ;
#8152 = FILL_AREA_STYLE ('',( #5199 ) ) ;
#8153 = CARTESIAN_POINT ( 'NONE',  ( 4.708796862968912755, 0.2796319326374728242, 3.199999999999997513 ) ) ;
#8154 = DIRECTION ( 'NONE',  ( 0.0000000000000000000, 0.0000000000000000000, -1.000000000000000000 ) ) ;
#8155 = CARTESIAN_POINT ( 'NONE',  ( 4.397596957851654054, -4.535713956616392650, 3.100000000000000977 ) ) ;
#8156 = AXIS2_PLACEMENT_3D ( 'NONE', #6422, #9347, #1691 ) ;
#8157 = FACE_OUTER_BOUND ( 'NONE', #6773, .T. ) ;
#8158 = EDGE_LOOP ( 'NONE', ( #1615, #1768, #8201, #7960 ) ) ;
#8159 = CARTESIAN_POINT ( 'NONE',  ( 4.048303180600754558, -6.357210321466068237, 3.199999999999999734 ) ) ;
#8160 = ORIENTED_EDGE ( 'NONE', *, *, #9897, .T. ) ;
#8161 = DIRECTION ( 'NONE',  ( 0.9819269524734782761, -0.1892602969620077458, 0.0000000000000000000 ) ) ;
#8162 = ADVANCED_FACE ( 'NONE', ( #4111, #7225, #6165 ), #4676, .T. ) ;
#8163 = CARTESIAN_POINT ( 'NONE',  ( 3.728657612126092591, 0.6210858350747471279, 3.100000000000000977 ) ) ;
#8164 = DIRECTION ( 'NONE',  ( -0.0000000000000000000, -0.0000000000000000000, -1.000000000000000000 ) ) ;
#8165 = EDGE_CURVE ( 'NONE', #691, #8346, #819, .T. ) ;
#8166 = CARTESIAN_POINT ( 'NONE',  ( -4.369772583369648800, 5.922126199179880146, 1.999999999999999556 ) ) ;
#8167 = CARTESIAN_POINT ( 'NONE',  ( 3.277361686471432112, -6.831189967654309747, 3.200000000000001510 ) ) ;
#8168 = EDGE_CURVE ( 'NONE', #2978, #6522, #3661, .T. ) ;
#8169 = CARTESIAN_POINT ( 'NONE',  ( 4.727655144429011358, 0.6330489350495861478, 3.199999999999989519 ) ) ;
#8170 = VERTEX_POINT ( 'NONE', #7948 ) ;
#8171 = LINE ( 'NONE', #4260, #4905 ) ;
#8172 = ORIENTED_EDGE ( 'NONE', *, *, #8410, .T. ) ;
#8173 = AXIS2_PLACEMENT_3D ( 'NONE', #6764, #3582, #2025 ) ;
#8174 = CARTESIAN_POINT ( 'NONE',  ( 4.507188239288797860, -5.188393862647624033, 3.100000000000000089 ) ) ;
#8175 = B_SPLINE_CURVE_WITH_KNOTS ( 'NONE', 3,
 ( #2728, #2833, #2086, #3389, #5131, #9764, #4423, #4226, #7536, #7476, #4368, #7386, #5185, #8193, #5842, #415, #6532, #513, #2778, #5899, #5084, #9620, #5950, #2638, #8858, #7333, #1899, #4275, #7430, #3441, #2683, #5796, #4982, #3541 ),
 .UNSPECIFIED., .F., .F.,
 ( 4, 1, 1, 2, 2, 2, 1, 1, 2, 2, 2, 1, 1, 2, 2, 2, 1, 1, 2, 2, 4 ),
 ( 0.0000000000000000000, 0.06249999999999873712, 0.09374999999999852895, 0.1093749999999985706, 0.1249999999999985845, 0.2500000000000002776, 0.3125000000000011102, 0.3437500000000015543, 0.3593750000000021094, 0.3750000000000026645, 0.5000000000000006661, 0.5624999999999996669, 0.5937499999999996669, 0.6093749999999992228, 0.6249999999999987788, 0.7499999999999996669, 0.8125000000000004441, 0.8437500000000005551, 0.8593750000000006661, 0.8750000000000006661, 1.000000000000000000 ),
 .UNSPECIFIED. ) ;
#8176 = CARTESIAN_POINT ( 'NONE',  ( 2.773406584962288424, -4.640968698584158503, 3.200000000000000622 ) ) ;
#8177 = CARTESIAN_POINT ( 'NONE',  ( 3.154855960502501055, -4.529749779107127061, 3.199999999999990852 ) ) ;
#8178 = FILL_AREA_STYLE_COLOUR ( '', #7817 ) ;
#8179 = VECTOR ( 'NONE', #6973, 1000.000000000000114 ) ;
#8180 = B_SPLINE_CURVE_WITH_KNOTS ( 'NONE', 3,
 ( #5810, #8914, #5099, #1244, #7446, #6989, #9217, #3918, #5400, #3006, #9173 ),
 .UNSPECIFIED., .F., .F.,
 ( 4, 1, 1, 1, 1, 1, 1, 1, 4 ),
 ( 0.0000000000000000000, 5.740338585345557690E-05, 0.0001117294614346784313, 0.0001650714098849650319, 0.0002192906316144932607, 0.0002737901233199511943, 0.0003265521601333636276, 0.0003805734179758815433, 0.0004370933035406909524 ),
 .UNSPECIFIED. ) ;
#8181 = CARTESIAN_POINT ( 'NONE',  ( 8.000000000000000000, -1.000000000000000000, 2.200000000000000178 ) ) ;
#8182 = DIRECTION ( 'NONE',  ( -0.0000000000000000000, -0.0000000000000000000, -1.000000000000000000 ) ) ;
#8183 = CARTESIAN_POINT ( 'NONE',  ( 3.315008482651181421, -6.248095054060342157, 3.200000000000000178 ) ) ;
#8184 = ADVANCED_FACE ( 'NONE', ( #981 ), #9669, .F. ) ;
#8185 = VERTEX_POINT ( 'NONE', #8192 ) ;
#8186 = ORIENTED_EDGE ( 'NONE', *, *, #528, .T. ) ;
#8187 =( NAMED_UNIT ( * ) PLANE_ANGLE_UNIT ( ) SI_UNIT ( $, .RADIAN. ) );
#8188 = CARTESIAN_POINT ( 'NONE',  ( 4.311750295402741351, -4.164850196447900998, 3.100000000000631584 ) ) ;
#8189 = ORIENTED_EDGE ( 'NONE', *, *, #5118, .T. ) ;
#8190 = COLOUR_RGB ( '',0.2509803921568627416, 0.2509803921568627416, 0.2509803921568627416 ) ;
#8191 = CARTESIAN_POINT ( 'NONE',  ( 8.000000000000000000, 5.000000000000000000, 1.000000000000000000 ) ) ;
#8192 = CARTESIAN_POINT ( 'NONE',  ( 7.000000000000000888, 8.000000000000000000, 1.200000000000000178 ) ) ;
#8193 = CARTESIAN_POINT ( 'NONE',  ( -5.153813163718344192, 7.718799250596402928, 1.999999999999999112 ) ) ;
#8194 = CARTESIAN_POINT ( 'NONE',  ( 0.0000000000000000000, 0.0000000000000000000, 0.0000000000000000000 ) ) ;
#8195 = CARTESIAN_POINT ( 'NONE',  ( 4.021261907689257953, -1.574127979970151525, 3.199999999999999289 ) ) ;
#8196 =( GEOMETRIC_REPRESENTATION_CONTEXT ( 3 ) GLOBAL_UNCERTAINTY_ASSIGNED_CONTEXT ( ( #9110 ) ) GLOBAL_UNIT_ASSIGNED_CONTEXT ( ( #7580, #9039, #7473 ) ) REPRESENTATION_CONTEXT ( 'NONE', 'WORKASPACE' ) );
#8197 = ORIENTED_EDGE ( 'NONE', *, *, #6392, .F. ) ;
#8198 = CARTESIAN_POINT ( 'NONE',  ( 3.617158064934603345, -6.513356098072115685, 3.099999999999949019 ) ) ;
#8199 = CARTESIAN_POINT ( 'NONE',  ( 3.132389535233935263, -1.068524929404099044, 3.100000000000000977 ) ) ;
#8200 = ORIENTED_EDGE ( 'NONE', *, *, #5065, .T. ) ;
#8201 = ORIENTED_EDGE ( 'NONE', *, *, #4684, .T. ) ;
#8202 = FACE_OUTER_BOUND ( 'NONE', #706, .T. ) ;
#8203 = VECTOR ( 'NONE', #7771, 1000.000000000000000 ) ;
#8204 = CARTESIAN_POINT ( 'NONE',  ( 3.957776510590623964, -1.713362240356023358, 3.100000000000624478 ) ) ;
#8205 =( NAMED_UNIT ( * ) PLANE_ANGLE_UNIT ( ) SI_UNIT ( $, .RADIAN. ) );
#8206 = CARTESIAN_POINT ( 'NONE',  ( 2.781195131605417092, 0.7778377014078352580, 3.100000000000043165 ) ) ;
#8207 =( NAMED_UNIT ( * ) SI_UNIT ( $, .STERADIAN. ) SOLID_ANGLE_UNIT ( ) );
#8208 = PLANE ( 'NONE',  #6320 ) ;
#8209 = CARTESIAN_POINT ( 'NONE',  ( -3.186462900341459292, 5.459950475304171214, 1.000000000000000000 ) ) ;
#8210 = CARTESIAN_POINT ( 'NONE',  ( 2.685153400602423801, -4.519501804072799445, 3.100000000000647127 ) ) ;
#8211 = CARTESIAN_POINT ( 'NONE',  ( 3.998236757294653554, -1.436754824234656391, 3.100000000000000977 ) ) ;
#8212 = CARTESIAN_POINT ( 'NONE',  ( 3.700511024948626826, -4.521857379677981292, 3.100000000000001421 ) ) ;
#8213 = STYLED_ITEM ( 'NONE', ( #6640 ), #9790 ) ;
#8214 = CARTESIAN_POINT ( 'NONE',  ( 4.670208742637256272, 1.589765862111012451, 3.100000000000000977 ) ) ;
#8215 = ORIENTED_EDGE ( 'NONE', *, *, #1029, .F. ) ;
#8216 = DIRECTION ( 'NONE',  ( -1.000000000000000000, 0.0000000000000000000, 0.0000000000000000000 ) ) ;
#8217 = ORIENTED_EDGE ( 'NONE', *, *, #7754, .T. ) ;
#8218 = CARTESIAN_POINT ( 'NONE',  ( 2.687450988534420215, -6.771886775798208191, 3.200000000000000178 ) ) ;
#8219 = PRESENTATION_LAYER_ASSIGNMENT (  '', '', ( #1896 ) ) ;
#8220 = LINE ( 'NONE', #1251, #3756 ) ;
#8221 = FILL_AREA_STYLE_COLOUR ( '', #5076 ) ;
#8222 = PLANE ( 'NONE',  #6917 ) ;
#8223 = LINE ( 'NONE', #439, #9428 ) ;
#8224 = CARTESIAN_POINT ( 'NONE',  ( -4.511792873543972959, 6.820462724888162853, 1.966862915010152868 ) ) ;
#8225 = EDGE_LOOP ( 'NONE', ( #5087, #3351, #9470, #7701 ) ) ;
#8226 = VERTEX_POINT ( 'NONE', #1991 ) ;
#8227 = CARTESIAN_POINT ( 'NONE',  ( 4.677590350217426085, -5.015609156055396589, 3.200000000000000178 ) ) ;
#8228 = EDGE_CURVE ( 'NONE', #9410, #1883, #7239, .T. ) ;
#8229 = EDGE_CURVE ( 'NONE', #2676, #6522, #6579, .T. ) ;
#8230 = SURFACE_SIDE_STYLE ('',( #5934 ) ) ;
#8231 = LINE ( 'NONE', #401, #3088 ) ;
#8232 = CARTESIAN_POINT ( 'NONE',  ( 4.134185310312232353, -1.603814435923812010, 3.199999999999998845 ) ) ;
#8233 = CARTESIAN_POINT ( 'NONE',  ( 3.661667702600898799, -6.547420104239353833, 3.199999999999999289 ) ) ;
#8234 = CARTESIAN_POINT ( 'NONE',  ( 4.631865082010099499, 1.396539325774281526, 3.199999999999994404 ) ) ;
#8235 = ORIENTED_EDGE ( 'NONE', *, *, #1965, .T. ) ;
#8236 = ORIENTED_EDGE ( 'NONE', *, *, #7936, .F. ) ;
#8237 = EDGE_CURVE ( 'NONE', #1078, #2504, #360, .T. ) ;
#8238 = CARTESIAN_POINT ( 'NONE',  ( 3.836060178168390067, -1.406442211541495624, 3.200000000000000178 ) ) ;
#8239 = CARTESIAN_POINT ( 'NONE',  ( 4.769305144745993097, -4.721817240176950925, 3.099999999999889511 ) ) ;
#8240 = VERTEX_POINT ( 'NONE', #1174 ) ;
#8241 = CARTESIAN_POINT ( 'NONE',  ( -3.741792873543974718, 6.820462724888163741, 2.000000000000000444 ) ) ;
#8242 = EDGE_CURVE ( 'NONE', #3245, #9935, #8092, .T. ) ;
#8243 = EDGE_CURVE ( 'NONE', #4016, #6921, #6626, .T. ) ;
#8244 = LINE ( 'NONE', #2934, #9961 ) ;
#8245 = PRESENTATION_LAYER_ASSIGNMENT (  '', '', ( #619 ) ) ;
#8246 = B_SPLINE_CURVE_WITH_KNOTS ( 'NONE', 3,
 ( #4599, #3829, #7713, #10035, #9231, #5363, #8473 ),
 .UNSPECIFIED., .F., .F.,
 ( 4, 1, 1, 1, 4 ),
 ( 0.0000000000000000000, 3.235539816941678751E-05, 6.160853203256582724E-05, 8.927635933867474570E-05, 0.0001166043325078714127 ),
 .UNSPECIFIED. ) ;
#8247 = CARTESIAN_POINT ( 'NONE',  ( -7.000000000000000888, 4.999999999999999112, 3.200000000000000178 ) ) ;
#8248 = SHAPE_DEFINITION_REPRESENTATION ( #7718, #6922 ) ;
#8249 = CARTESIAN_POINT ( 'NONE',  ( 4.298465042255598334, -0.2531680786212764933, 3.099999999999910383 ) ) ;
#8250 = CARTESIAN_POINT ( 'NONE',  ( 4.415269548251669285, -6.019226716752346995, 3.200000000000000178 ) ) ;
#8251 = CARTESIAN_POINT ( 'NONE',  ( -7.000000000000001776, 5.000000000000000000, 1.082842712474619606 ) ) ;
#8252 = VERTEX_POINT ( 'NONE', #5653 ) ;
#8253 = CARTESIAN_POINT ( 'NONE',  ( 8.000000000000000000, 0.0000000000000000000, 0.0000000000000000000 ) ) ;
#8254 = PRESENTATION_LAYER_ASSIGNMENT (  '', '', ( #3687 ) ) ;
#8255 = ORIENTED_EDGE ( 'NONE', *, *, #1519, .T. ) ;
#8256 = CARTESIAN_POINT ( 'NONE',  ( 3.819274407329690479, -1.752996568325632332, 3.100000000000624478 ) ) ;
#8257 = CARTESIAN_POINT ( 'NONE',  ( -5.661792873543974203, 6.820462724888163741, 1.920000000000000373 ) ) ;
#8258 = CARTESIAN_POINT ( 'NONE',  ( 2.743784162159144113, 0.6239099292525960294, 3.100000000000043610 ) ) ;
#8259 = CARTESIAN_POINT ( 'NONE',  ( 3.277361686471432112, -6.831189967654309747, 3.100000000000183942 ) ) ;
#8260 =( GEOMETRIC_REPRESENTATION_CONTEXT ( 3 ) GLOBAL_UNCERTAINTY_ASSIGNED_CONTEXT ( ( #150 ) ) GLOBAL_UNIT_ASSIGNED_CONTEXT ( ( #8892, #8187, #4316 ) ) REPRESENTATION_CONTEXT ( 'NONE', 'WORKASPACE' ) );
#8261 = B_SPLINE_SURFACE_WITH_KNOTS ( 'NONE', 3, 1, ( 
 ( #4765, #1782 ),
 ( #803, #3891 ),
 ( #4811, #37 ),
 ( #7074, #961 ),
 ( #4050, #3177 ),
 ( #3131, #6255 ),
 ( #5476, #198 ),
 ( #4860, #7171 ),
 ( #9386, #3285 ),
 ( #7986, #5527 ),
 ( #8636, #7880 ),
 ( #913, #6412 ),
 ( #9496, #4660 ),
 ( #1561, #3872 ),
 ( #3823, #5355 ) ),
 .UNSPECIFIED., .F., .F., .F.,
 ( 4, 1, 1, 1, 1, 1, 1, 1, 1, 1, 1, 1, 4 ),
 ( 2, 2 ),
 ( 0.0000000000000000000, 0.1018348727857623370, 0.1970575698168205714, 0.2871837305207768365, 0.3727497639163108722, 0.4547071598246650859, 0.5350729984823463514, 0.6133602645753919447, 0.6913752939460215963, 0.7683134718534415653, 0.8446806720896541387, 0.9215575942629106176, 1.000000000000000000 ),
 ( 0.0000000000000000000, 1.000000000000000000 ),
 .UNSPECIFIED. ) ;
#8262 = CARTESIAN_POINT ( 'NONE',  ( 4.663718170818793141, 0.07952199024015579876, 3.100000000000000977 ) ) ;
#8263 = CARTESIAN_POINT ( 'NONE',  ( 3.429221030508524670, -1.456293145731938354, 3.199999999999988187 ) ) ;
#8264 = DIRECTION ( 'NONE',  ( 1.000000000000000000, 0.0000000000000000000, 0.0000000000000000000 ) ) ;
#8265 = CARTESIAN_POINT ( 'NONE',  ( 2.797107561191711333, 1.372670242165662691, 3.199999999999998401 ) ) ;
#8266 = CARTESIAN_POINT ( 'NONE',  ( 2.942945191042287245, -1.015397856219682149, 3.199999999999999289 ) ) ;
#8267 = ORIENTED_EDGE ( 'NONE', *, *, #5622, .F. ) ;
#8268 = CIRCLE ( 'NONE', #2407, 0.5000000000000013323 ) ;
#8269 = CARTESIAN_POINT ( 'NONE',  ( 4.375106062710619526, -6.179662245097007123, 3.200000000000000622 ) ) ;
#8270 = ORIENTED_EDGE ( 'NONE', *, *, #6681, .T. ) ;
#8271 = CARTESIAN_POINT ( 'NONE',  ( 3.945599952790594056, -4.917990948218043279, 3.100000000000645795 ) ) ;
#8272 = CARTESIAN_POINT ( 'NONE',  ( 3.475336251765485773, -1.756018921430095192, 3.200000000000000178 ) ) ;
#8273 = CARTESIAN_POINT ( 'NONE',  ( 4.375106062710619526, -6.179662245097007123, 3.100000000000000977 ) ) ;
#8274 = CARTESIAN_POINT ( 'NONE',  ( 3.179452533278572801, -4.139754579196964102, 3.200000000000000178 ) ) ;
#8275 = MECHANICAL_DESIGN_GEOMETRIC_PRESENTATION_REPRESENTATION (  '', ( #7953 ), #2254 ) ;
#8276 = CARTESIAN_POINT ( 'NONE',  ( -3.973450637455629764, 6.222980541145638256, 1.999999999999999556 ) ) ;
#8277 = CARTESIAN_POINT ( 'NONE',  ( 3.081170675819667082, -6.456643492773666893, 3.200000000000000178 ) ) ;
#8278 = CARTESIAN_POINT ( 'NONE',  ( -4.591792873543973919, 7.160462724888165376, 2.000000000000000888 ) ) ;
#8279 = CARTESIAN_POINT ( 'NONE',  ( 2.923456653129719918, -1.623909092247517671, 3.100000000000000977 ) ) ;
#8280 = ORIENTED_EDGE ( 'NONE', *, *, #5560, .F. ) ;
#8281 = CARTESIAN_POINT ( 'NONE',  ( 4.753428197128768851, -4.851953864952982975, 3.200000000000000178 ) ) ;
#8282 = PRESENTATION_LAYER_ASSIGNMENT (  '', '', ( #2590 ) ) ;
#8283 = FILL_AREA_STYLE_COLOUR ( '', #53 ) ;
#8284 = CARTESIAN_POINT ( 'NONE',  ( 3.710765464547603809, -1.463961848755308326, 3.199999999999999734 ) ) ;
#8285 = CARTESIAN_POINT ( 'NONE',  ( 2.920043255587924325, -1.571803054696670365, 3.200000000000000178 ) ) ;
#8286 = CARTESIAN_POINT ( 'NONE',  ( 3.723740333789118839, 0.7454131522944275057, 3.100000000000000533 ) ) ;
#8287 = CARTESIAN_POINT ( 'NONE',  ( 3.200597338776523859, -6.137166171106862578, 3.199999999999999289 ) ) ;
#8288 = LINE ( 'NONE', #5174, #9992 ) ;
#8289 = ORIENTED_EDGE ( 'NONE', *, *, #1789, .F. ) ;
#8290 = VECTOR ( 'NONE', #9691, 1000.000000000000000 ) ;
#8291 = ADVANCED_FACE ( 'NONE', ( #6480 ), #3301, .F. ) ;
#8292 = DIRECTION ( 'NONE',  ( -0.0000000000000000000, -0.0000000000000000000, -1.000000000000000000 ) ) ;
#8293 = VERTEX_POINT ( 'NONE', #2136 ) ;
#8294 = PRESENTATION_STYLE_ASSIGNMENT (( #3594 ) ) ;
#8295 = CARTESIAN_POINT ( 'NONE',  ( 3.883934317244508438, -6.341096429843344318, 3.100000000000556089 ) ) ;
#8296 = CARTESIAN_POINT ( 'NONE',  ( 3.710765464547603809, -1.463961848755308326, 3.099999999999973443 ) ) ;
#8297 = AXIS2_PLACEMENT_3D ( 'NONE', #3699, #6828, #5184 ) ;
#8298 = CARTESIAN_POINT ( 'NONE',  ( 4.629296105326321964, -4.614803961639624141, 3.150000000000000355 ) ) ;
#8299 = EDGE_CURVE ( 'NONE', #4313, #6115, #8995, .T. ) ;
#8300 = CARTESIAN_POINT ( 'NONE',  ( 4.188317976684174937, 3.584635112845306892, 3.200000000000000178 ) ) ;
#8301 = CARTESIAN_POINT ( 'NONE',  ( 4.324872120535648179, -5.769025705854602393, 3.199999999999999734 ) ) ;
#8302 = EDGE_CURVE ( 'NONE', #5999, #8382, #8244, .T. ) ;
#8303 = CARTESIAN_POINT ( 'NONE',  ( -7.082842712474620939, 5.082842712474616498, 1.000000000000000888 ) ) ;
#8304 = ADVANCED_FACE ( 'NONE', ( #7534, #569, #9960, #460, #8393, #3697, #2984 ), #6051, .F. ) ;
#8305 = AXIS2_PLACEMENT_3D ( 'NONE', #1489, #6877, #812 ) ;
#8306 = CARTESIAN_POINT ( 'NONE',  ( 2.644645677119489946, -4.725384349461528188, 3.200000000000000178 ) ) ;
#8307 = ORIENTED_EDGE ( 'NONE', *, *, #6264, .F. ) ;
#8308 =( NAMED_UNIT ( * ) PLANE_ANGLE_UNIT ( ) SI_UNIT ( $, .RADIAN. ) );
#8309 = CARTESIAN_POINT ( 'NONE',  ( 3.724142124364770101, -1.042597064514585892, 3.199999999999999734 ) ) ;
#8310 = FILL_AREA_STYLE_COLOUR ( '', #6400 ) ;
#8311 = B_SPLINE_CURVE_WITH_KNOTS ( 'NONE', 3,
 ( #7782, #45, #7837, #9394, #867, #7939, #809, #971, #5641, #9555, #3959, #7031, #7889, #5588, #5537, #7178, #920, #3899, #4011 ),
 .UNSPECIFIED., .F., .F.,
 ( 4, 1, 1, 1, 1, 1, 1, 1, 1, 1, 1, 1, 1, 1, 1, 1, 4 ),
 ( 0.0000000000000000000, 2.922434282148069637E-05, 5.722313242315829244E-05, 8.505396975954004543E-05, 0.0001133442766809939433, 0.0001405755393320129844, 0.0001655856343072852662, 0.0001889229586388402977, 0.0002114640455372765525, 0.0002240430765140118650, 0.0002403425708493710255, 0.0002595319248388219184, 0.0002826674817727137462, 0.0003096862923192278947, 0.0003402118682563284738, 0.0003742559677708466289, 0.0004118270457396328108 ),
 .UNSPECIFIED. ) ;
#8312 = CARTESIAN_POINT ( 'NONE',  ( 3.869518312985321007, -1.748578927794053772, 3.200000000000001510 ) ) ;
#8313 = VECTOR ( 'NONE', #6024, 1000.000000000000000 ) ;
#8314 = CARTESIAN_POINT ( 'NONE',  ( -3.741792873543973830, 6.820462724888164630, 2.000000000000000000 ) ) ;
#8315 = VECTOR ( 'NONE', #8742, 1000.000000000000000 ) ;
#8316 = CARTESIAN_POINT ( 'NONE',  ( 3.418648069071773321, -6.123333763472460944, 3.199999999999986411 ) ) ;
#8317 = CARTESIAN_POINT ( 'NONE',  ( 4.166463675652384957, -0.2676440968763069139, 3.100000000000000977 ) ) ;
#8318 = B_SPLINE_CURVE_WITH_KNOTS ( 'NONE', 3,
 ( #6584, #5190, #7337, #5754, #4984, #7481, #5088, #8198, #1179, #2685, #3498, #1903, #8095, #5954, #518, #9723, #6725, #5030, #2782 ),
 .UNSPECIFIED., .F., .F.,
 ( 4, 1, 1, 1, 1, 1, 1, 1, 1, 1, 1, 1, 1, 1, 1, 1, 4 ),
 ( 0.0000000000000000000, 4.110902441769107019E-05, 8.488546632038870051E-05, 0.0001318356482594435354, 0.0001820159239169979461, 0.0002348488483422240365, 0.0002910717945874008190, 0.0003499986885622415858, 0.0004122834230335481833, 0.0004776584600905187973, 0.0005461350327431104164, 0.0006180230509606957209, 0.0006924046873788594321, 0.0007708543777076102676, 0.0008518137358811507043, 0.0009362325292304948809, 0.001023803543680897390 ),
 .UNSPECIFIED. ) ;
#8319 = FILL_AREA_STYLE ('',( #1915 ) ) ;
#8320 =( NAMED_UNIT ( * ) SI_UNIT ( $, .STERADIAN. ) SOLID_ANGLE_UNIT ( ) );
#8321 = CARTESIAN_POINT ( 'NONE',  ( 2.910317999653890375, 1.329547146508424538, 3.099999999999999201 ) ) ;
#8322 = PRESENTATION_STYLE_ASSIGNMENT (( #6792 ) ) ;
#8323 = ORIENTED_EDGE ( 'NONE', *, *, #7184, .F. ) ;
#8324 = STYLED_ITEM ( 'NONE', ( #9533 ), #5901 ) ;
#8325 = CARTESIAN_POINT ( 'NONE',  ( 4.769305144745993097, -6.232807385166426961, 3.200000000000000622 ) ) ;
#8326 = EDGE_LOOP ( 'NONE', ( #5696, #4835, #1853, #9748 ) ) ;
#8327 = UNCERTAINTY_MEASURE_WITH_UNIT (LENGTH_MEASURE( 1.000000000000000082E-05 ), #6790, 'distance_accuracy_value', 'NONE');
#8328 = PRESENTATION_STYLE_ASSIGNMENT (( #9838 ) ) ;
#8329 = CARTESIAN_POINT ( 'NONE',  ( -5.011792873543972959, 6.320462724888157524, 1.966862915010153312 ) ) ;
#8330 = STYLED_ITEM ( 'NONE', ( #8079 ), #6568 ) ;
#8331 = CARTESIAN_POINT ( 'NONE',  ( 3.044607805652747246, 0.8466316658936040573, 3.100000000000000977 ) ) ;
#8332 = FILL_AREA_STYLE ('',( #2810 ) ) ;
#8333 = CARTESIAN_POINT ( 'NONE',  ( -4.294074938628456906, 5.957996976198663752, 2.000000000000000444 ) ) ;
#8334 = CARTESIAN_POINT ( 'NONE',  ( 3.070671069701725653, -1.427450217131301269, 3.200000000000000622 ) ) ;
#8335 = ORIENTED_EDGE ( 'NONE', *, *, #6924, .T. ) ;
#8336 = AXIS2_PLACEMENT_3D ( 'NONE', #3494, #1176, #8947 ) ;
#8337 = PLANE ( 'NONE',  #6689 ) ;
#8338 = CARTESIAN_POINT ( 'NONE',  ( 2.677580274937839899, -4.909349479070556299, 3.199999999999996181 ) ) ;
#8339 = DIRECTION ( 'NONE',  ( -0.0000000000000000000, -1.000000000000000000, -0.0000000000000000000 ) ) ;
#8340 = STYLED_ITEM ( 'NONE', ( #5085 ), #6922 ) ;
#8341 = CARTESIAN_POINT ( 'NONE',  ( 3.081170675819667082, -6.456643492773666893, 3.200000000000001510 ) ) ;
#8342 = CARTESIAN_POINT ( 'NONE',  ( 2.755878142369893258, -1.573227135389299702, 3.100000000000047162 ) ) ;
#8343 = AXIS2_PLACEMENT_3D ( 'NONE', #9368, #5616, #2411 ) ;
#8344 = ORIENTED_EDGE ( 'NONE', *, *, #7933, .F. ) ;
#8345 = FILL_AREA_STYLE_COLOUR ( '', #6906 ) ;
#8346 = VERTEX_POINT ( 'NONE', #1633 ) ;
#8348 = VECTOR ( 'NONE', #4745, 1000.000000000000114 ) ;
#8347 = CARTESIAN_POINT ( 'NONE',  ( 3.772557959443765707, -6.312268064530220713, 3.100000000000556089 ) ) ;
#8349 = CARTESIAN_POINT ( 'NONE',  ( 2.933135640509699105, -4.553271326480662573, 3.100000000000159517 ) ) ;
#8350 = CARTESIAN_POINT ( 'NONE',  ( 2.645459414211124294, -4.701391705435599810, 3.200000000000000622 ) ) ;
#8351 = CARTESIAN_POINT ( 'NONE',  ( 3.728657612126092591, 0.6210858350747471279, 3.199999999999996625 ) ) ;
#8352 = ORIENTED_EDGE ( 'NONE', *, *, #9287, .F. ) ;
#8353 = DIRECTION ( 'NONE',  ( 0.0000000000000000000, 0.0000000000000000000, 1.000000000000000000 ) ) ;
#8354 = CARTESIAN_POINT ( 'NONE',  ( 4.603524099391075985, 0.5266207711640384925, 3.099999999999997868 ) ) ;
#8355 = AXIS2_PLACEMENT_3D ( 'NONE', #1540, #3846, #1581 ) ;
#8356 = DIRECTION ( 'NONE',  ( 0.9999950243681569040, 0.003154558436492462849, 0.0000000000000000000 ) ) ;
#8357 = ORIENTED_EDGE ( 'NONE', *, *, #7607, .F. ) ;
#8358 = EDGE_CURVE ( 'NONE', #1247, #991, #3308, .T. ) ;
#8359 = EDGE_CURVE ( 'NONE', #4303, #5999, #3844, .T. ) ;
#8360 = CARTESIAN_POINT ( 'NONE',  ( 3.700511024948626382, -4.521857379677981292, 3.100000000000597389 ) ) ;
#8361 = EDGE_CURVE ( 'NONE', #650, #6254, #4769, .T. ) ;
#8362 = PRESENTATION_LAYER_ASSIGNMENT (  '', '', ( #3786 ) ) ;
#8363 = LINE ( 'NONE', #2198, #6048 ) ;
#8364 = SURFACE_STYLE_USAGE ( .BOTH. , #682 ) ;
#8365 = CARTESIAN_POINT ( 'NONE',  ( 2.685221545231559315, 1.607763609490337808, 3.200000000000000178 ) ) ;
#8366 = ORIENTED_EDGE ( 'NONE', *, *, #3545, .T. ) ;
#8367 = CARTESIAN_POINT ( 'NONE',  ( 2.755214139465817613, 0.7201141326083058125, 3.200000000000005507 ) ) ;
#8368 = CARTESIAN_POINT ( 'NONE',  ( 2.741628106742404203, 1.546241570304517365, 3.100000000000000977 ) ) ;
#8369 =( NAMED_UNIT ( * ) PLANE_ANGLE_UNIT ( ) SI_UNIT ( $, .RADIAN. ) );
#8370 = B_SPLINE_SURFACE_WITH_KNOTS ( 'NONE', 3, 1, ( 
 ( #2296, #4484 ),
 ( #6117, #2151 ),
 ( #9877, #2844 ),
 ( #3711, #1344 ),
 ( #2898, #8502 ),
 ( #9057, #4434 ),
 ( #6017, #3811 ),
 ( #527, #9213 ),
 ( #9112, #10017 ),
 ( #3045, #1445 ),
 ( #5197, #3612 ) ),
 .UNSPECIFIED., .F., .F., .F.,
 ( 4, 1, 1, 1, 1, 1, 1, 1, 4 ),
 ( 2, 2 ),
 ( 0.0000000000000000000, 0.1527480606753151837, 0.2941141429914985173, 0.4216209580992539285, 0.5406522098988876257, 0.6537090626629551426, 0.7660594293357438911, 0.8813084758997258294, 1.000000000000000000 ),
 ( 0.0000000000000000000, 1.000000000000000000 ),
 .UNSPECIFIED. ) ;
#8371 = ORIENTED_EDGE ( 'NONE', *, *, #2518, .T. ) ;
#8372 = EDGE_CURVE ( 'NONE', #7509, #5956, #3956, .T. ) ;
#8373 = EDGE_LOOP ( 'NONE', ( #2080, #93 ) ) ;
#8374 = ADVANCED_FACE ( 'NONE', ( #917 ), #2187, .T. ) ;
#8375 = SURFACE_STYLE_FILL_AREA ( #641 ) ;
#8376 = CARTESIAN_POINT ( 'NONE',  ( 2.886984554858786023, 0.8389299196127962821, 3.199999999999999734 ) ) ;
#8377 = CYLINDRICAL_SURFACE ( 'NONE', #5608, 0.5000000000000004441 ) ;
#8378 = LINE ( 'NONE', #9134, #6696 ) ;
#8379 =( NAMED_UNIT ( * ) SI_UNIT ( $, .STERADIAN. ) SOLID_ANGLE_UNIT ( ) );
#8380 = FILL_AREA_STYLE ('',( #1080 ) ) ;
#8381 = CARTESIAN_POINT ( 'NONE',  ( 2.794883017873981856, -1.783602348372401281, 3.099999999999969447 ) ) ;
#8382 = VERTEX_POINT ( 'NONE', #2483 ) ;
#8383 = DIRECTION ( 'NONE',  ( 1.000000000000000000, -0.0000000000000000000, 0.0000000000000000000 ) ) ;
#8384 = CARTESIAN_POINT ( 'NONE',  ( 3.473434680021454835, 5.408671292847225587, 3.100000000000000977 ) ) ;
#8385 = CARTESIAN_POINT ( 'NONE',  ( 3.474033056533075037, -6.393182208568711999, 3.200000000000000622 ) ) ;
#8386 = CIRCLE ( 'NONE', #2529, 0.5000000000000004441 ) ;
#8387 = CARTESIAN_POINT ( 'NONE',  ( 2.794840121425140822, -1.633702843410195671, 3.100000000000047606 ) ) ;
#8388 = ORIENTED_EDGE ( 'NONE', *, *, #102, .F. ) ;
#8389 = ORIENTED_EDGE ( 'NONE', *, *, #3424, .F. ) ;
#8390 = LINE ( 'NONE', #1430, #7135 ) ;
#8391 = ORIENTED_EDGE ( 'NONE', *, *, #2336, .F. ) ;
#8392 = FILL_AREA_STYLE ('',( #4418 ) ) ;
#8393 = FACE_OUTER_BOUND ( 'NONE', #9444, .T. ) ;
#8394 =( LENGTH_UNIT ( ) NAMED_UNIT ( * ) SI_UNIT ( .MILLI., .METRE. ) );
#8395 = PLANE ( 'NONE',  #8455 ) ;
#8396 = CARTESIAN_POINT ( 'NONE',  ( 3.923011459736882589, -4.078322064690620863, 3.100000000000000977 ) ) ;
#8397 = SURFACE_STYLE_USAGE ( .BOTH. , #7586 ) ;
#8398 = DIRECTION ( 'NONE',  ( -0.0000000000000000000, -0.0000000000000000000, -1.000000000000000000 ) ) ;
#8399 = ORIENTED_EDGE ( 'NONE', *, *, #528, .F. ) ;
#8400 = CARTESIAN_POINT ( 'NONE',  ( 3.945599952790594056, -4.917990948218043279, 3.199999999999993072 ) ) ;
#8401 = CARTESIAN_POINT ( 'NONE',  ( 4.767851122749374504, -4.678541764043326445, 3.200000000000008615 ) ) ;
#8402 = LINE ( 'NONE', #7038, #4020 ) ;
#8403 = VERTEX_POINT ( 'NONE', #41 ) ;
#8404 = DIRECTION ( 'NONE',  ( 0.0000000000000000000, 0.0000000000000000000, 1.000000000000000000 ) ) ;
#8405 = CARTESIAN_POINT ( 'NONE',  ( 3.082062453140811620, -1.426953089927816665, 3.200000000000000622 ) ) ;
#8406 = CARTESIAN_POINT ( 'NONE',  ( 3.868613837118593413, -4.522148313865083757, 3.100000000000595612 ) ) ;
#8407 = FACE_OUTER_BOUND ( 'NONE', #7246, .T. ) ;
#8408 = CARTESIAN_POINT ( 'NONE',  ( 3.805343554642972581, -0.1191292943194995763, 3.099999999999994760 ) ) ;
#8409 = EDGE_LOOP ( 'NONE', ( #9894, #7237, #8217, #6140 ) ) ;
#8410 = EDGE_CURVE ( 'NONE', #2567, #7800, #7835, .T. ) ;
#8411 = PRESENTATION_LAYER_ASSIGNMENT (  '', '', ( #2559 ) ) ;
#8412 = CARTESIAN_POINT ( 'NONE',  ( 2.781242716925484526, 1.392639820444202314, 3.100000000000000533 ) ) ;
#8413 = CARTESIAN_POINT ( 'NONE',  ( 4.629296105326321964, -4.614803961639624141, 3.199999999999997957 ) ) ;
#8414 = ORIENTED_EDGE ( 'NONE', *, *, #4488, .F. ) ;
#8415 = VERTEX_POINT ( 'NONE', #3034 ) ;
#8416 = UNCERTAINTY_MEASURE_WITH_UNIT (LENGTH_MEASURE( 1.000000000000000082E-05 ), #3830, 'distance_accuracy_value', 'NONE');
#8417 = CARTESIAN_POINT ( 'NONE',  ( 3.984219769897088703, -1.414256290328554044, 3.200000000000003286 ) ) ;
#8418 = VECTOR ( 'NONE', #6882, 1000.000000000000000 ) ;
#8419 =( LENGTH_UNIT ( ) NAMED_UNIT ( * ) SI_UNIT ( .MILLI., .METRE. ) );
#8420 = CARTESIAN_POINT ( 'NONE',  ( 2.939047156304706920, 0.8442506682683627028, 3.200000000000000622 ) ) ;
#8421 = EDGE_CURVE ( 'NONE', #5953, #9584, #2973, .T. ) ;
#8422 = DIRECTION ( 'NONE',  ( 0.0000000000000000000, 1.000000000000000000, 8.969227988603078659E-13 ) ) ;
#8423 = FACE_OUTER_BOUND ( 'NONE', #9337, .T. ) ;
#8424 = DIRECTION ( 'NONE',  ( 0.0000000000000000000, -0.0000000000000000000, -1.000000000000000000 ) ) ;
#8425 =( NAMED_UNIT ( * ) PLANE_ANGLE_UNIT ( ) SI_UNIT ( $, .RADIAN. ) );
#8426 = AXIS2_PLACEMENT_3D ( 'NONE', #2429, #3952, #7930 ) ;
#8427 = CARTESIAN_POINT ( 'NONE',  ( 2.894343327039917924, -1.756910698751239508, 3.099999999999996092 ) ) ;
#8428 = EDGE_CURVE ( 'NONE', #4751, #7693, #400, .T. ) ;
#8429 = EDGE_CURVE ( 'NONE', #4173, #5695, #8492, .T. ) ;
#8430 = VERTEX_POINT ( 'NONE', #2334 ) ;
#8431 =( NAMED_UNIT ( * ) SI_UNIT ( $, .STERADIAN. ) SOLID_ANGLE_UNIT ( ) );
#8432 = CARTESIAN_POINT ( 'NONE',  ( -2.000000000000000888, 5.000000000000000888, 1.200000000000000178 ) ) ;
#8433 = VECTOR ( 'NONE', #4911, 1000.000000000000000 ) ;
#8434 = CARTESIAN_POINT ( 'NONE',  ( 3.805677775646030714, -1.431453813950118503, 3.200000000000005063 ) ) ;
#8435 = CARTESIAN_POINT ( 'NONE',  ( 4.542394096046887597, -4.877443396473883475, 3.200000000000007283 ) ) ;
#8436 = CARTESIAN_POINT ( 'NONE',  ( 3.135366987290412411, -6.745587490826487453, 3.200000000000000622 ) ) ;
#8437 = DIRECTION ( 'NONE',  ( 1.000000000000000000, 1.734723475976806848E-16, -0.0000000000000000000 ) ) ;
#8438 = B_SPLINE_CURVE_WITH_KNOTS ( 'NONE', 3,
 ( #1726, #4043, #5726, #7164, #6460, #337, #3417, #8879, #9543, #1924, #4804 ),
 .UNSPECIFIED., .F., .F.,
 ( 4, 1, 1, 1, 1, 1, 1, 1, 4 ),
 ( 0.0000000000000000000, 4.208410824541741627E-05, 8.087392824999911970E-05, 0.0001180265843453117195, 0.0001548759268471238543, 0.0001911997949058562231, 0.0002252293221499128602, 0.0002594647096115924086, 0.0002945448471133204531 ),
 .UNSPECIFIED. ) ;
#8439 = VERTEX_POINT ( 'NONE', #713 ) ;
#8440 = EDGE_LOOP ( 'NONE', ( #2228, #6564, #7599, #5743 ) ) ;
#8441 = ORIENTED_EDGE ( 'NONE', *, *, #1965, .F. ) ;
#8442 = CARTESIAN_POINT ( 'NONE',  ( -5.661792873543974203, 6.820462724888163741, 2.000000000000000000 ) ) ;
#8443 = STYLED_ITEM ( 'NONE', ( #2513 ), #2083 ) ;
#8444 = DIRECTION ( 'NONE',  ( -0.0000000000000000000, 0.0000000000000000000, 1.000000000000000000 ) ) ;
#8445 = ORIENTED_EDGE ( 'NONE', *, *, #1285, .F. ) ;
#8446 = CARTESIAN_POINT ( 'NONE',  ( 3.097204001767567494, -6.679130474798891548, 3.099999999999855316 ) ) ;
#8447 = CARTESIAN_POINT ( 'NONE',  ( -4.761792873543973847, 6.820462724888163741, 1.920000000000000373 ) ) ;
#8448 = CARTESIAN_POINT ( 'NONE',  ( 3.763289257887433514, -4.066544413453968332, 3.100000000000000977 ) ) ;
#8449 = B_SPLINE_SURFACE_WITH_KNOTS ( 'NONE', 3, 1, ( 
 ( #7857, #9473 ),
 ( #8017, #4027 ),
 ( #7051, #6389 ),
 ( #2509, #7149 ),
 ( #1470, #1760 ),
 ( #9949, #8717 ),
 ( #937, #4839 ),
 ( #3263, #4790 ),
 ( #175, #4087 ),
 ( #1813, #2460 ),
 ( #7806, #2971 ) ),
 .UNSPECIFIED., .F., .F., .F.,
 ( 4, 1, 1, 1, 1, 1, 1, 1, 4 ),
 ( 2, 2 ),
 ( 0.0000000000000000000, 0.1812939741808505256, 0.3477486474342754152, 0.4973524805299739393, 0.6292584914390834117, 0.7476875808890823816, 0.8469115626189799295, 0.9313977387011842524, 1.000000000000000000 ),
 ( 0.0000000000000000000, 1.000000000000000000 ),
 .UNSPECIFIED. ) ;
#8450 = CARTESIAN_POINT ( 'NONE',  ( 2.687450988534420215, -6.771886775798208191, 3.099999999999627498 ) ) ;
#8451 = ORIENTED_EDGE ( 'NONE', *, *, #3316, .F. ) ;
#8452 = FACE_OUTER_BOUND ( 'NONE', #8848, .T. ) ;
#8453 = LINE ( 'NONE', #5395, #5481 ) ;
#8454 = VERTEX_POINT ( 'NONE', #3798 ) ;
#8455 = AXIS2_PLACEMENT_3D ( 'NONE', #6209, #2936, #9299 ) ;
#8456 = CARTESIAN_POINT ( 'NONE',  ( 2.880520778562180251, -2.366440497753428129, 3.200000000000000178 ) ) ;
#8457 = CARTESIAN_POINT ( 'NONE',  ( 3.246149480231378170, -1.485810393123346174, 3.200000000000000178 ) ) ;
#8458 = PLANE ( 'NONE',  #6030 ) ;
#8459 = MECHANICAL_DESIGN_GEOMETRIC_PRESENTATION_REPRESENTATION (  '', ( #7648 ), #9446 ) ;
#8460 = ORIENTED_EDGE ( 'NONE', *, *, #7611, .F. ) ;
#8461 = AXIS2_PLACEMENT_3D ( 'NONE', #9540, #7498, #9116 ) ;
#8462 = CARTESIAN_POINT ( 'NONE',  ( 4.324872120535648179, -5.769025705854602393, 3.100000000001001066 ) ) ;
#8463 = FACE_BOUND ( 'NONE', #9482, .T. ) ;
#8464 = CARTESIAN_POINT ( 'NONE',  ( -8.000000000000000000, 1.500000000000001332, 2.200000000000000178 ) ) ;
#8465 = CARTESIAN_POINT ( 'NONE',  ( -7.000000000000000000, -8.000000000000001776, 1.200000000000000178 ) ) ;
#8466 = ORIENTED_EDGE ( 'NONE', *, *, #6246, .T. ) ;
#8467 = CARTESIAN_POINT ( 'NONE',  ( 2.685221545231559315, -5.571108612877292643, 3.100000000000000977 ) ) ;
#8468 = CARTESIAN_POINT ( 'NONE',  ( 3.232715654409285211, -1.476768620668746923, 3.200000000000003286 ) ) ;
#8469 = CARTESIAN_POINT ( 'NONE',  ( 3.764547179682534495, 0.4407173584151901080, 3.100000000000001421 ) ) ;
#8470 = CARTESIAN_POINT ( 'NONE',  ( 4.414762480213953566, -6.053733642756332856, 3.100000000000000977 ) ) ;
#8471 = CARTESIAN_POINT ( 'NONE',  ( 2.933135640509699105, -4.553271326480662573, 3.200000000000000178 ) ) ;
#8472 = DIRECTION ( 'NONE',  ( 1.000000000000000000, 0.0000000000000000000, 0.0000000000000000000 ) ) ;
#8473 = CARTESIAN_POINT ( 'NONE',  ( 2.959888960144030801, -1.477338508572474396, 3.100000000000005418 ) ) ;
#8474 = VECTOR ( 'NONE', #6942, 1000.000000000000000 ) ;
#8475 = LINE ( 'NONE', #6954, #2111 ) ;
#8476 = VERTEX_POINT ( 'NONE', #10005 ) ;
#8477 = EDGE_CURVE ( 'NONE', #6318, #3670, #806, .T. ) ;
#8478 = CARTESIAN_POINT ( 'NONE',  ( 3.708090132584171528, -5.382624235144940705, 3.100000000000000977 ) ) ;
#8479 = ADVANCED_FACE ( 'NONE', ( #3086 ), #9391, .F. ) ;
#8480 = ADVANCED_FACE ( 'NONE', ( #9344 ), #5480, .T. ) ;
#8481 = CARTESIAN_POINT ( 'NONE',  ( 3.560089590374192259, -4.068749605636805988, 3.100000000000002309 ) ) ;
#8482 = LINE ( 'NONE', #9332, #1223 ) ;
#8483 =( NAMED_UNIT ( * ) PLANE_ANGLE_UNIT ( ) SI_UNIT ( $, .RADIAN. ) );
#8484 = CARTESIAN_POINT ( 'NONE',  ( 4.508905511561310142, -4.886343477339217145, 3.100000000000000089 ) ) ;
#8485 = CARTESIAN_POINT ( 'NONE',  ( 2.698046528498621477, -1.457941016052661354, 3.200000000000001066 ) ) ;
#8486 = ORIENTED_EDGE ( 'NONE', *, *, #1847, .T. ) ;
#8487 = VERTEX_POINT ( 'NONE', #8641 ) ;
#8488 = CARTESIAN_POINT ( 'NONE',  ( -2.082842712474619606, 8.082842712474619162, 1.000000000000000000 ) ) ;
#8489 = LINE ( 'NONE', #1532, #2991 ) ;
#8490 = EDGE_LOOP ( 'NONE', ( #7109, #3345, #6112, #2804 ) ) ;
#8491 = EDGE_CURVE ( 'NONE', #4121, #1078, #3305, .T. ) ;
#8492 = LINE ( 'NONE', #6262, #2019 ) ;
#8493 = VECTOR ( 'NONE', #7387, 1000.000000000000000 ) ;
#8494 = CARTESIAN_POINT ( 'NONE',  ( 2.081616103632565551, 5.942926100539533962, 3.100000000000000977 ) ) ;
#8495 = EDGE_CURVE ( 'NONE', #7998, #5126, #7224, .T. ) ;
#8496 = CARTESIAN_POINT ( 'NONE',  ( 4.018385132192170417, 0.2402327228866117936, 3.199999999999995737 ) ) ;
#8497 = CARTESIAN_POINT ( 'NONE',  ( 8.000000000000000000, -5.000000000000000000, 1.000000000000000000 ) ) ;
#8498 = EDGE_LOOP ( 'NONE', ( #8633, #5066, #1803, #3976 ) ) ;
#8499 = CARTESIAN_POINT ( 'NONE',  ( 4.617703000151444748, 0.6887870800510477176, 3.200000000000032596 ) ) ;
#8500 = ORIENTED_EDGE ( 'NONE', *, *, #2623, .T. ) ;
#8501 = UNCERTAINTY_MEASURE_WITH_UNIT (LENGTH_MEASURE( 1.000000000000000082E-05 ), #9434, 'distance_accuracy_value', 'NONE');
#8502 = CARTESIAN_POINT ( 'NONE',  ( 2.747641281461114193, -2.252987525393686408, 3.199999999999999734 ) ) ;
#8503 = CARTESIAN_POINT ( 'NONE',  ( 3.777625655202835997, -0.08762965470570655002, 3.099999999999998757 ) ) ;
#8504 = VECTOR ( 'NONE', #2433, 1000.000000000000000 ) ;
#8505 = ORIENTED_EDGE ( 'NONE', *, *, #1039, .F. ) ;
#8506 = CARTESIAN_POINT ( 'NONE',  ( 4.413438258043328233, -5.963561384361219631, 3.100000000001001510 ) ) ;
#8507 = CARTESIAN_POINT ( 'NONE',  ( 4.264559180978268138, -6.788830544899951747, 3.100000000000000977 ) ) ;
#8508 = LINE ( 'NONE', #8464, #4059 ) ;
#8509 =( BOUNDED_CURVE ( )  B_SPLINE_CURVE ( 3, ( #763, #6212, #7689, #4722 ),
 .UNSPECIFIED., .F., .F. ) 
 B_SPLINE_CURVE_WITH_KNOTS ( ( 4, 4 ),
 ( 0.0000000000000000000, 1.570796326794897224 ),
 .UNSPECIFIED. ) 
 CURVE ( )  GEOMETRIC_REPRESENTATION_ITEM ( )  RATIONAL_B_SPLINE_CURVE ( ( 1.000000000000000000, 0.8047378541243649375, 0.8047378541243649375, 1.000000000000000000 ) ) 
 REPRESENTATION_ITEM ( '' )  );
#8510 = ORIENTED_EDGE ( 'NONE', *, *, #1093, .T. ) ;
#8511 = CARTESIAN_POINT ( 'NONE',  ( -2.000000000000000888, 8.000000000000000000, 3.000000000000000000 ) ) ;
#8512 = ORIENTED_EDGE ( 'NONE', *, *, #9786, .F. ) ;
#8513 = UNCERTAINTY_MEASURE_WITH_UNIT (LENGTH_MEASURE( 1.000000000000000082E-05 ), #6501, 'distance_accuracy_value', 'NONE');
#8514 = CARTESIAN_POINT ( 'NONE',  ( 4.225561176189899015, -5.611400308100495060, 3.199999999999999289 ) ) ;
#8515 = SURFACE_STYLE_USAGE ( .BOTH. , #3774 ) ;
#8516 = CARTESIAN_POINT ( 'NONE',  ( 3.728657612126092591, 0.6210858350747471279, 3.199999999999999734 ) ) ;
#8517 = CARTESIAN_POINT ( 'NONE',  ( -8.000000000000000000, -1.000000000000000000, 2.200000000000000178 ) ) ;
#8518 = CARTESIAN_POINT ( 'NONE',  ( 4.617257111490872923, 0.8497528865176094959, 3.100000000000000977 ) ) ;
#8519 = CARTESIAN_POINT ( 'NONE',  ( 3.321552714254601746, -6.052656005980797893, 3.199999999999999289 ) ) ;
#8520 = MECHANICAL_DESIGN_GEOMETRIC_PRESENTATION_REPRESENTATION (  '', ( #2818 ), #8196 ) ;
#8521 = ORIENTED_EDGE ( 'NONE', *, *, #2030, .F. ) ;
#8522 = CARTESIAN_POINT ( 'NONE',  ( 3.413573190531036694, -5.363574551609151086, 3.199999999999999734 ) ) ;
#8523 = PRODUCT ( '887EA1BD-0908-4556-93AD-E66C4C3CB7D9', '887EA1BD-0908-4556-93AD-E66C4C3CB7D9', '', ( #2779 ) ) ;
#8524 = AXIS2_PLACEMENT_3D ( 'NONE', #7181, #6473, #9509 ) ;
#8525 = CARTESIAN_POINT ( 'NONE',  ( 3.550691435402186347, -3.690006489136672840, 3.200000000000000178 ) ) ;
#8526 = CARTESIAN_POINT ( 'NONE',  ( 4.735181520262772281, -6.028707354500979498, 3.200000000000000622 ) ) ;
#8527 = CARTESIAN_POINT ( 'NONE',  ( 2.981764174696327707, -4.906792635258964808, 3.100000000000646683 ) ) ;
#8528 = CARTESIAN_POINT ( 'NONE',  ( -8.326672684688675039E-16, 4.800000000000000711, 3.199999999999999734 ) ) ;
#8529 = VERTEX_POINT ( 'NONE', #3377 ) ;
#8530 = EDGE_CURVE ( 'NONE', #2305, #2076, #1739, .T. ) ;
#8531 = COLOUR_RGB ( '',0.7529411764705882248, 0.7529411764705882248, 0.7529411764705882248 ) ;
#8532 = VERTEX_POINT ( 'NONE', #1886 ) ;
#8533 = ADVANCED_FACE ( 'NONE', ( #4970 ), #3801, .T. ) ;
#8534 = CARTESIAN_POINT ( 'NONE',  ( 3.871712541391641338, -5.376480888940775138, 3.100000000000000977 ) ) ;
#8535 = ORIENTED_EDGE ( 'NONE', *, *, #1035, .T. ) ;
#8536 = FACE_OUTER_BOUND ( 'NONE', #3053, .T. ) ;
#8537 = CARTESIAN_POINT ( 'NONE',  ( 3.179452533278572801, -4.139754579196964102, 3.199999999999999734 ) ) ;
#8539 =( GEOMETRIC_REPRESENTATION_CONTEXT ( 3 ) GLOBAL_UNCERTAINTY_ASSIGNED_CONTEXT ( ( #1071 ) ) GLOBAL_UNIT_ASSIGNED_CONTEXT ( ( #9944, #9848, #4549 ) ) REPRESENTATION_CONTEXT ( 'NONE', 'WORKASPACE' ) );
#8538 = DIRECTION ( 'NONE',  ( -0.0000000000000000000, -0.0000000000000000000, 1.000000000000000000 ) ) ;
#8540 = CARTESIAN_POINT ( 'NONE',  ( 4.000386601991153590, -4.088069168733273528, 3.100000000000000533 ) ) ;
#8541 = FACE_OUTER_BOUND ( 'NONE', #7929, .T. ) ;
#8542 = CARTESIAN_POINT ( 'NONE',  ( 2.679995116031184565, -1.922072347883817089, 3.199999999999989519 ) ) ;
#8543 = CARTESIAN_POINT ( 'NONE',  ( 4.134805823598925123, -1.733479280196374539, 3.100000000000679545 ) ) ;
#8544 = ORIENTED_EDGE ( 'NONE', *, *, #2985, .F. ) ;
#8545 = EDGE_CURVE ( 'NONE', #3719, #7020, #3352, .T. ) ;
#8546 = ORIENTED_EDGE ( 'NONE', *, *, #6450, .T. ) ;
#8547 = CARTESIAN_POINT ( 'NONE',  ( 4.613020129481814280, -6.630864078198867695, 3.200000000000001066 ) ) ;
#8548 = DIRECTION ( 'NONE',  ( 0.0000000000000000000, 0.0000000000000000000, 1.000000000000000000 ) ) ;
#8549 = EDGE_CURVE ( 'NONE', #7882, #9385, #6438, .T. ) ;
#8550 = ORIENTED_EDGE ( 'NONE', *, *, #1519, .F. ) ;
#8551 = ADVANCED_FACE ( 'NONE', ( #2355 ), #9469, .F. ) ;
#8552 = CARTESIAN_POINT ( 'NONE',  ( 3.642092418277242949, -1.451283168663320078, 3.099999999999624389 ) ) ;
#8553 = LINE ( 'NONE', #1595, #556 ) ;
#8554 = DIRECTION ( 'NONE',  ( -0.0000000000000000000, -1.000000000000000000, 0.0000000000000000000 ) ) ;
#8555 = FILL_AREA_STYLE ('',( #4637 ) ) ;
#8556 = EDGE_LOOP ( 'NONE', ( #9869, #3203, #7579, #7071, #6475, #1962, #1986, #4568, #1756, #8988, #1559, #8661, #6897, #302, #2329, #5243, #9741, #260, #8650, #1670 ) ) ;
#8557 = LINE ( 'NONE', #2251, #9258 ) ;
#8558 = ORIENTED_EDGE ( 'NONE', *, *, #4128, .T. ) ;
#8559 = PRESENTATION_STYLE_ASSIGNMENT (( #64 ) ) ;
#8560 = ORIENTED_EDGE ( 'NONE', *, *, #8545, .T. ) ;
#8561 = B_SPLINE_CURVE_WITH_KNOTS ( 'NONE', 3,
 ( #677, #9111, #6070, #3662, #6016, #6887, #5246, #1547, #5341, #1392, #8456 ),
 .UNSPECIFIED., .F., .F.,
 ( 4, 1, 1, 1, 1, 1, 1, 1, 4 ),
 ( 0.0000000000000000000, 4.916640185936175589E-05, 9.690680270286176380E-05, 0.0001434464635485195377, 0.0001902787769600211381, 0.0002395859065479724907, 0.0002924039266965633432, 0.0003509629658961031904, 0.0004142368398422830757 ),
 .UNSPECIFIED. ) ;
#8562 = DIRECTION ( 'NONE',  ( 0.0000000000000000000, 0.0000000000000000000, 1.000000000000000000 ) ) ;
#8563 = COLOUR_RGB ( '',1.000000000000000000, 1.000000000000000000, 0.0000000000000000000 ) ;
#8564 = FILL_AREA_STYLE_COLOUR ( '', #5986 ) ;
#8565 = CARTESIAN_POINT ( 'NONE',  ( 4.123244284949359795, -1.523186062761744619, 3.100000000000000977 ) ) ;
#8566 =( LENGTH_UNIT ( ) NAMED_UNIT ( * ) SI_UNIT ( .MILLI., .METRE. ) );
#8567 = DIRECTION ( 'NONE',  ( 0.0000000000000000000, 0.0000000000000000000, 1.000000000000000000 ) ) ;
#8568 = CARTESIAN_POINT ( 'NONE',  ( 2.985923717536816291, -1.454487794693978708, 3.100000000000000977 ) ) ;
#8569 = FACE_OUTER_BOUND ( 'NONE', #2148, .T. ) ;
#8570 = EDGE_LOOP ( 'NONE', ( #7766, #4248, #4631, #121 ) ) ;
#8571 = CARTESIAN_POINT ( 'NONE',  ( 4.368005350231017658, 1.327745530651000649, 3.100000000000520561 ) ) ;
#8572 = CARTESIAN_POINT ( 'NONE',  ( 2.886239002933277398, -4.563976409954482172, 3.100000000000145750 ) ) ;
#8573 = CARTESIAN_POINT ( 'NONE',  ( 4.768272433778182773, -4.765805818658366277, 3.099999999999853539 ) ) ;
#8574 = CARTESIAN_POINT ( 'NONE',  ( 4.768100092529951262, -6.179696587985382905, 3.200000000000000622 ) ) ;
#8575 = AXIS2_PLACEMENT_3D ( 'NONE', #3319, #9528, #6444 ) ;
#8576 = LINE ( 'NONE', #1622, #3369 ) ;
#8577 = CARTESIAN_POINT ( 'NONE',  ( 4.293096055254888022, -4.158213973213698011, 3.150000000000000355 ) ) ;
#8578 = CARTESIAN_POINT ( 'NONE',  ( 8.000000000000000000, -5.000000000000000000, 1.000000000000000000 ) ) ;
#8579 = VERTEX_POINT ( 'NONE', #2403 ) ;
#8580 = DIRECTION ( 'NONE',  ( 0.0000000000000000000, 0.0000000000000000000, 1.000000000000000000 ) ) ;
#8581 = ORIENTED_EDGE ( 'NONE', *, *, #5064, .F. ) ;
#8582 = LINE ( 'NONE', #2478, #9879 ) ;
#8583 = CARTESIAN_POINT ( 'NONE',  ( 4.028950070059982735, -5.357335314839879459, 3.100000000000000533 ) ) ;
#8584 = VERTEX_POINT ( 'NONE', #7959 ) ;
#8585 = CARTESIAN_POINT ( 'NONE',  ( 2.860455788836431257, -2.241591672793213696, 3.200000000000000622 ) ) ;
#8586 = AXIS2_PLACEMENT_3D ( 'NONE', #5471, #2976, #5324 ) ;
#8587 = CARTESIAN_POINT ( 'NONE',  ( 2.687005099873847946, 0.5630464777696894130, 3.100000000000000977 ) ) ;
#8588 = CARTESIAN_POINT ( 'NONE',  ( 3.309378024047236799, -1.535673972132231890, 3.100000000000016076 ) ) ;
#8589 = CARTESIAN_POINT ( 'NONE',  ( 3.724142124364770101, -1.042597064514585892, 3.100000000000000977 ) ) ;
#8590 = CARTESIAN_POINT ( 'NONE',  ( -6.999999999999998224, -8.000000000000001776, 3.117157287525381459 ) ) ;
#8591 = EDGE_CURVE ( 'NONE', #8454, #670, #3282, .T. ) ;
#8592 = CARTESIAN_POINT ( 'NONE',  ( 4.617257111490874699, -4.839085957907439450, 3.100000000000000977 ) ) ;
#8593 = DIRECTION ( 'NONE',  ( -0.0000000000000000000, -0.0000000000000000000, -1.000000000000000000 ) ) ;
#8594 = FILL_AREA_STYLE ('',( #48 ) ) ;
#8595 = VERTEX_POINT ( 'NONE', #4787 ) ;
#8596 = PRESENTATION_STYLE_ASSIGNMENT (( #2390 ) ) ;
#8597 = B_SPLINE_CURVE_WITH_KNOTS ( 'NONE', 3,
 ( #6337, #1712, #4029, #8770, #1817, #7152, #178 ),
 .UNSPECIFIED., .F., .F.,
 ( 4, 1, 1, 1, 4 ),
 ( 0.0000000000000000000, 2.561269068232930723E-05, 5.177152324671574073E-05, 8.003729266230966263E-05, 0.0001106924333774122750 ),
 .UNSPECIFIED. ) ;
#8598 = LINE ( 'NONE', #5697, #1769 ) ;
#8599 = ORIENTED_EDGE ( 'NONE', *, *, #2394, .F. ) ;
#8600 = PRODUCT_DEFINITION_CONTEXT ( 'detailed design', #4926, 'design' ) ;
#8601 = ADVANCED_FACE ( 'NONE', ( #3314 ), #9525, .F. ) ;
#8602 = CARTESIAN_POINT ( 'NONE',  ( 0.0000000000000000000, 0.5630464777696894130, 3.200000000000000178 ) ) ;
#8603 = VECTOR ( 'NONE', #5515, 1000.000000000000000 ) ;
#8604 = CARTESIAN_POINT ( 'NONE',  ( 3.479050372330695140, -4.522073800839402580, 3.199999999999999734 ) ) ;
#8605 = CARTESIAN_POINT ( 'NONE',  ( 3.266646651796760281, -1.501974964883620700, 3.100000000000000533 ) ) ;
#8606 = EDGE_CURVE ( 'NONE', #3333, #8170, #3142, .T. ) ;
#8607 = EDGE_CURVE ( 'NONE', #5295, #3644, #9236, .T. ) ;
#8608 = EDGE_LOOP ( 'NONE', ( #5475, #2675, #8535, #8521 ) ) ;
#8609 = LINE ( 'NONE', #3974, #9601 ) ;
#8610 = PLANE ( 'NONE',  #4707 ) ;
#8611 = CIRCLE ( 'NONE', #818, 2.399999999999999023 ) ;
#8612 = EDGE_LOOP ( 'NONE', ( #2132, #2530, #3217, #5283 ) ) ;
#8613 = CARTESIAN_POINT ( 'NONE',  ( 3.560974447514197117, -1.380359657729832046, 3.100000000000000977 ) ) ;
#8614 = ORIENTED_EDGE ( 'NONE', *, *, #7666, .T. ) ;
#8615 = CARTESIAN_POINT ( 'NONE',  ( 4.124715126761657302, -1.823345616236202060, 3.100000000000000977 ) ) ;
#8616 = CARTESIAN_POINT ( 'NONE',  ( -2.200000000000000622, 5.200000000000000178, 1.000000000000000000 ) ) ;
#8617 = VECTOR ( 'NONE', #3302, 1000.000000000000000 ) ;
#8618 =( GEOMETRIC_REPRESENTATION_CONTEXT ( 3 ) GLOBAL_UNCERTAINTY_ASSIGNED_CONTEXT ( ( #9418 ) ) GLOBAL_UNIT_ASSIGNED_CONTEXT ( ( #3736, #7669, #7522 ) ) REPRESENTATION_CONTEXT ( 'NONE', 'WORKASPACE' ) );
#8619 = DIRECTION ( 'NONE',  ( 0.0000000000000000000, -1.000000000000000000, -0.0000000000000000000 ) ) ;
#8620 = CARTESIAN_POINT ( 'NONE',  ( 4.018385132192170417, 0.2402327228866117936, 3.199999999999998845 ) ) ;
#8621 = PRESENTATION_STYLE_ASSIGNMENT (( #7762 ) ) ;
#8622 = CARTESIAN_POINT ( 'NONE',  ( 2.942945191042287245, -1.015397856219682149, 3.100000000000000977 ) ) ;
#8623 = CARTESIAN_POINT ( 'NONE',  ( 4.030159029378941327, -6.356856580864894468, 3.100000000000000533 ) ) ;
#8624 = CARTESIAN_POINT ( 'NONE',  ( 2.959888960144030801, -1.477338508572474396, 3.200000000000000622 ) ) ;
#8625 = CARTESIAN_POINT ( 'NONE',  ( 1.542484643350841456, 4.059528275238469597, 3.100000000000000977 ) ) ;
#8626 = EDGE_LOOP ( 'NONE', ( #3854, #7552, #4627, #9703 ) ) ;
#8627 = AXIS2_PLACEMENT_3D ( 'NONE', #6036, #3778, #6186 ) ;
#8628 = CARTESIAN_POINT ( 'NONE',  ( 4.000386601991154478, -4.088069168733273528, 3.099999999999623945 ) ) ;
#8629 = STYLED_ITEM ( 'NONE', ( #3100 ), #4632 ) ;
#8630 =( NAMED_UNIT ( * ) SI_UNIT ( $, .STERADIAN. ) SOLID_ANGLE_UNIT ( ) );
#8631 = CARTESIAN_POINT ( 'NONE',  ( 2.740957627803084051, 1.607763609490337808, 3.200000000000000178 ) ) ;
#8632 = PRESENTATION_STYLE_ASSIGNMENT (( #3886 ) ) ;
#8633 = ORIENTED_EDGE ( 'NONE', *, *, #3058, .T. ) ;
#8634 = CARTESIAN_POINT ( 'NONE',  ( 4.333227577357231297, -4.531826653108838698, 3.199999999999982414 ) ) ;
#8635 = ORIENTED_EDGE ( 'NONE', *, *, #7137, .T. ) ;
#8636 = CARTESIAN_POINT ( 'NONE',  ( 2.677580274937839899, -4.909349479070556299, 3.100000000000000977 ) ) ;
#8637 = CARTESIAN_POINT ( 'NONE',  ( 3.708090132584171528, -5.382624235144940705, 3.200000000000000178 ) ) ;
#8638 = VERTEX_POINT ( 'NONE', #3503 ) ;
#8639 = MECHANICAL_DESIGN_GEOMETRIC_PRESENTATION_REPRESENTATION (  '', ( #4251 ), #9614 ) ;
#8640 = COLOUR_RGB ( '',1.000000000000000000, 1.000000000000000000, 0.0000000000000000000 ) ;
#8641 = CARTESIAN_POINT ( 'NONE',  ( -2.000000000000000888, 8.000000000000000000, 1.200000000000000178 ) ) ;
#8642 = CARTESIAN_POINT ( 'NONE',  ( 3.681336812949838944, -4.065915020475253883, 3.150000000000000355 ) ) ;
#8643 = DIRECTION ( 'NONE',  ( -0.0000000000000000000, -1.000000000000000000, -0.0000000000000000000 ) ) ;
#8644 =( NAMED_UNIT ( * ) PLANE_ANGLE_UNIT ( ) SI_UNIT ( $, .RADIAN. ) );
#8645 = CARTESIAN_POINT ( 'NONE',  ( 4.339542110980956657, -0.2409499503440290791, 3.199999999999997069 ) ) ;
#8646 = FACE_OUTER_BOUND ( 'NONE', #5578, .T. ) ;
#8647 = AXIS2_PLACEMENT_3D ( 'NONE', #5027, #6628, #8141 ) ;
#8648 = VERTEX_POINT ( 'NONE', #6636 ) ;
#8649 = LINE ( 'NONE', #8753, #1107 ) ;
#8650 = ORIENTED_EDGE ( 'NONE', *, *, #9164, .F. ) ;
#8651 =( LENGTH_UNIT ( ) NAMED_UNIT ( * ) SI_UNIT ( .MILLI., .METRE. ) );
#8652 = CARTESIAN_POINT ( 'NONE',  ( 3.965518451264765432, -2.099051127975203102, 3.199999999999997069 ) ) ;
#8653 = CARTESIAN_POINT ( 'NONE',  ( 3.513682676574694685, -4.522059120240608188, 3.200000000000000178 ) ) ;
#8654 = CARTESIAN_POINT ( 'NONE',  ( 1.542484643350841456, 4.059528275238469597, 3.100000000000000977 ) ) ;
#8655 = VERTEX_POINT ( 'NONE', #2645 ) ;
#8656 =( NAMED_UNIT ( * ) PLANE_ANGLE_UNIT ( ) SI_UNIT ( $, .RADIAN. ) );
#8657 = LINE ( 'NONE', #1706, #3748 ) ;
#8658 = MECHANICAL_DESIGN_GEOMETRIC_PRESENTATION_REPRESENTATION (  '', ( #2325 ), #5568 ) ;
#8659 = ADVANCED_FACE ( 'NONE', ( #5139 ), #1091, .F. ) ;
#8660 = CARTESIAN_POINT ( 'NONE',  ( 4.575921430314699556, 0.4381370929810975423, 3.100000000000001421 ) ) ;
#8661 = ORIENTED_EDGE ( 'NONE', *, *, #1438, .F. ) ;
#8662 = ORIENTED_EDGE ( 'NONE', *, *, #6509, .T. ) ;
#8663 = EDGE_CURVE ( 'NONE', #7654, #5942, #6539, .T. ) ;
#8664 = EDGE_CURVE ( 'NONE', #7676, #1453, #2085, .T. ) ;
#8665 = CARTESIAN_POINT ( 'NONE',  ( 3.722540425514480056, -2.173229369901434449, 3.200000000000000622 ) ) ;
#8666 = COLOUR_RGB ( '',0.7529411764705882248, 0.7529411764705882248, 0.7529411764705882248 ) ;
#8667 = B_SPLINE_CURVE_WITH_KNOTS ( 'NONE', 3,
 ( #2249, #2902, #8506, #5347, #2202, #3861, #8462, #9119, #4586, #6, #6225 ),
 .UNSPECIFIED., .F., .F.,
 ( 4, 1, 1, 1, 1, 1, 1, 1, 4 ),
 ( 0.0000000000000000000, 5.584736284024632212E-05, 0.0001096351728994626133, 0.0001619775628129723312, 0.0002148259037221684196, 0.0002685263367478285122, 0.0003242017585699535779, 0.0003837539187062697743, 0.0004471016045369990066 ),
 .UNSPECIFIED. ) ;
#8668 = CARTESIAN_POINT ( 'NONE',  ( 4.357836403287691063, -5.812704354296521103, 3.199999999999999289 ) ) ;
#8669 = CARTESIAN_POINT ( 'NONE',  ( 4.018385132192170417, 0.2402327228866117936, 3.100000000000000089 ) ) ;
#8670 = DIRECTION ( 'NONE',  ( -0.0000000000000000000, -0.0000000000000000000, -1.000000000000000000 ) ) ;
#8671 = CARTESIAN_POINT ( 'NONE',  ( 2.758600806142278650, -0.5113664654229562734, 3.100000000000000533 ) ) ;
#8672 = CARTESIAN_POINT ( 'NONE',  ( 3.883934317244508438, -6.341096429843344318, 3.199999999999999734 ) ) ;
#8673 = ADVANCED_FACE ( 'NONE', ( #8202 ), #6682, .F. ) ;
#8674 = CARTESIAN_POINT ( 'NONE',  ( 3.951152993682848003, -5.368531437872081646, 3.199999999999998401 ) ) ;
#8675 = B_SPLINE_SURFACE_WITH_KNOTS ( 'NONE', 3, 1, ( 
 ( #3963, #6373 ),
 ( #3189, #7944 ),
 ( #6476, #2491 ),
 ( #5490, #4820 ),
 ( #976, #5593 ),
 ( #50, #210 ),
 ( #2591, #7183 ),
 ( #9351, #8547 ),
 ( #815, #4118 ),
 ( #9457, #4066 ),
 ( #9400, #8701 ),
 ( #3296, #9511 ),
 ( #109, #3343 ),
 ( #7086, #7895 ),
 ( #9562, #1588 ) ),
 .UNSPECIFIED., .F., .F., .F.,
 ( 4, 1, 1, 1, 1, 1, 1, 1, 1, 1, 1, 1, 4 ),
 ( 2, 2 ),
 ( 0.0000000000000000000, 0.09166407649295826854, 0.1803464058064767339, 0.2681784786401371079, 0.3560501273572275194, 0.4432432203695503836, 0.5283664968388001038, 0.6137904701608499769, 0.6999304880474194190, 0.7834664530072855682, 0.8606420568692245698, 0.9324562308528739907, 1.000000000000000000 ),
 ( 0.0000000000000000000, 1.000000000000000000 ),
 .UNSPECIFIED. ) ;
#8676 = ORIENTED_EDGE ( 'NONE', *, *, #6078, .T. ) ;
#8677 = ADVANCED_FACE ( 'NONE', ( #577 ), #1341, .F. ) ;
#8678 = EDGE_CURVE ( 'NONE', #9027, #8638, #1802, .T. ) ;
#8679 = CARTESIAN_POINT ( 'NONE',  ( -4.511792873543973847, 6.820462724888163741, 1.200000000000000178 ) ) ;
#8680 = CARTESIAN_POINT ( 'NONE',  ( 4.753428197128768851, -4.851953864952982087, 3.099999999999853983 ) ) ;
#8681 = CARTESIAN_POINT ( 'NONE',  ( 2.747125544358810956, 1.492334538811059153, 3.100000000000682210 ) ) ;
#8682 = LINE ( 'NONE', #9490, #8433 ) ;
#8683 = CARTESIAN_POINT ( 'NONE',  ( -8.000000000000000000, -8.500000000000001776, 1.000000000000000000 ) ) ;
#8684 = CARTESIAN_POINT ( 'NONE',  ( 4.298465042255598334, -0.2531680786212764933, 3.199999999999989964 ) ) ;
#8685 = VERTEX_POINT ( 'NONE', #1118 ) ;
#8686 = CARTESIAN_POINT ( 'NONE',  ( 4.554158637922874675, -4.566229614910459311, 3.199999999999982858 ) ) ;
#8687 = ORIENTED_EDGE ( 'NONE', *, *, #3424, .T. ) ;
#8688 = LINE ( 'NONE', #8739, #466 ) ;
#8689 = CARTESIAN_POINT ( 'NONE',  ( 3.972909142763893620, -1.397276333070446963, 3.200000000000002398 ) ) ;
#8690 = ORIENTED_EDGE ( 'NONE', *, *, #1140, .F. ) ;
#8691 = CIRCLE ( 'NONE', #4295, 0.5000000000000004441 ) ;
#8692 = LINE ( 'NONE', #964, #834 ) ;
#8693 = CARTESIAN_POINT ( 'NONE',  ( -4.761792873543973847, 6.820462724888163741, 1.200000000000000178 ) ) ;
#8694 = CARTESIAN_POINT ( 'NONE',  ( -5.781792873543974309, 6.820462724888162853, 2.000000000000000000 ) ) ;
#8695 =( NAMED_UNIT ( * ) PLANE_ANGLE_UNIT ( ) SI_UNIT ( $, .RADIAN. ) );
#8696 = DIRECTION ( 'NONE',  ( 0.0000000000000000000, 0.0000000000000000000, 1.000000000000000000 ) ) ;
#8697 = VECTOR ( 'NONE', #6204, 1000.000000000000000 ) ;
#8698 = CARTESIAN_POINT ( 'NONE',  ( 4.202134768498160255, -5.604550262420206153, 3.200000000000000178 ) ) ;
#8699 = ORIENTED_EDGE ( 'NONE', *, *, #3472, .T. ) ;
#8700 = EDGE_LOOP ( 'NONE', ( #3463, #1657, #730, #6878 ) ) ;
#8701 = CARTESIAN_POINT ( 'NONE',  ( 4.440092367585398492, -6.748154200627613619, 3.200000000000000178 ) ) ;
#8702 = CARTESIAN_POINT ( 'NONE',  ( 0.0000000000000000000, 8.500000000000000000, 0.0000000000000000000 ) ) ;
#8703 = ORIENTED_EDGE ( 'NONE', *, *, #8429, .T. ) ;
#8704 = VECTOR ( 'NONE', #1478, 1000.000000000000000 ) ;
#8705 = VECTOR ( 'NONE', #5358, 1000.000000000000114 ) ;
#8706 = CARTESIAN_POINT ( 'NONE',  ( 4.768959347323075804, -4.736546566726886454, 3.199999999999998845 ) ) ;
#8707 = CARTESIAN_POINT ( 'NONE',  ( 4.293260301543735835, -4.529813445208844769, 3.100000000000595612 ) ) ;
#8708 = CYLINDRICAL_SURFACE ( 'NONE', #5067, 0.2000000000000000944 ) ;
#8709 = CARTESIAN_POINT ( 'NONE',  ( 8.000000000000000000, 3.000000000000000000, 1.000000000000000000 ) ) ;
#8710 = DIRECTION ( 'NONE',  ( -1.000000000000000000, 0.0000000000000000000, 0.0000000000000000000 ) ) ;
#8711 = DIRECTION ( 'NONE',  ( 1.000000000000000000, 0.0000000000000000000, -0.0000000000000000000 ) ) ;
#8712 = CARTESIAN_POINT ( 'NONE',  ( 4.617342670052194009, 0.6693066377647594045, 3.199999999999998845 ) ) ;
#8713 = ORIENTED_EDGE ( 'NONE', *, *, #4367, .T. ) ;
#8714 = CARTESIAN_POINT ( 'NONE',  ( 3.534732157294038224, -1.307001492382553476, 3.100000000000000977 ) ) ;
#8715 = VERTEX_POINT ( 'NONE', #1172 ) ;
#8716 = CARTESIAN_POINT ( 'NONE',  ( 4.010443889306917420, -2.054996716635631770, 3.100000000000000533 ) ) ;
#8717 = CARTESIAN_POINT ( 'NONE',  ( 2.854866390392821973, -0.3895252682335951788, 3.200000000000001066 ) ) ;
#8718 = PLANE ( 'NONE',  #8575 ) ;
#8719 = FACE_OUTER_BOUND ( 'NONE', #7412, .T. ) ;
#8720 = CARTESIAN_POINT ( 'NONE',  ( 2.667368636294214390, -1.276139853346252462, 3.200000000000000178 ) ) ;
#8721 = EDGE_CURVE ( 'NONE', #3840, #5035, #259, .T. ) ;
#8722 = CARTESIAN_POINT ( 'NONE',  ( 3.572547526216969693, -6.222917731148420728, 3.200000000000001510 ) ) ;
#8723 = CARTESIAN_POINT ( 'NONE',  ( 4.415269548251669285, -6.019226716752346995, 3.100000000000849187 ) ) ;
#8724 = CARTESIAN_POINT ( 'NONE',  ( 2.985923717536816291, -1.454487794693978708, 3.200000000000000622 ) ) ;
#8725 = ORIENTED_EDGE ( 'NONE', *, *, #9275, .T. ) ;
#8726 = CARTESIAN_POINT ( 'NONE',  ( 3.616682957166871493, 0.8479693318753206421, 3.100000000000000977 ) ) ;
#8727 = EDGE_CURVE ( 'NONE', #2629, #5407, #9177, .T. ) ;
#8728 = DIRECTION ( 'NONE',  ( -0.002033549430271827663, 0.9999979323362196970, 0.0000000000000000000 ) ) ;
#8729 = CARTESIAN_POINT ( 'NONE',  ( 4.323416484173798757, -5.280961620534480261, 3.100000000000000977 ) ) ;
#8730 = EDGE_CURVE ( 'NONE', #4245, #7354, #503, .T. ) ;
#8731 = CARTESIAN_POINT ( 'NONE',  ( 3.021610339943076706, -1.023169235907951613, 3.099999999999658140 ) ) ;
#8732 = CARTESIAN_POINT ( 'NONE',  ( 2.754077797123930527, 1.449392686304643574, 3.199999999999989075 ) ) ;
#8733 = EDGE_CURVE ( 'NONE', #5176, #7436, #8940, .T. ) ;
#8734 = FACE_OUTER_BOUND ( 'NONE', #8326, .T. ) ;
#8735 = ORIENTED_EDGE ( 'NONE', *, *, #7307, .F. ) ;
#8736 = VECTOR ( 'NONE', #4190, 1000.000000000000000 ) ;
#8737 = DIRECTION ( 'NONE',  ( -0.9999979552694751028, -0.002022240556662139796, 0.0000000000000000000 ) ) ;
#8738 = ORIENTED_EDGE ( 'NONE', *, *, #604, .T. ) ;
#8739 = CARTESIAN_POINT ( 'NONE',  ( -8.000000000000000000, 0.0000000000000000000, 0.0000000000000000000 ) ) ;
#8740 = DIRECTION ( 'NONE',  ( -0.0000000000000000000, 1.000000000000000000, 0.0000000000000000000 ) ) ;
#8741 = ORIENTED_EDGE ( 'NONE', *, *, #9775, .F. ) ;
#8742 = DIRECTION ( 'NONE',  ( -0.002033549430272321625, 0.9999979323362196970, 0.0000000000000000000 ) ) ;
#8743 = LINE ( 'NONE', #1790, #4122 ) ;
#8744 = CARTESIAN_POINT ( 'NONE',  ( 2.685221545231559315, 1.607763609490337586, 3.100000000000000977 ) ) ;
#8745 = CARTESIAN_POINT ( 'NONE',  ( 8.000000000000000000, -3.000000000000000000, 0.0000000000000000000 ) ) ;
#8746 = FACE_OUTER_BOUND ( 'NONE', #441, .T. ) ;
#8747 = PLANE ( 'NONE',  #1787 ) ;
#8748 = CARTESIAN_POINT ( 'NONE',  ( 3.550691435402186347, -3.690006489136672840, 3.100000000000000977 ) ) ;
#8749 = CARTESIAN_POINT ( 'NONE',  ( 4.663073632795375900, -5.892207994412859584, 3.100000000000000977 ) ) ;
#8750 = ORIENTED_EDGE ( 'NONE', *, *, #9100, .T. ) ;
#8751 = VERTEX_POINT ( 'NONE', #1895 ) ;
#8752 = FILL_AREA_STYLE_COLOUR ( '', #6985 ) ;
#8753 = CARTESIAN_POINT ( 'NONE',  ( 8.000000000000000000, 5.500000000000001776, 1.000000000000000000 ) ) ;
#8754 = MECHANICAL_DESIGN_GEOMETRIC_PRESENTATION_REPRESENTATION (  '', ( #5814 ), #2715 ) ;
#8755 = CARTESIAN_POINT ( 'NONE',  ( 4.368005350231017658, 1.327745530651000649, 3.100000000000520561 ) ) ;
#8756 = ORIENTED_EDGE ( 'NONE', *, *, #7124, .T. ) ;
#8757 = PRESENTATION_STYLE_ASSIGNMENT (( #4071 ) ) ;
#8758 = CARTESIAN_POINT ( 'NONE',  ( 3.423882673431795531, -1.672278862463220106, 3.099999999999999201 ) ) ;
#8759 = CYLINDRICAL_SURFACE ( 'NONE', #6224, 0.5000000000000004441 ) ;
#8760 = ORIENTED_EDGE ( 'NONE', *, *, #1278, .F. ) ;
#8761 = CARTESIAN_POINT ( 'NONE',  ( 3.535292177942037650, -1.220854371110972725, 3.199999999999998845 ) ) ;
#8762 = CARTESIAN_POINT ( 'NONE',  ( 2.689234543176708847, -0.5877921551671416722, 3.100000000000000977 ) ) ;
#8763 = CARTESIAN_POINT ( 'NONE',  ( 4.556894433560803925, 0.3999452625155699992, 3.100000000000000977 ) ) ;
#8764 = ORIENTED_EDGE ( 'NONE', *, *, #7555, .T. ) ;
#8765 = VECTOR ( 'NONE', #4426, 1000.000000000000000 ) ;
#8766 = CARTESIAN_POINT ( 'NONE',  ( 4.323416484173798757, -5.280961620534480261, 3.100000000000000977 ) ) ;
#8767 = FACE_OUTER_BOUND ( 'NONE', #1779, .T. ) ;
#8768 = DIRECTION ( 'NONE',  ( 0.0000000000000000000, 0.0000000000000000000, 1.000000000000000000 ) ) ;
#8769 = CARTESIAN_POINT ( 'NONE',  ( 4.201378719905121351, -5.671002488439794931, 3.199999999999999734 ) ) ;
#8770 = CARTESIAN_POINT ( 'NONE',  ( 4.657705291708312600, -4.659284156264510202, 3.100000000000075140 ) ) ;
#8771 = CARTESIAN_POINT ( 'NONE',  ( 2.833804733553998201, -1.033619408015077790, 3.100000000000000977 ) ) ;
#8772 = VECTOR ( 'NONE', #7765, 1000.000000000000000 ) ;
#8773 = CARTESIAN_POINT ( 'NONE',  ( 3.716734576741819840, -6.291251224696813082, 3.100000000000000977 ) ) ;
#8774 = CARTESIAN_POINT ( 'NONE',  ( 4.691215651401699382, -5.936162904553087039, 3.100000000000578737 ) ) ;
#8775 = CARTESIAN_POINT ( 'NONE',  ( 4.657871176525409496, 1.454260958080096033, 3.100000000000000089 ) ) ;
#8776 = ORIENTED_EDGE ( 'NONE', *, *, #9895, .T. ) ;
#8777 = SURFACE_SIDE_STYLE ('',( #1102 ) ) ;
#8778 = AXIS2_PLACEMENT_3D ( 'NONE', #3311, #1860, #4894 ) ;
#8779 = CARTESIAN_POINT ( 'NONE',  ( 4.577759262558592113, -4.317244286161132649, 3.100000000000000977 ) ) ;
#8780 = CARTESIAN_POINT ( 'NONE',  ( 4.030159029378941327, -6.356856580864894468, 3.199999999999985079 ) ) ;
#8781 = CARTESIAN_POINT ( 'NONE',  ( 3.753101486176205537, 0.4773636949457220613, 3.100000000000000977 ) ) ;
#8782 = CARTESIAN_POINT ( 'NONE',  ( 3.043716028331602708, 1.325070198687567480, 3.100000000000528999 ) ) ;
#8783 = CARTESIAN_POINT ( 'NONE',  ( 3.167258482743497972, -1.092408388752163173, 3.099999999999659028 ) ) ;
#8784 = LINE ( 'NONE', #4703, #2451 ) ;
#8785 = CARTESIAN_POINT ( 'NONE',  ( 2.687450988534420215, -6.771886775798208191, 3.100000000000000977 ) ) ;
#8786 = MECHANICAL_DESIGN_GEOMETRIC_PRESENTATION_REPRESENTATION (  '', ( #1486 ), #8932 ) ;
#8787 = ORIENTED_EDGE ( 'NONE', *, *, #9530, .F. ) ;
#8788 =( GEOMETRIC_REPRESENTATION_CONTEXT ( 3 ) GLOBAL_UNCERTAINTY_ASSIGNED_CONTEXT ( ( #6998 ) ) GLOBAL_UNIT_ASSIGNED_CONTEXT ( ( #5120, #7322, #8886 ) ) REPRESENTATION_CONTEXT ( 'NONE', 'WORKASPACE' ) );
#8789 = CARTESIAN_POINT ( 'NONE',  ( 4.142378145200439121, -4.526271027705911720, 3.199999999999985079 ) ) ;
#8790 = EDGE_LOOP ( 'NONE', ( #7284, #6257, #6855, #9054 ) ) ;
#8791 = EDGE_CURVE ( 'NONE', #6228, #1708, #4272, .T. ) ;
#8792 = CARTESIAN_POINT ( 'NONE',  ( 3.030785257175009573, -2.176937817010245357, 3.100000000000000977 ) ) ;
#8793 = EDGE_CURVE ( 'NONE', #2751, #91, #7234, .T. ) ;
#8794 = VECTOR ( 'NONE', #7839, 1000.000000000000000 ) ;
#8795 =( GEOMETRIC_REPRESENTATION_CONTEXT ( 3 ) GLOBAL_UNCERTAINTY_ASSIGNED_CONTEXT ( ( #67 ) ) GLOBAL_UNIT_ASSIGNED_CONTEXT ( ( #9189, #652, #8431 ) ) REPRESENTATION_CONTEXT ( 'NONE', 'WORKASPACE' ) );
#8796 = CARTESIAN_POINT ( 'NONE',  ( 2.946937800718218092, -4.550761772151757256, 3.199999999999991296 ) ) ;
#8797 = DIRECTION ( 'NONE',  ( 0.0000000000000000000, 0.0000000000000000000, 1.000000000000000000 ) ) ;
#8798 = DIRECTION ( 'NONE',  ( 0.8155011869496725518, 0.5787554009110198461, 0.0000000000000000000 ) ) ;
#8799 = CARTESIAN_POINT ( 'NONE',  ( 4.325349722285825926, -4.912682234298024753, 3.100000000000000977 ) ) ;
#8800 = CARTESIAN_POINT ( 'NONE',  ( 4.593455329141219678, -5.809499005040429154, 3.100000000000000533 ) ) ;
#8801 = ORIENTED_EDGE ( 'NONE', *, *, #7999, .T. ) ;
#8802 = ORIENTED_EDGE ( 'NONE', *, *, #3411, .T. ) ;
#8803 = SURFACE_STYLE_USAGE ( .BOTH. , #5219 ) ;
#8804 = B_SPLINE_CURVE_WITH_KNOTS ( 'NONE', 3,
 ( #7165, #9491, #2525, #5629, #240, #138, #5522, #5681, #6461, #9381, #3223, #4912, #8029, #7019, #8732, #31, #7825, #2424, #8631 ),
 .UNSPECIFIED., .F., .F.,
 ( 4, 1, 1, 1, 1, 1, 1, 1, 1, 1, 1, 1, 1, 1, 1, 1, 4 ),
 ( 0.0000000000000000000, 3.872897264796010432E-05, 7.394585668707838412E-05, 0.0001052189582123881872, 0.0001330307709130745255, 0.0001569935737552668141, 0.0001770350469282862369, 0.0001937925484231414579, 0.0002070313768950321552, 0.0002301258061440228700, 0.0002535160361142763542, 0.0002785345173345237847, 0.0003054042420802757524, 0.0003378535121637229370, 0.0003804043235180104890, 0.0004339144441600736629, 0.0004981892914078956541 ),
 .UNSPECIFIED. ) ;
#8805 = EDGE_CURVE ( 'NONE', #2220, #2676, #4742, .T. ) ;
#8806 = CARTESIAN_POINT ( 'NONE',  ( 2.698046528498621477, -1.457941016052661354, 3.200000000000004174 ) ) ;
#8807 =( GEOMETRIC_REPRESENTATION_CONTEXT ( 3 ) GLOBAL_UNCERTAINTY_ASSIGNED_CONTEXT ( ( #4138 ) ) GLOBAL_UNIT_ASSIGNED_CONTEXT ( ( #596, #2357, #6795 ) ) REPRESENTATION_CONTEXT ( 'NONE', 'WORKASPACE' ) );
#8808 = CARTESIAN_POINT ( 'NONE',  ( 4.665148031399254158, 1.496904712886542477, 3.100000000000804778 ) ) ;
#8809 = ORIENTED_EDGE ( 'NONE', *, *, #523, .T. ) ;
#8810 = EDGE_CURVE ( 'NONE', #5782, #8430, #2079, .T. ) ;
#8811 = CARTESIAN_POINT ( 'NONE',  ( 4.088876695448133702, -1.938625910762523885, 3.199999999999997069 ) ) ;
#8812 = VECTOR ( 'NONE', #4382, 1000.000000000000000 ) ;
#8813 = CARTESIAN_POINT ( 'NONE',  ( 2.923456653129719918, -1.623909092247517671, 3.200000000000002842 ) ) ;
#8814 = CARTESIAN_POINT ( 'NONE',  ( 0.0000000000000000000, 1.611330718774915516, 3.200000000000000178 ) ) ;
#8815 = FACE_OUTER_BOUND ( 'NONE', #1167, .T. ) ;
#8816 = CARTESIAN_POINT ( 'NONE',  ( -7.000000000000000888, 4.999999999999999112, 3.000000000000000000 ) ) ;
#8817 = CARTESIAN_POINT ( 'NONE',  ( 4.443882122998942030, 0.2882953889453435115, 3.100000000000000533 ) ) ;
#8818 = ORIENTED_EDGE ( 'NONE', *, *, #2518, .F. ) ;
#8819 = B_SPLINE_CURVE_WITH_KNOTS ( 'NONE', 3,
 ( #939, #7910, #228, #4791, #997, #6336, #7104 ),
 .UNSPECIFIED., .F., .F.,
 ( 4, 1, 1, 1, 4 ),
 ( 0.0000000000000000000, 6.388147742803602317E-05, 0.0001344265276471839107, 0.0002122810226463774585, 0.0002969583855755891962 ),
 .UNSPECIFIED. ) ;
#8820 = UNCERTAINTY_MEASURE_WITH_UNIT (LENGTH_MEASURE( 1.000000000000000082E-05 ), #7521, 'distance_accuracy_value', 'NONE');
#8821 = FACE_OUTER_BOUND ( 'NONE', #5722, .T. ) ;
#8822 = CARTESIAN_POINT ( 'NONE',  ( 3.063335129396779877, -4.914441141544138247, 3.100000000000000977 ) ) ;
#8823 = AXIS2_PLACEMENT_3D ( 'NONE', #3442, #4075, #217 ) ;
#8824 = CARTESIAN_POINT ( 'NONE',  ( 3.657959409283225938, -5.381592666098003797, 3.200000000000000622 ) ) ;
#8825 = CARTESIAN_POINT ( 'NONE',  ( 2.748778505874214684, -0.5488092342505128673, 3.200000000000001510 ) ) ;
#8826 = CARTESIAN_POINT ( 'NONE',  ( 3.681336812949838944, -4.065915020475253883, 3.100000000000777245 ) ) ;
#8827 = CARTESIAN_POINT ( 'NONE',  ( 4.368033655526867953, -4.533347979838694641, 3.100000000000000533 ) ) ;
#8828 = CARTESIAN_POINT ( 'NONE',  ( 4.526110602405379879, 1.335288515850396651, 3.100000000000000977 ) ) ;
#8829 = ORIENTED_EDGE ( 'NONE', *, *, #4937, .T. ) ;
#8830 = CYLINDRICAL_SURFACE ( 'NONE', #6857, 0.5000000000000013323 ) ;
#8831 = CARTESIAN_POINT ( 'NONE',  ( 8.000000000000000000, 5.500000000000001776, 0.0000000000000000000 ) ) ;
#8832 = FACE_OUTER_BOUND ( 'NONE', #9211, .T. ) ;
#8833 =( LENGTH_UNIT ( ) NAMED_UNIT ( * ) SI_UNIT ( .MILLI., .METRE. ) );
#8834 = CARTESIAN_POINT ( 'NONE',  ( 3.091526940982243676, -6.652903056985038255, 3.200000000000003730 ) ) ;
#8835 = VECTOR ( 'NONE', #3184, 1000.000000000000000 ) ;
#8836 = CARTESIAN_POINT ( 'NONE',  ( 4.627520563075052884, 0.001502681311058898326, 3.199999999999989964 ) ) ;
#8837 = ORIENTED_EDGE ( 'NONE', *, *, #1094, .F. ) ;
#8838 = CARTESIAN_POINT ( 'NONE',  ( 3.004031937540677433, -1.756910698751239508, 3.100000000000000977 ) ) ;
#8839 = ORIENTED_EDGE ( 'NONE', *, *, #8005, .F. ) ;
#8840 =( BOUNDED_SURFACE ( )  B_SPLINE_SURFACE ( 3, 3, ( 
 ( #7465, #4263, #9605, #6569 ),
 ( #4166, #7373, #1842, #2769 ),
 ( #7273, #5830, #6516, #3429 ),
 ( #9705, #3585, #9657, #4310 ) ),
 .UNSPECIFIED., .F., .F., .T. ) 
 B_SPLINE_SURFACE_WITH_KNOTS ( ( 4, 4 ),
 ( 4, 4 ),
 ( 0.0000000000000000000, 1.000000000000000000 ),
 ( 0.0000000000000000000, 1.000000000000000000 ),
 .UNSPECIFIED. ) 
 GEOMETRIC_REPRESENTATION_ITEM ( )  RATIONAL_B_SPLINE_SURFACE ( (
 ( 1.000000000000000000, 0.3333333333333330928, 0.3333333333333330928, 1.000000000000000000),
 ( 0.8047378541243649375, 0.2682459513747881275, 0.2682459513747881275, 0.8047378541243649375),
 ( 0.8047378541243649375, 0.2682459513747881275, 0.2682459513747881275, 0.8047378541243649375),
 ( 1.000000000000000000, 0.3333333333333330928, 0.3333333333333330928, 1.000000000000000000) ) ) 
 REPRESENTATION_ITEM ( '' )  SURFACE ( )  );
#8841 = CARTESIAN_POINT ( 'NONE',  ( 2.907228979634290056, -2.184289391852966222, 3.200000000000000178 ) ) ;
#8842 = B_SPLINE_SURFACE_WITH_KNOTS ( 'NONE', 3, 1, ( 
 ( #6663, #447 ),
 ( #8084, #8129 ),
 ( #5885, #4264 ),
 ( #7375, #3530 ),
 ( #2770, #6195 ),
 ( #6912, #8285 ),
 ( #5372, #10044 ) ),
 .UNSPECIFIED., .F., .F., .F.,
 ( 4, 1, 1, 1, 4 ),
 ( 2, 2 ),
 ( 0.0000000000000000000, 0.2343649895457519117, 0.4716445717966188944, 0.7225197599992039255, 1.000000000000000000 ),
 ( 0.0000000000000000000, 1.000000000000000000 ),
 .UNSPECIFIED. ) ;
#8843 = AXIS2_PLACEMENT_3D ( 'NONE', #4007, #6313, #757 ) ;
#8844 = DIRECTION ( 'NONE',  ( -0.0000000000000000000, -0.0000000000000000000, -1.000000000000000000 ) ) ;
#8845 = ADVANCED_FACE ( 'NONE', ( #3537, #1271 ), #4416, .T. ) ;
#8846 = CARTESIAN_POINT ( 'NONE',  ( 4.664853709735462317, -4.730495357747679819, 3.199999999999998401 ) ) ;
#8847 = CARTESIAN_POINT ( 'NONE',  ( 4.597770803909225101, 1.359632717545109060, 3.199999999999996625 ) ) ;
#8848 = EDGE_LOOP ( 'NONE', ( #7954, #147, #7280, #7366 ) ) ;
#8849 = ORIENTED_EDGE ( 'NONE', *, *, #2563, .T. ) ;
#8850 = EDGE_CURVE ( 'NONE', #1906, #1106, #5282, .T. ) ;
#8851 = VECTOR ( 'NONE', #7283, 1000.000000000000000 ) ;
#8852 = CARTESIAN_POINT ( 'NONE',  ( 3.805343554642972581, -0.1191292943194995763, 3.200000000000000178 ) ) ;
#8853 = CARTESIAN_POINT ( 'NONE',  ( -8.000000000000000000, -5.000000000000000000, 1.000000000000000000 ) ) ;
#8854 = ORIENTED_EDGE ( 'NONE', *, *, #8678, .F. ) ;
#8855 = DIRECTION ( 'NONE',  ( -0.0000000000000000000, 1.000000000000000000, 0.0000000000000000000 ) ) ;
#8856 = COLOUR_RGB ( '',0.7529411764705882248, 0.7529411764705882248, 0.7529411764705882248 ) ;
#8857 = ADVANCED_FACE ( 'NONE', ( #7531 ), #9810, .F. ) ;
#8858 = CARTESIAN_POINT ( 'NONE',  ( -4.164310689801360432, 7.608804960976311982, 2.000000000000000000 ) ) ;
#8859 = CARTESIAN_POINT ( 'NONE',  ( 3.277361686471432112, -6.831189967654309747, 3.150000000000000799 ) ) ;
#8860 = CARTESIAN_POINT ( 'NONE',  ( 3.479050372330695140, -4.522073800839402580, 3.100000000000550315 ) ) ;
#8861 = ADVANCED_FACE ( 'NONE', ( #9090 ), #7557, .T. ) ;
#8862 = CARTESIAN_POINT ( 'NONE',  ( 4.061040220575386606, -6.762574403443312399, 3.199999999999999734 ) ) ;
#8863 = EDGE_CURVE ( 'NONE', #2032, #7926, #9325, .T. ) ;
#8864 = CARTESIAN_POINT ( 'NONE',  ( 4.135190894539845452, -1.658184815384826871, 3.099999999999574207 ) ) ;
#8865 = VERTEX_POINT ( 'NONE', #9443 ) ;
#8866 = CARTESIAN_POINT ( 'NONE',  ( 4.021549860966421974, -1.564286797384051964, 3.099999999999889511 ) ) ;
#8867 = CARTESIAN_POINT ( 'NONE',  ( 2.802490262962046508, -4.842653067192015826, 3.200000000000000178 ) ) ;
#8868 = CARTESIAN_POINT ( 'NONE',  ( 7.200000000000001954, 0.0000000000000000000, 1.000000000000000000 ) ) ;
#8869 = LINE ( 'NONE', #4189, #9722 ) ;
#8870 =( NAMED_UNIT ( * ) PLANE_ANGLE_UNIT ( ) SI_UNIT ( $, .RADIAN. ) );
#8871 = LINE ( 'NONE', #9782, #6331 ) ;
#8872 = CARTESIAN_POINT ( 'NONE',  ( 3.944854358484048085, -4.523590052809357331, 3.199999999999997513 ) ) ;
#8873 = CARTESIAN_POINT ( 'NONE',  ( 4.631865082010099499, 1.396539325774281526, 3.199999999999998845 ) ) ;
#8874 = ORIENTED_EDGE ( 'NONE', *, *, #9224, .T. ) ;
#8875 = CYLINDRICAL_SURFACE ( 'NONE', #5385, 0.1999999999999996503 ) ;
#8876 = CARTESIAN_POINT ( 'NONE',  ( 4.738548550851483299, -4.551157582838916582, 3.200000000000001066 ) ) ;
#8877 =( NAMED_UNIT ( * ) SI_UNIT ( $, .STERADIAN. ) SOLID_ANGLE_UNIT ( ) );
#8878 =( NAMED_UNIT ( * ) SI_UNIT ( $, .STERADIAN. ) SOLID_ANGLE_UNIT ( ) );
#8879 = CARTESIAN_POINT ( 'NONE',  ( 3.642092418277242505, -1.451283168663320078, 3.200000000000001954 ) ) ;
#8880 = DIRECTION ( 'NONE',  ( -1.000000000000000000, 0.0000000000000000000, 0.0000000000000000000 ) ) ;
#8881 = ORIENTED_EDGE ( 'NONE', *, *, #1349, .F. ) ;
#8882 = DIRECTION ( 'NONE',  ( 1.000000000000000000, 0.0000000000000000000, -0.0000000000000000000 ) ) ;
#8883 = ORIENTED_EDGE ( 'NONE', *, *, #6321, .F. ) ;
#8884 = CARTESIAN_POINT ( 'NONE',  ( 4.465270775552443894, -5.215673567031337221, 3.200000000000001066 ) ) ;
#8885 = UNCERTAINTY_MEASURE_WITH_UNIT (LENGTH_MEASURE( 1.000000000000000082E-05 ), #8419, 'distance_accuracy_value', 'NONE');
#8886 =( NAMED_UNIT ( * ) SI_UNIT ( $, .STERADIAN. ) SOLID_ANGLE_UNIT ( ) );
#8887 = CARTESIAN_POINT ( 'NONE',  ( 4.657705291708312600, -4.659284156264510202, 3.199999999999995293 ) ) ;
#8888 = CARTESIAN_POINT ( 'NONE',  ( 3.724142124364770101, -1.042597064514585892, 3.100000000000000977 ) ) ;
#8889 = DIRECTION ( 'NONE',  ( -1.000000000000000000, 0.0000000000000000000, -0.0000000000000000000 ) ) ;
#8890 = EDGE_LOOP ( 'NONE', ( #5729, #3241, #2283, #341 ) ) ;
#8891 = ORIENTED_EDGE ( 'NONE', *, *, #2392, .T. ) ;
#8892 =( LENGTH_UNIT ( ) NAMED_UNIT ( * ) SI_UNIT ( .MILLI., .METRE. ) );
#8893 = CARTESIAN_POINT ( 'NONE',  ( 4.538944093158395532, -4.284014301085250942, 3.100000000000632028 ) ) ;
#8894 = ORIENTED_EDGE ( 'NONE', *, *, #3428, .T. ) ;
#8895 = EDGE_CURVE ( 'NONE', #8476, #4822, #9106, .T. ) ;
#8896 = FACE_OUTER_BOUND ( 'NONE', #6908, .T. ) ;
#8897 = CARTESIAN_POINT ( 'NONE',  ( 8.000000000000000000, -6.499999999999999112, 1.000000000000000000 ) ) ;
#8898 = CARTESIAN_POINT ( 'NONE',  ( 4.663718170818793141, 0.07952199024015579876, 3.099999999999909939 ) ) ;
#8899 = VERTEX_POINT ( 'NONE', #7881 ) ;
#8900 = VECTOR ( 'NONE', #7838, 1000.000000000000227 ) ;
#8901 = CARTESIAN_POINT ( 'NONE',  ( 3.086756610165704018, -4.534045019123359666, 3.100000000000548983 ) ) ;
#8902 = CARTESIAN_POINT ( 'NONE',  ( 2.083206147703078770, 4.869646352943379775, 3.100000000000000977 ) ) ;
#8903 = CARTESIAN_POINT ( 'NONE',  ( 3.932941075090496952, -1.127805566097255463, 3.099999999999573319 ) ) ;
#8904 = ORIENTED_EDGE ( 'NONE', *, *, #8730, .F. ) ;
#8905 = ADVANCED_FACE ( 'NONE', ( #38 ), #3132, .T. ) ;
#8906 = PRESENTATION_STYLE_ASSIGNMENT (( #6588 ) ) ;
#8907 = UNCERTAINTY_MEASURE_WITH_UNIT (LENGTH_MEASURE( 1.000000000000000082E-05 ), #1603, 'distance_accuracy_value', 'NONE');
#8908 = CARTESIAN_POINT ( 'NONE',  ( 3.938698244316808150, -1.727772503672708515, 3.100000000000624034 ) ) ;
#8909 = EDGE_CURVE ( 'NONE', #3743, #9759, #914, .T. ) ;
#8910 = DIRECTION ( 'NONE',  ( 0.0000000000000000000, -1.000000000000000000, -0.0000000000000000000 ) ) ;
#8911 = EDGE_CURVE ( 'NONE', #622, #2825, #10052, .T. ) ;
#8912 = CARTESIAN_POINT ( 'NONE',  ( 4.708796862968912755, 0.2796319326374728242, 3.100000000000000533 ) ) ;
#8913 = SURFACE_STYLE_FILL_AREA ( #8108 ) ;
#8914 = CARTESIAN_POINT ( 'NONE',  ( 2.667368636294214390, -1.276139853346252462, 3.100000000000054712 ) ) ;
#8915 = CARTESIAN_POINT ( 'NONE',  ( 4.293260301543735835, -4.529813445208844769, 3.199999999999996181 ) ) ;
#8916 = CARTESIAN_POINT ( 'NONE',  ( -1.800000000000000711, 7.800000000000000711, 3.200000000000000178 ) ) ;
#8917 = ORIENTED_EDGE ( 'NONE', *, *, #7437, .T. ) ;
#8918 = CARTESIAN_POINT ( 'NONE',  ( 2.802490262962046064, -4.842653067192014937, 3.200000000000000178 ) ) ;
#8919 = VERTEX_POINT ( 'NONE', #4002 ) ;
#8920 = CARTESIAN_POINT ( 'NONE',  ( 3.832641900575986860, -4.918496093054779195, 3.100000000000646239 ) ) ;
#8921 = EDGE_CURVE ( 'NONE', #254, #8138, #2443, .T. ) ;
#8922 = VECTOR ( 'NONE', #9833, 1000.000000000000000 ) ;
#8923 = FACE_OUTER_BOUND ( 'NONE', #1260, .T. ) ;
#8924 = CARTESIAN_POINT ( 'NONE',  ( 2.819182942521472501, -0.4201515403957422623, 3.200000000000001066 ) ) ;
#8925 = CARTESIAN_POINT ( 'NONE',  ( 3.717453794456186511, -1.755573032769523145, 3.099999999999971667 ) ) ;
#8926 = CARTESIAN_POINT ( 'NONE',  ( 3.261558127671020380, -6.823111745095161496, 3.200000000000004174 ) ) ;
#8927 = ORIENTED_EDGE ( 'NONE', *, *, #281, .F. ) ;
#8928 = FILL_AREA_STYLE ('',( #2711 ) ) ;
#8929 = B_SPLINE_CURVE_WITH_KNOTS ( 'NONE', 3,
 ( #9181, #1509, #2164, #6847, #6800, #8468, #3060 ),
 .UNSPECIFIED., .F., .F.,
 ( 4, 1, 1, 1, 4 ),
 ( 4.336808689942017736E-19, 4.127972054731251258E-05, 8.432709801526981760E-05, 0.0001289426655094046375, 0.0001775574999019569956 ),
 .UNSPECIFIED. ) ;
#8930 = CARTESIAN_POINT ( 'NONE',  ( 3.617128845827442873, 0.7142027337036626067, 3.200000000000000178 ) ) ;
#8931 = LINE ( 'NONE', #297, #7325 ) ;
#8932 =( GEOMETRIC_REPRESENTATION_CONTEXT ( 3 ) GLOBAL_UNCERTAINTY_ASSIGNED_CONTEXT ( ( #1605 ) ) GLOBAL_UNIT_ASSIGNED_CONTEXT ( ( #331, #3990, #7919 ) ) REPRESENTATION_CONTEXT ( 'NONE', 'WORKASPACE' ) );
#8933 =( NAMED_UNIT ( * ) SI_UNIT ( $, .STERADIAN. ) SOLID_ANGLE_UNIT ( ) );
#8934 = PRESENTATION_STYLE_ASSIGNMENT (( #3337 ) ) ;
#8935 = CARTESIAN_POINT ( 'NONE',  ( 3.088340713138428839, -6.635395549253498615, 3.100000000000000977 ) ) ;
#8936 = CARTESIAN_POINT ( 'NONE',  ( 4.670009707420705425, 1.550431303008151351, 3.199999999999996625 ) ) ;
#8937 = ORIENTED_EDGE ( 'NONE', *, *, #8243, .T. ) ;
#8938 = ORIENTED_EDGE ( 'NONE', *, *, #3491, .T. ) ;
#8939 = FILL_AREA_STYLE ('',( #1170 ) ) ;
#8940 = LINE ( 'NONE', #358, #238 ) ;
#8941 = ORIENTED_EDGE ( 'NONE', *, *, #7250, .F. ) ;
#8942 = PRESENTATION_LAYER_ASSIGNMENT (  '', '', ( #5532 ) ) ;
#8943 =( GEOMETRIC_REPRESENTATION_CONTEXT ( 3 ) GLOBAL_UNCERTAINTY_ASSIGNED_CONTEXT ( ( #3926 ) ) GLOBAL_UNIT_ASSIGNED_CONTEXT ( ( #9296, #2231, #5386 ) ) REPRESENTATION_CONTEXT ( 'NONE', 'WORKASPACE' ) );
#8944 =( NAMED_UNIT ( * ) PLANE_ANGLE_UNIT ( ) SI_UNIT ( $, .RADIAN. ) );
#8945 = CARTESIAN_POINT ( 'NONE',  ( 2.860455788836432145, -2.241591672793214141, 3.150000000000000799 ) ) ;
#8946 = CARTESIAN_POINT ( 'NONE',  ( 4.124715126761657302, -1.823345616236202060, 3.199999999999997513 ) ) ;
#8947 = DIRECTION ( 'NONE',  ( -1.000000000000000000, 0.0000000000000000000, 0.0000000000000000000 ) ) ;
#8948 = CARTESIAN_POINT ( 'NONE',  ( 3.957776510590623964, -1.713362240356023358, 3.200000000000000178 ) ) ;
#8949 = PRESENTATION_LAYER_ASSIGNMENT (  '', '', ( #2299 ) ) ;
#8950 = CARTESIAN_POINT ( 'NONE',  ( 2.879307042667920147, -4.883044790085898867, 3.199999999999996181 ) ) ;
#8951 = CARTESIAN_POINT ( 'NONE',  ( 3.167258482743498416, -1.092408388752163173, 3.199999999999998401 ) ) ;
#8952 = ORIENTED_EDGE ( 'NONE', *, *, #4943, .T. ) ;
#8953 = ORIENTED_EDGE ( 'NONE', *, *, #7743, .F. ) ;
#8954 = CARTESIAN_POINT ( 'NONE',  ( 3.244983116911990706, -4.121388259460122327, 3.200000000000001954 ) ) ;
#8955 = VECTOR ( 'NONE', #4209, 1000.000000000000000 ) ;
#8956 = CARTESIAN_POINT ( 'NONE',  ( 3.100764847347317943, -6.036492211685748899, 3.199999999999997957 ) ) ;
#8957 = CARTESIAN_POINT ( 'NONE',  ( 3.063335129396779877, -4.914441141544138247, 3.199999999999999734 ) ) ;
#8958 = CARTESIAN_POINT ( 'NONE',  ( 2.886984554858786467, 0.8389299196127962821, 3.100000000000043165 ) ) ;
#8959 = DIRECTION ( 'NONE',  ( 0.0000000000000000000, 0.0000000000000000000, 1.000000000000000000 ) ) ;
#8960 = CARTESIAN_POINT ( 'NONE',  ( 4.580150227923904360, -0.06873004423787307249, 3.100000000000000977 ) ) ;
#8961 = CARTESIAN_POINT ( 'NONE',  ( 3.576107089054801680, -1.756018921430095192, 3.199999999999998845 ) ) ;
#8962 = CARTESIAN_POINT ( 'NONE',  ( 3.608805423008297986, -4.522114034707068519, 3.100000000000000533 ) ) ;
#8963 = STYLED_ITEM ( 'NONE', ( #249 ), #7118 ) ;
#8964 = PLANE ( 'NONE',  #1136 ) ;
#8965 = EDGE_CURVE ( 'NONE', #9584, #9667, #8489, .T. ) ;
#8966 = ORIENTED_EDGE ( 'NONE', *, *, #5431, .T. ) ;
#8967 = CARTESIAN_POINT ( 'NONE',  ( -8.000000000000000000, 3.000000000000000000, 0.0000000000000000000 ) ) ;
#8968 = ORIENTED_EDGE ( 'NONE', *, *, #7878, .T. ) ;
#8969 =( GEOMETRIC_REPRESENTATION_CONTEXT ( 3 ) GLOBAL_UNCERTAINTY_ASSIGNED_CONTEXT ( ( #3910 ) ) GLOBAL_UNIT_ASSIGNED_CONTEXT ( ( #8052, #5028, #7288 ) ) REPRESENTATION_CONTEXT ( 'NONE', 'WORKASPACE' ) );
#8970 = CARTESIAN_POINT ( 'NONE',  ( 2.894343327039917924, -1.756910698751239508, 3.200000000000000622 ) ) ;
#8971 = CARTESIAN_POINT ( 'NONE',  ( -4.591792873543974807, 6.820462724888163741, 2.000000000000000444 ) ) ;
#8972 = MECHANICAL_DESIGN_GEOMETRIC_PRESENTATION_REPRESENTATION (  '', ( #1360 ), #2315 ) ;
#8973 = CARTESIAN_POINT ( 'NONE',  ( 4.061246849362635913, -6.356811710570029916, 3.100000000000000533 ) ) ;
#8974 = EDGE_CURVE ( 'NONE', #9584, #6080, #1391, .T. ) ;
#8975 = CARTESIAN_POINT ( 'NONE',  ( -8.000000000000000000, -8.500000000000001776, 1.000000000000000000 ) ) ;
#8976 = CARTESIAN_POINT ( 'NONE',  ( 3.856585313269659920, -1.388028898555263346, 3.199999999999999734 ) ) ;
#8977 = FILL_AREA_STYLE ('',( #2020 ) ) ;
#8978 = ORIENTED_EDGE ( 'NONE', *, *, #3988, .F. ) ;
#8979 =( LENGTH_UNIT ( ) NAMED_UNIT ( * ) SI_UNIT ( .MILLI., .METRE. ) );
#8980 = ADVANCED_FACE ( 'NONE', ( #4661 ), #4537, .T. ) ;
#8981 = EDGE_CURVE ( 'NONE', #4916, #2201, #4053, .T. ) ;
#8982 = VERTEX_POINT ( 'NONE', #384 ) ;
#8983 = SURFACE_STYLE_FILL_AREA ( #4460 ) ;
#8984 = LINE ( 'NONE', #499, #2286 ) ;
#8985 = DIRECTION ( 'NONE',  ( -0.0000000000000000000, -0.0000000000000000000, -1.000000000000000000 ) ) ;
#8986 = CARTESIAN_POINT ( 'NONE',  ( 3.854912104464056188, 0.3172266791225910598, 3.100000000000000533 ) ) ;
#8987 = CARTESIAN_POINT ( 'NONE',  ( 3.846435903003639467, -6.671016601447395722, 3.199999999999999734 ) ) ;
#8988 = ORIENTED_EDGE ( 'NONE', *, *, #9859, .F. ) ;
#8989 = ORIENTED_EDGE ( 'NONE', *, *, #413, .F. ) ;
#8990 = SURFACE_STYLE_USAGE ( .BOTH. , #1988 ) ;
#8991 = SURFACE_STYLE_FILL_AREA ( #663 ) ;
#8992 = ORIENTED_EDGE ( 'NONE', *, *, #7614, .T. ) ;
#8993 = AXIS2_PLACEMENT_3D ( 'NONE', #5036, #7340, #1286 ) ;
#8994 = CARTESIAN_POINT ( 'NONE',  ( -3.661792873543973759, 6.820462724888163741, 1.920000000000000373 ) ) ;
#8995 = B_SPLINE_CURVE_WITH_KNOTS ( 'NONE', 3,
 ( #5130, #6006, #511, #2830, #7429, #1381, #2884, #9203, #7632, #5286, #6871, #665, #3540, #5948, #2232, #4366, #5235, #9094, #9043, #4471, #8347, #1327, #8295, #7583, #2084, #617, #5182 ),
 .UNSPECIFIED., .F., .F.,
 ( 4, 1, 1, 1, 1, 1, 1, 1, 1, 1, 1, 1, 1, 1, 1, 1, 1, 1, 1, 1, 1, 1, 1, 1, 4 ),
 ( 0.0000000000000000000, 0.0001053559130063696819, 0.0002056765869371788593, 0.0003013106521910786494, 0.0003921967031948817559, 0.0004784046470978557501, 0.0005598669569590067297, 0.0006363091107794731013, 0.0007080919957958332640, 0.0007754943024114324289, 0.0008381614092917833271, 0.0008958350143179387524, 0.0009488955592547099801, 0.0009972418223190334524, 0.001040640826742350372, 0.001079505909694234572, 0.001114107186022705734, 0.001177274386679797629, 0.001238783155773171083, 0.001298316328456995640, 0.001356582674919420322, 0.001413401291873350469, 0.001469613680131176894, 0.001524406111604076092, 0.001578964698610684251 ),
 .UNSPECIFIED. ) ;
#8996 = DIRECTION ( 'NONE',  ( 0.0000000000000000000, 0.0000000000000000000, 1.000000000000000000 ) ) ;
#8997 = B_SPLINE_SURFACE_WITH_KNOTS ( 'NONE', 3, 1, ( 
 ( #3085, #8585 ),
 ( #4663, #40 ),
 ( #7834, #862 ),
 ( #756, #3180 ),
 ( #3843, #3955 ),
 ( #6312, #1686 ),
 ( #8035, #2668 ) ),
 .UNSPECIFIED., .F., .F., .F.,
 ( 4, 1, 1, 1, 4 ),
 ( 2, 2 ),
 ( 0.0000000000000000000, 0.1975909713514114319, 0.4229226616292149354, 0.6860230347653254457, 1.000000000000000000 ),
 ( 0.0000000000000000000, 1.000000000000000000 ),
 .UNSPECIFIED. ) ;
#8998 = DIRECTION ( 'NONE',  ( 0.9456138996690663934, -0.3252911814861584872, 0.0000000000000000000 ) ) ;
#8999 = CARTESIAN_POINT ( 'NONE',  ( 4.357836403287691063, -5.812704354296521103, 3.100000000000000977 ) ) ;
#9000 = CARTESIAN_POINT ( 'NONE',  ( 4.311750295402741351, -4.164850196447900998, 3.200000000000009059 ) ) ;
#9001 = ORIENTED_EDGE ( 'NONE', *, *, #9223, .T. ) ;
#9002 = CARTESIAN_POINT ( 'NONE',  ( 3.723696235704197388, 0.7623587090454595483, 3.099999999999976996 ) ) ;
#9003 = ORIENTED_EDGE ( 'NONE', *, *, #396, .T. ) ;
#9004 = CARTESIAN_POINT ( 'NONE',  ( 4.055073797636440602, -1.295507345878516237, 3.199999999999986411 ) ) ;
#9005 = DIRECTION ( 'NONE',  ( -0.0000000000000000000, -0.0000000000000000000, -1.000000000000000000 ) ) ;
#9006 = CARTESIAN_POINT ( 'NONE',  ( 2.506206775549459032, 4.851300258385033537, 3.100000000000000977 ) ) ;
#9007 = DIRECTION ( 'NONE',  ( 0.0000000000000000000, -0.0000000000000000000, 1.000000000000000000 ) ) ;
#9008 = CYLINDRICAL_SURFACE ( 'NONE', #1598, 0.5000000000000004441 ) ;
#9009 = PLANE ( 'NONE',  #5676 ) ;
#9010 = CARTESIAN_POINT ( 'NONE',  ( 2.741194335345465305, 1.586043716673506410, 3.199999999999997957 ) ) ;
#9011 = VECTOR ( 'NONE', #1413, 1000.000000000000000 ) ;
#9012 = CARTESIAN_POINT ( 'NONE',  ( 4.670317862098963602, 1.611330718774915516, 3.199999999999999734 ) ) ;
#9013 = ORIENTED_EDGE ( 'NONE', *, *, #5687, .T. ) ;
#9014 = CARTESIAN_POINT ( 'NONE',  ( 4.159411214492208408, -6.344123167651480877, 3.200000000000000622 ) ) ;
#9015 = ORIENTED_EDGE ( 'NONE', *, *, #1950, .T. ) ;
#9016 = SURFACE_SIDE_STYLE ('',( #9744 ) ) ;
#9017 = VECTOR ( 'NONE', #3779, 1000.000000000000000 ) ;
#9018 = CARTESIAN_POINT ( 'NONE',  ( -4.511792873543972959, 6.320462724888161077, 1.920000000000000151 ) ) ;
#9019 = EDGE_CURVE ( 'NONE', #162, #4445, #6268, .T. ) ;
#9020 = CARTESIAN_POINT ( 'NONE',  ( 2.747769536275258773, 0.6774968512657483233, 3.100000000000000977 ) ) ;
#9021 = CARTESIAN_POINT ( 'NONE',  ( 1.541531134348377741, 4.662940623776712812, 3.200000000000000178 ) ) ;
#9022 = CARTESIAN_POINT ( 'NONE',  ( -4.637522499775208473, 5.840529989269604982, 2.000000000000000000 ) ) ;
#9023 = LINE ( 'NONE', #2758, #5053 ) ;
#9024 = CARTESIAN_POINT ( 'NONE',  ( -5.011792873543978288, 7.320462724888169959, 1.920000000000000151 ) ) ;
#9025 = PRESENTATION_STYLE_ASSIGNMENT (( #7281 ) ) ;
#9026 = CARTESIAN_POINT ( 'NONE',  ( 2.569759633280001676, 5.757420958979705183, 3.200000000000000178 ) ) ;
#9027 = VERTEX_POINT ( 'NONE', #2855 ) ;
#9028 = EDGE_CURVE ( 'NONE', #6330, #3027, #4338, .T. ) ;
#9029 = CARTESIAN_POINT ( 'NONE',  ( 4.768272433778182773, -4.765805818658367166, 3.199999999999999734 ) ) ;
#9030 = EDGE_CURVE ( 'NONE', #5823, #767, #5439, .T. ) ;
#9031 = EDGE_CURVE ( 'NONE', #4445, #3951, #1248, .T. ) ;
#9032 = FILL_AREA_STYLE ('',( #9239 ) ) ;
#9033 = LINE ( 'NONE', #7324, #371 ) ;
#9034 = CARTESIAN_POINT ( 'NONE',  ( 1.538881060897523412, 6.156522020678421470, 3.200000000000000178 ) ) ;
#9035 = CARTESIAN_POINT ( 'NONE',  ( 3.784165198651266326, -6.634253705389383526, 3.200000000000000622 ) ) ;
#9036 = CARTESIAN_POINT ( 'NONE',  ( 3.723250347043625119, 0.8479693318753206421, 3.100000000000078249 ) ) ;
#9037 = ORIENTED_EDGE ( 'NONE', *, *, #3125, .F. ) ;
#9038 = ORIENTED_EDGE ( 'NONE', *, *, #1086, .T. ) ;
#9039 =( NAMED_UNIT ( * ) PLANE_ANGLE_UNIT ( ) SI_UNIT ( $, .RADIAN. ) );
#9040 = ORIENTED_EDGE ( 'NONE', *, *, #2129, .F. ) ;
#9041 = B_SPLINE_CURVE_WITH_KNOTS ( 'NONE', 3,
 ( #7190, #6219, #9309, #8552, #7792, #4678, #4727, #3911, #7042, #3145, #876 ),
 .UNSPECIFIED., .F., .F.,
 ( 4, 1, 1, 1, 1, 1, 1, 1, 4 ),
 ( 0.0000000000000000000, 3.495111636592572295E-05, 6.906058959552109340E-05, 0.0001029649597401898669, 0.0001391552323501176803, 0.0001758690467621975954, 0.0002128850592115936688, 0.0002515322142498732714, 0.0002934615414758381946 ),
 .UNSPECIFIED. ) ;
#9042 = FILL_AREA_STYLE_COLOUR ( '', #5534 ) ;
#9043 = CARTESIAN_POINT ( 'NONE',  ( 3.660040730492913674, -6.267999181509414264, 3.100000000000556089 ) ) ;
#9044 = FACE_OUTER_BOUND ( 'NONE', #4495, .T. ) ;
#9045 = CIRCLE ( 'NONE', #7115, 1.100000000000000311 ) ;
#9046 = CARTESIAN_POINT ( 'NONE',  ( 8.000000000000000000, 1.000000000000000888, 0.0000000000000000000 ) ) ;
#9047 = FILL_AREA_STYLE_COLOUR ( '', #9947 ) ;
#9048 = DIRECTION ( 'NONE',  ( -0.0000000000000000000, -1.000000000000000000, -0.0000000000000000000 ) ) ;
#9049 = CARTESIAN_POINT ( 'NONE',  ( -8.000000000000000000, 5.500000000000000888, 2.200000000000000178 ) ) ;
#9050 = CARTESIAN_POINT ( 'NONE',  ( 4.496394354182765341, -4.253633813293181909, 3.200000000000009948 ) ) ;
#9051 = ORIENTED_EDGE ( 'NONE', *, *, #4553, .T. ) ;
#9052 = DIRECTION ( 'NONE',  ( 0.0000000000000000000, 0.0000000000000000000, 1.000000000000000000 ) ) ;
#9053 = STYLED_ITEM ( 'NONE', ( #2633 ), #980 ) ;
#9054 = ORIENTED_EDGE ( 'NONE', *, *, #4198, .F. ) ;
#9055 = SURFACE_SIDE_STYLE ('',( #5959 ) ) ;
#9056 = CARTESIAN_POINT ( 'NONE',  ( -3.861792873543974824, 5.020462724888165695, 1.920000000000000151 ) ) ;
#9057 = CARTESIAN_POINT ( 'NONE',  ( 2.717480239699282318, -2.212704249821370706, 3.100000000000000977 ) ) ;
#9058 = LINE ( 'NONE', #8868, #5367 ) ;
#9059 = CARTESIAN_POINT ( 'NONE',  ( -7.000000000000001776, 4.999999999999999112, 1.200000000000000178 ) ) ;
#9060 = CARTESIAN_POINT ( 'NONE',  ( 0.0000000000000000000, 4.059528275238469597, 3.200000000000000178 ) ) ;
#9061 = CARTESIAN_POINT ( 'NONE',  ( 4.727655144429011358, 0.6330489350495861478, 3.199999999999998401 ) ) ;
#9062 = DIRECTION ( 'NONE',  ( 0.0000000000000000000, -0.0000000000000000000, 1.000000000000000000 ) ) ;
#9063 = LINE ( 'NONE', #2100, #9832 ) ;
#9064 = FACE_OUTER_BOUND ( 'NONE', #3198, .T. ) ;
#9065 = CARTESIAN_POINT ( 'NONE',  ( 2.849436954937570654, 1.339504072911167132, 3.199999999999998401 ) ) ;
#9066 = LINE ( 'NONE', #7556, #3880 ) ;
#9067 = ORIENTED_EDGE ( 'NONE', *, *, #4885, .F. ) ;
#9068 = CARTESIAN_POINT ( 'NONE',  ( 3.004031937540677433, -1.756910698751239508, 3.200000000000000178 ) ) ;
#9069 = ORIENTED_EDGE ( 'NONE', *, *, #2506, .T. ) ;
#9070 = CARTESIAN_POINT ( 'NONE',  ( 3.004031937540677433, -1.756910698751239508, 3.100000000000032951 ) ) ;
#9071 = DIRECTION ( 'NONE',  ( -0.0000000000000000000, -0.0000000000000000000, -1.000000000000000000 ) ) ;
#9072 = CARTESIAN_POINT ( 'NONE',  ( 2.849870489893615133, 0.8317861291701597048, 3.100000000000000089 ) ) ;
#9073 = CARTESIAN_POINT ( 'NONE',  ( 3.055007560635553343, -4.183679789242328972, 3.200000000000001066 ) ) ;
#9074 =( GEOMETRIC_REPRESENTATION_CONTEXT ( 3 ) GLOBAL_UNCERTAINTY_ASSIGNED_CONTEXT ( ( #6362 ) ) GLOBAL_UNIT_ASSIGNED_CONTEXT ( ( #7843, #1696, #7133 ) ) REPRESENTATION_CONTEXT ( 'NONE', 'WORKASPACE' ) );
#9075 = CARTESIAN_POINT ( 'NONE',  ( 3.525785188279202842, -1.647954819218605094, 3.099999999999658140 ) ) ;
#9076 =( LENGTH_UNIT ( ) NAMED_UNIT ( * ) SI_UNIT ( .MILLI., .METRE. ) );
#9077 = SURFACE_STYLE_FILL_AREA ( #9990 ) ;
#9078 = ORIENTED_EDGE ( 'NONE', *, *, #6939, .F. ) ;
#9079 = LINE ( 'NONE', #444, #9923 ) ;
#9080 = STYLED_ITEM ( 'NONE', ( #6806 ), #2625 ) ;
#9081 = CARTESIAN_POINT ( 'NONE',  ( 2.645415223718840192, -4.746548895028009696, 3.199999999999995293 ) ) ;
#9082 = CARTESIAN_POINT ( 'NONE',  ( 3.733187453224969587, 0.5802101789612671423, 3.200000000000000178 ) ) ;
#9083 = CARTESIAN_POINT ( 'NONE',  ( 3.523514305977484273, -6.436008531362118035, 3.100000000000000533 ) ) ;
#9084 = CARTESIAN_POINT ( 'NONE',  ( 2.876248749467863242, -1.736019084070745899, 3.100000000000046718 ) ) ;
#9085 = CARTESIAN_POINT ( 'NONE',  ( 2.794840121425140822, -1.633702843410195671, 3.200000000000001066 ) ) ;
#9086 = EDGE_CURVE ( 'NONE', #4929, #4106, #8691, .T. ) ;
#9087 = EDGE_LOOP ( 'NONE', ( #9439, #1299, #6771, #721 ) ) ;
#9088 = AXIS2_PLACEMENT_3D ( 'NONE', #2170, #4930, #4348 ) ;
#9089 = EDGE_CURVE ( 'NONE', #3486, #1257, #962, .T. ) ;
#9090 = FACE_OUTER_BOUND ( 'NONE', #6433, .T. ) ;
#9091 = ORIENTED_EDGE ( 'NONE', *, *, #5991, .T. ) ;
#9092 = EDGE_CURVE ( 'NONE', #8252, #4810, #3767, .T. ) ;
#9093 = CARTESIAN_POINT ( 'NONE',  ( 2.880520778562180251, -2.366440497753428129, 3.099999999999992539 ) ) ;
#9094 = CARTESIAN_POINT ( 'NONE',  ( 3.612462474533111756, -6.244630380823882554, 3.100000000000555200 ) ) ;
#9095 = PRESENTATION_LAYER_ASSIGNMENT (  '', '', ( #1144 ) ) ;
#9096 = CARTESIAN_POINT ( 'NONE',  ( -3.861792873543974380, 6.820462724888163741, 1.920000000000000373 ) ) ;
#9097 = VECTOR ( 'NONE', #2205, 1000.000000000000000 ) ;
#9098 = CARTESIAN_POINT ( 'NONE',  ( 3.738396492785633018, 0.5425371340503121198, 3.199999999999996181 ) ) ;
#9099 = PLANE ( 'NONE',  #4883 ) ;
#9100 = EDGE_CURVE ( 'NONE', #9908, #6318, #3515, .T. ) ;
#9101 = LINE ( 'NONE', #6932, #8765 ) ;
#9102 = CARTESIAN_POINT ( 'NONE',  ( 3.948693736415206157, -1.373598374677317047, 3.100000000000001421 ) ) ;
#9103 = AXIS2_PLACEMENT_3D ( 'NONE', #6407, #9437, #1678 ) ;
#9104 = DIRECTION ( 'NONE',  ( 0.003154558436492463282, -0.9999950243681570150, 0.0000000000000000000 ) ) ;
#9105 = COLOUR_RGB ( '',1.000000000000000000, 1.000000000000000000, 0.0000000000000000000 ) ;
#9106 = B_SPLINE_CURVE_WITH_KNOTS ( 'NONE', 3,
 ( #5580, #146, #5528, #6310, #9387, #8689, #804 ),
 .UNSPECIFIED., .F., .F.,
 ( 4, 1, 1, 1, 4 ),
 ( 0.0000000000000000000, 1.736309299505795647E-05, 3.534412481614641085E-05, 5.451659291295614992E-05, 7.679408201244790940E-05 ),
 .UNSPECIFIED. ) ;
#9107 = ORIENTED_EDGE ( 'NONE', *, *, #272, .F. ) ;
#9108 = ADVANCED_FACE ( 'NONE', ( #6646 ), #4392, .T. ) ;
#9109 = DIRECTION ( 'NONE',  ( 0.0000000000000000000, 1.000000000000000000, 0.0000000000000000000 ) ) ;
#9110 = UNCERTAINTY_MEASURE_WITH_UNIT (LENGTH_MEASURE( 1.000000000000000082E-05 ), #7580, 'distance_accuracy_value', 'NONE');
#9111 = CARTESIAN_POINT ( 'NONE',  ( 2.668174125155262644, -2.044990573025639691, 3.199999999999996181 ) ) ;
#9112 = CARTESIAN_POINT ( 'NONE',  ( 2.669727519373380709, -2.077578397307194180, 3.100000000000000977 ) ) ;
#9113 = VECTOR ( 'NONE', #6356, 1000.000000000000000 ) ;
#9114 = SURFACE_STYLE_USAGE ( .BOTH. , #1394 ) ;
#9115 = STYLED_ITEM ( 'NONE', ( #8294 ), #3921 ) ;
#9116 = DIRECTION ( 'NONE',  ( -1.000000000000000000, 0.0000000000000000000, 0.0000000000000000000 ) ) ;
#9117 = FILL_AREA_STYLE_COLOUR ( '', #9233 ) ;
#9118 = ORIENTED_EDGE ( 'NONE', *, *, #7937, .F. ) ;
#9119 = CARTESIAN_POINT ( 'NONE',  ( 4.284361512440463926, -5.729073871458844280, 3.100000000001001066 ) ) ;
#9120 = CARTESIAN_POINT ( 'NONE',  ( 2.741628106742404203, 1.546241570304517365, 3.199999999999998401 ) ) ;
#9121 = CARTESIAN_POINT ( 'NONE',  ( 4.670009707420705425, 1.550431303008151351, 3.200000000000001066 ) ) ;
#9122 = ORIENTED_EDGE ( 'NONE', *, *, #7667, .F. ) ;
#9123 = MECHANICAL_DESIGN_GEOMETRIC_PRESENTATION_REPRESENTATION (  '', ( #3923 ), #9619 ) ;
#9124 = VECTOR ( 'NONE', #1863, 1000.000000000000114 ) ;
#9125 = CARTESIAN_POINT ( 'NONE',  ( 4.753068578638542263, -6.381026863689557516, 3.200000000000003286 ) ) ;
#9126 = VERTEX_POINT ( 'NONE', #9835 ) ;
#9127 = LINE ( 'NONE', #3014, #6542 ) ;
#9128 = CARTESIAN_POINT ( 'NONE',  ( -4.978655788554125827, 6.386736894867852676, 2.000000000000001332 ) ) ;
#9129 = LINE ( 'NONE', #6233, #9379 ) ;
#9130 = VECTOR ( 'NONE', #1751, 1000.000000000000000 ) ;
#9131 = CYLINDRICAL_SURFACE ( 'NONE', #8343, 1.100000000000000311 ) ;
#9132 = CARTESIAN_POINT ( 'NONE',  ( -8.000000000000000000, 3.000000000000000000, 2.200000000000000178 ) ) ;
#9133 = CARTESIAN_POINT ( 'NONE',  ( 8.000000000000000000, 0.0000000000000000000, 0.0000000000000000000 ) ) ;
#9134 = CARTESIAN_POINT ( 'NONE',  ( 2.744970625748234028, -0.5877921551671416722, 3.150000000000000355 ) ) ;
#9135 = DIRECTION ( 'NONE',  ( 0.0000000000000000000, 0.0000000000000000000, 1.000000000000000000 ) ) ;
#9136 = EDGE_LOOP ( 'NONE', ( #452, #1500, #3225, #9570 ) ) ;
#9137 = VECTOR ( 'NONE', #1941, 1000.000000000000114 ) ;
#9138 = CIRCLE ( 'NONE', #1683, 0.5000000000000004441 ) ;
#9139 = PRESENTATION_STYLE_ASSIGNMENT (( #5415 ) ) ;
#9140 = CARTESIAN_POINT ( 'NONE',  ( 2.813202899231538989, -4.595952581647304136, 3.200000000000000178 ) ) ;
#9141 = CARTESIAN_POINT ( 'NONE',  ( 2.646938958992941071, -4.788455603039128761, 3.199999999999995293 ) ) ;
#9142 = CARTESIAN_POINT ( 'NONE',  ( 4.335009589348675085, -4.912211698241279123, 3.200000000000000178 ) ) ;
#9143 = CARTESIAN_POINT ( 'NONE',  ( 3.084715785782439657, -6.589373463463131131, 3.100000000000000977 ) ) ;
#9144 = CARTESIAN_POINT ( 'NONE',  ( 4.383713462087702517, -4.908260391710203230, 3.100000000000000977 ) ) ;
#9145 = AXIS2_PLACEMENT_3D ( 'NONE', #6071, #2094, #4380 ) ;
#9146 = EDGE_LOOP ( 'NONE', ( #3549, #8764, #4788, #8750, #4054, #6719, #6303, #8891, #4695, #5207, #3713, #2031, #10000, #8966, #3965, #8135, #6230, #4375, #7982, #3192, #6360, #6789, #3887, #3094, #3516, #4833, #3812, #7774, #7532, #8371, #3435, #9710, #4552, #9771, #1272, #2690, #3422, #8938, #6574, #1544, #9836, #1861, #4565, #1873 ) ) ;
#9147 = VERTEX_POINT ( 'NONE', #2107 ) ;
#9148 = CYLINDRICAL_SURFACE ( 'NONE', #296, 0.5000000000000004441 ) ;
#9149 = ORIENTED_EDGE ( 'NONE', *, *, #2196, .T. ) ;
#9150 = CIRCLE ( 'NONE', #8355, 2.500000000000000000 ) ;
#9151 = CARTESIAN_POINT ( 'NONE',  ( 4.538944093158395532, -4.284014301085250942, 3.100000000000000977 ) ) ;
#9152 = EDGE_CURVE ( 'NONE', #7815, #6820, #7931, .T. ) ;
#9153 = DIRECTION ( 'NONE',  ( -0.0000000000000000000, -0.0000000000000000000, -1.000000000000000000 ) ) ;
#9154 = CARTESIAN_POINT ( 'NONE',  ( 4.150139712202634890, -4.117154714883914046, 3.100000000000000977 ) ) ;
#9155 =( LENGTH_UNIT ( ) NAMED_UNIT ( * ) SI_UNIT ( .MILLI., .METRE. ) );
#9156 = CARTESIAN_POINT ( 'NONE',  ( 4.670317862098963602, 1.611330718774915516, 3.100000000000000977 ) ) ;
#9157 = ORIENTED_EDGE ( 'NONE', *, *, #7372, .F. ) ;
#9158 = VERTEX_POINT ( 'NONE', #7988 ) ;
#9159 = CARTESIAN_POINT ( 'NONE',  ( 4.258176166087821457, -4.915131163494345756, 3.199999999999994404 ) ) ;
#9160 = LINE ( 'NONE', #2376, #4407 ) ;
#9161 = STYLED_ITEM ( 'NONE', ( #8757 ), #8291 ) ;
#9162 = LINE ( 'NONE', #6216, #3199 ) ;
#9163 = EDGE_LOOP ( 'NONE', ( #2010, #5346, #9078, #4003 ) ) ;
#9164 = EDGE_CURVE ( 'NONE', #1698, #1906, #1014, .T. ) ;
#9165 = CARTESIAN_POINT ( 'NONE',  ( 3.123894593156485211, -1.429025514140481290, 3.200000000000000178 ) ) ;
#9166 = AXIS2_PLACEMENT_3D ( 'NONE', #1862, #1237, #5758 ) ;
#9167 = DIRECTION ( 'NONE',  ( 1.000000000000000000, 0.0000000000000000000, -0.0000000000000000000 ) ) ;
#9168 = EDGE_CURVE ( 'NONE', #4612, #2881, #5058, .T. ) ;
#9169 = B_SPLINE_CURVE_WITH_KNOTS ( 'NONE', 3,
 ( #6769, #9084, #4464, #8387, #8342, #3790, #1574, #9997, #4610, #6199, #2127 ),
 .UNSPECIFIED., .F., .F.,
 ( 4, 1, 1, 1, 1, 1, 1, 1, 4 ),
 ( 0.0000000000000000000, 8.283300898070624545E-05, 0.0001601796483120896265, 0.0002317364279610019688, 0.0002983375612223783846, 0.0003601784818354574987, 0.0004182294039633954459, 0.0004727536106263480610, 0.0005250040757770847244 ),
 .UNSPECIFIED. ) ;
#9170 = EDGE_CURVE ( 'NONE', #7905, #4441, #590, .T. ) ;
#9171 =( LENGTH_UNIT ( ) NAMED_UNIT ( * ) SI_UNIT ( .MILLI., .METRE. ) );
#9172 = ORIENTED_EDGE ( 'NONE', *, *, #5928, .T. ) ;
#9173 = CARTESIAN_POINT ( 'NONE',  ( 2.942945191042287245, -1.015397856219682149, 3.099999999999996980 ) ) ;
#9174 = CARTESIAN_POINT ( 'NONE',  ( 4.727837499312776082, 0.6629255377378604486, 3.100000000000079137 ) ) ;
#9175 = DIRECTION ( 'NONE',  ( -0.0000000000000000000, -0.0000000000000000000, 1.000000000000000000 ) ) ;
#9176 = ORIENTED_EDGE ( 'NONE', *, *, #8429, .F. ) ;
#9177 = CIRCLE ( 'NONE', #77, 0.5000000000000004441 ) ;
#9178 =( NAMED_UNIT ( * ) PLANE_ANGLE_UNIT ( ) SI_UNIT ( $, .RADIAN. ) );
#9179 = ORIENTED_EDGE ( 'NONE', *, *, #3543, .F. ) ;
#9180 = PLANE ( 'NONE',  #2940 ) ;
#9181 = CARTESIAN_POINT ( 'NONE',  ( 3.082062453140811176, -1.426953089927816443, 3.200000000000000622 ) ) ;
#9182 = CARTESIAN_POINT ( 'NONE',  ( 4.401787745605671986, -6.119573770063328588, 3.200000000000001066 ) ) ;
#9183 = LINE ( 'NONE', #8518, #9011 ) ;
#9184 = CARTESIAN_POINT ( 'NONE',  ( 2.874731193177283206, -5.701365401455204207, 3.200000000000000178 ) ) ;
#9185 = CARTESIAN_POINT ( 'NONE',  ( -4.544929958533821868, 7.254188554908471254, 2.000000000000000888 ) ) ;
#9186 = CARTESIAN_POINT ( 'NONE',  ( 0.0000000000000000000, 7.800000000000000711, 3.000000000000000000 ) ) ;
#9187 = CYLINDRICAL_SURFACE ( 'NONE', #7035, 0.2000000000000005107 ) ;
#9188 = ORIENTED_EDGE ( 'NONE', *, *, #4864, .T. ) ;
#9189 =( LENGTH_UNIT ( ) NAMED_UNIT ( * ) SI_UNIT ( .MILLI., .METRE. ) );
#9190 = CARTESIAN_POINT ( 'NONE',  ( 4.766845282192222477, -6.307964602053429459, 3.100000000000238121 ) ) ;
#9191 = DIRECTION ( 'NONE',  ( 0.0000000000000000000, 0.0000000000000000000, 1.000000000000000000 ) ) ;
#9192 = CARTESIAN_POINT ( 'NONE',  ( 3.244983116911990706, -4.121388259460122327, 3.200000000000000178 ) ) ;
#9193 = CARTESIAN_POINT ( 'NONE',  ( 2.685221545231559315, 1.607763609490337808, 3.100000000000000977 ) ) ;
#9194 = CARTESIAN_POINT ( 'NONE',  ( 3.232540776273226779, -6.808279097232182941, 3.100000000000000977 ) ) ;
#9195 = CARTESIAN_POINT ( 'NONE',  ( -6.800000000000001599, 4.799999999999999822, 3.199999999999999734 ) ) ;
#9196 = FACE_OUTER_BOUND ( 'NONE', #5504, .T. ) ;
#9197 = B_SPLINE_CURVE_WITH_KNOTS ( 'NONE', 3,
 ( #5479, #10054, #7631, #5430, #4713, #7779, #3894, #98, #5330, #8446, #4570, #7682, #712, #7078, #3797, #3033, #6260 ),
 .UNSPECIFIED., .F., .F.,
 ( 4, 1, 1, 1, 1, 1, 1, 1, 1, 1, 1, 1, 1, 1, 4 ),
 ( 0.0000000000000000000, 3.869489878780761312E-05, 7.384290413278540627E-05, 0.0001054340259137358726, 0.0001335108916552700596, 0.0001584814105278109671, 0.0001795035080667066181, 0.0001975646327289021307, 0.0002116996111334156904, 0.0002597696501228320058, 0.0003051382633719712501, 0.0003320201223540215907, 0.0003670553832053241637, 0.0004114655129092837488, 0.0004645795671021272057 ),
 .UNSPECIFIED. ) ;
#9198 = ORIENTED_EDGE ( 'NONE', *, *, #8117, .F. ) ;
#9199 = DIRECTION ( 'NONE',  ( 0.0000000000000000000, 0.0000000000000000000, 1.000000000000000000 ) ) ;
#9200 = PRESENTATION_STYLE_ASSIGNMENT (( #1377 ) ) ;
#9201 = ORIENTED_EDGE ( 'NONE', *, *, #8237, .T. ) ;
#9202 = CARTESIAN_POINT ( 'NONE',  ( -2.200000000000001066, 8.000000000000000000, 1.200000000000000178 ) ) ;
#9203 = CARTESIAN_POINT ( 'NONE',  ( 3.150241602643045091, -5.922413530915647151, 3.100000000000555644 ) ) ;
#9204 = DIRECTION ( 'NONE',  ( -1.000000000000000000, 0.0000000000000000000, 0.0000000000000000000 ) ) ;
#9205 = CARTESIAN_POINT ( 'NONE',  ( 3.473434680021454835, 5.408671292847225587, 3.200000000000000178 ) ) ;
#9206 = FACE_BOUND ( 'NONE', #7726, .T. ) ;
#9207 = FILL_AREA_STYLE ('',( #7033 ) ) ;
#9208 = ORIENTED_EDGE ( 'NONE', *, *, #2516, .F. ) ;
#9209 = DIRECTION ( 'NONE',  ( 0.9326558596006951918, 0.3607673038850503500, 0.0000000000000000000 ) ) ;
#9210 = PRESENTATION_STYLE_ASSIGNMENT (( #3041 ) ) ;
#9211 = EDGE_LOOP ( 'NONE', ( #6027, #5230, #6384, #4735 ) ) ;
#9212 = SURFACE_SIDE_STYLE ('',( #770 ) ) ;
#9213 = CARTESIAN_POINT ( 'NONE',  ( 2.678943260419953454, -2.125198982787244617, 3.200000000000000178 ) ) ;
#9214 = CARTESIAN_POINT ( 'NONE',  ( 2.669070589828295148, -1.238621052036578796, 3.200000000000001066 ) ) ;
#9215 = VERTEX_POINT ( 'NONE', #3819 ) ;
#9216 =( GEOMETRIC_REPRESENTATION_CONTEXT ( 3 ) GLOBAL_UNCERTAINTY_ASSIGNED_CONTEXT ( ( #7885 ) ) GLOBAL_UNIT_ASSIGNED_CONTEXT ( ( #7467, #10032, #2071 ) ) REPRESENTATION_CONTEXT ( 'NONE', 'WORKASPACE' ) );
#9217 = CARTESIAN_POINT ( 'NONE',  ( 2.785871862396452681, -1.059284988752156043, 3.100000000000054268 ) ) ;
#9218 = CARTESIAN_POINT ( 'NONE',  ( 8.000000000000000000, -7.000000000000000000, 0.0000000000000000000 ) ) ;
#9219 = EDGE_CURVE ( 'NONE', #9789, #5489, #1608, .T. ) ;
#9220 = DIRECTION ( 'NONE',  ( -0.0000000000000000000, -0.0000000000000000000, -1.000000000000000000 ) ) ;
#9221 = VERTEX_POINT ( 'NONE', #6127 ) ;
#9222 = DIRECTION ( 'NONE',  ( 0.9999950243681569040, 0.003154558436492462849, 0.0000000000000000000 ) ) ;
#9223 = EDGE_CURVE ( 'NONE', #6667, #2269, #7418, .T. ) ;
#9224 = EDGE_CURVE ( 'NONE', #1781, #6921, #9726, .T. ) ;
#9225 = CARTESIAN_POINT ( 'NONE',  ( 4.019644505627312014, -1.518621152869605195, 3.200000000000003730 ) ) ;
#9226 = CARTESIAN_POINT ( 'NONE',  ( 2.777032134085226200, -5.069862987882914673, 3.100000000000094680 ) ) ;
#9227 = CARTESIAN_POINT ( 'NONE',  ( 2.866603023838312225, 0.8354215083581557622, 3.100000000000000977 ) ) ;
#9228 = LINE ( 'NONE', #644, #8705 ) ;
#9229 = CARTESIAN_POINT ( 'NONE',  ( 3.086637191118137391, -5.871976742484529943, 3.100000000000000977 ) ) ;
#9230 = DIRECTION ( 'NONE',  ( -0.0000000000000000000, -0.0000000000000000000, -1.000000000000000000 ) ) ;
#9231 = CARTESIAN_POINT ( 'NONE',  ( 2.940788076745408652, -1.497069072316779881, 3.100000000000005862 ) ) ;
#9232 = DIRECTION ( 'NONE',  ( -1.000000000000000000, 0.0000000000000000000, 0.0000000000000000000 ) ) ;
#9233 = COLOUR_RGB ( '',1.000000000000000000, 1.000000000000000000, 0.0000000000000000000 ) ;
#9234 = B_SPLINE_SURFACE_WITH_KNOTS ( 'NONE', 3, 1, ( 
 ( #6863, #9955 ),
 ( #5378, #9860 ),
 ( #2877, #5998 ),
 ( #2227, #9085 ),
 ( #4563, #705 ),
 ( #5229, #1374 ),
 ( #9998, #8485 ),
 ( #3026, #6148 ),
 ( #4762, #32 ),
 ( #10048, #4704 ),
 ( #7070, #800 ) ),
 .UNSPECIFIED., .F., .F., .F.,
 ( 4, 1, 1, 1, 1, 1, 1, 1, 4 ),
 ( 2, 2 ),
 ( 0.0000000000000000000, 0.1577759350879342770, 0.3051017234009083534, 0.4413992931731002822, 0.5682576097733985643, 0.6860489250532757488, 0.7966212516433386348, 0.9004760771173097034, 1.000000000000000000 ),
 ( 0.0000000000000000000, 1.000000000000000000 ),
 .UNSPECIFIED. ) ;
#9235 = EDGE_LOOP ( 'NONE', ( #7036, #7022, #5350, #5660, #5529, #4928, #4934, #2365, #7144, #7902, #8388, #2907, #8215, #639, #8787, #7828, #2128, #4564, #2178, #2012 ) ) ;
#9236 = B_SPLINE_CURVE_WITH_KNOTS ( 'NONE', 3,
 ( #3609, #9681, #4328, #5712, #2600, #2789, #7489 ),
 .UNSPECIFIED., .F., .F.,
 ( 4, 1, 1, 1, 4 ),
 ( 0.0000000000000000000, 2.933051416879539904E-05, 5.899767854747033910E-05, 9.069873606159453304E-05, 0.0001256958428948828737 ),
 .UNSPECIFIED. ) ;
#9237 = ADVANCED_FACE ( 'NONE', ( #7757 ), #3011, .T. ) ;
#9238 = PRESENTATION_LAYER_ASSIGNMENT (  '', '', ( #4523 ) ) ;
#9239 = FILL_AREA_STYLE_COLOUR ( '', #4716 ) ;
#9240 = CARTESIAN_POINT ( 'NONE',  ( 4.293096055254888022, -4.158213973213698011, 3.200000000000000178 ) ) ;
#9241 = CARTESIAN_POINT ( 'NONE',  ( 4.383713462087702517, -4.908260391710203230, 3.200000000000000622 ) ) ;
#9242 = ORIENTED_EDGE ( 'NONE', *, *, #716, .T. ) ;
#9243 = EDGE_LOOP ( 'NONE', ( #6414, #9651, #4516, #1323 ) ) ;
#9244 = ORIENTED_EDGE ( 'NONE', *, *, #6507, .T. ) ;
#9245 = LINE ( 'NONE', #7729, #6483 ) ;
#9246 = CARTESIAN_POINT ( 'NONE',  ( 2.934027417830843198, -4.247837593988708527, 3.200000000000000178 ) ) ;
#9247 = EDGE_LOOP ( 'NONE', ( #385, #1695, #4849, #4987 ) ) ;
#9248 = LINE ( 'NONE', #4620, #7823 ) ;
#9249 = DIRECTION ( 'NONE',  ( -0.0000000000000000000, -0.0000000000000000000, -1.000000000000000000 ) ) ;
#9250 = CARTESIAN_POINT ( 'NONE',  ( -7.199999999999999289, -8.200000000000002842, 1.000000000000000000 ) ) ;
#9251 = CARTESIAN_POINT ( 'NONE',  ( 2.571349677350514895, 5.058331582644234103, 3.200000000000000178 ) ) ;
#9252 = AXIS2_PLACEMENT_3D ( 'NONE', #1567, #4750, #9232 ) ;
#9253 =( NAMED_UNIT ( * ) PLANE_ANGLE_UNIT ( ) SI_UNIT ( $, .RADIAN. ) );
#9254 = ORIENTED_EDGE ( 'NONE', *, *, #8805, .T. ) ;
#9255 = CARTESIAN_POINT ( 'NONE',  ( 4.575921430314699556, 0.4381370929810975423, 3.199999999999999289 ) ) ;
#9256 = PLANE ( 'NONE',  #1274 ) ;
#9257 = ORIENTED_EDGE ( 'NONE', *, *, #3806, .T. ) ;
#9258 = VECTOR ( 'NONE', #6943, 1000.000000000000000 ) ;
#9259 = SURFACE_STYLE_FILL_AREA ( #1647 ) ;
#9260 =( NAMED_UNIT ( * ) SI_UNIT ( $, .STERADIAN. ) SOLID_ANGLE_UNIT ( ) );
#9261 = CARTESIAN_POINT ( 'NONE',  ( 2.709190456913482592, -1.136290831676048274, 3.200000000000001954 ) ) ;
#9262 = VERTEX_POINT ( 'NONE', #4927 ) ;
#9263 = DIRECTION ( 'NONE',  ( 0.0000000000000000000, 0.0000000000000000000, 1.000000000000000000 ) ) ;
#9264 = CARTESIAN_POINT ( 'NONE',  ( 2.940788076745408652, -1.497069072316779881, 3.200000000000002398 ) ) ;
#9265 = ORIENTED_EDGE ( 'NONE', *, *, #901, .F. ) ;
#9266 = CARTESIAN_POINT ( 'NONE',  ( 4.663802484685075633, -4.755183440163404107, 3.200000000000001066 ) ) ;
#9267 = ORIENTED_EDGE ( 'NONE', *, *, #7920, .F. ) ;
#9268 = CIRCLE ( 'NONE', #5210, 0.5000000000000004441 ) ;
#9269 = CARTESIAN_POINT ( 'NONE',  ( 4.397315858646895670, -5.675741905859751135, 3.199999999999997957 ) ) ;
#9270 = DIRECTION ( 'NONE',  ( -0.0000000000000000000, -0.0000000000000000000, -1.000000000000000000 ) ) ;
#9271 = CARTESIAN_POINT ( 'NONE',  ( 3.723825462961914745, 0.7127005927504495020, 3.199999999999999289 ) ) ;
#9272 =( NAMED_UNIT ( * ) PLANE_ANGLE_UNIT ( ) SI_UNIT ( $, .RADIAN. ) );
#9273 = FILL_AREA_STYLE ('',( #4647 ) ) ;
#9274 =( BOUNDED_SURFACE ( )  B_SPLINE_SURFACE ( 3, 3, ( 
 ( #7647, #9974, #6625, #8241 ),
 ( #2726, #2081, #6670, #7582 ),
 ( #1380, #6774, #9762, #1226 ),
 ( #5234, #1433, #4319, #8994 ) ),
 .UNSPECIFIED., .F., .F., .T. ) 
 B_SPLINE_SURFACE_WITH_KNOTS ( ( 4, 4 ),
 ( 4, 4 ),
 ( 0.0000000000000000000, 1.000000000000000000 ),
 ( 0.0000000000000000000, 1.000000000000000000 ),
 .UNSPECIFIED. ) 
 GEOMETRIC_REPRESENTATION_ITEM ( )  RATIONAL_B_SPLINE_SURFACE ( (
 ( 1.000000000000000000, 0.3333333333333334259, 0.3333333333333334259, 1.000000000000000000),
 ( 0.8047378541243626060, 0.2682459513747876279, 0.2682459513747876279, 0.8047378541243626060),
 ( 0.8047378541243626060, 0.2682459513747876279, 0.2682459513747876279, 0.8047378541243626060),
 ( 1.000000000000000000, 0.3333333333333334259, 0.3333333333333334259, 1.000000000000000000) ) ) 
 REPRESENTATION_ITEM ( '' )  SURFACE ( )  );
#9275 = EDGE_CURVE ( 'NONE', #4672, #7592, #8043, .T. ) ;
#9276 = CARTESIAN_POINT ( 'NONE',  ( 2.745104989200916723, -5.593568626313796699, 3.199999999999999734 ) ) ;
#9277 = CARTESIAN_POINT ( 'NONE',  ( 3.048327999053942694, -1.428425282915698036, 3.200000000000000622 ) ) ;
#9278 = EDGE_CURVE ( 'NONE', #8579, #8403, #3324, .T. ) ;
#9279 = CARTESIAN_POINT ( 'NONE',  ( -8.000000000000000000, 4.499999999999999112, 1.000000000000000000 ) ) ;
#9280 = VECTOR ( 'NONE', #5771, 1000.000000000000000 ) ;
#9281 = ORIENTED_EDGE ( 'NONE', *, *, #9910, .F. ) ;
#9282 = CARTESIAN_POINT ( 'NONE',  ( 3.413573190531036694, -5.363574551609151086, 3.100000000000000533 ) ) ;
#9283 = VECTOR ( 'NONE', #741, 1000.000000000000000 ) ;
#9284 = ADVANCED_FACE ( 'NONE', ( #973 ), #9898, .T. ) ;
#9285 = CARTESIAN_POINT ( 'NONE',  ( 8.000000000000000000, -5.500000000000001776, 0.0000000000000000000 ) ) ;
#9286 = CARTESIAN_POINT ( 'NONE',  ( 3.030785257175009573, -2.176937817010245357, 3.100000000000000977 ) ) ;
#9287 = EDGE_CURVE ( 'NONE', #4121, #9215, #4701, .T. ) ;
#9288 = CARTESIAN_POINT ( 'NONE',  ( 3.576107089054801680, -1.756018921430095192, 3.199999999999998845 ) ) ;
#9289 = EDGE_CURVE ( 'NONE', #2701, #4929, #4654, .T. ) ;
#9290 = CYLINDRICAL_SURFACE ( 'NONE', #4481, 0.1999999999999996503 ) ;
#9291 = ORIENTED_EDGE ( 'NONE', *, *, #9343, .T. ) ;
#9292 = ORIENTED_EDGE ( 'NONE', *, *, #7067, .T. ) ;
#9293 = LINE ( 'NONE', #2180, #1447 ) ;
#9294 = CARTESIAN_POINT ( 'NONE',  ( 2.661122975638952948, -4.584812876552071259, 3.200000000000000178 ) ) ;
#9295 = ORIENTED_EDGE ( 'NONE', *, *, #1854, .T. ) ;
#9296 =( LENGTH_UNIT ( ) NAMED_UNIT ( * ) SI_UNIT ( .MILLI., .METRE. ) );
#9297 = DIRECTION ( 'NONE',  ( 0.002274444458183351100, -0.9999974134478581966, 0.0000000000000000000 ) ) ;
#9298 = FACE_OUTER_BOUND ( 'NONE', #7675, .T. ) ;
#9299 = DIRECTION ( 'NONE',  ( 0.9999979593981448422, 0.002020197897773933805, 0.0000000000000000000 ) ) ;
#9300 = PRESENTATION_LAYER_ASSIGNMENT (  '', '', ( #3608 ) ) ;
#9301 = CARTESIAN_POINT ( 'NONE',  ( 2.754652804936494004, -1.807736477149925580, 3.199999999999991296 ) ) ;
#9302 = CARTESIAN_POINT ( 'NONE',  ( 4.124715126761657302, -1.823345616236202060, 3.100000000000679101 ) ) ;
#9303 = ORIENTED_EDGE ( 'NONE', *, *, #3070, .F. ) ;
#9304 = ORIENTED_EDGE ( 'NONE', *, *, #281, .T. ) ;
#9305 = CARTESIAN_POINT ( 'NONE',  ( 4.533830128668967063, 0.3662996609189494990, 3.199999999999997069 ) ) ;
#9306 = VERTEX_POINT ( 'NONE', #29 ) ;
#9307 = VECTOR ( 'NONE', #1952, 1000.000000000000000 ) ;
#9308 = UNCERTAINTY_MEASURE_WITH_UNIT (LENGTH_MEASURE( 1.000000000000000082E-05 ), #1352, 'distance_accuracy_value', 'NONE');
#9309 = CARTESIAN_POINT ( 'NONE',  ( 3.675601198448997131, -1.461876980976060336, 3.099999999999624389 ) ) ;
#9310 = CARTESIAN_POINT ( 'NONE',  ( 2.933135640509699105, -4.553271326480662573, 3.100000000000000977 ) ) ;
#9311 = CARTESIAN_POINT ( 'NONE',  ( -5.781792873543976086, 8.860462724888163777, 2.000000000000000444 ) ) ;
#9312 = CARTESIAN_POINT ( 'NONE',  ( 3.830036715123353197, -0.1445362186511515712, 3.099999999999995204 ) ) ;
#9313 = PRESENTATION_LAYER_ASSIGNMENT (  '', '', ( #2494 ) ) ;
#9314 = ORIENTED_EDGE ( 'NONE', *, *, #8721, .F. ) ;
#9315 = CARTESIAN_POINT ( 'NONE',  ( 2.743784162159144113, 0.6239099292525960294, 3.200000000000005951 ) ) ;
#9316 = DIRECTION ( 'NONE',  ( 0.0000000000000000000, 1.000000000000000000, 0.0000000000000000000 ) ) ;
#9317 = CARTESIAN_POINT ( 'NONE',  ( -1.917157287525381726, 7.917157287525380838, 3.200000000000000622 ) ) ;
#9318 = VERTEX_POINT ( 'NONE', #657 ) ;
#9319 =( GEOMETRIC_REPRESENTATION_CONTEXT ( 3 ) GLOBAL_UNCERTAINTY_ASSIGNED_CONTEXT ( ( #8907 ) ) GLOBAL_UNIT_ASSIGNED_CONTEXT ( ( #1603, #3259, #1656 ) ) REPRESENTATION_CONTEXT ( 'NONE', 'WORKASPACE' ) );
#9320 = UNCERTAINTY_MEASURE_WITH_UNIT (LENGTH_MEASURE( 1.000000000000000082E-05 ), #6457, 'distance_accuracy_value', 'NONE');
#9321 = DIRECTION ( 'NONE',  ( -1.000000000000000000, 0.0000000000000000000, 0.0000000000000000000 ) ) ;
#9322 = CARTESIAN_POINT ( 'NONE',  ( 4.335009589348675085, -4.912211698241279123, 3.100000000000049383 ) ) ;
#9323 = CARTESIAN_POINT ( 'NONE',  ( 2.916666759173382584, -4.557030673814217892, 3.200000000000000622 ) ) ;
#9324 = FILL_AREA_STYLE_COLOUR ( '', #4246 ) ;
#9325 = CIRCLE ( 'NONE', #7077, 0.5000000000000004441 ) ;
#9326 = ORIENTED_EDGE ( 'NONE', *, *, #5804, .T. ) ;
#9327 = EDGE_CURVE ( 'NONE', #8044, #3230, #3977, .T. ) ;
#9328 = CARTESIAN_POINT ( 'NONE',  ( 3.272825791484814228, -5.337435393803970918, 3.199999999999999289 ) ) ;
#9329 = ADVANCED_FACE ( 'NONE', ( #1523 ), #6096, .T. ) ;
#9330 = CARTESIAN_POINT ( 'NONE',  ( -5.781792873543974309, 6.820462724888162853, 2.000000000000000444 ) ) ;
#9331 = DIRECTION ( 'NONE',  ( -1.000000000000000000, -0.0000000000000000000, -0.0000000000000000000 ) ) ;
#9332 = CARTESIAN_POINT ( 'NONE',  ( 2.081616103632565551, 5.942926100539533962, 3.200000000000000178 ) ) ;
#9333 = CARTESIAN_POINT ( 'NONE',  ( -7.000000000000000888, 4.999999999999999112, 3.000000000000000000 ) ) ;
#9334 = ORIENTED_EDGE ( 'NONE', *, *, #5491, .T. ) ;
#9335 = CARTESIAN_POINT ( 'NONE',  ( 4.507866619047885770, 0.3362004532751428632, 3.099999999999997424 ) ) ;
#9336 = COLOUR_RGB ( '',0.2509803921568627416, 0.2509803921568627416, 0.2509803921568627416 ) ;
#9337 = EDGE_LOOP ( 'NONE', ( #2712, #6602, #5539, #2356, #1490, #4659, #899, #7758, #5849, #5646, #8599, #8904, #963, #4023, #9975, #1233, #1744, #3851, #9560, #2764 ) ) ;
#9338 = EDGE_CURVE ( 'NONE', #8134, #5917, #5419, .T. ) ;
#9339 = CARTESIAN_POINT ( 'NONE',  ( 2.968666388611892248, -1.469634557140085729, 3.100000000000005418 ) ) ;
#9340 = CARTESIAN_POINT ( 'NONE',  ( 2.754906350123524472, -4.741649501284750379, 3.100000000000000977 ) ) ;
#9341 = ORIENTED_EDGE ( 'NONE', *, *, #5925, .T. ) ;
#9342 = EDGE_CURVE ( 'NONE', #2630, #7676, #1855, .T. ) ;
#9343 = EDGE_CURVE ( 'NONE', #8024, #6327, #8482, .T. ) ;
#9344 = FACE_OUTER_BOUND ( 'NONE', #6002, .T. ) ;
#9346 = COLOUR_RGB ( '',1.000000000000000000, 1.000000000000000000, 0.0000000000000000000 ) ;
#9345 = CARTESIAN_POINT ( 'NONE',  ( 8.000000000000000000, -3.500000000000000444, 0.0000000000000000000 ) ) ;
#9347 = DIRECTION ( 'NONE',  ( 0.0000000000000000000, 0.0000000000000000000, 1.000000000000000000 ) ) ;
#9348 = CARTESIAN_POINT ( 'NONE',  ( 4.417525677366958448, -0.2070222957845738176, 3.199999999999997513 ) ) ;
#9349 = DIRECTION ( 'NONE',  ( 0.0000000000000000000, 0.0000000000000000000, -1.000000000000000000 ) ) ;
#9350 = EDGE_LOOP ( 'NONE', ( #3524, #2699, #6081, #7218 ) ) ;
#9351 = CARTESIAN_POINT ( 'NONE',  ( 4.613020129481814280, -6.630864078198867695, 3.100000000000000977 ) ) ;
#9352 = CARTESIAN_POINT ( 'NONE',  ( 4.148002663810291146, -0.2673160378058381248, 3.199999999999999734 ) ) ;
#9353 = ORIENTED_EDGE ( 'NONE', *, *, #2445, .F. ) ;
#9354 = CARTESIAN_POINT ( 'NONE',  ( 4.507188239288797860, -5.188393862647624033, 3.199999999999998401 ) ) ;
#9355 = CARTESIAN_POINT ( 'NONE',  ( 4.645854110272627402, -4.634880421045449062, 3.199999999999999734 ) ) ;
#9356 = CARTESIAN_POINT ( 'NONE',  ( 4.421984937076855360, -4.537839270611010889, 3.100000000000596501 ) ) ;
#9357 = CARTESIAN_POINT ( 'NONE',  ( 4.135697358072903285, -1.685568513059688689, 3.199999999999999734 ) ) ;
#9358 = ORIENTED_EDGE ( 'NONE', *, *, #5189, .T. ) ;
#9359 = CARTESIAN_POINT ( 'NONE',  ( 3.021462218490482243, -4.911863882908523493, 3.199999999999997069 ) ) ;
#9360 = CARTESIAN_POINT ( 'NONE',  ( 2.920043255587924325, -1.571803054696670365, 3.200000000000002398 ) ) ;
#9361 = VERTEX_POINT ( 'NONE', #10045 ) ;
#9362 = PRESENTATION_STYLE_ASSIGNMENT (( #6283 ) ) ;
#9363 = VERTEX_POINT ( 'NONE', #1425 ) ;
#9364 = CARTESIAN_POINT ( 'NONE',  ( 3.823836983086249308, -2.164050952609640088, 3.200000000000003286 ) ) ;
#9365 = DIRECTION ( 'NONE',  ( -1.000000000000000000, 0.0000000000000000000, 0.0000000000000000000 ) ) ;
#9366 = CARTESIAN_POINT ( 'NONE',  ( 4.383713462087701629, -4.908260391710203230, 3.100000000000053380 ) ) ;
#9367 =( NAMED_UNIT ( * ) PLANE_ANGLE_UNIT ( ) SI_UNIT ( $, .RADIAN. ) );
#9368 = CARTESIAN_POINT ( 'NONE',  ( -4.761792873543973847, 6.820462724888163741, 2.000000000000000000 ) ) ;
#9369 = CARTESIAN_POINT ( 'NONE',  ( 2.789621201109377058, -4.616987300948269812, 3.100000000000000977 ) ) ;
#9370 = CARTESIAN_POINT ( 'NONE',  ( 2.948893948282702127, -5.761349742484095593, 3.199999999999998845 ) ) ;
#9371 = CARTESIAN_POINT ( 'NONE',  ( 4.389789464466153035, -6.150213193438404780, 3.100000000000821210 ) ) ;
#9372 = LINE ( 'NONE', #1516, #8603 ) ;
#9373 = VERTEX_POINT ( 'NONE', #6960 ) ;
#9374 = AXIS2_PLACEMENT_3D ( 'NONE', #3592, #7330, #9615 ) ;
#9375 = CARTESIAN_POINT ( 'NONE',  ( 8.000000000000000000, 1.500000000000001332, 0.0000000000000000000 ) ) ;
#9376 = CARTESIAN_POINT ( 'NONE',  ( 2.789621201109377058, -4.616987300948269812, 3.100000000000145750 ) ) ;
#9377 = CARTESIAN_POINT ( 'NONE',  ( -8.000000000000000000, -1.000000000000000000, 0.0000000000000000000 ) ) ;
#9378 = FILL_AREA_STYLE_COLOUR ( '', #6910 ) ;
#9379 = VECTOR ( 'NONE', #642, 1000.000000000000000 ) ;
#9380 = CARTESIAN_POINT ( 'NONE',  ( -8.000000000000000000, 6.499999999999999112, 0.0000000000000000000 ) ) ;
#9381 = CARTESIAN_POINT ( 'NONE',  ( 2.832703870535719926, 1.346104418189662422, 3.199999999999989075 ) ) ;
#9382 = DIRECTION ( 'NONE',  ( -0.9819269524734782761, 0.1892602969620076903, 0.0000000000000000000 ) ) ;
#9383 = ORIENTED_EDGE ( 'NONE', *, *, #8008, .T. ) ;
#9384 = CARTESIAN_POINT ( 'NONE',  ( 3.700511024948626826, -4.521857379677981292, 3.199999999999984190 ) ) ;
#9385 = VERTEX_POINT ( 'NONE', #3076 ) ;
#9386 = CARTESIAN_POINT ( 'NONE',  ( 2.738485752839090903, -5.018894655809591931, 3.100000000000000089 ) ) ;
#9387 = CARTESIAN_POINT ( 'NONE',  ( 3.964540553150796676, -1.386029517600927186, 3.200000000000001954 ) ) ;
#9388 = ORIENTED_EDGE ( 'NONE', *, *, #9665, .F. ) ;
#9389 = PRESENTATION_LAYER_ASSIGNMENT (  '', '', ( #6161 ) ) ;
#9390 = B_SPLINE_SURFACE_WITH_KNOTS ( 'NONE', 3, 1, ( 
 ( #9639, #5769 ),
 ( #1871, #5721 ),
 ( #7158, #4244 ),
 ( #1100, #4093 ),
 ( #8023, #2566 ),
 ( #8111, #6551 ),
 ( #8828, #1821 ),
 ( #131, #5566 ),
 ( #3271, #1139 ),
 ( #4148, #4846 ),
 ( #1000, #6342 ),
 ( #1054, #4797 ),
 ( #5670, #8873 ),
 ( #4195, #4956 ),
 ( #8775, #7258 ),
 ( #3215, #9426 ),
 ( #5101, #9121 ),
 ( #8214, #1961 ),
 ( #7504, #9012 ) ),
 .UNSPECIFIED., .F., .F., .F.,
 ( 4, 1, 1, 1, 1, 1, 1, 1, 1, 1, 1, 1, 1, 1, 1, 1, 4 ),
 ( 2, 2 ),
 ( 0.0000000000000000000, 0.07846714273277222151, 0.1490169905510015103, 0.2116662740868140991, 0.2674582419494768160, 0.3153574790333156241, 0.3565196873712987991, 0.3900899254128745164, 0.4166112193736372094, 0.4636343516837444501, 0.5110770846017594904, 0.5618818976352271122, 0.6160122799878103850, 0.6815417357177423474, 0.7667836118091250208, 0.8721409849832630901, 1.000000000000000000 ),
 ( 0.0000000000000000000, 1.000000000000000000 ),
 .UNSPECIFIED. ) ;
#9391 = CYLINDRICAL_SURFACE ( 'NONE', #6089, 2.500000000000000000 ) ;
#9392 = CARTESIAN_POINT ( 'NONE',  ( 7.500000000000000000, -3.000000000000000000, 1.000000000000000000 ) ) ;
#9393 = EDGE_CURVE ( 'NONE', #8415, #3363, #852, .T. ) ;
#9394 = CARTESIAN_POINT ( 'NONE',  ( 4.014618947186716191, -1.621498449057540148, 3.200000000000003730 ) ) ;
#9395 = CARTESIAN_POINT ( 'NONE',  ( 2.880520778562180251, -2.366440497753428129, 3.099999999999992539 ) ) ;
#9396 = DIRECTION ( 'NONE',  ( 0.0000000000000000000, 0.0000000000000000000, 1.000000000000000000 ) ) ;
#9397 =( NAMED_UNIT ( * ) PLANE_ANGLE_UNIT ( ) SI_UNIT ( $, .RADIAN. ) );
#9398 = EDGE_LOOP ( 'NONE', ( #8839, #7085, #9661, #8941 ) ) ;
#9399 = ORIENTED_EDGE ( 'NONE', *, *, #2147, .F. ) ;
#9400 = CARTESIAN_POINT ( 'NONE',  ( 4.440092367585398492, -6.748154200627613619, 3.100000000000000533 ) ) ;
#9401 = ADVANCED_FACE ( 'NONE', ( #7066 ), #3169, .F. ) ;
#9402 = LINE ( 'NONE', #1746, #9715 ) ;
#9403 = ORIENTED_EDGE ( 'NONE', *, *, #6870, .F. ) ;
#9404 = DIRECTION ( 'NONE',  ( -0.0000000000000000000, 0.0000000000000000000, 1.000000000000000000 ) ) ;
#9405 = CARTESIAN_POINT ( 'NONE',  ( 3.883753384030912414, -2.147152705038420262, 3.199999999999997069 ) ) ;
#9406 = VECTOR ( 'NONE', #282, 1000.000000000000000 ) ;
#9407 = CARTESIAN_POINT ( 'NONE',  ( 2.669100637406973675, -1.973093306832810034, 3.199999999999999289 ) ) ;
#9408 = ADVANCED_FACE ( 'NONE', ( #5521 ), #7923, .F. ) ;
#9409 = CARTESIAN_POINT ( 'NONE',  ( 3.457691177451005071, -1.727301782381243767, 3.199999999999999734 ) ) ;
#9410 = VERTEX_POINT ( 'NONE', #4910 ) ;
#9411 = CARTESIAN_POINT ( 'NONE',  ( 4.162955564358990834, -6.785073467516547829, 3.199999999999998401 ) ) ;
#9412 = EDGE_CURVE ( 'NONE', #7926, #7998, #7265, .T. ) ;
#9413 = SURFACE_STYLE_FILL_AREA ( #6436 ) ;
#9414 = AXIS2_PLACEMENT_3D ( 'NONE', #6158, #3847, #4421 ) ;
#9415 = EDGE_LOOP ( 'NONE', ( #2092, #6311, #3672, #2428 ) ) ;
#9416 = CARTESIAN_POINT ( 'NONE',  ( 4.105138672566606139, -5.343145069984670315, 3.099999999999948574 ) ) ;
#9417 = ORIENTED_EDGE ( 'NONE', *, *, #7666, .F. ) ;
#9418 = UNCERTAINTY_MEASURE_WITH_UNIT (LENGTH_MEASURE( 1.000000000000000082E-05 ), #3736, 'distance_accuracy_value', 'NONE');
#9419 = LINE ( 'NONE', #6442, #2794 ) ;
#9420 = CARTESIAN_POINT ( 'NONE',  ( 3.545703768148171786, -1.178379394564059934, 3.099999999999718536 ) ) ;
#9421 = FILL_AREA_STYLE ('',( #4089 ) ) ;
#9422 = SURFACE_STYLE_FILL_AREA ( #7912 ) ;
#9423 = CARTESIAN_POINT ( 'NONE',  ( 2.789621201109377058, -4.616987300948269812, 3.200000000000000622 ) ) ;
#9424 = CARTESIAN_POINT ( 'NONE',  ( 3.772557959443765707, -6.312268064530220713, 3.100000000000000977 ) ) ;
#9425 =( LENGTH_UNIT ( ) NAMED_UNIT ( * ) SI_UNIT ( .MILLI., .METRE. ) );
#9426 = CARTESIAN_POINT ( 'NONE',  ( 4.665148031399253270, 1.496904712886542477, 3.199999999999999289 ) ) ;
#9427 = ORIENTED_EDGE ( 'NONE', *, *, #667, .T. ) ;
#9428 = VECTOR ( 'NONE', #5160, 1000.000000000000000 ) ;
#9429 = VECTOR ( 'NONE', #6003, 1000.000000000000000 ) ;
#9430 = CARTESIAN_POINT ( 'NONE',  ( 3.977406883569775786, -1.403320990917490185, 3.200000000000000178 ) ) ;
#9431 =( LENGTH_UNIT ( ) NAMED_UNIT ( * ) SI_UNIT ( .MILLI., .METRE. ) );
#9432 = VECTOR ( 'NONE', #989, 1000.000000000000000 ) ;
#9433 = CARTESIAN_POINT ( 'NONE',  ( 3.708840017909782016, -4.066126244485801955, 3.099999999999624833 ) ) ;
#9434 =( LENGTH_UNIT ( ) NAMED_UNIT ( * ) SI_UNIT ( .MILLI., .METRE. ) );
#9435 = MECHANICAL_DESIGN_GEOMETRIC_PRESENTATION_REPRESENTATION (  '', ( #8629 ), #1644 ) ;
#9436 = FILL_AREA_STYLE ('',( #9648 ) ) ;
#9437 = DIRECTION ( 'NONE',  ( -0.0000000000000000000, -0.0000000000000000000, -1.000000000000000000 ) ) ;
#9438 = CARTESIAN_POINT ( 'NONE',  ( 7.200000000000002842, 8.199999999999999289, 1.000000000000000000 ) ) ;
#9439 = ORIENTED_EDGE ( 'NONE', *, *, #9462, .T. ) ;
#9440 = LINE ( 'NONE', #2427, #3270 ) ;
#9441 = ORIENTED_EDGE ( 'NONE', *, *, #6454, .T. ) ;
#9442 = FACE_OUTER_BOUND ( 'NONE', #9136, .T. ) ;
#9443 = CARTESIAN_POINT ( 'NONE',  ( 3.710765464547603809, -1.463961848755308326, 3.099999999999973443 ) ) ;
#9444 = EDGE_LOOP ( 'NONE', ( #2992, #4577, #7073, #7410, #2454, #3260 ) ) ;
#9445 = CIRCLE ( 'NONE', #1342, 0.5000000000000013323 ) ;
#9446 =( GEOMETRIC_REPRESENTATION_CONTEXT ( 3 ) GLOBAL_UNCERTAINTY_ASSIGNED_CONTEXT ( ( #784 ) ) GLOBAL_UNIT_ASSIGNED_CONTEXT ( ( #7808, #6083, #7150 ) ) REPRESENTATION_CONTEXT ( 'NONE', 'WORKASPACE' ) );
#9447 = LINE ( 'NONE', #2481, #2452 ) ;
#9448 = CARTESIAN_POINT ( 'NONE',  ( 3.179452533278572801, -4.139754579196964102, 3.100000000000000533 ) ) ;
#9449 = CARTESIAN_POINT ( 'NONE',  ( 3.475336251765485773, -1.756018921430095192, 3.100000000000022737 ) ) ;
#9450 = CARTESIAN_POINT ( 'NONE',  ( -2.000000000000000888, 8.000000000000000000, 3.000000000000000000 ) ) ;
#9451 = CYLINDRICAL_SURFACE ( 'NONE', #9635, 0.5000000000000004441 ) ;
#9452 = CARTESIAN_POINT ( 'NONE',  ( 4.255781924531224725, -0.2616360296629445803, 3.199999999999997069 ) ) ;
#9453 = CARTESIAN_POINT ( 'NONE',  ( 4.617703000151444748, 0.6887870800510477176, 3.100000000000000977 ) ) ;
#9454 = SURFACE_STYLE_USAGE ( .BOTH. , #3187 ) ;
#9455 = ORIENTED_EDGE ( 'NONE', *, *, #7357, .T. ) ;
#9456 = VERTEX_POINT ( 'NONE', #6506 ) ;
#9457 = CARTESIAN_POINT ( 'NONE',  ( 4.500809124053265720, -6.716906470603186463, 3.100000000000000977 ) ) ;
#9458 = CARTESIAN_POINT ( 'NONE',  ( 2.919758980692532813, -1.582568232467511882, 3.200000000000000178 ) ) ;
#9459 = ORIENTED_EDGE ( 'NONE', *, *, #7737, .F. ) ;
#9460 = CARTESIAN_POINT ( 'NONE',  ( 4.753428197128768851, -4.851953864952982975, 3.199999999999998845 ) ) ;
#9461 = CARTESIAN_POINT ( 'NONE',  ( 4.664226490752307441, -4.687290573888824419, 3.199999999999999734 ) ) ;
#9462 = EDGE_CURVE ( 'NONE', #3939, #5396, #2768, .T. ) ;
#9463 = CARTESIAN_POINT ( 'NONE',  ( 4.629296105326321964, -4.614803961639624141, 3.100000000000077360 ) ) ;
#9464 = CARTESIAN_POINT ( 'NONE',  ( 3.475336251765485773, -1.756018921430095192, 3.100000000000000977 ) ) ;
#9465 =( LENGTH_UNIT ( ) NAMED_UNIT ( * ) SI_UNIT ( .MILLI., .METRE. ) );
#9466 = CARTESIAN_POINT ( 'NONE',  ( 3.958133638277941735, -6.728136979887006319, 3.199999999999998401 ) ) ;
#9467 =( GEOMETRIC_REPRESENTATION_CONTEXT ( 3 ) GLOBAL_UNCERTAINTY_ASSIGNED_CONTEXT ( ( #4024 ) ) GLOBAL_UNIT_ASSIGNED_CONTEXT ( ( #9852, #445, #1213 ) ) REPRESENTATION_CONTEXT ( 'NONE', 'WORKASPACE' ) );
#9468 = ORIENTED_EDGE ( 'NONE', *, *, #4047, .T. ) ;
#9469 = PLANE ( 'NONE',  #1379 ) ;
#9470 = ORIENTED_EDGE ( 'NONE', *, *, #5303, .T. ) ;
#9471 = CARTESIAN_POINT ( 'NONE',  ( 2.754334287620249455, -4.729843236067249990, 3.100000000000993960 ) ) ;
#9472 = EDGE_CURVE ( 'NONE', #9221, #991, #289, .T. ) ;
#9473 = CARTESIAN_POINT ( 'NONE',  ( 2.962564292107463526, -0.3077740763278043468, 3.200000000000000178 ) ) ;
#9474 = EDGE_CURVE ( 'NONE', #3568, #2021, #2063, .T. ) ;
#9475 = MECHANICAL_DESIGN_GEOMETRIC_PRESENTATION_REPRESENTATION (  '', ( #3783 ), #9806 ) ;
#9476 = DIRECTION ( 'NONE',  ( -0.5808897317460074428, 0.8139822599737979170, 0.0000000000000000000 ) ) ;
#9477 = DIRECTION ( 'NONE',  ( -1.000000000000000000, -0.0000000000000000000, -0.0000000000000000000 ) ) ;
#9478 = CARTESIAN_POINT ( 'NONE',  ( 4.162896566367807694, 0.2272923163588276285, 3.149999999999999911 ) ) ;
#9479 = DIRECTION ( 'NONE',  ( 0.0000000000000000000, 0.0000000000000000000, 1.000000000000000000 ) ) ;
#9480 = CARTESIAN_POINT ( 'NONE',  ( 3.070671069701725653, -1.427450217131301269, 3.200000000000000178 ) ) ;
#9481 = B_SPLINE_SURFACE_WITH_KNOTS ( 'NONE', 3, 1, ( 
 ( #4092, #7863 ),
 ( #944, #6449 ),
 ( #3985, #1766 ),
 ( #7107, #7207 ),
 ( #6341, #4845 ),
 ( #4033, #7157 ),
 ( #181, #6397 ) ),
 .UNSPECIFIED., .F., .F., .F.,
 ( 4, 1, 1, 1, 4 ),
 ( 2, 2 ),
 ( 0.0000000000000000000, 0.2206343661012238888, 0.4589847060982937821, 0.7172358329947915445, 1.000000000000000000 ),
 ( 0.0000000000000000000, 1.000000000000000000 ),
 .UNSPECIFIED. ) ;
#9482 = EDGE_LOOP ( 'NONE', ( #8968, #7775 ) ) ;
#9483 =( GEOMETRIC_REPRESENTATION_CONTEXT ( 3 ) GLOBAL_UNCERTAINTY_ASSIGNED_CONTEXT ( ( #4947 ) ) GLOBAL_UNIT_ASSIGNED_CONTEXT ( ( #6826, #3751, #1227 ) ) REPRESENTATION_CONTEXT ( 'NONE', 'WORKASPACE' ) );
#9484 = LINE ( 'NONE', #7971, #4569 ) ;
#9485 = CARTESIAN_POINT ( 'NONE',  ( 4.675054585909970584, -4.429404409011016952, 3.200000000000001066 ) ) ;
#9486 = CARTESIAN_POINT ( 'NONE',  ( -5.861792873543976157, 9.020462724888165695, 1.920000000000000151 ) ) ;
#9487 = AXIS2_PLACEMENT_3D ( 'NONE', #2181, #9758, #4567 ) ;
#9488 =( LENGTH_UNIT ( ) NAMED_UNIT ( * ) SI_UNIT ( .MILLI., .METRE. ) );
#9489 = CARTESIAN_POINT ( 'NONE',  ( 2.765891369577620384, 1.416765001920875955, 3.100000000000683098 ) ) ;
#9490 = CARTESIAN_POINT ( 'NONE',  ( 7.000000000000000888, -8.000000000000000000, 1.200000000000000178 ) ) ;
#9491 = CARTESIAN_POINT ( 'NONE',  ( 3.030636062768198080, 1.325179757816585147, 3.199999999999988631 ) ) ;
#9492 = CARTESIAN_POINT ( 'NONE',  ( 4.417525677366958448, -0.2070222957845738176, 3.199999999999988631 ) ) ;
#9493 = ORIENTED_EDGE ( 'NONE', *, *, #2571, .T. ) ;
#9494 = CARTESIAN_POINT ( 'NONE',  ( 4.015903989769030957, -4.523708882699926548, 3.199999999999982858 ) ) ;
#9495 = EDGE_LOOP ( 'NONE', ( #9809, #2905, #3551, #6841, #8546, #6946 ) ) ;
#9496 = CARTESIAN_POINT ( 'NONE',  ( 2.646938958992941071, -4.788455603039128761, 3.100000000000000533 ) ) ;
#9497 = CARTESIAN_POINT ( 'NONE',  ( 2.780231788656412295, -4.822664572959793006, 3.100000000000000977 ) ) ;
#9498 = ORIENTED_EDGE ( 'NONE', *, *, #8793, .T. ) ;
#9499 = MECHANICAL_DESIGN_GEOMETRIC_PRESENTATION_REPRESENTATION (  '', ( #5599 ), #3646 ) ;
#9500 = CARTESIAN_POINT ( 'NONE',  ( 2.861065633721242563, -2.235380675493653602, 3.100000000000000977 ) ) ;
#9501 = UNCERTAINTY_MEASURE_WITH_UNIT (LENGTH_MEASURE( 1.000000000000000082E-05 ), #3127, 'distance_accuracy_value', 'NONE');
#9502 = CARTESIAN_POINT ( 'NONE',  ( 2.955209867642156762, -2.178133683751637406, 3.099999999999847322 ) ) ;
#9503 = CARTESIAN_POINT ( 'NONE',  ( 3.479050372330695140, -4.522073800839402580, 3.199999999999990852 ) ) ;
#9504 = CARTESIAN_POINT ( 'NONE',  ( 3.563788658827431455, -1.139899608220360960, 3.100000000000000533 ) ) ;
#9505 = FILL_AREA_STYLE_COLOUR ( '', #7841 ) ;
#9506 =( NAMED_UNIT ( * ) SI_UNIT ( $, .STERADIAN. ) SOLID_ANGLE_UNIT ( ) );
#9507 = LINE ( 'NONE', #5538, #1974 ) ;
#9508 = VECTOR ( 'NONE', #7255, 1000.000000000000000 ) ;
#9509 = DIRECTION ( 'NONE',  ( -1.000000000000000000, 0.0000000000000000000, 0.0000000000000000000 ) ) ;
#9510 = ORIENTED_EDGE ( 'NONE', *, *, #6317, .T. ) ;
#9511 = CARTESIAN_POINT ( 'NONE',  ( 4.380124901526238013, -6.771427187831761785, 3.200000000000000622 ) ) ;
#9512 = LINE ( 'NONE', #8702, #2568 ) ;
#9513 = EDGE_CURVE ( 'NONE', #3951, #2953, #423, .T. ) ;
#9514 = CARTESIAN_POINT ( 'NONE',  ( 4.761758759419796760, -4.635612144486662700, 3.100000000000631140 ) ) ;
#9515 = VERTEX_POINT ( 'NONE', #5158 ) ;
#9516 = MECHANICAL_DESIGN_GEOMETRIC_PRESENTATION_REPRESENTATION (  '', ( #1731 ), #8539 ) ;
#9517 = SURFACE_STYLE_USAGE ( .BOTH. , #5702 ) ;
#9518 = CARTESIAN_POINT ( 'NONE',  ( 3.513682676574694685, -4.522059120240608188, 3.100000000000000977 ) ) ;
#9519 = DIRECTION ( 'NONE',  ( 0.0000000000000000000, 1.000000000000000000, 0.0000000000000000000 ) ) ;
#9520 = SURFACE_SIDE_STYLE ('',( #9568 ) ) ;
#9521 = CARTESIAN_POINT ( 'NONE',  ( 2.959888960144030801, -1.477338508572474396, 3.100000000000005418 ) ) ;
#9522 = FACE_OUTER_BOUND ( 'NONE', #1938, .T. ) ;
#9523 =( NAMED_UNIT ( * ) SI_UNIT ( $, .STERADIAN. ) SOLID_ANGLE_UNIT ( ) );
#9524 = ORIENTED_EDGE ( 'NONE', *, *, #5119, .F. ) ;
#9525 = PLANE ( 'NONE',  #9166 ) ;
#9526 = CARTESIAN_POINT ( 'NONE',  ( 3.576998866375945774, -2.176046039689100819, 3.200000000000000178 ) ) ;
#9527 = DIRECTION ( 'NONE',  ( 0.0000000000000000000, 0.0000000000000000000, 1.000000000000000000 ) ) ;
#9528 = DIRECTION ( 'NONE',  ( 0.3600421739826024092, 0.9329360283287818634, -0.0000000000000000000 ) ) ;
#9529 = PRESENTATION_STYLE_ASSIGNMENT (( #7254 ) ) ;
#9530 = EDGE_CURVE ( 'NONE', #5489, #6710, #5339, .T. ) ;
#9531 = CARTESIAN_POINT ( 'NONE',  ( 2.667368636294214390, -1.276139853346252462, 3.100000000000000977 ) ) ;
#9532 = CARTESIAN_POINT ( 'NONE',  ( -4.511792873543973847, 6.820462724888163741, 2.000000000000000000 ) ) ;
#9533 = PRESENTATION_STYLE_ASSIGNMENT (( #4748 ) ) ;
#9534 = CARTESIAN_POINT ( 'NONE',  ( 2.933135640509699105, -4.553271326480662573, 3.200000000000000178 ) ) ;
#9535 = EDGE_CURVE ( 'NONE', #209, #1781, #437, .T. ) ;
#9536 = EDGE_CURVE ( 'NONE', #7308, #1083, #2661, .T. ) ;
#9537 = ORIENTED_EDGE ( 'NONE', *, *, #6065, .F. ) ;
#9538 = DIRECTION ( 'NONE',  ( -0.0000000000000000000, -0.0000000000000000000, -1.000000000000000000 ) ) ;
#9539 = CARTESIAN_POINT ( 'NONE',  ( 4.769305144745993097, -4.721817240176951813, 3.100000000000000977 ) ) ;
#9540 = CARTESIAN_POINT ( 'NONE',  ( -8.000000000000000000, 1.000000000000000888, 2.200000000000000178 ) ) ;
#9541 = CARTESIAN_POINT ( 'NONE',  ( 4.123774475881750057, -6.351553020287748375, 3.200000000000000622 ) ) ;
#9542 = EDGE_CURVE ( 'NONE', #1453, #254, #4009, .T. ) ;
#9543 = CARTESIAN_POINT ( 'NONE',  ( 3.675601198448997131, -1.461876980976060336, 3.200000000000001954 ) ) ;
#9544 = CARTESIAN_POINT ( 'NONE',  ( 8.000000000000000000, 0.0000000000000000000, 0.0000000000000000000 ) ) ;
#9545 = PRESENTATION_STYLE_ASSIGNMENT (( #2708 ) ) ;
#9546 = EDGE_LOOP ( 'NONE', ( #7638, #1236, #1168, #7826 ) ) ;
#9547 = VECTOR ( 'NONE', #4467, 1000.000000000000000 ) ;
#9548 = DIRECTION ( 'NONE',  ( -0.002770072474631118855, 0.9999961633418825713, 0.0000000000000000000 ) ) ;
#9549 = ADVANCED_FACE ( 'NONE', ( #7454 ), #8222, .F. ) ;
#9550 = ORIENTED_EDGE ( 'NONE', *, *, #8165, .F. ) ;
#9551 = DIRECTION ( 'NONE',  ( -0.3579715093180164676, -0.9337325090820075557, 0.0000000000000000000 ) ) ;
#9552 = VECTOR ( 'NONE', #6203, 1000.000000000000000 ) ;
#9553 = DIRECTION ( 'NONE',  ( 0.0000000000000000000, 0.0000000000000000000, 1.000000000000000000 ) ) ;
#9554 = B_SPLINE_CURVE_WITH_KNOTS ( 'NONE', 3,
 ( #9645, #3664, #2658, #5299, #1395, #4584, #6169, #2951, #9312, #8408, #6222 ),
 .UNSPECIFIED., .F., .F.,
 ( 4, 1, 1, 1, 1, 1, 1, 1, 4 ),
 ( 0.0000000000000000000, 5.464436126226747024E-05, 0.0001071388573874437603, 0.0001584000389744888123, 0.0002086990572863583982, 0.0002593074217521340466, 0.0003096276360425505325, 0.0003612731688302712779, 0.0004145157904964814899 ),
 .UNSPECIFIED. ) ;
#9555 = CARTESIAN_POINT ( 'NONE',  ( 3.921413063143352140, -1.737428423293505553, 3.200000000000003286 ) ) ;
#9556 =( LENGTH_UNIT ( ) NAMED_UNIT ( * ) SI_UNIT ( .MILLI., .METRE. ) );
#9557 = CARTESIAN_POINT ( 'NONE',  ( 3.617128845827442873, 0.7142027337036626067, 3.200000000000000178 ) ) ;
#9558 = DIRECTION ( 'NONE',  ( -0.0000000000000000000, -0.0000000000000000000, -1.000000000000000000 ) ) ;
#9559 = DIRECTION ( 'NONE',  ( -0.002036655653797850556, 0.9999979260147231486, 0.0000000000000000000 ) ) ;
#9560 = ORIENTED_EDGE ( 'NONE', *, *, #8050, .F. ) ;
#9561 = ORIENTED_EDGE ( 'NONE', *, *, #4990, .T. ) ;
#9562 = CARTESIAN_POINT ( 'NONE',  ( 4.264559180978268138, -6.788830544899951747, 3.100000000000000977 ) ) ;
#9563 = CARTESIAN_POINT ( 'NONE',  ( 8.000000000000000000, 6.499999999999999112, 0.0000000000000000000 ) ) ;
#9564 =( GEOMETRIC_REPRESENTATION_CONTEXT ( 3 ) GLOBAL_UNCERTAINTY_ASSIGNED_CONTEXT ( ( #4212 ) ) GLOBAL_UNIT_ASSIGNED_CONTEXT ( ( #9906, #1482, #4514 ) ) REPRESENTATION_CONTEXT ( 'NONE', 'WORKASPACE' ) );
#9565 = CARTESIAN_POINT ( 'NONE',  ( 4.646685396460228823, 1.421326935695984117, 3.100000000000805667 ) ) ;
#9566 = VERTEX_POINT ( 'NONE', #3467 ) ;
#9567 = FILL_AREA_STYLE_COLOUR ( '', #8666 ) ;
#9568 = SURFACE_STYLE_FILL_AREA ( #4227 ) ;
#9569 = B_SPLINE_SURFACE_WITH_KNOTS ( 'NONE', 3, 1, ( 
 ( #2114, #5217 ),
 ( #2311, #8334 ),
 ( #6851, #9277 ),
 ( #4694, #7057 ),
 ( #8568, #999 ),
 ( #1566, #7006 ),
 ( #5464, #8624 ) ),
 .UNSPECIFIED., .F., .F., .F.,
 ( 4, 1, 1, 1, 4 ),
 ( 2, 2 ),
 ( 0.0000000000000000000, 0.2514455677125691513, 0.4931855830782908012, 0.7422238800474930676, 1.000000000000000000 ),
 ( 0.0000000000000000000, 1.000000000000000000 ),
 .UNSPECIFIED. ) ;
#9570 = ORIENTED_EDGE ( 'NONE', *, *, #80, .F. ) ;
#9571 = CARTESIAN_POINT ( 'NONE',  ( 3.558845174299219760, -1.718949707196087084, 3.100000000000000089 ) ) ;
#9572 = CARTESIAN_POINT ( 'NONE',  ( 4.575921430314699556, 0.4381370929810975423, 3.200000000000000622 ) ) ;
#9573 = ORIENTED_EDGE ( 'NONE', *, *, #2461, .T. ) ;
#9574 = VECTOR ( 'NONE', #1492, 1000.000000000000000 ) ;
#9575 = CARTESIAN_POINT ( 'NONE',  ( 4.135395816089626919, -1.701773279296272312, 3.100000000000000977 ) ) ;
#9576 = PRODUCT_DEFINITION ( 'UNKNOWN', '', #9793, #8600 ) ;
#9577 = FACE_OUTER_BOUND ( 'NONE', #6149, .T. ) ;
#9578 = FILL_AREA_STYLE_COLOUR ( '', #768 ) ;
#9579 = CARTESIAN_POINT ( 'NONE',  ( 2.746253510383598773, -0.5746587085692872465, 3.200000000000001066 ) ) ;
#9580 = COLOUR_RGB ( '',0.2509803921568627416, 0.2509803921568627416, 0.2509803921568627416 ) ;
#9581 = CARTESIAN_POINT ( 'NONE',  ( 3.938939765183770980, -6.350680747353220745, 3.100000000000000533 ) ) ;
#9582 = CARTESIAN_POINT ( 'NONE',  ( 4.397315858646896558, -5.675741905859751135, 3.100000000000579625 ) ) ;
#9583 = CARTESIAN_POINT ( 'NONE',  ( -6.999999999999999112, -8.000000000000000000, 3.000000000000000000 ) ) ;
#9584 = VERTEX_POINT ( 'NONE', #1253 ) ;
#9585 = CARTESIAN_POINT ( 'NONE',  ( 8.000000000000000000, -7.000000000000000000, 2.200000000000000178 ) ) ;
#9586 = VECTOR ( 'NONE', #1582, 1000.000000000000000 ) ;
#9587 = ADVANCED_FACE ( 'NONE', ( #6650 ), #8377, .F. ) ;
#9588 = CARTESIAN_POINT ( 'NONE',  ( 4.202134768498160255, -5.604550262420206153, 3.100000000000531220 ) ) ;
#9589 = EDGE_CURVE ( 'NONE', #1506, #4021, #1460, .T. ) ;
#9590 = CARTESIAN_POINT ( 'NONE',  ( 4.048303180600754558, -6.357210321466068237, 3.100000000000000977 ) ) ;
#9591 = CARTESIAN_POINT ( 'NONE',  ( 2.886289832522088261, 1.332913236874951890, 3.100000000000683542 ) ) ;
#9592 = CARTESIAN_POINT ( 'NONE',  ( 3.343891306089287863, -1.305239976842073713, 3.099999999999659472 ) ) ;
#9593 = CARTESIAN_POINT ( 'NONE',  ( 6.800000000000001599, 7.800000000000000711, 3.200000000000000178 ) ) ;
#9594 = CARTESIAN_POINT ( 'NONE',  ( 4.663718170818793141, 0.07952199024015579876, 3.199999999999989075 ) ) ;
#9595 =( GEOMETRIC_REPRESENTATION_CONTEXT ( 3 ) GLOBAL_UNCERTAINTY_ASSIGNED_CONTEXT ( ( #1709 ) ) GLOBAL_UNIT_ASSIGNED_CONTEXT ( ( #1693, #3588, #5888 ) ) REPRESENTATION_CONTEXT ( 'NONE', 'WORKASPACE' ) );
#9596 = EDGE_LOOP ( 'NONE', ( #1734, #2034, #5104, #2064 ) ) ;
#9597 = CARTESIAN_POINT ( 'NONE',  ( 4.629296105326321964, -4.614803961639624141, 3.199999999999997957 ) ) ;
#9598 = ORIENTED_EDGE ( 'NONE', *, *, #1471, .T. ) ;
#9599 = EDGE_CURVE ( 'NONE', #3622, #493, #736, .T. ) ;
#9600 = CARTESIAN_POINT ( 'NONE',  ( 2.861065633721242563, -2.235380675493653602, 3.200000000000000622 ) ) ;
#9601 = VECTOR ( 'NONE', #3201, 1000.000000000000000 ) ;
#9602 = COLOUR_RGB ( '',0.7529411764705882248, 0.7529411764705882248, 0.7529411764705882248 ) ;
#9603 = DIRECTION ( 'NONE',  ( 0.0000000000000000000, 0.0000000000000000000, 1.000000000000000000 ) ) ;
#9604 = EDGE_CURVE ( 'NONE', #5176, #4916, #6184, .T. ) ;
#9605 = CARTESIAN_POINT ( 'NONE',  ( -5.661792873543975979, 8.620462724888165340, 1.920000000000000151 ) ) ;
#9606 = PRESENTATION_STYLE_ASSIGNMENT (( #5937 ) ) ;
#9607 = CARTESIAN_POINT ( 'NONE',  ( 4.084182836027210328, -1.367264825052097121, 3.199999999999999289 ) ) ;
#9608 = FACE_OUTER_BOUND ( 'NONE', #4477, .T. ) ;
#9609 = CARTESIAN_POINT ( 'NONE',  ( 4.526110602405379879, 1.335288515850396651, 3.199999999999995737 ) ) ;
#9610 = ORIENTED_EDGE ( 'NONE', *, *, #8065, .F. ) ;
#9611 = ORIENTED_EDGE ( 'NONE', *, *, #2333, .T. ) ;
#9612 = FACE_OUTER_BOUND ( 'NONE', #1679, .T. ) ;
#9613 =( BOUNDED_CURVE ( )  B_SPLINE_CURVE ( 3, ( #6278, #8011, #2548, #7287 ),
 .UNSPECIFIED., .F., .T. ) 
 B_SPLINE_CURVE_WITH_KNOTS ( ( 4, 4 ),
 ( 0.0000000000000000000, 1.570796326794896558 ),
 .UNSPECIFIED. ) 
 CURVE ( )  GEOMETRIC_REPRESENTATION_ITEM ( )  RATIONAL_B_SPLINE_CURVE ( ( 1.000000000000000000, 0.8047378541243649375, 0.8047378541243649375, 1.000000000000000000 ) ) 
 REPRESENTATION_ITEM ( '' )  );
#9614 =( GEOMETRIC_REPRESENTATION_CONTEXT ( 3 ) GLOBAL_UNCERTAINTY_ASSIGNED_CONTEXT ( ( #1999 ) ) GLOBAL_UNIT_ASSIGNED_CONTEXT ( ( #5912, #6734, #9825 ) ) REPRESENTATION_CONTEXT ( 'NONE', 'WORKASPACE' ) );
#9615 = DIRECTION ( 'NONE',  ( -1.000000000000000000, 0.0000000000000000000, 0.0000000000000000000 ) ) ;
#9616 = STYLED_ITEM ( 'NONE', ( #3722 ), #4372 ) ;
#9617 = CARTESIAN_POINT ( 'NONE',  ( 4.496394354182765341, -4.253633813293181909, 3.100000000000632028 ) ) ;
#9618 = VERTEX_POINT ( 'NONE', #7811 ) ;
#9619 =( GEOMETRIC_REPRESENTATION_CONTEXT ( 3 ) GLOBAL_UNCERTAINTY_ASSIGNED_CONTEXT ( ( #1811 ) ) GLOBAL_UNIT_ASSIGNED_CONTEXT ( ( #2266, #3068, #8207 ) ) REPRESENTATION_CONTEXT ( 'NONE', 'WORKASPACE' ) );
#9620 = CARTESIAN_POINT ( 'NONE',  ( -4.430177508469789416, 7.742780563631908919, 2.000000000000000000 ) ) ;
#9621 = CARTESIAN_POINT ( 'NONE',  ( 6.800000000000001599, 7.800000000000000711, 3.200000000000000178 ) ) ;
#9622 = CARTESIAN_POINT ( 'NONE',  ( 2.825423928570725884, -4.858094992925177102, 3.199999999999996625 ) ) ;
#9623 = CARTESIAN_POINT ( 'NONE',  ( 3.201203626358736010, -1.120548990084573537, 3.100000000000000533 ) ) ;
#9624 = CARTESIAN_POINT ( 'NONE',  ( 4.181639416828881295, 0.2275998251586347498, 3.199999999999999734 ) ) ;
#9625 = MECHANICAL_DESIGN_GEOMETRIC_PRESENTATION_REPRESENTATION (  '', ( #8340 ), #3430 ) ;
#9626 = ORIENTED_EDGE ( 'NONE', *, *, #1333, .F. ) ;
#9627 =( GEOMETRIC_REPRESENTATION_CONTEXT ( 3 ) GLOBAL_UNCERTAINTY_ASSIGNED_CONTEXT ( ( #2601 ) ) GLOBAL_UNIT_ASSIGNED_CONTEXT ( ( #2298, #6221, #2 ) ) REPRESENTATION_CONTEXT ( 'NONE', 'WORKASPACE' ) );
#9628 =( NAMED_UNIT ( * ) SI_UNIT ( $, .STERADIAN. ) SOLID_ANGLE_UNIT ( ) );
#9629 = UNCERTAINTY_MEASURE_WITH_UNIT (LENGTH_MEASURE( 1.000000000000000082E-05 ), #3149, 'distance_accuracy_value', 'NONE');
#9630 = CARTESIAN_POINT ( 'NONE',  ( 3.784165198651266326, -6.634253705389383526, 3.199999999999998401 ) ) ;
#9631 = DIRECTION ( 'NONE',  ( -0.005208262692228318898, 0.9999864369078855786, -0.0000000000000000000 ) ) ;
#9632 = CARTESIAN_POINT ( 'NONE',  ( 3.044607805652747246, 0.8466316658936040573, 3.100000000000022293 ) ) ;
#9633 = VECTOR ( 'NONE', #813, 1000.000000000000000 ) ;
#9634 = LINE ( 'NONE', #5096, #2245 ) ;
#9635 = AXIS2_PLACEMENT_3D ( 'NONE', #8181, #9706, #2821 ) ;
#9636 = FACE_OUTER_BOUND ( 'NONE', #927, .T. ) ;
#9637 = LINE ( 'NONE', #1868, #3216 ) ;
#9638 = CARTESIAN_POINT ( 'NONE',  ( 4.421984937076855360, -4.537839270611010889, 3.199999999999997069 ) ) ;
#9639 = CARTESIAN_POINT ( 'NONE',  ( 4.368005350231017658, 1.327745530651000649, 3.100000000000000977 ) ) ;
#9640 = B_SPLINE_CURVE_WITH_KNOTS ( 'NONE', 3,
 ( #1775, #3276, #8573, #6248, #8680, #851, #7065, #6348, #135, #3994, #1724, #190, #5520, #6299, #4852, #7163, #1620, #1675, #8729 ),
 .UNSPECIFIED., .F., .F.,
 ( 4, 1, 1, 1, 1, 1, 1, 1, 1, 1, 1, 1, 1, 1, 1, 1, 4 ),
 ( 0.0000000000000000000, 4.384793458862502522E-05, 8.710226909928593902E-05, 0.0001301591926332414150, 0.0001738258580301475938, 0.0002182859014322102091, 0.0002630160342595884698, 0.0003093167247311101576, 0.0003574710827005241564, 0.0004061452562227143323, 0.0004543402679418512865, 0.0005029661336130638455, 0.0005516463422459612093, 0.0006012373224820535562, 0.0006517439780706910449, 0.0007034235807344374307, 0.0007566765743472712033 ),
 .UNSPECIFIED. ) ;
#9641 = ORIENTED_EDGE ( 'NONE', *, *, #6578, .F. ) ;
#9642 = PRESENTATION_LAYER_ASSIGNMENT (  '', '', ( #6232 ) ) ;
#9643 = CARTESIAN_POINT ( 'NONE',  ( 4.301282805137032206, -4.913854543628946026, 3.100000000000646683 ) ) ;
#9644 = FACE_OUTER_BOUND ( 'NONE', #4413, .T. ) ;
#9645 = CARTESIAN_POINT ( 'NONE',  ( 4.166463675652384957, -0.2676440968763069139, 3.099999999997808953 ) ) ;
#9646 = B_SPLINE_CURVE_WITH_KNOTS ( 'NONE', 3,
 ( #7527, #3533, #8936, #6572, #5124, #6666, #8234, #1266, #8847, #1115, #4358, #5019, #9609, #7469, #4412, #352, #2628, #4975, #8087 ),
 .UNSPECIFIED., .F., .F.,
 ( 4, 1, 1, 1, 1, 1, 1, 1, 1, 1, 1, 1, 1, 1, 1, 1, 4 ),
 ( 0.0000000000000000000, 6.464809224973533852E-05, 0.0001179189013456749687, 0.0001610189101199866943, 0.0001941519222783319302, 0.0002215213334331509311, 0.0002472092697846724370, 0.0002711972707391761806, 0.0002949731131782672914, 0.0003083828133729176867, 0.0003253566016151724001, 0.0003461690428926875152, 0.0003703878615444861598, 0.0003985974037868345271, 0.0004302741428957105306, 0.0004659455663722690696, 0.0005056201335609602793 ),
 .UNSPECIFIED. ) ;
#9647 = CARTESIAN_POINT ( 'NONE',  ( 4.255616661859390248, -6.302253532710349049, 3.200000000000001510 ) ) ;
#9648 = FILL_AREA_STYLE_COLOUR ( '', #6490 ) ;
#9649 = DIRECTION ( 'NONE',  ( -0.0000000000000000000, -0.0000000000000000000, -1.000000000000000000 ) ) ;
#9650 = LINE ( 'NONE', #8785, #5452 ) ;
#9651 = ORIENTED_EDGE ( 'NONE', *, *, #3368, .T. ) ;
#9652 = CARTESIAN_POINT ( 'NONE',  ( 3.246149480231378170, -1.485810393123346174, 3.100000000000014300 ) ) ;
#9653 = ORIENTED_EDGE ( 'NONE', *, *, #6684, .T. ) ;
#9654 = CARTESIAN_POINT ( 'NONE',  ( -8.000000000000000000, -6.500000000000000000, 2.200000000000000178 ) ) ;
#9655 = B_SPLINE_SURFACE_WITH_KNOTS ( 'NONE', 3, 1, ( 
 ( #6728, #8306 ),
 ( #1339, #8350 ),
 ( #9963, #4573 ),
 ( #6974, #1383 ),
 ( #4473, #1330 ),
 ( #3799, #5238 ),
 ( #3037, #1435 ),
 ( #9865, #2886 ),
 ( #5288, #10057 ),
 ( #2185, #6926 ),
 ( #10006, #7585 ) ),
 .UNSPECIFIED., .F., .F., .F.,
 ( 4, 1, 1, 1, 1, 1, 1, 1, 4 ),
 ( 2, 2 ),
 ( 0.0000000000000000000, 0.1232394149844119602, 0.2432539418251167540, 0.3612007259710841578, 0.4797989366404739608, 0.6019155045303092866, 0.7284429404390653229, 0.8604740177978389415, 1.000000000000000000 ),
 ( 0.0000000000000000000, 1.000000000000000000 ),
 .UNSPECIFIED. ) ;
#9656 = VECTOR ( 'NONE', #6972, 1000.000000000000227 ) ;
#9657 = CARTESIAN_POINT ( 'NONE',  ( -5.741792873543975162, 8.780462724888165482, 2.000000000000000444 ) ) ;
#9658 = DIRECTION ( 'NONE',  ( -1.000000000000000000, 0.0000000000000000000, 0.0000000000000000000 ) ) ;
#9659 = FACE_OUTER_BOUND ( 'NONE', #5610, .T. ) ;
#9660 = CARTESIAN_POINT ( 'NONE',  ( 2.955209867642156318, -2.178133683751636962, 3.200000000000005507 ) ) ;
#9661 = ORIENTED_EDGE ( 'NONE', *, *, #2082, .T. ) ;
#9662 = EDGE_CURVE ( 'NONE', #7434, #5540, #9183, .T. ) ;
#9663 = ORIENTED_EDGE ( 'NONE', *, *, #7715, .F. ) ;
#9664 = SURFACE_STYLE_FILL_AREA ( #6576 ) ;
#9665 = EDGE_CURVE ( 'NONE', #5782, #6080, #7763, .T. ) ;
#9666 = CARTESIAN_POINT ( 'NONE',  ( 4.699891294586261203, -4.469488205844956319, 3.100000000000632028 ) ) ;
#9667 = VERTEX_POINT ( 'NONE', #3017 ) ;
#9668 = ADVANCED_FACE ( 'NONE', ( #2214 ), #4546, .T. ) ;
#9669 = PLANE ( 'NONE',  #3627 ) ;
#9670 = AXIS2_PLACEMENT_3D ( 'NONE', #2523, #1676, #3221 ) ;
#9671 = DIRECTION ( 'NONE',  ( 1.000000000000000000, 0.0000000000000000000, 0.0000000000000000000 ) ) ;
#9672 = PRESENTATION_STYLE_ASSIGNMENT (( #2549 ) ) ;
#9673 = CARTESIAN_POINT ( 'NONE',  ( 3.904916214680119513, -1.742756640485020769, 3.199999999999999734 ) ) ;
#9674 = CARTESIAN_POINT ( 'NONE',  ( 2.946937800718218092, -4.550761772151757256, 3.100000000000550759 ) ) ;
#9675 = CARTESIAN_POINT ( 'NONE',  ( 2.982548312108339150, -1.016774232787625465, 3.200000000000000178 ) ) ;
#9676 = CARTESIAN_POINT ( 'NONE',  ( 4.055073797636439714, -1.295507345878516237, 3.099999999999573319 ) ) ;
#9677 = STYLED_ITEM ( 'NONE', ( #9545 ), #218 ) ;
#9678 = ORIENTED_EDGE ( 'NONE', *, *, #8793, .F. ) ;
#9679 = ADVANCED_FACE ( 'NONE', ( #3113 ), #6236, .F. ) ;
#9680 = STYLED_ITEM ( 'NONE', ( #548 ), #9549 ) ;
#9681 = CARTESIAN_POINT ( 'NONE',  ( 2.795099049851932804, -4.836015630205454663, 3.200000000000001510 ) ) ;
#9682 = CARTESIAN_POINT ( 'NONE',  ( 3.975230001505950295, -1.694719956753911960, 3.100000000000624034 ) ) ;
#9683 = FACE_OUTER_BOUND ( 'NONE', #7703, .T. ) ;
#9684 = CARTESIAN_POINT ( 'NONE',  ( 3.889098646523052594, -1.746204552846628788, 3.100000000000000977 ) ) ;
#9685 = CARTESIAN_POINT ( 'NONE',  ( 4.670317862098963602, 1.611330718774915516, 3.199999999999999734 ) ) ;
#9686 = LINE ( 'NONE', #3403, #4197 ) ;
#9687 =( NAMED_UNIT ( * ) SI_UNIT ( $, .STERADIAN. ) SOLID_ANGLE_UNIT ( ) );
#9688 = CARTESIAN_POINT ( 'NONE',  ( 3.343891306089288307, -1.305239976842073935, 3.199999999999988631 ) ) ;
#9689 = CARTESIAN_POINT ( 'NONE',  ( 3.977406883569775786, -1.403320990917490185, 3.200000000000000178 ) ) ;
#9690 = CARTESIAN_POINT ( 'NONE',  ( 4.768899931271553427, -6.214948233198225758, 3.100000000000580513 ) ) ;
#9691 = DIRECTION ( 'NONE',  ( 0.0000000000000000000, 0.0000000000000000000, 1.000000000000000000 ) ) ;
#9692 = ORIENTED_EDGE ( 'NONE', *, *, #9092, .F. ) ;
#9693 = CARTESIAN_POINT ( 'NONE',  ( 4.225303643858724811, -6.319477712618259524, 3.199999999999998401 ) ) ;
#9694 = VERTEX_POINT ( 'NONE', #9986 ) ;
#9695 = CARTESIAN_POINT ( 'NONE',  ( 4.258176166087821457, -4.915131163494345756, 3.100000000000647127 ) ) ;
#9696 = CARTESIAN_POINT ( 'NONE',  ( 3.955901720212568584, 0.2581833021763279556, 3.100000000000000977 ) ) ;
#9697 = CARTESIAN_POINT ( 'NONE',  ( 2.799027285153980138, -0.4413515414032223583, 3.200000000000000178 ) ) ;
#9698 = CARTESIAN_POINT ( 'NONE',  ( 3.081170675819667082, -6.456643492773666893, 3.200000000000000178 ) ) ;
#9699 = CARTESIAN_POINT ( 'NONE',  ( 3.097204001767567938, -6.679130474798892436, 3.200000000000003286 ) ) ;
#9700 = DIRECTION ( 'NONE',  ( 0.0000000000000000000, -1.000000000000000000, 0.0000000000000000000 ) ) ;
#9701 = ORIENTED_EDGE ( 'NONE', *, *, #413, .T. ) ;
#9702 = CARTESIAN_POINT ( 'NONE',  ( 4.769305144745993097, -4.721817240176951813, 3.200000000000000622 ) ) ;
#9703 = ORIENTED_EDGE ( 'NONE', *, *, #6454, .F. ) ;
#9704 = CARTESIAN_POINT ( 'NONE',  ( 4.649282160716518675, -5.054517781619319194, 3.100000000000000977 ) ) ;
#9705 = CARTESIAN_POINT ( 'NONE',  ( -3.781792873543974309, 6.820462724888163741, 2.000000000000000444 ) ) ;
#9706 = DIRECTION ( 'NONE',  ( -0.0000000000000000000, -0.0000000000000000000, -1.000000000000000000 ) ) ;
#9707 = VECTOR ( 'NONE', #8798, 1000.000000000000000 ) ;
#9708 = CARTESIAN_POINT ( 'NONE',  ( 3.086292304010320287, -6.614070037693840831, 3.200000000000000622 ) ) ;
#9709 = CARTESIAN_POINT ( 'NONE',  ( 3.861200433536595256, -2.155922524721872957, 3.100000000000000977 ) ) ;
#9710 = ORIENTED_EDGE ( 'NONE', *, *, #9086, .T. ) ;
#9711 = VERTEX_POINT ( 'NONE', #6135 ) ;
#9712 = CARTESIAN_POINT ( 'NONE',  ( 4.670009707420706313, 1.550431303008151351, 3.100000000000806111 ) ) ;
#9713 = EDGE_LOOP ( 'NONE', ( #8725, #1704, #1378, #8307 ) ) ;
#9714 = DIRECTION ( 'NONE',  ( -0.0000000000000000000, -0.0000000000000000000, -1.000000000000000000 ) ) ;
#9715 = VECTOR ( 'NONE', #3143, 1000.000000000000114 ) ;
#9716 = CARTESIAN_POINT ( 'NONE',  ( 4.769305144745993097, -6.232807385166426961, 3.150000000000000799 ) ) ;
#9717 = EDGE_CURVE ( 'NONE', #8134, #9318, #9228, .T. ) ;
#9718 = DIRECTION ( 'NONE',  ( -0.0000000000000000000, -0.0000000000000000000, -1.000000000000000000 ) ) ;
#9719 = ADVANCED_FACE ( 'NONE', ( #3933 ), #1637, .T. ) ;
#9720 = EDGE_CURVE ( 'NONE', #691, #6330, #3212, .T. ) ;
#9721 = LINE ( 'NONE', #6724, #6381 ) ;
#9722 = VECTOR ( 'NONE', #1133, 1000.000000000000000 ) ;
#9723 = CARTESIAN_POINT ( 'NONE',  ( 3.200597338776523859, -6.137166171106863466, 3.099999999999947686 ) ) ;
#9724 = CARTESIAN_POINT ( 'NONE',  ( 3.892172409692126855, -6.694863379374822010, 3.100000000000000977 ) ) ;
#9725 = CARTESIAN_POINT ( 'NONE',  ( 3.831737994818909865, -1.062754105925750370, 3.099999999999572875 ) ) ;
#9726 = B_SPLINE_CURVE_WITH_KNOTS ( 'NONE', 3,
 ( #10026, #6994, #7653, #2208, #6177, #2959, #5406, #638, #3671, #593, #690, #9125, #3771, #1404, #8325 ),
 .UNSPECIFIED., .F., .F.,
 ( 4, 1, 1, 1, 1, 1, 1, 1, 1, 1, 1, 1, 4 ),
 ( 0.0000000000000000000, 5.555107252975096050E-05, 0.0001146143205243975753, 0.0001780870526771356343, 0.0002467908355267445664, 0.0003176363101242259341, 0.0003878928770542729903, 0.0004579021371951032542, 0.0005296137087461406196, 0.0006018833554186432981, 0.0006741204530818352371, 0.0007470568404053156081, 0.0008224455524350118970 ),
 .UNSPECIFIED. ) ;
#9727 = ORIENTED_EDGE ( 'NONE', *, *, #1343, .T. ) ;
#9728 = UNCERTAINTY_MEASURE_WITH_UNIT (LENGTH_MEASURE( 1.000000000000000082E-05 ), #8394, 'distance_accuracy_value', 'NONE');
#9729 = ADVANCED_FACE ( 'NONE', ( #1764 ), #3073, .T. ) ;
#9730 = CARTESIAN_POINT ( 'NONE',  ( 3.474033056533075037, -6.393182208568711999, 3.199999999999998401 ) ) ;
#9731 = CARTESIAN_POINT ( 'NONE',  ( 3.049052145174298012, -4.913562030356666277, 3.100000000000000977 ) ) ;
#9732 = SURFACE_SIDE_STYLE ('',( #2096 ) ) ;
#9733 = ADVANCED_FACE ( 'NONE', ( #6446 ), #1469, .T. ) ;
#9734 = EDGE_CURVE ( 'NONE', #5494, #6611, #4145, .T. ) ;
#9735 = CARTESIAN_POINT ( 'NONE',  ( 4.700544586025626081, 0.2211131695278380771, 3.199999999999997957 ) ) ;
#9736 =( LENGTH_UNIT ( ) NAMED_UNIT ( * ) SI_UNIT ( .MILLI., .METRE. ) );
#9737 = CARTESIAN_POINT ( 'NONE',  ( 4.197842932013486461, -4.526555607756604260, 3.199999999999996625 ) ) ;
#9738 = DIRECTION ( 'NONE',  ( -1.000000000000000000, -1.734723475976806848E-16, 0.0000000000000000000 ) ) ;
#9739 = PRESENTATION_LAYER_ASSIGNMENT (  '', '', ( #2897 ) ) ;
#9740 = B_SPLINE_SURFACE_WITH_KNOTS ( 'NONE', 3, 1, ( 
 ( #3482, #7419 ),
 ( #9709, #2719 ),
 ( #5173, #5834 ),
 ( #1984, #5075 ),
 ( #450, #1476 ),
 ( #6963, #3025 ),
 ( #6147, #3689 ),
 ( #10047, #6915 ),
 ( #6862, #1525 ),
 ( #9858, #3078 ),
 ( #5277, #5228 ) ),
 .UNSPECIFIED., .F., .F., .F.,
 ( 4, 1, 1, 1, 1, 1, 1, 1, 4 ),
 ( 2, 2 ),
 ( 0.0000000000000000000, 0.06485710021569229822, 0.1472618024866229336, 0.2458050338579827188, 0.3624129673277617925, 0.4956514699125212364, 0.6455052387625780375, 0.8135962893154466968, 1.000000000000000000 ),
 ( 0.0000000000000000000, 1.000000000000000000 ),
 .UNSPECIFIED. ) ;
#9741 = ORIENTED_EDGE ( 'NONE', *, *, #7544, .F. ) ;
#9742 = CARTESIAN_POINT ( 'NONE',  ( 2.795099049851932804, -4.836015630205454663, 3.200000000000000178 ) ) ;
#9743 = ORIENTED_EDGE ( 'NONE', *, *, #1600, .T. ) ;
#9744 = SURFACE_STYLE_FILL_AREA ( #1199 ) ;
#9745 = CYLINDRICAL_SURFACE ( 'NONE', #7668, 0.5000000000000004441 ) ;
#9746 = CARTESIAN_POINT ( 'NONE',  ( -3.844398944922830630, 6.475418454335565954, 1.999999999999999556 ) ) ;
#9747 = CARTESIAN_POINT ( 'NONE',  ( 3.877406576746938338, -1.375226907368099605, 3.199999999999999289 ) ) ;
#9748 = ORIENTED_EDGE ( 'NONE', *, *, #5622, .T. ) ;
#9749 = CARTESIAN_POINT ( 'NONE',  ( 3.232715654409285211, -1.476768620668746923, 3.100000000000012523 ) ) ;
#9750 = ORIENTED_EDGE ( 'NONE', *, *, #8530, .T. ) ;
#9751 = STYLED_ITEM ( 'NONE', ( #3335 ), #3485 ) ;
#9752 = DIRECTION ( 'NONE',  ( 0.0000000000000000000, -0.0000000000000000000, 1.000000000000000000 ) ) ;
#9753 = CARTESIAN_POINT ( 'NONE',  ( 3.914090693768523810, -1.364082788787137179, 3.199999999999999734 ) ) ;
#9754 = VECTOR ( 'NONE', #1551, 1000.000000000000227 ) ;
#9755 = CARTESIAN_POINT ( 'NONE',  ( 3.846435903003639467, -6.671016601447395722, 3.100000000000000533 ) ) ;
#9756 = ORIENTED_EDGE ( 'NONE', *, *, #9665, .T. ) ;
#9757 = VERTEX_POINT ( 'NONE', #6494 ) ;
#9758 = DIRECTION ( 'NONE',  ( 0.0000000000000000000, 0.0000000000000000000, 1.000000000000000000 ) ) ;
#9759 = VERTEX_POINT ( 'NONE', #7105 ) ;
#9760 = AXIS2_PLACEMENT_3D ( 'NONE', #8497, #1542, #4625 ) ;
#9761 = STYLED_ITEM ( 'NONE', ( #6969 ), #3938 ) ;
#9762 = CARTESIAN_POINT ( 'NONE',  ( -3.661792873543971538, 4.620462724888164452, 1.966862915010152868 ) ) ;
#9763 = FILL_AREA_STYLE ('',( #3651 ) ) ;
#9764 = CARTESIAN_POINT ( 'NONE',  ( -5.684094947198300218, 7.152117973144800800, 2.000000000000000000 ) ) ;
#9765 =( LENGTH_UNIT ( ) NAMED_UNIT ( * ) SI_UNIT ( .MILLI., .METRE. ) );
#9766 = CARTESIAN_POINT ( 'NONE',  ( 4.727837499312776082, 0.6629255377378604486, 3.100000000000079137 ) ) ;
#9767 = VECTOR ( 'NONE', #1917, 1000.000000000000000 ) ;
#9768 = MECHANICAL_DESIGN_GEOMETRIC_PRESENTATION_REPRESENTATION (  '', ( #357 ), #681 ) ;
#9769 = CARTESIAN_POINT ( 'NONE',  ( 2.850970273030591251, -4.871378976572164454, 3.199999999999996181 ) ) ;
#9770 = CARTESIAN_POINT ( 'NONE',  ( 4.645976046506495649, -4.390321826466804467, 3.200000000000008171 ) ) ;
#9771 = ORIENTED_EDGE ( 'NONE', *, *, #7007, .T. ) ;
#9772 = SURFACE_STYLE_FILL_AREA ( #5907 ) ;
#9773 = ORIENTED_EDGE ( 'NONE', *, *, #1521, .F. ) ;
#9774 = FILL_AREA_STYLE_COLOUR ( '', #7064 ) ;
#9775 = EDGE_CURVE ( 'NONE', #5423, #3287, #1097, .T. ) ;
#9776 = CIRCLE ( 'NONE', #7341, 0.08000000000000020983 ) ;
#9777 = CARTESIAN_POINT ( 'NONE',  ( 2.962564292107463526, -0.3077740763278043468, 3.100000000000000977 ) ) ;
#9778 = FILL_AREA_STYLE ('',( #2741 ) ) ;
#9779 = CARTESIAN_POINT ( 'NONE',  ( -8.000000000000000000, -6.500000000000000000, 0.0000000000000000000 ) ) ;
#9780 = CARTESIAN_POINT ( 'NONE',  ( 2.962564292107463526, -0.3077740763278043468, 3.200000000000000178 ) ) ;
#9781 = CARTESIAN_POINT ( 'NONE',  ( 4.715813952939865494, 0.3443234027146415688, 3.100000000000000977 ) ) ;
#9782 = CARTESIAN_POINT ( 'NONE',  ( 8.000000000000000000, 0.0000000000000000000, 0.0000000000000000000 ) ) ;
#9783 = DIRECTION ( 'NONE',  ( -1.000000000000000000, 0.0000000000000000000, 0.0000000000000000000 ) ) ;
#9784 = CIRCLE ( 'NONE', #8336, 0.5000000000000004441 ) ;
#9785 = B_SPLINE_CURVE_WITH_KNOTS ( 'NONE', 3,
 ( #5127, #1935, #6525, #4271, #5177, #6718, #2773 ),
 .UNSPECIFIED., .F., .F.,
 ( 4, 1, 1, 1, 4 ),
 ( 0.0000000000000000000, 9.226769450123801575E-05, 0.0001765366325829419798, 0.0002543118209600136862, 0.0003263061776124499781 ),
 .UNSPECIFIED. ) ;
#9786 = EDGE_CURVE ( 'NONE', #9456, #8982, #6291, .T. ) ;
#9787 = VERTEX_POINT ( 'NONE', #4287 ) ;
#9788 = CARTESIAN_POINT ( 'NONE',  ( 4.389789464466153035, -6.150213193438404780, 3.200000000000000178 ) ) ;
#9789 = VERTEX_POINT ( 'NONE', #3510 ) ;
#9790 = ADVANCED_FACE ( 'NONE', ( #1916 ), #4998, .T. ) ;
#9791 = EDGE_CURVE ( 'NONE', #5524, #2890, #8139, .T. ) ;
#9792 = B_SPLINE_CURVE_WITH_KNOTS ( 'NONE', 3,
 ( #5310, #8417, #6029, #7706, #9225, #785, #9982 ),
 .UNSPECIFIED., .F., .F.,
 ( 4, 1, 1, 1, 4 ),
 ( 0.0000000000000000000, 3.864461583986012350E-05, 7.950831221701511154E-05, 0.0001227293337773255181, 0.0001697690515307175257 ),
 .UNSPECIFIED. ) ;
#9793 = PRODUCT_DEFINITION_FORMATION_WITH_SPECIFIED_SOURCE ( 'ANY', '', #8523, .NOT_KNOWN. ) ;
#9794 = CARTESIAN_POINT ( 'NONE',  ( 2.919758980692532813, -1.582568232467511882, 3.100000000000004974 ) ) ;
#9795 = PRESENTATION_LAYER_ASSIGNMENT (  '', '', ( #213 ) ) ;
#9796 = CARTESIAN_POINT ( 'NONE',  ( 2.755214139465817613, 0.7201141326083058125, 3.100000000000000533 ) ) ;
#9797 = DIRECTION ( 'NONE',  ( 0.0000000000000000000, 0.0000000000000000000, 1.000000000000000000 ) ) ;
#9798 = CARTESIAN_POINT ( 'NONE',  ( 3.792808978092887529, -0.1062324017491729361, 3.200000000000000178 ) ) ;
#9799 = PRESENTATION_STYLE_ASSIGNMENT (( #9989 ) ) ;
#9800 = DIRECTION ( 'NONE',  ( -1.084202172485504434E-16, 1.000000000000000000, 0.0000000000000000000 ) ) ;
#9801 = CARTESIAN_POINT ( 'NONE',  ( -8.000000000000000000, -3.500000000000000444, 0.0000000000000000000 ) ) ;
#9802 = VERTEX_POINT ( 'NONE', #429 ) ;
#9803 =( GEOMETRIC_REPRESENTATION_CONTEXT ( 3 ) GLOBAL_UNCERTAINTY_ASSIGNED_CONTEXT ( ( #7907 ) ) GLOBAL_UNIT_ASSIGNED_CONTEXT ( ( #10033, #9272, #941 ) ) REPRESENTATION_CONTEXT ( 'NONE', 'WORKASPACE' ) );
#9804 = CARTESIAN_POINT ( 'NONE',  ( 4.723054446222057834, -4.935309469424491446, 3.100000000000000977 ) ) ;
#9805 = CARTESIAN_POINT ( 'NONE',  ( 2.755437382213467234, -4.697696002740297416, 3.200000000000000178 ) ) ;
#9806 =( GEOMETRIC_REPRESENTATION_CONTEXT ( 3 ) GLOBAL_UNCERTAINTY_ASSIGNED_CONTEXT ( ( #994 ) ) GLOBAL_UNIT_ASSIGNED_CONTEXT ( ( #4224, #8140, #7286 ) ) REPRESENTATION_CONTEXT ( 'NONE', 'WORKASPACE' ) );
#9807 = DIRECTION ( 'NONE',  ( -1.000000000000000000, 0.0000000000000000000, 0.0000000000000000000 ) ) ;
#9808 = CARTESIAN_POINT ( 'NONE',  ( 3.315008482651181421, -6.248095054060342157, 3.100000000000000977 ) ) ;
#9809 = ORIENTED_EDGE ( 'NONE', *, *, #8733, .T. ) ;
#9810 = CYLINDRICAL_SURFACE ( 'NONE', #4946, 0.5000000000000013323 ) ;
#9811 = ORIENTED_EDGE ( 'NONE', *, *, #5245, .T. ) ;
#9812 = DIRECTION ( 'NONE',  ( -1.000000000000000000, 0.0000000000000000000, 0.0000000000000000000 ) ) ;
#9813 =( NAMED_UNIT ( * ) SI_UNIT ( $, .STERADIAN. ) SOLID_ANGLE_UNIT ( ) );
#9814 = CARTESIAN_POINT ( 'NONE',  ( 4.715813952939865494, 0.3443234027146415688, 3.099999999999909939 ) ) ;
#9815 = STYLED_ITEM ( 'NONE', ( #3708 ), #8677 ) ;
#9816 = CARTESIAN_POINT ( 'NONE',  ( 7.500000000000000000, -5.000000000000000000, 1.000000000000000000 ) ) ;
#9817 = CARTESIAN_POINT ( 'NONE',  ( 4.401127661500168209, -4.200531107630911976, 3.200000000000009504 ) ) ;
#9818 = EDGE_LOOP ( 'NONE', ( #3649, #4417, #5943, #3396 ) ) ;
#9819 = CARTESIAN_POINT ( 'NONE',  ( 4.231004542484099851, -6.787589768463152318, 3.100000000000003197 ) ) ;
#9820 = ORIENTED_EDGE ( 'NONE', *, *, #9734, .T. ) ;
#9821 = VECTOR ( 'NONE', #2430, 1000.000000000000000 ) ;
#9822 = CARTESIAN_POINT ( 'NONE',  ( 3.080278898498522544, -6.015659607467767955, 3.100000000000000977 ) ) ;
#9823 = CARTESIAN_POINT ( 'NONE',  ( 3.545935232787338798, -4.522077739676891639, 3.100000000000596501 ) ) ;
#9824 = CARTESIAN_POINT ( 'NONE',  ( 3.730087634750426151, -1.755459710982182564, 3.100000000000000533 ) ) ;
#9825 =( NAMED_UNIT ( * ) SI_UNIT ( $, .STERADIAN. ) SOLID_ANGLE_UNIT ( ) );
#9826 = CARTESIAN_POINT ( 'NONE',  ( 3.938939765183770980, -6.350680747353220745, 3.199999999999985079 ) ) ;
#9827 = DIRECTION ( 'NONE',  ( 0.0000000000000000000, 0.0000000000000000000, -1.000000000000000000 ) ) ;
#9828 = FACE_OUTER_BOUND ( 'NONE', #5136, .T. ) ;
#9829 = DIRECTION ( 'NONE',  ( 0.0000000000000000000, 0.0000000000000000000, 1.000000000000000000 ) ) ;
#9830 = CARTESIAN_POINT ( 'NONE',  ( 3.004031937540677433, -1.756910698751239508, 3.200000000000000178 ) ) ;
#9831 = CARTESIAN_POINT ( 'NONE',  ( 8.000000000000000000, 0.5000000000000004441, 1.000000000000000000 ) ) ;
#9832 = VECTOR ( 'NONE', #5202, 1000.000000000000000 ) ;
#9833 = DIRECTION ( 'NONE',  ( -1.000000000000000000, -0.0000000000000000000, 0.0000000000000000000 ) ) ;
#9834 = VERTEX_POINT ( 'NONE', #2745 ) ;
#9835 = CARTESIAN_POINT ( 'NONE',  ( 1.538881060897523412, 6.156522020678421470, 3.100000000000000977 ) ) ;
#9836 = ORIENTED_EDGE ( 'NONE', *, *, #6392, .T. ) ;
#9837 = UNCERTAINTY_MEASURE_WITH_UNIT (LENGTH_MEASURE( 1.000000000000000082E-05 ), #4997, 'distance_accuracy_value', 'NONE');
#9838 = SURFACE_STYLE_USAGE ( .BOTH. , #9016 ) ;
#9839 = VECTOR ( 'NONE', #3224, 1000.000000000000000 ) ;
#9840 = CARTESIAN_POINT ( 'NONE',  ( -4.544929958533820091, 6.820462724888163741, 2.000000000000001332 ) ) ;
#9841 = EDGE_CURVE ( 'NONE', #1694, #7132, #5825, .T. ) ;
#9842 = CARTESIAN_POINT ( 'NONE',  ( 4.357343892660743734, -6.208013685001462889, 3.099999999999999645 ) ) ;
#9843 = CARTESIAN_POINT ( 'NONE',  ( 2.962564292107463526, -0.3077740763278043468, 3.200000000000000178 ) ) ;
#9844 = EDGE_CURVE ( 'NONE', #7654, #9515, #9063, .T. ) ;
#9845 = LINE ( 'NONE', #549, #305 ) ;
#9846 = DIRECTION ( 'NONE',  ( 0.5787554009110198461, -0.8155011869496725518, 0.0000000000000000000 ) ) ;
#9847 = ADVANCED_FACE ( 'NONE', ( #9636 ), #2651, .F. ) ;
#9848 =( NAMED_UNIT ( * ) PLANE_ANGLE_UNIT ( ) SI_UNIT ( $, .RADIAN. ) );
#9849 = CARTESIAN_POINT ( 'NONE',  ( 3.095810266113899978, -1.427634176299824809, 3.100000000000012079 ) ) ;
#9850 = EDGE_LOOP ( 'NONE', ( #2293, #7049, #8741, #6931, #9931 ) ) ;
#9851 = LINE ( 'NONE', #7369, #4891 ) ;
#9852 =( LENGTH_UNIT ( ) NAMED_UNIT ( * ) SI_UNIT ( .MILLI., .METRE. ) );
#9853 = EDGE_CURVE ( 'NONE', #2953, #1720, #4670, .T. ) ;
#9854 = DIRECTION ( 'NONE',  ( 1.000000000000000000, 1.239088197126290817E-16, -0.0000000000000000000 ) ) ;
#9855 = FILL_AREA_STYLE_COLOUR ( '', #3284 ) ;
#9856 = CARTESIAN_POINT ( 'NONE',  ( 3.738396492785633018, 0.5425371340503121198, 3.100000000000000533 ) ) ;
#9857 = CARTESIAN_POINT ( 'NONE',  ( 3.821825124293583897, -6.657000840087348159, 3.199999999999999734 ) ) ;
#9858 = CARTESIAN_POINT ( 'NONE',  ( 3.595131865398332849, -2.175925219760375118, 3.100000000000000533 ) ) ;
#9859 = EDGE_CURVE ( 'NONE', #9694, #8595, #2423, .T. ) ;
#9860 = CARTESIAN_POINT ( 'NONE',  ( 2.876248749467862798, -1.736019084070745677, 3.200000000000000178 ) ) ;
#9861 = ORIENTED_EDGE ( 'NONE', *, *, #3620, .T. ) ;
#9862 = SURFACE_SIDE_STYLE ('',( #8991 ) ) ;
#9863 = ORIENTED_EDGE ( 'NONE', *, *, #8863, .F. ) ;
#9864 = CARTESIAN_POINT ( 'NONE',  ( 4.135395816089626919, -1.701773279296272312, 3.199999999999997069 ) ) ;
#9865 = CARTESIAN_POINT ( 'NONE',  ( 2.810517235747603149, -4.345311247823238965, 3.100000000000000977 ) ) ;
#9866 = CARTESIAN_POINT ( 'NONE',  ( 3.955901720212568584, 0.2581833021763279556, 3.199999999999996181 ) ) ;
#9867 = CARTESIAN_POINT ( 'NONE',  ( 3.867272384408443564, -2.154197495321063638, 3.099999999999927258 ) ) ;
#9868 = CARTESIAN_POINT ( 'NONE',  ( 4.014618947186716191, -1.621498449057540148, 3.200000000000001510 ) ) ;
#9869 = ORIENTED_EDGE ( 'NONE', *, *, #2207, .F. ) ;
#9870 = CARTESIAN_POINT ( 'NONE',  ( 4.162896566367807694, 0.2272923163588276285, 3.199999999999998845 ) ) ;
#9871 = CARTESIAN_POINT ( 'NONE',  ( 4.293096055254888022, -4.158213973213698011, 3.200000000000000178 ) ) ;
#9872 = CARTESIAN_POINT ( 'NONE',  ( 3.724142124364770101, -1.042597064514585892, 3.099999999999976108 ) ) ;
#9873 = CIRCLE ( 'NONE', #5323, 0.5000000000000013323 ) ;
#9874 = ORIENTED_EDGE ( 'NONE', *, *, #4992, .F. ) ;
#9875 = SURFACE_STYLE_USAGE ( .BOTH. , #6784 ) ;
#9876 = CARTESIAN_POINT ( 'NONE',  ( -5.661792873543972426, 5.020462724888161254, 1.920000000000000151 ) ) ;
#9877 = CARTESIAN_POINT ( 'NONE',  ( 2.829365606988659021, -2.330860437877298796, 3.100000000000000977 ) ) ;
#9878 = LINE ( 'NONE', #7495, #6380 ) ;
#9879 = VECTOR ( 'NONE', #2378, 1000.000000000000000 ) ;
#9880 = CARTESIAN_POINT ( 'NONE',  ( 8.000000000000000000, 1.000000000000000888, 2.200000000000000178 ) ) ;
#9881 = ORIENTED_EDGE ( 'NONE', *, *, #323, .T. ) ;
#9882 = CARTESIAN_POINT ( 'NONE',  ( 8.000000000000000000, -8.500000000000000000, 1.000000000000000000 ) ) ;
#9883 = CARTESIAN_POINT ( 'NONE',  ( 2.765891369577620384, 1.416765001920875955, 3.199999999999998401 ) ) ;
#9884 = ORIENTED_EDGE ( 'NONE', *, *, #3626, .F. ) ;
#9885 = VECTOR ( 'NONE', #193, 1000.000000000000000 ) ;
#9886 = ORIENTED_EDGE ( 'NONE', *, *, #9338, .F. ) ;
#9887 = CARTESIAN_POINT ( 'NONE',  ( 2.506206775549459032, 4.851300258385033537, 3.100000000000000977 ) ) ;
#9888 = CARTESIAN_POINT ( 'NONE',  ( 2.677580274937839899, -4.909349479070556299, 3.100000000000094680 ) ) ;
#9889 = CARTESIAN_POINT ( 'NONE',  ( 2.743784162159144113, 0.6239099292525960294, 3.100000000000000977 ) ) ;
#9890 = CARTESIAN_POINT ( 'NONE',  ( 2.886239002933277398, -4.563976409954482172, 3.100000000000000977 ) ) ;
#9891 = VECTOR ( 'NONE', #7399, 1000.000000000000000 ) ;
#9892 = CARTESIAN_POINT ( 'NONE',  ( -5.248034047458795648, 5.958881338486582635, 1.999999999999999556 ) ) ;
#9893 = CARTESIAN_POINT ( 'NONE',  ( 2.862869378016088984, -2.262531979561058115, 3.099999999999932143 ) ) ;
#9894 = ORIENTED_EDGE ( 'NONE', *, *, #9775, .T. ) ;
#9895 = EDGE_CURVE ( 'NONE', #650, #5624, #8509, .T. ) ;
#9896 = CARTESIAN_POINT ( 'NONE',  ( 4.739841372398581498, -4.893918897895198405, 3.200000000000001066 ) ) ;
#9897 = EDGE_CURVE ( 'NONE', #1698, #5524, #2340, .T. ) ;
#9898 = B_SPLINE_SURFACE_WITH_KNOTS ( 'NONE', 3, 1, ( 
 ( #4062, #8698 ),
 ( #253, #2587 ),
 ( #4874, #5645 ),
 ( #301, #4116 ),
 ( #7997, #4818 ),
 ( #3340, #7942 ),
 ( #5694, #207 ),
 ( #3294, #1025 ),
 ( #8800, #1742 ),
 ( #6425, #1845 ),
 ( #8749, #1077 ),
 ( #4171, #7278 ),
 ( #702, #4507 ),
 ( #7623, #8526 ),
 ( #5470, #4608 ),
 ( #2322, #6144 ),
 ( #3788, #8574 ),
 ( #4559, #7671 ),
 ( #6913, #6196 ) ),
 .UNSPECIFIED., .F., .F., .F.,
 ( 4, 1, 1, 1, 1, 1, 1, 1, 1, 1, 1, 1, 1, 1, 1, 1, 4 ),
 ( 2, 2 ),
 ( 0.0000000000000000000, 0.07987218312154581445, 0.1556054392424036370, 0.2279238427262013922, 0.2971246893134659173, 0.3627224386298250614, 0.4259687718263395761, 0.4872999457626633890, 0.5468631879008353236, 0.6051510961569183111, 0.6618311069046028949, 0.7175508696654993024, 0.7733873276002743991, 0.8289369143120132177, 0.8846630485653086406, 0.9415681131821167504, 1.000000000000000000 ),
 ( 0.0000000000000000000, 1.000000000000000000 ),
 .UNSPECIFIED. ) ;
#9899 = CARTESIAN_POINT ( 'NONE',  ( 2.762294244009007471, -4.667669785652514669, 3.200000000000001510 ) ) ;
#9900 = CARTESIAN_POINT ( 'NONE',  ( 2.926654683091475473, -5.204010770257330165, 3.199999999999996181 ) ) ;
#9901 = FILL_AREA_STYLE ('',( #9855 ) ) ;
#9902 = CARTESIAN_POINT ( 'NONE',  ( 3.784165198651266326, -6.634253705389383526, 3.100000000000000977 ) ) ;
#9903 = CARTESIAN_POINT ( 'NONE',  ( 4.335009589348675973, -4.912211698241279123, 3.200000000000000178 ) ) ;
#9904 = VERTEX_POINT ( 'NONE', #6371 ) ;
#9905 = ADVANCED_FACE ( 'NONE', ( #5488 ), #8759, .F. ) ;
#9906 =( LENGTH_UNIT ( ) NAMED_UNIT ( * ) SI_UNIT ( .MILLI., .METRE. ) );
#9907 = CARTESIAN_POINT ( 'NONE',  ( 4.323416484173798757, -5.280961620534480261, 3.200000000000000178 ) ) ;
#9908 = VERTEX_POINT ( 'NONE', #8897 ) ;
#9909 = LINE ( 'NONE', #7475, #9429 ) ;
#9910 = EDGE_CURVE ( 'NONE', #1257, #11, #3765, .T. ) ;
#9911 = EDGE_CURVE ( 'NONE', #5396, #4245, #2499, .T. ) ;
#9912 = DIRECTION ( 'NONE',  ( 0.0000000000000000000, 0.0000000000000000000, 1.000000000000000000 ) ) ;
#9913 = COLOUR_RGB ( '',1.000000000000000000, 1.000000000000000000, 0.0000000000000000000 ) ;
#9914 = CARTESIAN_POINT ( 'NONE',  ( -4.761792873543973847, 6.820462724888163741, 2.000000000000000000 ) ) ;
#9915 = VECTOR ( 'NONE', #9191, 1000.000000000000000 ) ;
#9916 = DIRECTION ( 'NONE',  ( 0.0000000000000000000, 0.0000000000000000000, 1.000000000000000000 ) ) ;
#9917 = CARTESIAN_POINT ( 'NONE',  ( 3.723825462961914745, 0.7127005927504495020, 3.199999999999996181 ) ) ;
#9918 = ORIENTED_EDGE ( 'NONE', *, *, #8591, .T. ) ;
#9919 = LINE ( 'NONE', #5394, #9574 ) ;
#9920 = CARTESIAN_POINT ( 'NONE',  ( 4.699891294586261203, -4.469488205844956319, 3.200000000000009504 ) ) ;
#9921 = CIRCLE ( 'NONE', #9760, 0.5000000000000004441 ) ;
#9922 = LINE ( 'NONE', #4480, #8418 ) ;
#9923 = VECTOR ( 'NONE', #4262, 1000.000000000000000 ) ;
#9924 = VERTEX_POINT ( 'NONE', #1857 ) ;
#9925 = CARTESIAN_POINT ( 'NONE',  ( 7.200000000000001954, -8.000000000000000000, 1.200000000000000178 ) ) ;
#9926 =( NAMED_UNIT ( * ) PLANE_ANGLE_UNIT ( ) SI_UNIT ( $, .RADIAN. ) );
#9927 = DIRECTION ( 'NONE',  ( 1.000000000000000000, 1.334402673828310627E-16, 0.0000000000000000000 ) ) ;
#9928 = PLANE ( 'NONE',  #849 ) ;
#9929 = PRESENTATION_LAYER_ASSIGNMENT (  '', '', ( #8629 ) ) ;
#9930 = CARTESIAN_POINT ( 'NONE',  ( 4.181635937649142321, -0.2672681772008105305, 3.199999999999997513 ) ) ;
#9931 = ORIENTED_EDGE ( 'NONE', *, *, #163, .F. ) ;
#9932 = DIRECTION ( 'NONE',  ( 0.001892144200366152823, -0.9999982098935603636, 0.0000000000000000000 ) ) ;
#9933 = DIRECTION ( 'NONE',  ( 0.9321690295519318159, 0.3620233422642933907, 0.0000000000000000000 ) ) ;
#9934 = LINE ( 'NONE', #3716, #7320 ) ;
#9935 = VERTEX_POINT ( 'NONE', #7194 ) ;
#9936 = STYLED_ITEM ( 'NONE', ( #6702 ), #4879 ) ;
#9937 =( NAMED_UNIT ( * ) SI_UNIT ( $, .STERADIAN. ) SOLID_ANGLE_UNIT ( ) );
#9938 = ORIENTED_EDGE ( 'NONE', *, *, #651, .F. ) ;
#9939 = CARTESIAN_POINT ( 'NONE',  ( 3.060876527566346095, -5.272320278736420285, 3.100000000000094236 ) ) ;
#9940 = COLOUR_RGB ( '',1.000000000000000000, 1.000000000000000000, 0.0000000000000000000 ) ;
#9941 = CARTESIAN_POINT ( 'NONE',  ( 4.284493926769738614, -6.282353614813241727, 3.199999999999998845 ) ) ;
#9942 = DIRECTION ( 'NONE',  ( 0.0000000000000000000, -0.0000000000000000000, -1.000000000000000000 ) ) ;
#9943 = LINE ( 'NONE', #1309, #2297 ) ;
#9944 =( LENGTH_UNIT ( ) NAMED_UNIT ( * ) SI_UNIT ( .MILLI., .METRE. ) );
#9945 = FACE_OUTER_BOUND ( 'NONE', #5865, .T. ) ;
#9946 = ORIENTED_EDGE ( 'NONE', *, *, #8678, .T. ) ;
#9947 = COLOUR_RGB ( '',0.7921568627450980005, 0.8196078431372548767, 0.9333333333333333481 ) ;
#9948 = MECHANICAL_DESIGN_GEOMETRIC_PRESENTATION_REPRESENTATION (  '', ( #213 ), #5889 ) ;
#9949 = CARTESIAN_POINT ( 'NONE',  ( 2.854866390392821973, -0.3895252682335951788, 3.100000000000000977 ) ) ;
#9950 = CARTESIAN_POINT ( 'NONE',  ( 0.0000000000000000000, 0.0000000000000000000, 3.200000000000000178 ) ) ;
#9951 = DIRECTION ( 'NONE',  ( -0.0000000000000000000, -0.0000000000000000000, -1.000000000000000000 ) ) ;
#9952 = SURFACE_STYLE_USAGE ( .BOTH. , #6860 ) ;
#9953 = EDGE_CURVE ( 'NONE', #9759, #9221, #5561, .T. ) ;
#9954 = CARTESIAN_POINT ( 'NONE',  ( 0.0000000000000000000, -0.5877921551671416722, 3.200000000000000178 ) ) ;
#9955 = CARTESIAN_POINT ( 'NONE',  ( 2.894343327039917924, -1.756910698751239508, 3.200000000000000622 ) ) ;
#9956 = ORIENTED_EDGE ( 'NONE', *, *, #7240, .F. ) ;
#9957 = LINE ( 'NONE', #8442, #133 ) ;
#9958 = CARTESIAN_POINT ( 'NONE',  ( 4.252495744081506324, -5.305382717938861070, 3.099999999999999645 ) ) ;
#9959 = ORIENTED_EDGE ( 'NONE', *, *, #16, .F. ) ;
#9961 = VECTOR ( 'NONE', #4419, 1000.000000000000000 ) ;
#9960 = FACE_BOUND ( 'NONE', #7630, .T. ) ;
#9962 = SURFACE_STYLE_USAGE ( .BOTH. , #6008 ) ;
#9963 = CARTESIAN_POINT ( 'NONE',  ( 2.647065594792024523, -4.654034248936379292, 3.100000000000000977 ) ) ;
#9964 = EDGE_CURVE ( 'NONE', #2191, #6669, #3495, .T. ) ;
#9965 = CARTESIAN_POINT ( 'NONE',  ( 4.293096055254888022, -4.158213973213698011, 3.200000000000000178 ) ) ;
#9966 = DIRECTION ( 'NONE',  ( -1.000000000000000000, -3.381078175093106737E-26, 1.667531135765213511E-14 ) ) ;
#9967 = ORIENTED_EDGE ( 'NONE', *, *, #2571, .F. ) ;
#9968 = CARTESIAN_POINT ( 'NONE',  ( 4.335009589348675085, -4.912211698241279123, 3.200000000000000178 ) ) ;
#9969 = EDGE_CURVE ( 'NONE', #6695, #2854, #364, .T. ) ;
#9970 = CARTESIAN_POINT ( 'NONE',  ( -2.000000000000000888, 5.000000000000000888, 3.000000000000000000 ) ) ;
#9971 = EDGE_LOOP ( 'NONE', ( #7404, #6121, #5114, #52 ) ) ;
#9972 = CARTESIAN_POINT ( 'NONE',  ( 3.095810266113900422, -1.427634176299824809, 3.200000000000000178 ) ) ;
#9973 = DIRECTION ( 'NONE',  ( -0.0000000000000000000, -0.0000000000000000000, -1.000000000000000000 ) ) ;
#9974 = CARTESIAN_POINT ( 'NONE',  ( -5.781792873543972533, 4.780462724888162818, 2.000000000000000444 ) ) ;
#9975 = ORIENTED_EDGE ( 'NONE', *, *, #1329, .F. ) ;
#9976 = CARTESIAN_POINT ( 'NONE',  ( 2.766368594624921240, 0.7530506896931947747, 3.200000000000005951 ) ) ;
#9977 = CARTESIAN_POINT ( 'NONE',  ( 2.970135382835162208, 1.326294593696384583, 3.199999999999997513 ) ) ;
#9978 = ADVANCED_FACE ( 'NONE', ( #265 ), #5600, .T. ) ;
#9979 = CARTESIAN_POINT ( 'NONE',  ( 7.499999999999999112, 5.000000000000000000, 0.0000000000000000000 ) ) ;
#9980 = EDGE_LOOP ( 'NONE', ( #2621, #4318, #3326, #4671 ) ) ;
#9981 = ORIENTED_EDGE ( 'NONE', *, *, #6378, .F. ) ;
#9982 = CARTESIAN_POINT ( 'NONE',  ( 4.021549860966421974, -1.564286797384051964, 3.200000000000000178 ) ) ;
#9983 = DIRECTION ( 'NONE',  ( -1.000000000000000000, 0.0000000000000000000, 0.0000000000000000000 ) ) ;
#9984 =( GEOMETRIC_REPRESENTATION_CONTEXT ( 3 ) GLOBAL_UNCERTAINTY_ASSIGNED_CONTEXT ( ( #6069 ) ) GLOBAL_UNIT_ASSIGNED_CONTEXT ( ( #6951, #791, #5265 ) ) REPRESENTATION_CONTEXT ( 'NONE', 'WORKASPACE' ) );
#9985 = CARTESIAN_POINT ( 'NONE',  ( 2.815288418161955963, 0.8147435701991072587, 3.199999999999998401 ) ) ;
#9986 = CARTESIAN_POINT ( 'NONE',  ( 4.135697358072903285, -1.685568513059688689, 3.099999999999876188 ) ) ;
#9987 =( BOUNDED_SURFACE ( )  B_SPLINE_SURFACE ( 3, 3, ( 
 ( #2115, #8278, #6852, #4458 ),
 ( #3681, #9185, #2169, #1416 ),
 ( #8224, #5929, #492, #7457 ),
 ( #1466, #3576, #9024, #647 ) ),
 .UNSPECIFIED., .F., .F., .F. ) 
 B_SPLINE_SURFACE_WITH_KNOTS ( ( 4, 4 ),
 ( 4, 4 ),
 ( 0.0000000000000000000, 1.000000000000000000 ),
 ( 0.0000000000000000000, 1.000000000000000000 ),
 .UNSPECIFIED. ) 
 GEOMETRIC_REPRESENTATION_ITEM ( )  RATIONAL_B_SPLINE_SURFACE ( (
 ( 1.000000000000000000, 0.3333333333333317605, 0.3333333333333317605, 1.000000000000000000),
 ( 0.8047378541243626060, 0.2682459513747862956, 0.2682459513747862956, 0.8047378541243626060),
 ( 0.8047378541243626060, 0.2682459513747862956, 0.2682459513747862956, 0.8047378541243626060),
 ( 1.000000000000000000, 0.3333333333333317605, 0.3333333333333317605, 1.000000000000000000) ) ) 
 REPRESENTATION_ITEM ( '' )  SURFACE ( )  );
#9988 = CARTESIAN_POINT ( 'NONE',  ( 2.797595321543739022, -5.637415229455133847, 3.100000000000000089 ) ) ;
#9989 = SURFACE_STYLE_USAGE ( .BOTH. , #1256 ) ;
#9990 = FILL_AREA_STYLE ('',( #2117 ) ) ;
#9991 = ORIENTED_EDGE ( 'NONE', *, *, #4124, .F. ) ;
#9992 = VECTOR ( 'NONE', #4511, 1000.000000000000000 ) ;
#9993 = EDGE_CURVE ( 'NONE', #3258, #5673, #2009, .T. ) ;
#9994 = CARTESIAN_POINT ( 'NONE',  ( 3.206465389440453340, -4.131460653579368092, 3.100000000000616929 ) ) ;
#9995 = LINE ( 'NONE', #609, #2477 ) ;
#9996 = CARTESIAN_POINT ( 'NONE',  ( 8.000000000000000000, -3.000000000000000000, 1.000000000000000000 ) ) ;
#9997 = CARTESIAN_POINT ( 'NONE',  ( 2.680134382049636610, -1.402506273696920935, 3.100000000000046718 ) ) ;
#9998 = CARTESIAN_POINT ( 'NONE',  ( 2.698046528498621477, -1.457941016052661354, 3.100000000000000977 ) ) ;
#9999 = VERTEX_POINT ( 'NONE', #1177 ) ;
#10000 = ORIENTED_EDGE ( 'NONE', *, *, #2677, .T. ) ;
#10001 = CARTESIAN_POINT ( 'NONE',  ( 3.004031937540677433, -1.756910698751239508, 3.150000000000000355 ) ) ;
#10002 = CARTESIAN_POINT ( 'NONE',  ( 2.685153400602423801, -4.519501804072799445, 3.200000000000000178 ) ) ;
#10003 = VERTEX_POINT ( 'NONE', #4127 ) ;
#10004 = DIRECTION ( 'NONE',  ( 0.0000000000000000000, -1.000000000000000000, 0.0000000000000000000 ) ) ;
#10005 = CARTESIAN_POINT ( 'NONE',  ( 3.914090693768523810, -1.364082788787137179, 3.199999999999999734 ) ) ;
#10006 = CARTESIAN_POINT ( 'NONE',  ( 2.934027417830843198, -4.247837593988708527, 3.100000000000000977 ) ) ;
#10007 = CARTESIAN_POINT ( 'NONE',  ( 4.162896566367807694, 0.2272923163588276285, 3.199999999999998845 ) ) ;
#10008 = CARTESIAN_POINT ( 'NONE',  ( 4.655066806004994895, -4.789396806494265135, 3.100000000000514344 ) ) ;
#10009 = CARTESIAN_POINT ( 'NONE',  ( 4.088876695448134591, -1.938625910762523885, 3.100000000000679101 ) ) ;
#10010 = ORIENTED_EDGE ( 'NONE', *, *, #5189, .F. ) ;
#10011 = DIRECTION ( 'NONE',  ( 1.000000000000000000, 0.0000000000000000000, 0.0000000000000000000 ) ) ;
#10012 = LINE ( 'NONE', #4579, #458 ) ;
#10013 = ORIENTED_EDGE ( 'NONE', *, *, #5180, .F. ) ;
#10014 = SURFACE_STYLE_USAGE ( .BOTH. , #4633 ) ;
#10015 = CARTESIAN_POINT ( 'NONE',  ( 3.165423145989809228, -1.440876700268706401, 3.199999999999999289 ) ) ;
#10016 = EDGE_CURVE ( 'NONE', #3084, #3760, #6391, .T. ) ;
#10017 = CARTESIAN_POINT ( 'NONE',  ( 2.669727519373380709, -2.077578397307194180, 3.200000000000000178 ) ) ;
#10018 = EDGE_CURVE ( 'NONE', #855, #6452, #1570, .T. ) ;
#10019 = LINE ( 'NONE', #774, #824 ) ;
#10020 = AXIS2_PLACEMENT_3D ( 'NONE', #4901, #4744, #893 ) ;
#10021 =( NAMED_UNIT ( * ) PLANE_ANGLE_UNIT ( ) SI_UNIT ( $, .RADIAN. ) );
#10022 = LINE ( 'NONE', #6172, #5218 ) ;
#10023 = DIRECTION ( 'NONE',  ( 1.000000000000000000, 0.0000000000000000000, 0.0000000000000000000 ) ) ;
#10024 = EDGE_LOOP ( 'NONE', ( #2253, #4327, #8032, #3925 ) ) ;
#10025 = ADVANCED_FACE ( 'NONE', ( #7242 ), #3307, .F. ) ;
#10026 = CARTESIAN_POINT ( 'NONE',  ( 4.264559180978268138, -6.788830544899951747, 3.200000000000000178 ) ) ;
#10027 = EDGE_LOOP ( 'NONE', ( #5816, #7159, #6217, #616 ) ) ;
#10028 = UNCERTAINTY_MEASURE_WITH_UNIT (LENGTH_MEASURE( 1.000000000000000082E-05 ), #3197, 'distance_accuracy_value', 'NONE');
#10029 = CARTESIAN_POINT ( 'NONE',  ( 4.453544764680929191, -5.704899052143111327, 3.199999999999999289 ) ) ;
#10030 = EDGE_CURVE ( 'NONE', #8595, #8532, #735, .T. ) ;
#10031 = SURFACE_STYLE_FILL_AREA ( #6032 ) ;
#10032 =( NAMED_UNIT ( * ) PLANE_ANGLE_UNIT ( ) SI_UNIT ( $, .RADIAN. ) );
#10033 =( LENGTH_UNIT ( ) NAMED_UNIT ( * ) SI_UNIT ( .MILLI., .METRE. ) );
#10034 = DIRECTION ( 'NONE',  ( 0.002033549430271827663, -0.9999979323362196970, 0.0000000000000000000 ) ) ;
#10035 = CARTESIAN_POINT ( 'NONE',  ( 2.928601582357002631, -1.522607535994789485, 3.100000000000005862 ) ) ;
#10036 = LINE ( 'NONE', #8625, #488 ) ;
#10037 =( GEOMETRIC_REPRESENTATION_CONTEXT ( 3 ) GLOBAL_UNCERTAINTY_ASSIGNED_CONTEXT ( ( #5015 ) ) GLOBAL_UNIT_ASSIGNED_CONTEXT ( ( #9171, #868, #3960 ) ) REPRESENTATION_CONTEXT ( 'NONE', 'WORKASPACE' ) );
#10038 = SURFACE_STYLE_USAGE ( .BOTH. , #5987 ) ;
#10039 = B_SPLINE_SURFACE_WITH_KNOTS ( 'NONE', 3, 1, ( 
 ( #2793, #4996 ),
 ( #5043, #9061 ),
 ( #3561, #6690 ),
 ( #378, #1095 ),
 ( #2696, #5809 ),
 ( #9781, #2098 ),
 ( #8912, #8153 ),
 ( #2048, #9735 ),
 ( #4286, #3615 ),
 ( #1188, #7396 ),
 ( #8262, #2743 ),
 ( #5146, #7298 ),
 ( #427, #3509 ),
 ( #1292, #5858 ),
 ( #8960, #4384 ),
 ( #2003, #7500 ),
 ( #6736, #4720 ),
 ( #7598, #6369 ),
 ( #3665, #6019 ),
 ( #46, #9348 ),
 ( #2200, #1636 ),
 ( #7129, #8645 ),
 ( #7890, #6073 ),
 ( #5201, #9452 ),
 ( #155, #631 ),
 ( #4486, #9930 ),
 ( #8317, #3238 ) ),
 .UNSPECIFIED., .F., .F., .F.,
 ( 4, 1, 1, 1, 1, 1, 1, 1, 1, 1, 1, 1, 1, 1, 1, 1, 1, 1, 1, 1, 1, 1, 1, 1, 4 ),
 ( 2, 2 ),
 ( 0.0000000000000000000, 0.07253771769672519298, 0.1396830976029830862, 0.2021796823612645178, 0.2597488863832905226, 0.3123920944541753730, 0.3601602166786972981, 0.4031896460071660027, 0.4416147063097576320, 0.4774478399171869225, 0.5122298108971110597, 0.5467694482161884473, 0.5811200537014953316, 0.6151870560396385246, 0.6494750523220329530, 0.6841783097584648310, 0.7192492421823962756, 0.7544036217545173617, 0.7890618197595631322, 0.8232756756366820250, 0.8576565960582671622, 0.8922565054481745861, 0.9272177276267183910, 0.9631633446399529008, 1.000000000000000000 ),
 ( 0.0000000000000000000, 1.000000000000000000 ),
 .UNSPECIFIED. ) ;
#10040 = ORIENTED_EDGE ( 'NONE', *, *, #3426, .T. ) ;
#10041 = CARTESIAN_POINT ( 'NONE',  ( 4.182961556093556688, -5.660286344991731333, 3.150000000000000355 ) ) ;
#10042 = VECTOR ( 'NONE', #2113, 1000.000000000000114 ) ;
#10043 = CARTESIAN_POINT ( 'NONE',  ( -8.000000000000000000, 0.0000000000000000000, 0.0000000000000000000 ) ) ;
#10044 = CARTESIAN_POINT ( 'NONE',  ( 2.919758980692532813, -1.582568232467511882, 3.200000000000000178 ) ) ;
#10045 = CARTESIAN_POINT ( 'NONE',  ( 4.629296105326321964, -4.614803961639624141, 3.100000000000077360 ) ) ;
#10046 = CARTESIAN_POINT ( 'NONE',  ( 3.097204001767567938, -6.679130474798892436, 3.100000000000000089 ) ) ;
#10047 = CARTESIAN_POINT ( 'NONE',  ( 3.678675523089367072, -2.174939262470993118, 3.100000000000000977 ) ) ;
#10048 = CARTESIAN_POINT ( 'NONE',  ( 2.667206088389278751, -1.312858217765184632, 3.100000000000000977 ) ) ;
#10049 = VERTEX_POINT ( 'NONE', #5186 ) ;
#10050 = ORIENTED_EDGE ( 'NONE', *, *, #4615, .T. ) ;
#10051 = VECTOR ( 'NONE', #1745, 999.9999999999998863 ) ;
#10052 = LINE ( 'NONE', #4766, #8697 ) ;
#10053 = VERTEX_POINT ( 'NONE', #571 ) ;
#10054 = CARTESIAN_POINT ( 'NONE',  ( 3.081071653837733404, -6.469575795542692020, 3.099999999999855760 ) ) ;
#10055 = DIRECTION ( 'NONE',  ( -0.0000000000000000000, -0.0000000000000000000, -1.000000000000000000 ) ) ;
#10056 = CARTESIAN_POINT ( 'NONE',  ( 3.723250347043625119, 0.8479693318753205311, 3.100000000000000977 ) ) ;
#10057 = CARTESIAN_POINT ( 'NONE',  ( 2.868115918852054858, -4.293270760376050710, 3.199999999999999289 ) ) ;
#10058 = CARTESIAN_POINT ( 'NONE',  ( 3.681336812949838944, -4.065915020475253883, 3.100000000000000977 ) ) ;
#10059 = COLOUR_RGB ( '',1.000000000000000000, 1.000000000000000000, 0.0000000000000000000 ) ;
#10060 = B_SPLINE_SURFACE_WITH_KNOTS ( 'NONE', 3, 1, ( 
 ( #9590, #2615 ),
 ( #8973, #5006 ),
 ( #7453, #8074 ),
 ( #3415, #9541 ),
 ( #6557, #6606 ),
 ( #2015, #2660 ),
 ( #5109, #489 ),
 ( #2573, #9647 ),
 ( #599, #9941 ),
 ( #3724, #5979 ),
 ( #6134, #4454 ),
 ( #9842, #7708 ),
 ( #8273, #3630 ),
 ( #7512, #692 ),
 ( #3572, #9182 ),
 ( #2860, #1459 ),
 ( #8470, #5264 ),
 ( #6848, #2963 ),
 ( #2808, #547 ) ),
 .UNSPECIFIED., .F., .F., .F.,
 ( 4, 1, 1, 1, 1, 1, 1, 1, 1, 1, 1, 1, 1, 1, 1, 1, 4 ),
 ( 2, 2 ),
 ( 0.0000000000000000000, 0.06973789381698521084, 0.1366798739551320363, 0.2013863315978876301, 0.2654504638438225372, 0.3271697380876062433, 0.3895452065605834457, 0.4528491905735660406, 0.5159045346760551265, 0.5793299458799320290, 0.6402335110395959150, 0.6999892530145112035, 0.7590759858251610037, 0.8173706720696600758, 0.8767982458860940076, 0.9374961709589646475, 1.000000000000000000 ),
 ( 0.0000000000000000000, 1.000000000000000000 ),
 .UNSPECIFIED. ) ;
#10061 = CARTESIAN_POINT ( 'NONE',  ( 2.794883017873982300, -1.783602348372401503, 3.199999999999989075 ) ) ;
#10062 = CARTESIAN_POINT ( 'NONE',  ( 4.104053321215041628, -1.902968806779446354, 3.100000000000677769 ) ) ;
#10063 = EDGE_LOOP ( 'NONE', ( #9208, #2438, #4778, #9956, #2055, #4706, #8460, #140, #7319, #1324 ) ) ;
#10064 = DIRECTION ( 'NONE',  ( -0.001880579655305065481, 0.9999982317085165384, 0.0000000000000000000 ) ) ;
#10065 = DIRECTION ( 'NONE',  ( -0.0000000000000000000, -0.0000000000000000000, 1.000000000000000000 ) ) ;
#10066 = ORIENTED_EDGE ( 'NONE', *, *, #5745, .T. ) ;
#10067 = VECTOR ( 'NONE', #5640, 1000.000000000000000 ) ;
#10068 = CARTESIAN_POINT ( 'NONE',  ( -5.661792873543975091, 6.820462724888162853, 1.920000000000000373 ) ) ;
ENDSEC;
END-ISO-10303-21;
