ISO-10303-21;
HEADER;
FILE_DESCRIPTION (( 'STEP AP214' ),
    '1' );
FILE_NAME ('User Library-RA07M1317M 6.5W 7.2V 2 Stage Amplifier.STEP',
    '2022-03-14T07:24:36',
    ( '' ),
    ( '' ),
    'SwSTEP 2.0',
    'SolidWorks 2021',
    '' );
FILE_SCHEMA (( 'AUTOMOTIVE_DESIGN' ));
ENDSEC;

DATA;
#1 = CARTESIAN_POINT ( 'NONE',  ( 0.8449999999999999734, -0.7070710663691498477, 0.2397463783025765849 ) ) ;
#2 = AXIS2_PLACEMENT_3D ( 'NONE', #1274, #1301, #2741 ) ;
#3 = CARTESIAN_POINT ( 'NONE',  ( 1.330000729300989892, 1.490293211059419944E-08, 0.0000000000000000000 ) ) ;
#4 = CARTESIAN_POINT ( 'NONE',  ( -0.1749999999999990175, -0.6506801934038898283, 0.2247768615746260357 ) ) ;
#5 = CARTESIAN_POINT ( 'NONE',  ( -1.330000729300989892, 0.1500000081938670238, 0.1499999999999999944 ) ) ;
#6 = VECTOR ( 'NONE', #338, 100.0000000000000000 ) ;
#7 = VERTEX_POINT ( 'NONE', #1694 ) ;
#8 = AXIS2_PLACEMENT_3D ( 'NONE', #1635, #608, #2505 ) ;
#9 = AXIS2_PLACEMENT_3D ( 'NONE', #1186, #1200, #138 ) ;
#10 = FILL_AREA_STYLE ('',( #2499 ) ) ;
#11 = ORIENTED_EDGE ( 'NONE', *, *, #1312, .T. ) ;
#12 = EDGE_CURVE ( 'NONE', #1944, #2200, #1058, .T. ) ;
#13 = ADVANCED_FACE ( 'NONE', ( #1476 ), #2212, .T. ) ;
#14 = CARTESIAN_POINT ( 'NONE',  ( 0.8900000000000000133, -0.6620710663691499187, 0.07249999999999999500 ) ) ;
#15 = DIRECTION ( 'NONE',  ( 0.0000000000000000000, 0.0000000000000000000, -1.000000000000000000 ) ) ;
#16 = DIRECTION ( 'NONE',  ( -0.0000000000000000000, 1.000000000000000000, -0.0000000000000000000 ) ) ;
#17 = CARTESIAN_POINT ( 'NONE',  ( 0.9350000000000001643, -0.6345710663691499498, 0.2247768615746259802 ) ) ;
#18 = CARTESIAN_POINT ( 'NONE',  ( -0.8449999999999999734, -0.6620710663691499187, 0.07249999999999999500 ) ) ;
#19 = CARTESIAN_POINT ( 'NONE',  ( -0.1074999999999990269, -0.6845710663691499942, 0.1972768615746260112 ) ) ;
#20 = ORIENTED_EDGE ( 'NONE', *, *, #1045, .F. ) ;
#21 = CARTESIAN_POINT ( 'NONE',  ( -0.1299999999999990052, -0.6345710663691499498, 0.2697768615746259924 ) ) ;
#22 = ORIENTED_EDGE ( 'NONE', *, *, #285, .T. ) ;
#23 = LINE ( 'NONE', #873, #2392 ) ;
#24 = ADVANCED_FACE ( 'NONE', ( #2316 ), #652, .F. ) ;
#25 = VECTOR ( 'NONE', #2004, 100.0000000000000000 ) ;
#26 = DIRECTION ( 'NONE',  ( -0.0000000000000000000, -0.0000000000000000000, -1.000000000000000000 ) ) ;
#27 = CARTESIAN_POINT ( 'NONE',  ( -0.8900000000000000133, -0.6345710663691499498, 0.2472768615746260279 ) ) ;
#28 =( BOUNDED_SURFACE ( )  B_SPLINE_SURFACE ( 3, 3, ( 
 ( #1132, #108, #949, #301 ),
 ( #1143, #1973, #92, #748 ),
 ( #2205, #1155, #1959, #1735 ),
 ( #1786, #2364, #83, #1311 ) ),
 .UNSPECIFIED., .F., .F., .F. ) 
 B_SPLINE_SURFACE_WITH_KNOTS ( ( 4, 4 ),
 ( 4, 4 ),
 ( 0.0000000000000000000, 1.000000000000000000 ),
 ( 0.0000000000000000000, 1.000000000000000000 ),
 .UNSPECIFIED. ) 
 GEOMETRIC_REPRESENTATION_ITEM ( )  RATIONAL_B_SPLINE_SURFACE ( (
 ( 1.000000000000000000, 0.8047378541243649375, 0.8047378541243649375, 1.000000000000000000),
 ( 0.3333333333333333703, 0.2682459513747883495, 0.2682459513747883495, 0.3333333333333333703),
 ( 0.3333333333333333703, 0.2682459513747883495, 0.2682459513747883495, 0.3333333333333333703),
 ( 1.000000000000000000, 0.8047378541243649375, 0.8047378541243649375, 1.000000000000000000) ) ) 
 REPRESENTATION_ITEM ( '' )  SURFACE ( )  );
#29 = EDGE_CURVE ( 'NONE', #2321, #1609, #384, .T. ) ;
#30 = CARTESIAN_POINT ( 'NONE',  ( 1.060000000000000053, -0.4500000026077030091, 0.1499999973177910118 ) ) ;
#31 = DIRECTION ( 'NONE',  ( 0.0000000000000000000, 0.0000000000000000000, 1.000000000000000000 ) ) ;
#32 = DIRECTION ( 'NONE',  ( 0.0000000000000000000, 0.0000000000000000000, -1.000000000000000000 ) ) ;
#33 = ORIENTED_EDGE ( 'NONE', *, *, #2330, .T. ) ;
#34 = DIRECTION ( 'NONE',  ( 0.0000000000000000000, 1.000000000000000000, 0.0000000000000000000 ) ) ;
#35 = CARTESIAN_POINT ( 'NONE',  ( -0.8900000000000000133, -0.6845710663691499942, 0.1972768615746260112 ) ) ;
#36 = ORIENTED_EDGE ( 'NONE', *, *, #2344, .T. ) ;
#37 = PLANE ( 'NONE',  #1203 ) ;
#38 = ORIENTED_EDGE ( 'NONE', *, *, #82, .F. ) ;
#39 = FACE_OUTER_BOUND ( 'NONE', #1684, .T. ) ;
#40 = DIRECTION ( 'NONE',  ( 0.0000000000000000000, 0.0000000000000000000, -1.000000000000000000 ) ) ;
#41 = DIRECTION ( 'NONE',  ( 0.0000000000000000000, -1.000000000000000000, 1.224646799147353207E-16 ) ) ;
#42 = DIRECTION ( 'NONE',  ( 0.0000000000000000000, -1.000000000000000000, -0.0000000000000000000 ) ) ;
#43 = EDGE_CURVE ( 'NONE', #56, #2053, #2118, .T. ) ;
#44 =( BOUNDED_SURFACE ( )  B_SPLINE_SURFACE ( 3, 3, ( 
 ( #580, #1413, #1196, #1034 ),
 ( #613, #1429, #2258, #1667 ),
 ( #1225, #2509, #197, #2287 ),
 ( #1839, #1211, #385, #182 ) ),
 .UNSPECIFIED., .F., .F., .F. ) 
 B_SPLINE_SURFACE_WITH_KNOTS ( ( 4, 4 ),
 ( 4, 4 ),
 ( 0.0000000000000000000, 1.000000000000000000 ),
 ( 0.0000000000000000000, 1.000000000000000000 ),
 .UNSPECIFIED. ) 
 GEOMETRIC_REPRESENTATION_ITEM ( )  RATIONAL_B_SPLINE_SURFACE ( (
 ( 1.000000000000000000, 0.8047378541243649375, 0.8047378541243649375, 1.000000000000000000),
 ( 0.3333333333333333703, 0.2682459513747883495, 0.2682459513747883495, 0.3333333333333333703),
 ( 0.3333333333333333703, 0.2682459513747883495, 0.2682459513747883495, 0.3333333333333333703),
 ( 1.000000000000000000, 0.8047378541243649375, 0.8047378541243649375, 1.000000000000000000) ) ) 
 REPRESENTATION_ITEM ( '' )  SURFACE ( )  );
#45 = EDGE_CURVE ( 'NONE', #1365, #1231, #1250, .T. ) ;
#46 = DIRECTION ( 'NONE',  ( 0.0000000000000000000, 0.0000000000000000000, -1.000000000000000000 ) ) ;
#47 = SURFACE_STYLE_FILL_AREA ( #1925 ) ;
#48 = EDGE_LOOP ( 'NONE', ( #2244, #22, #1588, #1412 ) ) ;
#49 = VECTOR ( 'NONE', #1600, 100.0000000000000000 ) ;
#50 = CARTESIAN_POINT ( 'NONE',  ( 0.8900000000000000133, -0.7345710663691500386, 0.07249999999999999500 ) ) ;
#51 = DIRECTION ( 'NONE',  ( 0.0000000000000000000, 1.000000000000000000, -0.0000000000000000000 ) ) ;
#52 = CIRCLE ( 'NONE', #193, 0.07249999999999999500 ) ;
#53 = ORIENTED_EDGE ( 'NONE', *, *, #353, .F. ) ;
#54 = CIRCLE ( 'NONE', #145, 0.02249999999999999223 ) ;
#55 = LINE ( 'NONE', #1324, #2709 ) ;
#56 = VERTEX_POINT ( 'NONE', #1224 ) ;
#57 = STYLED_ITEM ( 'NONE', ( #1422 ), #2402 ) ;
#58 = CARTESIAN_POINT ( 'NONE',  ( -1.060000000000000053, -0.2999999895691869978, 0.0000000000000000000 ) ) ;
#59 = DIRECTION ( 'NONE',  ( -1.000000000000000000, 0.0000000000000000000, 0.0000000000000000000 ) ) ;
#60 = CARTESIAN_POINT ( 'NONE',  ( -0.8900000000000000133, -0.7070710663691500697, 0.05639087296526009568 ) ) ;
#61 = CARTESIAN_POINT ( 'NONE',  ( -0.1299999999999990052, -0.5000000014901160306, 0.2697768615746259924 ) ) ;
#62 = EDGE_CURVE ( 'NONE', #1944, #2487, #195, .T. ) ;
#63 = ORIENTED_EDGE ( 'NONE', *, *, #2003, .T. ) ;
#64 = CARTESIAN_POINT ( 'NONE',  ( -0.9350000000000001643, -0.7345710663691500386, 0.04499999999999999140 ) ) ;
#65 = PRESENTATION_STYLE_ASSIGNMENT (( #1322 ) ) ;
#66 = ORIENTED_EDGE ( 'NONE', *, *, #2204, .T. ) ;
#67 = PLANE ( 'NONE',  #198 ) ;
#68 = VERTEX_POINT ( 'NONE', #1033 ) ;
#69 = DIRECTION ( 'NONE',  ( 1.000000000000000000, 0.0000000000000000000, -0.0000000000000000000 ) ) ;
#70 = CIRCLE ( 'NONE', #656, 0.02249999999999999223 ) ;
#71 = CARTESIAN_POINT ( 'NONE',  ( -0.1299999999999990052, -0.7345710663691500386, 0.02249999999999999917 ) ) ;
#72 = AXIS2_PLACEMENT_3D ( 'NONE', #1652, #2661, #2252 ) ;
#73 = CARTESIAN_POINT ( 'NONE',  ( -0.1299999999999990052, -0.6845710663691499942, 0.1972768615746260112 ) ) ;
#74 = DIRECTION ( 'NONE',  ( 0.0000000000000000000, 0.0000000000000000000, -1.000000000000000000 ) ) ;
#75 = AXIS2_PLACEMENT_3D ( 'NONE', #560, #1192, #1397 ) ;
#76 = ORIENTED_EDGE ( 'NONE', *, *, #62, .T. ) ;
#77 = CIRCLE ( 'NONE', #1624, 0.02750000000000000708 ) ;
#78 = DIRECTION ( 'NONE',  ( 1.000000000000000000, 0.0000000000000000000, 0.0000000000000000000 ) ) ;
#79 = CARTESIAN_POINT ( 'NONE',  ( 0.3350000000000000200, -0.6345710663691499498, 0.2247768615746259802 ) ) ;
#80 = VERTEX_POINT ( 'NONE', #2719 ) ;
#81 = EDGE_CURVE ( 'NONE', #911, #180, #626, .T. ) ;
#82 = EDGE_CURVE ( 'NONE', #1297, #659, #1963, .T. ) ;
#83 = CARTESIAN_POINT ( 'NONE',  ( 0.8900000000000000133, -0.6921015496411994095, -3.592729953582957016E-17 ) ) ;
#84 = DIRECTION ( 'NONE',  ( 0.0000000000000000000, 6.123233995736766036E-17, -1.000000000000000000 ) ) ;
#85 = DIRECTION ( 'NONE',  ( 0.0000000000000000000, 0.0000000000000000000, 1.000000000000000000 ) ) ;
#86 = CARTESIAN_POINT ( 'NONE',  ( 1.060000000000000053, 0.3700000104308129867, 0.0000000000000000000 ) ) ;
#87 = ORIENTED_EDGE ( 'NONE', *, *, #1764, .F. ) ;
#88 = ORIENTED_EDGE ( 'NONE', *, *, #756, .F. ) ;
#89 = DIRECTION ( 'NONE',  ( 0.0000000000000000000, 0.0000000000000000000, -1.000000000000000000 ) ) ;
#90 = ORIENTED_EDGE ( 'NONE', *, *, #2254, .T. ) ;
#91 = CARTESIAN_POINT ( 'NONE',  ( -0.8900000000000000133, -0.6345710663691499498, 0.2697768615746259924 ) ) ;
#92 = CARTESIAN_POINT ( 'NONE',  ( 0.8449999999999999734, -0.7184619393344098270, 0.04500000000000003997 ) ) ;
#93 = CIRCLE ( 'NONE', #1199, 0.07249999999999999500 ) ;
#94 = DIRECTION ( 'NONE',  ( 1.000000000000000000, 0.0000000000000000000, 0.0000000000000000000 ) ) ;
#95 = EDGE_CURVE ( 'NONE', #2382, #2676, #1727, .T. ) ;
#96 = EDGE_CURVE ( 'NONE', #2596, #2315, #2015, .T. ) ;
#97 = ORIENTED_EDGE ( 'NONE', *, *, #1532, .F. ) ;
#98 = AXIS2_PLACEMENT_3D ( 'NONE', #2142, #1258, #2366 ) ;
#99 = DIRECTION ( 'NONE',  ( 0.0000000000000000000, -0.0000000000000000000, -1.000000000000000000 ) ) ;
#100 = LINE ( 'NONE', #2598, #2457 ) ;
#101 = VECTOR ( 'NONE', #1299, 100.0000000000000000 ) ;
#102 = CARTESIAN_POINT ( 'NONE',  ( 0.3800000000000000044, -0.7070710663691498477, 0.1972768615746260112 ) ) ;
#103 = CARTESIAN_POINT ( 'NONE',  ( 1.330000729300989892, 1.490293211059419944E-08, 0.1499999999999999944 ) ) ;
#104 = ORIENTED_EDGE ( 'NONE', *, *, #1312, .F. ) ;
#105 = LINE ( 'NONE', #1981, #1595 ) ;
#106 = ORIENTED_EDGE ( 'NONE', *, *, #62, .F. ) ;
#107 = CARTESIAN_POINT ( 'NONE',  ( -0.8900000000000000133, -0.7070710663691497366, 0.2397463783025765571 ) ) ;
#108 = CARTESIAN_POINT ( 'NONE',  ( 0.8900000000000000133, -0.7070710663691500697, 0.05639087296526009568 ) ) ;
#109 = CARTESIAN_POINT ( 'NONE',  ( -4.440892098500630106E-16, -0.3699999895691870044, 0.1499999999999999944 ) ) ;
#110 = ORIENTED_EDGE ( 'NONE', *, *, #82, .T. ) ;
#111 = CARTESIAN_POINT ( 'NONE',  ( -0.1299999999999990052, -0.6845710663691499942, 0.07249999999999999500 ) ) ;
#112 = EDGE_CURVE ( 'NONE', #1758, #686, #741, .T. ) ;
#113 = CARTESIAN_POINT ( 'NONE',  ( 0.3800000000000000044, -0.6345710663691499498, 0.2247768615746260079 ) ) ;
#114 = CARTESIAN_POINT ( 'NONE',  ( 0.4249999999999999889, -0.6506801934038898283, 0.2247768615746260357 ) ) ;
#115 = AXIS2_PLACEMENT_3D ( 'NONE', #1863, #1015, #160 ) ;
#116 = CARTESIAN_POINT ( 'NONE',  ( -0.8900000000000000133, -0.7345710663691500386, 0.02249999999999999917 ) ) ;
#117 = EDGE_CURVE ( 'NONE', #186, #1789, #1928, .T. ) ;
#118 = CIRCLE ( 'NONE', #1921, 0.02249999999999999917 ) ;
#119 = VERTEX_POINT ( 'NONE', #259 ) ;
#120 = DIRECTION ( 'NONE',  ( 0.0000000000000000000, -1.000000000000000000, 0.0000000000000000000 ) ) ;
#121 = CIRCLE ( 'NONE', #1394, 0.02249999999999995060 ) ;
#122 = AXIS2_PLACEMENT_3D ( 'NONE', #1778, #2403, #2464 ) ;
#123 = ORIENTED_EDGE ( 'NONE', *, *, #1262, .T. ) ;
#124 = CARTESIAN_POINT ( 'NONE',  ( -0.8900000000000000133, -0.7070710663691498477, 0.1972768615746260112 ) ) ;
#125 = DIRECTION ( 'NONE',  ( 0.0000000000000000000, 0.0000000000000000000, 1.000000000000000000 ) ) ;
#126 = LINE ( 'NONE', #1572, #1783 ) ;
#127 = ORIENTED_EDGE ( 'NONE', *, *, #1937, .T. ) ;
#128 = CARTESIAN_POINT ( 'NONE',  ( -1.060000000000000053, -0.3699999895691870044, 0.0000000000000000000 ) ) ;
#129 = CARTESIAN_POINT ( 'NONE',  ( -0.1299999999999990052, -0.7345710663691500386, 0.0000000000000000000 ) ) ;
#130 = CARTESIAN_POINT ( 'NONE',  ( -1.500000000000000000, 0.1500000081956400222, 0.0000000000000000000 ) ) ;
#131 = ORIENTED_EDGE ( 'NONE', *, *, #1936, .F. ) ;
#132 = EDGE_CURVE ( 'NONE', #1453, #1365, #483, .T. ) ;
#133 = VERTEX_POINT ( 'NONE', #1713 ) ;
#134 = EDGE_CURVE ( 'NONE', #2469, #771, #1317, .T. ) ;
#135 = LINE ( 'NONE', #1372, #1068 ) ;
#136 = ORIENTED_EDGE ( 'NONE', *, *, #1156, .F. ) ;
#137 = CARTESIAN_POINT ( 'NONE',  ( -0.1299999999999990052, -0.7345710663691500386, 0.02249999999999999917 ) ) ;
#138 = DIRECTION ( 'NONE',  ( 0.0000000000000000000, 0.0000000000000000000, -1.000000000000000000 ) ) ;
#139 = DIRECTION ( 'NONE',  ( -0.0000000000000000000, 0.0000000000000000000, 1.000000000000000000 ) ) ;
#140 = AXIS2_PLACEMENT_3D ( 'NONE', #432, #583, #2056 ) ;
#141 = ORIENTED_EDGE ( 'NONE', *, *, #95, .F. ) ;
#142 = AXIS2_PLACEMENT_3D ( 'NONE', #342, #1968, #2425 ) ;
#143 = DIRECTION ( 'NONE',  ( 0.7071067811865480168, 0.0000000000000000000, 0.7071067811865470176 ) ) ;
#144 = DIRECTION ( 'NONE',  ( -1.000000000000000000, 0.0000000000000000000, 0.0000000000000000000 ) ) ;
#145 = AXIS2_PLACEMENT_3D ( 'NONE', #27, #1724, #1891 ) ;
#146 = CARTESIAN_POINT ( 'NONE',  ( -0.08499999999999904854, -0.6506801934038898283, 0.2247768615746260357 ) ) ;
#147 = CARTESIAN_POINT ( 'NONE',  ( 1.060000000000000053, -0.4500000025831745187, 0.1499999973177910118 ) ) ;
#148 = PRESENTATION_LAYER_ASSIGNMENT (  '', '', ( #57 ) ) ;
#149 = DIRECTION ( 'NONE',  ( 0.0000000000000000000, 0.0000000000000000000, -1.000000000000000000 ) ) ;
#150 = ORIENTED_EDGE ( 'NONE', *, *, #2407, .F. ) ;
#151 = EDGE_LOOP ( 'NONE', ( #1531, #1771 ) ) ;
#152 = ADVANCED_FACE ( 'NONE', ( #716 ), #2308, .T. ) ;
#153 = ORIENTED_EDGE ( 'NONE', *, *, #712, .T. ) ;
#154 = LINE ( 'NONE', #329, #1897 ) ;
#155 = CARTESIAN_POINT ( 'NONE',  ( -0.1299999999999990052, -0.6845710663691499942, 0.07249999999999999500 ) ) ;
#156 = CARTESIAN_POINT ( 'NONE',  ( 0.3800000000000000044, -0.6845710663691499942, 0.1972768615746260112 ) ) ;
#157 = ORIENTED_EDGE ( 'NONE', *, *, #828, .T. ) ;
#158 = FILL_AREA_STYLE ('',( #175 ) ) ;
#159 = DIRECTION ( 'NONE',  ( -0.0000000000000000000, -0.0000000000000000000, -1.000000000000000000 ) ) ;
#160 = DIRECTION ( 'NONE',  ( 0.0000000000000000000, 1.000000000000000000, 0.0000000000000000000 ) ) ;
#161 = DIRECTION ( 'NONE',  ( -0.0000000000000000000, 1.000000000000000000, 0.0000000000000000000 ) ) ;
#162 = DIRECTION ( 'NONE',  ( 0.0000000000000000000, 0.0000000000000000000, -1.000000000000000000 ) ) ;
#163 = VERTEX_POINT ( 'NONE', #1738 ) ;
#164 = VECTOR ( 'NONE', #1389, 100.0000000000000000 ) ;
#165 = VERTEX_POINT ( 'NONE', #2393 ) ;
#166 = AXIS2_PLACEMENT_3D ( 'NONE', #768, #812, #1823 ) ;
#167 = ORIENTED_EDGE ( 'NONE', *, *, #1936, .T. ) ;
#168 = AXIS2_PLACEMENT_3D ( 'NONE', #2506, #942, #1329 ) ;
#169 = CARTESIAN_POINT ( 'NONE',  ( 0.3350000000000000200, -0.6620710663691499187, 0.03003048327204933809 ) ) ;
#170 = CARTESIAN_POINT ( 'NONE',  ( 0.3800000000000000044, -0.6345710663691499498, 0.2472768615746260279 ) ) ;
#171 = VECTOR ( 'NONE', #2599, 100.0000000000000000 ) ;
#172 = ORIENTED_EDGE ( 'NONE', *, *, #2270, .T. ) ;
#173 = EDGE_CURVE ( 'NONE', #133, #465, #865, .T. ) ;
#174 = EDGE_CURVE ( 'NONE', #1344, #1008, #77, .T. ) ;
#175 = FILL_AREA_STYLE_COLOUR ( '', #1118 ) ;
#176 = DIRECTION ( 'NONE',  ( 0.0000000000000000000, 0.0000000000000000000, -1.000000000000000000 ) ) ;
#177 = DIRECTION ( 'NONE',  ( 0.0000000000000000000, -1.000000000000000000, 0.0000000000000000000 ) ) ;
#178 = CARTESIAN_POINT ( 'NONE',  ( 0.4249999999999999889, -0.6921015496411992984, -3.592729953582956400E-17 ) ) ;
#179 = CARTESIAN_POINT ( 'NONE',  ( 0.3800000000000000044, -0.5000000014901160306, 0.2697768615746259924 ) ) ;
#180 = VERTEX_POINT ( 'NONE', #878 ) ;
#181 = CARTESIAN_POINT ( 'NONE',  ( -1.060000000000000053, 0.3700000104308129867, 0.1499999999999999944 ) ) ;
#182 = CARTESIAN_POINT ( 'NONE',  ( -0.1299999999999990052, -0.7345710663691499276, 0.04499999999999998446 ) ) ;
#183 = ORIENTED_EDGE ( 'NONE', *, *, #994, .T. ) ;
#184 = DIRECTION ( 'NONE',  ( -1.000000000000000000, 0.0000000000000000000, -0.0000000000000000000 ) ) ;
#185 = CARTESIAN_POINT ( 'NONE',  ( -0.1299999999999990330, -0.6921015496411994095, -3.592729953582957016E-17 ) ) ;
#186 = VERTEX_POINT ( 'NONE', #692 ) ;
#187 = CARTESIAN_POINT ( 'NONE',  ( -1.034999999999999920, 0.2500000007450580153, 0.5150000006705519606 ) ) ;
#188 = EDGE_CURVE ( 'NONE', #771, #2583, #676, .T. ) ;
#189 = EDGE_CURVE ( 'NONE', #1342, #2374, #2063, .T. ) ;
#190 = LINE ( 'NONE', #1218, #611 ) ;
#191 = FACE_OUTER_BOUND ( 'NONE', #307, .T. ) ;
#192 = DIRECTION ( 'NONE',  ( 0.0000000000000000000, -0.0000000000000000000, -1.000000000000000000 ) ) ;
#193 = AXIS2_PLACEMENT_3D ( 'NONE', #2602, #1400, #721 ) ;
#194 = ORIENTED_EDGE ( 'NONE', *, *, #2610, .T. ) ;
#195 = LINE ( 'NONE', #1854, #2550 ) ;
#196 = CIRCLE ( 'NONE', #1072, 0.02249999999999999917 ) ;
#197 = CARTESIAN_POINT ( 'NONE',  ( -0.08499999999999904854, -0.7184619393344098270, 0.04500000000000003997 ) ) ;
#198 = AXIS2_PLACEMENT_3D ( 'NONE', #909, #1748, #1376 ) ;
#199 = ORIENTED_EDGE ( 'NONE', *, *, #598, .T. ) ;
#200 = CARTESIAN_POINT ( 'NONE',  ( 0.3800000000000000044, -0.6921015496411994095, -3.592729953582957016E-17 ) ) ;
#201 = CARTESIAN_POINT ( 'NONE',  ( 0.8900000000000000133, -0.7345710663691500386, 0.02249999999999999917 ) ) ;
#202 = ORIENTED_EDGE ( 'NONE', *, *, #2737, .T. ) ;
#203 = EDGE_CURVE ( 'NONE', #1885, #1641, #2658, .T. ) ;
#204 = CARTESIAN_POINT ( 'NONE',  ( -0.8900000000000000133, -0.5000000014901160306, 0.2472768615746260279 ) ) ;
#205 = CARTESIAN_POINT ( 'NONE',  ( 0.9349999999999999423, -0.7070710663691498477, 0.2397463783025765849 ) ) ;
#206 = VERTEX_POINT ( 'NONE', #2005 ) ;
#207 = ADVANCED_FACE ( 'NONE', ( #1175 ), #880, .T. ) ;
#208 = ORIENTED_EDGE ( 'NONE', *, *, #2292, .T. ) ;
#209 = CARTESIAN_POINT ( 'NONE',  ( 0.3350000000000000200, -0.7070710663691500697, 0.07249999999999999500 ) ) ;
#210 = CARTESIAN_POINT ( 'NONE',  ( -0.1749999999999990175, -0.7070710663691500697, 0.05639087296526010956 ) ) ;
#211 = CIRCLE ( 'NONE', #2144, 0.02249999999999995060 ) ;
#212 = ORIENTED_EDGE ( 'NONE', *, *, #2220, .F. ) ;
#213 = LINE ( 'NONE', #2571, #855 ) ;
#214 = AXIS2_PLACEMENT_3D ( 'NONE', #469, #2549, #651 ) ;
#215 = CARTESIAN_POINT ( 'NONE',  ( -1.330000729300989892, 5.958693094498810089E-09, 0.1499999999999999944 ) ) ;
#216 = DIRECTION ( 'NONE',  ( 0.0000000000000000000, 0.0000000000000000000, -1.000000000000000000 ) ) ;
#217 = CARTESIAN_POINT ( 'NONE',  ( 1.500000000000000000, 1.043081265805770025E-08, 0.1499999999999999944 ) ) ;
#218 = ORIENTED_EDGE ( 'NONE', *, *, #575, .F. ) ;
#219 = DIRECTION ( 'NONE',  ( -0.0000000000000000000, -0.0000000000000000000, -1.000000000000000000 ) ) ;
#220 = ADVANCED_FACE ( 'NONE', ( #1136 ), #1563, .T. ) ;
#221 = EDGE_CURVE ( 'NONE', #566, #163, #518, .T. ) ;
#222 = ORIENTED_EDGE ( 'NONE', *, *, #2513, .T. ) ;
#223 = DIRECTION ( 'NONE',  ( 0.0000000000000000000, 0.0000000000000000000, 1.000000000000000000 ) ) ;
#224 = ORIENTED_EDGE ( 'NONE', *, *, #2475, .F. ) ;
#225 = LINE ( 'NONE', #1066, #2128 ) ;
#226 = UNCERTAINTY_MEASURE_WITH_UNIT (LENGTH_MEASURE( 1.000000000000000082E-05 ), #1391, 'distance_accuracy_value', 'NONE');
#227 = DIRECTION ( 'NONE',  ( -1.000000000000000000, -0.0000000000000000000, 0.0000000000000000000 ) ) ;
#228 = CARTESIAN_POINT ( 'NONE',  ( -0.1524999999999990252, -0.6845710663691499942, 0.1972768615746260112 ) ) ;
#229 =( BOUNDED_SURFACE ( )  B_SPLINE_SURFACE ( 3, 3, ( 
 ( #856, #1074, #1924, #456 ),
 ( #1715, #471, #445, #2552 ),
 ( #1910, #4, #1513, #1278 ),
 ( #1500, #2369, #693, #430 ) ),
 .UNSPECIFIED., .F., .F., .F. ) 
 B_SPLINE_SURFACE_WITH_KNOTS ( ( 4, 4 ),
 ( 4, 4 ),
 ( 0.0000000000000000000, 1.000000000000000000 ),
 ( 0.0000000000000000000, 1.000000000000000000 ),
 .UNSPECIFIED. ) 
 GEOMETRIC_REPRESENTATION_ITEM ( )  RATIONAL_B_SPLINE_SURFACE ( (
 ( 1.000000000000000000, 0.8047378541243649375, 0.8047378541243649375, 1.000000000000000000),
 ( 0.3333333333333333703, 0.2682459513747883495, 0.2682459513747883495, 0.3333333333333333703),
 ( 0.3333333333333333703, 0.2682459513747883495, 0.2682459513747883495, 0.3333333333333333703),
 ( 1.000000000000000000, 0.8047378541243649375, 0.8047378541243649375, 1.000000000000000000) ) ) 
 REPRESENTATION_ITEM ( '' )  SURFACE ( )  );
#230 = CARTESIAN_POINT ( 'NONE',  ( 0.8449999999999999734, -0.7070710663691499587, 0.1972768615746260112 ) ) ;
#231 = VECTOR ( 'NONE', #1417, 100.0000000000000000 ) ;
#232 = CARTESIAN_POINT ( 'NONE',  ( -0.8900000000000000133, -0.7070710663691500697, 0.07249999999999999500 ) ) ;
#233 = LINE ( 'NONE', #2342, #1948 ) ;
#234 = ORIENTED_EDGE ( 'NONE', *, *, #699, .F. ) ;
#235 = AXIS2_PLACEMENT_3D ( 'NONE', #1380, #280, #1589 ) ;
#236 = CARTESIAN_POINT ( 'NONE',  ( -0.9349999999999999423, -0.7184619393344098270, 0.04500000000000003997 ) ) ;
#237 = EDGE_CURVE ( 'NONE', #1829, #7, #2421, .T. ) ;
#238 = CIRCLE ( 'NONE', #463, 0.02250000000000003733 ) ;
#239 = ORIENTED_EDGE ( 'NONE', *, *, #504, .F. ) ;
#240 = CARTESIAN_POINT ( 'NONE',  ( 0.8675000000000000488, -0.6845710663691499942, 0.07249999999999999500 ) ) ;
#241 = CARTESIAN_POINT ( 'NONE',  ( -1.060000000000000053, -0.2999999895691850549, 0.1499999999999999944 ) ) ;
#242 = PLANE ( 'NONE',  #1511 ) ;
#243 = CARTESIAN_POINT ( 'NONE',  ( 0.9350000000000001643, -0.6345710663691499498, 0.2697768615746259924 ) ) ;
#244 = CARTESIAN_POINT ( 'NONE',  ( -4.440892098500630106E-16, 0.1500000081956399944, 0.1499999999999999944 ) ) ;
#245 =( BOUNDED_SURFACE ( )  B_SPLINE_SURFACE ( 3, 3, ( 
 ( #14, #436, #1038, #2542 ),
 ( #633, #647, #660, #2740 ),
 ( #1494, #836, #687, #1481 ),
 ( #672, #1243, #1699, #2338 ) ),
 .UNSPECIFIED., .F., .F., .F. ) 
 B_SPLINE_SURFACE_WITH_KNOTS ( ( 4, 4 ),
 ( 4, 4 ),
 ( 0.0000000000000000000, 1.000000000000000000 ),
 ( 0.0000000000000000000, 1.000000000000000000 ),
 .UNSPECIFIED. ) 
 GEOMETRIC_REPRESENTATION_ITEM ( )  RATIONAL_B_SPLINE_SURFACE ( (
 ( 1.000000000000000000, 0.8047378541243649375, 0.8047378541243649375, 1.000000000000000000),
 ( 0.3333333333333333703, 0.2682459513747883495, 0.2682459513747883495, 0.3333333333333333703),
 ( 0.3333333333333333703, 0.2682459513747883495, 0.2682459513747883495, 0.3333333333333333703),
 ( 1.000000000000000000, 0.8047378541243649375, 0.8047378541243649375, 1.000000000000000000) ) ) 
 REPRESENTATION_ITEM ( '' )  SURFACE ( )  );
#246 = CARTESIAN_POINT ( 'NONE',  ( -0.8900000000000000133, -0.6845710663691499942, 0.1972768615746260112 ) ) ;
#247 = ORIENTED_EDGE ( 'NONE', *, *, #2204, .F. ) ;
#248 = FILL_AREA_STYLE ('',( #1119 ) ) ;
#249 = ORIENTED_EDGE ( 'NONE', *, *, #2683, .F. ) ;
#250 = VECTOR ( 'NONE', #2489, 100.0000000000000000 ) ;
#251 = FACE_OUTER_BOUND ( 'NONE', #326, .T. ) ;
#252 = MECHANICAL_DESIGN_GEOMETRIC_PRESENTATION_REPRESENTATION (  '', ( #1265 ), #739 ) ;
#253 = EDGE_CURVE ( 'NONE', #2007, #2098, #1793, .T. ) ;
#254 = ADVANCED_FACE ( 'NONE', ( #2197 ), #1605, .T. ) ;
#255 = ORIENTED_EDGE ( 'NONE', *, *, #941, .T. ) ;
#256 = VECTOR ( 'NONE', #1204, 100.0000000000000000 ) ;
#257 = CARTESIAN_POINT ( 'NONE',  ( 0.4250000000000000444, -0.7070710663691500697, 0.07249999999999999500 ) ) ;
#258 = DIRECTION ( 'NONE',  ( 1.000000000000000000, 0.0000000000000000000, -0.0000000000000000000 ) ) ;
#259 = CARTESIAN_POINT ( 'NONE',  ( -0.8900000000000000133, -0.6345710663691499498, 0.2697768615746259924 ) ) ;
#260 = DIRECTION ( 'NONE',  ( 1.000000000000000000, 0.0000000000000000000, 0.0000000000000000000 ) ) ;
#261 = VERTEX_POINT ( 'NONE', #545 ) ;
#262 = FACE_OUTER_BOUND ( 'NONE', #151, .T. ) ;
#263 = ORIENTED_EDGE ( 'NONE', *, *, #666, .F. ) ;
#264 = CARTESIAN_POINT ( 'NONE',  ( -1.060000000000000053, 0.3700000104308133198, 0.0000000000000000000 ) ) ;
#265 = ORIENTED_EDGE ( 'NONE', *, *, #2293, .T. ) ;
#266 = DIRECTION ( 'NONE',  ( 0.0000000000000000000, 0.0000000000000000000, 1.000000000000000000 ) ) ;
#267 = ADVANCED_FACE ( 'NONE', ( #1577 ), #1368, .T. ) ;
#268 = ADVANCED_FACE ( 'NONE', ( #2224 ), #426, .T. ) ;
#269 = CYLINDRICAL_SURFACE ( 'NONE', #343, 0.02249999999999999223 ) ;
#270 = CARTESIAN_POINT ( 'NONE',  ( -0.8449999999999999734, -0.7070710663691500697, 0.05639087296526010956 ) ) ;
#271 = AXIS2_PLACEMENT_3D ( 'NONE', #1842, #2694, #1643 ) ;
#272 = EDGE_LOOP ( 'NONE', ( #88, #2377, #1053, #904 ) ) ;
#273 = VECTOR ( 'NONE', #1502, 100.0000000000000000 ) ;
#274 = SURFACE_SIDE_STYLE ('',( #1321 ) ) ;
#275 = ORIENTED_EDGE ( 'NONE', *, *, #829, .F. ) ;
#276 = CIRCLE ( 'NONE', #1201, 0.02750000000000000708 ) ;
#277 = CARTESIAN_POINT ( 'NONE',  ( 0.8900000000000000133, -0.5000000014901160306, 0.2697768615746259924 ) ) ;
#278 = EDGE_LOOP ( 'NONE', ( #971, #2653, #1310, #533, #1357 ) ) ;
#279 = VECTOR ( 'NONE', #1388, 100.0000000000000000 ) ;
#280 = DIRECTION ( 'NONE',  ( 0.0000000000000000000, 0.0000000000000000000, -1.000000000000000000 ) ) ;
#281 = CARTESIAN_POINT ( 'NONE',  ( -0.8900000000000000133, -0.5000000014901160306, 0.2472768615746260279 ) ) ;
#282 = DIRECTION ( 'NONE',  ( -0.0000000000000000000, 1.000000000000000000, -0.0000000000000000000 ) ) ;
#283 = DIRECTION ( 'NONE',  ( 1.000000000000000000, 0.0000000000000000000, 0.0000000000000000000 ) ) ;
#284 = APPLICATION_PROTOCOL_DEFINITION ( 'draft international standard', 'automotive_design', 1998, #1902 ) ;
#285 = EDGE_CURVE ( 'NONE', #2487, #2007, #368, .T. ) ;
#286 = ORIENTED_EDGE ( 'NONE', *, *, #1636, .F. ) ;
#287 = ADVANCED_FACE ( 'NONE', ( #592 ), #1000, .T. ) ;
#288 = CARTESIAN_POINT ( 'NONE',  ( -1.060000000000000053, -0.4500000026077030091, 0.1499999973177910118 ) ) ;
#289 = VERTEX_POINT ( 'NONE', #2265 ) ;
#290 = ORIENTED_EDGE ( 'NONE', *, *, #1616, .F. ) ;
#291 = DIRECTION ( 'NONE',  ( 0.0000000000000000000, -1.000000000000000000, 0.0000000000000000000 ) ) ;
#292 = PRESENTATION_LAYER_ASSIGNMENT (  '', '', ( #1265 ) ) ;
#293 = CARTESIAN_POINT ( 'NONE',  ( -0.1299999999999990052, -0.7345710663691500386, 0.02249999999999999917 ) ) ;
#294 = AXIS2_PLACEMENT_3D ( 'NONE', #2420, #516, #704 ) ;
#295 = DIRECTION ( 'NONE',  ( -0.0000000000000000000, -0.0000000000000000000, -1.000000000000000000 ) ) ;
#296 = ORIENTED_EDGE ( 'NONE', *, *, #1747, .F. ) ;
#297 = EDGE_CURVE ( 'NONE', #1767, #2493, #1097, .T. ) ;
#298 = EDGE_CURVE ( 'NONE', #163, #2200, #190, .T. ) ;
#299 = ORIENTED_EDGE ( 'NONE', *, *, #2107, .F. ) ;
#300 = CARTESIAN_POINT ( 'NONE',  ( -0.1074999999999990269, -0.6845710663691499942, 0.07249999999999999500 ) ) ;
#301 = CARTESIAN_POINT ( 'NONE',  ( 0.8900000000000000133, -0.7345710663691499276, 0.04499999999999998446 ) ) ;
#302 = EDGE_LOOP ( 'NONE', ( #798, #1880, #33, #2073 ) ) ;
#303 = FACE_OUTER_BOUND ( 'NONE', #788, .T. ) ;
#304 = CARTESIAN_POINT ( 'NONE',  ( 0.3800000000000000044, -0.7070710663691500697, 0.1972768615746260112 ) ) ;
#305 = CARTESIAN_POINT ( 'NONE',  ( 0.4250000000000000444, -0.6345710663691499498, 0.2247768615746259802 ) ) ;
#306 = LINE ( 'NONE', #129, #315 ) ;
#307 = EDGE_LOOP ( 'NONE', ( #2037, #310, #2697, #1356 ) ) ;
#308 = ORIENTED_EDGE ( 'NONE', *, *, #2172, .T. ) ;
#309 = PLANE ( 'NONE',  #2705 ) ;
#310 = ORIENTED_EDGE ( 'NONE', *, *, #2702, .T. ) ;
#311 = AXIS2_PLACEMENT_3D ( 'NONE', #50, #882, #1697 ) ;
#312 = EDGE_CURVE ( 'NONE', #2318, #1162, #1169, .T. ) ;
#313 = LINE ( 'NONE', #734, #49 ) ;
#314 = FACE_OUTER_BOUND ( 'NONE', #328, .T. ) ;
#315 = VECTOR ( 'NONE', #2404, 100.0000000000000000 ) ;
#316 = DIRECTION ( 'NONE',  ( 0.0000000000000000000, 0.0000000000000000000, -1.000000000000000000 ) ) ;
#317 = ORIENTED_EDGE ( 'NONE', *, *, #2427, .T. ) ;
#318 = EDGE_CURVE ( 'NONE', #80, #1128, #623, .T. ) ;
#319 = CIRCLE ( 'NONE', #2169, 0.02250000000000003733 ) ;
#320 = DIRECTION ( 'NONE',  ( -0.0000000000000000000, -1.000000000000000000, 0.0000000000000000000 ) ) ;
#321 = FACE_OUTER_BOUND ( 'NONE', #2291, .T. ) ;
#322 = VECTOR ( 'NONE', #2636, 100.0000000000000000 ) ;
#323 = DIRECTION ( 'NONE',  ( 0.0000000000000000000, -0.0000000000000000000, 1.000000000000000000 ) ) ;
#324 = CARTESIAN_POINT ( 'NONE',  ( 1.060000000000000053, -0.5000000014901160306, 0.2850000003352760047 ) ) ;
#325 = ORIENTED_EDGE ( 'NONE', *, *, #174, .T. ) ;
#326 = EDGE_LOOP ( 'NONE', ( #97, #921, #2125, #1540 ) ) ;
#327 = FACE_OUTER_BOUND ( 'NONE', #1845, .T. ) ;
#328 = EDGE_LOOP ( 'NONE', ( #2444, #1347 ) ) ;
#329 = CARTESIAN_POINT ( 'NONE',  ( 0.8900000000000000133, -0.7345710663691500386, 0.04499999999999999833 ) ) ;
#330 =( BOUNDED_SURFACE ( )  B_SPLINE_SURFACE ( 3, 3, ( 
 ( #864, #1071, #2104, #1041 ),
 ( #17, #2534, #2131, #663 ),
 ( #243, #428, #205, #2298 ),
 ( #1878, #1086, #2732, #1303 ) ),
 .UNSPECIFIED., .F., .F., .F. ) 
 B_SPLINE_SURFACE_WITH_KNOTS ( ( 4, 4 ),
 ( 4, 4 ),
 ( 0.0000000000000000000, 1.000000000000000000 ),
 ( 0.0000000000000000000, 1.000000000000000000 ),
 .UNSPECIFIED. ) 
 GEOMETRIC_REPRESENTATION_ITEM ( )  RATIONAL_B_SPLINE_SURFACE ( (
 ( 1.000000000000000000, 0.8047378541243649375, 0.8047378541243649375, 1.000000000000000000),
 ( 0.3333333333333333703, 0.2682459513747883495, 0.2682459513747883495, 0.3333333333333333703),
 ( 0.3333333333333333703, 0.2682459513747883495, 0.2682459513747883495, 0.3333333333333333703),
 ( 1.000000000000000000, 0.8047378541243649375, 0.8047378541243649375, 1.000000000000000000) ) ) 
 REPRESENTATION_ITEM ( '' )  SURFACE ( )  );
#331 = FACE_OUTER_BOUND ( 'NONE', #2515, .T. ) ;
#332 = FACE_OUTER_BOUND ( 'NONE', #1390, .T. ) ;
#333 = ORIENTED_EDGE ( 'NONE', *, *, #619, .F. ) ;
#334 = DIRECTION ( 'NONE',  ( -0.0000000000000000000, 1.000000000000000000, -0.0000000000000000000 ) ) ;
#335 = EDGE_CURVE ( 'NONE', #1631, #1103, #1835, .T. ) ;
#336 = EDGE_CURVE ( 'NONE', #383, #1960, #1306, .T. ) ;
#337 = DIRECTION ( 'NONE',  ( -1.000000000000000000, 0.0000000000000000000, 0.0000000000000000000 ) ) ;
#338 = DIRECTION ( 'NONE',  ( 0.5773502691896257311, 0.5773502691896257311, -0.5773502691896257311 ) ) ;
#339 = CARTESIAN_POINT ( 'NONE',  ( 1.500000000000000000, -0.1499999873340140122, 0.0000000000000000000 ) ) ;
#340 = STYLED_ITEM ( 'NONE', ( #620 ), #565 ) ;
#341 = VERTEX_POINT ( 'NONE', #821 ) ;
#342 = CARTESIAN_POINT ( 'NONE',  ( 0.3800000000000000044, -0.6845710663691499942, 0.07249999999999999500 ) ) ;
#343 = AXIS2_PLACEMENT_3D ( 'NONE', #281, #1135, #2379 ) ;
#344 = AXIS2_PLACEMENT_3D ( 'NONE', #2641, #1591, #927 ) ;
#345 = EDGE_LOOP ( 'NONE', ( #1048, #2398, #183, #1608 ) ) ;
#346 = PLANE ( 'NONE',  #889 ) ;
#347 = DIRECTION ( 'NONE',  ( 0.0000000000000000000, 1.000000000000000000, -0.0000000000000000000 ) ) ;
#348 = FACE_OUTER_BOUND ( 'NONE', #924, .T. ) ;
#349 = ORIENTED_EDGE ( 'NONE', *, *, #1691, .F. ) ;
#350 = SURFACE_STYLE_USAGE ( .BOTH. , #984 ) ;
#351 = LINE ( 'NONE', #778, #617 ) ;
#352 = CARTESIAN_POINT ( 'NONE',  ( -0.1299999999999990330, -0.6620710663691498077, 0.2133859886093659453 ) ) ;
#353 = EDGE_CURVE ( 'NONE', #165, #1931, #2723, .T. ) ;
#354 = LINE ( 'NONE', #2674, #542 ) ;
#355 = CARTESIAN_POINT ( 'NONE',  ( 0.8900000000000000133, -0.6345710663691499498, 0.2247768615746260079 ) ) ;
#356 = ORIENTED_EDGE ( 'NONE', *, *, #1795, .F. ) ;
#357 = ORIENTED_EDGE ( 'NONE', *, *, #43, .T. ) ;
#358 = CARTESIAN_POINT ( 'NONE',  ( 0.3800000000000000044, -0.7345710663691500386, 0.02249999999999999917 ) ) ;
#359 = ORIENTED_EDGE ( 'NONE', *, *, #956, .T. ) ;
#360 = DIRECTION ( 'NONE',  ( 0.0000000000000000000, -1.000000000000000000, 0.0000000000000000000 ) ) ;
#361 = DIRECTION ( 'NONE',  ( 1.000000000000000000, 5.224601352982810374E-15, 0.0000000000000000000 ) ) ;
#362 = AXIS2_PLACEMENT_3D ( 'NONE', #1674, #439, #1701 ) ;
#363 = EDGE_LOOP ( 'NONE', ( #2524, #960, #1716, #296, #2253, #199 ) ) ;
#364 = VECTOR ( 'NONE', #1489, 100.0000000000000000 ) ;
#365 = LINE ( 'NONE', #2557, #2042 ) ;
#366 = CYLINDRICAL_SURFACE ( 'NONE', #1268, 0.02249999999999999917 ) ;
#367 = AXIS2_PLACEMENT_3D ( 'NONE', #2354, #452, #468 ) ;
#368 = LINE ( 'NONE', #1662, #1882 ) ;
#369 = LINE ( 'NONE', #409, #1951 ) ;
#370 = DIRECTION ( 'NONE',  ( 0.0000000000000000000, 6.123233995736766036E-17, -1.000000000000000000 ) ) ;
#371 = ORIENTED_EDGE ( 'NONE', *, *, #2582, .T. ) ;
#372 = ORIENTED_EDGE ( 'NONE', *, *, #1374, .T. ) ;
#373 = DIRECTION ( 'NONE',  ( 1.000000000000000000, 0.0000000000000000000, 0.0000000000000000000 ) ) ;
#374 = EDGE_CURVE ( 'NONE', #1399, #813, #1438, .T. ) ;
#375 = EDGE_CURVE ( 'NONE', #2069, #1931, #1827, .T. ) ;
#376 = ORIENTED_EDGE ( 'NONE', *, *, #2407, .T. ) ;
#377 = CARTESIAN_POINT ( 'NONE',  ( 0.3800000000000000044, -0.7070710663691500697, 0.05639087296526009568 ) ) ;
#378 = ORIENTED_EDGE ( 'NONE', *, *, #353, .T. ) ;
#379 = CARTESIAN_POINT ( 'NONE',  ( 0.8900000000000000133, -0.7345710663691500386, 0.02249999999999999917 ) ) ;
#380 = DIRECTION ( 'NONE',  ( 0.0000000000000000000, 0.0000000000000000000, -1.000000000000000000 ) ) ;
#381 = CARTESIAN_POINT ( 'NONE',  ( 0.4249999999999999889, -0.6620710663691499187, 0.03003048327204933809 ) ) ;
#382 = DIRECTION ( 'NONE',  ( 0.0000000000000000000, 0.0000000000000000000, -1.000000000000000000 ) ) ;
#383 = VERTEX_POINT ( 'NONE', #1404 ) ;
#384 = LINE ( 'NONE', #442, #2191 ) ;
#385 = CARTESIAN_POINT ( 'NONE',  ( -0.1299999999999990330, -0.7184619393344099381, 0.04500000000000003303 ) ) ;
#386 = CIRCLE ( 'NONE', #433, 0.02249999999999999223 ) ;
#387 = AXIS2_PLACEMENT_3D ( 'NONE', #1523, #1339, #715 ) ;
#388 = EDGE_CURVE ( 'NONE', #1789, #1323, #1187, .T. ) ;
#389 = EDGE_CURVE ( 'NONE', #2583, #1128, #1364, .T. ) ;
#390 = DIRECTION ( 'NONE',  ( 0.0000000000000000000, 0.0000000000000000000, -1.000000000000000000 ) ) ;
#391 = CARTESIAN_POINT ( 'NONE',  ( -0.1299999999999990052, -0.7070710663691500697, 0.07249999999999999500 ) ) ;
#392 = ORIENTED_EDGE ( 'NONE', *, *, #2496, .T. ) ;
#393 = CARTESIAN_POINT ( 'NONE',  ( -1.500000000000000000, -0.1499999962747090021, 0.0000000000000000000 ) ) ;
#394 = DIRECTION ( 'NONE',  ( 0.0000000000000000000, -1.000000000000000000, 0.0000000000000000000 ) ) ;
#395 = DIRECTION ( 'NONE',  ( 0.0000000000000000000, 0.0000000000000000000, -1.000000000000000000 ) ) ;
#396 = FACE_OUTER_BOUND ( 'NONE', #397, .T. ) ;
#397 = EDGE_LOOP ( 'NONE', ( #744, #1677, #579, #1022, #816 ) ) ;
#398 = DIRECTION ( 'NONE',  ( -0.0000000000000000000, 1.000000000000000000, 0.0000000000000000000 ) ) ;
#399 = CARTESIAN_POINT ( 'NONE',  ( -0.8900000000000000133, -0.6845710663691499942, 0.07249999999999999500 ) ) ;
#400 = EDGE_LOOP ( 'NONE', ( #2537, #1405, #1666, #2428 ) ) ;
#401 = LINE ( 'NONE', #2512, #231 ) ;
#402 = EDGE_CURVE ( 'NONE', #1734, #1453, #126, .T. ) ;
#403 = EDGE_LOOP ( 'NONE', ( #919, #2721, #2079, #1881, #731 ) ) ;
#404 = DIRECTION ( 'NONE',  ( 0.0000000000000000000, 0.0000000000000000000, 1.000000000000000000 ) ) ;
#405 = ADVANCED_FACE ( 'NONE', ( #1587 ), #2682, .T. ) ;
#406 = CARTESIAN_POINT ( 'NONE',  ( -4.440892098500630106E-16, -0.2999999895691850549, 0.1499999999999999944 ) ) ;
#407 = VECTOR ( 'NONE', #2289, 100.0000000000000000 ) ;
#408 = CARTESIAN_POINT ( 'NONE',  ( -0.8900000000000000133, -0.6620710663691499187, 0.1972768615746260112 ) ) ;
#409 = CARTESIAN_POINT ( 'NONE',  ( 0.8675000000000000488, -0.6845710663691499942, 0.1972768615746260112 ) ) ;
#410 = LINE ( 'NONE', #217, #2148 ) ;
#411 = AXIS2_PLACEMENT_3D ( 'NONE', #399, #1855, #1656 ) ;
#412 = ORIENTED_EDGE ( 'NONE', *, *, #922, .F. ) ;
#413 = DIRECTION ( 'NONE',  ( 0.0000000000000000000, -1.000000000000000000, -0.0000000000000000000 ) ) ;
#414 = AXIS2_PLACEMENT_3D ( 'NONE', #1775, #2167, #1134 ) ;
#415 = FACE_OUTER_BOUND ( 'NONE', #1617, .T. ) ;
#416 =( GEOMETRIC_REPRESENTATION_CONTEXT ( 3 ) GLOBAL_UNCERTAINTY_ASSIGNED_CONTEXT ( ( #1689 ) ) GLOBAL_UNIT_ASSIGNED_CONTEXT ( ( #805, #1649, #571 ) ) REPRESENTATION_CONTEXT ( 'NONE', 'WORKASPACE' ) );
#417 = ORIENTED_EDGE ( 'NONE', *, *, #2187, .T. ) ;
#418 = CARTESIAN_POINT ( 'NONE',  ( 0.3350000000000000200, -0.6921015496411992984, -3.592729953582956400E-17 ) ) ;
#419 = AXIS2_PLACEMENT_3D ( 'NONE', #2358, #2579, #1965 ) ;
#420 = DIRECTION ( 'NONE',  ( 1.000000000000000000, 0.0000000000000000000, 0.0000000000000000000 ) ) ;
#421 = ORIENTED_EDGE ( 'NONE', *, *, #45, .F. ) ;
#422 = DIRECTION ( 'NONE',  ( 0.0000000000000000000, 0.0000000000000000000, 1.000000000000000000 ) ) ;
#423 = DIRECTION ( 'NONE',  ( 0.0000000000000000000, 0.0000000000000000000, -1.000000000000000000 ) ) ;
#424 = CARTESIAN_POINT ( 'NONE',  ( 0.3800000000000000044, -0.5000000014901160306, 0.2472768615746260279 ) ) ;
#425 = ADVANCED_FACE ( 'NONE', ( #348 ), #1630, .T. ) ;
#426 =( BOUNDED_SURFACE ( )  B_SPLINE_SURFACE ( 3, 3, ( 
 ( #1395, #2239, #352, #1190 ),
 ( #2032, #146, #1622, #573 ),
 ( #2184, #2296, #607, #794 ),
 ( #2688, #808, #2473, #2049 ) ),
 .UNSPECIFIED., .F., .F., .F. ) 
 B_SPLINE_SURFACE_WITH_KNOTS ( ( 4, 4 ),
 ( 4, 4 ),
 ( 0.0000000000000000000, 1.000000000000000000 ),
 ( 0.0000000000000000000, 1.000000000000000000 ),
 .UNSPECIFIED. ) 
 GEOMETRIC_REPRESENTATION_ITEM ( )  RATIONAL_B_SPLINE_SURFACE ( (
 ( 1.000000000000000000, 0.8047378541243649375, 0.8047378541243649375, 1.000000000000000000),
 ( 0.3333333333333333703, 0.2682459513747883495, 0.2682459513747883495, 0.3333333333333333703),
 ( 0.3333333333333333703, 0.2682459513747883495, 0.2682459513747883495, 0.3333333333333333703),
 ( 1.000000000000000000, 0.8047378541243649375, 0.8047378541243649375, 1.000000000000000000) ) ) 
 REPRESENTATION_ITEM ( '' )  SURFACE ( )  );
#427 = EDGE_CURVE ( 'NONE', #449, #2200, #965, .T. ) ;
#428 = CARTESIAN_POINT ( 'NONE',  ( 0.9349999999999999423, -0.6770405830971004679, 0.2697768615746259924 ) ) ;
#429 = VERTEX_POINT ( 'NONE', #996 ) ;
#430 = CARTESIAN_POINT ( 'NONE',  ( -0.1299999999999990052, -0.6620710663691499187, 0.1972768615746260112 ) ) ;
#431 = ORIENTED_EDGE ( 'NONE', *, *, #1392, .T. ) ;
#432 = CARTESIAN_POINT ( 'NONE',  ( -0.8900000000000000133, -0.5000000014901160306, 0.2472768615746260279 ) ) ;
#433 = AXIS2_PLACEMENT_3D ( 'NONE', #170, #1844, #2275 ) ;
#434 = AXIS2_PLACEMENT_3D ( 'NONE', #1620, #2463, #337 ) ;
#435 = ORIENTED_EDGE ( 'NONE', *, *, #2666, .T. ) ;
#436 = CARTESIAN_POINT ( 'NONE',  ( 0.8900000000000000133, -0.6620710663691498077, 0.03003048327204933809 ) ) ;
#437 = AXIS2_PLACEMENT_3D ( 'NONE', #1538, #2380, #470 ) ;
#438 = CLOSED_SHELL ( 'NONE', ( #970, #152, #492, #13, #861, #1916, #1499, #2562, #2154, #1244, #1111, #287 ) ) ;
#439 = DIRECTION ( 'NONE',  ( 0.0000000000000000000, -1.000000000000000000, 0.0000000000000000000 ) ) ;
#440 = CARTESIAN_POINT ( 'NONE',  ( -1.060000000000000053, -0.3699999895691870044, 0.0000000000000000000 ) ) ;
#441 = CARTESIAN_POINT ( 'NONE',  ( 0.8900000000000000133, -0.6506801934038897173, 0.2247768615746260079 ) ) ;
#442 = CARTESIAN_POINT ( 'NONE',  ( 1.060000000000000053, 1.043081265805770025E-08, 0.0000000000000000000 ) ) ;
#443 = EDGE_CURVE ( 'NONE', #1035, #2634, #2446, .T. ) ;
#444 =( BOUNDED_SURFACE ( )  B_SPLINE_SURFACE ( 3, 3, ( 
 ( #1541, #1335, #1527, #2120 ),
 ( #473, #1898, #236, #64 ),
 ( #460, #695, #684, #1742 ),
 ( #669, #2592, #2150, #1707 ) ),
 .UNSPECIFIED., .F., .F., .F. ) 
 B_SPLINE_SURFACE_WITH_KNOTS ( ( 4, 4 ),
 ( 4, 4 ),
 ( 0.0000000000000000000, 1.000000000000000000 ),
 ( 0.0000000000000000000, 1.000000000000000000 ),
 .UNSPECIFIED. ) 
 GEOMETRIC_REPRESENTATION_ITEM ( )  RATIONAL_B_SPLINE_SURFACE ( (
 ( 1.000000000000000000, 0.8047378541243649375, 0.8047378541243649375, 1.000000000000000000),
 ( 0.3333333333333333703, 0.2682459513747883495, 0.2682459513747883495, 0.3333333333333333703),
 ( 0.3333333333333333703, 0.2682459513747883495, 0.2682459513747883495, 0.3333333333333333703),
 ( 1.000000000000000000, 0.8047378541243649375, 0.8047378541243649375, 1.000000000000000000) ) ) 
 REPRESENTATION_ITEM ( '' )  SURFACE ( )  );
#445 = CARTESIAN_POINT ( 'NONE',  ( -0.1749999999999990175, -0.7070710663691498477, 0.2397463783025765849 ) ) ;
#446 = EDGE_LOOP ( 'NONE', ( #104, #2684, #541, #2307, #508, #1215 ) ) ;
#447 = FACE_OUTER_BOUND ( 'NONE', #1188, .T. ) ;
#448 = CARTESIAN_POINT ( 'NONE',  ( 0.3800000000000000044, -0.7070710663691498477, 0.1972768615746260112 ) ) ;
#449 = VERTEX_POINT ( 'NONE', #2430 ) ;
#450 = DIRECTION ( 'NONE',  ( 0.0000000000000000000, -1.000000000000000000, 0.0000000000000000000 ) ) ;
#451 = CARTESIAN_POINT ( 'NONE',  ( 1.060000000000000053, 0.5000000014901160306, 0.04999999955296519083 ) ) ;
#452 = DIRECTION ( 'NONE',  ( 0.0000000000000000000, 0.0000000000000000000, 1.000000000000000000 ) ) ;
#453 = DIRECTION ( 'NONE',  ( 0.0000000000000000000, 0.0000000000000000000, 1.000000000000000000 ) ) ;
#454 = VECTOR ( 'NONE', #1515, 100.0000000000000000 ) ;
#455 = CARTESIAN_POINT ( 'NONE',  ( -0.8900000000000000133, -0.7184619393344099381, 0.04500000000000003303 ) ) ;
#456 = CARTESIAN_POINT ( 'NONE',  ( -0.1299999999999990052, -0.7070710663691498477, 0.1972768615746260112 ) ) ;
#457 = AXIS2_PLACEMENT_3D ( 'NONE', #2190, #770, #1610 ) ;
#458 = VERTEX_POINT ( 'NONE', #1377 ) ;
#459 = AXIS2_PLACEMENT_3D ( 'NONE', #1085, #1275, #216 ) ;
#460 = CARTESIAN_POINT ( 'NONE',  ( -0.9350000000000001643, -0.6620710663691499187, 0.07249999999999999500 ) ) ;
#461 = EDGE_CURVE ( 'NONE', #2052, #1641, #1419, .T. ) ;
#462 = EDGE_CURVE ( 'NONE', #1755, #719, #2230, .T. ) ;
#463 = AXIS2_PLACEMENT_3D ( 'NONE', #1932, #1688, #2114 ) ;
#464 = CARTESIAN_POINT ( 'NONE',  ( 0.3350000000000000200, -0.6620710663691499187, 0.2133859886093658897 ) ) ;
#465 = VERTEX_POINT ( 'NONE', #981 ) ;
#466 = DIRECTION ( 'NONE',  ( -1.000000000000000000, 2.523234146875359942E-16, 0.0000000000000000000 ) ) ;
#467 = ORIENTED_EDGE ( 'NONE', *, *, #1328, .T. ) ;
#468 = DIRECTION ( 'NONE',  ( 1.000000000000000000, 0.0000000000000000000, -0.0000000000000000000 ) ) ;
#469 = CARTESIAN_POINT ( 'NONE',  ( 0.3800000000000000044, -0.5000000014901160306, 0.2472768615746260279 ) ) ;
#470 = DIRECTION ( 'NONE',  ( 0.0000000000000000000, 0.0000000000000000000, -1.000000000000000000 ) ) ;
#471 = CARTESIAN_POINT ( 'NONE',  ( -0.1749999999999990175, -0.6770405830971004679, 0.2697768615746259924 ) ) ;
#472 = ORIENTED_EDGE ( 'NONE', *, *, #402, .T. ) ;
#473 = CARTESIAN_POINT ( 'NONE',  ( -0.9350000000000001643, -0.7070710663691500697, 0.07249999999999999500 ) ) ;
#474 = ORIENTED_EDGE ( 'NONE', *, *, #2720, .T. ) ;
#475 = EDGE_CURVE ( 'NONE', #2345, #1252, #1818, .T. ) ;
#476 = ADVANCED_FACE ( 'NONE', ( #332 ), #1168, .T. ) ;
#477 = AXIS2_PLACEMENT_3D ( 'NONE', #1207, #2243, #969 ) ;
#478 = EDGE_LOOP ( 'NONE', ( #522, #1749 ) ) ;
#479 = CARTESIAN_POINT ( 'NONE',  ( 1.060000000000000053, -0.3699999895691870044, 0.0000000000000000000 ) ) ;
#480 = CARTESIAN_POINT ( 'NONE',  ( -0.8900000000000000133, -0.7345710663691500386, 0.02249999999999999917 ) ) ;
#481 = FACE_OUTER_BOUND ( 'NONE', #2470, .T. ) ;
#482 = VECTOR ( 'NONE', #1838, 100.0000000000000000 ) ;
#483 = LINE ( 'NONE', #916, #2729 ) ;
#484 = CARTESIAN_POINT ( 'NONE',  ( 0.3800000000000000044, -0.6845710663691499942, 0.1972768615746260112 ) ) ;
#485 = EDGE_LOOP ( 'NONE', ( #1958, #2648 ) ) ;
#486 = CARTESIAN_POINT ( 'NONE',  ( -4.440892098500630106E-16, 0.3000000104308099824, 0.1499999999999999944 ) ) ;
#487 = DIRECTION ( 'NONE',  ( -1.000000000000000000, 0.0000000000000000000, 0.0000000000000000000 ) ) ;
#488 = ORIENTED_EDGE ( 'NONE', *, *, #1430, .T. ) ;
#489 = DIRECTION ( 'NONE',  ( 0.0000000000000000000, -1.000000000000000000, -0.0000000000000000000 ) ) ;
#490 = EDGE_CURVE ( 'NONE', #616, #341, #527, .T. ) ;
#491 = DIRECTION ( 'NONE',  ( -1.000000000000000000, 2.523234146875359942E-16, 0.0000000000000000000 ) ) ;
#492 = ADVANCED_FACE ( 'NONE', ( #762 ), #1773, .T. ) ;
#493 = DIRECTION ( 'NONE',  ( 0.0000000000000000000, -1.000000000000000000, 0.0000000000000000000 ) ) ;
#494 = DIRECTION ( 'NONE',  ( 0.0000000000000000000, 0.0000000000000000000, -1.000000000000000000 ) ) ;
#495 = CARTESIAN_POINT ( 'NONE',  ( -1.500000000000000000, 0.3000000104308129800, 0.0000000000000000000 ) ) ;
#496 = CIRCLE ( 'NONE', #1546, 0.02750000000000000708 ) ;
#497 = ORIENTED_EDGE ( 'NONE', *, *, #1547, .T. ) ;
#498 = CARTESIAN_POINT ( 'NONE',  ( 0.3800000000000000044, -0.6620710663691499187, 0.07249999999999999500 ) ) ;
#499 = CIRCLE ( 'NONE', #98, 0.02250000000000003733 ) ;
#500 = ORIENTED_EDGE ( 'NONE', *, *, #1757, .F. ) ;
#501 = CARTESIAN_POINT ( 'NONE',  ( 1.500000000000000000, 1.043081265805770025E-08, 0.1499999999999999944 ) ) ;
#502 = ORIENTED_EDGE ( 'NONE', *, *, #2511, .T. ) ;
#503 = DIRECTION ( 'NONE',  ( 1.000000000000000000, 0.0000000000000000000, -0.0000000000000000000 ) ) ;
#504 = EDGE_CURVE ( 'NONE', #2553, #2706, #1051, .T. ) ;
#505 = EDGE_CURVE ( 'NONE', #646, #1008, #118, .T. ) ;
#506 = CARTESIAN_POINT ( 'NONE',  ( -0.1299999999999990052, -0.6845710663691499942, 0.1972768615746260112 ) ) ;
#507 = ORIENTED_EDGE ( 'NONE', *, *, #1082, .F. ) ;
#508 = ORIENTED_EDGE ( 'NONE', *, *, #1668, .F. ) ;
#509 = LINE ( 'NONE', #1139, #634 ) ;
#510 = EDGE_LOOP ( 'NONE', ( #106, #1213, #1581, #857 ) ) ;
#511 = FACE_OUTER_BOUND ( 'NONE', #278, .T. ) ;
#512 = AXIS2_PLACEMENT_3D ( 'NONE', #1440, #177, #380 ) ;
#513 = ORIENTED_EDGE ( 'NONE', *, *, #318, .T. ) ;
#514 = LINE ( 'NONE', #58, #722 ) ;
#515 = AXIS2_PLACEMENT_3D ( 'NONE', #156, #316, #937 ) ;
#516 = DIRECTION ( 'NONE',  ( 1.000000000000000000, 0.0000000000000000000, 0.0000000000000000000 ) ) ;
#517 = CIRCLE ( 'NONE', #387, 0.02249999999999999223 ) ;
#518 = LINE ( 'NONE', #128, #1790 ) ;
#519 = CARTESIAN_POINT ( 'NONE',  ( -1.500000000000000000, -0.1499999962747083637, 0.1500000000000000222 ) ) ;
#520 = AXIS2_PLACEMENT_3D ( 'NONE', #2076, #1651, #2064 ) ;
#521 = EDGE_CURVE ( 'NONE', #2706, #1194, #2324, .T. ) ;
#522 = ORIENTED_EDGE ( 'NONE', *, *, #312, .F. ) ;
#523 = CARTESIAN_POINT ( 'NONE',  ( -1.060000000000000053, -0.4500000025831745187, 0.1499999973177910118 ) ) ;
#524 = EDGE_LOOP ( 'NONE', ( #1401, #1013, #90, #2188 ) ) ;
#525 = CARTESIAN_POINT ( 'NONE',  ( -1.060000000000000053, -0.5000000014901160306, 0.04999999955296519777 ) ) ;
#526 = DIRECTION ( 'NONE',  ( 0.0000000000000000000, -1.000000000000000000, 0.0000000000000000000 ) ) ;
#527 = LINE ( 'NONE', #2261, #827 ) ;
#528 = ORIENTED_EDGE ( 'NONE', *, *, #2254, .F. ) ;
#529 = DIRECTION ( 'NONE',  ( 0.0000000000000000000, -1.000000000000000000, 0.0000000000000000000 ) ) ;
#530 = DIRECTION ( 'NONE',  ( 0.0000000000000000000, 0.0000000000000000000, -1.000000000000000000 ) ) ;
#531 = DIRECTION ( 'NONE',  ( 0.0000000000000000000, -1.000000000000000000, 0.0000000000000000000 ) ) ;
#532 = DIRECTION ( 'NONE',  ( 0.0000000000000000000, 0.0000000000000000000, 1.000000000000000000 ) ) ;
#533 = ORIENTED_EDGE ( 'NONE', *, *, #1484, .T. ) ;
#534 = CARTESIAN_POINT ( 'NONE',  ( -1.500000000000000000, 0.3000000104308129800, 0.0000000000000000000 ) ) ;
#535 = ORIENTED_EDGE ( 'NONE', *, *, #2040, .F. ) ;
#536 = VECTOR ( 'NONE', #1247, 100.0000000000000000 ) ;
#537 = ADVANCED_FACE ( 'NONE', ( #1479 ), #1282, .T. ) ;
#538 = CARTESIAN_POINT ( 'NONE',  ( 0.8900000000000000133, -0.5000000014901160306, 0.2697768615746259924 ) ) ;
#539 = AXIS2_PLACEMENT_3D ( 'NONE', #1182, #972, #1346 ) ;
#540 = CARTESIAN_POINT ( 'NONE',  ( 0.8900000000000000133, -0.6345710663691499498, 0.2472768615746260279 ) ) ;
#541 = ORIENTED_EDGE ( 'NONE', *, *, #1063, .T. ) ;
#542 = VECTOR ( 'NONE', #1191, 100.0000000000000000 ) ;
#543 = PLANE ( 'NONE',  #764 ) ;
#544 = CARTESIAN_POINT ( 'NONE',  ( -0.8900000000000000133, -0.7070710663691500697, 0.1972768615746260112 ) ) ;
#545 = CARTESIAN_POINT ( 'NONE',  ( -1.060000000000000053, 0.4499999773068339426, 0.04999999955296519777 ) ) ;
#546 = LINE ( 'NONE', #752, #6 ) ;
#547 = CARTESIAN_POINT ( 'NONE',  ( 0.3800000000000000044, -0.7345710663691500386, 0.04499999999999999833 ) ) ;
#548 = EDGE_LOOP ( 'NONE', ( #535, #945, #2213, #507, #1594 ) ) ;
#549 = EDGE_LOOP ( 'NONE', ( #2617, #2165, #982, #2479, #2161, #1816, #127, #36 ) ) ;
#550 = DIRECTION ( 'NONE',  ( -1.000000000000000000, -0.0000000000000000000, 0.0000000000000000000 ) ) ;
#551 = ORIENTED_EDGE ( 'NONE', *, *, #2041, .F. ) ;
#552 = CARTESIAN_POINT ( 'NONE',  ( 1.330000729300989892, -0.1499999873322414579, 0.1499999999999999944 ) ) ;
#553 = DIRECTION ( 'NONE',  ( 0.0000000000000000000, 0.0000000000000000000, -1.000000000000000000 ) ) ;
#554 = ADVANCED_FACE ( 'NONE', ( #1269 ), #2290, .F. ) ;
#555 = EDGE_LOOP ( 'NONE', ( #2458, #602, #53, #570, #2623 ) ) ;
#556 = FACE_OUTER_BOUND ( 'NONE', #2739, .T. ) ;
#557 = DIRECTION ( 'NONE',  ( -1.000000000000000000, 0.0000000000000000000, -0.0000000000000000000 ) ) ;
#558 = CARTESIAN_POINT ( 'NONE',  ( 0.3800000000000000044, -0.6620710663691498077, 0.2133859886093659453 ) ) ;
#559 = CARTESIAN_POINT ( 'NONE',  ( 1.500000000000000000, -0.2999999895691871088, 0.0000000000000000000 ) ) ;
#560 = CARTESIAN_POINT ( 'NONE',  ( 1.034999999999999920, 0.2500000007450580153, 0.5150000006705519606 ) ) ;
#561 = CIRCLE ( 'NONE', #2500, 0.02249999999999999223 ) ;
#562 = ORIENTED_EDGE ( 'NONE', *, *, #462, .F. ) ;
#563 = VERTEX_POINT ( 'NONE', #657 ) ;
#564 = CIRCLE ( 'NONE', #434, 0.02249999999999999223 ) ;
#565 = MANIFOLD_SOLID_BREP ( 'Body2', #1834 ) ;
#566 = VERTEX_POINT ( 'NONE', #1230 ) ;
#567 = CARTESIAN_POINT ( 'NONE',  ( 0.8900000000000000133, -0.6845710663691499942, 0.1972768615746260112 ) ) ;
#568 = CARTESIAN_POINT ( 'NONE',  ( -0.8675000000000000488, -0.6845710663691499942, 0.1972768615746260112 ) ) ;
#569 = CARTESIAN_POINT ( 'NONE',  ( -1.060000000000000053, -0.2999999895691851659, 0.0000000000000000000 ) ) ;
#570 = ORIENTED_EDGE ( 'NONE', *, *, #2461, .F. ) ;
#571 =( NAMED_UNIT ( * ) SI_UNIT ( $, .STERADIAN. ) SOLID_ANGLE_UNIT ( ) );
#572 = DIRECTION ( 'NONE',  ( 1.000000000000000000, -0.0000000000000000000, 0.0000000000000000000 ) ) ;
#573 = CARTESIAN_POINT ( 'NONE',  ( -0.08499999999999903466, -0.6620710663691499187, 0.1972768615746260112 ) ) ;
#574 = CARTESIAN_POINT ( 'NONE',  ( -0.1524999999999990252, -0.6845710663691499942, 0.1972768615746260112 ) ) ;
#575 = EDGE_CURVE ( 'NONE', #1103, #2520, #386, .T. ) ;
#576 = ADVANCED_FACE ( 'NONE', ( #2071 ), #2502, .T. ) ;
#577 = DIRECTION ( 'NONE',  ( -1.000000000000000000, 0.0000000000000000000, 0.0000000000000000000 ) ) ;
#578 = VERTEX_POINT ( 'NONE', #498 ) ;
#579 = ORIENTED_EDGE ( 'NONE', *, *, #1671, .F. ) ;
#580 = CARTESIAN_POINT ( 'NONE',  ( -0.1299999999999990052, -0.6620710663691499187, 0.07249999999999999500 ) ) ;
#581 = MANIFOLD_SOLID_BREP ( 'Body3', #438 ) ;
#582 = EDGE_LOOP ( 'NONE', ( #513, #757, #1956, #2569, #76, #966, #1982, #167, #2665, #1183, #1501, #2644, #714, #1933, #2431, #1149, #621, #1163, #859, #1277, #1202 ) ) ;
#583 = DIRECTION ( 'NONE',  ( 0.0000000000000000000, -1.000000000000000000, 0.0000000000000000000 ) ) ;
#584 = DIRECTION ( 'NONE',  ( 0.0000000000000000000, 0.0000000000000000000, -1.000000000000000000 ) ) ;
#585 = DIRECTION ( 'NONE',  ( -1.000000000000000000, -0.0000000000000000000, 0.0000000000000000000 ) ) ;
#586 = AXIS2_PLACEMENT_3D ( 'NONE', #750, #673, #1471 ) ;
#587 = ORIENTED_EDGE ( 'NONE', *, *, #829, .T. ) ;
#588 = VECTOR ( 'NONE', #1539, 100.0000000000000000 ) ;
#589 = CARTESIAN_POINT ( 'NONE',  ( -1.060000000000000053, -0.2999999895691869978, 0.1499999999999999944 ) ) ;
#590 = LINE ( 'NONE', #393, #1530 ) ;
#591 = AXIS2_PLACEMENT_3D ( 'NONE', #1441, #1851, #395 ) ;
#592 = FACE_OUTER_BOUND ( 'NONE', #1543, .T. ) ;
#593 = CARTESIAN_POINT ( 'NONE',  ( 1.500000000000000000, 0.1500000171363340129, 0.0000000000000000000 ) ) ;
#594 = AXIS2_PLACEMENT_3D ( 'NONE', #187, #2655, #143 ) ;
#595 = MANIFOLD_SOLID_BREP ( 'Body6', #959 ) ;
#596 = DIRECTION ( 'NONE',  ( 0.0000000000000000000, 1.000000000000000000, 0.0000000000000000000 ) ) ;
#597 = ORIENTED_EDGE ( 'NONE', *, *, #2627, .F. ) ;
#598 = EDGE_CURVE ( 'NONE', #2080, #1194, #211, .T. ) ;
#599 = EDGE_LOOP ( 'NONE', ( #2615, #157, #1810, #1170, #1896, #1133 ) ) ;
#600 = ADVANCED_FACE ( 'NONE', ( #262 ), #2336, .F. ) ;
#601 = CYLINDRICAL_SURFACE ( 'NONE', #1642, 0.1500000022334009309 ) ;
#602 = ORIENTED_EDGE ( 'NONE', *, *, #375, .T. ) ;
#603 = CARTESIAN_POINT ( 'NONE',  ( 0.3800000000000000044, -0.6845710663691499942, 0.07249999999999999500 ) ) ;
#604 = FACE_OUTER_BOUND ( 'NONE', #1768, .T. ) ;
#605 = EDGE_LOOP ( 'NONE', ( #1627, #763, #884, #2678 ) ) ;
#606 = LINE ( 'NONE', #1849, #831 ) ;
#607 = CARTESIAN_POINT ( 'NONE',  ( -0.08499999999999904854, -0.7070710663691498477, 0.2397463783025765849 ) ) ;
#608 = DIRECTION ( 'NONE',  ( 0.0000000000000000000, 1.000000000000000000, 0.0000000000000000000 ) ) ;
#609 = CYLINDRICAL_SURFACE ( 'NONE', #1619, 0.02249999999999999223 ) ;
#610 = ORIENTED_EDGE ( 'NONE', *, *, #1484, .F. ) ;
#611 = VECTOR ( 'NONE', #2504, 100.0000000000000000 ) ;
#612 = ORIENTED_EDGE ( 'NONE', *, *, #755, .T. ) ;
#613 = CARTESIAN_POINT ( 'NONE',  ( -0.08499999999999903466, -0.6620710663691499187, 0.07249999999999999500 ) ) ;
#614 = COLOUR_RGB ( '',0.8156862745098039102, 0.8156862745098039102, 0.8156862745098039102 ) ;
#615 = EDGE_CURVE ( 'NONE', #2362, #429, #869, .T. ) ;
#616 = VERTEX_POINT ( 'NONE', #130 ) ;
#617 = VECTOR ( 'NONE', #1189, 100.0000000000000000 ) ;
#618 = CARTESIAN_POINT ( 'NONE',  ( -0.8900000000000000133, -0.5000000014901160306, 0.2697768615746259924 ) ) ;
#619 = EDGE_CURVE ( 'NONE', #1789, #2337, #561, .T. ) ;
#620 = PRESENTATION_STYLE_ASSIGNMENT (( #858 ) ) ;
#621 = ORIENTED_EDGE ( 'NONE', *, *, #95, .T. ) ;
#622 = DIRECTION ( 'NONE',  ( -1.000000000000000000, 7.401487161706680465E-16, 0.0000000000000000000 ) ) ;
#623 = LINE ( 'NONE', #406, #250 ) ;
#624 = CARTESIAN_POINT ( 'NONE',  ( 0.8900000000000000133, -0.6620710663691499187, 0.1972768615746260112 ) ) ;
#625 = ORIENTED_EDGE ( 'NONE', *, *, #1756, .F. ) ;
#626 = LINE ( 'NONE', #1459, #1351 ) ;
#627 = ORIENTED_EDGE ( 'NONE', *, *, #1883, .T. ) ;
#628 = CARTESIAN_POINT ( 'NONE',  ( 0.3574999999999999845, -0.6845710663691499942, 0.1972768615746260112 ) ) ;
#629 = CARTESIAN_POINT ( 'NONE',  ( -0.1749999999999990175, -0.7184619393344098270, 0.04500000000000003997 ) ) ;
#630 = VERTEX_POINT ( 'NONE', #179 ) ;
#631 = ADVANCED_FACE ( 'NONE', ( #1426 ), #1836, .T. ) ;
#632 = EDGE_CURVE ( 'NONE', #1526, #206, #2454, .T. ) ;
#633 = CARTESIAN_POINT ( 'NONE',  ( 0.9350000000000001643, -0.6620710663691499187, 0.07249999999999999500 ) ) ;
#634 = VECTOR ( 'NONE', #1782, 100.0000000000000000 ) ;
#635 = CARTESIAN_POINT ( 'NONE',  ( -1.060000000000000053, -0.4500000026077030091, 0.04999999955296519777 ) ) ;
#636 = DIRECTION ( 'NONE',  ( 0.0000000000000000000, -1.000000000000000000, 0.0000000000000000000 ) ) ;
#637 = CARTESIAN_POINT ( 'NONE',  ( 0.8449999999999999734, -0.6345710663691499498, 0.2697768615746259924 ) ) ;
#638 = AXIS2_PLACEMENT_3D ( 'NONE', #1961, #1560, #69 ) ;
#639 = EDGE_LOOP ( 'NONE', ( #502, #2585, #222, #472 ) ) ;
#640 = CARTESIAN_POINT ( 'NONE',  ( -0.8900000000000000133, -0.6620710663691499187, 0.1972768615746260112 ) ) ;
#641 = AXIS2_PLACEMENT_3D ( 'NONE', #887, #1702, #2575 ) ;
#642 = CIRCLE ( 'NONE', #1030, 0.07249999999999999500 ) ;
#643 = VERTEX_POINT ( 'NONE', #547 ) ;
#644 = CARTESIAN_POINT ( 'NONE',  ( 0.8900000000000000133, -0.6845710663691499942, 0.1972768615746260112 ) ) ;
#645 = DIRECTION ( 'NONE',  ( 0.0000000000000000000, 0.0000000000000000000, -1.000000000000000000 ) ) ;
#646 = VERTEX_POINT ( 'NONE', #1866 ) ;
#647 = CARTESIAN_POINT ( 'NONE',  ( 0.9349999999999999423, -0.6620710663691499187, 0.03003048327204933809 ) ) ;
#648 = EDGE_CURVE ( 'NONE', #2345, #2098, #988, .T. ) ;
#649 = DIRECTION ( 'NONE',  ( -0.0000000000000000000, 1.000000000000000000, -0.0000000000000000000 ) ) ;
#650 = PLANE ( 'NONE',  #367 ) ;
#651 = DIRECTION ( 'NONE',  ( 0.0000000000000000000, 0.0000000000000000000, -1.000000000000000000 ) ) ;
#652 = CYLINDRICAL_SURFACE ( 'NONE', #705, 0.1500000022334009309 ) ;
#653 = DIRECTION ( 'NONE',  ( 0.0000000000000000000, -1.000000000000000000, 0.0000000000000000000 ) ) ;
#654 = ORIENTED_EDGE ( 'NONE', *, *, #696, .F. ) ;
#655 = SURFACE_STYLE_USAGE ( .BOTH. , #274 ) ;
#656 = AXIS2_PLACEMENT_3D ( 'NONE', #1221, #782, #1852 ) ;
#657 = CARTESIAN_POINT ( 'NONE',  ( -1.180000727067588961, 5.958693094498810089E-09, 0.1499999999999999944 ) ) ;
#658 = VECTOR ( 'NONE', #901, 100.0000000000000000 ) ;
#659 = VERTEX_POINT ( 'NONE', #2021 ) ;
#660 = CARTESIAN_POINT ( 'NONE',  ( 0.9349999999999999423, -0.6921015496411992984, -3.592729953582956400E-17 ) ) ;
#661 = DIRECTION ( 'NONE',  ( 0.0000000000000000000, 0.0000000000000000000, -1.000000000000000000 ) ) ;
#662 = CARTESIAN_POINT ( 'NONE',  ( -0.8900000000000000133, -0.6345710663691499498, 0.2472768615746260279 ) ) ;
#663 = CARTESIAN_POINT ( 'NONE',  ( 0.9350000000000001643, -0.6620710663691499187, 0.1972768615746260112 ) ) ;
#664 = CARTESIAN_POINT ( 'NONE',  ( -1.500000000000000000, -0.1499999962747090021, 0.0000000000000000000 ) ) ;
#665 = EDGE_CURVE ( 'NONE', #1297, #261, #1625, .T. ) ;
#666 = EDGE_CURVE ( 'NONE', #659, #289, #2267, .T. ) ;
#667 = DIRECTION ( 'NONE',  ( 0.0000000000000000000, 6.123233995736766036E-17, -1.000000000000000000 ) ) ;
#668 = ORIENTED_EDGE ( 'NONE', *, *, #1233, .T. ) ;
#669 = CARTESIAN_POINT ( 'NONE',  ( -0.8900000000000000133, -0.6620710663691499187, 0.07249999999999999500 ) ) ;
#670 =( LENGTH_UNIT ( ) NAMED_UNIT ( * ) SI_UNIT ( .CENTI., .METRE. ) );
#671 = ORIENTED_EDGE ( 'NONE', *, *, #2311, .T. ) ;
#672 = CARTESIAN_POINT ( 'NONE',  ( 0.8900000000000000133, -0.7070710663691500697, 0.07249999999999999500 ) ) ;
#673 = DIRECTION ( 'NONE',  ( 0.0000000000000000000, -1.000000000000000000, 0.0000000000000000000 ) ) ;
#674 = LINE ( 'NONE', #2340, #1552 ) ;
#675 = CARTESIAN_POINT ( 'NONE',  ( 0.8449999999999999734, -0.6506801934038898283, 0.2247768615746260357 ) ) ;
#676 = LINE ( 'NONE', #2356, #1974 ) ;
#677 = CARTESIAN_POINT ( 'NONE',  ( -1.500000000000000000, -0.2999999895691850549, 0.0000000000000000000 ) ) ;
#678 = PRODUCT_CONTEXT ( 'NONE', #917, 'mechanical' ) ;
#679 = AXIS2_PLACEMENT_3D ( 'NONE', #2160, #260, #46 ) ;
#680 = EDGE_CURVE ( 'NONE', #2268, #643, #1309, .T. ) ;
#681 = EDGE_CURVE ( 'NONE', #719, #1755, #70, .T. ) ;
#682 = ORIENTED_EDGE ( 'NONE', *, *, #134, .T. ) ;
#683 = AXIS2_PLACEMENT_3D ( 'NONE', #593, #2077, #2034 ) ;
#684 = CARTESIAN_POINT ( 'NONE',  ( -0.9349999999999999423, -0.6921015496411992984, -3.592729953582956400E-17 ) ) ;
#685 = SURFACE_STYLE_FILL_AREA ( #248 ) ;
#686 = VERTEX_POINT ( 'NONE', #1410 ) ;
#687 = CARTESIAN_POINT ( 'NONE',  ( 0.9349999999999999423, -0.7184619393344098270, 0.04500000000000003997 ) ) ;
#688 = ORIENTED_EDGE ( 'NONE', *, *, #792, .T. ) ;
#689 = FACE_OUTER_BOUND ( 'NONE', #2408, .T. ) ;
#690 = DIRECTION ( 'NONE',  ( -1.000000000000000000, 0.0000000000000000000, 0.0000000000000000000 ) ) ;
#691 = DIRECTION ( 'NONE',  ( 0.0000000000000000000, 0.0000000000000000000, -1.000000000000000000 ) ) ;
#692 = CARTESIAN_POINT ( 'NONE',  ( -0.1299999999999990052, -0.6620710663691499187, 0.1972768615746260112 ) ) ;
#693 = CARTESIAN_POINT ( 'NONE',  ( -0.1299999999999990330, -0.6620710663691498077, 0.2133859886093659453 ) ) ;
#694 = ORIENTED_EDGE ( 'NONE', *, *, #892, .T. ) ;
#695 = CARTESIAN_POINT ( 'NONE',  ( -0.9349999999999999423, -0.6620710663691499187, 0.03003048327204933809 ) ) ;
#696 = EDGE_CURVE ( 'NONE', #1741, #341, #1001, .T. ) ;
#697 = EDGE_LOOP ( 'NONE', ( #1089, #1972, #63, #194 ) ) ;
#698 = AXIS2_PLACEMENT_3D ( 'NONE', #2013, #2456, #736 ) ;
#699 = EDGE_CURVE ( 'NONE', #578, #2662, #1222, .T. ) ;
#700 = DIRECTION ( 'NONE',  ( 0.0000000000000000000, -0.0000000000000000000, -1.000000000000000000 ) ) ;
#701 = ORIENTED_EDGE ( 'NONE', *, *, #2072, .F. ) ;
#702 = AXIS2_PLACEMENT_3D ( 'NONE', #1737, #2401, #2588 ) ;
#703 = FACE_OUTER_BOUND ( 'NONE', #2119, .T. ) ;
#704 = DIRECTION ( 'NONE',  ( 0.0000000000000000000, 0.0000000000000000000, -1.000000000000000000 ) ) ;
#705 = AXIS2_PLACEMENT_3D ( 'NONE', #3, #1044, #2329 ) ;
#706 = DIRECTION ( 'NONE',  ( 1.000000000000000000, -2.523234146875359942E-16, 0.0000000000000000000 ) ) ;
#707 = DIRECTION ( 'NONE',  ( 1.000000000000000000, 0.0000000000000000000, 0.0000000000000000000 ) ) ;
#708 = ORIENTED_EDGE ( 'NONE', *, *, #2256, .T. ) ;
#709 = FILL_AREA_STYLE ('',( #2538 ) ) ;
#710 = CARTESIAN_POINT ( 'NONE',  ( 0.3350000000000000200, -0.6506801934038898283, 0.2247768615746260357 ) ) ;
#711 = VERTEX_POINT ( 'NONE', #2051 ) ;
#712 = EDGE_CURVE ( 'NONE', #2152, #186, #2728, .T. ) ;
#713 = ADVANCED_FACE ( 'NONE', ( #2450 ), #2690, .T. ) ;
#714 = ORIENTED_EDGE ( 'NONE', *, *, #975, .T. ) ;
#715 = DIRECTION ( 'NONE',  ( 0.0000000000000000000, 0.0000000000000000000, -1.000000000000000000 ) ) ;
#716 = FACE_OUTER_BOUND ( 'NONE', #1300, .T. ) ;
#717 = FACE_OUTER_BOUND ( 'NONE', #1261, .T. ) ;
#718 = AXIS2_PLACEMENT_3D ( 'NONE', #1934, #423, #2115 ) ;
#719 = VERTEX_POINT ( 'NONE', #355 ) ;
#720 = AXIS2_PLACEMENT_3D ( 'NONE', #2177, #1078, #1912 ) ;
#721 = DIRECTION ( 'NONE',  ( 0.0000000000000000000, 0.0000000000000000000, -1.000000000000000000 ) ) ;
#722 = VECTOR ( 'NONE', #320, 100.0000000000000000 ) ;
#723 = VERTEX_POINT ( 'NONE', #1017 ) ;
#724 = AXIS2_PLACEMENT_3D ( 'NONE', #1843, #1895, #361 ) ;
#725 = EDGE_LOOP ( 'NONE', ( #1325, #1653, #1140, #1255, #1979 ) ) ;
#726 = DIRECTION ( 'NONE',  ( -0.0000000000000000000, -0.0000000000000000000, 1.000000000000000000 ) ) ;
#727 = ADVANCED_FACE ( 'NONE', ( #2491 ), #609, .T. ) ;
#728 = CARTESIAN_POINT ( 'NONE',  ( 1.060000000000000053, 0.3700000104308129867, 0.1499999999999999944 ) ) ;
#729 = CARTESIAN_POINT ( 'NONE',  ( 0.3800000000000000044, -0.6345710663691499498, 0.2247768615746260079 ) ) ;
#730 = DIRECTION ( 'NONE',  ( 1.571070317865789920E-16, 1.000000000000000000, -0.0000000000000000000 ) ) ;
#731 = ORIENTED_EDGE ( 'NONE', *, *, #2331, .F. ) ;
#732 = EDGE_LOOP ( 'NONE', ( #249, #467, #2047, #872 ) ) ;
#733 = FACE_OUTER_BOUND ( 'NONE', #1665, .T. ) ;
#734 = CARTESIAN_POINT ( 'NONE',  ( -0.1299999999999990052, -0.5000000014901160306, 0.2247768615746260079 ) ) ;
#735 = CARTESIAN_POINT ( 'NONE',  ( -1.060000000000000053, -0.2999999895691850549, 0.0000000000000000000 ) ) ;
#736 = DIRECTION ( 'NONE',  ( 0.0000000000000000000, 0.0000000000000000000, 1.000000000000000000 ) ) ;
#737 = EDGE_LOOP ( 'NONE', ( #1853, #1491, #392, #1208 ) ) ;
#738 = CARTESIAN_POINT ( 'NONE',  ( -0.1299999999999990052, -0.7070710663691500697, 0.1972768615746260112 ) ) ;
#739 =( GEOMETRIC_REPRESENTATION_CONTEXT ( 3 ) GLOBAL_UNCERTAINTY_ASSIGNED_CONTEXT ( ( #2715 ) ) GLOBAL_UNIT_ASSIGNED_CONTEXT ( ( #1957, #1079, #870 ) ) REPRESENTATION_CONTEXT ( 'NONE', 'WORKASPACE' ) );
#740 = DIRECTION ( 'NONE',  ( 1.000000000000000000, -1.832915370843420012E-16, 0.0000000000000000000 ) ) ;
#741 = CIRCLE ( 'NONE', #1178, 0.1500000022334009309 ) ;
#742 = ORIENTED_EDGE ( 'NONE', *, *, #1328, .F. ) ;
#743 = ADVANCED_FACE ( 'NONE', ( #396 ), #1561, .T. ) ;
#744 = ORIENTED_EDGE ( 'NONE', *, *, #462, .T. ) ;
#745 = ADVANCED_FACE ( 'NONE', ( #1259 ), #2093, .T. ) ;
#746 = EDGE_LOOP ( 'NONE', ( #2501, #2565, #431, #1032, #1018 ) ) ;
#747 = DIRECTION ( 'NONE',  ( -1.000000000000000000, 0.0000000000000000000, 0.0000000000000000000 ) ) ;
#748 = CARTESIAN_POINT ( 'NONE',  ( 0.8449999999999999734, -0.7345710663691500386, 0.04499999999999999140 ) ) ;
#749 = DIRECTION ( 'NONE',  ( 0.0000000000000000000, -0.0000000000000000000, -1.000000000000000000 ) ) ;
#750 = CARTESIAN_POINT ( 'NONE',  ( -0.8900000000000000133, -0.5000000014901160306, 0.2472768615746260279 ) ) ;
#751 = DIRECTION ( 'NONE',  ( 0.0000000000000000000, 0.0000000000000000000, -1.000000000000000000 ) ) ;
#752 = CARTESIAN_POINT ( 'NONE',  ( 1.010000000000000009, 0.4500000014901159862, 0.5400000006705519828 ) ) ;
#753 = EDGE_LOOP ( 'NONE', ( #2638, #2406, #359, #1120, #1927 ) ) ;
#754 = DIRECTION ( 'NONE',  ( 0.0000000000000000000, 0.0000000000000000000, -1.000000000000000000 ) ) ;
#755 = EDGE_CURVE ( 'NONE', #659, #2052, #2560, .T. ) ;
#756 = EDGE_CURVE ( 'NONE', #1370, #2607, #410, .T. ) ;
#757 = ORIENTED_EDGE ( 'NONE', *, *, #2390, .F. ) ;
#758 = CIRCLE ( 'NONE', #718, 0.02249999999999995060 ) ;
#759 = DIRECTION ( 'NONE',  ( -1.000000000000000000, 0.0000000000000000000, 0.0000000000000000000 ) ) ;
#760 = DIRECTION ( 'NONE',  ( 0.0000000000000000000, 1.000000000000000000, 0.0000000000000000000 ) ) ;
#761 = AXIS2_PLACEMENT_3D ( 'NONE', #534, #1358, #2631 ) ;
#762 = FACE_OUTER_BOUND ( 'NONE', #363, .T. ) ;
#763 = ORIENTED_EDGE ( 'NONE', *, *, #1764, .T. ) ;
#764 = AXIS2_PLACEMENT_3D ( 'NONE', #2378, #2222, #491 ) ;
#765 = MECHANICAL_DESIGN_GEOMETRIC_PRESENTATION_REPRESENTATION (  '', ( #2087 ), #416 ) ;
#766 = DIRECTION ( 'NONE',  ( -0.0000000000000000000, 1.000000000000000000, 0.0000000000000000000 ) ) ;
#767 = CARTESIAN_POINT ( 'NONE',  ( 1.500000000000000000, 0.1500000171363339851, 0.0000000000000000000 ) ) ;
#768 = CARTESIAN_POINT ( 'NONE',  ( -0.1299999999999990052, -0.6345710663691499498, 0.2472768615746260279 ) ) ;
#769 = ORIENTED_EDGE ( 'NONE', *, *, #1579, .T. ) ;
#770 = DIRECTION ( 'NONE',  ( 0.0000000000000000000, 0.0000000000000000000, 1.000000000000000000 ) ) ;
#771 = VERTEX_POINT ( 'NONE', #1289 ) ;
#772 = CYLINDRICAL_SURFACE ( 'NONE', #1326, 0.1500000022334009309 ) ;
#773 = DIRECTION ( 'NONE',  ( 0.0000000000000000000, -1.000000000000000000, 0.0000000000000000000 ) ) ;
#774 = DIRECTION ( 'NONE',  ( 0.0000000000000000000, 0.0000000000000000000, -1.000000000000000000 ) ) ;
#775 = ORIENTED_EDGE ( 'NONE', *, *, #1848, .T. ) ;
#776 = ADVANCED_FACE ( 'NONE', ( #1057 ), #330, .T. ) ;
#777 = ADVANCED_FACE ( 'NONE', ( #840 ), #1497, .F. ) ;
#778 = CARTESIAN_POINT ( 'NONE',  ( 1.500000000000000000, 0.3000000104308099824, 0.0000000000000000000 ) ) ;
#779 = CARTESIAN_POINT ( 'NONE',  ( 0.4250000000000000444, -0.6620710663691499187, 0.1972768615746260112 ) ) ;
#780 = PRESENTATION_LAYER_ASSIGNMENT (  '', '', ( #1172 ) ) ;
#781 = FACE_OUTER_BOUND ( 'NONE', #1696, .T. ) ;
#782 = DIRECTION ( 'NONE',  ( 0.0000000000000000000, -1.000000000000000000, 1.224646799147353207E-16 ) ) ;
#783 = VECTOR ( 'NONE', #2355, 100.0000000000000000 ) ;
#784 = EDGE_LOOP ( 'NONE', ( #2603, #372, #1096, #701 ) ) ;
#785 = EDGE_LOOP ( 'NONE', ( #2556, #825, #1679, #1432, #2299 ) ) ;
#786 = FACE_OUTER_BOUND ( 'NONE', #555, .T. ) ;
#787 = VECTOR ( 'NONE', #503, 100.0000000000000000 ) ;
#788 = EDGE_LOOP ( 'NONE', ( #1444, #1996, #2601, #1411 ) ) ;
#789 = CARTESIAN_POINT ( 'NONE',  ( 0.3350000000000000200, -0.7070710663691500697, 0.05639087296526010956 ) ) ;
#790 = DIRECTION ( 'NONE',  ( -1.000000000000000000, 0.0000000000000000000, -0.0000000000000000000 ) ) ;
#791 = EDGE_CURVE ( 'NONE', #2080, #429, #1676, .T. ) ;
#792 = EDGE_CURVE ( 'NONE', #2607, #1427, #877, .T. ) ;
#793 = PLANE ( 'NONE',  #2014 ) ;
#794 = CARTESIAN_POINT ( 'NONE',  ( -0.08499999999999903466, -0.7070710663691499587, 0.1972768615746260112 ) ) ;
#795 = CARTESIAN_POINT ( 'NONE',  ( 0.4250000000000000444, -0.6620710663691499187, 0.07249999999999999500 ) ) ;
#796 = CARTESIAN_POINT ( 'NONE',  ( -0.8900000000000000133, -0.6845710663691499942, 0.07249999999999999500 ) ) ;
#797 = VERTEX_POINT ( 'NONE', #1712 ) ;
#798 = ORIENTED_EDGE ( 'NONE', *, *, #505, .T. ) ;
#799 = VERTEX_POINT ( 'NONE', #1101 ) ;
#800 = CARTESIAN_POINT ( 'NONE',  ( -1.060000000000000053, -0.5000000014901161416, 0.4900000006705519384 ) ) ;
#801 = CARTESIAN_POINT ( 'NONE',  ( 1.060000000000000275, -0.5000000014901160306, 0.4900000006705519384 ) ) ;
#802 = CARTESIAN_POINT ( 'NONE',  ( -0.1299999999999990330, -0.7184619393344099381, 0.04500000000000003303 ) ) ;
#803 = ORIENTED_EDGE ( 'NONE', *, *, #892, .F. ) ;
#804 = VECTOR ( 'NONE', #2198, 100.0000000000000000 ) ;
#805 =( LENGTH_UNIT ( ) NAMED_UNIT ( * ) SI_UNIT ( .CENTI., .METRE. ) );
#806 = LINE ( 'NONE', #2264, #1788 ) ;
#807 = AXIS2_PLACEMENT_3D ( 'NONE', #1575, #291, #952 ) ;
#808 = CARTESIAN_POINT ( 'NONE',  ( -0.1299999999999990330, -0.6770405830971005789, 0.2697768615746259369 ) ) ;
#809 = EDGE_CURVE ( 'NONE', #797, #1370, #1510, .T. ) ;
#810 = PLANE ( 'NONE',  #8 ) ;
#811 = VECTOR ( 'NONE', #489, 100.0000000000000000 ) ;
#812 = DIRECTION ( 'NONE',  ( 0.0000000000000000000, -1.000000000000000000, 1.224646799147353207E-16 ) ) ;
#813 = VERTEX_POINT ( 'NONE', #1938 ) ;
#814 = ORIENTED_EDGE ( 'NONE', *, *, #875, .F. ) ;
#815 = ADVANCED_FACE ( 'NONE', ( #823 ), #1664, .T. ) ;
#816 = ORIENTED_EDGE ( 'NONE', *, *, #956, .F. ) ;
#817 = CYLINDRICAL_SURFACE ( 'NONE', #1506, 0.02249999999999995060 ) ;
#818 = CARTESIAN_POINT ( 'NONE',  ( -0.1749999999999990175, -0.7345710663691500386, 0.04499999999999999140 ) ) ;
#819 = VERTEX_POINT ( 'NONE', #304 ) ;
#820 = LINE ( 'NONE', #1632, #1817 ) ;
#821 = CARTESIAN_POINT ( 'NONE',  ( -1.330000729300989892, 0.1500000081938670238, 0.0000000000000000000 ) ) ;
#822 = CARTESIAN_POINT ( 'NONE',  ( -1.500000000000000000, 1.043081265805770025E-08, 0.1499999999999999944 ) ) ;
#823 = FACE_OUTER_BOUND ( 'NONE', #1236, .T. ) ;
#824 = ORIENTED_EDGE ( 'NONE', *, *, #427, .F. ) ;
#825 = ORIENTED_EDGE ( 'NONE', *, *, #521, .T. ) ;
#826 = DIRECTION ( 'NONE',  ( 0.0000000000000000000, 0.0000000000000000000, -1.000000000000000000 ) ) ;
#827 = VECTOR ( 'NONE', #94, 100.0000000000000000 ) ;
#828 = EDGE_CURVE ( 'NONE', #886, #1042, #121, .T. ) ;
#829 = EDGE_CURVE ( 'NONE', #1631, #630, #517, .T. ) ;
#830 = ORIENTED_EDGE ( 'NONE', *, *, #615, .T. ) ;
#831 = VECTOR ( 'NONE', #557, 100.0000000000000000 ) ;
#832 = CARTESIAN_POINT ( 'NONE',  ( 0.3800000000000000044, -0.6620710663691498077, 0.03003048327204933809 ) ) ;
#833 = SURFACE_STYLE_FILL_AREA ( #10 ) ;
#834 = VECTOR ( 'NONE', #1354, 100.0000000000000000 ) ;
#835 = VERTEX_POINT ( 'NONE', #2168 ) ;
#836 = CARTESIAN_POINT ( 'NONE',  ( 0.9349999999999999423, -0.7070710663691500697, 0.05639087296526010956 ) ) ;
#837 = UNCERTAINTY_MEASURE_WITH_UNIT (LENGTH_MEASURE( 1.000000000000000082E-05 ), #670, 'distance_accuracy_value', 'NONE');
#838 = DIRECTION ( 'NONE',  ( 0.0000000000000000000, 0.0000000000000000000, 1.000000000000000000 ) ) ;
#839 = DIRECTION ( 'NONE',  ( 0.0000000000000000000, -1.000000000000000000, 0.0000000000000000000 ) ) ;
#840 = FACE_OUTER_BOUND ( 'NONE', #1669, .T. ) ;
#841 = ORIENTED_EDGE ( 'NONE', *, *, #2513, .F. ) ;
#842 = ORIENTED_EDGE ( 'NONE', *, *, #12, .T. ) ;
#843 = ORIENTED_EDGE ( 'NONE', *, *, #2611, .F. ) ;
#844 = CARTESIAN_POINT ( 'NONE',  ( -1.060000000000000053, -0.5000000014901159195, 0.4900000006705519384 ) ) ;
#845 = ADVANCED_FACE ( 'NONE', ( #1367 ), #2208, .T. ) ;
#846 = DIRECTION ( 'NONE',  ( 0.0000000000000000000, 0.0000000000000000000, -1.000000000000000000 ) ) ;
#847 = EDGE_LOOP ( 'NONE', ( #587, #1271, #218, #1837 ) ) ;
#848 = LINE ( 'NONE', #1083, #983 ) ;
#849 = VECTOR ( 'NONE', #2429, 100.0000000000000000 ) ;
#850 = AXIS2_PLACEMENT_3D ( 'NONE', #2357, #1940, #866 ) ;
#851 = DIRECTION ( 'NONE',  ( -1.000000000000000000, 0.0000000000000000000, 0.0000000000000000000 ) ) ;
#852 = CARTESIAN_POINT ( 'NONE',  ( 0.8900000000000000133, -0.6620710663691498077, 0.2133859886093659453 ) ) ;
#853 = CIRCLE ( 'NONE', #1025, 0.02249999999999999917 ) ;
#854 = CARTESIAN_POINT ( 'NONE',  ( -0.8900000000000000133, -0.6345710663691499498, 0.2697768615746259924 ) ) ;
#855 = VECTOR ( 'NONE', #2531, 100.0000000000000000 ) ;
#856 = CARTESIAN_POINT ( 'NONE',  ( -0.1299999999999990052, -0.6345710663691499498, 0.2697768615746259924 ) ) ;
#857 = ORIENTED_EDGE ( 'NONE', *, *, #285, .F. ) ;
#858 = SURFACE_STYLE_USAGE ( .BOTH. , #1064 ) ;
#859 = ORIENTED_EDGE ( 'NONE', *, *, #1814, .T. ) ;
#860 = DIRECTION ( 'NONE',  ( -1.000000000000000000, 0.0000000000000000000, 0.0000000000000000000 ) ) ;
#861 = ADVANCED_FACE ( 'NONE', ( #481 ), #269, .T. ) ;
#862 = CARTESIAN_POINT ( 'NONE',  ( -0.8900000000000000133, -0.7345710663691500386, 0.04499999999999999833 ) ) ;
#863 = CARTESIAN_POINT ( 'NONE',  ( 0.3800000000000000044, -0.7070710663691500697, 0.05639087296526009568 ) ) ;
#864 = CARTESIAN_POINT ( 'NONE',  ( 0.8900000000000000133, -0.6345710663691499498, 0.2247768615746260079 ) ) ;
#865 = LINE ( 'NONE', #2589, #1534 ) ;
#866 = DIRECTION ( 'NONE',  ( 1.000000000000000000, 0.0000000000000000000, 0.0000000000000000000 ) ) ;
#867 = ORIENTED_EDGE ( 'NONE', *, *, #203, .F. ) ;
#868 = LINE ( 'NONE', #2554, #273 ) ;
#869 = CIRCLE ( 'NONE', #1743, 0.02250000000000003733 ) ;
#870 =( NAMED_UNIT ( * ) SI_UNIT ( $, .STERADIAN. ) SOLID_ANGLE_UNIT ( ) );
#871 = CIRCLE ( 'NONE', #2279, 0.02250000000000003733 ) ;
#872 = ORIENTED_EDGE ( 'NONE', *, *, #96, .T. ) ;
#873 = CARTESIAN_POINT ( 'NONE',  ( -1.060000000000000053, 0.3000000104308129800, 0.0000000000000000000 ) ) ;
#874 = CARTESIAN_POINT ( 'NONE',  ( 1.060000000000000053, -0.3699999895691872265, 0.1499999999999999944 ) ) ;
#875 = EDGE_CURVE ( 'NONE', #2315, #2596, #2503, .T. ) ;
#876 = EDGE_CURVE ( 'NONE', #2520, #1103, #1879, .T. ) ;
#877 = LINE ( 'NONE', #1276, #1704 ) ;
#878 = CARTESIAN_POINT ( 'NONE',  ( 1.060000000000000053, 0.3000000104308100379, 0.1499999999999999944 ) ) ;
#879 = LINE ( 'NONE', #677, #364 ) ;
#880 =( BOUNDED_SURFACE ( )  B_SPLINE_SURFACE ( 3, 3, ( 
 ( #729, #1160, #558, #1821 ),
 ( #305, #114, #2673, #779 ),
 ( #2625, #1382, #955, #2017 ),
 ( #943, #967, #2436, #102 ) ),
 .UNSPECIFIED., .F., .F., .F. ) 
 B_SPLINE_SURFACE_WITH_KNOTS ( ( 4, 4 ),
 ( 4, 4 ),
 ( 0.0000000000000000000, 1.000000000000000000 ),
 ( 0.0000000000000000000, 1.000000000000000000 ),
 .UNSPECIFIED. ) 
 GEOMETRIC_REPRESENTATION_ITEM ( )  RATIONAL_B_SPLINE_SURFACE ( (
 ( 1.000000000000000000, 0.8047378541243649375, 0.8047378541243649375, 1.000000000000000000),
 ( 0.3333333333333333703, 0.2682459513747883495, 0.2682459513747883495, 0.3333333333333333703),
 ( 0.3333333333333333703, 0.2682459513747883495, 0.2682459513747883495, 0.3333333333333333703),
 ( 1.000000000000000000, 0.8047378541243649375, 0.8047378541243649375, 1.000000000000000000) ) ) 
 REPRESENTATION_ITEM ( '' )  SURFACE ( )  );
#881 = ORIENTED_EDGE ( 'NONE', *, *, #132, .F. ) ;
#882 = DIRECTION ( 'NONE',  ( -1.000000000000000000, 0.0000000000000000000, 0.0000000000000000000 ) ) ;
#883 = SURFACE_SIDE_STYLE ('',( #1105 ) ) ;
#884 = ORIENTED_EDGE ( 'NONE', *, *, #188, .T. ) ;
#885 = CARTESIAN_POINT ( 'NONE',  ( -1.180000727067588961, 5.958693094498810089E-09, 0.0000000000000000000 ) ) ;
#886 = VERTEX_POINT ( 'NONE', #1316 ) ;
#887 = CARTESIAN_POINT ( 'NONE',  ( 0.8900000000000000133, -0.5000000014901160306, 0.2472768615746260279 ) ) ;
#888 = CARTESIAN_POINT ( 'NONE',  ( 0.9124999999999999778, -0.6845710663691499942, 0.1972768615746260112 ) ) ;
#889 = AXIS2_PLACEMENT_3D ( 'NONE', #479, #1362, #1166 ) ;
#890 = EDGE_CURVE ( 'NONE', #2447, #2396, #871, .T. ) ;
#891 = VECTOR ( 'NONE', #2578, 100.0000000000000000 ) ;
#892 = EDGE_CURVE ( 'NONE', #1231, #1885, #100, .T. ) ;
#893 = AXIS2_PLACEMENT_3D ( 'NONE', #939, #334, #2389 ) ;
#894 = DIRECTION ( 'NONE',  ( -1.000000000000000000, -0.0000000000000000000, 0.0000000000000000000 ) ) ;
#895 = AXIS2_PLACEMENT_3D ( 'NONE', #155, #1629, #760 ) ;
#896 = CARTESIAN_POINT ( 'NONE',  ( 0.3350000000000000200, -0.6770405830971004679, 0.2697768615746259924 ) ) ;
#897 = ORIENTED_EDGE ( 'NONE', *, *, #1012, .F. ) ;
#898 = CARTESIAN_POINT ( 'NONE',  ( 1.500000000000000000, 0.3000000104308099824, 0.1499999999999999944 ) ) ;
#899 = ORIENTED_EDGE ( 'NONE', *, *, #336, .T. ) ;
#900 = CARTESIAN_POINT ( 'NONE',  ( 1.060000000000000053, 0.5000000014901160306, 0.2850000003352760047 ) ) ;
#901 = DIRECTION ( 'NONE',  ( 0.0000000000000000000, -1.000000000000000000, 0.0000000000000000000 ) ) ;
#902 = CARTESIAN_POINT ( 'NONE',  ( -0.8900000000000000133, -0.7345710663691499276, 0.04499999999999998446 ) ) ;
#903 = CYLINDRICAL_SURFACE ( 'NONE', #2606, 0.02249999999999999223 ) ;
#904 = ORIENTED_EDGE ( 'NONE', *, *, #792, .F. ) ;
#905 = EDGE_CURVE ( 'NONE', #934, #68, #1573, .T. ) ;
#906 = EDGE_CURVE ( 'NONE', #383, #976, #1091, .T. ) ;
#907 = PRESENTATION_STYLE_ASSIGNMENT (( #2555 ) ) ;
#908 = ORIENTED_EDGE ( 'NONE', *, *, #1392, .F. ) ;
#909 = CARTESIAN_POINT ( 'NONE',  ( -1.060000000000000053, 0.3700000104308129867, 0.0000000000000000000 ) ) ;
#910 = AXIS2_PLACEMENT_3D ( 'NONE', #2226, #2439, #2284 ) ;
#911 = VERTEX_POINT ( 'NONE', #728 ) ;
#912 = AXIS2_PLACEMENT_3D ( 'NONE', #1124, #41, #85 ) ;
#913 = CARTESIAN_POINT ( 'NONE',  ( -0.8900000000000000133, -0.7070710663691500697, 0.07249999999999999500 ) ) ;
#914 = CARTESIAN_POINT ( 'NONE',  ( -0.1299999999999990052, -0.8691421323657709808, 0.02249999999999999917 ) ) ;
#915 = VECTOR ( 'NONE', #2106, 100.0000000000000000 ) ;
#916 = CARTESIAN_POINT ( 'NONE',  ( -1.060000000000000053, 0.0000000000000000000, 0.4900000006705519384 ) ) ;
#917 = APPLICATION_CONTEXT ( 'automotive_design' ) ;
#918 = DIRECTION ( 'NONE',  ( 0.0000000000000000000, 6.123233995736766036E-17, -1.000000000000000000 ) ) ;
#919 = ORIENTED_EDGE ( 'NONE', *, *, #632, .T. ) ;
#920 = FACE_OUTER_BOUND ( 'NONE', #510, .T. ) ;
#921 = ORIENTED_EDGE ( 'NONE', *, *, #237, .T. ) ;
#922 = EDGE_CURVE ( 'NONE', #2374, #719, #2576, .T. ) ;
#923 = CARTESIAN_POINT ( 'NONE',  ( -1.500000000000000000, 1.043081265805770025E-08, 0.1499999999999999944 ) ) ;
#924 = EDGE_LOOP ( 'NONE', ( #708, #11, #234, #908, #349, #1584 ) ) ;
#925 = CARTESIAN_POINT ( 'NONE',  ( -1.060000000000000053, -0.5000000014901160306, 0.5400000006705519828 ) ) ;
#926 = DIRECTION ( 'NONE',  ( 0.0000000000000000000, 0.0000000000000000000, -1.000000000000000000 ) ) ;
#927 = DIRECTION ( 'NONE',  ( 0.0000000000000000000, -0.7071067811865470176, -0.7071067811865480168 ) ) ;
#928 = FACE_OUTER_BOUND ( 'NONE', #524, .T. ) ;
#929 = AXIS2_PLACEMENT_3D ( 'NONE', #137, #2414, #1826 ) ;
#930 = ORIENTED_EDGE ( 'NONE', *, *, #2097, .T. ) ;
#931 = AXIS2_PLACEMENT_3D ( 'NONE', #2590, #667, #1525 ) ;
#932 = CARTESIAN_POINT ( 'NONE',  ( 0.3800000000000000044, -0.6345710663691499498, 0.1972768615746260112 ) ) ;
#933 = AXIS2_PLACEMENT_3D ( 'NONE', #925, #529, #99 ) ;
#934 = VERTEX_POINT ( 'NONE', #888 ) ;
#935 = CARTESIAN_POINT ( 'NONE',  ( 0.8900000000000000133, -0.5000000014901160306, 0.2472768615746260279 ) ) ;
#936 = AXIS2_PLACEMENT_3D ( 'NONE', #1644, #347, #125 ) ;
#937 = DIRECTION ( 'NONE',  ( -1.000000000000000000, 0.0000000000000000000, 0.0000000000000000000 ) ) ;
#938 = ORIENTED_EDGE ( 'NONE', *, *, #876, .F. ) ;
#939 = CARTESIAN_POINT ( 'NONE',  ( 0.8900000000000000133, -0.8691421323657709808, 0.02249999999999999917 ) ) ;
#940 = EDGE_CURVE ( 'NONE', #261, #1734, #1576, .T. ) ;
#941 = EDGE_CURVE ( 'NONE', #206, #1526, #1004, .T. ) ;
#942 = DIRECTION ( 'NONE',  ( 0.0000000000000000000, -1.000000000000000000, 0.0000000000000000000 ) ) ;
#943 = CARTESIAN_POINT ( 'NONE',  ( 0.3800000000000000044, -0.6345710663691499498, 0.2697768615746259924 ) ) ;
#944 = DIRECTION ( 'NONE',  ( 0.0000000000000000000, 0.0000000000000000000, -1.000000000000000000 ) ) ;
#945 = ORIENTED_EDGE ( 'NONE', *, *, #575, .T. ) ;
#946 = DIRECTION ( 'NONE',  ( -1.000000000000000000, 0.0000000000000000000, 0.0000000000000000000 ) ) ;
#947 = ORIENTED_EDGE ( 'NONE', *, *, #2003, .F. ) ;
#948 = CARTESIAN_POINT ( 'NONE',  ( -0.8449999999999999734, -0.6620710663691499187, 0.2133859886093658897 ) ) ;
#949 = CARTESIAN_POINT ( 'NONE',  ( 0.8900000000000000133, -0.7184619393344099381, 0.04500000000000003303 ) ) ;
#950 = CARTESIAN_POINT ( 'NONE',  ( -0.1074999999999990269, -0.6845710663691499942, 0.1972768615746260112 ) ) ;
#951 = ORIENTED_EDGE ( 'NONE', *, *, #237, .F. ) ;
#952 = DIRECTION ( 'NONE',  ( 0.0000000000000000000, 0.0000000000000000000, -1.000000000000000000 ) ) ;
#953 = COLOUR_RGB ( '',0.8156862745098039102, 0.8156862745098039102, 0.8156862745098039102 ) ;
#954 = FACE_OUTER_BOUND ( 'NONE', #1460, .T. ) ;
#955 = CARTESIAN_POINT ( 'NONE',  ( 0.4249999999999999889, -0.7070710663691498477, 0.2397463783025765849 ) ) ;
#956 = EDGE_CURVE ( 'NONE', #1755, #68, #2105, .T. ) ;
#957 = ADVANCED_FACE ( 'NONE', ( #2391 ), #1537, .T. ) ;
#958 = CARTESIAN_POINT ( 'NONE',  ( -0.1299999999999990052, -0.6845710663691499942, 0.07249999999999999500 ) ) ;
#959 = CLOSED_SHELL ( 'NONE', ( #1081, #2445, #1393, #743, #1193, #1212, #2616, #600, #1899, #776, #1313, #1195 ) ) ;
#960 = ORIENTED_EDGE ( 'NONE', *, *, #2703, .T. ) ;
#961 = CARTESIAN_POINT ( 'NONE',  ( 1.060000000000000053, 0.3000000104308129800, 0.0000000000000000000 ) ) ;
#962 = EDGE_LOOP ( 'NONE', ( #824, #2630, #2285, #1122 ) ) ;
#963 = CARTESIAN_POINT ( 'NONE',  ( 0.4024999999999999689, -0.6845710663691499942, 0.1972768615746260112 ) ) ;
#964 = CARTESIAN_POINT ( 'NONE',  ( 0.8900000000000000133, -0.7345710663691500386, 0.02249999999999999917 ) ) ;
#965 = LINE ( 'NONE', #109, #1875 ) ;
#966 = ORIENTED_EDGE ( 'NONE', *, *, #2595, .T. ) ;
#967 = CARTESIAN_POINT ( 'NONE',  ( 0.3800000000000000044, -0.6770405830971005789, 0.2697768615746259369 ) ) ;
#968 = CARTESIAN_POINT ( 'NONE',  ( 1.060000000000000053, -0.5000000014901160306, 0.04999999955296519083 ) ) ;
#969 = DIRECTION ( 'NONE',  ( 1.000000000000000000, 0.0000000000000000000, 0.0000000000000000000 ) ) ;
#970 = ADVANCED_FACE ( 'NONE', ( #321 ), #1159, .T. ) ;
#971 = ORIENTED_EDGE ( 'NONE', *, *, #174, .F. ) ;
#972 = DIRECTION ( 'NONE',  ( 0.0000000000000000000, 0.0000000000000000000, -1.000000000000000000 ) ) ;
#973 = CIRCLE ( 'NONE', #929, 0.02249999999999999917 ) ;
#974 = ADVANCED_FACE ( 'NONE', ( #985 ), #793, .T. ) ;
#975 = EDGE_CURVE ( 'NONE', #911, #2053, #2434, .T. ) ;
#976 = VERTEX_POINT ( 'NONE', #1804 ) ;
#977 = CIRCLE ( 'NONE', #2303, 0.02249999999999999223 ) ;
#978 = CARTESIAN_POINT ( 'NONE',  ( -1.060000000000000053, 0.4499999772757289906, 0.1499999973177910118 ) ) ;
#979 = LINE ( 'NONE', #2273, #986 ) ;
#980 = AXIS2_PLACEMENT_3D ( 'NONE', #662, #2156, #266 ) ;
#981 = CARTESIAN_POINT ( 'NONE',  ( -1.060000000000000053, 0.3000000104308129245, 0.0000000000000000000 ) ) ;
#982 = ORIENTED_EDGE ( 'NONE', *, *, #2475, .T. ) ;
#983 = VECTOR ( 'NONE', #1468, 100.0000000000000000 ) ;
#984 = SURFACE_SIDE_STYLE ('',( #1846 ) ) ;
#985 = FACE_OUTER_BOUND ( 'NONE', #639, .T. ) ;
#986 = VECTOR ( 'NONE', #2027, 100.0000000000000000 ) ;
#987 = PRESENTATION_LAYER_ASSIGNMENT (  '', '', ( #1556 ) ) ;
#988 = LINE ( 'NONE', #339, #1966 ) ;
#989 = ORIENTED_EDGE ( 'NONE', *, *, #1028, .T. ) ;
#990 = CARTESIAN_POINT ( 'NONE',  ( -1.180000727067588961, 5.958693094498810089E-09, 0.0000000000000000000 ) ) ;
#991 = ORIENTED_EDGE ( 'NONE', *, *, #2242, .F. ) ;
#992 = EDGE_CURVE ( 'NONE', #56, #465, #2062, .T. ) ;
#993 = DIRECTION ( 'NONE',  ( 0.0000000000000000000, 0.0000000000000000000, -1.000000000000000000 ) ) ;
#994 = EDGE_CURVE ( 'NONE', #2098, #686, #606, .T. ) ;
#995 =( NAMED_UNIT ( * ) SI_UNIT ( $, .STERADIAN. ) SOLID_ANGLE_UNIT ( ) );
#996 = CARTESIAN_POINT ( 'NONE',  ( -0.9124999999999999778, -0.6845710663691499942, 0.07249999999999999500 ) ) ;
#997 = ORIENTED_EDGE ( 'NONE', *, *, #189, .T. ) ;
#998 = SURFACE_STYLE_FILL_AREA ( #158 ) ;
#999 = DIRECTION ( 'NONE',  ( 0.0000000000000000000, 0.0000000000000000000, -1.000000000000000000 ) ) ;
#1000 = PLANE ( 'NONE',  #520 ) ;
#1001 = CIRCLE ( 'NONE', #477, 0.1500000022334009309 ) ;
#1002 = CARTESIAN_POINT ( 'NONE',  ( 0.3800000000000000044, -0.6620710663691499187, 0.07249999999999999500 ) ) ;
#1003 = DIRECTION ( 'NONE',  ( -1.000000000000000000, 0.0000000000000000000, 0.0000000000000000000 ) ) ;
#1004 = CIRCLE ( 'NONE', #702, 0.02249999999999999223 ) ;
#1005 = ORIENTED_EDGE ( 'NONE', *, *, #696, .T. ) ;
#1006 = CARTESIAN_POINT ( 'NONE',  ( -0.8900000000000000133, -0.6770405830971005789, 0.2697768615746259369 ) ) ;
#1007 = FACE_OUTER_BOUND ( 'NONE', #2202, .T. ) ;
#1008 = VERTEX_POINT ( 'NONE', #2699 ) ;
#1009 = LINE ( 'NONE', #844, #2385 ) ;
#1010 = FILL_AREA_STYLE_COLOUR ( '', #2613 ) ;
#1011 = CARTESIAN_POINT ( 'NONE',  ( -0.1299999999999990052, -0.7345710663691499276, 0.04499999999999998446 ) ) ;
#1012 = EDGE_CURVE ( 'NONE', #911, #1609, #1792, .T. ) ;
#1013 = ORIENTED_EDGE ( 'NONE', *, *, #389, .F. ) ;
#1014 = DIRECTION ( 'NONE',  ( 0.0000000000000000000, -0.0000000000000000000, 1.000000000000000000 ) ) ;
#1015 = DIRECTION ( 'NONE',  ( 0.0000000000000000000, 6.123233995736766036E-17, -1.000000000000000000 ) ) ;
#1016 = DIRECTION ( 'NONE',  ( 0.0000000000000000000, 0.0000000000000000000, -1.000000000000000000 ) ) ;
#1017 = CARTESIAN_POINT ( 'NONE',  ( 1.010000000000000009, 0.4500000014901159862, 0.5400000006705519828 ) ) ;
#1018 = ORIENTED_EDGE ( 'NONE', *, *, #2293, .F. ) ;
#1019 = CARTESIAN_POINT ( 'NONE',  ( -0.9350000000000001643, -0.6620710663691499187, 0.1972768615746260112 ) ) ;
#1020 = CARTESIAN_POINT ( 'NONE',  ( 0.3800000000000000044, -0.7345710663691499276, 0.04499999999999998446 ) ) ;
#1021 = CIRCLE ( 'NONE', #2081, 0.02249999999999999917 ) ;
#1022 = ORIENTED_EDGE ( 'NONE', *, *, #1232, .F. ) ;
#1023 = CIRCLE ( 'NONE', #1371, 0.02250000000000003733 ) ;
#1024 = PLANE ( 'NONE',  #1154 ) ;
#1025 = AXIS2_PLACEMENT_3D ( 'NONE', #2476, #1206, #1016 ) ;
#1026 = CARTESIAN_POINT ( 'NONE',  ( -0.8900000000000000133, -0.8691421323657709808, 0.02249999999999999917 ) ) ;
#1027 = CARTESIAN_POINT ( 'NONE',  ( 1.500000000000000000, 0.3000000104308099824, 0.0000000000000000000 ) ) ;
#1028 = EDGE_CURVE ( 'NONE', #1914, #2469, #590, .T. ) ;
#1029 = EDGE_CURVE ( 'NONE', #934, #2726, #806, .T. ) ;
#1030 = AXIS2_PLACEMENT_3D ( 'NONE', #2727, #860, #1054 ) ;
#1031 = CARTESIAN_POINT ( 'NONE',  ( 0.8900000000000000133, -0.7070710663691497366, 0.2397463783025765571 ) ) ;
#1032 = ORIENTED_EDGE ( 'NONE', *, *, #1431, .T. ) ;
#1033 = CARTESIAN_POINT ( 'NONE',  ( 0.8900000000000000133, -0.7070710663691500697, 0.1972768615746260112 ) ) ;
#1034 = CARTESIAN_POINT ( 'NONE',  ( -0.1299999999999990052, -0.7345710663691499276, -8.673617379884035472E-17 ) ) ;
#1035 = VERTEX_POINT ( 'NONE', #2656 ) ;
#1036 = CARTESIAN_POINT ( 'NONE',  ( 0.3800000000000000044, -0.7070710663691500697, 0.07249999999999999500 ) ) ;
#1037 = ORIENTED_EDGE ( 'NONE', *, *, #2331, .T. ) ;
#1038 = CARTESIAN_POINT ( 'NONE',  ( 0.8900000000000000133, -0.6921015496411994095, -3.592729953582957016E-17 ) ) ;
#1039 = CARTESIAN_POINT ( 'NONE',  ( -0.1299999999999990052, -0.5000000014901160306, 0.2697768615746259924 ) ) ;
#1040 = DIRECTION ( 'NONE',  ( 0.0000000000000000000, 0.0000000000000000000, -1.000000000000000000 ) ) ;
#1041 = CARTESIAN_POINT ( 'NONE',  ( 0.8900000000000000133, -0.6620710663691499187, 0.1972768615746260112 ) ) ;
#1042 = VERTEX_POINT ( 'NONE', #544 ) ;
#1043 = AXIS2_PLACEMENT_3D ( 'NONE', #1026, #1424, #1407 ) ;
#1044 = DIRECTION ( 'NONE',  ( 0.0000000000000000000, 0.0000000000000000000, 1.000000000000000000 ) ) ;
#1045 = EDGE_CURVE ( 'NONE', #1427, #2321, #351, .T. ) ;
#1046 = LINE ( 'NONE', #61, #891 ) ;
#1047 = VECTOR ( 'NONE', #585, 100.0000000000000000 ) ;
#1048 = ORIENTED_EDGE ( 'NONE', *, *, #475, .F. ) ;
#1049 = AXIS2_PLACEMENT_3D ( 'NONE', #2672, #1381, #144 ) ;
#1050 = DIRECTION ( 'NONE',  ( 0.5773502691896257311, 0.5773502691896257311, 0.5773502691896257311 ) ) ;
#1051 = LINE ( 'NONE', #2306, #2276 ) ;
#1052 = CLOSED_SHELL ( 'NONE', ( #845, #1746, #1279, #1797, #1100, #957, #537, #2718, #1516, #268, #727, #2376 ) ) ;
#1053 = ORIENTED_EDGE ( 'NONE', *, *, #1780, .T. ) ;
#1054 = DIRECTION ( 'NONE',  ( 0.0000000000000000000, 0.0000000000000000000, 1.000000000000000000 ) ) ;
#1055 = CARTESIAN_POINT ( 'NONE',  ( 1.330000729300989892, -0.1499999873304688758, 0.0000000000000000000 ) ) ;
#1056 = CARTESIAN_POINT ( 'NONE',  ( 0.4249999999999999889, -0.7184619393344098270, 0.04500000000000003997 ) ) ;
#1057 = FACE_OUTER_BOUND ( 'NONE', #753, .T. ) ;
#1058 = LINE ( 'NONE', #2286, #915 ) ;
#1059 = DIRECTION ( 'NONE',  ( 0.0000000000000000000, -1.000000000000000000, 0.0000000000000000000 ) ) ;
#1060 = CARTESIAN_POINT ( 'NONE',  ( 0.4024999999999999689, -0.6845710663691499942, 0.07249999999999999500 ) ) ;
#1061 = ORIENTED_EDGE ( 'NONE', *, *, #188, .F. ) ;
#1062 = CARTESIAN_POINT ( 'NONE',  ( 0.3800000000000000044, -0.7184619393344099381, 0.04500000000000003303 ) ) ;
#1063 = EDGE_CURVE ( 'NONE', #819, #1399, #2234, .T. ) ;
#1064 = SURFACE_SIDE_STYLE ('',( #833 ) ) ;
#1065 = ORIENTED_EDGE ( 'NONE', *, *, #1469, .F. ) ;
#1066 = CARTESIAN_POINT ( 'NONE',  ( 1.060000000000000053, -0.2999999895691869978, 0.0000000000000000000 ) ) ;
#1067 = AXIS2_PLACEMENT_3D ( 'NONE', #1402, #2044, #759 ) ;
#1068 = VECTOR ( 'NONE', #2228, 100.0000000000000000 ) ;
#1069 = CARTESIAN_POINT ( 'NONE',  ( 0.3800000000000000044, -0.8691421323657709808, 0.02249999999999999917 ) ) ;
#1070 = CYLINDRICAL_SURFACE ( 'NONE', #2085, 0.02249999999999995060 ) ;
#1071 = CARTESIAN_POINT ( 'NONE',  ( 0.8900000000000000133, -0.6506801934038897173, 0.2247768615746260079 ) ) ;
#1072 = AXIS2_PLACEMENT_3D ( 'NONE', #480, #839, #1509 ) ;
#1073 = DIRECTION ( 'NONE',  ( -1.000000000000000000, 0.0000000000000000000, 0.0000000000000000000 ) ) ;
#1074 = CARTESIAN_POINT ( 'NONE',  ( -0.1299999999999990330, -0.6770405830971005789, 0.2697768615746259369 ) ) ;
#1075 = SHAPE_DEFINITION_REPRESENTATION ( #1185, #1273 ) ;
#1076 =( BOUNDED_SURFACE ( )  B_SPLINE_SURFACE ( 3, 3, ( 
 ( #1002, #1220, #1409, #2689 ),
 ( #795, #381, #178, #2116 ),
 ( #257, #2731, #1056, #1099 ),
 ( #2103, #863, #1302, #2313 ) ),
 .UNSPECIFIED., .F., .F., .F. ) 
 B_SPLINE_SURFACE_WITH_KNOTS ( ( 4, 4 ),
 ( 4, 4 ),
 ( 0.0000000000000000000, 1.000000000000000000 ),
 ( 0.0000000000000000000, 1.000000000000000000 ),
 .UNSPECIFIED. ) 
 GEOMETRIC_REPRESENTATION_ITEM ( )  RATIONAL_B_SPLINE_SURFACE ( (
 ( 1.000000000000000000, 0.8047378541243649375, 0.8047378541243649375, 1.000000000000000000),
 ( 0.3333333333333333703, 0.2682459513747883495, 0.2682459513747883495, 0.3333333333333333703),
 ( 0.3333333333333333703, 0.2682459513747883495, 0.2682459513747883495, 0.3333333333333333703),
 ( 1.000000000000000000, 0.8047378541243649375, 0.8047378541243649375, 1.000000000000000000) ) ) 
 REPRESENTATION_ITEM ( '' )  SURFACE ( )  );
#1077 = ORIENTED_EDGE ( 'NONE', *, *, #875, .T. ) ;
#1078 = DIRECTION ( 'NONE',  ( 0.0000000000000000000, 0.0000000000000000000, -1.000000000000000000 ) ) ;
#1079 =( NAMED_UNIT ( * ) PLANE_ANGLE_UNIT ( ) SI_UNIT ( $, .RADIAN. ) );
#1080 = ORIENTED_EDGE ( 'NONE', *, *, #29, .F. ) ;
#1081 = ADVANCED_FACE ( 'NONE', ( #1820 ), #366, .T. ) ;
#1082 = EDGE_CURVE ( 'NONE', #2271, #819, #564, .T. ) ;
#1083 = CARTESIAN_POINT ( 'NONE',  ( 1.060000000000000053, 0.0000000000000000000, 0.04999999955296519083 ) ) ;
#1084 = DIRECTION ( 'NONE',  ( 0.0000000000000000000, -1.000000000000000000, 0.0000000000000000000 ) ) ;
#1085 = CARTESIAN_POINT ( 'NONE',  ( -0.8900000000000000133, -0.7345710663691500386, 0.02249999999999999917 ) ) ;
#1086 = CARTESIAN_POINT ( 'NONE',  ( 0.8900000000000000133, -0.6770405830971005789, 0.2697768615746259369 ) ) ;
#1087 = CARTESIAN_POINT ( 'NONE',  ( -0.1299999999999990052, -0.8691421323657709808, 0.02249999999999999917 ) ) ;
#1088 = DIRECTION ( 'NONE',  ( -1.000000000000000000, 0.0000000000000000000, 0.0000000000000000000 ) ) ;
#1089 = ORIENTED_EDGE ( 'NONE', *, *, #975, .F. ) ;
#1090 = COLOUR_RGB ( '',0.09411764705882352811, 0.09411764705882352811, 0.09411764705882352811 ) ;
#1091 = CIRCLE ( 'NONE', #1490, 0.07249999999999999500 ) ;
#1092 = ORIENTED_EDGE ( 'NONE', *, *, #906, .T. ) ;
#1093 = DIRECTION ( 'NONE',  ( -5.551138937544239621E-15, 1.000000000000000000, 0.0000000000000000000 ) ) ;
#1094 = AXIS2_PLACEMENT_3D ( 'NONE', #1087, #282, #1922 ) ;
#1095 = ADVANCED_FACE ( 'NONE', ( #1833 ), #1217, .F. ) ;
#1096 = ORIENTED_EDGE ( 'NONE', *, *, #1359, .F. ) ;
#1097 = CIRCLE ( 'NONE', #1043, 0.02249999999999999917 ) ;
#1098 = LINE ( 'NONE', #2326, #536 ) ;
#1099 = CARTESIAN_POINT ( 'NONE',  ( 0.4250000000000000444, -0.7345710663691500386, 0.04499999999999999140 ) ) ;
#1100 = ADVANCED_FACE ( 'NONE', ( #1650 ), #2472, .T. ) ;
#1101 = CARTESIAN_POINT ( 'NONE',  ( 1.060000000000000053, -0.2999999895691869978, 0.0000000000000000000 ) ) ;
#1102 = CARTESIAN_POINT ( 'NONE',  ( -0.8900000000000000133, -0.8691421323657709808, 0.04499999999999999833 ) ) ;
#1103 = VERTEX_POINT ( 'NONE', #113 ) ;
#1104 =( NAMED_UNIT ( * ) PLANE_ANGLE_UNIT ( ) SI_UNIT ( $, .RADIAN. ) );
#1105 = SURFACE_STYLE_FILL_AREA ( #1542 ) ;
#1106 = EDGE_LOOP ( 'NONE', ( #2229, #202, #1249, #2365 ) ) ;
#1107 = ORIENTED_EDGE ( 'NONE', *, *, #2138, .T. ) ;
#1108 = DIRECTION ( 'NONE',  ( 0.0000000000000000000, 0.0000000000000000000, 1.000000000000000000 ) ) ;
#1109 = DIRECTION ( 'NONE',  ( 0.0000000000000000000, 1.000000000000000000, 0.0000000000000000000 ) ) ;
#1110 = VECTOR ( 'NONE', #2526, 100.0000000000000000 ) ;
#1111 = ADVANCED_FACE ( 'NONE', ( #954 ), #2640, .T. ) ;
#1112 = LINE ( 'NONE', #1954, #1287 ) ;
#1113 = APPLICATION_PROTOCOL_DEFINITION ( 'draft international standard', 'automotive_design', 1998, #917 ) ;
#1114 = CIRCLE ( 'NONE', #1330, 0.02249999999999995060 ) ;
#1115 = ORIENTED_EDGE ( 'NONE', *, *, #940, .F. ) ;
#1116 = CIRCLE ( 'NONE', #2257, 0.02249999999999999223 ) ;
#1117 = LINE ( 'NONE', #2335, #454 ) ;
#1118 = COLOUR_RGB ( '',0.8156862745098039102, 0.8156862745098039102, 0.8156862745098039102 ) ;
#1119 = FILL_AREA_STYLE_COLOUR ( '', #953 ) ;
#1120 = ORIENTED_EDGE ( 'NONE', *, *, #905, .F. ) ;
#1121 = CARTESIAN_POINT ( 'NONE',  ( -0.1299999999999990052, -0.8691421323657709808, 0.0000000000000000000 ) ) ;
#1122 = ORIENTED_EDGE ( 'NONE', *, *, #298, .T. ) ;
#1123 = CARTESIAN_POINT ( 'NONE',  ( -0.1299999999999990052, -0.8691421323657709808, 0.04499999999999999833 ) ) ;
#1124 = CARTESIAN_POINT ( 'NONE',  ( 0.3800000000000000044, -0.6345710663691499498, 0.2472768615746260279 ) ) ;
#1125 = DIRECTION ( 'NONE',  ( 0.0000000000000000000, 0.0000000000000000000, 1.000000000000000000 ) ) ;
#1126 = FACE_OUTER_BOUND ( 'NONE', #345, .T. ) ;
#1127 = EDGE_CURVE ( 'NONE', #2255, #1719, #2566, .T. ) ;
#1128 = VERTEX_POINT ( 'NONE', #241 ) ;
#1129 = DIRECTION ( 'NONE',  ( 0.0000000000000000000, 0.0000000000000000000, -1.000000000000000000 ) ) ;
#1130 = ORIENTED_EDGE ( 'NONE', *, *, #1430, .F. ) ;
#1131 = MECHANICAL_DESIGN_GEOMETRIC_PRESENTATION_REPRESENTATION (  '', ( #1172 ), #1487 ) ;
#1132 = CARTESIAN_POINT ( 'NONE',  ( 0.8900000000000000133, -0.7070710663691500697, 0.07249999999999999500 ) ) ;
#1133 = ORIENTED_EDGE ( 'NONE', *, *, #2018, .F. ) ;
#1134 = DIRECTION ( 'NONE',  ( 0.0000000000000000000, 0.0000000000000000000, -1.000000000000000000 ) ) ;
#1135 = DIRECTION ( 'NONE',  ( 0.0000000000000000000, -1.000000000000000000, 0.0000000000000000000 ) ) ;
#1136 = FACE_OUTER_BOUND ( 'NONE', #549, .T. ) ;
#1137 = DIRECTION ( 'NONE',  ( 0.0000000000000000000, 0.0000000000000000000, -1.000000000000000000 ) ) ;
#1138 = VERTEX_POINT ( 'NONE', #1690 ) ;
#1139 = CARTESIAN_POINT ( 'NONE',  ( 1.330000729300989892, 0.1500000171363330137, 0.0000000000000000000 ) ) ;
#1140 = ORIENTED_EDGE ( 'NONE', *, *, #2720, .F. ) ;
#1141 = EDGE_CURVE ( 'NONE', #686, #1252, #1482, .T. ) ;
#1142 = CARTESIAN_POINT ( 'NONE',  ( -0.8449999999999999734, -0.6770405830971004679, 0.2697768615746259924 ) ) ;
#1143 = CARTESIAN_POINT ( 'NONE',  ( 0.8449999999999999734, -0.7070710663691500697, 0.07249999999999999500 ) ) ;
#1144 = VERTEX_POINT ( 'NONE', #451 ) ;
#1145 = DIRECTION ( 'NONE',  ( 0.0000000000000000000, 1.000000000000000000, 0.0000000000000000000 ) ) ;
#1146 = CARTESIAN_POINT ( 'NONE',  ( 0.3800000000000000044, -0.7345710663691500386, 0.02249999999999999917 ) ) ;
#1147 = PLANE ( 'NONE',  #2568 ) ;
#1148 = CIRCLE ( 'NONE', #311, 0.07249999999999999500 ) ;
#1149 = ORIENTED_EDGE ( 'NONE', *, *, #2564, .T. ) ;
#1150 = CARTESIAN_POINT ( 'NONE',  ( 0.8900000000000000133, -0.8691421323657709808, 0.04499999999999999833 ) ) ;
#1151 = CIRCLE ( 'NONE', #980, 0.02249999999999999223 ) ;
#1152 = ORIENTED_EDGE ( 'NONE', *, *, #2242, .T. ) ;
#1153 = DIRECTION ( 'NONE',  ( 0.0000000000000000000, 0.0000000000000000000, -1.000000000000000000 ) ) ;
#1154 = AXIS2_PLACEMENT_3D ( 'NONE', #1171, #2698, #1661 ) ;
#1155 = CARTESIAN_POINT ( 'NONE',  ( 0.8449999999999999734, -0.6620710663691499187, 0.03003048327204933809 ) ) ;
#1156 = EDGE_CURVE ( 'NONE', #2321, #180, #1508, .T. ) ;
#1157 = EDGE_CURVE ( 'NONE', #2676, #563, #1680, .T. ) ;
#1158 = ORIENTED_EDGE ( 'NONE', *, *, #1029, .T. ) ;
#1159 = CYLINDRICAL_SURFACE ( 'NONE', #2632, 0.02249999999999999917 ) ;
#1160 = CARTESIAN_POINT ( 'NONE',  ( 0.3800000000000000044, -0.6506801934038897173, 0.2247768615746260079 ) ) ;
#1161 = PLANE ( 'NONE',  #2388 ) ;
#1162 = VERTEX_POINT ( 'NONE', #1039 ) ;
#1163 = ORIENTED_EDGE ( 'NONE', *, *, #1157, .T. ) ;
#1164 = CARTESIAN_POINT ( 'NONE',  ( 0.8900000000000000133, -0.6345710663691499498, 0.1972768615746260112 ) ) ;
#1165 = ORIENTED_EDGE ( 'NONE', *, *, #81, .T. ) ;
#1166 = DIRECTION ( 'NONE',  ( 0.0000000000000000000, 0.0000000000000000000, -1.000000000000000000 ) ) ;
#1167 = LINE ( 'NONE', #2695, #2353 ) ;
#1168 = PLANE ( 'NONE',  #2405 ) ;
#1169 = CIRCLE ( 'NONE', #512, 0.02249999999999999223 ) ;
#1170 = ORIENTED_EDGE ( 'NONE', *, *, #791, .T. ) ;
#1171 = CARTESIAN_POINT ( 'NONE',  ( -0.1299999999999990052, -0.5000000014901160306, 0.2472768615746260279 ) ) ;
#1172 = STYLED_ITEM ( 'NONE', ( #907 ), #595 ) ;
#1173 = EDGE_CURVE ( 'NONE', #458, #1885, #2558, .T. ) ;
#1174 = AXIS2_PLACEMENT_3D ( 'NONE', #71, #2624, #530 ) ;
#1175 = FACE_OUTER_BOUND ( 'NONE', #548, .T. ) ;
#1176 = DIRECTION ( 'NONE',  ( -1.000000000000000000, 0.0000000000000000000, 0.0000000000000000000 ) ) ;
#1177 = EDGE_CURVE ( 'NONE', #1944, #799, #1098, .T. ) ;
#1178 = AXIS2_PLACEMENT_3D ( 'NONE', #2368, #1125, #1939 ) ;
#1179 = CARTESIAN_POINT ( 'NONE',  ( -1.060000000000000053, 0.4499999772757289906, 0.1499999973177910118 ) ) ;
#1180 = ORIENTED_EDGE ( 'NONE', *, *, #2057, .F. ) ;
#1181 = ORIENTED_EDGE ( 'NONE', *, *, #2495, .T. ) ;
#1182 = CARTESIAN_POINT ( 'NONE',  ( 0.8900000000000000133, -0.6845710663691499942, 0.1972768615746260112 ) ) ;
#1183 = ORIENTED_EDGE ( 'NONE', *, *, #756, .T. ) ;
#1184 = LINE ( 'NONE', #963, #2700 ) ;
#1185 = PRODUCT_DEFINITION_SHAPE ( 'NONE', 'NONE',  #1923 ) ;
#1186 = CARTESIAN_POINT ( 'NONE',  ( 0.3800000000000000044, -0.7345710663691500386, 0.02249999999999999917 ) ) ;
#1187 = LINE ( 'NONE', #950, #2541 ) ;
#1188 = EDGE_LOOP ( 'NONE', ( #1841, #2371 ) ) ;
#1189 = DIRECTION ( 'NONE',  ( -1.000000000000000000, 5.046468293750729745E-16, 0.0000000000000000000 ) ) ;
#1190 = CARTESIAN_POINT ( 'NONE',  ( -0.1299999999999990052, -0.6620710663691499187, 0.1972768615746260112 ) ) ;
#1191 = DIRECTION ( 'NONE',  ( -1.000000000000000000, -0.0000000000000000000, -0.0000000000000000000 ) ) ;
#1192 = DIRECTION ( 'NONE',  ( 0.7071067811865490160, -0.0000000000000000000, 0.7071067811865460184 ) ) ;
#1193 = ADVANCED_FACE ( 'NONE', ( #1257 ), #2339, .T. ) ;
#1194 = VERTEX_POINT ( 'NONE', #1876 ) ;
#1195 = ADVANCED_FACE ( 'NONE', ( #2089 ), #2129, .T. ) ;
#1196 = CARTESIAN_POINT ( 'NONE',  ( -0.1299999999999990330, -0.6921015496411994095, -3.592729953582957016E-17 ) ) ;
#1197 = AXIS2_PLACEMENT_3D ( 'NONE', #2070, #1449, #184 ) ;
#1198 = EDGE_LOOP ( 'NONE', ( #1307, #131, #1520, #1518 ) ) ;
#1199 = AXIS2_PLACEMENT_3D ( 'NONE', #932, #78, #1813 ) ;
#1200 = DIRECTION ( 'NONE',  ( 0.0000000000000000000, -1.000000000000000000, 0.0000000000000000000 ) ) ;
#1201 = AXIS2_PLACEMENT_3D ( 'NONE', #1711, #851, #1108 ) ;
#1202 = ORIENTED_EDGE ( 'NONE', *, *, #2057, .T. ) ;
#1203 = AXIS2_PLACEMENT_3D ( 'NONE', #1519, #1093, #1889 ) ;
#1204 = DIRECTION ( 'NONE',  ( -1.000000000000000000, -0.0000000000000000000, 0.0000000000000000000 ) ) ;
#1205 = DIRECTION ( 'NONE',  ( 0.0000000000000000000, 0.0000000000000000000, -1.000000000000000000 ) ) ;
#1206 = DIRECTION ( 'NONE',  ( -0.0000000000000000000, 1.000000000000000000, -0.0000000000000000000 ) ) ;
#1207 = CARTESIAN_POINT ( 'NONE',  ( -1.330000729300989892, 5.958693094498810089E-09, 0.0000000000000000000 ) ) ;
#1208 = ORIENTED_EDGE ( 'NONE', *, *, #1579, .F. ) ;
#1209 = ORIENTED_EDGE ( 'NONE', *, *, #490, .T. ) ;
#1210 = PRODUCT ( 'User Library-RA07M1317M 6.5W 7.2V 2 Stage Amplifier', 'User Library-RA07M1317M 6.5W 7.2V 2 Stage Amplifier', '', ( #678 ) ) ;
#1211 = CARTESIAN_POINT ( 'NONE',  ( -0.1299999999999990330, -0.7070710663691500697, 0.05639087296526009568 ) ) ;
#1212 = ADVANCED_FACE ( 'NONE', ( #2312 ), #1890, .T. ) ;
#1213 = ORIENTED_EDGE ( 'NONE', *, *, #1177, .T. ) ;
#1214 = LINE ( 'NONE', #1462, #407 ) ;
#1215 = ORIENTED_EDGE ( 'NONE', *, *, #1864, .F. ) ;
#1216 =( NAMED_UNIT ( * ) PLANE_ANGLE_UNIT ( ) SI_UNIT ( $, .RADIAN. ) );
#1217 = PLANE ( 'NONE',  #1969 ) ;
#1218 = CARTESIAN_POINT ( 'NONE',  ( 1.060000000000000053, -0.3699999895691874485, 0.0000000000000000000 ) ) ;
#1219 = AXIS2_PLACEMENT_3D ( 'NONE', #2112, #223, #2486 ) ;
#1220 = CARTESIAN_POINT ( 'NONE',  ( 0.3800000000000000044, -0.6620710663691498077, 0.03003048327204933809 ) ) ;
#1221 = CARTESIAN_POINT ( 'NONE',  ( 0.8900000000000000133, -0.6345710663691499498, 0.2472768615746260279 ) ) ;
#1222 = CIRCLE ( 'NONE', #72, 0.02250000000000003733 ) ;
#1223 = ORIENTED_EDGE ( 'NONE', *, *, #112, .T. ) ;
#1224 = CARTESIAN_POINT ( 'NONE',  ( -1.060000000000000053, 0.3000000104308129245, 0.1500000000000000222 ) ) ;
#1225 = CARTESIAN_POINT ( 'NONE',  ( -0.08499999999999903466, -0.7070710663691500697, 0.07249999999999999500 ) ) ;
#1226 = CLOSED_SHELL ( 'NONE', ( #254, #2121, #425, #576, #745, #1730, #1345, #1450, #1830, #207, #2219, #2462 ) ) ;
#1227 = VERTEX_POINT ( 'NONE', #862 ) ;
#1228 = CARTESIAN_POINT ( 'NONE',  ( 0.3350000000000000200, -0.6620710663691499187, 0.07249999999999999500 ) ) ;
#1229 = CARTESIAN_POINT ( 'NONE',  ( -0.8900000000000000133, -0.6345710663691499498, 0.2247768615746260079 ) ) ;
#1230 = CARTESIAN_POINT ( 'NONE',  ( -1.060000000000000053, -0.3699999895691870044, 0.0000000000000000000 ) ) ;
#1231 = VERTEX_POINT ( 'NONE', #2545 ) ;
#1232 = EDGE_CURVE ( 'NONE', #68, #2453, #758, .T. ) ;
#1233 = EDGE_CURVE ( 'NONE', #2529, #711, #1021, .T. ) ;
#1234 = CARTESIAN_POINT ( 'NONE',  ( 0.3800000000000000044, -0.5000000014901160306, 0.2247768615746260079 ) ) ;
#1235 = DIRECTION ( 'NONE',  ( -1.000000000000000000, 5.046468293750729745E-16, 0.0000000000000000000 ) ) ;
#1236 = EDGE_LOOP ( 'NONE', ( #38, #1602, #775, #263 ) ) ;
#1237 = CARTESIAN_POINT ( 'NONE',  ( -1.060000000000000053, -0.5000000014901160306, 0.2850000003352760047 ) ) ;
#1238 = ORIENTED_EDGE ( 'NONE', *, *, #1564, .F. ) ;
#1239 = CARTESIAN_POINT ( 'NONE',  ( 0.3350000000000000200, -0.7184619393344098270, 0.04500000000000003997 ) ) ;
#1240 = AXIS2_PLACEMENT_3D ( 'NONE', #567, #1314, #747 ) ;
#1241 = VERTEX_POINT ( 'NONE', #1918 ) ;
#1242 = AXIS2_PLACEMENT_3D ( 'NONE', #1164, #1770, #1129 ) ;
#1243 = CARTESIAN_POINT ( 'NONE',  ( 0.8900000000000000133, -0.7070710663691500697, 0.05639087296526009568 ) ) ;
#1244 = ADVANCED_FACE ( 'NONE', ( #39 ), #1840, .T. ) ;
#1245 = ADVANCED_FACE ( 'NONE', ( #2635 ), #346, .T. ) ;
#1246 = AXIS2_PLACEMENT_3D ( 'NONE', #204, #2266, #1040 ) ;
#1247 = DIRECTION ( 'NONE',  ( -0.0000000000000000000, -0.0000000000000000000, -1.000000000000000000 ) ) ;
#1248 = DIRECTION ( 'NONE',  ( 0.0000000000000000000, 0.0000000000000000000, -1.000000000000000000 ) ) ;
#1249 = ORIENTED_EDGE ( 'NONE', *, *, #2127, .T. ) ;
#1250 = LINE ( 'NONE', #1237, #482 ) ;
#1251 = CARTESIAN_POINT ( 'NONE',  ( 0.8900000000000000133, -0.6345710663691499498, 0.2697768615746259924 ) ) ;
#1252 = VERTEX_POINT ( 'NONE', #552 ) ;
#1253 = CARTESIAN_POINT ( 'NONE',  ( 0.3800000000000000044, -0.6620710663691499187, 0.07249999999999999500 ) ) ;
#1254 = DIRECTION ( 'NONE',  ( 0.0000000000000000000, -1.000000000000000000, 0.0000000000000000000 ) ) ;
#1255 = ORIENTED_EDGE ( 'NONE', *, *, #1431, .F. ) ;
#1256 = CARTESIAN_POINT ( 'NONE',  ( 0.3800000000000000044, -0.5000000014901160306, 0.2472768615746260279 ) ) ;
#1257 = FACE_OUTER_BOUND ( 'NONE', #1745, .T. ) ;
#1258 = DIRECTION ( 'NONE',  ( 0.0000000000000000000, 6.123233995736766036E-17, -1.000000000000000000 ) ) ;
#1259 = FACE_OUTER_BOUND ( 'NONE', #847, .T. ) ;
#1260 = VECTOR ( 'NONE', #192, 100.0000000000000000 ) ;
#1261 = EDGE_LOOP ( 'NONE', ( #1901, #2155, #150, #1294 ) ) ;
#1262 = EDGE_CURVE ( 'NONE', #1580, #934, #2654, .T. ) ;
#1263 = EDGE_CURVE ( 'NONE', #7, #2469, #1984, .T. ) ;
#1264 = DIRECTION ( 'NONE',  ( 0.0000000000000000000, 1.000000000000000000, 0.0000000000000000000 ) ) ;
#1265 = STYLED_ITEM ( 'NONE', ( #65 ), #581 ) ;
#1266 =( BOUNDED_SURFACE ( )  B_SPLINE_SURFACE ( 3, 3, ( 
 ( #1036, #377, #1062, #1020 ),
 ( #209, #789, #1239, #1871 ),
 ( #1228, #169, #418, #2084 ),
 ( #1253, #832, #200, #2099 ) ),
 .UNSPECIFIED., .F., .F., .F. ) 
 B_SPLINE_SURFACE_WITH_KNOTS ( ( 4, 4 ),
 ( 4, 4 ),
 ( 0.0000000000000000000, 1.000000000000000000 ),
 ( 0.0000000000000000000, 1.000000000000000000 ),
 .UNSPECIFIED. ) 
 GEOMETRIC_REPRESENTATION_ITEM ( )  RATIONAL_B_SPLINE_SURFACE ( (
 ( 1.000000000000000000, 0.8047378541243649375, 0.8047378541243649375, 1.000000000000000000),
 ( 0.3333333333333333703, 0.2682459513747883495, 0.2682459513747883495, 0.3333333333333333703),
 ( 0.3333333333333333703, 0.2682459513747883495, 0.2682459513747883495, 0.3333333333333333703),
 ( 1.000000000000000000, 0.8047378541243649375, 0.8047378541243649375, 1.000000000000000000) ) ) 
 REPRESENTATION_ITEM ( '' )  SURFACE ( )  );
#1267 = ORIENTED_EDGE ( 'NONE', *, *, #2091, .T. ) ;
#1268 = AXIS2_PLACEMENT_3D ( 'NONE', #379, #2223, #1604 ) ;
#1269 = FACE_OUTER_BOUND ( 'NONE', #2693, .T. ) ;
#1270 = CLOSED_SHELL ( 'NONE', ( #1343, #2241, #631, #2409, #2532, #1731, #476, #1714, #2343, #1952, #2055, #2092, #2643, #24, #1917, #1847, #1700, #2157, #1983, #2360, #2626, #1655, #1245 ) ) ;
#1271 = ORIENTED_EDGE ( 'NONE', *, *, #1757, .T. ) ;
#1272 = CARTESIAN_POINT ( 'NONE',  ( 0.3800000000000000044, -0.8691421323657709808, 0.04499999999999999833 ) ) ;
#1273 = ADVANCED_BREP_SHAPE_REPRESENTATION ( 'User Library-RA07M1317M 6.5W 7.2V 2 Stage Amplifier', ( #595, #2402, #2416, #1452, #581, #565, #419 ), #1334 ) ;
#1274 = CARTESIAN_POINT ( 'NONE',  ( 0.8900000000000000133, -0.5000000014901160306, 0.2472768615746260279 ) ) ;
#1275 = DIRECTION ( 'NONE',  ( 0.0000000000000000000, -1.000000000000000000, 0.0000000000000000000 ) ) ;
#1276 = CARTESIAN_POINT ( 'NONE',  ( 1.500000000000000000, 0.3000000104308099824, 0.0000000000000000000 ) ) ;
#1277 = ORIENTED_EDGE ( 'NONE', *, *, #1532, .T. ) ;
#1278 = CARTESIAN_POINT ( 'NONE',  ( -0.1749999999999990175, -0.6620710663691499187, 0.1972768615746260112 ) ) ;
#1279 = ADVANCED_FACE ( 'NONE', ( #2231 ), #1521, .T. ) ;
#1280 = EDGE_CURVE ( 'NONE', #2318, #206, #313, .T. ) ;
#1281 = LINE ( 'NONE', #486, #1856 ) ;
#1282 =( BOUNDED_SURFACE ( )  B_SPLINE_SURFACE ( 3, 3, ( 
 ( #391, #2713, #802, #1011 ),
 ( #1887, #210, #629, #818 ),
 ( #1682, #1463, #1872, #2528 ),
 ( #2738, #2320, #185, #2696 ) ),
 .UNSPECIFIED., .F., .F., .F. ) 
 B_SPLINE_SURFACE_WITH_KNOTS ( ( 4, 4 ),
 ( 4, 4 ),
 ( 0.0000000000000000000, 1.000000000000000000 ),
 ( 0.0000000000000000000, 1.000000000000000000 ),
 .UNSPECIFIED. ) 
 GEOMETRIC_REPRESENTATION_ITEM ( )  RATIONAL_B_SPLINE_SURFACE ( (
 ( 1.000000000000000000, 0.8047378541243649375, 0.8047378541243649375, 1.000000000000000000),
 ( 0.3333333333333333703, 0.2682459513747883495, 0.2682459513747883495, 0.3333333333333333703),
 ( 0.3333333333333333703, 0.2682459513747883495, 0.2682459513747883495, 0.3333333333333333703),
 ( 1.000000000000000000, 0.8047378541243649375, 0.8047378541243649375, 1.000000000000000000) ) ) 
 REPRESENTATION_ITEM ( '' )  SURFACE ( )  );
#1283 = CARTESIAN_POINT ( 'NONE',  ( 0.3350000000000000200, -0.6345710663691499498, 0.2697768615746259924 ) ) ;
#1284 = ORIENTED_EDGE ( 'NONE', *, *, #828, .F. ) ;
#1285 = PLANE ( 'NONE',  #1648 ) ;
#1286 = MECHANICAL_DESIGN_GEOMETRIC_PRESENTATION_REPRESENTATION (  '', ( #1414 ), #1640 ) ;
#1287 = VECTOR ( 'NONE', #707, 100.0000000000000000 ) ;
#1288 = CARTESIAN_POINT ( 'NONE',  ( -1.500000000000000000, 0.1500000081956399944, 0.0000000000000000000 ) ) ;
#1289 = CARTESIAN_POINT ( 'NONE',  ( -1.500000000000000222, -0.2999999895691850549, 0.0000000000000000000 ) ) ;
#1290 = VECTOR ( 'NONE', #1396, 100.0000000000000000 ) ;
#1291 = DIRECTION ( 'NONE',  ( -1.000000000000000000, 0.0000000000000000000, 0.0000000000000000000 ) ) ;
#1292 = PRESENTATION_LAYER_ASSIGNMENT (  '', '', ( #2087 ) ) ;
#1293 = CARTESIAN_POINT ( 'NONE',  ( -1.330000729300989892, -0.1499999962747080029, 0.1499999999999999944 ) ) ;
#1294 = ORIENTED_EDGE ( 'NONE', *, *, #2548, .F. ) ;
#1295 = CARTESIAN_POINT ( 'NONE',  ( 0.3800000000000000044, -0.8691421323657709808, 0.02249999999999999917 ) ) ;
#1296 = EDGE_CURVE ( 'NONE', #1231, #1888, #1570, .T. ) ;
#1297 = VERTEX_POINT ( 'NONE', #978 ) ;
#1298 = EDGE_CURVE ( 'NONE', #1008, #1719, #154, .T. ) ;
#1299 = DIRECTION ( 'NONE',  ( 1.000000000000000000, 0.0000000000000000000, -0.0000000000000000000 ) ) ;
#1300 = EDGE_LOOP ( 'NONE', ( #2691, #66, #2679, #2179, #899 ) ) ;
#1301 = DIRECTION ( 'NONE',  ( 0.0000000000000000000, 1.000000000000000000, -0.0000000000000000000 ) ) ;
#1302 = CARTESIAN_POINT ( 'NONE',  ( 0.3800000000000000044, -0.7184619393344099381, 0.04500000000000003303 ) ) ;
#1303 = CARTESIAN_POINT ( 'NONE',  ( 0.8900000000000000133, -0.7070710663691498477, 0.1972768615746260112 ) ) ;
#1304 = DIRECTION ( 'NONE',  ( -7.401487161706680465E-16, -1.000000000000000000, 0.0000000000000000000 ) ) ;
#1305 = FACE_OUTER_BOUND ( 'NONE', #446, .T. ) ;
#1306 = CIRCLE ( 'NONE', #115, 0.02250000000000003733 ) ;
#1307 = ORIENTED_EDGE ( 'NONE', *, *, #2582, .F. ) ;
#1308 = CYLINDRICAL_SURFACE ( 'NONE', #720, 0.02249999999999999223 ) ;
#1309 = CIRCLE ( 'NONE', #1348, 0.02750000000000000708 ) ;
#1310 = ORIENTED_EDGE ( 'NONE', *, *, #890, .T. ) ;
#1311 = CARTESIAN_POINT ( 'NONE',  ( 0.8900000000000000133, -0.7345710663691499276, -8.673617379884035472E-17 ) ) ;
#1312 = EDGE_CURVE ( 'NONE', #2271, #2662, #1184, .T. ) ;
#1313 = ADVANCED_FACE ( 'NONE', ( #2026 ), #1997, .T. ) ;
#1314 = DIRECTION ( 'NONE',  ( 0.0000000000000000000, 0.0000000000000000000, -1.000000000000000000 ) ) ;
#1315 = CARTESIAN_POINT ( 'NONE',  ( 0.3800000000000000044, -0.8691421323657709808, 0.02249999999999999917 ) ) ;
#1316 = CARTESIAN_POINT ( 'NONE',  ( -0.8675000000000000488, -0.6845710663691499942, 0.1972768615746260112 ) ) ;
#1317 = LINE ( 'NONE', #664, #2281 ) ;
#1318 = FACE_OUTER_BOUND ( 'NONE', #48, .T. ) ;
#1319 = SURFACE_STYLE_USAGE ( .BOTH. , #1740 ) ;
#1320 = ORIENTED_EDGE ( 'NONE', *, *, #1671, .T. ) ;
#1321 = SURFACE_STYLE_FILL_AREA ( #709 ) ;
#1322 = SURFACE_STYLE_USAGE ( .BOTH. , #883 ) ;
#1323 = VERTEX_POINT ( 'NONE', #300 ) ;
#1324 = CARTESIAN_POINT ( 'NONE',  ( 1.330000729300989892, 0.1500000171363330137, 0.0000000000000000000 ) ) ;
#1325 = ORIENTED_EDGE ( 'NONE', *, *, #1864, .T. ) ;
#1326 = AXIS2_PLACEMENT_3D ( 'NONE', #1375, #2216, #1859 ) ;
#1327 = PLANE ( 'NONE',  #638 ) ;
#1328 = EDGE_CURVE ( 'NONE', #1931, #165, #973, .T. ) ;
#1329 = DIRECTION ( 'NONE',  ( 0.0000000000000000000, -0.0000000000000000000, -1.000000000000000000 ) ) ;
#1330 = AXIS2_PLACEMENT_3D ( 'NONE', #246, #32, #1088 ) ;
#1331 = FACE_OUTER_BOUND ( 'NONE', #2095, .T. ) ;
#1332 =( NAMED_UNIT ( * ) SI_UNIT ( $, .STERADIAN. ) SOLID_ANGLE_UNIT ( ) );
#1333 = ORIENTED_EDGE ( 'NONE', *, *, #505, .F. ) ;
#1334 =( GEOMETRIC_REPRESENTATION_CONTEXT ( 3 ) GLOBAL_UNCERTAINTY_ASSIGNED_CONTEXT ( ( #1437 ) ) GLOBAL_UNIT_ASSIGNED_CONTEXT ( ( #1613, #1403, #995 ) ) REPRESENTATION_CONTEXT ( 'NONE', 'WORKASPACE' ) );
#1335 = CARTESIAN_POINT ( 'NONE',  ( -0.8900000000000000133, -0.7070710663691500697, 0.05639087296526009568 ) ) ;
#1336 = ORIENTED_EDGE ( 'NONE', *, *, #2107, .T. ) ;
#1337 = ORIENTED_EDGE ( 'NONE', *, *, #2122, .T. ) ;
#1338 = CARTESIAN_POINT ( 'NONE',  ( 0.8900000000000000133, -0.8691421323657709808, 0.0000000000000000000 ) ) ;
#1339 = DIRECTION ( 'NONE',  ( 0.0000000000000000000, -1.000000000000000000, 0.0000000000000000000 ) ) ;
#1340 = CARTESIAN_POINT ( 'NONE',  ( -0.8900000000000000133, -0.6620710663691498077, 0.03003048327204933809 ) ) ;
#1341 = PLANE ( 'NONE',  #2124 ) ;
#1342 = VERTEX_POINT ( 'NONE', #538 ) ;
#1343 = ADVANCED_FACE ( 'NONE', ( #689 ), #772, .F. ) ;
#1344 = VERTEX_POINT ( 'NONE', #2319 ) ;
#1345 = ADVANCED_FACE ( 'NONE', ( #1681 ), #1266, .T. ) ;
#1346 = DIRECTION ( 'NONE',  ( -1.000000000000000000, 0.0000000000000000000, 0.0000000000000000000 ) ) ;
#1347 = ORIENTED_EDGE ( 'NONE', *, *, #297, .F. ) ;
#1348 = AXIS2_PLACEMENT_3D ( 'NONE', #2035, #1808, #2066 ) ;
#1349 = DIRECTION ( 'NONE',  ( -1.000000000000000000, -0.0000000000000000000, -0.0000000000000000000 ) ) ;
#1350 = ORIENTED_EDGE ( 'NONE', *, *, #2203, .F. ) ;
#1351 = VECTOR ( 'NONE', #413, 100.0000000000000000 ) ;
#1352 = PLANE ( 'NONE',  #933 ) ;
#1353 = DIRECTION ( 'NONE',  ( -0.0000000000000000000, 1.000000000000000000, -0.0000000000000000000 ) ) ;
#1354 = DIRECTION ( 'NONE',  ( -0.0000000000000000000, -0.0000000000000000000, -1.000000000000000000 ) ) ;
#1355 = CYLINDRICAL_SURFACE ( 'NONE', #1549, 0.02249999999999999917 ) ;
#1356 = ORIENTED_EDGE ( 'NONE', *, *, #203, .T. ) ;
#1357 = ORIENTED_EDGE ( 'NONE', *, *, #2737, .F. ) ;
#1358 = DIRECTION ( 'NONE',  ( -1.000000000000000000, 0.0000000000000000000, 0.0000000000000000000 ) ) ;
#1359 = EDGE_CURVE ( 'NONE', #1365, #1138, #1009, .T. ) ;
#1360 = ADVANCED_FACE ( 'NONE', ( #2722 ), #1886, .T. ) ;
#1361 = VERTEX_POINT ( 'NONE', #618 ) ;
#1362 = DIRECTION ( 'NONE',  ( 1.000000000000000000, 0.0000000000000000000, 0.0000000000000000000 ) ) ;
#1363 = DIRECTION ( 'NONE',  ( 0.0000000000000000000, 0.0000000000000000000, 1.000000000000000000 ) ) ;
#1364 = LINE ( 'NONE', #569, #164 ) ;
#1365 = VERTEX_POINT ( 'NONE', #800 ) ;
#1366 = CARTESIAN_POINT ( 'NONE',  ( 0.3800000000000000044, -0.7345710663691500386, 0.0000000000000000000 ) ) ;
#1367 = FACE_OUTER_BOUND ( 'NONE', #2619, .T. ) ;
#1368 = PLANE ( 'NONE',  #344 ) ;
#1369 = DIRECTION ( 'NONE',  ( -1.000000000000000000, 1.571070317865789920E-16, 0.0000000000000000000 ) ) ;
#1370 = VERTEX_POINT ( 'NONE', #2111 ) ;
#1371 = AXIS2_PLACEMENT_3D ( 'NONE', #958, #918, #2210 ) ;
#1372 = CARTESIAN_POINT ( 'NONE',  ( -1.500000000000000000, 0.3000000104308129800, 0.0000000000000000000 ) ) ;
#1373 = ORIENTED_EDGE ( 'NONE', *, *, #117, .T. ) ;
#1374 = EDGE_CURVE ( 'NONE', #1035, #1138, #2681, .T. ) ;
#1375 = CARTESIAN_POINT ( 'NONE',  ( -1.330000729300989892, 5.958693094498810089E-09, 0.0000000000000000000 ) ) ;
#1376 = DIRECTION ( 'NONE',  ( 0.0000000000000000000, 0.0000000000000000000, 1.000000000000000000 ) ) ;
#1377 = CARTESIAN_POINT ( 'NONE',  ( 1.060000000000000053, -0.4500000025709102180, 0.04999999955296519083 ) ) ;
#1378 = ORIENTED_EDGE ( 'NONE', *, *, #1157, .F. ) ;
#1379 = EDGE_CURVE ( 'NONE', #1993, #2634, #1214, .T. ) ;
#1380 = CARTESIAN_POINT ( 'NONE',  ( 0.3800000000000000044, -0.6845710663691499942, 0.1972768615746260112 ) ) ;
#1381 = DIRECTION ( 'NONE',  ( 0.0000000000000000000, 0.0000000000000000000, -1.000000000000000000 ) ) ;
#1382 = CARTESIAN_POINT ( 'NONE',  ( 0.4249999999999999889, -0.6770405830971004679, 0.2697768615746259924 ) ) ;
#1383 = CARTESIAN_POINT ( 'NONE',  ( -1.060000000000000053, 0.4750000014901160084, 0.5150000006705519606 ) ) ;
#1384 = CARTESIAN_POINT ( 'NONE',  ( -0.1299999999999990052, -0.6845710663691499942, 0.1972768615746260112 ) ) ;
#1385 = ORIENTED_EDGE ( 'NONE', *, *, #504, .T. ) ;
#1386 = CARTESIAN_POINT ( 'NONE',  ( -0.8900000000000000133, -0.6845710663691499942, 0.1972768615746260112 ) ) ;
#1387 = ORIENTED_EDGE ( 'NONE', *, *, #1465, .T. ) ;
#1388 = DIRECTION ( 'NONE',  ( -0.0000000000000000000, 0.0000000000000000000, -1.000000000000000000 ) ) ;
#1389 = DIRECTION ( 'NONE',  ( 0.0000000000000000000, 0.0000000000000000000, 1.000000000000000000 ) ) ;
#1390 = EDGE_LOOP ( 'NONE', ( #141, #1152, #1209, #1781 ) ) ;
#1391 =( LENGTH_UNIT ( ) NAMED_UNIT ( * ) SI_UNIT ( .CENTI., .METRE. ) );
#1392 = EDGE_CURVE ( 'NONE', #1420, #578, #2474, .T. ) ;
#1393 = ADVANCED_FACE ( 'NONE', ( #2736 ), #817, .T. ) ;
#1394 = AXIS2_PLACEMENT_3D ( 'NONE', #1989, #691, #2196 ) ;
#1395 = CARTESIAN_POINT ( 'NONE',  ( -0.1299999999999990052, -0.6345710663691499498, 0.2247768615746260079 ) ) ;
#1396 = DIRECTION ( 'NONE',  ( -1.000000000000000000, 1.571070317865789920E-16, 0.0000000000000000000 ) ) ;
#1397 = DIRECTION ( 'NONE',  ( 0.7071067811865460184, 0.0000000000000000000, -0.7071067811865490160 ) ) ;
#1398 = ORIENTED_EDGE ( 'NONE', *, *, #1848, .F. ) ;
#1399 = VERTEX_POINT ( 'NONE', #628 ) ;
#1400 = DIRECTION ( 'NONE',  ( 1.000000000000000000, 0.0000000000000000000, 0.0000000000000000000 ) ) ;
#1401 = ORIENTED_EDGE ( 'NONE', *, *, #2390, .T. ) ;
#1402 = CARTESIAN_POINT ( 'NONE',  ( -0.1299999999999990052, -0.6845710663691499942, 0.1972768615746260112 ) ) ;
#1403 =( NAMED_UNIT ( * ) PLANE_ANGLE_UNIT ( ) SI_UNIT ( $, .RADIAN. ) );
#1404 = CARTESIAN_POINT ( 'NONE',  ( -0.8900000000000000133, -0.6620710663691499187, 0.07249999999999999500 ) ) ;
#1405 = ORIENTED_EDGE ( 'NONE', *, *, #1756, .T. ) ;
#1406 = DIRECTION ( 'NONE',  ( -0.0000000000000000000, -0.0000000000000000000, -1.000000000000000000 ) ) ;
#1407 = DIRECTION ( 'NONE',  ( 0.0000000000000000000, 0.0000000000000000000, -1.000000000000000000 ) ) ;
#1408 = EDGE_CURVE ( 'NONE', #976, #2493, #401, .T. ) ;
#1409 = CARTESIAN_POINT ( 'NONE',  ( 0.3800000000000000044, -0.6921015496411994095, -3.592729953582957016E-17 ) ) ;
#1410 = CARTESIAN_POINT ( 'NONE',  ( 1.330000729300989892, -0.1499999873322414579, 0.0000000000000000000 ) ) ;
#1411 = ORIENTED_EDGE ( 'NONE', *, *, #1970, .F. ) ;
#1412 = ORIENTED_EDGE ( 'NONE', *, *, #648, .F. ) ;
#1413 = CARTESIAN_POINT ( 'NONE',  ( -0.1299999999999990330, -0.6620710663691498077, 0.03003048327204933809 ) ) ;
#1414 = STYLED_ITEM ( 'NONE', ( #1942 ), #1452 ) ;
#1415 = VERTEX_POINT ( 'NONE', #2304 ) ;
#1416 = CIRCLE ( 'NONE', #1809, 0.02249999999999995060 ) ;
#1417 = DIRECTION ( 'NONE',  ( 0.0000000000000000000, -1.000000000000000000, 0.0000000000000000000 ) ) ;
#1418 = CIRCLE ( 'NONE', #1246, 0.02249999999999999223 ) ;
#1419 = LINE ( 'NONE', #2637, #2058 ) ;
#1420 = VERTEX_POINT ( 'NONE', #1628 ) ;
#1421 = COLOUR_RGB ( '',0.8156862745098039102, 0.8156862745098039102, 0.8156862745098039102 ) ;
#1422 = PRESENTATION_STYLE_ASSIGNMENT (( #2060 ) ) ;
#1423 = DIRECTION ( 'NONE',  ( 0.0000000000000000000, -1.000000000000000000, 0.0000000000000000000 ) ) ;
#1424 = DIRECTION ( 'NONE',  ( -0.0000000000000000000, 1.000000000000000000, -0.0000000000000000000 ) ) ;
#1425 = DIRECTION ( 'NONE',  ( 0.0000000000000000000, 1.000000000000000000, 0.0000000000000000000 ) ) ;
#1426 = FACE_OUTER_BOUND ( 'NONE', #605, .T. ) ;
#1427 = VERTEX_POINT ( 'NONE', #2498 ) ;
#1428 = CARTESIAN_POINT ( 'NONE',  ( -0.8900000000000000133, -0.6345710663691499498, 0.2247768615746260079 ) ) ;
#1429 = CARTESIAN_POINT ( 'NONE',  ( -0.08499999999999904854, -0.6620710663691499187, 0.03003048327204933809 ) ) ;
#1430 = EDGE_CURVE ( 'NONE', #2553, #1361, #2652, .T. ) ;
#1431 = EDGE_CURVE ( 'NONE', #578, #1415, #1461, .T. ) ;
#1432 = ORIENTED_EDGE ( 'NONE', *, *, #1831, .F. ) ;
#1433 = DIRECTION ( 'NONE',  ( 1.000000000000000000, 0.0000000000000000000, 0.0000000000000000000 ) ) ;
#1434 = LINE ( 'NONE', #2217, #279 ) ;
#1435 = ORIENTED_EDGE ( 'NONE', *, *, #374, .F. ) ;
#1436 = FACE_OUTER_BOUND ( 'NONE', #1753, .T. ) ;
#1437 = UNCERTAINTY_MEASURE_WITH_UNIT (LENGTH_MEASURE( 1.000000000000000082E-05 ), #1613, 'distance_accuracy_value', 'NONE');
#1438 = CIRCLE ( 'NONE', #2677, 0.02249999999999999223 ) ;
#1439 = DIRECTION ( 'NONE',  ( 0.0000000000000000000, 0.0000000000000000000, -1.000000000000000000 ) ) ;
#1440 = CARTESIAN_POINT ( 'NONE',  ( -0.1299999999999990052, -0.5000000014901160306, 0.2472768615746260279 ) ) ;
#1441 = CARTESIAN_POINT ( 'NONE',  ( 0.3800000000000000044, -0.6345710663691499498, 0.1972768615746260112 ) ) ;
#1442 = DIRECTION ( 'NONE',  ( 0.0000000000000000000, -1.000000000000000000, 0.0000000000000000000 ) ) ;
#1443 = VECTOR ( 'NONE', #2519, 100.0000000000000000 ) ;
#1444 = ORIENTED_EDGE ( 'NONE', *, *, #2072, .T. ) ;
#1445 = CARTESIAN_POINT ( 'NONE',  ( -0.9350000000000001643, -0.6345710663691499498, 0.2697768615746259924 ) ) ;
#1446 = DIRECTION ( 'NONE',  ( 0.0000000000000000000, -1.000000000000000000, 0.0000000000000000000 ) ) ;
#1447 = ORIENTED_EDGE ( 'NONE', *, *, #1280, .T. ) ;
#1448 = EDGE_CURVE ( 'NONE', #206, #186, #496, .T. ) ;
#1449 = DIRECTION ( 'NONE',  ( 0.0000000000000000000, 0.0000000000000000000, -1.000000000000000000 ) ) ;
#1450 = ADVANCED_FACE ( 'NONE', ( #447 ), #2581, .F. ) ;
#1451 = CARTESIAN_POINT ( 'NONE',  ( -0.8900000000000000133, -0.6345710663691499498, 0.1972768615746260112 ) ) ;
#1452 = MANIFOLD_SOLID_BREP ( 'Body1', #1270 ) ;
#1453 = VERTEX_POINT ( 'NONE', #1929 ) ;
#1454 = DIRECTION ( 'NONE',  ( -7.401487161706680465E-16, -1.000000000000000000, 0.0000000000000000000 ) ) ;
#1455 = CARTESIAN_POINT ( 'NONE',  ( -0.8900000000000000133, -0.6620710663691498077, 0.2133859886093659453 ) ) ;
#1456 = CARTESIAN_POINT ( 'NONE',  ( -0.9124999999999999778, -0.6845710663691499942, 0.1972768615746260112 ) ) ;
#1457 = CARTESIAN_POINT ( 'NONE',  ( 0.8449999999999999734, -0.6770405830971004679, 0.2697768615746259924 ) ) ;
#1458 = ORIENTED_EDGE ( 'NONE', *, *, #1173, .F. ) ;
#1459 = CARTESIAN_POINT ( 'NONE',  ( 1.060000000000000053, 0.3000000104308129800, 0.1499999999999999944 ) ) ;
#1460 = EDGE_LOOP ( 'NONE', ( #2302, #930, #1385, #2399 ) ) ;
#1461 = CIRCLE ( 'NONE', #271, 0.07249999999999999500 ) ;
#1462 = CARTESIAN_POINT ( 'NONE',  ( 1.060000000000000053, 0.0000000000000000000, 0.4900000006705519384 ) ) ;
#1463 = CARTESIAN_POINT ( 'NONE',  ( -0.1749999999999990175, -0.6620710663691499187, 0.03003048327204933809 ) ) ;
#1464 = AXIS2_PLACEMENT_3D ( 'NONE', #2517, #649, #15 ) ;
#1465 = EDGE_CURVE ( 'NONE', #1227, #1767, #1117, .T. ) ;
#1466 = ORIENTED_EDGE ( 'NONE', *, *, #2220, .T. ) ;
#1467 = CIRCLE ( 'NONE', #457, 0.1500000022334009309 ) ;
#1468 = DIRECTION ( 'NONE',  ( 0.0000000000000000000, 1.000000000000000000, 0.0000000000000000000 ) ) ;
#1469 = EDGE_CURVE ( 'NONE', #1641, #1297, #2373, .T. ) ;
#1470 = CIRCLE ( 'NONE', #591, 0.02750000000000000708 ) ;
#1471 = DIRECTION ( 'NONE',  ( 0.0000000000000000000, 0.0000000000000000000, -1.000000000000000000 ) ) ;
#1472 = CYLINDRICAL_SURFACE ( 'NONE', #1645, 0.02249999999999999223 ) ;
#1473 = VECTOR ( 'NONE', #2605, 100.0000000000000000 ) ;
#1474 = CARTESIAN_POINT ( 'NONE',  ( 0.8900000000000000133, -0.6345710663691499498, 0.2247768615746260079 ) ) ;
#1475 = ORIENTED_EDGE ( 'NONE', *, *, #1776, .F. ) ;
#1476 = FACE_OUTER_BOUND ( 'NONE', #785, .T. ) ;
#1477 = ORIENTED_EDGE ( 'NONE', *, *, #632, .F. ) ;
#1478 = DIRECTION ( 'NONE',  ( -1.000000000000000000, 0.0000000000000000000, 0.0000000000000000000 ) ) ;
#1479 = FACE_OUTER_BOUND ( 'NONE', #2054, .T. ) ;
#1480 = ORIENTED_EDGE ( 'NONE', *, *, #2496, .F. ) ;
#1481 = CARTESIAN_POINT ( 'NONE',  ( 0.9350000000000001643, -0.7345710663691500386, 0.04499999999999999140 ) ) ;
#1482 = LINE ( 'NONE', #1055, #2521 ) ;
#1483 = LINE ( 'NONE', #1288, #1903 ) ;
#1484 = EDGE_CURVE ( 'NONE', #2396, #646, #1148, .T. ) ;
#1485 = EDGE_CURVE ( 'NONE', #2607, #180, #1281, .T. ) ;
#1486 = DIRECTION ( 'NONE',  ( 1.000000000000000000, 0.0000000000000000000, -0.0000000000000000000 ) ) ;
#1487 =( GEOMETRIC_REPRESENTATION_CONTEXT ( 3 ) GLOBAL_UNCERTAINTY_ASSIGNED_CONTEXT ( ( #837 ) ) GLOBAL_UNIT_ASSIGNED_CONTEXT ( ( #670, #2361, #2136 ) ) REPRESENTATION_CONTEXT ( 'NONE', 'WORKASPACE' ) );
#1488 = CARTESIAN_POINT ( 'NONE',  ( -0.8900000000000000133, -0.7070710663691498477, 0.1972768615746260112 ) ) ;
#1489 = DIRECTION ( 'NONE',  ( -0.0000000000000000000, -0.0000000000000000000, -1.000000000000000000 ) ) ;
#1490 = AXIS2_PLACEMENT_3D ( 'NONE', #1725, #59, #1751 ) ;
#1491 = ORIENTED_EDGE ( 'NONE', *, *, #992, .T. ) ;
#1492 =( NAMED_UNIT ( * ) SI_UNIT ( $, .STERADIAN. ) SOLID_ANGLE_UNIT ( ) );
#1493 = ORIENTED_EDGE ( 'NONE', *, *, #1408, .F. ) ;
#1494 = CARTESIAN_POINT ( 'NONE',  ( 0.9350000000000001643, -0.7070710663691500697, 0.07249999999999999500 ) ) ;
#1495 = DIRECTION ( 'NONE',  ( 1.000000000000000000, 0.0000000000000000000, 0.0000000000000000000 ) ) ;
#1496 = DIRECTION ( 'NONE',  ( 1.000000000000000000, -1.832915370843420012E-16, 0.0000000000000000000 ) ) ;
#1497 = PLANE ( 'NONE',  #2680 ) ;
#1498 = CARTESIAN_POINT ( 'NONE',  ( -0.8900000000000000133, -0.6620710663691499187, 0.07249999999999999500 ) ) ;
#1499 = ADVANCED_FACE ( 'NONE', ( #1732 ), #444, .T. ) ;
#1500 = CARTESIAN_POINT ( 'NONE',  ( -0.1299999999999990052, -0.6345710663691499498, 0.2247768615746260079 ) ) ;
#1501 = ORIENTED_EDGE ( 'NONE', *, *, #1485, .T. ) ;
#1502 = DIRECTION ( 'NONE',  ( -1.000000000000000000, -0.0000000000000000000, 0.0000000000000000000 ) ) ;
#1503 = CARTESIAN_POINT ( 'NONE',  ( 0.3350000000000000200, -0.7070710663691498477, 0.2397463783025765849 ) ) ;
#1504 = ORIENTED_EDGE ( 'NONE', *, *, #2495, .F. ) ;
#1505 = LINE ( 'NONE', #885, #2214 ) ;
#1506 = AXIS2_PLACEMENT_3D ( 'NONE', #644, #1658, #1478 ) ;
#1507 = AXIS2_PLACEMENT_3D ( 'NONE', #358, #1446, #826 ) ;
#1508 = LINE ( 'NONE', #2730, #1946 ) ;
#1509 = DIRECTION ( 'NONE',  ( 0.0000000000000000000, 0.0000000000000000000, -1.000000000000000000 ) ) ;
#1510 = LINE ( 'NONE', #2143, #1926 ) ;
#1511 = AXIS2_PLACEMENT_3D ( 'NONE', #440, #1919, #1496 ) ;
#1512 = CIRCLE ( 'NONE', #895, 0.02250000000000003733 ) ;
#1513 = CARTESIAN_POINT ( 'NONE',  ( -0.1749999999999990175, -0.6620710663691499187, 0.2133859886093658897 ) ) ;
#1514 =( NAMED_UNIT ( * ) PLANE_ANGLE_UNIT ( ) SI_UNIT ( $, .RADIAN. ) );
#1515 = DIRECTION ( 'NONE',  ( 0.0000000000000000000, -1.000000000000000000, 0.0000000000000000000 ) ) ;
#1516 = ADVANCED_FACE ( 'NONE', ( #1717 ), #1308, .T. ) ;
#1517 = CARTESIAN_POINT ( 'NONE',  ( 0.3800000000000000044, -0.6770405830971005789, 0.2697768615746259369 ) ) ;
#1518 = ORIENTED_EDGE ( 'NONE', *, *, #112, .F. ) ;
#1519 = CARTESIAN_POINT ( 'NONE',  ( -1.330000729300989892, -0.1499999962747080029, 0.0000000000000000000 ) ) ;
#1520 = ORIENTED_EDGE ( 'NONE', *, *, #1141, .F. ) ;
#1521 = CYLINDRICAL_SURFACE ( 'NONE', #1067, 0.02249999999999999223 ) ;
#1522 = FACE_OUTER_BOUND ( 'NONE', #962, .T. ) ;
#1523 = CARTESIAN_POINT ( 'NONE',  ( 0.3800000000000000044, -0.5000000014901160306, 0.2472768615746260279 ) ) ;
#1524 = CARTESIAN_POINT ( 'NONE',  ( -0.8449999999999999734, -0.6620710663691499187, 0.03003048327204933809 ) ) ;
#1525 = DIRECTION ( 'NONE',  ( 0.0000000000000000000, 1.000000000000000000, 0.0000000000000000000 ) ) ;
#1526 = VERTEX_POINT ( 'NONE', #21 ) ;
#1527 = CARTESIAN_POINT ( 'NONE',  ( -0.8900000000000000133, -0.7184619393344099381, 0.04500000000000003303 ) ) ;
#1528 = PRESENTATION_LAYER_ASSIGNMENT (  '', '', ( #340 ) ) ;
#1529 = FILL_AREA_STYLE_COLOUR ( '', #614 ) ;
#1530 = VECTOR ( 'NONE', #1406, 100.0000000000000000 ) ;
#1531 = ORIENTED_EDGE ( 'NONE', *, *, #1127, .F. ) ;
#1532 = EDGE_CURVE ( 'NONE', #1829, #1914, #868, .T. ) ;
#1533 = PLANE ( 'NONE',  #2442 ) ;
#1534 = VECTOR ( 'NONE', #42, 100.0000000000000000 ) ;
#1535 = ORIENTED_EDGE ( 'NONE', *, *, #2172, .F. ) ;
#1536 = CARTESIAN_POINT ( 'NONE',  ( 0.4024999999999999689, -0.6845710663691499942, 0.1972768615746260112 ) ) ;
#1537 = CYLINDRICAL_SURFACE ( 'NONE', #1174, 0.02249999999999999917 ) ;
#1538 = CARTESIAN_POINT ( 'NONE',  ( 0.8900000000000000133, -0.5000000014901160306, 0.2472768615746260279 ) ) ;
#1539 = DIRECTION ( 'NONE',  ( -0.0000000000000000000, 1.000000000000000000, 0.0000000000000000000 ) ) ;
#1540 = ORIENTED_EDGE ( 'NONE', *, *, #1028, .F. ) ;
#1541 = CARTESIAN_POINT ( 'NONE',  ( -0.8900000000000000133, -0.7070710663691500697, 0.07249999999999999500 ) ) ;
#1542 = FILL_AREA_STYLE ('',( #1529 ) ) ;
#1543 = EDGE_LOOP ( 'NONE', ( #1130, #1611 ) ) ;
#1544 = DIRECTION ( 'NONE',  ( 0.0000000000000000000, 1.000000000000000000, -0.0000000000000000000 ) ) ;
#1545 = EDGE_LOOP ( 'NONE', ( #2670, #1181, #1672, #2733 ) ) ;
#1546 = AXIS2_PLACEMENT_3D ( 'NONE', #2485, #1433, #2272 ) ;
#1547 = EDGE_CURVE ( 'NONE', #119, #1042, #52, .T. ) ;
#1548 = DIRECTION ( 'NONE',  ( 0.0000000000000000000, 1.000000000000000000, 0.0000000000000000000 ) ) ;
#1549 = AXIS2_PLACEMENT_3D ( 'NONE', #116, #2422, #944 ) ;
#1550 = CARTESIAN_POINT ( 'NONE',  ( -0.8900000000000000133, -0.7345710663691499276, -8.673617379884035472E-17 ) ) ;
#1551 = DIRECTION ( 'NONE',  ( -0.0000000000000000000, 0.7071067811865470176, 0.7071067811865480168 ) ) ;
#1552 = VECTOR ( 'NONE', #2742, 100.0000000000000000 ) ;
#1553 = EDGE_LOOP ( 'NONE', ( #1911, #255, #1037, #333, #1799 ) ) ;
#1554 = VECTOR ( 'NONE', #2310, 100.0000000000000000 ) ;
#1555 = DIRECTION ( 'NONE',  ( 0.0000000000000000000, 0.0000000000000000000, -1.000000000000000000 ) ) ;
#1556 = STYLED_ITEM ( 'NONE', ( #2333 ), #1273 ) ;
#1557 = CARTESIAN_POINT ( 'NONE',  ( 0.8900000000000000133, -0.7070710663691498477, 0.1972768615746260112 ) ) ;
#1558 = ORIENTED_EDGE ( 'NONE', *, *, #1747, .T. ) ;
#1559 = ORIENTED_EDGE ( 'NONE', *, *, #2564, .F. ) ;
#1560 = DIRECTION ( 'NONE',  ( 0.0000000000000000000, 0.0000000000000000000, 1.000000000000000000 ) ) ;
#1561 =( BOUNDED_SURFACE ( )  B_SPLINE_SURFACE ( 3, 3, ( 
 ( #2078, #2717, #1031, #1557 ),
 ( #637, #1457, #1, #230 ),
 ( #1693, #675, #1908, #1920 ),
 ( #1474, #441, #852, #624 ) ),
 .UNSPECIFIED., .F., .F., .F. ) 
 B_SPLINE_SURFACE_WITH_KNOTS ( ( 4, 4 ),
 ( 4, 4 ),
 ( 0.0000000000000000000, 1.000000000000000000 ),
 ( 0.0000000000000000000, 1.000000000000000000 ),
 .UNSPECIFIED. ) 
 GEOMETRIC_REPRESENTATION_ITEM ( )  RATIONAL_B_SPLINE_SURFACE ( (
 ( 1.000000000000000000, 0.8047378541243649375, 0.8047378541243649375, 1.000000000000000000),
 ( 0.3333333333333333703, 0.2682459513747883495, 0.2682459513747883495, 0.3333333333333333703),
 ( 0.3333333333333333703, 0.2682459513747883495, 0.2682459513747883495, 0.3333333333333333703),
 ( 1.000000000000000000, 0.8047378541243649375, 0.8047378541243649375, 1.000000000000000000) ) ) 
 REPRESENTATION_ITEM ( '' )  SURFACE ( )  );
#1562 = DIRECTION ( 'NONE',  ( 0.0000000000000000000, 1.000000000000000000, 0.0000000000000000000 ) ) ;
#1563 = PLANE ( 'NONE',  #122 ) ;
#1564 = EDGE_CURVE ( 'NONE', #1194, #886, #1416, .T. ) ;
#1565 = PLANE ( 'NONE',  #2525 ) ;
#1566 = EDGE_LOOP ( 'NONE', ( #1107, #325, #1333, #610, #208 ) ) ;
#1567 = PLANE ( 'NONE',  #761 ) ;
#1568 = EDGE_LOOP ( 'NONE', ( #2580, #2492, #1435, #2645, #1825 ) ) ;
#1569 = AXIS2_PLACEMENT_3D ( 'NONE', #2622, #553, #1659 ) ;
#1570 = LINE ( 'NONE', #525, #2301 ) ;
#1571 = CARTESIAN_POINT ( 'NONE',  ( -0.8900000000000000133, -0.8691421323657709808, 0.02249999999999999917 ) ) ;
#1572 = CARTESIAN_POINT ( 'NONE',  ( -1.060000000000000053, 0.5000000014901160306, 0.2850000003352760047 ) ) ;
#1573 = CIRCLE ( 'NONE', #2370, 0.02249999999999995060 ) ;
#1574 = EDGE_LOOP ( 'NONE', ( #1504, #2387, #212, #1638 ) ) ;
#1575 = CARTESIAN_POINT ( 'NONE',  ( 0.3800000000000000044, -0.7345710663691500386, 0.02249999999999999917 ) ) ;
#1576 = LINE ( 'NONE', #1777, #2325 ) ;
#1577 = FACE_OUTER_BOUND ( 'NONE', #784, .T. ) ;
#1578 = CARTESIAN_POINT ( 'NONE',  ( 1.500000000000000000, -0.1499999873340140122, 0.0000000000000000000 ) ) ;
#1579 = EDGE_CURVE ( 'NONE', #2059, #1241, #135, .T. ) ;
#1580 = VERTEX_POINT ( 'NONE', #2201 ) ;
#1581 = ORIENTED_EDGE ( 'NONE', *, *, #2547, .T. ) ;
#1582 = LINE ( 'NONE', #2646, #2386 ) ;
#1583 = EDGE_CURVE ( 'NONE', #56, #2059, #2410, .T. ) ;
#1584 = ORIENTED_EDGE ( 'NONE', *, *, #374, .T. ) ;
#1585 = CARTESIAN_POINT ( 'NONE',  ( -1.330000729300989892, -0.1499999962747080029, 0.0000000000000000000 ) ) ;
#1586 = PLANE ( 'NONE',  #936 ) ;
#1587 = FACE_OUTER_BOUND ( 'NONE', #1574, .T. ) ;
#1588 = ORIENTED_EDGE ( 'NONE', *, *, #253, .T. ) ;
#1589 = DIRECTION ( 'NONE',  ( -1.000000000000000000, 0.0000000000000000000, 0.0000000000000000000 ) ) ;
#1590 = CARTESIAN_POINT ( 'NONE',  ( -0.8900000000000000133, -0.7345710663691500386, 0.02249999999999999917 ) ) ;
#1591 = DIRECTION ( 'NONE',  ( 0.0000000000000000000, -0.7071067811865480168, 0.7071067811865470176 ) ) ;
#1592 = LINE ( 'NONE', #2614, #588 ) ;
#1593 = AXIS2_PLACEMENT_3D ( 'NONE', #935, #2193, #993 ) ;
#1594 = ORIENTED_EDGE ( 'NONE', *, *, #2256, .F. ) ;
#1595 = VECTOR ( 'NONE', #89, 100.0000000000000000 ) ;
#1596 = PLANE ( 'NONE',  #2349 ) ;
#1597 = CIRCLE ( 'NONE', #414, 0.07249999999999999500 ) ;
#1598 = ORIENTED_EDGE ( 'NONE', *, *, #2683, .T. ) ;
#1599 = EDGE_CURVE ( 'NONE', #1361, #119, #2397, .T. ) ;
#1600 = DIRECTION ( 'NONE',  ( 0.0000000000000000000, -1.000000000000000000, 0.0000000000000000000 ) ) ;
#1601 = DIRECTION ( 'NONE',  ( 0.0000000000000000000, -1.000000000000000000, 0.0000000000000000000 ) ) ;
#1602 = ORIENTED_EDGE ( 'NONE', *, *, #665, .T. ) ;
#1603 = CARTESIAN_POINT ( 'NONE',  ( -1.500000000000000000, 0.1500000081956400222, 0.1500000000000000222 ) ) ;
#1604 = DIRECTION ( 'NONE',  ( 0.0000000000000000000, 0.0000000000000000000, -1.000000000000000000 ) ) ;
#1605 = CYLINDRICAL_SURFACE ( 'NONE', #1706, 0.02249999999999999917 ) ;
#1606 = FACE_OUTER_BOUND ( 'NONE', #725, .T. ) ;
#1607 = CARTESIAN_POINT ( 'NONE',  ( -0.1299999999999990052, -0.6845710663691499942, 0.1972768615746260112 ) ) ;
#1608 = ORIENTED_EDGE ( 'NONE', *, *, #1141, .T. ) ;
#1609 = VERTEX_POINT ( 'NONE', #2215 ) ;
#1610 = DIRECTION ( 'NONE',  ( 1.000000000000000000, 0.0000000000000000000, 0.0000000000000000000 ) ) ;
#1611 = ORIENTED_EDGE ( 'NONE', *, *, #2097, .F. ) ;
#1612 = CARTESIAN_POINT ( 'NONE',  ( -0.8449999999999999734, -0.6345710663691499498, 0.2697768615746259924 ) ) ;
#1613 =( LENGTH_UNIT ( ) NAMED_UNIT ( * ) SI_UNIT ( .CENTI., .METRE. ) );
#1614 = CARTESIAN_POINT ( 'NONE',  ( -1.500000000000000000, 0.1500000081956399944, 0.0000000000000000000 ) ) ;
#1615 = AXIS2_PLACEMENT_3D ( 'NONE', #540, #2206, #1801 ) ;
#1616 = EDGE_CURVE ( 'NONE', #1370, #2100, #1582, .T. ) ;
#1617 = EDGE_LOOP ( 'NONE', ( #2113, #2300, #951, #2510 ) ) ;
#1618 = SURFACE_SIDE_STYLE ('',( #998 ) ) ;
#1619 = AXIS2_PLACEMENT_3D ( 'NONE', #1637, #1442, #149 ) ;
#1620 = CARTESIAN_POINT ( 'NONE',  ( 0.3800000000000000044, -0.6845710663691499942, 0.1972768615746260112 ) ) ;
#1621 = AXIS2_PLACEMENT_3D ( 'NONE', #1607, #162, #1003 ) ;
#1622 = CARTESIAN_POINT ( 'NONE',  ( -0.08499999999999904854, -0.6620710663691499187, 0.2133859886093658897 ) ) ;
#1623 = LINE ( 'NONE', #2090, #1687 ) ;
#1624 = AXIS2_PLACEMENT_3D ( 'NONE', #2132, #1291, #31 ) ;
#1625 = LINE ( 'NONE', #1179, #1260 ) ;
#1626 = ORIENTED_EDGE ( 'NONE', *, *, #2666, .F. ) ;
#1627 = ORIENTED_EDGE ( 'NONE', *, *, #318, .F. ) ;
#1628 = CARTESIAN_POINT ( 'NONE',  ( 0.3574999999999999845, -0.6845710663691499942, 0.07249999999999999500 ) ) ;
#1629 = DIRECTION ( 'NONE',  ( 0.0000000000000000000, 6.123233995736766036E-17, -1.000000000000000000 ) ) ;
#1630 = CYLINDRICAL_SURFACE ( 'NONE', #515, 0.02249999999999999223 ) ;
#1631 = VERTEX_POINT ( 'NONE', #2024 ) ;
#1632 = CARTESIAN_POINT ( 'NONE',  ( -1.010000000000000009, 0.4500000014901159862, 0.5400000006705519828 ) ) ;
#1633 = CARTESIAN_POINT ( 'NONE',  ( -4.440892098500630106E-16, 0.3700000104308129867, 0.1499999999999999944 ) ) ;
#1634 = CARTESIAN_POINT ( 'NONE',  ( 0.3800000000000000044, -0.6845710663691499942, 0.1972768615746260112 ) ) ;
#1635 = CARTESIAN_POINT ( 'NONE',  ( -1.060000000000000053, -0.4500000026077030091, 0.02999999999999999889 ) ) ;
#1636 = EDGE_CURVE ( 'NONE', #1758, #2100, #509, .T. ) ;
#1637 = CARTESIAN_POINT ( 'NONE',  ( -0.1299999999999990052, -0.5000000014901160306, 0.2472768615746260279 ) ) ;
#1638 = ORIENTED_EDGE ( 'NONE', *, *, #1374, .F. ) ;
#1639 = CARTESIAN_POINT ( 'NONE',  ( -0.9349999999999999423, -0.7070710663691498477, 0.2397463783025765849 ) ) ;
#1640 =( GEOMETRIC_REPRESENTATION_CONTEXT ( 3 ) GLOBAL_UNCERTAINTY_ASSIGNED_CONTEXT ( ( #2686 ) ) GLOBAL_UNIT_ASSIGNED_CONTEXT ( ( #2135, #1104, #1492 ) ) REPRESENTATION_CONTEXT ( 'NONE', 'WORKASPACE' ) );
#1641 = VERTEX_POINT ( 'NONE', #523 ) ;
#1642 = AXIS2_PLACEMENT_3D ( 'NONE', #2494, #2269, #373 ) ;
#1643 = DIRECTION ( 'NONE',  ( 0.0000000000000000000, 0.0000000000000000000, 1.000000000000000000 ) ) ;
#1644 = CARTESIAN_POINT ( 'NONE',  ( -0.1299999999999990052, -0.8691421323657709808, 0.02249999999999999917 ) ) ;
#1645 = AXIS2_PLACEMENT_3D ( 'NONE', #424, #2546, #2559 ) ;
#1646 =( NAMED_UNIT ( * ) PLANE_ANGLE_UNIT ( ) SI_UNIT ( $, .RADIAN. ) );
#1647 = EDGE_LOOP ( 'NONE', ( #625, #2540, #1447, #1477 ) ) ;
#1648 = AXIS2_PLACEMENT_3D ( 'NONE', #1256, #2352, #422 ) ;
#1649 =( NAMED_UNIT ( * ) PLANE_ANGLE_UNIT ( ) SI_UNIT ( $, .RADIAN. ) );
#1650 = FACE_OUTER_BOUND ( 'NONE', #400, .T. ) ;
#1651 = DIRECTION ( 'NONE',  ( 0.0000000000000000000, 1.000000000000000000, -0.0000000000000000000 ) ) ;
#1652 = CARTESIAN_POINT ( 'NONE',  ( 0.3800000000000000044, -0.6845710663691499942, 0.07249999999999999500 ) ) ;
#1653 = ORIENTED_EDGE ( 'NONE', *, *, #680, .T. ) ;
#1654 = EDGE_CURVE ( 'NONE', #7, #1741, #1467, .T. ) ;
#1655 = ADVANCED_FACE ( 'NONE', ( #327 ), #309, .T. ) ;
#1656 = DIRECTION ( 'NONE',  ( 0.0000000000000000000, 1.000000000000000000, 0.0000000000000000000 ) ) ;
#1657 = ORIENTED_EDGE ( 'NONE', *, *, #1296, .F. ) ;
#1658 = DIRECTION ( 'NONE',  ( 0.0000000000000000000, 0.0000000000000000000, -1.000000000000000000 ) ) ;
#1659 = DIRECTION ( 'NONE',  ( -1.000000000000000000, 0.0000000000000000000, 0.0000000000000000000 ) ) ;
#1660 = ORIENTED_EDGE ( 'NONE', *, *, #402, .F. ) ;
#1661 = DIRECTION ( 'NONE',  ( 0.0000000000000000000, 0.0000000000000000000, 1.000000000000000000 ) ) ;
#1662 = CARTESIAN_POINT ( 'NONE',  ( 1.500000000000000000, -0.2999999895691869978, 0.0000000000000000000 ) ) ;
#1663 = CARTESIAN_POINT ( 'NONE',  ( -0.1299999999999990052, -0.7070710663691500697, 0.07249999999999999500 ) ) ;
#1664 = PLANE ( 'NONE',  #168 ) ;
#1665 = EDGE_LOOP ( 'NONE', ( #1559, #769, #627, #991 ) ) ;
#1666 = ORIENTED_EDGE ( 'NONE', *, *, #941, .F. ) ;
#1667 = CARTESIAN_POINT ( 'NONE',  ( -0.08499999999999903466, -0.7345710663691500386, -8.673617379884035472E-17 ) ) ;
#1668 = EDGE_CURVE ( 'NONE', #2268, #1420, #2435, .T. ) ;
#1669 = EDGE_LOOP ( 'NONE', ( #694, #1458, #224, #1657 ) ) ;
#1670 = DIRECTION ( 'NONE',  ( 0.0000000000000000000, 1.000000000000000000, 0.0000000000000000000 ) ) ;
#1671 = EDGE_CURVE ( 'NONE', #2453, #1580, #2478, .T. ) ;
#1672 = ORIENTED_EDGE ( 'NONE', *, *, #443, .T. ) ;
#1673 = LINE ( 'NONE', #2516, #1554 ) ;
#1674 = CARTESIAN_POINT ( 'NONE',  ( 0.8900000000000000133, -0.5000000014901160306, 0.2472768615746260279 ) ) ;
#1675 = DIRECTION ( 'NONE',  ( 0.0000000000000000000, 0.0000000000000000000, -1.000000000000000000 ) ) ;
#1676 = LINE ( 'NONE', #2328, #1443 ) ;
#1677 = ORIENTED_EDGE ( 'NONE', *, *, #1685, .T. ) ;
#1678 = CARTESIAN_POINT ( 'NONE',  ( -0.9350000000000001643, -0.7070710663691499587, 0.1972768615746260112 ) ) ;
#1679 = ORIENTED_EDGE ( 'NONE', *, *, #598, .F. ) ;
#1680 = CIRCLE ( 'NONE', #2432, 0.1500000022334009309 ) ;
#1681 = FACE_OUTER_BOUND ( 'NONE', #746, .T. ) ;
#1682 = CARTESIAN_POINT ( 'NONE',  ( -0.1749999999999990175, -0.6620710663691499187, 0.07249999999999999500 ) ) ;
#1683 = CIRCLE ( 'NONE', #931, 0.02250000000000003733 ) ;
#1684 = EDGE_LOOP ( 'NONE', ( #2094, #2137, #497, #1284, #1238 ) ) ;
#1685 = EDGE_CURVE ( 'NONE', #719, #1580, #1722, .T. ) ;
#1686 = EDGE_CURVE ( 'NONE', #2520, #819, #93, .T. ) ;
#1687 = VECTOR ( 'NONE', #161, 100.0000000000000000 ) ;
#1688 = DIRECTION ( 'NONE',  ( 0.0000000000000000000, 6.123233995736766036E-17, -1.000000000000000000 ) ) ;
#1689 = UNCERTAINTY_MEASURE_WITH_UNIT (LENGTH_MEASURE( 1.000000000000000082E-05 ), #805, 'distance_accuracy_value', 'NONE');
#1690 = CARTESIAN_POINT ( 'NONE',  ( -1.010000000000000009, -0.4500000014901158751, 0.5400000006705519828 ) ) ;
#1691 = EDGE_CURVE ( 'NONE', #1399, #1420, #105, .T. ) ;
#1692 = FACE_OUTER_BOUND ( 'NONE', #582, .T. ) ;
#1693 = CARTESIAN_POINT ( 'NONE',  ( 0.8449999999999999734, -0.6345710663691499498, 0.2247768615746259802 ) ) ;
#1694 = CARTESIAN_POINT ( 'NONE',  ( -1.330000729300989226, -0.1499999962747080029, 0.0000000000000000000 ) ) ;
#1695 = FACE_OUTER_BOUND ( 'NONE', #403, .T. ) ;
#1696 = EDGE_LOOP ( 'NONE', ( #2023, #688, #1721, #2192 ) ) ;
#1697 = DIRECTION ( 'NONE',  ( 0.0000000000000000000, 0.0000000000000000000, 1.000000000000000000 ) ) ;
#1698 = ORIENTED_EDGE ( 'NONE', *, *, #681, .F. ) ;
#1699 = CARTESIAN_POINT ( 'NONE',  ( 0.8900000000000000133, -0.7184619393344099381, 0.04500000000000003303 ) ) ;
#1700 = ADVANCED_FACE ( 'NONE', ( #920 ), #1596, .T. ) ;
#1701 = DIRECTION ( 'NONE',  ( 0.0000000000000000000, 0.0000000000000000000, -1.000000000000000000 ) ) ;
#1702 = DIRECTION ( 'NONE',  ( 0.0000000000000000000, -1.000000000000000000, 0.0000000000000000000 ) ) ;
#1703 = DIRECTION ( 'NONE',  ( 0.0000000000000000000, 0.0000000000000000000, -1.000000000000000000 ) ) ;
#1704 = VECTOR ( 'NONE', #2117, 100.0000000000000000 ) ;
#1705 = ORIENTED_EDGE ( 'NONE', *, *, #905, .T. ) ;
#1706 = AXIS2_PLACEMENT_3D ( 'NONE', #1146, #531, #751 ) ;
#1707 = CARTESIAN_POINT ( 'NONE',  ( -0.8900000000000000133, -0.7345710663691499276, -8.673617379884035472E-17 ) ) ;
#1708 = ORIENTED_EDGE ( 'NONE', *, *, #2448, .T. ) ;
#1709 = LINE ( 'NONE', #2101, #101 ) ;
#1710 = DIRECTION ( 'NONE',  ( 0.0000000000000000000, 0.0000000000000000000, 1.000000000000000000 ) ) ;
#1711 = CARTESIAN_POINT ( 'NONE',  ( -0.8900000000000000133, -0.7345710663691500386, 0.07249999999999999500 ) ) ;
#1712 = CARTESIAN_POINT ( 'NONE',  ( 1.330000729300989892, 0.1500000171363330137, 0.1499999999999999944 ) ) ;
#1713 = CARTESIAN_POINT ( 'NONE',  ( -1.060000000000000053, 0.3700000104308129867, 0.0000000000000000000 ) ) ;
#1714 = ADVANCED_FACE ( 'NONE', ( #733 ), #1567, .T. ) ;
#1715 = CARTESIAN_POINT ( 'NONE',  ( -0.1749999999999990175, -0.6345710663691499498, 0.2697768615746259924 ) ) ;
#1716 = ORIENTED_EDGE ( 'NONE', *, *, #336, .F. ) ;
#1717 = FACE_OUTER_BOUND ( 'NONE', #2025, .T. ) ;
#1718 = CARTESIAN_POINT ( 'NONE',  ( 0.3800000000000000044, -0.6506801934038897173, 0.2247768615746260079 ) ) ;
#1719 = VERTEX_POINT ( 'NONE', #1150 ) ;
#1720 = FACE_OUTER_BOUND ( 'NONE', #2451, .T. ) ;
#1721 = ORIENTED_EDGE ( 'NONE', *, *, #1045, .T. ) ;
#1722 = CIRCLE ( 'NONE', #1242, 0.02750000000000000708 ) ;
#1723 = CARTESIAN_POINT ( 'NONE',  ( -0.8900000000000000133, -0.6345710663691499498, 0.2247768615746260079 ) ) ;
#1724 = DIRECTION ( 'NONE',  ( 0.0000000000000000000, -1.000000000000000000, 1.224646799147353207E-16 ) ) ;
#1725 = CARTESIAN_POINT ( 'NONE',  ( -0.8900000000000000133, -0.7345710663691500386, 0.07249999999999999500 ) ) ;
#1726 = VECTOR ( 'NONE', #2001, 100.0000000000000000 ) ;
#1727 = LINE ( 'NONE', #244, #787 ) ;
#1728 = VECTOR ( 'NONE', #390, 100.0000000000000000 ) ;
#1729 = CARTESIAN_POINT ( 'NONE',  ( 0.3800000000000000044, -0.5000000014901160306, 0.2472768615746260279 ) ) ;
#1730 = ADVANCED_FACE ( 'NONE', ( #1007 ), #2482, .T. ) ;
#1731 = ADVANCED_FACE ( 'NONE', ( #415 ), #601, .F. ) ;
#1732 = FACE_OUTER_BOUND ( 'NONE', #2484, .T. ) ;
#1733 = CARTESIAN_POINT ( 'NONE',  ( 0.3800000000000000044, -0.6345710663691499498, 0.2697768615746259924 ) ) ;
#1734 = VERTEX_POINT ( 'NONE', #2096 ) ;
#1735 = CARTESIAN_POINT ( 'NONE',  ( 0.8449999999999999734, -0.7345710663691500386, -8.673617379884035472E-17 ) ) ;
#1736 = ORIENTED_EDGE ( 'NONE', *, *, #134, .F. ) ;
#1737 = CARTESIAN_POINT ( 'NONE',  ( -0.1299999999999990052, -0.6345710663691499498, 0.2472768615746260279 ) ) ;
#1738 = CARTESIAN_POINT ( 'NONE',  ( 1.060000000000000053, -0.3699999895691870044, 0.0000000000000000000 ) ) ;
#1739 = CARTESIAN_POINT ( 'NONE',  ( 0.3800000000000000044, -0.6845710663691499942, 0.07249999999999999500 ) ) ;
#1740 = SURFACE_SIDE_STYLE ('',( #47 ) ) ;
#1741 = VERTEX_POINT ( 'NONE', #990 ) ;
#1742 = CARTESIAN_POINT ( 'NONE',  ( -0.9350000000000001643, -0.7345710663691500386, -8.673617379884035472E-17 ) ) ;
#1743 = AXIS2_PLACEMENT_3D ( 'NONE', #796, #370, #596 ) ;
#1744 = AXIS2_PLACEMENT_3D ( 'NONE', #293, #493, #1976 ) ;
#1745 = EDGE_LOOP ( 'NONE', ( #1337, #2189, #1698, #412 ) ) ;
#1746 = ADVANCED_FACE ( 'NONE', ( #786 ), #44, .T. ) ;
#1747 = EDGE_CURVE ( 'NONE', #429, #383, #2083, .T. ) ;
#1748 = DIRECTION ( 'NONE',  ( -1.000000000000000000, 0.0000000000000000000, 0.0000000000000000000 ) ) ;
#1749 = ORIENTED_EDGE ( 'NONE', *, *, #2363, .F. ) ;
#1750 = DIRECTION ( 'NONE',  ( 0.0000000000000000000, 0.0000000000000000000, -1.000000000000000000 ) ) ;
#1751 = DIRECTION ( 'NONE',  ( 0.0000000000000000000, 0.0000000000000000000, 1.000000000000000000 ) ) ;
#1752 = CARTESIAN_POINT ( 'NONE',  ( -0.8675000000000000488, -0.6845710663691499942, 0.07249999999999999500 ) ) ;
#1753 = EDGE_LOOP ( 'NONE', ( #1180, #989, #682, #87 ) ) ;
#1754 = CARTESIAN_POINT ( 'NONE',  ( 1.060000000000000053, -0.2999999895691869978, 0.0000000000000000000 ) ) ;
#1755 = VERTEX_POINT ( 'NONE', #1251 ) ;
#1756 = EDGE_CURVE ( 'NONE', #1162, #1526, #1046, .T. ) ;
#1757 = EDGE_CURVE ( 'NONE', #630, #2520, #1894, .T. ) ;
#1758 = VERTEX_POINT ( 'NONE', #2563 ) ;
#1759 = PRESENTATION_LAYER_ASSIGNMENT (  '', '', ( #1414 ) ) ;
#1760 = CARTESIAN_POINT ( 'NONE',  ( -0.1299999999999990052, -0.5000000014901160306, 0.2247768615746260079 ) ) ;
#1761 = CARTESIAN_POINT ( 'NONE',  ( 0.8900000000000000133, -0.6845710663691499942, 0.1972768615746260112 ) ) ;
#1762 = AXIS2_PLACEMENT_3D ( 'NONE', #103, #295, #283 ) ;
#1763 = CARTESIAN_POINT ( 'NONE',  ( -1.060000000000000053, -0.4500000026077030091, 0.02999999999999999889 ) ) ;
#1764 = EDGE_CURVE ( 'NONE', #80, #771, #879, .T. ) ;
#1765 = CARTESIAN_POINT ( 'NONE',  ( -0.1299999999999990052, -0.7345710663691500386, 0.04499999999999999833 ) ) ;
#1766 = CIRCLE ( 'NONE', #2305, 0.02249999999999999917 ) ;
#1767 = VERTEX_POINT ( 'NONE', #1102 ) ;
#1768 = EDGE_LOOP ( 'NONE', ( #1975, #371, #2134, #290 ) ) ;
#1769 = VECTOR ( 'NONE', #2449, 100.0000000000000000 ) ;
#1770 = DIRECTION ( 'NONE',  ( 1.000000000000000000, 0.0000000000000000000, 0.0000000000000000000 ) ) ;
#1771 = ORIENTED_EDGE ( 'NONE', *, *, #2330, .F. ) ;
#1772 = CARTESIAN_POINT ( 'NONE',  ( -1.060000000000000053, 0.4500000014901159862, 0.5400000006705519828 ) ) ;
#1773 = CYLINDRICAL_SURFACE ( 'NONE', #1569, 0.02249999999999995060 ) ;
#1774 = ORIENTED_EDGE ( 'NONE', *, *, #1884, .F. ) ;
#1775 = CARTESIAN_POINT ( 'NONE',  ( -0.1299999999999990052, -0.6345710663691499498, 0.1972768615746260112 ) ) ;
#1776 = EDGE_CURVE ( 'NONE', #1344, #2447, #1683, .T. ) ;
#1777 = CARTESIAN_POINT ( 'NONE',  ( -1.060000000000000053, 0.0000000000000000000, 0.04999999955296519083 ) ) ;
#1778 = CARTESIAN_POINT ( 'NONE',  ( 1.060000000000000053, 0.0000000000000000000, 0.2850000003352760047 ) ) ;
#1779 = FACE_OUTER_BOUND ( 'NONE', #697, .T. ) ;
#1780 = EDGE_CURVE ( 'NONE', #2100, #1427, #233, .T. ) ;
#1781 = ORIENTED_EDGE ( 'NONE', *, *, #2627, .T. ) ;
#1782 = DIRECTION ( 'NONE',  ( 1.000000000000000000, 5.224601352982810374E-15, 0.0000000000000000000 ) ) ;
#1783 = VECTOR ( 'NONE', #2028, 100.0000000000000000 ) ;
#1784 = AXIS2_PLACEMENT_3D ( 'NONE', #1943, #51, #2466 ) ;
#1785 = CARTESIAN_POINT ( 'NONE',  ( -0.8449999999999999734, -0.7070710663691498477, 0.2397463783025765849 ) ) ;
#1786 = CARTESIAN_POINT ( 'NONE',  ( 0.8900000000000000133, -0.6620710663691499187, 0.07249999999999999500 ) ) ;
#1787 = DIRECTION ( 'NONE',  ( 0.5773502691896250649, -0.5773502691896250649, -0.5773502691896270633 ) ) ;
#1788 = VECTOR ( 'NONE', #2048, 100.0000000000000000 ) ;
#1789 = VERTEX_POINT ( 'NONE', #19 ) ;
#1790 = VECTOR ( 'NONE', #740, 100.0000000000000000 ) ;
#1791 = DIRECTION ( 'NONE',  ( 0.0000000000000000000, 1.000000000000000000, 0.0000000000000000000 ) ) ;
#1792 = LINE ( 'NONE', #2488, #2411 ) ;
#1793 = LINE ( 'NONE', #1977, #2372 ) ;
#1794 = LINE ( 'NONE', #495, #804 ) ;
#1795 = EDGE_CURVE ( 'NONE', #630, #1631, #977, .T. ) ;
#1796 = ORIENTED_EDGE ( 'NONE', *, *, #940, .T. ) ;
#1797 = ADVANCED_FACE ( 'NONE', ( #1695 ), #229, .T. ) ;
#1798 = DIRECTION ( 'NONE',  ( 1.000000000000000000, 0.0000000000000000000, 0.0000000000000000000 ) ) ;
#1799 = ORIENTED_EDGE ( 'NONE', *, *, #117, .F. ) ;
#1800 = CARTESIAN_POINT ( 'NONE',  ( -0.8900000000000000133, -0.6770405830971005789, 0.2697768615746259369 ) ) ;
#1801 = DIRECTION ( 'NONE',  ( 0.0000000000000000000, 0.0000000000000000000, 1.000000000000000000 ) ) ;
#1802 = ORIENTED_EDGE ( 'NONE', *, *, #2041, .T. ) ;
#1803 = PRESENTATION_STYLE_ASSIGNMENT (( #350 ) ) ;
#1804 = CARTESIAN_POINT ( 'NONE',  ( -0.8900000000000000133, -0.7345710663691500386, 0.0000000000000000000 ) ) ;
#1805 = CARTESIAN_POINT ( 'NONE',  ( -1.330000729300989892, -0.1499999962747080029, 0.0000000000000000000 ) ) ;
#1806 = VECTOR ( 'NONE', #227, 100.0000000000000000 ) ;
#1807 = DIRECTION ( 'NONE',  ( -1.000000000000000000, 0.0000000000000000000, 0.0000000000000000000 ) ) ;
#1808 = DIRECTION ( 'NONE',  ( -1.000000000000000000, 0.0000000000000000000, 0.0000000000000000000 ) ) ;
#1809 = AXIS2_PLACEMENT_3D ( 'NONE', #1386, #1555, #946 ) ;
#1810 = ORIENTED_EDGE ( 'NONE', *, *, #1831, .T. ) ;
#1811 = ORIENTED_EDGE ( 'NONE', *, *, #2019, .T. ) ;
#1812 = VECTOR ( 'NONE', #2600, 100.0000000000000000 ) ;
#1813 = DIRECTION ( 'NONE',  ( 0.0000000000000000000, 0.0000000000000000000, -1.000000000000000000 ) ) ;
#1814 = EDGE_CURVE ( 'NONE', #563, #1829, #2164, .T. ) ;
#1815 = VECTOR ( 'NONE', #726, 100.0000000000000000 ) ;
#1816 = ORIENTED_EDGE ( 'NONE', *, *, #666, .T. ) ;
#1817 = VECTOR ( 'NONE', #2459, 100.0000000000000000 ) ;
#1818 = LINE ( 'NONE', #2218, #1047 ) ;
#1819 = EDGE_LOOP ( 'NONE', ( #2359, #1705, #2424, #1802, #1475, #2000 ) ) ;
#1820 = FACE_OUTER_BOUND ( 'NONE', #302, .T. ) ;
#1821 = CARTESIAN_POINT ( 'NONE',  ( 0.3800000000000000044, -0.6620710663691499187, 0.1972768615746260112 ) ) ;
#1822 = CARTESIAN_POINT ( 'NONE',  ( -1.500000000000000000, 0.3000000104308129245, 0.1500000000000000222 ) ) ;
#1823 = DIRECTION ( 'NONE',  ( 0.0000000000000000000, 0.0000000000000000000, 1.000000000000000000 ) ) ;
#1824 = ORIENTED_EDGE ( 'NONE', *, *, #992, .F. ) ;
#1825 = ORIENTED_EDGE ( 'NONE', *, *, #1686, .F. ) ;
#1826 = DIRECTION ( 'NONE',  ( 0.0000000000000000000, 0.0000000000000000000, -1.000000000000000000 ) ) ;
#1827 = CIRCLE ( 'NONE', #698, 0.02750000000000000708 ) ;
#1828 = VECTOR ( 'NONE', #382, 100.0000000000000000 ) ;
#1829 = VERTEX_POINT ( 'NONE', #1293 ) ;
#1830 = ADVANCED_FACE ( 'NONE', ( #1305 ), #903, .T. ) ;
#1831 = EDGE_CURVE ( 'NONE', #1042, #2080, #1114, .T. ) ;
#1832 = LINE ( 'NONE', #589, #1769 ) ;
#1833 = FACE_OUTER_BOUND ( 'NONE', #2149, .T. ) ;
#1834 = CLOSED_SHELL ( 'NONE', ( #1360, #2075, #220, #815, #1095, #777, #2274, #713, #974, #554, #2426, #267, #405, #1971 ) ) ;
#1835 = LINE ( 'NONE', #1234, #2587 ) ;
#1836 = PLANE ( 'NONE',  #910 ) ;
#1837 = ORIENTED_EDGE ( 'NONE', *, *, #335, .F. ) ;
#1838 = DIRECTION ( 'NONE',  ( 0.0000000000000000000, 0.0000000000000000000, -1.000000000000000000 ) ) ;
#1839 = CARTESIAN_POINT ( 'NONE',  ( -0.1299999999999990052, -0.7070710663691500697, 0.07249999999999999500 ) ) ;
#1840 =( BOUNDED_SURFACE ( )  B_SPLINE_SURFACE ( 3, 3, ( 
 ( #1723, #2574, #1455, #408 ),
 ( #2620, #2667, #948, #2455 ),
 ( #1612, #1142, #1785, #2649 ),
 ( #91, #1800, #107, #124 ) ),
 .UNSPECIFIED., .F., .F., .F. ) 
 B_SPLINE_SURFACE_WITH_KNOTS ( ( 4, 4 ),
 ( 4, 4 ),
 ( 0.0000000000000000000, 1.000000000000000000 ),
 ( 0.0000000000000000000, 1.000000000000000000 ),
 .UNSPECIFIED. ) 
 GEOMETRIC_REPRESENTATION_ITEM ( )  RATIONAL_B_SPLINE_SURFACE ( (
 ( 1.000000000000000000, 0.8047378541243649375, 0.8047378541243649375, 1.000000000000000000),
 ( 0.3333333333333333703, 0.2682459513747883495, 0.2682459513747883495, 0.3333333333333333703),
 ( 0.3333333333333333703, 0.2682459513747883495, 0.2682459513747883495, 0.3333333333333333703),
 ( 1.000000000000000000, 0.8047378541243649375, 0.8047378541243649375, 1.000000000000000000) ) ) 
 REPRESENTATION_ITEM ( '' )  SURFACE ( )  );
#1841 = ORIENTED_EDGE ( 'NONE', *, *, #2187, .F. ) ;
#1842 = CARTESIAN_POINT ( 'NONE',  ( 0.3800000000000000044, -0.7345710663691500386, 0.07249999999999999500 ) ) ;
#1843 = CARTESIAN_POINT ( 'NONE',  ( 1.330000729300989892, 0.1500000171363330137, 0.0000000000000000000 ) ) ;
#1844 = DIRECTION ( 'NONE',  ( 0.0000000000000000000, -1.000000000000000000, 1.224646799147353207E-16 ) ) ;
#1845 = EDGE_LOOP ( 'NONE', ( #1165, #136, #2468, #897 ) ) ;
#1846 = SURFACE_STYLE_FILL_AREA ( #2263 ) ;
#1847 = ADVANCED_FACE ( 'NONE', ( #1318 ), #2146, .T. ) ;
#1848 = EDGE_CURVE ( 'NONE', #261, #289, #1112, .T. ) ;
#1849 = CARTESIAN_POINT ( 'NONE',  ( 1.500000000000000000, -0.1499999873340140122, 0.0000000000000000000 ) ) ;
#1850 = CARTESIAN_POINT ( 'NONE',  ( -0.1299999999999990052, -0.7345710663691500386, 0.02249999999999999917 ) ) ;
#1851 = DIRECTION ( 'NONE',  ( 1.000000000000000000, 0.0000000000000000000, 0.0000000000000000000 ) ) ;
#1852 = DIRECTION ( 'NONE',  ( 0.0000000000000000000, 0.0000000000000000000, 1.000000000000000000 ) ) ;
#1853 = ORIENTED_EDGE ( 'NONE', *, *, #1583, .F. ) ;
#1854 = CARTESIAN_POINT ( 'NONE',  ( -4.440892098500630106E-16, -0.2999999895691869978, 0.1499999999999999944 ) ) ;
#1855 = DIRECTION ( 'NONE',  ( 0.0000000000000000000, 6.123233995736766036E-17, -1.000000000000000000 ) ) ;
#1856 = VECTOR ( 'NONE', #894, 100.0000000000000000 ) ;
#1857 = ORIENTED_EDGE ( 'NONE', *, *, #1955, .F. ) ;
#1858 = VECTOR ( 'NONE', #120, 100.0000000000000000 ) ;
#1859 = DIRECTION ( 'NONE',  ( 1.000000000000000000, 0.0000000000000000000, 0.0000000000000000000 ) ) ;
#1860 = AXIS2_PLACEMENT_3D ( 'NONE', #1027, #2050, #1235 ) ;
#1861 = EDGE_LOOP ( 'NONE', ( #843, #997, #2207, #562 ) ) ;
#1862 = AXIS2_PLACEMENT_3D ( 'NONE', #964, #773, #584 ) ;
#1863 = CARTESIAN_POINT ( 'NONE',  ( -0.8900000000000000133, -0.6845710663691499942, 0.07249999999999999500 ) ) ;
#1864 = EDGE_CURVE ( 'NONE', #2662, #2268, #2657, .T. ) ;
#1865 = PLANE ( 'NONE',  #1860 ) ;
#1866 = CARTESIAN_POINT ( 'NONE',  ( 0.8900000000000000133, -0.7345710663691500386, 0.0000000000000000000 ) ) ;
#1867 = ORIENTED_EDGE ( 'NONE', *, *, #1883, .F. ) ;
#1868 = CARTESIAN_POINT ( 'NONE',  ( -0.9349999999999999423, -0.6620710663691499187, 0.2133859886093658897 ) ) ;
#1869 = EDGE_CURVE ( 'NONE', #723, #1993, #546, .T. ) ;
#1870 = EDGE_LOOP ( 'NONE', ( #500, #2022, #2199, #938 ) ) ;
#1871 = CARTESIAN_POINT ( 'NONE',  ( 0.3350000000000000200, -0.7345710663691500386, 0.04499999999999999140 ) ) ;
#1872 = CARTESIAN_POINT ( 'NONE',  ( -0.1749999999999990175, -0.6921015496411992984, -3.592729953582956400E-17 ) ) ;
#1873 = ORIENTED_EDGE ( 'NONE', *, *, #1654, .T. ) ;
#1874 = CARTESIAN_POINT ( 'NONE',  ( -0.8900000000000000133, -0.8691421323657709808, 0.0000000000000000000 ) ) ;
#1875 = VECTOR ( 'NONE', #2417, 100.0000000000000000 ) ;
#1876 = CARTESIAN_POINT ( 'NONE',  ( -0.8900000000000000133, -0.6620710663691499187, 0.1972768615746260112 ) ) ;
#1877 = CARTESIAN_POINT ( 'NONE',  ( 1.500000000000000000, -0.1499999873340140122, 0.0000000000000000000 ) ) ;
#1878 = CARTESIAN_POINT ( 'NONE',  ( 0.8900000000000000133, -0.6345710663691499498, 0.2697768615746259924 ) ) ;
#1879 = CIRCLE ( 'NONE', #912, 0.02249999999999999223 ) ;
#1880 = ORIENTED_EDGE ( 'NONE', *, *, #1298, .T. ) ;
#1881 = ORIENTED_EDGE ( 'NONE', *, *, #2002, .F. ) ;
#1882 = VECTOR ( 'NONE', #2282, 100.0000000000000000 ) ;
#1883 = EDGE_CURVE ( 'NONE', #1241, #616, #1794, .T. ) ;
#1884 = EDGE_CURVE ( 'NONE', #165, #2596, #306, .T. ) ;
#1885 = VERTEX_POINT ( 'NONE', #2659 ) ;
#1886 = PLANE ( 'NONE',  #1197 ) ;
#1887 = CARTESIAN_POINT ( 'NONE',  ( -0.1749999999999990175, -0.7070710663691500697, 0.07249999999999999500 ) ) ;
#1888 = VERTEX_POINT ( 'NONE', #968 ) ;
#1889 = DIRECTION ( 'NONE',  ( -1.000000000000000000, -5.551138937544239621E-15, 0.0000000000000000000 ) ) ;
#1890 = CYLINDRICAL_SURFACE ( 'NONE', #2033, 0.02249999999999999917 ) ;
#1891 = DIRECTION ( 'NONE',  ( 0.0000000000000000000, 0.0000000000000000000, 1.000000000000000000 ) ) ;
#1892 = CARTESIAN_POINT ( 'NONE',  ( -1.060000000000000053, -0.5000000014901160306, 0.04999999955296519777 ) ) ;
#1893 = CARTESIAN_POINT ( 'NONE',  ( -0.9349999999999999423, -0.6770405830971004679, 0.2697768615746259924 ) ) ;
#1894 = LINE ( 'NONE', #2332, #1990 ) ;
#1895 = DIRECTION ( 'NONE',  ( 5.224601352982810374E-15, -1.000000000000000000, 0.0000000000000000000 ) ) ;
#1896 = ORIENTED_EDGE ( 'NONE', *, *, #615, .F. ) ;
#1897 = VECTOR ( 'NONE', #360, 100.0000000000000000 ) ;
#1898 = CARTESIAN_POINT ( 'NONE',  ( -0.9349999999999999423, -0.7070710663691500697, 0.05639087296526010956 ) ) ;
#1899 = ADVANCED_FACE ( 'NONE', ( #1978 ), #2628, .T. ) ;
#1900 = CIRCLE ( 'NONE', #1762, 0.1500000022334009309 ) ;
#1901 = ORIENTED_EDGE ( 'NONE', *, *, #1869, .T. ) ;
#1902 = APPLICATION_CONTEXT ( 'automotive_design' ) ;
#1903 = VECTOR ( 'NONE', #749, 100.0000000000000000 ) ;
#1904 = FACE_OUTER_BOUND ( 'NONE', #1566, .T. ) ;
#1905 = CIRCLE ( 'NONE', #2173, 0.02249999999999999223 ) ;
#1906 = DIRECTION ( 'NONE',  ( -0.0000000000000000000, 1.000000000000000000, -0.0000000000000000000 ) ) ;
#1907 = CARTESIAN_POINT ( 'NONE',  ( -0.8900000000000000133, -0.6845710663691499942, 0.1972768615746260112 ) ) ;
#1908 = CARTESIAN_POINT ( 'NONE',  ( 0.8449999999999999734, -0.6620710663691499187, 0.2133859886093658897 ) ) ;
#1909 = DIRECTION ( 'NONE',  ( -0.0000000000000000000, -1.000000000000000000, -0.0000000000000000000 ) ) ;
#1910 = CARTESIAN_POINT ( 'NONE',  ( -0.1749999999999990175, -0.6345710663691499498, 0.2247768615746259802 ) ) ;
#1911 = ORIENTED_EDGE ( 'NONE', *, *, #1448, .F. ) ;
#1912 = DIRECTION ( 'NONE',  ( -1.000000000000000000, 0.0000000000000000000, 0.0000000000000000000 ) ) ;
#1913 = SURFACE_SIDE_STYLE ('',( #685 ) ) ;
#1914 = VERTEX_POINT ( 'NONE', #519 ) ;
#1915 = CARTESIAN_POINT ( 'NONE',  ( 1.500000000000000000, -0.2999999895691869978, 0.1500000000000000222 ) ) ;
#1916 = ADVANCED_FACE ( 'NONE', ( #1331 ), #1355, .T. ) ;
#1917 = ADVANCED_FACE ( 'NONE', ( #1126 ), #1147, .T. ) ;
#1918 = CARTESIAN_POINT ( 'NONE',  ( -1.500000000000000000, 0.3000000104308130910, 0.0000000000000000000 ) ) ;
#1919 = DIRECTION ( 'NONE',  ( -1.832915370843420012E-16, -1.000000000000000000, 0.0000000000000000000 ) ) ;
#1920 = CARTESIAN_POINT ( 'NONE',  ( 0.8449999999999999734, -0.6620710663691499187, 0.1972768615746260112 ) ) ;
#1921 = AXIS2_PLACEMENT_3D ( 'NONE', #201, #1254, #645 ) ;
#1922 = DIRECTION ( 'NONE',  ( 0.0000000000000000000, 0.0000000000000000000, -1.000000000000000000 ) ) ;
#1923 = PRODUCT_DEFINITION ( 'UNKNOWN', '', #2175, #2295 ) ;
#1924 = CARTESIAN_POINT ( 'NONE',  ( -0.1299999999999990330, -0.7070710663691497366, 0.2397463783025765571 ) ) ;
#1925 = FILL_AREA_STYLE ('',( #1010 ) ) ;
#1926 = VECTOR ( 'NONE', #258, 100.0000000000000000 ) ;
#1927 = ORIENTED_EDGE ( 'NONE', *, *, #1262, .F. ) ;
#1928 = CIRCLE ( 'NONE', #2412, 0.02249999999999999223 ) ;
#1929 = CARTESIAN_POINT ( 'NONE',  ( -1.060000000000000053, 0.5000000014901160306, 0.4900000006705519384 ) ) ;
#1930 = CARTESIAN_POINT ( 'NONE',  ( 0.3350000000000000200, -0.7070710663691499587, 0.1972768615746260112 ) ) ;
#1931 = VERTEX_POINT ( 'NONE', #1765 ) ;
#1932 = CARTESIAN_POINT ( 'NONE',  ( -0.1299999999999990052, -0.6845710663691499942, 0.07249999999999999500 ) ) ;
#1933 = ORIENTED_EDGE ( 'NONE', *, *, #43, .F. ) ;
#1934 = CARTESIAN_POINT ( 'NONE',  ( 0.8900000000000000133, -0.6845710663691499942, 0.1972768615746260112 ) ) ;
#1935 = CARTESIAN_POINT ( 'NONE',  ( 0.8900000000000000133, -0.7345710663691500386, 0.0000000000000000000 ) ) ;
#1936 = EDGE_CURVE ( 'NONE', #1252, #797, #1900, .T. ) ;
#1937 = EDGE_CURVE ( 'NONE', #289, #1144, #1592, .T. ) ;
#1938 = CARTESIAN_POINT ( 'NONE',  ( 0.3800000000000000044, -0.6620710663691499187, 0.1972768615746260112 ) ) ;
#1939 = DIRECTION ( 'NONE',  ( 1.000000000000000000, 0.0000000000000000000, 0.0000000000000000000 ) ) ;
#1940 = DIRECTION ( 'NONE',  ( -0.0000000000000000000, -0.0000000000000000000, -1.000000000000000000 ) ) ;
#1941 = ORIENTED_EDGE ( 'NONE', *, *, #2427, .F. ) ;
#1942 = PRESENTATION_STYLE_ASSIGNMENT (( #655 ) ) ;
#1943 = CARTESIAN_POINT ( 'NONE',  ( 0.8900000000000000133, -0.8691421323657709808, 0.02249999999999999917 ) ) ;
#1944 = VERTEX_POINT ( 'NONE', #2174 ) ;
#1945 = LINE ( 'NONE', #1772, #2573 ) ;
#1946 = VECTOR ( 'NONE', #838, 100.0000000000000000 ) ;
#1947 = ORIENTED_EDGE ( 'NONE', *, *, #619, .T. ) ;
#1948 = VECTOR ( 'NONE', #2108, 100.0000000000000000 ) ;
#1949 = LINE ( 'NONE', #900, #1815 ) ;
#1950 = DIRECTION ( 'NONE',  ( -1.000000000000000000, 0.0000000000000000000, 0.0000000000000000000 ) ) ;
#1951 = VECTOR ( 'NONE', #1248, 100.0000000000000000 ) ;
#1952 = ADVANCED_FACE ( 'NONE', ( #1779 ), #1341, .T. ) ;
#1953 = CIRCLE ( 'NONE', #9, 0.02249999999999999917 ) ;
#1954 = CARTESIAN_POINT ( 'NONE',  ( -1.060000000000000053, 0.4499999772757289906, 0.04999999955296521165 ) ) ;
#1955 = EDGE_CURVE ( 'NONE', #2710, #1323, #1023, .T. ) ;
#1956 = ORIENTED_EDGE ( 'NONE', *, *, #427, .T. ) ;
#1957 =( LENGTH_UNIT ( ) NAMED_UNIT ( * ) SI_UNIT ( .CENTI., .METRE. ) );
#1958 = ORIENTED_EDGE ( 'NONE', *, *, #2122, .F. ) ;
#1959 = CARTESIAN_POINT ( 'NONE',  ( 0.8449999999999999734, -0.6921015496411992984, -3.592729953582956400E-17 ) ) ;
#1960 = VERTEX_POINT ( 'NONE', #1752 ) ;
#1961 = CARTESIAN_POINT ( 'NONE',  ( -4.440892098500630106E-16, 1.043081265805770025E-08, 0.0000000000000000000 ) ) ;
#1962 = CARTESIAN_POINT ( 'NONE',  ( 0.8900000000000000133, -0.5000000014901160306, 0.2247768615746260079 ) ) ;
#1963 = LINE ( 'NONE', #2170, #171 ) ;
#1964 = CARTESIAN_POINT ( 'NONE',  ( 1.060000000000000053, 0.3700000104308129867, 0.0000000000000000000 ) ) ;
#1965 = DIRECTION ( 'NONE',  ( 1.000000000000000000, 0.0000000000000000000, 0.0000000000000000000 ) ) ;
#1966 = VECTOR ( 'NONE', #2675, 100.0000000000000000 ) ;
#1967 = ORIENTED_EDGE ( 'NONE', *, *, #388, .F. ) ;
#1968 = DIRECTION ( 'NONE',  ( 0.0000000000000000000, 6.123233995736766036E-17, -1.000000000000000000 ) ) ;
#1969 = AXIS2_PLACEMENT_3D ( 'NONE', #2687, #572, #176 ) ;
#1970 = EDGE_CURVE ( 'NONE', #2634, #1888, #2437, .T. ) ;
#1971 = ADVANCED_FACE ( 'NONE', ( #717 ), #1161, .T. ) ;
#1972 = ORIENTED_EDGE ( 'NONE', *, *, #1012, .T. ) ;
#1973 = CARTESIAN_POINT ( 'NONE',  ( 0.8449999999999999734, -0.7070710663691500697, 0.05639087296526010956 ) ) ;
#1974 = VECTOR ( 'NONE', #706, 100.0000000000000000 ) ;
#1975 = ORIENTED_EDGE ( 'NONE', *, *, #809, .F. ) ;
#1976 = DIRECTION ( 'NONE',  ( 0.0000000000000000000, 0.0000000000000000000, -1.000000000000000000 ) ) ;
#1977 = CARTESIAN_POINT ( 'NONE',  ( 1.500000000000000000, -0.2999999895691869978, 0.0000000000000000000 ) ) ;
#1978 = FACE_OUTER_BOUND ( 'NONE', #1819, .T. ) ;
#1979 = ORIENTED_EDGE ( 'NONE', *, *, #699, .T. ) ;
#1980 = ORIENTED_EDGE ( 'NONE', *, *, #1408, .T. ) ;
#1981 = CARTESIAN_POINT ( 'NONE',  ( 0.3574999999999999845, -0.6845710663691499942, 0.1972768615746260112 ) ) ;
#1982 = ORIENTED_EDGE ( 'NONE', *, *, #475, .T. ) ;
#1983 = ADVANCED_FACE ( 'NONE', ( #928 ), #1565, .T. ) ;
#1984 = LINE ( 'NONE', #1585, #849 ) ;
#1985 = LINE ( 'NONE', #501, #322 ) ;
#1986 = DIRECTION ( 'NONE',  ( 0.0000000000000000000, 0.0000000000000000000, -1.000000000000000000 ) ) ;
#1987 = EDGE_LOOP ( 'NONE', ( #842, #2714, #1267, #2418 ) ) ;
#1988 = AXIS2_PLACEMENT_3D ( 'NONE', #603, #2260, #1670 ) ;
#1989 = CARTESIAN_POINT ( 'NONE',  ( -0.8900000000000000133, -0.6845710663691499942, 0.1972768615746260112 ) ) ;
#1990 = VECTOR ( 'NONE', #653, 100.0000000000000000 ) ;
#1991 = DIRECTION ( 'NONE',  ( 0.0000000000000000000, 1.000000000000000000, -0.0000000000000000000 ) ) ;
#1992 = AXIS2_PLACEMENT_3D ( 'NONE', #2639, #2433, #1145 ) ;
#1993 = VERTEX_POINT ( 'NONE', #2395 ) ;
#1994 = VECTOR ( 'NONE', #526, 100.0000000000000000 ) ;
#1995 = DIRECTION ( 'NONE',  ( 0.0000000000000000000, 0.0000000000000000000, -1.000000000000000000 ) ) ;
#1996 = ORIENTED_EDGE ( 'NONE', *, *, #45, .T. ) ;
#1997 = CYLINDRICAL_SURFACE ( 'NONE', #1593, 0.02249999999999999223 ) ;
#1998 = LINE ( 'NONE', #277, #1994 ) ;
#1999 = DIRECTION ( 'NONE',  ( -1.000000000000000000, 0.0000000000000000000, 0.0000000000000000000 ) ) ;
#2000 = ORIENTED_EDGE ( 'NONE', *, *, #2138, .F. ) ;
#2001 = DIRECTION ( 'NONE',  ( 0.0000000000000000000, -1.000000000000000000, 0.0000000000000000000 ) ) ;
#2002 = EDGE_CURVE ( 'NONE', #2337, #2152, #1116, .T. ) ;
#2003 = EDGE_CURVE ( 'NONE', #1609, #133, #2381, .T. ) ;
#2004 = DIRECTION ( 'NONE',  ( -0.0000000000000000000, -0.0000000000000000000, -1.000000000000000000 ) ) ;
#2005 = CARTESIAN_POINT ( 'NONE',  ( -0.1299999999999990052, -0.6345710663691499498, 0.2247768615746260079 ) ) ;
#2006 = CARTESIAN_POINT ( 'NONE',  ( -1.060000000000000053, -0.2999999895691869978, 0.0000000000000000000 ) ) ;
#2007 = VERTEX_POINT ( 'NONE', #559 ) ;
#2008 = ORIENTED_EDGE ( 'NONE', *, *, #388, .T. ) ;
#2009 = CARTESIAN_POINT ( 'NONE',  ( -4.440892098500630106E-16, 0.3000000104308129800, 0.1499999999999999944 ) ) ;
#2010 = ORIENTED_EDGE ( 'NONE', *, *, #2610, .F. ) ;
#2011 = DIRECTION ( 'NONE',  ( 1.000000000000000000, 0.0000000000000000000, -0.0000000000000000000 ) ) ;
#2012 = CARTESIAN_POINT ( 'NONE',  ( -0.1299999999999990052, -0.7345710663691500386, 0.04499999999999999833 ) ) ;
#2013 = CARTESIAN_POINT ( 'NONE',  ( -0.1299999999999990052, -0.7345710663691500386, 0.07249999999999999500 ) ) ;
#2014 = AXIS2_PLACEMENT_3D ( 'NONE', #2016, #2031, #1014 ) ;
#2015 = CIRCLE ( 'NONE', #1094, 0.02249999999999999917 ) ;
#2016 = CARTESIAN_POINT ( 'NONE',  ( -1.060000000000000053, 0.5000000014901160306, 0.02999999999999999889 ) ) ;
#2017 = CARTESIAN_POINT ( 'NONE',  ( 0.4250000000000000444, -0.7070710663691499587, 0.1972768615746260112 ) ) ;
#2018 = EDGE_CURVE ( 'NONE', #1960, #2362, #2166, .T. ) ;
#2019 = EDGE_CURVE ( 'NONE', #2493, #1767, #853, .T. ) ;
#2020 = DIRECTION ( 'NONE',  ( 0.0000000000000000000, 0.0000000000000000000, 1.000000000000000000 ) ) ;
#2021 = CARTESIAN_POINT ( 'NONE',  ( 1.060000000000000053, 0.4499999772757289906, 0.1499999973177910118 ) ) ;
#2022 = ORIENTED_EDGE ( 'NONE', *, *, #1795, .T. ) ;
#2023 = ORIENTED_EDGE ( 'NONE', *, *, #1485, .F. ) ;
#2024 = CARTESIAN_POINT ( 'NONE',  ( 0.3800000000000000044, -0.5000000014901160306, 0.2247768615746260079 ) ) ;
#2025 = EDGE_LOOP ( 'NONE', ( #1967, #1947, #2467, #1336, #1626, #2735 ) ) ;
#2026 = FACE_OUTER_BOUND ( 'NONE', #1861, .T. ) ;
#2027 = DIRECTION ( 'NONE',  ( 0.0000000000000000000, 0.0000000000000000000, 1.000000000000000000 ) ) ;
#2028 = DIRECTION ( 'NONE',  ( -0.0000000000000000000, -0.0000000000000000000, 1.000000000000000000 ) ) ;
#2029 = EDGE_LOOP ( 'NONE', ( #357, #2010, #2350, #1824 ) ) ;
#2030 = PLANE ( 'NONE',  #2530 ) ;
#2031 = DIRECTION ( 'NONE',  ( 0.0000000000000000000, 1.000000000000000000, 0.0000000000000000000 ) ) ;
#2032 = CARTESIAN_POINT ( 'NONE',  ( -0.08499999999999903466, -0.6345710663691499498, 0.2247768615746259802 ) ) ;
#2033 = AXIS2_PLACEMENT_3D ( 'NONE', #2141, #1084, #2102 ) ;
#2034 = DIRECTION ( 'NONE',  ( 0.0000000000000000000, 0.0000000000000000000, -1.000000000000000000 ) ) ;
#2035 = CARTESIAN_POINT ( 'NONE',  ( 0.3800000000000000044, -0.7345710663691500386, 0.07249999999999999500 ) ) ;
#2036 = VECTOR ( 'NONE', #550, 100.0000000000000000 ) ;
#2037 = ORIENTED_EDGE ( 'NONE', *, *, #461, .F. ) ;
#2038 = EDGE_LOOP ( 'NONE', ( #123, #1158, #2440, #2591, #551, #1320 ) ) ;
#2039 = VECTOR ( 'NONE', #2283, 100.0000000000000000 ) ;
#2040 = EDGE_CURVE ( 'NONE', #1103, #813, #1470, .T. ) ;
#2041 = EDGE_CURVE ( 'NONE', #2453, #2447, #369, .T. ) ;
#2042 = VECTOR ( 'NONE', #450, 100.0000000000000000 ) ;
#2043 = ORIENTED_EDGE ( 'NONE', *, *, #1469, .T. ) ;
#2044 = DIRECTION ( 'NONE',  ( 0.0000000000000000000, 0.0000000000000000000, -1.000000000000000000 ) ) ;
#2045 = CARTESIAN_POINT ( 'NONE',  ( 0.9124999999999999778, -0.6845710663691499942, 0.07249999999999999500 ) ) ;
#2046 = DIRECTION ( 'NONE',  ( 1.000000000000000000, 0.0000000000000000000, 0.0000000000000000000 ) ) ;
#2047 = ORIENTED_EDGE ( 'NONE', *, *, #1884, .T. ) ;
#2048 = DIRECTION ( 'NONE',  ( 0.0000000000000000000, 0.0000000000000000000, -1.000000000000000000 ) ) ;
#2049 = CARTESIAN_POINT ( 'NONE',  ( -0.1299999999999990052, -0.7070710663691498477, 0.1972768615746260112 ) ) ;
#2050 = DIRECTION ( 'NONE',  ( 5.046468293750729745E-16, 1.000000000000000000, -0.0000000000000000000 ) ) ;
#2051 = CARTESIAN_POINT ( 'NONE',  ( 0.3800000000000000044, -0.8691421323657709808, 0.0000000000000000000 ) ) ;
#2052 = VERTEX_POINT ( 'NONE', #147 ) ;
#2053 = VERTEX_POINT ( 'NONE', #2716 ) ;
#2054 = EDGE_LOOP ( 'NONE', ( #2734, #435, #172, #2497, #742 ) ) ;
#2055 = ADVANCED_FACE ( 'NONE', ( #781 ), #1865, .T. ) ;
#2056 = DIRECTION ( 'NONE',  ( 0.0000000000000000000, 0.0000000000000000000, -1.000000000000000000 ) ) ;
#2057 = EDGE_CURVE ( 'NONE', #1914, #80, #2490, .T. ) ;
#2058 = VECTOR ( 'NONE', #790, 100.0000000000000000 ) ;
#2059 = VERTEX_POINT ( 'NONE', #1822 ) ;
#2060 = SURFACE_STYLE_USAGE ( .BOTH. , #1618 ) ;
#2061 = AXIS2_PLACEMENT_3D ( 'NONE', #914, #1353, #926 ) ;
#2062 = LINE ( 'NONE', #2238, #25 ) ;
#2063 = CIRCLE ( 'NONE', #437, 0.02249999999999999223 ) ;
#2064 = DIRECTION ( 'NONE',  ( 0.0000000000000000000, 0.0000000000000000000, 1.000000000000000000 ) ) ;
#2065 = CARTESIAN_POINT ( 'NONE',  ( -0.8900000000000000133, -0.6845710663691499942, 0.07249999999999999500 ) ) ;
#2066 = DIRECTION ( 'NONE',  ( 0.0000000000000000000, 0.0000000000000000000, 1.000000000000000000 ) ) ;
#2067 = ORIENTED_EDGE ( 'NONE', *, *, #96, .F. ) ;
#2068 = CARTESIAN_POINT ( 'NONE',  ( -0.9349999999999999423, -0.6506801934038898283, 0.2247768615746260357 ) ) ;
#2069 = VERTEX_POINT ( 'NONE', #1663 ) ;
#2070 = CARTESIAN_POINT ( 'NONE',  ( -1.060000000000000053, -0.4500000026077030091, 0.1499999973177910118 ) ) ;
#2071 = FACE_OUTER_BOUND ( 'NONE', #1568, .T. ) ;
#2072 = EDGE_CURVE ( 'NONE', #2634, #1365, #354, .T. ) ;
#2073 = ORIENTED_EDGE ( 'NONE', *, *, #2127, .F. ) ;
#2074 = PLANE ( 'NONE',  #594 ) ;
#2075 = ADVANCED_FACE ( 'NONE', ( #191 ), #810, .T. ) ;
#2076 = CARTESIAN_POINT ( 'NONE',  ( -0.8900000000000000133, -0.5000000014901160306, 0.2472768615746260279 ) ) ;
#2077 = DIRECTION ( 'NONE',  ( 1.000000000000000000, 0.0000000000000000000, 0.0000000000000000000 ) ) ;
#2078 = CARTESIAN_POINT ( 'NONE',  ( 0.8900000000000000133, -0.6345710663691499498, 0.2697768615746259924 ) ) ;
#2079 = ORIENTED_EDGE ( 'NONE', *, *, #712, .F. ) ;
#2080 = VERTEX_POINT ( 'NONE', #1456 ) ;
#2081 = AXIS2_PLACEMENT_3D ( 'NONE', #1069, #1906, #661 ) ;
#2082 = EDGE_LOOP ( 'NONE', ( #612, #2594, #2043, #110 ) ) ;
#2083 = CIRCLE ( 'NONE', #411, 0.02250000000000003733 ) ;
#2084 = CARTESIAN_POINT ( 'NONE',  ( 0.3350000000000000200, -0.7345710663691500386, -8.673617379884035472E-17 ) ) ;
#2085 = AXIS2_PLACEMENT_3D ( 'NONE', #1907, #40, #690 ) ;
#2086 = ORIENTED_EDGE ( 'NONE', *, *, #2547, .F. ) ;
#2087 = STYLED_ITEM ( 'NONE', ( #1803 ), #2416 ) ;
#2088 = CARTESIAN_POINT ( 'NONE',  ( -1.500000000000000000, -0.1499999962747089743, 0.0000000000000000000 ) ) ;
#2089 = FACE_OUTER_BOUND ( 'NONE', #485, .T. ) ;
#2090 = CARTESIAN_POINT ( 'NONE',  ( 1.060000000000000053, 1.043081265805770025E-08, 0.0000000000000000000 ) ) ;
#2091 = EDGE_CURVE ( 'NONE', #163, #799, #1623, .T. ) ;
#2092 = ADVANCED_FACE ( 'NONE', ( #2297 ), #2465, .T. ) ;
#2093 = CYLINDRICAL_SURFACE ( 'NONE', #214, 0.02249999999999999223 ) ;
#2094 = ORIENTED_EDGE ( 'NONE', *, *, #521, .F. ) ;
#2095 = EDGE_LOOP ( 'NONE', ( #2277, #308, #1980, #1811 ) ) ;
#2096 = CARTESIAN_POINT ( 'NONE',  ( -1.060000000000000053, 0.5000000014901160306, 0.04999999955296519083 ) ) ;
#2097 = EDGE_CURVE ( 'NONE', #1361, #2553, #1418, .T. ) ;
#2098 = VERTEX_POINT ( 'NONE', #1877 ) ;
#2099 = CARTESIAN_POINT ( 'NONE',  ( 0.3800000000000000044, -0.7345710663691499276, -8.673617379884035472E-17 ) ) ;
#2100 = VERTEX_POINT ( 'NONE', #767 ) ;
#2101 = CARTESIAN_POINT ( 'NONE',  ( -1.060000000000000053, 0.5000000014901160306, 0.4900000006705519384 ) ) ;
#2102 = DIRECTION ( 'NONE',  ( 0.0000000000000000000, 0.0000000000000000000, -1.000000000000000000 ) ) ;
#2103 = CARTESIAN_POINT ( 'NONE',  ( 0.3800000000000000044, -0.7070710663691500697, 0.07249999999999999500 ) ) ;
#2104 = CARTESIAN_POINT ( 'NONE',  ( 0.8900000000000000133, -0.6620710663691498077, 0.2133859886093659453 ) ) ;
#2105 = CIRCLE ( 'NONE', #294, 0.07249999999999999500 ) ;
#2106 = DIRECTION ( 'NONE',  ( 0.0000000000000000000, -1.000000000000000000, -0.0000000000000000000 ) ) ;
#2107 = EDGE_CURVE ( 'NONE', #2152, #2572, #2251, .T. ) ;
#2108 = DIRECTION ( 'NONE',  ( -0.0000000000000000000, 1.000000000000000000, 0.0000000000000000000 ) ) ;
#2109 = VECTOR ( 'NONE', #2508, 100.0000000000000000 ) ;
#2110 = ORIENTED_EDGE ( 'NONE', *, *, #2171, .T. ) ;
#2111 = CARTESIAN_POINT ( 'NONE',  ( 1.500000000000000000, 0.1500000171363333468, 0.1500000000000000222 ) ) ;
#2112 = CARTESIAN_POINT ( 'NONE',  ( 1.060000000000000053, 0.5000000014901160306, 0.04999999955296519777 ) ) ;
#2113 = ORIENTED_EDGE ( 'NONE', *, *, #2448, .F. ) ;
#2114 = DIRECTION ( 'NONE',  ( 0.0000000000000000000, 1.000000000000000000, 0.0000000000000000000 ) ) ;
#2115 = DIRECTION ( 'NONE',  ( -1.000000000000000000, 0.0000000000000000000, 0.0000000000000000000 ) ) ;
#2116 = CARTESIAN_POINT ( 'NONE',  ( 0.4250000000000000444, -0.7345710663691500386, -8.673617379884035472E-17 ) ) ;
#2117 = DIRECTION ( 'NONE',  ( -0.0000000000000000000, -0.0000000000000000000, -1.000000000000000000 ) ) ;
#2118 = LINE ( 'NONE', #181, #2109 ) ;
#2119 = EDGE_LOOP ( 'NONE', ( #528, #1061, #1736, #2413, #1873, #1005, #2176, #1867, #1480, #2423, #947, #1080, #20, #2441, #286, #1223, #2262, #2194, #2086, #2334, #2163 ) ) ;
#2120 = CARTESIAN_POINT ( 'NONE',  ( -0.8900000000000000133, -0.7345710663691499276, 0.04499999999999998446 ) ) ;
#2121 = ADVANCED_FACE ( 'NONE', ( #1606 ), #1076, .T. ) ;
#2122 = EDGE_CURVE ( 'NONE', #2374, #1342, #2708, .T. ) ;
#2123 = CARTESIAN_POINT ( 'NONE',  ( 0.3350000000000000200, -0.6620710663691499187, 0.1972768615746260112 ) ) ;
#2124 = AXIS2_PLACEMENT_3D ( 'NONE', #1964, #730, #1369 ) ;
#2125 = ORIENTED_EDGE ( 'NONE', *, *, #1263, .T. ) ;
#2126 = VECTOR ( 'NONE', #2240, 100.0000000000000000 ) ;
#2127 = EDGE_CURVE ( 'NONE', #646, #2255, #2327, .T. ) ;
#2128 = VECTOR ( 'NONE', #2180, 100.0000000000000000 ) ;
#2129 = PLANE ( 'NONE',  #2 ) ;
#2130 = FACE_OUTER_BOUND ( 'NONE', #599, .T. ) ;
#2131 = CARTESIAN_POINT ( 'NONE',  ( 0.9349999999999999423, -0.6620710663691499187, 0.2133859886093658897 ) ) ;
#2132 = CARTESIAN_POINT ( 'NONE',  ( 0.8900000000000000133, -0.7345710663691500386, 0.07249999999999999500 ) ) ;
#2133 = DIRECTION ( 'NONE',  ( -1.000000000000000000, 0.0000000000000000000, 0.0000000000000000000 ) ) ;
#2134 = ORIENTED_EDGE ( 'NONE', *, *, #1636, .T. ) ;
#2135 =( LENGTH_UNIT ( ) NAMED_UNIT ( * ) SI_UNIT ( .CENTI., .METRE. ) );
#2136 =( NAMED_UNIT ( * ) SI_UNIT ( $, .STERADIAN. ) SOLID_ANGLE_UNIT ( ) );
#2137 = ORIENTED_EDGE ( 'NONE', *, *, #2203, .T. ) ;
#2138 = EDGE_CURVE ( 'NONE', #2726, #1344, #499, .T. ) ;
#2139 = EDGE_CURVE ( 'NONE', #119, #2706, #54, .T. ) ;
#2140 = CARTESIAN_POINT ( 'NONE',  ( 0.3800000000000000044, -0.6345710663691499498, 0.2697768615746259924 ) ) ;
#2141 = CARTESIAN_POINT ( 'NONE',  ( 0.8900000000000000133, -0.7345710663691500386, 0.02249999999999999917 ) ) ;
#2142 = CARTESIAN_POINT ( 'NONE',  ( 0.8900000000000000133, -0.6845710663691499942, 0.07249999999999999500 ) ) ;
#2143 = CARTESIAN_POINT ( 'NONE',  ( -4.440892098500630106E-16, 0.1500000171363330137, 0.1499999999999999944 ) ) ;
#2144 = AXIS2_PLACEMENT_3D ( 'NONE', #35, #2151, #487 ) ;
#2145 = CARTESIAN_POINT ( 'NONE',  ( -0.8900000000000000133, -0.6921015496411994095, -3.592729953582957016E-17 ) ) ;
#2146 = PLANE ( 'NONE',  #679 ) ;
#2147 =( LENGTH_UNIT ( ) NAMED_UNIT ( * ) SI_UNIT ( .CENTI., .METRE. ) );
#2148 = VECTOR ( 'NONE', #2314, 100.0000000000000000 ) ;
#2149 = EDGE_LOOP ( 'NONE', ( #421, #881, #1660, #1115, #2247, #1065, #867, #803 ) ) ;
#2150 = CARTESIAN_POINT ( 'NONE',  ( -0.8900000000000000133, -0.6921015496411994095, -3.592729953582957016E-17 ) ) ;
#2151 = DIRECTION ( 'NONE',  ( 0.0000000000000000000, 0.0000000000000000000, -1.000000000000000000 ) ) ;
#2152 = VERTEX_POINT ( 'NONE', #228 ) ;
#2153 = CARTESIAN_POINT ( 'NONE',  ( -0.8900000000000000133, -0.5000000014901160306, 0.2247768615746260079 ) ) ;
#2154 = ADVANCED_FACE ( 'NONE', ( #2130 ), #1070, .T. ) ;
#2155 = ORIENTED_EDGE ( 'NONE', *, *, #2511, .F. ) ;
#2156 = DIRECTION ( 'NONE',  ( 0.0000000000000000000, -1.000000000000000000, 1.224646799147353207E-16 ) ) ;
#2157 = ADVANCED_FACE ( 'NONE', ( #1522 ), #242, .T. ) ;
#2158 = CARTESIAN_POINT ( 'NONE',  ( 0.8900000000000000133, -0.6845710663691499942, 0.07249999999999999500 ) ) ;
#2159 = CARTESIAN_POINT ( 'NONE',  ( -0.8449999999999999734, -0.6921015496411992984, -3.592729953582956400E-17 ) ) ;
#2160 = CARTESIAN_POINT ( 'NONE',  ( 1.500000000000000000, -0.2999999895691869978, 0.0000000000000000000 ) ) ;
#2161 = ORIENTED_EDGE ( 'NONE', *, *, #755, .F. ) ;
#2162 = DIRECTION ( 'NONE',  ( 0.0000000000000000000, 1.000000000000000000, -0.0000000000000000000 ) ) ;
#2163 = ORIENTED_EDGE ( 'NONE', *, *, #221, .F. ) ;
#2164 = CIRCLE ( 'NONE', #850, 0.1500000022334009309 ) ;
#2165 = ORIENTED_EDGE ( 'NONE', *, *, #1970, .T. ) ;
#2166 = CIRCLE ( 'NONE', #2660, 0.02250000000000003733 ) ;
#2167 = DIRECTION ( 'NONE',  ( 1.000000000000000000, 0.0000000000000000000, 0.0000000000000000000 ) ) ;
#2168 = CARTESIAN_POINT ( 'NONE',  ( -1.010000000000000009, 0.4500000014901159862, 0.5400000006705519828 ) ) ;
#2169 = AXIS2_PLACEMENT_3D ( 'NONE', #111, #84, #1791 ) ;
#2170 = CARTESIAN_POINT ( 'NONE',  ( -1.060000000000000053, 0.4499999772757289906, 0.1499999973177910118 ) ) ;
#2171 = EDGE_CURVE ( 'NONE', #976, #1227, #196, .T. ) ;
#2172 = EDGE_CURVE ( 'NONE', #1227, #976, #2211, .T. ) ;
#2173 = AXIS2_PLACEMENT_3D ( 'NONE', #2400, #2195, #1750 ) ;
#2174 = CARTESIAN_POINT ( 'NONE',  ( 1.060000000000000053, -0.2999999895691869978, 0.1500000000000000222 ) ) ;
#2175 = PRODUCT_DEFINITION_FORMATION_WITH_SPECIFIED_SOURCE ( 'ANY', '', #1210, .NOT_KNOWN. ) ;
#2176 = ORIENTED_EDGE ( 'NONE', *, *, #490, .F. ) ;
#2177 = CARTESIAN_POINT ( 'NONE',  ( -0.1299999999999990052, -0.6845710663691499942, 0.1972768615746260112 ) ) ;
#2178 = PRODUCT_RELATED_PRODUCT_CATEGORY ( 'part', '', ( #1210 ) ) ;
#2179 = ORIENTED_EDGE ( 'NONE', *, *, #906, .F. ) ;
#2180 = DIRECTION ( 'NONE',  ( 1.000000000000000000, -2.523234146875359942E-16, 0.0000000000000000000 ) ) ;
#2181 = ORIENTED_EDGE ( 'NONE', *, *, #2311, .F. ) ;
#2182 = LINE ( 'NONE', #1366, #1726 ) ;
#2183 = DIRECTION ( 'NONE',  ( 0.0000000000000000000, 6.123233995736766036E-17, -1.000000000000000000 ) ) ;
#2184 = CARTESIAN_POINT ( 'NONE',  ( -0.08499999999999903466, -0.6345710663691499498, 0.2697768615746259924 ) ) ;
#2185 = DIRECTION ( 'NONE',  ( -1.000000000000000000, 0.0000000000000000000, 0.0000000000000000000 ) ) ;
#2186 =( GEOMETRIC_REPRESENTATION_CONTEXT ( 3 ) GLOBAL_UNCERTAINTY_ASSIGNED_CONTEXT ( ( #2237 ) ) GLOBAL_UNIT_ASSIGNED_CONTEXT ( ( #2539, #1646, #2724 ) ) REPRESENTATION_CONTEXT ( 'NONE', 'WORKASPACE' ) );
#2187 = EDGE_CURVE ( 'NONE', #711, #2529, #1766, .T. ) ;
#2188 = ORIENTED_EDGE ( 'NONE', *, *, #2647, .F. ) ;
#2189 = ORIENTED_EDGE ( 'NONE', *, *, #2611, .T. ) ;
#2190 = CARTESIAN_POINT ( 'NONE',  ( -1.330000729300989892, 5.958693094498810089E-09, 0.0000000000000000000 ) ) ;
#2191 = VECTOR ( 'NONE', #398, 100.0000000000000000 ) ;
#2192 = ORIENTED_EDGE ( 'NONE', *, *, #1156, .T. ) ;
#2193 = DIRECTION ( 'NONE',  ( 0.0000000000000000000, -1.000000000000000000, 0.0000000000000000000 ) ) ;
#2194 = ORIENTED_EDGE ( 'NONE', *, *, #253, .F. ) ;
#2195 = DIRECTION ( 'NONE',  ( 0.0000000000000000000, -1.000000000000000000, 0.0000000000000000000 ) ) ;
#2196 = DIRECTION ( 'NONE',  ( -1.000000000000000000, 0.0000000000000000000, 0.0000000000000000000 ) ) ;
#2197 = FACE_OUTER_BOUND ( 'NONE', #2452, .T. ) ;
#2198 = DIRECTION ( 'NONE',  ( -0.0000000000000000000, -1.000000000000000000, 0.0000000000000000000 ) ) ;
#2199 = ORIENTED_EDGE ( 'NONE', *, *, #335, .T. ) ;
#2200 = VERTEX_POINT ( 'NONE', #874 ) ;
#2201 = CARTESIAN_POINT ( 'NONE',  ( 0.8900000000000000133, -0.6620710663691499187, 0.1972768615746260112 ) ) ;
#2202 = EDGE_LOOP ( 'NONE', ( #1941, #265, #671, #417 ) ) ;
#2203 = EDGE_CURVE ( 'NONE', #2706, #119, #1151, .T. ) ;
#2204 = EDGE_CURVE ( 'NONE', #2362, #1227, #276, .T. ) ;
#2205 = CARTESIAN_POINT ( 'NONE',  ( 0.8449999999999999734, -0.6620710663691499187, 0.07249999999999999500 ) ) ;
#2206 = DIRECTION ( 'NONE',  ( 0.0000000000000000000, -1.000000000000000000, 1.224646799147353207E-16 ) ) ;
#2207 = ORIENTED_EDGE ( 'NONE', *, *, #922, .T. ) ;
#2208 = CYLINDRICAL_SURFACE ( 'NONE', #1744, 0.02249999999999999917 ) ;
#2209 = AXIS2_PLACEMENT_3D ( 'NONE', #2642, #74, #2185 ) ;
#2210 = DIRECTION ( 'NONE',  ( 0.0000000000000000000, 1.000000000000000000, 0.0000000000000000000 ) ) ;
#2211 = CIRCLE ( 'NONE', #459, 0.02249999999999999917 ) ;
#2212 =( BOUNDED_SURFACE ( )  B_SPLINE_SURFACE ( 3, 3, ( 
 ( #854, #1006, #2522, #1488 ),
 ( #1445, #1893, #1639, #1678 ),
 ( #2692, #2068, #1868, #1019 ),
 ( #1428, #2480, #2535, #640 ) ),
 .UNSPECIFIED., .F., .F., .F. ) 
 B_SPLINE_SURFACE_WITH_KNOTS ( ( 4, 4 ),
 ( 4, 4 ),
 ( 0.0000000000000000000, 1.000000000000000000 ),
 ( 0.0000000000000000000, 1.000000000000000000 ),
 .UNSPECIFIED. ) 
 GEOMETRIC_REPRESENTATION_ITEM ( )  RATIONAL_B_SPLINE_SURFACE ( (
 ( 1.000000000000000000, 0.8047378541243649375, 0.8047378541243649375, 1.000000000000000000),
 ( 0.3333333333333333703, 0.2682459513747883495, 0.2682459513747883495, 0.3333333333333333703),
 ( 0.3333333333333333703, 0.2682459513747883495, 0.2682459513747883495, 0.3333333333333333703),
 ( 1.000000000000000000, 0.8047378541243649375, 0.8047378541243649375, 1.000000000000000000) ) ) 
 REPRESENTATION_ITEM ( '' )  SURFACE ( )  );
#2213 = ORIENTED_EDGE ( 'NONE', *, *, #1686, .T. ) ;
#2214 = VECTOR ( 'NONE', #404, 100.0000000000000000 ) ;
#2215 = CARTESIAN_POINT ( 'NONE',  ( 1.060000000000000053, 0.3700000104308129867, 0.0000000000000000000 ) ) ;
#2216 = DIRECTION ( 'NONE',  ( 0.0000000000000000000, 0.0000000000000000000, 1.000000000000000000 ) ) ;
#2217 = CARTESIAN_POINT ( 'NONE',  ( 1.060000000000000053, -0.4500000026077030091, 0.02999999999999999889 ) ) ;
#2218 = CARTESIAN_POINT ( 'NONE',  ( -4.440892098500630106E-16, -0.1499999873340140122, 0.1499999999999999944 ) ) ;
#2219 = ADVANCED_FACE ( 'NONE', ( #2518 ), #1472, .T. ) ;
#2220 = EDGE_CURVE ( 'NONE', #1138, #835, #674, .T. ) ;
#2221 = ORIENTED_EDGE ( 'NONE', *, *, #1599, .T. ) ;
#2222 = DIRECTION ( 'NONE',  ( 2.523234146875359942E-16, 1.000000000000000000, -0.0000000000000000000 ) ) ;
#2223 = DIRECTION ( 'NONE',  ( 0.0000000000000000000, -1.000000000000000000, 0.0000000000000000000 ) ) ;
#2224 = FACE_OUTER_BOUND ( 'NONE', #1553, .T. ) ;
#2225 = DIRECTION ( 'NONE',  ( 0.0000000000000000000, -0.7071067811865480168, 0.7071067811865470176 ) ) ;
#2226 = CARTESIAN_POINT ( 'NONE',  ( -1.500000000000000000, -0.2999999895691850549, 0.0000000000000000000 ) ) ;
#2227 = EDGE_LOOP ( 'NONE', ( #1373, #2008, #1857, #2384, #299, #153 ) ) ;
#2228 = DIRECTION ( 'NONE',  ( -0.0000000000000000000, -0.0000000000000000000, -1.000000000000000000 ) ) ;
#2229 = ORIENTED_EDGE ( 'NONE', *, *, #1298, .F. ) ;
#2230 = CIRCLE ( 'NONE', #1615, 0.02249999999999999223 ) ;
#2231 = FACE_OUTER_BOUND ( 'NONE', #2227, .T. ) ;
#2232 = LINE ( 'NONE', #568, #1728 ) ;
#2233 = CARTESIAN_POINT ( 'NONE',  ( 1.010000000000000009, -0.4500000014901158751, 0.5400000006705520939 ) ) ;
#2234 = CIRCLE ( 'NONE', #1049, 0.02249999999999999223 ) ;
#2235 = ORIENTED_EDGE ( 'NONE', *, *, #1937, .F. ) ;
#2236 = CARTESIAN_POINT ( 'NONE',  ( 0.8900000000000000133, -0.6620710663691499187, 0.07249999999999999500 ) ) ;
#2237 = UNCERTAINTY_MEASURE_WITH_UNIT (LENGTH_MEASURE( 1.000000000000000082E-05 ), #2539, 'distance_accuracy_value', 'NONE');
#2238 = CARTESIAN_POINT ( 'NONE',  ( -1.060000000000000053, 0.3000000104308129800, 0.0000000000000000000 ) ) ;
#2239 = CARTESIAN_POINT ( 'NONE',  ( -0.1299999999999990330, -0.6506801934038897173, 0.2247768615746260079 ) ) ;
#2240 = DIRECTION ( 'NONE',  ( 0.0000000000000000000, 0.0000000000000000000, -1.000000000000000000 ) ) ;
#2241 = ADVANCED_FACE ( 'NONE', ( #1692 ), #650, .T. ) ;
#2242 = EDGE_CURVE ( 'NONE', #2382, #616, #1483, .T. ) ;
#2243 = DIRECTION ( 'NONE',  ( 0.0000000000000000000, 0.0000000000000000000, 1.000000000000000000 ) ) ;
#2244 = ORIENTED_EDGE ( 'NONE', *, *, #2595, .F. ) ;
#2245 = PLANE ( 'NONE',  #724 ) ;
#2246 = CARTESIAN_POINT ( 'NONE',  ( -1.060000000000000053, 0.5000000014901160306, 0.5400000006705519828 ) ) ;
#2247 = ORIENTED_EDGE ( 'NONE', *, *, #665, .F. ) ;
#2248 = CARTESIAN_POINT ( 'NONE',  ( -0.1299999999999990052, -0.5000000014901160306, 0.2472768615746260279 ) ) ;
#2249 = DIRECTION ( 'NONE',  ( 0.0000000000000000000, -1.000000000000000000, 0.0000000000000000000 ) ) ;
#2250 = AXIS2_PLACEMENT_3D ( 'NONE', #1295, #2162, #2347 ) ;
#2251 = LINE ( 'NONE', #574, #2126 ) ;
#2252 = DIRECTION ( 'NONE',  ( 0.0000000000000000000, 1.000000000000000000, 0.0000000000000000000 ) ) ;
#2253 = ORIENTED_EDGE ( 'NONE', *, *, #791, .F. ) ;
#2254 = EDGE_CURVE ( 'NONE', #2583, #566, #514, .T. ) ;
#2255 = VERTEX_POINT ( 'NONE', #1338 ) ;
#2256 = EDGE_CURVE ( 'NONE', #813, #2271, #2608, .T. ) ;
#2257 = AXIS2_PLACEMENT_3D ( 'NONE', #506, #1137, #1807 ) ;
#2258 = CARTESIAN_POINT ( 'NONE',  ( -0.08499999999999904854, -0.6921015496411992984, -3.592729953582956400E-17 ) ) ;
#2259 = ORIENTED_EDGE ( 'NONE', *, *, #1359, .T. ) ;
#2260 = DIRECTION ( 'NONE',  ( 0.0000000000000000000, 6.123233995736766036E-17, -1.000000000000000000 ) ) ;
#2261 = CARTESIAN_POINT ( 'NONE',  ( -1.500000000000000000, 0.1500000081956399944, 0.0000000000000000000 ) ) ;
#2262 = ORIENTED_EDGE ( 'NONE', *, *, #994, .F. ) ;
#2263 = FILL_AREA_STYLE ('',( #2471 ) ) ;
#2264 = CARTESIAN_POINT ( 'NONE',  ( 0.9124999999999999778, -0.6845710663691499942, 0.1972768615746260112 ) ) ;
#2265 = CARTESIAN_POINT ( 'NONE',  ( 1.060000000000000053, 0.4499999773068339426, 0.04999999955296519777 ) ) ;
#2266 = DIRECTION ( 'NONE',  ( 0.0000000000000000000, -1.000000000000000000, 0.0000000000000000000 ) ) ;
#2267 = LINE ( 'NONE', #2704, #1828 ) ;
#2268 = VERTEX_POINT ( 'NONE', #2419 ) ;
#2269 = DIRECTION ( 'NONE',  ( 0.0000000000000000000, 0.0000000000000000000, 1.000000000000000000 ) ) ;
#2270 = EDGE_CURVE ( 'NONE', #2572, #2710, #319, .T. ) ;
#2271 = VERTEX_POINT ( 'NONE', #1536 ) ;
#2272 = DIRECTION ( 'NONE',  ( 0.0000000000000000000, 0.0000000000000000000, -1.000000000000000000 ) ) ;
#2273 = CARTESIAN_POINT ( 'NONE',  ( -1.330000729300989892, 0.1500000081920940809, 0.0000000000000000000 ) ) ;
#2274 = ADVANCED_FACE ( 'NONE', ( #303 ), #1352, .T. ) ;
#2275 = DIRECTION ( 'NONE',  ( 0.0000000000000000000, 0.0000000000000000000, 1.000000000000000000 ) ) ;
#2276 = VECTOR ( 'NONE', #2514, 100.0000000000000000 ) ;
#2277 = ORIENTED_EDGE ( 'NONE', *, *, #1465, .F. ) ;
#2278 =( NAMED_UNIT ( * ) SI_UNIT ( $, .STERADIAN. ) SOLID_ANGLE_UNIT ( ) );
#2279 = AXIS2_PLACEMENT_3D ( 'NONE', #2158, #2183, #1548 ) ;
#2280 = DIRECTION ( 'NONE',  ( 0.0000000000000000000, -1.000000000000000000, 0.0000000000000000000 ) ) ;
#2281 = VECTOR ( 'NONE', #1304, 100.0000000000000000 ) ;
#2282 = DIRECTION ( 'NONE',  ( 0.0000000000000000000, 0.0000000000000000000, -1.000000000000000000 ) ) ;
#2283 = DIRECTION ( 'NONE',  ( 0.0000000000000000000, -1.000000000000000000, -0.0000000000000000000 ) ) ;
#2284 = DIRECTION ( 'NONE',  ( 1.000000000000000000, -2.523234146875359942E-16, 0.0000000000000000000 ) ) ;
#2285 = ORIENTED_EDGE ( 'NONE', *, *, #221, .T. ) ;
#2286 = CARTESIAN_POINT ( 'NONE',  ( 1.060000000000000053, -0.3699999895691870044, 0.1499999999999999944 ) ) ;
#2287 = CARTESIAN_POINT ( 'NONE',  ( -0.08499999999999903466, -0.7345710663691500386, 0.04499999999999999140 ) ) ;
#2288 = ORIENTED_EDGE ( 'NONE', *, *, #132, .T. ) ;
#2289 = DIRECTION ( 'NONE',  ( -0.0000000000000000000, -1.000000000000000000, -0.0000000000000000000 ) ) ;
#2290 = PLANE ( 'NONE',  #1219 ) ;
#2291 = EDGE_LOOP ( 'NONE', ( #2110, #1387, #2507, #1493 ) ) ;
#2292 = EDGE_CURVE ( 'NONE', #2396, #2726, #2481, .T. ) ;
#2293 = EDGE_CURVE ( 'NONE', #643, #1415, #2570, .T. ) ;
#2294 = CARTESIAN_POINT ( 'NONE',  ( 0.8900000000000000133, -0.5000000014901160306, 0.2247768615746260079 ) ) ;
#2295 = PRODUCT_DEFINITION_CONTEXT ( 'detailed design', #1902, 'design' ) ;
#2296 = CARTESIAN_POINT ( 'NONE',  ( -0.08499999999999904854, -0.6770405830971004679, 0.2697768615746259924 ) ) ;
#2297 = FACE_OUTER_BOUND ( 'NONE', #272, .T. ) ;
#2298 = CARTESIAN_POINT ( 'NONE',  ( 0.9350000000000001643, -0.7070710663691499587, 0.1972768615746260112 ) ) ;
#2299 = ORIENTED_EDGE ( 'NONE', *, *, #1547, .F. ) ;
#2300 = ORIENTED_EDGE ( 'NONE', *, *, #1654, .F. ) ;
#2301 = VECTOR ( 'NONE', #2011, 100.0000000000000000 ) ;
#2302 = ORIENTED_EDGE ( 'NONE', *, *, #1599, .F. ) ;
#2303 = AXIS2_PLACEMENT_3D ( 'NONE', #1729, #1059, #2536 ) ;
#2304 = CARTESIAN_POINT ( 'NONE',  ( 0.3800000000000000044, -0.7345710663691500386, 0.0000000000000000000 ) ) ;
#2305 = AXIS2_PLACEMENT_3D ( 'NONE', #1315, #16, #1675 ) ;
#2306 = CARTESIAN_POINT ( 'NONE',  ( -0.8900000000000000133, -0.5000000014901160306, 0.2247768615746260079 ) ) ;
#2307 = ORIENTED_EDGE ( 'NONE', *, *, #1691, .T. ) ;
#2308 =( BOUNDED_SURFACE ( )  B_SPLINE_SURFACE ( 3, 3, ( 
 ( #1498, #1340, #2145, #1550 ),
 ( #18, #1524, #2159, #2577 ),
 ( #2551, #270, #2341, #2561 ),
 ( #232, #60, #455, #902 ) ),
 .UNSPECIFIED., .F., .F., .F. ) 
 B_SPLINE_SURFACE_WITH_KNOTS ( ( 4, 4 ),
 ( 4, 4 ),
 ( 0.0000000000000000000, 1.000000000000000000 ),
 ( 0.0000000000000000000, 1.000000000000000000 ),
 .UNSPECIFIED. ) 
 GEOMETRIC_REPRESENTATION_ITEM ( )  RATIONAL_B_SPLINE_SURFACE ( (
 ( 1.000000000000000000, 0.8047378541243649375, 0.8047378541243649375, 1.000000000000000000),
 ( 0.3333333333333333703, 0.2682459513747883495, 0.2682459513747883495, 0.3333333333333333703),
 ( 0.3333333333333333703, 0.2682459513747883495, 0.2682459513747883495, 0.3333333333333333703),
 ( 1.000000000000000000, 0.8047378541243649375, 0.8047378541243649375, 1.000000000000000000) ) ) 
 REPRESENTATION_ITEM ( '' )  SURFACE ( )  );
#2309 = CIRCLE ( 'NONE', #1862, 0.02249999999999999917 ) ;
#2310 = DIRECTION ( 'NONE',  ( -0.0000000000000000000, -1.000000000000000000, -0.0000000000000000000 ) ) ;
#2311 = EDGE_CURVE ( 'NONE', #1415, #711, #2182, .T. ) ;
#2312 = FACE_OUTER_BOUND ( 'NONE', #1106, .T. ) ;
#2313 = CARTESIAN_POINT ( 'NONE',  ( 0.3800000000000000044, -0.7345710663691499276, 0.04499999999999998446 ) ) ;
#2314 = DIRECTION ( 'NONE',  ( -0.0000000000000000000, 1.000000000000000000, 0.0000000000000000000 ) ) ;
#2315 = VERTEX_POINT ( 'NONE', #1123 ) ;
#2316 = FACE_OUTER_BOUND ( 'NONE', #1198, .T. ) ;
#2317 = DIRECTION ( 'NONE',  ( 0.0000000000000000000, 6.123233995736766036E-17, -1.000000000000000000 ) ) ;
#2318 = VERTEX_POINT ( 'NONE', #1760 ) ;
#2319 = CARTESIAN_POINT ( 'NONE',  ( 0.8900000000000000133, -0.7070710663691500697, 0.07249999999999999500 ) ) ;
#2320 = CARTESIAN_POINT ( 'NONE',  ( -0.1299999999999990330, -0.6620710663691498077, 0.03003048327204933809 ) ) ;
#2321 = VERTEX_POINT ( 'NONE', #2597 ) ;
#2322 = AXIS2_PLACEMENT_3D ( 'NONE', #1850, #2249, #1205 ) ;
#2323 = CARTESIAN_POINT ( 'NONE',  ( 0.8675000000000000488, -0.6845710663691499942, 0.1972768615746260112 ) ) ;
#2324 = CIRCLE ( 'NONE', #2367, 0.02750000000000000708 ) ;
#2325 = VECTOR ( 'NONE', #1562, 100.0000000000000000 ) ;
#2326 = CARTESIAN_POINT ( 'NONE',  ( 1.060000000000000053, -0.2999999895691869978, 0.0000000000000000000 ) ) ;
#2327 = LINE ( 'NONE', #1935, #2438 ) ;
#2328 = CARTESIAN_POINT ( 'NONE',  ( -0.9124999999999999778, -0.6845710663691499942, 0.1972768615746260112 ) ) ;
#2329 = DIRECTION ( 'NONE',  ( 1.000000000000000000, 0.0000000000000000000, 0.0000000000000000000 ) ) ;
#2330 = EDGE_CURVE ( 'NONE', #1719, #2255, #2351, .T. ) ;
#2331 = EDGE_CURVE ( 'NONE', #1526, #2337, #1597, .T. ) ;
#2332 = CARTESIAN_POINT ( 'NONE',  ( 0.3800000000000000044, -0.5000000014901160306, 0.2697768615746259924 ) ) ;
#2333 = PRESENTATION_STYLE_ASSIGNMENT (( #1319 ) ) ;
#2334 = ORIENTED_EDGE ( 'NONE', *, *, #2091, .F. ) ;
#2335 = CARTESIAN_POINT ( 'NONE',  ( -0.8900000000000000133, -0.7345710663691500386, 0.04499999999999999833 ) ) ;
#2336 = PLANE ( 'NONE',  #1784 ) ;
#2337 = VERTEX_POINT ( 'NONE', #738 ) ;
#2338 = CARTESIAN_POINT ( 'NONE',  ( 0.8900000000000000133, -0.7345710663691499276, 0.04499999999999998446 ) ) ;
#2339 = CYLINDRICAL_SURFACE ( 'NONE', #362, 0.02249999999999999223 ) ;
#2340 = CARTESIAN_POINT ( 'NONE',  ( -1.010000000000000009, 0.2500000007450580153, 0.5400000006705519828 ) ) ;
#2341 = CARTESIAN_POINT ( 'NONE',  ( -0.8449999999999999734, -0.7184619393344098270, 0.04500000000000003997 ) ) ;
#2342 = CARTESIAN_POINT ( 'NONE',  ( 1.500000000000000000, 0.1500000171363340129, 0.0000000000000000000 ) ) ;
#2343 = ADVANCED_FACE ( 'NONE', ( #2609 ), #543, .T. ) ;
#2344 = EDGE_CURVE ( 'NONE', #1144, #1993, #1949, .T. ) ;
#2345 = VERTEX_POINT ( 'NONE', #2586 ) ;
#2346 = VECTOR ( 'NONE', #34, 100.0000000000000000 ) ;
#2347 = DIRECTION ( 'NONE',  ( 0.0000000000000000000, 0.0000000000000000000, 1.000000000000000000 ) ) ;
#2348 = CARTESIAN_POINT ( 'NONE',  ( 0.3800000000000000044, -0.7070710663691497366, 0.2397463783025765571 ) ) ;
#2349 = AXIS2_PLACEMENT_3D ( 'NONE', #1754, #2664, #2618 ) ;
#2350 = ORIENTED_EDGE ( 'NONE', *, *, #173, .T. ) ;
#2351 = CIRCLE ( 'NONE', #893, 0.02249999999999999917 ) ;
#2352 = DIRECTION ( 'NONE',  ( 0.0000000000000000000, 1.000000000000000000, -0.0000000000000000000 ) ) ;
#2353 = VECTOR ( 'NONE', #219, 100.0000000000000000 ) ;
#2354 = CARTESIAN_POINT ( 'NONE',  ( -4.440892098500630106E-16, 1.043081265805770025E-08, 0.1499999999999999944 ) ) ;
#2355 = DIRECTION ( 'NONE',  ( -0.0000000000000000000, -1.000000000000000000, -0.0000000000000000000 ) ) ;
#2356 = CARTESIAN_POINT ( 'NONE',  ( -1.500000000000000000, -0.2999999895691850549, 0.0000000000000000000 ) ) ;
#2357 = CARTESIAN_POINT ( 'NONE',  ( -1.330000729300989892, 5.958693094498810089E-09, 0.1499999999999999944 ) ) ;
#2358 = CARTESIAN_POINT ( 'NONE',  ( 0.0000000000000000000, 0.0000000000000000000, 0.0000000000000000000 ) ) ;
#2359 = ORIENTED_EDGE ( 'NONE', *, *, #1029, .F. ) ;
#2360 = ADVANCED_FACE ( 'NONE', ( #703 ), #1327, .F. ) ;
#2361 =( NAMED_UNIT ( * ) PLANE_ANGLE_UNIT ( ) SI_UNIT ( $, .RADIAN. ) );
#2362 = VERTEX_POINT ( 'NONE', #913 ) ;
#2363 = EDGE_CURVE ( 'NONE', #1162, #2318, #1905, .T. ) ;
#2364 = CARTESIAN_POINT ( 'NONE',  ( 0.8900000000000000133, -0.6620710663691498077, 0.03003048327204933809 ) ) ;
#2365 = ORIENTED_EDGE ( 'NONE', *, *, #1127, .T. ) ;
#2366 = DIRECTION ( 'NONE',  ( 0.0000000000000000000, 1.000000000000000000, 0.0000000000000000000 ) ) ;
#2367 = AXIS2_PLACEMENT_3D ( 'NONE', #1451, #420, #846 ) ;
#2368 = CARTESIAN_POINT ( 'NONE',  ( 1.330000729300989892, 1.490293211059419944E-08, 0.0000000000000000000 ) ) ;
#2369 = CARTESIAN_POINT ( 'NONE',  ( -0.1299999999999990330, -0.6506801934038897173, 0.2247768615746260079 ) ) ;
#2370 = AXIS2_PLACEMENT_3D ( 'NONE', #1761, #2612, #1950 ) ;
#2371 = ORIENTED_EDGE ( 'NONE', *, *, #1233, .F. ) ;
#2372 = VECTOR ( 'NONE', #766, 100.0000000000000000 ) ;
#2373 = LINE ( 'NONE', #288, #2346 ) ;
#2374 = VERTEX_POINT ( 'NONE', #2294 ) ;
#2375 = LINE ( 'NONE', #923, #811 ) ;
#2376 = ADVANCED_FACE ( 'NONE', ( #2671 ), #1024, .T. ) ;
#2377 = ORIENTED_EDGE ( 'NONE', *, *, #1616, .T. ) ;
#2378 = CARTESIAN_POINT ( 'NONE',  ( -1.060000000000000053, 0.3000000104308129800, 0.0000000000000000000 ) ) ;
#2379 = DIRECTION ( 'NONE',  ( 0.0000000000000000000, 0.0000000000000000000, -1.000000000000000000 ) ) ;
#2380 = DIRECTION ( 'NONE',  ( 0.0000000000000000000, -1.000000000000000000, 0.0000000000000000000 ) ) ;
#2381 = LINE ( 'NONE', #86, #1290 ) ;
#2382 = VERTEX_POINT ( 'NONE', #1603 ) ;
#2383 = CARTESIAN_POINT ( 'NONE',  ( 0.3800000000000000044, -0.6620710663691498077, 0.2133859886093659453 ) ) ;
#2384 = ORIENTED_EDGE ( 'NONE', *, *, #2270, .F. ) ;
#2385 = VECTOR ( 'NONE', #1050, 100.0000000000000000 ) ;
#2386 = VECTOR ( 'NONE', #1995, 100.0000000000000000 ) ;
#2387 = ORIENTED_EDGE ( 'NONE', *, *, #2548, .T. ) ;
#2388 = AXIS2_PLACEMENT_3D ( 'NONE', #1383, #1551, #2225 ) ;
#2389 = DIRECTION ( 'NONE',  ( 0.0000000000000000000, 0.0000000000000000000, -1.000000000000000000 ) ) ;
#2390 = EDGE_CURVE ( 'NONE', #449, #1128, #1832, .T. ) ;
#2391 = FACE_OUTER_BOUND ( 'NONE', #732, .T. ) ;
#2392 = VECTOR ( 'NONE', #466, 100.0000000000000000 ) ;
#2393 = CARTESIAN_POINT ( 'NONE',  ( -0.1299999999999990052, -0.7345710663691500386, 0.0000000000000000000 ) ) ;
#2394 =( GEOMETRIC_REPRESENTATION_CONTEXT ( 3 ) GLOBAL_UNCERTAINTY_ASSIGNED_CONTEXT ( ( #2460 ) ) GLOBAL_UNIT_ASSIGNED_CONTEXT ( ( #2147, #1514, #1332 ) ) REPRESENTATION_CONTEXT ( 'NONE', 'WORKASPACE' ) );
#2395 = CARTESIAN_POINT ( 'NONE',  ( 1.060000000000000053, 0.5000000014901160306, 0.4900000006705519384 ) ) ;
#2396 = VERTEX_POINT ( 'NONE', #2236 ) ;
#2397 = LINE ( 'NONE', #2443, #1858 ) ;
#2398 = ORIENTED_EDGE ( 'NONE', *, *, #648, .T. ) ;
#2399 = ORIENTED_EDGE ( 'NONE', *, *, #2139, .F. ) ;
#2400 = CARTESIAN_POINT ( 'NONE',  ( -0.1299999999999990052, -0.5000000014901160306, 0.2472768615746260279 ) ) ;
#2401 = DIRECTION ( 'NONE',  ( 0.0000000000000000000, -1.000000000000000000, 1.224646799147353207E-16 ) ) ;
#2402 = MANIFOLD_SOLID_BREP ( 'Body5', #1226 ) ;
#2403 = DIRECTION ( 'NONE',  ( 1.000000000000000000, -0.0000000000000000000, 0.0000000000000000000 ) ) ;
#2404 = DIRECTION ( 'NONE',  ( 0.0000000000000000000, -1.000000000000000000, 0.0000000000000000000 ) ) ;
#2405 = AXIS2_PLACEMENT_3D ( 'NONE', #1614, #2669, #2651 ) ;
#2406 = ORIENTED_EDGE ( 'NONE', *, *, #681, .T. ) ;
#2407 = EDGE_CURVE ( 'NONE', #835, #1453, #820, .T. ) ;
#2408 = EDGE_LOOP ( 'NONE', ( #654, #1708, #1378, #597 ) ) ;
#2409 = ADVANCED_FACE ( 'NONE', ( #1436 ), #2030, .T. ) ;
#2410 = LINE ( 'NONE', #2009, #2036 ) ;
#2411 = VECTOR ( 'NONE', #159, 100.0000000000000000 ) ;
#2412 = AXIS2_PLACEMENT_3D ( 'NONE', #73, #494, #1073 ) ;
#2413 = ORIENTED_EDGE ( 'NONE', *, *, #1263, .F. ) ;
#2414 = DIRECTION ( 'NONE',  ( 0.0000000000000000000, -1.000000000000000000, 0.0000000000000000000 ) ) ;
#2415 = LINE ( 'NONE', #264, #1473 ) ;
#2416 = MANIFOLD_SOLID_BREP ( 'Body4', #1052 ) ;
#2417 = DIRECTION ( 'NONE',  ( 1.000000000000000000, 0.0000000000000000000, -0.0000000000000000000 ) ) ;
#2418 = ORIENTED_EDGE ( 'NONE', *, *, #1177, .F. ) ;
#2419 = CARTESIAN_POINT ( 'NONE',  ( 0.3800000000000000044, -0.7070710663691500697, 0.07249999999999999500 ) ) ;
#2420 = CARTESIAN_POINT ( 'NONE',  ( 0.8900000000000000133, -0.6345710663691499498, 0.1972768615746260112 ) ) ;
#2421 = LINE ( 'NONE', #1805, #834 ) ;
#2422 = DIRECTION ( 'NONE',  ( 0.0000000000000000000, -1.000000000000000000, 0.0000000000000000000 ) ) ;
#2423 = ORIENTED_EDGE ( 'NONE', *, *, #173, .F. ) ;
#2424 = ORIENTED_EDGE ( 'NONE', *, *, #1232, .T. ) ;
#2425 = DIRECTION ( 'NONE',  ( 0.0000000000000000000, 1.000000000000000000, 0.0000000000000000000 ) ) ;
#2426 = ADVANCED_FACE ( 'NONE', ( #556 ), #2074, .T. ) ;
#2427 = EDGE_CURVE ( 'NONE', #643, #2529, #365, .T. ) ;
#2428 = ORIENTED_EDGE ( 'NONE', *, *, #1280, .F. ) ;
#2429 = DIRECTION ( 'NONE',  ( -1.000000000000000000, -5.551138937544239621E-15, 0.0000000000000000000 ) ) ;
#2430 = CARTESIAN_POINT ( 'NONE',  ( -1.060000000000000053, -0.3699999895691870044, 0.1499999999999999944 ) ) ;
#2431 = ORIENTED_EDGE ( 'NONE', *, *, #1583, .T. ) ;
#2432 = AXIS2_PLACEMENT_3D ( 'NONE', #215, #26, #1495 ) ;
#2433 = DIRECTION ( 'NONE',  ( 0.0000000000000000000, 6.123233995736766036E-17, -1.000000000000000000 ) ) ;
#2434 = LINE ( 'NONE', #1633, #256 ) ;
#2435 = CIRCLE ( 'NONE', #142, 0.02250000000000003733 ) ;
#2436 = CARTESIAN_POINT ( 'NONE',  ( 0.3800000000000000044, -0.7070710663691497366, 0.2397463783025765571 ) ) ;
#2437 = LINE ( 'NONE', #324, #1812 ) ;
#2438 = VECTOR ( 'NONE', #636, 100.0000000000000000 ) ;
#2439 = DIRECTION ( 'NONE',  ( -2.523234146875359942E-16, -1.000000000000000000, 0.0000000000000000000 ) ) ;
#2440 = ORIENTED_EDGE ( 'NONE', *, *, #2292, .F. ) ;
#2441 = ORIENTED_EDGE ( 'NONE', *, *, #1780, .F. ) ;
#2442 = AXIS2_PLACEMENT_3D ( 'NONE', #1571, #1544, #1363 ) ;
#2443 = CARTESIAN_POINT ( 'NONE',  ( -0.8900000000000000133, -0.5000000014901160306, 0.2697768615746259924 ) ) ;
#2444 = ORIENTED_EDGE ( 'NONE', *, *, #2019, .F. ) ;
#2445 = ADVANCED_FACE ( 'NONE', ( #1904 ), #245, .T. ) ;
#2446 = LINE ( 'NONE', #2233, #2543 ) ;
#2447 = VERTEX_POINT ( 'NONE', #240 ) ;
#2448 = EDGE_CURVE ( 'NONE', #1741, #563, #1505, .T. ) ;
#2449 = DIRECTION ( 'NONE',  ( 0.0000000000000000000, 1.000000000000000000, -0.0000000000000000000 ) ) ;
#2450 = FACE_OUTER_BOUND ( 'NONE', #1545, .T. ) ;
#2451 = EDGE_LOOP ( 'NONE', ( #275, #356 ) ) ;
#2452 = EDGE_LOOP ( 'NONE', ( #474, #317, #668, #2181 ) ) ;
#2453 = VERTEX_POINT ( 'NONE', #2323 ) ;
#2454 = CIRCLE ( 'NONE', #166, 0.02249999999999999223 ) ;
#2455 = CARTESIAN_POINT ( 'NONE',  ( -0.8449999999999999734, -0.6620710663691499187, 0.1972768615746260112 ) ) ;
#2456 = DIRECTION ( 'NONE',  ( -1.000000000000000000, 0.0000000000000000000, 0.0000000000000000000 ) ) ;
#2457 = VECTOR ( 'NONE', #1109, 100.0000000000000000 ) ;
#2458 = ORIENTED_EDGE ( 'NONE', *, *, #2533, .T. ) ;
#2459 = DIRECTION ( 'NONE',  ( -0.5773502691896257311, 0.5773502691896257311, -0.5773502691896257311 ) ) ;
#2460 = UNCERTAINTY_MEASURE_WITH_UNIT (LENGTH_MEASURE( 1.000000000000000082E-05 ), #2147, 'distance_accuracy_value', 'NONE');
#2461 = EDGE_CURVE ( 'NONE', #2710, #165, #642, .T. ) ;
#2462 = ADVANCED_FACE ( 'NONE', ( #1720 ), #1285, .T. ) ;
#2463 = DIRECTION ( 'NONE',  ( 0.0000000000000000000, 0.0000000000000000000, -1.000000000000000000 ) ) ;
#2464 = DIRECTION ( 'NONE',  ( 0.0000000000000000000, 0.0000000000000000000, -1.000000000000000000 ) ) ;
#2465 = PLANE ( 'NONE',  #683 ) ;
#2466 = DIRECTION ( 'NONE',  ( 0.0000000000000000000, 0.0000000000000000000, 1.000000000000000000 ) ) ;
#2467 = ORIENTED_EDGE ( 'NONE', *, *, #2002, .T. ) ;
#2468 = ORIENTED_EDGE ( 'NONE', *, *, #29, .T. ) ;
#2469 = VERTEX_POINT ( 'NONE', #2088 ) ;
#2470 = EDGE_LOOP ( 'NONE', ( #488, #2221, #1350, #239 ) ) ;
#2471 = FILL_AREA_STYLE_COLOUR ( '', #1421 ) ;
#2472 = CYLINDRICAL_SURFACE ( 'NONE', #2544, 0.02249999999999999223 ) ;
#2473 = CARTESIAN_POINT ( 'NONE',  ( -0.1299999999999990330, -0.7070710663691497366, 0.2397463783025765571 ) ) ;
#2474 = CIRCLE ( 'NONE', #1988, 0.02250000000000003733 ) ;
#2475 = EDGE_CURVE ( 'NONE', #1888, #458, #848, .T. ) ;
#2476 = CARTESIAN_POINT ( 'NONE',  ( -0.8900000000000000133, -0.8691421323657709808, 0.02249999999999999917 ) ) ;
#2477 = DIRECTION ( 'NONE',  ( 0.0000000000000000000, 0.0000000000000000000, -1.000000000000000000 ) ) ;
#2478 = CIRCLE ( 'NONE', #539, 0.02249999999999995060 ) ;
#2479 = ORIENTED_EDGE ( 'NONE', *, *, #2702, .F. ) ;
#2480 = CARTESIAN_POINT ( 'NONE',  ( -0.8900000000000000133, -0.6506801934038897173, 0.2247768615746260079 ) ) ;
#2481 = CIRCLE ( 'NONE', #1992, 0.02250000000000003733 ) ;
#2482 = CYLINDRICAL_SURFACE ( 'NONE', #1507, 0.02249999999999999917 ) ;
#2483 =( GEOMETRIC_REPRESENTATION_CONTEXT ( 3 ) GLOBAL_UNCERTAINTY_ASSIGNED_CONTEXT ( ( #226 ) ) GLOBAL_UNIT_ASSIGNED_CONTEXT ( ( #1391, #1216, #2278 ) ) REPRESENTATION_CONTEXT ( 'NONE', 'WORKASPACE' ) );
#2484 = EDGE_LOOP ( 'NONE', ( #247, #830, #1558, #1092, #1535 ) ) ;
#2485 = CARTESIAN_POINT ( 'NONE',  ( -0.1299999999999990052, -0.6345710663691499498, 0.1972768615746260112 ) ) ;
#2486 = DIRECTION ( 'NONE',  ( 1.000000000000000000, 0.0000000000000000000, -0.0000000000000000000 ) ) ;
#2487 = VERTEX_POINT ( 'NONE', #1915 ) ;
#2488 = CARTESIAN_POINT ( 'NONE',  ( 1.060000000000000053, 0.3700000104308129867, 0.0000000000000000000 ) ) ;
#2489 = DIRECTION ( 'NONE',  ( 1.000000000000000000, 0.0000000000000000000, -0.0000000000000000000 ) ) ;
#2490 = LINE ( 'NONE', #822, #2039 ) ;
#2491 = FACE_OUTER_BOUND ( 'NONE', #1647, .T. ) ;
#2492 = ORIENTED_EDGE ( 'NONE', *, *, #2040, .T. ) ;
#2493 = VERTEX_POINT ( 'NONE', #1874 ) ;
#2494 = CARTESIAN_POINT ( 'NONE',  ( -1.330000729300989892, 5.958693094498810089E-09, 0.0000000000000000000 ) ) ;
#2495 = EDGE_CURVE ( 'NONE', #723, #1035, #1673, .T. ) ;
#2496 = EDGE_CURVE ( 'NONE', #465, #1241, #23, .T. ) ;
#2497 = ORIENTED_EDGE ( 'NONE', *, *, #2461, .T. ) ;
#2498 = CARTESIAN_POINT ( 'NONE',  ( 1.500000000000000000, 0.3000000104308099824, 0.0000000000000000000 ) ) ;
#2499 = FILL_AREA_STYLE_COLOUR ( '', #1090 ) ;
#2500 = AXIS2_PLACEMENT_3D ( 'NONE', #1384, #2477, #577 ) ;
#2501 = ORIENTED_EDGE ( 'NONE', *, *, #680, .F. ) ;
#2502 =( BOUNDED_SURFACE ( )  B_SPLINE_SURFACE ( 3, 3, ( 
 ( #1733, #1517, #2348, #448 ),
 ( #1283, #896, #1503, #1930 ),
 ( #79, #710, #464, #2123 ),
 ( #2567, #1718, #2383, #2593 ) ),
 .UNSPECIFIED., .F., .F., .F. ) 
 B_SPLINE_SURFACE_WITH_KNOTS ( ( 4, 4 ),
 ( 4, 4 ),
 ( 0.0000000000000000000, 1.000000000000000000 ),
 ( 0.0000000000000000000, 1.000000000000000000 ),
 .UNSPECIFIED. ) 
 GEOMETRIC_REPRESENTATION_ITEM ( )  RATIONAL_B_SPLINE_SURFACE ( (
 ( 1.000000000000000000, 0.8047378541243649375, 0.8047378541243649375, 1.000000000000000000),
 ( 0.3333333333333333703, 0.2682459513747883495, 0.2682459513747883495, 0.3333333333333333703),
 ( 0.3333333333333333703, 0.2682459513747883495, 0.2682459513747883495, 0.3333333333333333703),
 ( 1.000000000000000000, 0.8047378541243649375, 0.8047378541243649375, 1.000000000000000000) ) ) 
 REPRESENTATION_ITEM ( '' )  SURFACE ( )  );
#2503 = CIRCLE ( 'NONE', #2061, 0.02249999999999999917 ) ;
#2504 = DIRECTION ( 'NONE',  ( 0.0000000000000000000, 0.0000000000000000000, 1.000000000000000000 ) ) ;
#2505 = DIRECTION ( 'NONE',  ( 0.0000000000000000000, -0.0000000000000000000, 1.000000000000000000 ) ) ;
#2506 = CARTESIAN_POINT ( 'NONE',  ( -1.060000000000000053, 0.4499999772757289906, 0.1499999973177910118 ) ) ;
#2507 = ORIENTED_EDGE ( 'NONE', *, *, #297, .T. ) ;
#2508 = DIRECTION ( 'NONE',  ( 0.0000000000000000000, 1.000000000000000000, -0.0000000000000000000 ) ) ;
#2509 = CARTESIAN_POINT ( 'NONE',  ( -0.08499999999999904854, -0.7070710663691500697, 0.05639087296526010956 ) ) ;
#2510 = ORIENTED_EDGE ( 'NONE', *, *, #1814, .F. ) ;
#2511 = EDGE_CURVE ( 'NONE', #1453, #1993, #1709, .T. ) ;
#2512 = CARTESIAN_POINT ( 'NONE',  ( -0.8900000000000000133, -0.7345710663691500386, 0.0000000000000000000 ) ) ;
#2513 = EDGE_CURVE ( 'NONE', #1144, #1734, #213, .T. ) ;
#2514 = DIRECTION ( 'NONE',  ( 0.0000000000000000000, -1.000000000000000000, 0.0000000000000000000 ) ) ;
#2515 = EDGE_LOOP ( 'NONE', ( #2067, #814 ) ) ;
#2516 = CARTESIAN_POINT ( 'NONE',  ( 1.010000000000000009, 0.2500000007450580153, 0.5400000006705520939 ) ) ;
#2517 = CARTESIAN_POINT ( 'NONE',  ( 0.8900000000000000133, -0.8691421323657709808, 0.02249999999999999917 ) ) ;
#2518 = FACE_OUTER_BOUND ( 'NONE', #1870, .T. ) ;
#2519 = DIRECTION ( 'NONE',  ( 0.0000000000000000000, 0.0000000000000000000, -1.000000000000000000 ) ) ;
#2520 = VERTEX_POINT ( 'NONE', #2140 ) ;
#2521 = VECTOR ( 'NONE', #1710, 100.0000000000000000 ) ;
#2522 = CARTESIAN_POINT ( 'NONE',  ( -0.8900000000000000133, -0.7070710663691497366, 0.2397463783025765571 ) ) ;
#2523 = AXIS2_PLACEMENT_3D ( 'NONE', #1739, #2317, #1264 ) ;
#2524 = ORIENTED_EDGE ( 'NONE', *, *, #1564, .T. ) ;
#2525 = AXIS2_PLACEMENT_3D ( 'NONE', #2006, #1176, #2020 ) ;
#2526 = DIRECTION ( 'NONE',  ( -1.000000000000000000, -0.0000000000000000000, -0.0000000000000000000 ) ) ;
#2527 = VECTOR ( 'NONE', #1601, 100.0000000000000000 ) ;
#2528 = CARTESIAN_POINT ( 'NONE',  ( -0.1749999999999990175, -0.7345710663691500386, -8.673617379884035472E-17 ) ) ;
#2529 = VERTEX_POINT ( 'NONE', #1272 ) ;
#2530 = AXIS2_PLACEMENT_3D ( 'NONE', #2685, #622, #1454 ) ;
#2531 = DIRECTION ( 'NONE',  ( -1.000000000000000000, -0.0000000000000000000, 0.0000000000000000000 ) ) ;
#2532 = ADVANCED_FACE ( 'NONE', ( #251 ), #37, .T. ) ;
#2533 = EDGE_CURVE ( 'NONE', #1323, #2069, #238, .T. ) ;
#2534 = CARTESIAN_POINT ( 'NONE',  ( 0.9349999999999999423, -0.6506801934038898283, 0.2247768615746260357 ) ) ;
#2535 = CARTESIAN_POINT ( 'NONE',  ( -0.8900000000000000133, -0.6620710663691498077, 0.2133859886093659453 ) ) ;
#2536 = DIRECTION ( 'NONE',  ( 0.0000000000000000000, 0.0000000000000000000, -1.000000000000000000 ) ) ;
#2537 = ORIENTED_EDGE ( 'NONE', *, *, #312, .T. ) ;
#2538 = FILL_AREA_STYLE_COLOUR ( '', #2604 ) ;
#2539 =( LENGTH_UNIT ( ) NAMED_UNIT ( * ) SI_UNIT ( .CENTI., .METRE. ) );
#2540 = ORIENTED_EDGE ( 'NONE', *, *, #2363, .T. ) ;
#2541 = VECTOR ( 'NONE', #774, 100.0000000000000000 ) ;
#2542 = CARTESIAN_POINT ( 'NONE',  ( 0.8900000000000000133, -0.7345710663691499276, -8.673617379884035472E-17 ) ) ;
#2543 = VECTOR ( 'NONE', #1787, 100.0000000000000142 ) ;
#2544 = AXIS2_PLACEMENT_3D ( 'NONE', #2248, #1423, #1439 ) ;
#2545 = CARTESIAN_POINT ( 'NONE',  ( -1.060000000000000053, -0.5000000014901160306, 0.04999999955296519083 ) ) ;
#2546 = DIRECTION ( 'NONE',  ( 0.0000000000000000000, -1.000000000000000000, 0.0000000000000000000 ) ) ;
#2547 = EDGE_CURVE ( 'NONE', #799, #2007, #225, .T. ) ;
#2548 = EDGE_CURVE ( 'NONE', #723, #835, #1945, .T. ) ;
#2549 = DIRECTION ( 'NONE',  ( 0.0000000000000000000, -1.000000000000000000, 0.0000000000000000000 ) ) ;
#2550 = VECTOR ( 'NONE', #2707, 100.0000000000000000 ) ;
#2551 = CARTESIAN_POINT ( 'NONE',  ( -0.8449999999999999734, -0.7070710663691500697, 0.07249999999999999500 ) ) ;
#2552 = CARTESIAN_POINT ( 'NONE',  ( -0.1749999999999990175, -0.7070710663691499587, 0.1972768615746260112 ) ) ;
#2553 = VERTEX_POINT ( 'NONE', #2153 ) ;
#2554 = CARTESIAN_POINT ( 'NONE',  ( -4.440892098500630106E-16, -0.1499999962747080029, 0.1499999999999999944 ) ) ;
#2555 = SURFACE_STYLE_USAGE ( .BOTH. , #1913 ) ;
#2556 = ORIENTED_EDGE ( 'NONE', *, *, #2139, .T. ) ;
#2557 = CARTESIAN_POINT ( 'NONE',  ( 0.3800000000000000044, -0.7345710663691500386, 0.04499999999999999833 ) ) ;
#2558 = LINE ( 'NONE', #635, #1806 ) ;
#2559 = DIRECTION ( 'NONE',  ( 0.0000000000000000000, 0.0000000000000000000, -1.000000000000000000 ) ) ;
#2560 = LINE ( 'NONE', #30, #783 ) ;
#2561 = CARTESIAN_POINT ( 'NONE',  ( -0.8449999999999999734, -0.7345710663691500386, 0.04499999999999999140 ) ) ;
#2562 = ADVANCED_FACE ( 'NONE', ( #314 ), #1533, .F. ) ;
#2563 = CARTESIAN_POINT ( 'NONE',  ( 1.330000729300989226, 0.1500000171363330137, 0.0000000000000000000 ) ) ;
#2564 = EDGE_CURVE ( 'NONE', #2059, #2382, #2375, .T. ) ;
#2565 = ORIENTED_EDGE ( 'NONE', *, *, #1668, .T. ) ;
#2566 = CIRCLE ( 'NONE', #1464, 0.02249999999999999917 ) ;
#2567 = CARTESIAN_POINT ( 'NONE',  ( 0.3800000000000000044, -0.6345710663691499498, 0.2247768615746260079 ) ) ;
#2568 = AXIS2_PLACEMENT_3D ( 'NONE', #1578, #1991, #532 ) ;
#2569 = ORIENTED_EDGE ( 'NONE', *, *, #12, .F. ) ;
#2570 = CIRCLE ( 'NONE', #807, 0.02249999999999999917 ) ;
#2571 = CARTESIAN_POINT ( 'NONE',  ( -1.060000000000000053, 0.5000000014901160306, 0.04999999955296519777 ) ) ;
#2572 = VERTEX_POINT ( 'NONE', #2621 ) ;
#2573 = VECTOR ( 'NONE', #1349, 100.0000000000000000 ) ;
#2574 = CARTESIAN_POINT ( 'NONE',  ( -0.8900000000000000133, -0.6506801934038897173, 0.2247768615746260079 ) ) ;
#2575 = DIRECTION ( 'NONE',  ( 0.0000000000000000000, 0.0000000000000000000, -1.000000000000000000 ) ) ;
#2576 = LINE ( 'NONE', #1962, #658 ) ;
#2577 = CARTESIAN_POINT ( 'NONE',  ( -0.8449999999999999734, -0.7345710663691500386, -8.673617379884035472E-17 ) ) ;
#2578 = DIRECTION ( 'NONE',  ( 0.0000000000000000000, -1.000000000000000000, 0.0000000000000000000 ) ) ;
#2579 = DIRECTION ( 'NONE',  ( 0.0000000000000000000, 0.0000000000000000000, 1.000000000000000000 ) ) ;
#2580 = ORIENTED_EDGE ( 'NONE', *, *, #876, .T. ) ;
#2581 = PLANE ( 'NONE',  #2250 ) ;
#2582 = EDGE_CURVE ( 'NONE', #797, #1758, #55, .T. ) ;
#2583 = VERTEX_POINT ( 'NONE', #735 ) ;
#2584 = FACE_OUTER_BOUND ( 'NONE', #2029, .T. ) ;
#2585 = ORIENTED_EDGE ( 'NONE', *, *, #2344, .F. ) ;
#2586 = CARTESIAN_POINT ( 'NONE',  ( 1.500000000000000000, -0.1499999873340140122, 0.1500000000000000222 ) ) ;
#2587 = VECTOR ( 'NONE', #394, 100.0000000000000000 ) ;
#2588 = DIRECTION ( 'NONE',  ( 0.0000000000000000000, 0.0000000000000000000, 1.000000000000000000 ) ) ;
#2589 = CARTESIAN_POINT ( 'NONE',  ( -1.060000000000000053, 1.043081265805770025E-08, 0.0000000000000000000 ) ) ;
#2590 = CARTESIAN_POINT ( 'NONE',  ( 0.8900000000000000133, -0.6845710663691499942, 0.07249999999999999500 ) ) ;
#2591 = ORIENTED_EDGE ( 'NONE', *, *, #890, .F. ) ;
#2592 = CARTESIAN_POINT ( 'NONE',  ( -0.8900000000000000133, -0.6620710663691498077, 0.03003048327204933809 ) ) ;
#2593 = CARTESIAN_POINT ( 'NONE',  ( 0.3800000000000000044, -0.6620710663691499187, 0.1972768615746260112 ) ) ;
#2594 = ORIENTED_EDGE ( 'NONE', *, *, #461, .T. ) ;
#2595 = EDGE_CURVE ( 'NONE', #2487, #2345, #1985, .T. ) ;
#2596 = VERTEX_POINT ( 'NONE', #1121 ) ;
#2597 = CARTESIAN_POINT ( 'NONE',  ( 1.060000000000000053, 0.3000000104308100379, 0.0000000000000000000 ) ) ;
#2598 = CARTESIAN_POINT ( 'NONE',  ( -1.060000000000000053, 0.0000000000000000000, 0.04999999955296519083 ) ) ;
#2599 = DIRECTION ( 'NONE',  ( 1.000000000000000000, -0.0000000000000000000, 0.0000000000000000000 ) ) ;
#2600 = DIRECTION ( 'NONE',  ( 0.0000000000000000000, 0.0000000000000000000, -1.000000000000000000 ) ) ;
#2601 = ORIENTED_EDGE ( 'NONE', *, *, #1296, .T. ) ;
#2602 = CARTESIAN_POINT ( 'NONE',  ( -0.8900000000000000133, -0.6345710663691499498, 0.1972768615746260112 ) ) ;
#2603 = ORIENTED_EDGE ( 'NONE', *, *, #443, .F. ) ;
#2604 = COLOUR_RGB ( '',0.8156862745098039102, 0.8156862745098039102, 0.8156862745098039102 ) ;
#2605 = DIRECTION ( 'NONE',  ( 0.0000000000000000000, 0.0000000000000000000, 1.000000000000000000 ) ) ;
#2606 = AXIS2_PLACEMENT_3D ( 'NONE', #484, #1703, #2133 ) ;
#2607 = VERTEX_POINT ( 'NONE', #898 ) ;
#2608 = CIRCLE ( 'NONE', #235, 0.02249999999999999223 ) ;
#2609 = FACE_OUTER_BOUND ( 'NONE', #737, .T. ) ;
#2610 = EDGE_CURVE ( 'NONE', #133, #2053, #2415, .T. ) ;
#2611 = EDGE_CURVE ( 'NONE', #1342, #1755, #1998, .T. ) ;
#2612 = DIRECTION ( 'NONE',  ( 0.0000000000000000000, 0.0000000000000000000, -1.000000000000000000 ) ) ;
#2613 = COLOUR_RGB ( '',0.8156862745098039102, 0.8156862745098039102, 0.8156862745098039102 ) ;
#2614 = CARTESIAN_POINT ( 'NONE',  ( 1.060000000000000053, 0.5000000014901160306, 0.04999999955296519777 ) ) ;
#2615 = ORIENTED_EDGE ( 'NONE', *, *, #2703, .F. ) ;
#2616 = ADVANCED_FACE ( 'NONE', ( #511 ), #28, .T. ) ;
#2617 = ORIENTED_EDGE ( 'NONE', *, *, #1379, .T. ) ;
#2618 = DIRECTION ( 'NONE',  ( 1.000000000000000000, -2.523234146875359942E-16, 0.0000000000000000000 ) ) ;
#2619 = EDGE_LOOP ( 'NONE', ( #378, #1598, #1077, #1774 ) ) ;
#2620 = CARTESIAN_POINT ( 'NONE',  ( -0.8449999999999999734, -0.6345710663691499498, 0.2247768615746259802 ) ) ;
#2621 = CARTESIAN_POINT ( 'NONE',  ( -0.1524999999999990252, -0.6845710663691499942, 0.07249999999999999500 ) ) ;
#2622 = CARTESIAN_POINT ( 'NONE',  ( -0.8900000000000000133, -0.6845710663691499942, 0.1972768615746260112 ) ) ;
#2623 = ORIENTED_EDGE ( 'NONE', *, *, #1955, .T. ) ;
#2624 = DIRECTION ( 'NONE',  ( 0.0000000000000000000, -1.000000000000000000, 0.0000000000000000000 ) ) ;
#2625 = CARTESIAN_POINT ( 'NONE',  ( 0.4250000000000000444, -0.6345710663691499498, 0.2697768615746259924 ) ) ;
#2626 = ADVANCED_FACE ( 'NONE', ( #2584 ), #67, .T. ) ;
#2627 = EDGE_CURVE ( 'NONE', #341, #2676, #979, .T. ) ;
#2628 = CYLINDRICAL_SURFACE ( 'NONE', #2209, 0.02249999999999995060 ) ;
#2629 = MECHANICAL_DESIGN_GEOMETRIC_PRESENTATION_REPRESENTATION (  '', ( #340 ), #2186 ) ;
#2630 = ORIENTED_EDGE ( 'NONE', *, *, #2647, .T. ) ;
#2631 = DIRECTION ( 'NONE',  ( 0.0000000000000000000, 0.0000000000000000000, 1.000000000000000000 ) ) ;
#2632 = AXIS2_PLACEMENT_3D ( 'NONE', #1590, #2280, #999 ) ;
#2633 = VECTOR ( 'NONE', #323, 100.0000000000000000 ) ;
#2634 = VERTEX_POINT ( 'NONE', #801 ) ;
#2635 = FACE_OUTER_BOUND ( 'NONE', #1987, .T. ) ;
#2636 = DIRECTION ( 'NONE',  ( -0.0000000000000000000, 1.000000000000000000, 0.0000000000000000000 ) ) ;
#2637 = CARTESIAN_POINT ( 'NONE',  ( -1.060000000000000053, -0.4500000026077030091, 0.1499999973177910118 ) ) ;
#2638 = ORIENTED_EDGE ( 'NONE', *, *, #1685, .F. ) ;
#2639 = CARTESIAN_POINT ( 'NONE',  ( 0.8900000000000000133, -0.6845710663691499942, 0.07249999999999999500 ) ) ;
#2640 = CYLINDRICAL_SURFACE ( 'NONE', #586, 0.02249999999999999223 ) ;
#2641 = CARTESIAN_POINT ( 'NONE',  ( -1.060000000000000053, -0.4750000014901160084, 0.5150000006705519606 ) ) ;
#2642 = CARTESIAN_POINT ( 'NONE',  ( 0.8900000000000000133, -0.6845710663691499942, 0.1972768615746260112 ) ) ;
#2643 = ADVANCED_FACE ( 'NONE', ( #604 ), #2245, .T. ) ;
#2644 = ORIENTED_EDGE ( 'NONE', *, *, #81, .F. ) ;
#2645 = ORIENTED_EDGE ( 'NONE', *, *, #1063, .F. ) ;
#2646 = CARTESIAN_POINT ( 'NONE',  ( 1.500000000000000000, 0.1500000171363340129, 0.0000000000000000000 ) ) ;
#2647 = EDGE_CURVE ( 'NONE', #449, #566, #1167, .T. ) ;
#2648 = ORIENTED_EDGE ( 'NONE', *, *, #189, .F. ) ;
#2649 = CARTESIAN_POINT ( 'NONE',  ( -0.8449999999999999734, -0.7070710663691499587, 0.1972768615746260112 ) ) ;
#2650 = LINE ( 'NONE', #2012, #2527 ) ;
#2651 = DIRECTION ( 'NONE',  ( 0.0000000000000000000, -0.0000000000000000000, -1.000000000000000000 ) ) ;
#2652 = CIRCLE ( 'NONE', #140, 0.02249999999999999223 ) ;
#2653 = ORIENTED_EDGE ( 'NONE', *, *, #1776, .T. ) ;
#2654 = CIRCLE ( 'NONE', #1240, 0.02249999999999995060 ) ;
#2655 = DIRECTION ( 'NONE',  ( -0.7071067811865470176, 0.0000000000000000000, 0.7071067811865480168 ) ) ;
#2656 = CARTESIAN_POINT ( 'NONE',  ( 1.010000000000000009, -0.4500000014901158751, 0.5400000006705519828 ) ) ;
#2657 = CIRCLE ( 'NONE', #2523, 0.02250000000000003733 ) ;
#2658 = LINE ( 'NONE', #1763, #2633 ) ;
#2659 = CARTESIAN_POINT ( 'NONE',  ( -1.060000000000000053, -0.4500000025709102180, 0.04999999955296519083 ) ) ;
#2660 = AXIS2_PLACEMENT_3D ( 'NONE', #2065, #2701, #1425 ) ;
#2661 = DIRECTION ( 'NONE',  ( 0.0000000000000000000, 6.123233995736766036E-17, -1.000000000000000000 ) ) ;
#2662 = VERTEX_POINT ( 'NONE', #1060 ) ;
#2663 = MECHANICAL_DESIGN_GEOMETRIC_PRESENTATION_REPRESENTATION (  '', ( #57 ), #2483 ) ;
#2664 = DIRECTION ( 'NONE',  ( -2.523234146875359942E-16, -1.000000000000000000, 0.0000000000000000000 ) ) ;
#2665 = ORIENTED_EDGE ( 'NONE', *, *, #809, .T. ) ;
#2666 = EDGE_CURVE ( 'NONE', #2069, #2572, #1512, .T. ) ;
#2667 = CARTESIAN_POINT ( 'NONE',  ( -0.8449999999999999734, -0.6506801934038898283, 0.2247768615746260357 ) ) ;
#2668 = CARTESIAN_POINT ( 'NONE',  ( -0.1299999999999990052, -0.6620710663691499187, 0.07249999999999999500 ) ) ;
#2669 = DIRECTION ( 'NONE',  ( 0.0000000000000000000, -1.000000000000000000, 0.0000000000000000000 ) ) ;
#2670 = ORIENTED_EDGE ( 'NONE', *, *, #1869, .F. ) ;
#2671 = FACE_OUTER_BOUND ( 'NONE', #478, .T. ) ;
#2672 = CARTESIAN_POINT ( 'NONE',  ( 0.3800000000000000044, -0.6845710663691499942, 0.1972768615746260112 ) ) ;
#2673 = CARTESIAN_POINT ( 'NONE',  ( 0.4249999999999999889, -0.6620710663691499187, 0.2133859886093658897 ) ) ;
#2674 = CARTESIAN_POINT ( 'NONE',  ( -1.060000000000000053, -0.5000000014901160306, 0.4900000006705519384 ) ) ;
#2675 = DIRECTION ( 'NONE',  ( -0.0000000000000000000, -0.0000000000000000000, -1.000000000000000000 ) ) ;
#2676 = VERTEX_POINT ( 'NONE', #5 ) ;
#2677 = AXIS2_PLACEMENT_3D ( 'NONE', #1634, #1986, #1999 ) ;
#2678 = ORIENTED_EDGE ( 'NONE', *, *, #389, .T. ) ;
#2679 = ORIENTED_EDGE ( 'NONE', *, *, #2171, .F. ) ;
#2680 = AXIS2_PLACEMENT_3D ( 'NONE', #1892, #453, #1486 ) ;
#2681 = LINE ( 'NONE', #2711, #1110 ) ;
#2682 = PLANE ( 'NONE',  #2725 ) ;
#2683 = EDGE_CURVE ( 'NONE', #1931, #2315, #2650, .T. ) ;
#2684 = ORIENTED_EDGE ( 'NONE', *, *, #1082, .T. ) ;
#2685 = CARTESIAN_POINT ( 'NONE',  ( -1.500000000000000000, -0.1499999962747090021, 0.0000000000000000000 ) ) ;
#2686 = UNCERTAINTY_MEASURE_WITH_UNIT (LENGTH_MEASURE( 1.000000000000000082E-05 ), #2135, 'distance_accuracy_value', 'NONE');
#2687 = CARTESIAN_POINT ( 'NONE',  ( -1.060000000000000053, 0.0000000000000000000, 0.2850000003352760047 ) ) ;
#2688 = CARTESIAN_POINT ( 'NONE',  ( -0.1299999999999990052, -0.6345710663691499498, 0.2697768615746259924 ) ) ;
#2689 = CARTESIAN_POINT ( 'NONE',  ( 0.3800000000000000044, -0.7345710663691499276, -8.673617379884035472E-17 ) ) ;
#2690 = PLANE ( 'NONE',  #75 ) ;
#2691 = ORIENTED_EDGE ( 'NONE', *, *, #2018, .T. ) ;
#2692 = CARTESIAN_POINT ( 'NONE',  ( -0.9350000000000001643, -0.6345710663691499498, 0.2247768615746259802 ) ) ;
#2693 = EDGE_LOOP ( 'NONE', ( #2235, #1398, #1796, #841 ) ) ;
#2694 = DIRECTION ( 'NONE',  ( -1.000000000000000000, 0.0000000000000000000, 0.0000000000000000000 ) ) ;
#2695 = CARTESIAN_POINT ( 'NONE',  ( -1.060000000000000053, -0.3699999895691870044, 0.0000000000000000000 ) ) ;
#2696 = CARTESIAN_POINT ( 'NONE',  ( -0.1299999999999990052, -0.7345710663691499276, -8.673617379884035472E-17 ) ) ;
#2697 = ORIENTED_EDGE ( 'NONE', *, *, #1173, .T. ) ;
#2698 = DIRECTION ( 'NONE',  ( 0.0000000000000000000, 1.000000000000000000, -0.0000000000000000000 ) ) ;
#2699 = CARTESIAN_POINT ( 'NONE',  ( 0.8900000000000000133, -0.7345710663691500386, 0.04499999999999999833 ) ) ;
#2700 = VECTOR ( 'NONE', #1153, 100.0000000000000000 ) ;
#2701 = DIRECTION ( 'NONE',  ( 0.0000000000000000000, 6.123233995736766036E-17, -1.000000000000000000 ) ) ;
#2702 = EDGE_CURVE ( 'NONE', #2052, #458, #1434, .T. ) ;
#2703 = EDGE_CURVE ( 'NONE', #886, #1960, #2232, .T. ) ;
#2704 = CARTESIAN_POINT ( 'NONE',  ( 1.060000000000000053, 0.4499999772757289906, 0.2850000003352760047 ) ) ;
#2705 = AXIS2_PLACEMENT_3D ( 'NONE', #961, #1798, #754 ) ;
#2706 = VERTEX_POINT ( 'NONE', #1229 ) ;
#2707 = DIRECTION ( 'NONE',  ( 1.000000000000000000, 0.0000000000000000000, -0.0000000000000000000 ) ) ;
#2708 = CIRCLE ( 'NONE', #641, 0.02249999999999999223 ) ;
#2709 = VECTOR ( 'NONE', #700, 100.0000000000000000 ) ;
#2710 = VERTEX_POINT ( 'NONE', #2668 ) ;
#2711 = CARTESIAN_POINT ( 'NONE',  ( -1.060000000000000053, -0.4500000014901159862, 0.5400000006705519828 ) ) ;
#2712 = MECHANICAL_DESIGN_GEOMETRIC_PRESENTATION_REPRESENTATION (  '', ( #1556 ), #2394 ) ;
#2713 = CARTESIAN_POINT ( 'NONE',  ( -0.1299999999999990330, -0.7070710663691500697, 0.05639087296526009568 ) ) ;
#2714 = ORIENTED_EDGE ( 'NONE', *, *, #298, .F. ) ;
#2715 = UNCERTAINTY_MEASURE_WITH_UNIT (LENGTH_MEASURE( 1.000000000000000082E-05 ), #1957, 'distance_accuracy_value', 'NONE');
#2716 = CARTESIAN_POINT ( 'NONE',  ( -1.060000000000000053, 0.3700000104308131532, 0.1499999999999999944 ) ) ;
#2717 = CARTESIAN_POINT ( 'NONE',  ( 0.8900000000000000133, -0.6770405830971005789, 0.2697768615746259369 ) ) ;
#2718 = ADVANCED_FACE ( 'NONE', ( #331 ), #1586, .F. ) ;
#2719 = CARTESIAN_POINT ( 'NONE',  ( -1.500000000000000000, -0.2999999895691850549, 0.1499999999999999944 ) ) ;
#2720 = EDGE_CURVE ( 'NONE', #1415, #643, #1953, .T. ) ;
#2721 = ORIENTED_EDGE ( 'NONE', *, *, #1448, .T. ) ;
#2722 = FACE_OUTER_BOUND ( 'NONE', #2082, .T. ) ;
#2723 = CIRCLE ( 'NONE', #2322, 0.02249999999999999917 ) ;
#2724 =( NAMED_UNIT ( * ) SI_UNIT ( $, .STERADIAN. ) SOLID_ANGLE_UNIT ( ) );
#2725 = AXIS2_PLACEMENT_3D ( 'NONE', #2246, #139, #2046 ) ;
#2726 = VERTEX_POINT ( 'NONE', #2045 ) ;
#2727 = CARTESIAN_POINT ( 'NONE',  ( -0.1299999999999990052, -0.7345710663691500386, 0.07249999999999999500 ) ) ;
#2728 = CIRCLE ( 'NONE', #1621, 0.02249999999999999223 ) ;
#2729 = VECTOR ( 'NONE', #1909, 100.0000000000000000 ) ;
#2730 = CARTESIAN_POINT ( 'NONE',  ( 1.060000000000000053, 0.3000000104308102045, 0.0000000000000000000 ) ) ;
#2731 = CARTESIAN_POINT ( 'NONE',  ( 0.4249999999999999889, -0.7070710663691500697, 0.05639087296526010956 ) ) ;
#2732 = CARTESIAN_POINT ( 'NONE',  ( 0.8900000000000000133, -0.7070710663691497366, 0.2397463783025765571 ) ) ;
#2733 = ORIENTED_EDGE ( 'NONE', *, *, #1379, .F. ) ;
#2734 = ORIENTED_EDGE ( 'NONE', *, *, #375, .F. ) ;
#2735 = ORIENTED_EDGE ( 'NONE', *, *, #2533, .F. ) ;
#2736 = FACE_OUTER_BOUND ( 'NONE', #2038, .T. ) ;
#2737 = EDGE_CURVE ( 'NONE', #1008, #646, #2309, .T. ) ;
#2738 = CARTESIAN_POINT ( 'NONE',  ( -0.1299999999999990052, -0.6620710663691499187, 0.07249999999999999500 ) ) ;
#2739 = EDGE_LOOP ( 'NONE', ( #2259, #1466, #376, #2288 ) ) ;
#2740 = CARTESIAN_POINT ( 'NONE',  ( 0.9350000000000001643, -0.7345710663691500386, -8.673617379884035472E-17 ) ) ;
#2741 = DIRECTION ( 'NONE',  ( 0.0000000000000000000, 0.0000000000000000000, 1.000000000000000000 ) ) ;
#2742 = DIRECTION ( 'NONE',  ( 0.0000000000000000000, 1.000000000000000000, -0.0000000000000000000 ) ) ;
ENDSEC;
END-ISO-10303-21;
